Image1_Path,Image1_Name,Image2_Path,Image2_Name,Reconstruction_Type,Winner,Labeler_Name,Notes,Created_At,Brightness_1,Brightness_2,Confidence,canonical_type,pair_id,resolved_img1,resolved_img2,type_idx,confidence_weight
Trajectories/2022-02-04/063_RR220204A_165C_0215-03.bmp,063_RR220204A_165C_0215-03.bmp,Trajectories/2022-04-11/376_RR220411A_620C_1938.bmp,376_RR220411A_620C_1938.bmp,HTR,2,AJ,,2025-12-06 01:21:25,,,,HTR,Trajectories/2022-02-04/063_RR220204A_165C_0215-03.bmp || Trajectories/2022-04-11/376_RR220411A_620C_1938.bmp,/content/rl_quantum_2026summer/data/original data/Trajectories/2022-02-04/063_RR220204A_165C_0215-03.bmp,/content/rl_quantum_2026summer/data/original data/Trajectories/2022-04-11/376_RR220411A_620C_1938.bmp,4,1.0
Trajectories/2022-04-11/443_RR220411A_303C_2007.bmp,443_RR220411A_303C_2007.bmp,Trajectories/2022-04-11/397_RR220411A_528C_1948.bmp,397_RR220411A_528C_1948.bmp,(√13 x √13),tie,AJ,,2025-12-12T00:18:11.173158,,,,(√13 x √13),Trajectories/2022-04-11/397_RR220411A_528C_1948.bmp || Trajectories/2022-04-11/443_RR220411A_303C_2007.bmp,/content/rl_quantum_2026summer/data/original data/Trajectories/2022-04-11/443_RR220411A_303C_2007.bmp,/content/rl_quantum_2026summer/data/original data/Trajectories/2022-04-11/397_RR220411A_528C_1948.bmp,3,1.0
Trajectories/2022-04-11/001_RR220411A_180C_1417-01.bmp,001_RR220411A_180C_1417-01.bmp,Trajectories/2022-04-11/051_RR220411A_370C_1500.bmp,051_RR220411A_370C_1500.bmp,(1 x 1),tie,AJ,,2025-12-12T00:17:07.694727,,,,(1 x 1),Trajectories/2022-04-11/001_RR220411A_180C_1417-01.bmp || Trajectories/2022-04-11/051_RR220411A_370C_1500.bmp,/content/rl_quantum_2026summer/data/original data/Trajectories/2022-04-11/001_RR220411A_180C_1417-01.bmp,/content/rl_quantum_2026summer/data/original data/Trajectories/2022-04-11/051_RR220411A_370C_1500.bmp,0,1.0
Trajectories/2022-02-04/332_RR220204A_941C_2057.bmp,332_RR220204A_941C_2057.bmp,Trajectories/2022-02-04/295_RR220204A_882C_2015.bmp,295_RR220204A_882C_2015.bmp,(√13 x √13),1,HL,,2025-12-15T20:55:33.117354,,,,(√13 x √13),Trajectories/2022-02-04/295_RR220204A_882C_2015.bmp || Trajectories/2022-02-04/332_RR220204A_941C_2057.bmp,/content/rl_quantum_2026summer/data/original data/Trajectories/2022-02-04/332_RR220204A_941C_2057.bmp,/content/rl_quantum_2026summer/data/original data/Trajectories/2022-02-04/295_RR220204A_882C_2015.bmp,3,1.0
Trajectories/2022-02-04/332_RR220204A_941C_2057.bmp,332_RR220204A_941C_2057.bmp,Trajectories/2022-02-04/295_RR220204A_882C_2015.bmp,295_RR220204A_882C_2015.bmp,(1 x 1),not_apply,HL,,2025-12-15T20:55:34.456809,,,,(1 x 1),Trajectories/2022-02-04/295_RR220204A_882C_2015.bmp || Trajectories/2022-02-04/332_RR220204A_941C_2057.bmp,/content/rl_quantum_2026summer/data/original data/Trajectories/2022-02-04/332_RR220204A_941C_2057.bmp,/content/rl_quantum_2026summer/data/original data/Trajectories/2022-02-04/295_RR220204A_882C_2015.bmp,0,1.0
Trajectories/2022-02-04/332_RR220204A_941C_2057.bmp,332_RR220204A_941C_2057.bmp,Trajectories/2022-02-04/295_RR220204A_882C_2015.bmp,295_RR220204A_882C_2015.bmp,Twinned(2 x 1),1,HL,,2025-12-15T20:55:35.719314,,,,Twinned(2 x 1),Trajectories/2022-02-04/295_RR220204A_882C_2015.bmp || Trajectories/2022-02-04/332_RR220204A_941C_2057.bmp,/content/rl_quantum_2026summer/data/original data/Trajectories/2022-02-04/332_RR220204A_941C_2057.bmp,/content/rl_quantum_2026summer/data/original data/Trajectories/2022-02-04/295_RR220204A_882C_2015.bmp,1,1.0
Trajectories/2022-02-04/332_RR220204A_941C_2057.bmp,332_RR220204A_941C_2057.bmp,Trajectories/2022-02-04/295_RR220204A_882C_2015.bmp,295_RR220204A_882C_2015.bmp,c(6 x 2),not_apply,HL,,2025-12-15T20:55:36.996716,,,,c(6 x 2),Trajectories/2022-02-04/295_RR220204A_882C_2015.bmp || Trajectories/2022-02-04/332_RR220204A_941C_2057.bmp,/content/rl_quantum_2026summer/data/original data/Trajectories/2022-02-04/332_RR220204A_941C_2057.bmp,/content/rl_quantum_2026summer/data/original data/Trajectories/2022-02-04/295_RR220204A_882C_2015.bmp,2,1.0
Trajectories/2022-02-04/332_RR220204A_941C_2057.bmp,332_RR220204A_941C_2057.bmp,Trajectories/2022-02-04/295_RR220204A_882C_2015.bmp,295_RR220204A_882C_2015.bmp,HTR,not_apply,HL,,2025-12-15T20:55:38.113637,,,,HTR,Trajectories/2022-02-04/295_RR220204A_882C_2015.bmp || Trajectories/2022-02-04/332_RR220204A_941C_2057.bmp,/content/rl_quantum_2026summer/data/original data/Trajectories/2022-02-04/332_RR220204A_941C_2057.bmp,/content/rl_quantum_2026summer/data/original data/Trajectories/2022-02-04/295_RR220204A_882C_2015.bmp,4,1.0
Trajectories/2022-02-06/055_RR220206A_239C_1742.bmp,055_RR220206A_239C_1742.bmp,Trajectories/2022-04-11/409_RR220411A_474C_1953.bmp,409_RR220411A_474C_1953.bmp,(1 x 1),2,SY,,2025-12-14 08:53:40,,,,(1 x 1),Trajectories/2022-02-06/055_RR220206A_239C_1742.bmp || Trajectories/2022-04-11/409_RR220411A_474C_1953.bmp,/content/rl_quantum_2026summer/data/original data/Trajectories/2022-02-06/055_RR220206A_239C_1742.bmp,/content/rl_quantum_2026summer/data/original data/Trajectories/2022-04-11/409_RR220411A_474C_1953.bmp,0,1.0
Trajectories/2022-02-06/055_RR220206A_239C_1742.bmp,055_RR220206A_239C_1742.bmp,Trajectories/2022-04-11/409_RR220411A_474C_1953.bmp,409_RR220411A_474C_1953.bmp,(√13 x √13),2,SY,,2025-12-14 08:53:40,,,,(√13 x √13),Trajectories/2022-02-06/055_RR220206A_239C_1742.bmp || Trajectories/2022-04-11/409_RR220411A_474C_1953.bmp,/content/rl_quantum_2026summer/data/original data/Trajectories/2022-02-06/055_RR220206A_239C_1742.bmp,/content/rl_quantum_2026summer/data/original data/Trajectories/2022-04-11/409_RR220411A_474C_1953.bmp,3,1.0
Trajectories/2022-02-06/055_RR220206A_239C_1742.bmp,055_RR220206A_239C_1742.bmp,Trajectories/2022-04-11/409_RR220411A_474C_1953.bmp,409_RR220411A_474C_1953.bmp,HTR,not_apply,SY,,2025-12-14 08:53:40,,,,HTR,Trajectories/2022-02-06/055_RR220206A_239C_1742.bmp || Trajectories/2022-04-11/409_RR220411A_474C_1953.bmp,/content/rl_quantum_2026summer/data/original data/Trajectories/2022-02-06/055_RR220206A_239C_1742.bmp,/content/rl_quantum_2026summer/data/original data/Trajectories/2022-04-11/409_RR220411A_474C_1953.bmp,4,1.0
Trajectories/2022-02-06/055_RR220206A_239C_1742.bmp,055_RR220206A_239C_1742.bmp,Trajectories/2022-04-11/409_RR220411A_474C_1953.bmp,409_RR220411A_474C_1953.bmp,c(6 x 2),2,SY,,2025-12-14 08:53:40,,,,c(6 x 2),Trajectories/2022-02-06/055_RR220206A_239C_1742.bmp || Trajectories/2022-04-11/409_RR220411A_474C_1953.bmp,/content/rl_quantum_2026summer/data/original data/Trajectories/2022-02-06/055_RR220206A_239C_1742.bmp,/content/rl_quantum_2026summer/data/original data/Trajectories/2022-04-11/409_RR220411A_474C_1953.bmp,2,1.0
Trajectories/2022-02-06/055_RR220206A_239C_1742.bmp,055_RR220206A_239C_1742.bmp,Trajectories/2022-04-11/409_RR220411A_474C_1953.bmp,409_RR220411A_474C_1953.bmp,Twinned(2 x 1),not_apply,SY,,2025-12-14 08:53:40,,,,Twinned(2 x 1),Trajectories/2022-02-06/055_RR220206A_239C_1742.bmp || Trajectories/2022-04-11/409_RR220411A_474C_1953.bmp,/content/rl_quantum_2026summer/data/original data/Trajectories/2022-02-06/055_RR220206A_239C_1742.bmp,/content/rl_quantum_2026summer/data/original data/Trajectories/2022-04-11/409_RR220411A_474C_1953.bmp,1,1.0
Trajectories/2022-02-04/294_RR220204A_843C_2014.bmp,294_RR220204A_843C_2014.bmp,Trajectories/2022-02-06/140_RR220206A_993C_1941.bmp,140_RR220206A_993C_1941.bmp,(√13 x √13),1,AJ,,2025-12-12T00:11:31.731499,,,,(√13 x √13),Trajectories/2022-02-04/294_RR220204A_843C_2014.bmp || Trajectories/2022-02-06/140_RR220206A_993C_1941.bmp,/content/rl_quantum_2026summer/data/original data/Trajectories/2022-02-04/294_RR220204A_843C_2014.bmp,/content/rl_quantum_2026summer/data/original data/Trajectories/2022-02-06/140_RR220206A_993C_1941.bmp,3,1.0
Trajectories/2022-02-04/294_RR220204A_843C_2014.bmp,294_RR220204A_843C_2014.bmp,Trajectories/2022-02-06/140_RR220206A_993C_1941.bmp,140_RR220206A_993C_1941.bmp,HTR,2,AJ,,2025-12-12T00:11:32.525228,,,,HTR,Trajectories/2022-02-04/294_RR220204A_843C_2014.bmp || Trajectories/2022-02-06/140_RR220206A_993C_1941.bmp,/content/rl_quantum_2026summer/data/original data/Trajectories/2022-02-04/294_RR220204A_843C_2014.bmp,/content/rl_quantum_2026summer/data/original data/Trajectories/2022-02-06/140_RR220206A_993C_1941.bmp,4,1.0
Trajectories/2022-02-06/123_RR220206A_894C_1923.bmp,123_RR220206A_894C_1923.bmp,Trajectories/2022-02-04/117_RR220204A_445C_1740.bmp,117_RR220204A_445C_1740.bmp,c(6 x 2),2,AJ,,2025-12-06 01:24:55,,,,c(6 x 2),Trajectories/2022-02-04/117_RR220204A_445C_1740.bmp || Trajectories/2022-02-06/123_RR220206A_894C_1923.bmp,/content/rl_quantum_2026summer/data/original data/Trajectories/2022-02-06/123_RR220206A_894C_1923.bmp,/content/rl_quantum_2026summer/data/original data/Trajectories/2022-02-04/117_RR220204A_445C_1740.bmp,2,1.0
Trajectories/2022-02-06/123_RR220206A_894C_1923.bmp,123_RR220206A_894C_1923.bmp,Trajectories/2022-02-04/117_RR220204A_445C_1740.bmp,117_RR220204A_445C_1740.bmp,(1 x 1),1,AJ,,2025-12-06 01:24:55,,,,(1 x 1),Trajectories/2022-02-04/117_RR220204A_445C_1740.bmp || Trajectories/2022-02-06/123_RR220206A_894C_1923.bmp,/content/rl_quantum_2026summer/data/original data/Trajectories/2022-02-06/123_RR220206A_894C_1923.bmp,/content/rl_quantum_2026summer/data/original data/Trajectories/2022-02-04/117_RR220204A_445C_1740.bmp,0,1.0
Trajectories/2022-02-06/057_RR220206A_249C_1744.bmp,057_RR220206A_249C_1744.bmp,Trajectories/2022-02-06/154_RR220206A_1092C_2003-02.bmp,154_RR220206A_1092C_2003-02.bmp,(1 x 1),1,AJ,,2025-12-06 01:17:47,,,,(1 x 1),Trajectories/2022-02-06/057_RR220206A_249C_1744.bmp || Trajectories/2022-02-06/154_RR220206A_1092C_2003-02.bmp,/content/rl_quantum_2026summer/data/original data/Trajectories/2022-02-06/057_RR220206A_249C_1744.bmp,/content/rl_quantum_2026summer/data/original data/Trajectories/2022-02-06/154_RR220206A_1092C_2003-02.bmp,0,1.0
Trajectories/2022-02-06/057_RR220206A_249C_1744.bmp,057_RR220206A_249C_1744.bmp,Trajectories/2022-02-06/154_RR220206A_1092C_2003-02.bmp,154_RR220206A_1092C_2003-02.bmp,HTR,2,AJ,,2025-12-06 01:17:47,,,,HTR,Trajectories/2022-02-06/057_RR220206A_249C_1744.bmp || Trajectories/2022-02-06/154_RR220206A_1092C_2003-02.bmp,/content/rl_quantum_2026summer/data/original data/Trajectories/2022-02-06/057_RR220206A_249C_1744.bmp,/content/rl_quantum_2026summer/data/original data/Trajectories/2022-02-06/154_RR220206A_1092C_2003-02.bmp,4,1.0
Trajectories/2022-02-06/048_RR220206A_175C_1736.bmp,048_RR220206A_175C_1736.bmp,Trajectories/2022-04-11/189_RR220411A_822C_1703.bmp,189_RR220411A_822C_1703.bmp,HTR,not_apply,HL,,2026-01-06T21:47:08.538700,324.0,287.0,Confident,HTR,Trajectories/2022-02-06/048_RR220206A_175C_1736.bmp || Trajectories/2022-04-11/189_RR220411A_822C_1703.bmp,/content/rl_quantum_2026summer/data/original data/Trajectories/2022-02-06/048_RR220206A_175C_1736.bmp,/content/rl_quantum_2026summer/data/original data/Trajectories/2022-04-11/189_RR220411A_822C_1703.bmp,4,1.0
Trajectories/2022-02-06/048_RR220206A_175C_1736.bmp,048_RR220206A_175C_1736.bmp,Trajectories/2022-04-11/189_RR220411A_822C_1703.bmp,189_RR220411A_822C_1703.bmp,Twinned(2 x 1),not_apply,HL,,2026-01-06T21:47:09.296451,324.0,287.0,Confident,Twinned(2 x 1),Trajectories/2022-02-06/048_RR220206A_175C_1736.bmp || Trajectories/2022-04-11/189_RR220411A_822C_1703.bmp,/content/rl_quantum_2026summer/data/original data/Trajectories/2022-02-06/048_RR220206A_175C_1736.bmp,/content/rl_quantum_2026summer/data/original data/Trajectories/2022-04-11/189_RR220411A_822C_1703.bmp,1,1.0
Trajectories/2022-02-06/048_RR220206A_175C_1736.bmp,048_RR220206A_175C_1736.bmp,Trajectories/2022-04-11/189_RR220411A_822C_1703.bmp,189_RR220411A_822C_1703.bmp,(1 x 1),tie,HL,,2026-01-06T21:47:10.047898,324.0,287.0,Confident,(1 x 1),Trajectories/2022-02-06/048_RR220206A_175C_1736.bmp || Trajectories/2022-04-11/189_RR220411A_822C_1703.bmp,/content/rl_quantum_2026summer/data/original data/Trajectories/2022-02-06/048_RR220206A_175C_1736.bmp,/content/rl_quantum_2026summer/data/original data/Trajectories/2022-04-11/189_RR220411A_822C_1703.bmp,0,1.0
Trajectories/2022-02-06/048_RR220206A_175C_1736.bmp,048_RR220206A_175C_1736.bmp,Trajectories/2022-04-11/189_RR220411A_822C_1703.bmp,189_RR220411A_822C_1703.bmp,(√13 x √13),not_apply,HL,,2026-01-06T21:47:10.790309,324.0,287.0,Confident,(√13 x √13),Trajectories/2022-02-06/048_RR220206A_175C_1736.bmp || Trajectories/2022-04-11/189_RR220411A_822C_1703.bmp,/content/rl_quantum_2026summer/data/original data/Trajectories/2022-02-06/048_RR220206A_175C_1736.bmp,/content/rl_quantum_2026summer/data/original data/Trajectories/2022-04-11/189_RR220411A_822C_1703.bmp,3,1.0
Trajectories/2022-02-06/048_RR220206A_175C_1736.bmp,048_RR220206A_175C_1736.bmp,Trajectories/2022-04-11/189_RR220411A_822C_1703.bmp,189_RR220411A_822C_1703.bmp,c(6 x 2),not_apply,HL,,2026-01-06T21:47:11.586590,324.0,287.0,Confident,c(6 x 2),Trajectories/2022-02-06/048_RR220206A_175C_1736.bmp || Trajectories/2022-04-11/189_RR220411A_822C_1703.bmp,/content/rl_quantum_2026summer/data/original data/Trajectories/2022-02-06/048_RR220206A_175C_1736.bmp,/content/rl_quantum_2026summer/data/original data/Trajectories/2022-04-11/189_RR220411A_822C_1703.bmp,2,1.0
Trajectories/2022-02-04/263_RR220204A_793C_1934.bmp,263_RR220204A_793C_1934.bmp,Trajectories/2022-04-11/042_RR220411A_331C_1448.bmp,042_RR220411A_331C_1448.bmp,(√13 x √13),1,AJ,,2025-12-12T00:06:42.284440,,,,(√13 x √13),Trajectories/2022-02-04/263_RR220204A_793C_1934.bmp || Trajectories/2022-04-11/042_RR220411A_331C_1448.bmp,/content/rl_quantum_2026summer/data/original data/Trajectories/2022-02-04/263_RR220204A_793C_1934.bmp,/content/rl_quantum_2026summer/data/original data/Trajectories/2022-04-11/042_RR220411A_331C_1448.bmp,3,1.0
Trajectories/2022-02-04/263_RR220204A_793C_1934.bmp,263_RR220204A_793C_1934.bmp,Trajectories/2022-04-11/042_RR220411A_331C_1448.bmp,042_RR220411A_331C_1448.bmp,HTR,2,AJ,,2025-12-12T00:06:43.078863,,,,HTR,Trajectories/2022-02-04/263_RR220204A_793C_1934.bmp || Trajectories/2022-04-11/042_RR220411A_331C_1448.bmp,/content/rl_quantum_2026summer/data/original data/Trajectories/2022-02-04/263_RR220204A_793C_1934.bmp,/content/rl_quantum_2026summer/data/original data/Trajectories/2022-04-11/042_RR220411A_331C_1448.bmp,4,1.0
Trajectories/2022-02-06/216_RR220206A_837C_2124.bmp,216_RR220206A_837C_2124.bmp,Trajectories/2022-04-11/419_RR220411A_415C_1957.bmp,419_RR220411A_415C_1957.bmp,c(6 x 2),2,HL,,2026-01-05T23:06:40.128559,232.0,258.0,Confident,c(6 x 2),Trajectories/2022-02-06/216_RR220206A_837C_2124.bmp || Trajectories/2022-04-11/419_RR220411A_415C_1957.bmp,/content/rl_quantum_2026summer/data/original data/Trajectories/2022-02-06/216_RR220206A_837C_2124.bmp,/content/rl_quantum_2026summer/data/original data/Trajectories/2022-04-11/419_RR220411A_415C_1957.bmp,2,1.0
Trajectories/2022-02-06/216_RR220206A_837C_2124.bmp,216_RR220206A_837C_2124.bmp,Trajectories/2022-04-11/419_RR220411A_415C_1957.bmp,419_RR220411A_415C_1957.bmp,(1 x 1),2,HL,,2026-01-05T23:06:41.324664,232.0,258.0,Confident,(1 x 1),Trajectories/2022-02-06/216_RR220206A_837C_2124.bmp || Trajectories/2022-04-11/419_RR220411A_415C_1957.bmp,/content/rl_quantum_2026summer/data/original data/Trajectories/2022-02-06/216_RR220206A_837C_2124.bmp,/content/rl_quantum_2026summer/data/original data/Trajectories/2022-04-11/419_RR220411A_415C_1957.bmp,0,1.0
Trajectories/2022-02-06/216_RR220206A_837C_2124.bmp,216_RR220206A_837C_2124.bmp,Trajectories/2022-04-11/419_RR220411A_415C_1957.bmp,419_RR220411A_415C_1957.bmp,(√13 x √13),2,HL,,2026-01-05T23:06:42.489912,232.0,258.0,Confident,(√13 x √13),Trajectories/2022-02-06/216_RR220206A_837C_2124.bmp || Trajectories/2022-04-11/419_RR220411A_415C_1957.bmp,/content/rl_quantum_2026summer/data/original data/Trajectories/2022-02-06/216_RR220206A_837C_2124.bmp,/content/rl_quantum_2026summer/data/original data/Trajectories/2022-04-11/419_RR220411A_415C_1957.bmp,3,1.0
Trajectories/2022-02-06/216_RR220206A_837C_2124.bmp,216_RR220206A_837C_2124.bmp,Trajectories/2022-04-11/419_RR220411A_415C_1957.bmp,419_RR220411A_415C_1957.bmp,HTR,1,HL,,2026-01-05T23:06:43.545947,232.0,258.0,Confident,HTR,Trajectories/2022-02-06/216_RR220206A_837C_2124.bmp || Trajectories/2022-04-11/419_RR220411A_415C_1957.bmp,/content/rl_quantum_2026summer/data/original data/Trajectories/2022-02-06/216_RR220206A_837C_2124.bmp,/content/rl_quantum_2026summer/data/original data/Trajectories/2022-04-11/419_RR220411A_415C_1957.bmp,4,1.0
Trajectories/2022-02-06/216_RR220206A_837C_2124.bmp,216_RR220206A_837C_2124.bmp,Trajectories/2022-04-11/419_RR220411A_415C_1957.bmp,419_RR220411A_415C_1957.bmp,Twinned(2 x 1),not_apply,HL,,2026-01-05T23:06:44.506155,232.0,258.0,Confident,Twinned(2 x 1),Trajectories/2022-02-06/216_RR220206A_837C_2124.bmp || Trajectories/2022-04-11/419_RR220411A_415C_1957.bmp,/content/rl_quantum_2026summer/data/original data/Trajectories/2022-02-06/216_RR220206A_837C_2124.bmp,/content/rl_quantum_2026summer/data/original data/Trajectories/2022-04-11/419_RR220411A_415C_1957.bmp,1,1.0
Trajectories/2022-02-04/320_RR220204A_915C_2039.bmp,320_RR220204A_915C_2039.bmp,Trajectories/2022-02-06/282_RR220206A_184C_2256.bmp,282_RR220206A_184C_2256.bmp,(√13 x √13),1,AJ,,2025-12-12T00:09:41.214684,,,,(√13 x √13),Trajectories/2022-02-04/320_RR220204A_915C_2039.bmp || Trajectories/2022-02-06/282_RR220206A_184C_2256.bmp,/content/rl_quantum_2026summer/data/original data/Trajectories/2022-02-04/320_RR220204A_915C_2039.bmp,/content/rl_quantum_2026summer/data/original data/Trajectories/2022-02-06/282_RR220206A_184C_2256.bmp,3,1.0
Trajectories/2022-02-04/320_RR220204A_915C_2039.bmp,320_RR220204A_915C_2039.bmp,Trajectories/2022-02-06/282_RR220206A_184C_2256.bmp,282_RR220206A_184C_2256.bmp,HTR,2,AJ,,2025-12-12T00:09:41.963238,,,,HTR,Trajectories/2022-02-04/320_RR220204A_915C_2039.bmp || Trajectories/2022-02-06/282_RR220206A_184C_2256.bmp,/content/rl_quantum_2026summer/data/original data/Trajectories/2022-02-04/320_RR220204A_915C_2039.bmp,/content/rl_quantum_2026summer/data/original data/Trajectories/2022-02-06/282_RR220206A_184C_2256.bmp,4,1.0
Trajectories/2022-04-11/081_RR220411A_453C_1523.bmp,081_RR220411A_453C_1523.bmp,Trajectories/2022-02-04/314_RR220204A_937C_2030.bmp,314_RR220204A_937C_2030.bmp,(1 x 1),2,HL,,2026-01-02T22:20:07.278909,320.0,400.0,Confident,(1 x 1),Trajectories/2022-02-04/314_RR220204A_937C_2030.bmp || Trajectories/2022-04-11/081_RR220411A_453C_1523.bmp,/content/rl_quantum_2026summer/data/original data/Trajectories/2022-04-11/081_RR220411A_453C_1523.bmp,/content/rl_quantum_2026summer/data/original data/Trajectories/2022-02-04/314_RR220204A_937C_2030.bmp,0,1.0
Trajectories/2022-04-11/081_RR220411A_453C_1523.bmp,081_RR220411A_453C_1523.bmp,Trajectories/2022-02-04/314_RR220204A_937C_2030.bmp,314_RR220204A_937C_2030.bmp,Twinned(2 x 1),2,HL,,2026-01-02T22:20:08.533379,320.0,400.0,Confident,Twinned(2 x 1),Trajectories/2022-02-04/314_RR220204A_937C_2030.bmp || Trajectories/2022-04-11/081_RR220411A_453C_1523.bmp,/content/rl_quantum_2026summer/data/original data/Trajectories/2022-04-11/081_RR220411A_453C_1523.bmp,/content/rl_quantum_2026summer/data/original data/Trajectories/2022-02-04/314_RR220204A_937C_2030.bmp,1,1.0
Trajectories/2022-04-11/081_RR220411A_453C_1523.bmp,081_RR220411A_453C_1523.bmp,Trajectories/2022-02-04/314_RR220204A_937C_2030.bmp,314_RR220204A_937C_2030.bmp,(√13 x √13),2,HL,,2026-01-02T22:20:09.737265,320.0,400.0,Confident,(√13 x √13),Trajectories/2022-02-04/314_RR220204A_937C_2030.bmp || Trajectories/2022-04-11/081_RR220411A_453C_1523.bmp,/content/rl_quantum_2026summer/data/original data/Trajectories/2022-04-11/081_RR220411A_453C_1523.bmp,/content/rl_quantum_2026summer/data/original data/Trajectories/2022-02-04/314_RR220204A_937C_2030.bmp,3,1.0
Trajectories/2022-04-11/081_RR220411A_453C_1523.bmp,081_RR220411A_453C_1523.bmp,Trajectories/2022-02-04/314_RR220204A_937C_2030.bmp,314_RR220204A_937C_2030.bmp,HTR,not_apply,HL,,2026-01-02T22:20:10.841465,320.0,400.0,Confident,HTR,Trajectories/2022-02-04/314_RR220204A_937C_2030.bmp || Trajectories/2022-04-11/081_RR220411A_453C_1523.bmp,/content/rl_quantum_2026summer/data/original data/Trajectories/2022-04-11/081_RR220411A_453C_1523.bmp,/content/rl_quantum_2026summer/data/original data/Trajectories/2022-02-04/314_RR220204A_937C_2030.bmp,4,1.0
Trajectories/2022-04-11/081_RR220411A_453C_1523.bmp,081_RR220411A_453C_1523.bmp,Trajectories/2022-02-04/314_RR220204A_937C_2030.bmp,314_RR220204A_937C_2030.bmp,c(6 x 2),not_apply,HL,,2026-01-02T22:20:11.937876,320.0,400.0,Confident,c(6 x 2),Trajectories/2022-02-04/314_RR220204A_937C_2030.bmp || Trajectories/2022-04-11/081_RR220411A_453C_1523.bmp,/content/rl_quantum_2026summer/data/original data/Trajectories/2022-04-11/081_RR220411A_453C_1523.bmp,/content/rl_quantum_2026summer/data/original data/Trajectories/2022-02-04/314_RR220204A_937C_2030.bmp,2,1.0
Trajectories/2022-04-11/183_RR220411A_794C_1655.bmp,183_RR220411A_794C_1655.bmp,Trajectories/2022-02-04/048_RR220204A_245C_0201.bmp,048_RR220204A_245C_0201.bmp,(√13 x √13),2,SY,,2025-12-10T16:56:27.896724,,,,(√13 x √13),Trajectories/2022-02-04/048_RR220204A_245C_0201.bmp || Trajectories/2022-04-11/183_RR220411A_794C_1655.bmp,/content/rl_quantum_2026summer/data/original data/Trajectories/2022-04-11/183_RR220411A_794C_1655.bmp,/content/rl_quantum_2026summer/data/original data/Trajectories/2022-02-04/048_RR220204A_245C_0201.bmp,3,1.0
Trajectories/2022-04-11/183_RR220411A_794C_1655.bmp,183_RR220411A_794C_1655.bmp,Trajectories/2022-02-04/048_RR220204A_245C_0201.bmp,048_RR220204A_245C_0201.bmp,c(6 x 2),not_apply,SY,,2025-12-10T16:56:28.616269,,,,c(6 x 2),Trajectories/2022-02-04/048_RR220204A_245C_0201.bmp || Trajectories/2022-04-11/183_RR220411A_794C_1655.bmp,/content/rl_quantum_2026summer/data/original data/Trajectories/2022-04-11/183_RR220411A_794C_1655.bmp,/content/rl_quantum_2026summer/data/original data/Trajectories/2022-02-04/048_RR220204A_245C_0201.bmp,2,1.0
Trajectories/2022-04-11/183_RR220411A_794C_1655.bmp,183_RR220411A_794C_1655.bmp,Trajectories/2022-02-04/048_RR220204A_245C_0201.bmp,048_RR220204A_245C_0201.bmp,(1 x 1),2,SY,,2025-12-10T16:56:29.359621,,,,(1 x 1),Trajectories/2022-02-04/048_RR220204A_245C_0201.bmp || Trajectories/2022-04-11/183_RR220411A_794C_1655.bmp,/content/rl_quantum_2026summer/data/original data/Trajectories/2022-04-11/183_RR220411A_794C_1655.bmp,/content/rl_quantum_2026summer/data/original data/Trajectories/2022-02-04/048_RR220204A_245C_0201.bmp,0,1.0
Trajectories/2022-04-11/183_RR220411A_794C_1655.bmp,183_RR220411A_794C_1655.bmp,Trajectories/2022-02-04/048_RR220204A_245C_0201.bmp,048_RR220204A_245C_0201.bmp,HTR,not_apply,SY,,2025-12-10T16:56:30.137612,,,,HTR,Trajectories/2022-02-04/048_RR220204A_245C_0201.bmp || Trajectories/2022-04-11/183_RR220411A_794C_1655.bmp,/content/rl_quantum_2026summer/data/original data/Trajectories/2022-04-11/183_RR220411A_794C_1655.bmp,/content/rl_quantum_2026summer/data/original data/Trajectories/2022-02-04/048_RR220204A_245C_0201.bmp,4,1.0
Trajectories/2022-04-11/183_RR220411A_794C_1655.bmp,183_RR220411A_794C_1655.bmp,Trajectories/2022-02-04/048_RR220204A_245C_0201.bmp,048_RR220204A_245C_0201.bmp,Twinned(2 x 1),2,SY,,2025-12-10T16:56:31.277603,,,,Twinned(2 x 1),Trajectories/2022-02-04/048_RR220204A_245C_0201.bmp || Trajectories/2022-04-11/183_RR220411A_794C_1655.bmp,/content/rl_quantum_2026summer/data/original data/Trajectories/2022-04-11/183_RR220411A_794C_1655.bmp,/content/rl_quantum_2026summer/data/original data/Trajectories/2022-02-04/048_RR220204A_245C_0201.bmp,1,1.0
Trajectories/2022-04-11/088_RR220411A_459C_1527.bmp,088_RR220411A_459C_1527.bmp,Trajectories/2022-02-04/020_RR220204A_981C_0126-02.bmp,020_RR220204A_981C_0126-02.bmp,c(6 x 2),2,AJ,,2025-12-18T18:34:54.736419,236.0,194.0,Confident,c(6 x 2),Trajectories/2022-02-04/020_RR220204A_981C_0126-02.bmp || Trajectories/2022-04-11/088_RR220411A_459C_1527.bmp,/content/rl_quantum_2026summer/data/original data/Trajectories/2022-04-11/088_RR220411A_459C_1527.bmp,/content/rl_quantum_2026summer/data/original data/Trajectories/2022-02-04/020_RR220204A_981C_0126-02.bmp,2,1.0
Trajectories/2022-04-11/088_RR220411A_459C_1527.bmp,088_RR220411A_459C_1527.bmp,Trajectories/2022-02-04/020_RR220204A_981C_0126-02.bmp,020_RR220204A_981C_0126-02.bmp,(1 x 1),1,AJ,,2025-12-18T18:34:56.043633,236.0,194.0,Confident,(1 x 1),Trajectories/2022-02-04/020_RR220204A_981C_0126-02.bmp || Trajectories/2022-04-11/088_RR220411A_459C_1527.bmp,/content/rl_quantum_2026summer/data/original data/Trajectories/2022-04-11/088_RR220411A_459C_1527.bmp,/content/rl_quantum_2026summer/data/original data/Trajectories/2022-02-04/020_RR220204A_981C_0126-02.bmp,0,1.0
Trajectories/2022-04-11/088_RR220411A_459C_1527.bmp,088_RR220411A_459C_1527.bmp,Trajectories/2022-02-04/020_RR220204A_981C_0126-02.bmp,020_RR220204A_981C_0126-02.bmp,(√13 x √13),2,AJ,,2025-12-18T18:34:56.759881,236.0,194.0,Confident,(√13 x √13),Trajectories/2022-02-04/020_RR220204A_981C_0126-02.bmp || Trajectories/2022-04-11/088_RR220411A_459C_1527.bmp,/content/rl_quantum_2026summer/data/original data/Trajectories/2022-04-11/088_RR220411A_459C_1527.bmp,/content/rl_quantum_2026summer/data/original data/Trajectories/2022-02-04/020_RR220204A_981C_0126-02.bmp,3,1.0
Trajectories/2022-04-11/088_RR220411A_459C_1527.bmp,088_RR220411A_459C_1527.bmp,Trajectories/2022-02-04/020_RR220204A_981C_0126-02.bmp,020_RR220204A_981C_0126-02.bmp,HTR,not_apply,AJ,,2025-12-18T18:34:57.502156,236.0,194.0,Confident,HTR,Trajectories/2022-02-04/020_RR220204A_981C_0126-02.bmp || Trajectories/2022-04-11/088_RR220411A_459C_1527.bmp,/content/rl_quantum_2026summer/data/original data/Trajectories/2022-04-11/088_RR220411A_459C_1527.bmp,/content/rl_quantum_2026summer/data/original data/Trajectories/2022-02-04/020_RR220204A_981C_0126-02.bmp,4,1.0
Trajectories/2022-04-11/088_RR220411A_459C_1527.bmp,088_RR220411A_459C_1527.bmp,Trajectories/2022-02-04/020_RR220204A_981C_0126-02.bmp,020_RR220204A_981C_0126-02.bmp,Twinned(2 x 1),not_apply,AJ,,2025-12-18T18:34:58.250370,236.0,194.0,Confident,Twinned(2 x 1),Trajectories/2022-02-04/020_RR220204A_981C_0126-02.bmp || Trajectories/2022-04-11/088_RR220411A_459C_1527.bmp,/content/rl_quantum_2026summer/data/original data/Trajectories/2022-04-11/088_RR220411A_459C_1527.bmp,/content/rl_quantum_2026summer/data/original data/Trajectories/2022-02-04/020_RR220204A_981C_0126-02.bmp,1,1.0
Trajectories/2022-02-04/356_RR220204A_949C_2144.bmp,356_RR220204A_949C_2144.bmp,Trajectories/2022-02-04/266_RR220204A_783C_1938.bmp,266_RR220204A_783C_1938.bmp,Twinned(2 x 1),tie,HL,,2026-01-05T23:06:20.933551,305.0,322.0,Confident,Twinned(2 x 1),Trajectories/2022-02-04/266_RR220204A_783C_1938.bmp || Trajectories/2022-02-04/356_RR220204A_949C_2144.bmp,/content/rl_quantum_2026summer/data/original data/Trajectories/2022-02-04/356_RR220204A_949C_2144.bmp,/content/rl_quantum_2026summer/data/original data/Trajectories/2022-02-04/266_RR220204A_783C_1938.bmp,1,1.0
Trajectories/2022-02-04/356_RR220204A_949C_2144.bmp,356_RR220204A_949C_2144.bmp,Trajectories/2022-02-04/266_RR220204A_783C_1938.bmp,266_RR220204A_783C_1938.bmp,(√13 x √13),tie,HL,,2026-01-05T23:06:22.247845,305.0,322.0,Confident,(√13 x √13),Trajectories/2022-02-04/266_RR220204A_783C_1938.bmp || Trajectories/2022-02-04/356_RR220204A_949C_2144.bmp,/content/rl_quantum_2026summer/data/original data/Trajectories/2022-02-04/356_RR220204A_949C_2144.bmp,/content/rl_quantum_2026summer/data/original data/Trajectories/2022-02-04/266_RR220204A_783C_1938.bmp,3,1.0
Trajectories/2022-02-04/356_RR220204A_949C_2144.bmp,356_RR220204A_949C_2144.bmp,Trajectories/2022-02-04/266_RR220204A_783C_1938.bmp,266_RR220204A_783C_1938.bmp,(1 x 1),tie,HL,,2026-01-05T23:06:23.437401,305.0,322.0,Confident,(1 x 1),Trajectories/2022-02-04/266_RR220204A_783C_1938.bmp || Trajectories/2022-02-04/356_RR220204A_949C_2144.bmp,/content/rl_quantum_2026summer/data/original data/Trajectories/2022-02-04/356_RR220204A_949C_2144.bmp,/content/rl_quantum_2026summer/data/original data/Trajectories/2022-02-04/266_RR220204A_783C_1938.bmp,0,1.0
Trajectories/2022-02-04/356_RR220204A_949C_2144.bmp,356_RR220204A_949C_2144.bmp,Trajectories/2022-02-04/266_RR220204A_783C_1938.bmp,266_RR220204A_783C_1938.bmp,c(6 x 2),not_apply,HL,,2026-01-05T23:06:24.468567,305.0,322.0,Confident,c(6 x 2),Trajectories/2022-02-04/266_RR220204A_783C_1938.bmp || Trajectories/2022-02-04/356_RR220204A_949C_2144.bmp,/content/rl_quantum_2026summer/data/original data/Trajectories/2022-02-04/356_RR220204A_949C_2144.bmp,/content/rl_quantum_2026summer/data/original data/Trajectories/2022-02-04/266_RR220204A_783C_1938.bmp,2,1.0
Trajectories/2022-02-04/356_RR220204A_949C_2144.bmp,356_RR220204A_949C_2144.bmp,Trajectories/2022-02-04/266_RR220204A_783C_1938.bmp,266_RR220204A_783C_1938.bmp,HTR,not_apply,HL,,2026-01-05T23:06:25.576622,305.0,322.0,Confident,HTR,Trajectories/2022-02-04/266_RR220204A_783C_1938.bmp || Trajectories/2022-02-04/356_RR220204A_949C_2144.bmp,/content/rl_quantum_2026summer/data/original data/Trajectories/2022-02-04/356_RR220204A_949C_2144.bmp,/content/rl_quantum_2026summer/data/original data/Trajectories/2022-02-04/266_RR220204A_783C_1938.bmp,4,1.0
Trajectories/2022-02-06/186_RR220206A_985C_2050.bmp,186_RR220206A_985C_2050.bmp,Trajectories/2022-02-06/251_RR220206A_619C_2214.bmp,251_RR220206A_619C_2214.bmp,Twinned(2 x 1),not_apply,HL,,2025-12-15T21:28:04.503051,,,,Twinned(2 x 1),Trajectories/2022-02-06/186_RR220206A_985C_2050.bmp || Trajectories/2022-02-06/251_RR220206A_619C_2214.bmp,/content/rl_quantum_2026summer/data/original data/Trajectories/2022-02-06/186_RR220206A_985C_2050.bmp,/content/rl_quantum_2026summer/data/original data/Trajectories/2022-02-06/251_RR220206A_619C_2214.bmp,1,1.0
Trajectories/2022-02-06/186_RR220206A_985C_2050.bmp,186_RR220206A_985C_2050.bmp,Trajectories/2022-02-06/251_RR220206A_619C_2214.bmp,251_RR220206A_619C_2214.bmp,(√13 x √13),not_apply,HL,,2025-12-15T21:28:05.272418,,,,(√13 x √13),Trajectories/2022-02-06/186_RR220206A_985C_2050.bmp || Trajectories/2022-02-06/251_RR220206A_619C_2214.bmp,/content/rl_quantum_2026summer/data/original data/Trajectories/2022-02-06/186_RR220206A_985C_2050.bmp,/content/rl_quantum_2026summer/data/original data/Trajectories/2022-02-06/251_RR220206A_619C_2214.bmp,3,1.0
Trajectories/2022-02-06/186_RR220206A_985C_2050.bmp,186_RR220206A_985C_2050.bmp,Trajectories/2022-02-06/251_RR220206A_619C_2214.bmp,251_RR220206A_619C_2214.bmp,c(6 x 2),not_apply,HL,,2025-12-15T21:28:06.019806,,,,c(6 x 2),Trajectories/2022-02-06/186_RR220206A_985C_2050.bmp || Trajectories/2022-02-06/251_RR220206A_619C_2214.bmp,/content/rl_quantum_2026summer/data/original data/Trajectories/2022-02-06/186_RR220206A_985C_2050.bmp,/content/rl_quantum_2026summer/data/original data/Trajectories/2022-02-06/251_RR220206A_619C_2214.bmp,2,1.0
Trajectories/2022-02-06/186_RR220206A_985C_2050.bmp,186_RR220206A_985C_2050.bmp,Trajectories/2022-02-06/251_RR220206A_619C_2214.bmp,251_RR220206A_619C_2214.bmp,HTR,2,HL,,2025-12-15T21:28:06.765313,,,,HTR,Trajectories/2022-02-06/186_RR220206A_985C_2050.bmp || Trajectories/2022-02-06/251_RR220206A_619C_2214.bmp,/content/rl_quantum_2026summer/data/original data/Trajectories/2022-02-06/186_RR220206A_985C_2050.bmp,/content/rl_quantum_2026summer/data/original data/Trajectories/2022-02-06/251_RR220206A_619C_2214.bmp,4,1.0
Trajectories/2022-02-06/186_RR220206A_985C_2050.bmp,186_RR220206A_985C_2050.bmp,Trajectories/2022-02-06/251_RR220206A_619C_2214.bmp,251_RR220206A_619C_2214.bmp,(1 x 1),not_apply,HL,,2025-12-15T21:28:07.492207,,,,(1 x 1),Trajectories/2022-02-06/186_RR220206A_985C_2050.bmp || Trajectories/2022-02-06/251_RR220206A_619C_2214.bmp,/content/rl_quantum_2026summer/data/original data/Trajectories/2022-02-06/186_RR220206A_985C_2050.bmp,/content/rl_quantum_2026summer/data/original data/Trajectories/2022-02-06/251_RR220206A_619C_2214.bmp,0,1.0
Trajectories/2022-04-11/267_RR220411A_953C_1800.bmp,267_RR220411A_953C_1800.bmp,Trajectories/2022-04-11/271_RR220411A_951C_1811.bmp,271_RR220411A_951C_1811.bmp,(√13 x √13),tie,HL,,2026-01-06T21:50:10.897096,303.0,293.0,Confident,(√13 x √13),Trajectories/2022-04-11/267_RR220411A_953C_1800.bmp || Trajectories/2022-04-11/271_RR220411A_951C_1811.bmp,/content/rl_quantum_2026summer/data/original data/Trajectories/2022-04-11/267_RR220411A_953C_1800.bmp,/content/rl_quantum_2026summer/data/original data/Trajectories/2022-04-11/271_RR220411A_951C_1811.bmp,3,1.0
Trajectories/2022-04-11/267_RR220411A_953C_1800.bmp,267_RR220411A_953C_1800.bmp,Trajectories/2022-04-11/271_RR220411A_951C_1811.bmp,271_RR220411A_951C_1811.bmp,Twinned(2 x 1),not_apply,HL,,2026-01-06T21:50:11.763434,303.0,293.0,Confident,Twinned(2 x 1),Trajectories/2022-04-11/267_RR220411A_953C_1800.bmp || Trajectories/2022-04-11/271_RR220411A_951C_1811.bmp,/content/rl_quantum_2026summer/data/original data/Trajectories/2022-04-11/267_RR220411A_953C_1800.bmp,/content/rl_quantum_2026summer/data/original data/Trajectories/2022-04-11/271_RR220411A_951C_1811.bmp,1,1.0
Trajectories/2022-04-11/267_RR220411A_953C_1800.bmp,267_RR220411A_953C_1800.bmp,Trajectories/2022-04-11/271_RR220411A_951C_1811.bmp,271_RR220411A_951C_1811.bmp,c(6 x 2),tie,HL,,2026-01-06T21:50:12.689583,303.0,293.0,Confident,c(6 x 2),Trajectories/2022-04-11/267_RR220411A_953C_1800.bmp || Trajectories/2022-04-11/271_RR220411A_951C_1811.bmp,/content/rl_quantum_2026summer/data/original data/Trajectories/2022-04-11/267_RR220411A_953C_1800.bmp,/content/rl_quantum_2026summer/data/original data/Trajectories/2022-04-11/271_RR220411A_951C_1811.bmp,2,1.0
Trajectories/2022-04-11/267_RR220411A_953C_1800.bmp,267_RR220411A_953C_1800.bmp,Trajectories/2022-04-11/271_RR220411A_951C_1811.bmp,271_RR220411A_951C_1811.bmp,HTR,not_apply,HL,,2026-01-06T21:50:13.592211,303.0,293.0,Confident,HTR,Trajectories/2022-04-11/267_RR220411A_953C_1800.bmp || Trajectories/2022-04-11/271_RR220411A_951C_1811.bmp,/content/rl_quantum_2026summer/data/original data/Trajectories/2022-04-11/267_RR220411A_953C_1800.bmp,/content/rl_quantum_2026summer/data/original data/Trajectories/2022-04-11/271_RR220411A_951C_1811.bmp,4,1.0
Trajectories/2022-04-11/267_RR220411A_953C_1800.bmp,267_RR220411A_953C_1800.bmp,Trajectories/2022-04-11/271_RR220411A_951C_1811.bmp,271_RR220411A_951C_1811.bmp,(1 x 1),tie,HL,,2026-01-06T21:50:14.498986,303.0,293.0,Confident,(1 x 1),Trajectories/2022-04-11/267_RR220411A_953C_1800.bmp || Trajectories/2022-04-11/271_RR220411A_951C_1811.bmp,/content/rl_quantum_2026summer/data/original data/Trajectories/2022-04-11/267_RR220411A_953C_1800.bmp,/content/rl_quantum_2026summer/data/original data/Trajectories/2022-04-11/271_RR220411A_951C_1811.bmp,0,1.0
Trajectories/2022-02-04/221_RR220204A_666C_1854.bmp,221_RR220204A_666C_1854.bmp,Trajectories/2022-04-11/358_RR220411A_677C_1926.bmp,358_RR220411A_677C_1926.bmp,(√13 x √13),2,HL,,2026-01-02T22:37:17.937343,249.0,291.0,Confident,(√13 x √13),Trajectories/2022-02-04/221_RR220204A_666C_1854.bmp || Trajectories/2022-04-11/358_RR220411A_677C_1926.bmp,/content/rl_quantum_2026summer/data/original data/Trajectories/2022-02-04/221_RR220204A_666C_1854.bmp,/content/rl_quantum_2026summer/data/original data/Trajectories/2022-04-11/358_RR220411A_677C_1926.bmp,3,1.0
Trajectories/2022-02-04/221_RR220204A_666C_1854.bmp,221_RR220204A_666C_1854.bmp,Trajectories/2022-04-11/358_RR220411A_677C_1926.bmp,358_RR220411A_677C_1926.bmp,c(6 x 2),2,HL,,2026-01-02T22:37:19.622291,249.0,291.0,Confident,c(6 x 2),Trajectories/2022-02-04/221_RR220204A_666C_1854.bmp || Trajectories/2022-04-11/358_RR220411A_677C_1926.bmp,/content/rl_quantum_2026summer/data/original data/Trajectories/2022-02-04/221_RR220204A_666C_1854.bmp,/content/rl_quantum_2026summer/data/original data/Trajectories/2022-04-11/358_RR220411A_677C_1926.bmp,2,1.0
Trajectories/2022-02-04/221_RR220204A_666C_1854.bmp,221_RR220204A_666C_1854.bmp,Trajectories/2022-04-11/358_RR220411A_677C_1926.bmp,358_RR220411A_677C_1926.bmp,HTR,not_apply,HL,,2026-01-02T22:37:20.894927,249.0,291.0,Confident,HTR,Trajectories/2022-02-04/221_RR220204A_666C_1854.bmp || Trajectories/2022-04-11/358_RR220411A_677C_1926.bmp,/content/rl_quantum_2026summer/data/original data/Trajectories/2022-02-04/221_RR220204A_666C_1854.bmp,/content/rl_quantum_2026summer/data/original data/Trajectories/2022-04-11/358_RR220411A_677C_1926.bmp,4,1.0
Trajectories/2022-02-04/221_RR220204A_666C_1854.bmp,221_RR220204A_666C_1854.bmp,Trajectories/2022-04-11/358_RR220411A_677C_1926.bmp,358_RR220411A_677C_1926.bmp,Twinned(2 x 1),1,HL,,2026-01-02T22:37:22.173621,249.0,291.0,Confident,Twinned(2 x 1),Trajectories/2022-02-04/221_RR220204A_666C_1854.bmp || Trajectories/2022-04-11/358_RR220411A_677C_1926.bmp,/content/rl_quantum_2026summer/data/original data/Trajectories/2022-02-04/221_RR220204A_666C_1854.bmp,/content/rl_quantum_2026summer/data/original data/Trajectories/2022-04-11/358_RR220411A_677C_1926.bmp,1,1.0
Trajectories/2022-02-04/221_RR220204A_666C_1854.bmp,221_RR220204A_666C_1854.bmp,Trajectories/2022-04-11/358_RR220411A_677C_1926.bmp,358_RR220411A_677C_1926.bmp,(1 x 1),2,HL,,2026-01-02T22:37:23.459411,249.0,291.0,Confident,(1 x 1),Trajectories/2022-02-04/221_RR220204A_666C_1854.bmp || Trajectories/2022-04-11/358_RR220411A_677C_1926.bmp,/content/rl_quantum_2026summer/data/original data/Trajectories/2022-02-04/221_RR220204A_666C_1854.bmp,/content/rl_quantum_2026summer/data/original data/Trajectories/2022-04-11/358_RR220411A_677C_1926.bmp,0,1.0
Trajectories/2022-02-04/194_RR220204A_610C_1832.bmp,194_RR220204A_610C_1832.bmp,Trajectories/2022-02-06/119_RR220206A_871C_1918.bmp,119_RR220206A_871C_1918.bmp,c(6 x 2),2,SY,,2025-12-10T17:00:00.739215,,,,c(6 x 2),Trajectories/2022-02-04/194_RR220204A_610C_1832.bmp || Trajectories/2022-02-06/119_RR220206A_871C_1918.bmp,/content/rl_quantum_2026summer/data/original data/Trajectories/2022-02-04/194_RR220204A_610C_1832.bmp,/content/rl_quantum_2026summer/data/original data/Trajectories/2022-02-06/119_RR220206A_871C_1918.bmp,2,1.0
Trajectories/2022-02-04/194_RR220204A_610C_1832.bmp,194_RR220204A_610C_1832.bmp,Trajectories/2022-02-06/119_RR220206A_871C_1918.bmp,119_RR220206A_871C_1918.bmp,Twinned(2 x 1),1,SY,,2025-12-10T17:00:01.408896,,,,Twinned(2 x 1),Trajectories/2022-02-04/194_RR220204A_610C_1832.bmp || Trajectories/2022-02-06/119_RR220206A_871C_1918.bmp,/content/rl_quantum_2026summer/data/original data/Trajectories/2022-02-04/194_RR220204A_610C_1832.bmp,/content/rl_quantum_2026summer/data/original data/Trajectories/2022-02-06/119_RR220206A_871C_1918.bmp,1,1.0
Trajectories/2022-02-04/194_RR220204A_610C_1832.bmp,194_RR220204A_610C_1832.bmp,Trajectories/2022-02-06/119_RR220206A_871C_1918.bmp,119_RR220206A_871C_1918.bmp,(√13 x √13),1,SY,,2025-12-10T17:00:02.074935,,,,(√13 x √13),Trajectories/2022-02-04/194_RR220204A_610C_1832.bmp || Trajectories/2022-02-06/119_RR220206A_871C_1918.bmp,/content/rl_quantum_2026summer/data/original data/Trajectories/2022-02-04/194_RR220204A_610C_1832.bmp,/content/rl_quantum_2026summer/data/original data/Trajectories/2022-02-06/119_RR220206A_871C_1918.bmp,3,1.0
Trajectories/2022-02-04/194_RR220204A_610C_1832.bmp,194_RR220204A_610C_1832.bmp,Trajectories/2022-02-06/119_RR220206A_871C_1918.bmp,119_RR220206A_871C_1918.bmp,HTR,2,SY,,2025-12-10T17:00:02.734149,,,,HTR,Trajectories/2022-02-04/194_RR220204A_610C_1832.bmp || Trajectories/2022-02-06/119_RR220206A_871C_1918.bmp,/content/rl_quantum_2026summer/data/original data/Trajectories/2022-02-04/194_RR220204A_610C_1832.bmp,/content/rl_quantum_2026summer/data/original data/Trajectories/2022-02-06/119_RR220206A_871C_1918.bmp,4,1.0
Trajectories/2022-02-04/194_RR220204A_610C_1832.bmp,194_RR220204A_610C_1832.bmp,Trajectories/2022-02-06/119_RR220206A_871C_1918.bmp,119_RR220206A_871C_1918.bmp,(1 x 1),1,SY,,2025-12-10T17:00:03.603690,,,,(1 x 1),Trajectories/2022-02-04/194_RR220204A_610C_1832.bmp || Trajectories/2022-02-06/119_RR220206A_871C_1918.bmp,/content/rl_quantum_2026summer/data/original data/Trajectories/2022-02-04/194_RR220204A_610C_1832.bmp,/content/rl_quantum_2026summer/data/original data/Trajectories/2022-02-06/119_RR220206A_871C_1918.bmp,0,1.0
Trajectories/2022-04-11/439_RR220411A_330C_2005.bmp,439_RR220411A_330C_2005.bmp,Trajectories/2022-02-04/003_RR220204A_932C_0017.bmp,003_RR220204A_932C_0017.bmp,c(6 x 2),1,HL,,2026-01-06T21:40:19.381737,258.0,257.0,Confident,c(6 x 2),Trajectories/2022-02-04/003_RR220204A_932C_0017.bmp || Trajectories/2022-04-11/439_RR220411A_330C_2005.bmp,/content/rl_quantum_2026summer/data/original data/Trajectories/2022-04-11/439_RR220411A_330C_2005.bmp,/content/rl_quantum_2026summer/data/original data/Trajectories/2022-02-04/003_RR220204A_932C_0017.bmp,2,1.0
Trajectories/2022-04-11/439_RR220411A_330C_2005.bmp,439_RR220411A_330C_2005.bmp,Trajectories/2022-02-04/003_RR220204A_932C_0017.bmp,003_RR220204A_932C_0017.bmp,(√13 x √13),1,HL,,2026-01-06T21:40:20.591934,258.0,257.0,Confident,(√13 x √13),Trajectories/2022-02-04/003_RR220204A_932C_0017.bmp || Trajectories/2022-04-11/439_RR220411A_330C_2005.bmp,/content/rl_quantum_2026summer/data/original data/Trajectories/2022-04-11/439_RR220411A_330C_2005.bmp,/content/rl_quantum_2026summer/data/original data/Trajectories/2022-02-04/003_RR220204A_932C_0017.bmp,3,1.0
Trajectories/2022-04-11/439_RR220411A_330C_2005.bmp,439_RR220411A_330C_2005.bmp,Trajectories/2022-02-04/003_RR220204A_932C_0017.bmp,003_RR220204A_932C_0017.bmp,Twinned(2 x 1),2,HL,,2026-01-06T21:40:21.488602,258.0,257.0,Confident,Twinned(2 x 1),Trajectories/2022-02-04/003_RR220204A_932C_0017.bmp || Trajectories/2022-04-11/439_RR220411A_330C_2005.bmp,/content/rl_quantum_2026summer/data/original data/Trajectories/2022-04-11/439_RR220411A_330C_2005.bmp,/content/rl_quantum_2026summer/data/original data/Trajectories/2022-02-04/003_RR220204A_932C_0017.bmp,1,1.0
Trajectories/2022-04-11/439_RR220411A_330C_2005.bmp,439_RR220411A_330C_2005.bmp,Trajectories/2022-02-04/003_RR220204A_932C_0017.bmp,003_RR220204A_932C_0017.bmp,HTR,not_apply,HL,,2026-01-06T21:40:22.350885,258.0,257.0,Confident,HTR,Trajectories/2022-02-04/003_RR220204A_932C_0017.bmp || Trajectories/2022-04-11/439_RR220411A_330C_2005.bmp,/content/rl_quantum_2026summer/data/original data/Trajectories/2022-04-11/439_RR220411A_330C_2005.bmp,/content/rl_quantum_2026summer/data/original data/Trajectories/2022-02-04/003_RR220204A_932C_0017.bmp,4,1.0
Trajectories/2022-04-11/439_RR220411A_330C_2005.bmp,439_RR220411A_330C_2005.bmp,Trajectories/2022-02-04/003_RR220204A_932C_0017.bmp,003_RR220204A_932C_0017.bmp,(1 x 1),2,HL,,2026-01-06T21:40:23.086599,258.0,257.0,Confident,(1 x 1),Trajectories/2022-02-04/003_RR220204A_932C_0017.bmp || Trajectories/2022-04-11/439_RR220411A_330C_2005.bmp,/content/rl_quantum_2026summer/data/original data/Trajectories/2022-04-11/439_RR220411A_330C_2005.bmp,/content/rl_quantum_2026summer/data/original data/Trajectories/2022-02-04/003_RR220204A_932C_0017.bmp,0,1.0
Trajectories/2022-04-11/057_RR220411A_389C_1506-01.bmp,057_RR220411A_389C_1506-01.bmp,Trajectories/2022-02-04/324_RR220204A_913C_2047.bmp,324_RR220204A_913C_2047.bmp,HTR,not_apply,Jiangang,,2026-01-05T15:53:10.648889,308.0,311.0,Confident,HTR,Trajectories/2022-02-04/324_RR220204A_913C_2047.bmp || Trajectories/2022-04-11/057_RR220411A_389C_1506-01.bmp,/content/rl_quantum_2026summer/data/original data/Trajectories/2022-04-11/057_RR220411A_389C_1506-01.bmp,/content/rl_quantum_2026summer/data/original data/Trajectories/2022-02-04/324_RR220204A_913C_2047.bmp,4,1.0
Trajectories/2022-04-11/057_RR220411A_389C_1506-01.bmp,057_RR220411A_389C_1506-01.bmp,Trajectories/2022-02-04/324_RR220204A_913C_2047.bmp,324_RR220204A_913C_2047.bmp,c(6 x 2),not_apply,Jiangang,,2026-01-05T15:53:11.575309,308.0,311.0,Confident,c(6 x 2),Trajectories/2022-02-04/324_RR220204A_913C_2047.bmp || Trajectories/2022-04-11/057_RR220411A_389C_1506-01.bmp,/content/rl_quantum_2026summer/data/original data/Trajectories/2022-04-11/057_RR220411A_389C_1506-01.bmp,/content/rl_quantum_2026summer/data/original data/Trajectories/2022-02-04/324_RR220204A_913C_2047.bmp,2,1.0
Trajectories/2022-04-11/057_RR220411A_389C_1506-01.bmp,057_RR220411A_389C_1506-01.bmp,Trajectories/2022-02-04/324_RR220204A_913C_2047.bmp,324_RR220204A_913C_2047.bmp,(√13 x √13),2,Jiangang,,2026-01-05T15:53:12.475751,308.0,311.0,Confident,(√13 x √13),Trajectories/2022-02-04/324_RR220204A_913C_2047.bmp || Trajectories/2022-04-11/057_RR220411A_389C_1506-01.bmp,/content/rl_quantum_2026summer/data/original data/Trajectories/2022-04-11/057_RR220411A_389C_1506-01.bmp,/content/rl_quantum_2026summer/data/original data/Trajectories/2022-02-04/324_RR220204A_913C_2047.bmp,3,1.0
Trajectories/2022-04-11/057_RR220411A_389C_1506-01.bmp,057_RR220411A_389C_1506-01.bmp,Trajectories/2022-02-04/324_RR220204A_913C_2047.bmp,324_RR220204A_913C_2047.bmp,(1 x 1),1,Jiangang,,2026-01-05T15:53:13.346375,308.0,311.0,Confident,(1 x 1),Trajectories/2022-02-04/324_RR220204A_913C_2047.bmp || Trajectories/2022-04-11/057_RR220411A_389C_1506-01.bmp,/content/rl_quantum_2026summer/data/original data/Trajectories/2022-04-11/057_RR220411A_389C_1506-01.bmp,/content/rl_quantum_2026summer/data/original data/Trajectories/2022-02-04/324_RR220204A_913C_2047.bmp,0,1.0
Trajectories/2022-04-11/057_RR220411A_389C_1506-01.bmp,057_RR220411A_389C_1506-01.bmp,Trajectories/2022-02-04/324_RR220204A_913C_2047.bmp,324_RR220204A_913C_2047.bmp,Twinned(2 x 1),2,Jiangang,,2026-01-05T15:53:14.291157,308.0,311.0,Confident,Twinned(2 x 1),Trajectories/2022-02-04/324_RR220204A_913C_2047.bmp || Trajectories/2022-04-11/057_RR220411A_389C_1506-01.bmp,/content/rl_quantum_2026summer/data/original data/Trajectories/2022-04-11/057_RR220411A_389C_1506-01.bmp,/content/rl_quantum_2026summer/data/original data/Trajectories/2022-02-04/324_RR220204A_913C_2047.bmp,1,1.0
Trajectories/2022-02-06/207_RR220206A_875C_2114.bmp,207_RR220206A_875C_2114.bmp,Trajectories/2022-02-06/104_RR220206A_734C_1847.bmp,104_RR220206A_734C_1847.bmp,HTR,1,AJ,,2025-12-06 01:22:53,,,,HTR,Trajectories/2022-02-06/104_RR220206A_734C_1847.bmp || Trajectories/2022-02-06/207_RR220206A_875C_2114.bmp,/content/rl_quantum_2026summer/data/original data/Trajectories/2022-02-06/207_RR220206A_875C_2114.bmp,/content/rl_quantum_2026summer/data/original data/Trajectories/2022-02-06/104_RR220206A_734C_1847.bmp,4,1.0
Trajectories/2022-02-06/207_RR220206A_875C_2114.bmp,207_RR220206A_875C_2114.bmp,Trajectories/2022-02-06/104_RR220206A_734C_1847.bmp,104_RR220206A_734C_1847.bmp,(1 x 1),2,AJ,,2025-12-06 01:22:53,,,,(1 x 1),Trajectories/2022-02-06/104_RR220206A_734C_1847.bmp || Trajectories/2022-02-06/207_RR220206A_875C_2114.bmp,/content/rl_quantum_2026summer/data/original data/Trajectories/2022-02-06/207_RR220206A_875C_2114.bmp,/content/rl_quantum_2026summer/data/original data/Trajectories/2022-02-06/104_RR220206A_734C_1847.bmp,0,1.0
Trajectories/2022-04-11/313_RR220411A_839C_1856.bmp,313_RR220411A_839C_1856.bmp,Trajectories/2022-02-06/125_RR220206A_887C_1925.bmp,125_RR220206A_887C_1925.bmp,c(6 x 2),2,SY,,2025-12-14 08:53:40,,,,c(6 x 2),Trajectories/2022-02-06/125_RR220206A_887C_1925.bmp || Trajectories/2022-04-11/313_RR220411A_839C_1856.bmp,/content/rl_quantum_2026summer/data/original data/Trajectories/2022-04-11/313_RR220411A_839C_1856.bmp,/content/rl_quantum_2026summer/data/original data/Trajectories/2022-02-06/125_RR220206A_887C_1925.bmp,2,1.0
Trajectories/2022-04-11/313_RR220411A_839C_1856.bmp,313_RR220411A_839C_1856.bmp,Trajectories/2022-02-06/125_RR220206A_887C_1925.bmp,125_RR220206A_887C_1925.bmp,HTR,not_apply,SY,,2025-12-14 08:53:40,,,,HTR,Trajectories/2022-02-06/125_RR220206A_887C_1925.bmp || Trajectories/2022-04-11/313_RR220411A_839C_1856.bmp,/content/rl_quantum_2026summer/data/original data/Trajectories/2022-04-11/313_RR220411A_839C_1856.bmp,/content/rl_quantum_2026summer/data/original data/Trajectories/2022-02-06/125_RR220206A_887C_1925.bmp,4,1.0
Trajectories/2022-04-11/313_RR220411A_839C_1856.bmp,313_RR220411A_839C_1856.bmp,Trajectories/2022-02-06/125_RR220206A_887C_1925.bmp,125_RR220206A_887C_1925.bmp,Twinned(2 x 1),not_apply,SY,,2025-12-14 08:53:40,,,,Twinned(2 x 1),Trajectories/2022-02-06/125_RR220206A_887C_1925.bmp || Trajectories/2022-04-11/313_RR220411A_839C_1856.bmp,/content/rl_quantum_2026summer/data/original data/Trajectories/2022-04-11/313_RR220411A_839C_1856.bmp,/content/rl_quantum_2026summer/data/original data/Trajectories/2022-02-06/125_RR220206A_887C_1925.bmp,1,1.0
Trajectories/2022-02-06/058_RR220206A_249C_1745.bmp,058_RR220206A_249C_1745.bmp,Trajectories/2022-04-11/178_RR220411A_774C_1649.bmp,178_RR220411A_774C_1649.bmp,(1 x 1),2,AJ,,2025-12-06 01:18:28,,,,(1 x 1),Trajectories/2022-02-06/058_RR220206A_249C_1745.bmp || Trajectories/2022-04-11/178_RR220411A_774C_1649.bmp,/content/rl_quantum_2026summer/data/original data/Trajectories/2022-02-06/058_RR220206A_249C_1745.bmp,/content/rl_quantum_2026summer/data/original data/Trajectories/2022-04-11/178_RR220411A_774C_1649.bmp,0,1.0
Trajectories/2022-04-11/120_RR220411A_555C_1553.bmp,120_RR220411A_555C_1553.bmp,Trajectories/2022-02-04/215_RR220204A_669C_1848.bmp,215_RR220204A_669C_1848.bmp,(1 x 1),1,AJ,,2025-12-06 01:22:37,,,,(1 x 1),Trajectories/2022-02-04/215_RR220204A_669C_1848.bmp || Trajectories/2022-04-11/120_RR220411A_555C_1553.bmp,/content/rl_quantum_2026summer/data/original data/Trajectories/2022-04-11/120_RR220411A_555C_1553.bmp,/content/rl_quantum_2026summer/data/original data/Trajectories/2022-02-04/215_RR220204A_669C_1848.bmp,0,1.0
Trajectories/2022-04-11/120_RR220411A_555C_1553.bmp,120_RR220411A_555C_1553.bmp,Trajectories/2022-02-04/215_RR220204A_669C_1848.bmp,215_RR220204A_669C_1848.bmp,(√13 x √13),2,AJ,,2025-12-06 01:22:37,,,,(√13 x √13),Trajectories/2022-02-04/215_RR220204A_669C_1848.bmp || Trajectories/2022-04-11/120_RR220411A_555C_1553.bmp,/content/rl_quantum_2026summer/data/original data/Trajectories/2022-04-11/120_RR220411A_555C_1553.bmp,/content/rl_quantum_2026summer/data/original data/Trajectories/2022-02-04/215_RR220204A_669C_1848.bmp,3,1.0
Trajectories/2022-02-04/253_RR220204A_782C_1923.bmp,253_RR220204A_782C_1923.bmp,Trajectories/2022-02-06/262_RR220206A_540C_2228.bmp,262_RR220206A_540C_2228.bmp,Twinned(2 x 1),not_apply,AJ,,2025-12-26T08:13:53.511971,195.0,189.0,Confident,Twinned(2 x 1),Trajectories/2022-02-04/253_RR220204A_782C_1923.bmp || Trajectories/2022-02-06/262_RR220206A_540C_2228.bmp,/content/rl_quantum_2026summer/data/original data/Trajectories/2022-02-04/253_RR220204A_782C_1923.bmp,/content/rl_quantum_2026summer/data/original data/Trajectories/2022-02-06/262_RR220206A_540C_2228.bmp,1,1.0
Trajectories/2022-02-04/253_RR220204A_782C_1923.bmp,253_RR220204A_782C_1923.bmp,Trajectories/2022-02-06/262_RR220206A_540C_2228.bmp,262_RR220206A_540C_2228.bmp,(1 x 1),not_apply,AJ,,2025-12-26T08:13:54.489680,195.0,189.0,Confident,(1 x 1),Trajectories/2022-02-04/253_RR220204A_782C_1923.bmp || Trajectories/2022-02-06/262_RR220206A_540C_2228.bmp,/content/rl_quantum_2026summer/data/original data/Trajectories/2022-02-04/253_RR220204A_782C_1923.bmp,/content/rl_quantum_2026summer/data/original data/Trajectories/2022-02-06/262_RR220206A_540C_2228.bmp,0,1.0
Trajectories/2022-02-04/253_RR220204A_782C_1923.bmp,253_RR220204A_782C_1923.bmp,Trajectories/2022-02-06/262_RR220206A_540C_2228.bmp,262_RR220206A_540C_2228.bmp,c(6 x 2),1,AJ,,2025-12-26T08:13:55.345250,195.0,189.0,Confident,c(6 x 2),Trajectories/2022-02-04/253_RR220204A_782C_1923.bmp || Trajectories/2022-02-06/262_RR220206A_540C_2228.bmp,/content/rl_quantum_2026summer/data/original data/Trajectories/2022-02-04/253_RR220204A_782C_1923.bmp,/content/rl_quantum_2026summer/data/original data/Trajectories/2022-02-06/262_RR220206A_540C_2228.bmp,2,1.0
Trajectories/2022-02-04/253_RR220204A_782C_1923.bmp,253_RR220204A_782C_1923.bmp,Trajectories/2022-02-06/262_RR220206A_540C_2228.bmp,262_RR220206A_540C_2228.bmp,HTR,2,AJ,,2025-12-26T08:13:56.276916,195.0,189.0,Confident,HTR,Trajectories/2022-02-04/253_RR220204A_782C_1923.bmp || Trajectories/2022-02-06/262_RR220206A_540C_2228.bmp,/content/rl_quantum_2026summer/data/original data/Trajectories/2022-02-04/253_RR220204A_782C_1923.bmp,/content/rl_quantum_2026summer/data/original data/Trajectories/2022-02-06/262_RR220206A_540C_2228.bmp,4,1.0
Trajectories/2022-02-04/253_RR220204A_782C_1923.bmp,253_RR220204A_782C_1923.bmp,Trajectories/2022-02-06/262_RR220206A_540C_2228.bmp,262_RR220206A_540C_2228.bmp,(√13 x √13),1,AJ,,2025-12-26T08:13:57.216913,195.0,189.0,Confident,(√13 x √13),Trajectories/2022-02-04/253_RR220204A_782C_1923.bmp || Trajectories/2022-02-06/262_RR220206A_540C_2228.bmp,/content/rl_quantum_2026summer/data/original data/Trajectories/2022-02-04/253_RR220204A_782C_1923.bmp,/content/rl_quantum_2026summer/data/original data/Trajectories/2022-02-06/262_RR220206A_540C_2228.bmp,3,1.0
Trajectories/2022-02-06/191_RR220206A_960C_2056.bmp,191_RR220206A_960C_2056.bmp,Trajectories/2022-02-04/219_RR220204A_668C_1852.bmp,219_RR220204A_668C_1852.bmp,(1 x 1),1,SY,,2025-12-10T17:00:33.631831,,,,(1 x 1),Trajectories/2022-02-04/219_RR220204A_668C_1852.bmp || Trajectories/2022-02-06/191_RR220206A_960C_2056.bmp,/content/rl_quantum_2026summer/data/original data/Trajectories/2022-02-06/191_RR220206A_960C_2056.bmp,/content/rl_quantum_2026summer/data/original data/Trajectories/2022-02-04/219_RR220204A_668C_1852.bmp,0,1.0
Trajectories/2022-02-06/191_RR220206A_960C_2056.bmp,191_RR220206A_960C_2056.bmp,Trajectories/2022-02-04/219_RR220204A_668C_1852.bmp,219_RR220204A_668C_1852.bmp,HTR,1,SY,,2025-12-10T17:00:34.429593,,,,HTR,Trajectories/2022-02-04/219_RR220204A_668C_1852.bmp || Trajectories/2022-02-06/191_RR220206A_960C_2056.bmp,/content/rl_quantum_2026summer/data/original data/Trajectories/2022-02-06/191_RR220206A_960C_2056.bmp,/content/rl_quantum_2026summer/data/original data/Trajectories/2022-02-04/219_RR220204A_668C_1852.bmp,4,1.0
Trajectories/2022-02-06/191_RR220206A_960C_2056.bmp,191_RR220206A_960C_2056.bmp,Trajectories/2022-02-04/219_RR220204A_668C_1852.bmp,219_RR220204A_668C_1852.bmp,Twinned(2 x 1),2,SY,,2025-12-10T17:00:35.459492,,,,Twinned(2 x 1),Trajectories/2022-02-04/219_RR220204A_668C_1852.bmp || Trajectories/2022-02-06/191_RR220206A_960C_2056.bmp,/content/rl_quantum_2026summer/data/original data/Trajectories/2022-02-06/191_RR220206A_960C_2056.bmp,/content/rl_quantum_2026summer/data/original data/Trajectories/2022-02-04/219_RR220204A_668C_1852.bmp,1,1.0
Trajectories/2022-02-06/191_RR220206A_960C_2056.bmp,191_RR220206A_960C_2056.bmp,Trajectories/2022-02-04/219_RR220204A_668C_1852.bmp,219_RR220204A_668C_1852.bmp,c(6 x 2),not_apply,SY,,2025-12-10T17:00:36.496415,,,,c(6 x 2),Trajectories/2022-02-04/219_RR220204A_668C_1852.bmp || Trajectories/2022-02-06/191_RR220206A_960C_2056.bmp,/content/rl_quantum_2026summer/data/original data/Trajectories/2022-02-06/191_RR220206A_960C_2056.bmp,/content/rl_quantum_2026summer/data/original data/Trajectories/2022-02-04/219_RR220204A_668C_1852.bmp,2,1.0
Trajectories/2022-02-06/191_RR220206A_960C_2056.bmp,191_RR220206A_960C_2056.bmp,Trajectories/2022-02-04/219_RR220204A_668C_1852.bmp,219_RR220204A_668C_1852.bmp,(√13 x √13),2,SY,,2025-12-10T17:00:37.304338,,,,(√13 x √13),Trajectories/2022-02-04/219_RR220204A_668C_1852.bmp || Trajectories/2022-02-06/191_RR220206A_960C_2056.bmp,/content/rl_quantum_2026summer/data/original data/Trajectories/2022-02-06/191_RR220206A_960C_2056.bmp,/content/rl_quantum_2026summer/data/original data/Trajectories/2022-02-04/219_RR220204A_668C_1852.bmp,3,1.0
Trajectories/2022-02-06/077_RR220206A_461C_1813.bmp,077_RR220206A_461C_1813.bmp,Trajectories/2022-02-04/013_RR220204A_949C_0119.bmp,013_RR220204A_949C_0119.bmp,(√13 x √13),2,HL,,2025-12-15T20:55:48.977621,,,,(√13 x √13),Trajectories/2022-02-04/013_RR220204A_949C_0119.bmp || Trajectories/2022-02-06/077_RR220206A_461C_1813.bmp,/content/rl_quantum_2026summer/data/original data/Trajectories/2022-02-06/077_RR220206A_461C_1813.bmp,/content/rl_quantum_2026summer/data/original data/Trajectories/2022-02-04/013_RR220204A_949C_0119.bmp,3,1.0
Trajectories/2022-02-06/077_RR220206A_461C_1813.bmp,077_RR220206A_461C_1813.bmp,Trajectories/2022-02-04/013_RR220204A_949C_0119.bmp,013_RR220204A_949C_0119.bmp,(1 x 1),1,HL,,2025-12-15T20:55:49.946509,,,,(1 x 1),Trajectories/2022-02-04/013_RR220204A_949C_0119.bmp || Trajectories/2022-02-06/077_RR220206A_461C_1813.bmp,/content/rl_quantum_2026summer/data/original data/Trajectories/2022-02-06/077_RR220206A_461C_1813.bmp,/content/rl_quantum_2026summer/data/original data/Trajectories/2022-02-04/013_RR220204A_949C_0119.bmp,0,1.0
Trajectories/2022-02-06/077_RR220206A_461C_1813.bmp,077_RR220206A_461C_1813.bmp,Trajectories/2022-02-04/013_RR220204A_949C_0119.bmp,013_RR220204A_949C_0119.bmp,HTR,not_apply,HL,,2025-12-15T20:55:50.957856,,,,HTR,Trajectories/2022-02-04/013_RR220204A_949C_0119.bmp || Trajectories/2022-02-06/077_RR220206A_461C_1813.bmp,/content/rl_quantum_2026summer/data/original data/Trajectories/2022-02-06/077_RR220206A_461C_1813.bmp,/content/rl_quantum_2026summer/data/original data/Trajectories/2022-02-04/013_RR220204A_949C_0119.bmp,4,1.0
Trajectories/2022-02-06/077_RR220206A_461C_1813.bmp,077_RR220206A_461C_1813.bmp,Trajectories/2022-02-04/013_RR220204A_949C_0119.bmp,013_RR220204A_949C_0119.bmp,Twinned(2 x 1),2,HL,,2025-12-15T20:55:51.830799,,,,Twinned(2 x 1),Trajectories/2022-02-04/013_RR220204A_949C_0119.bmp || Trajectories/2022-02-06/077_RR220206A_461C_1813.bmp,/content/rl_quantum_2026summer/data/original data/Trajectories/2022-02-06/077_RR220206A_461C_1813.bmp,/content/rl_quantum_2026summer/data/original data/Trajectories/2022-02-04/013_RR220204A_949C_0119.bmp,1,1.0
Trajectories/2022-02-06/077_RR220206A_461C_1813.bmp,077_RR220206A_461C_1813.bmp,Trajectories/2022-02-04/013_RR220204A_949C_0119.bmp,013_RR220204A_949C_0119.bmp,c(6 x 2),not_apply,HL,,2025-12-15T20:55:52.755378,,,,c(6 x 2),Trajectories/2022-02-04/013_RR220204A_949C_0119.bmp || Trajectories/2022-02-06/077_RR220206A_461C_1813.bmp,/content/rl_quantum_2026summer/data/original data/Trajectories/2022-02-06/077_RR220206A_461C_1813.bmp,/content/rl_quantum_2026summer/data/original data/Trajectories/2022-02-04/013_RR220204A_949C_0119.bmp,2,1.0
Trajectories/2022-04-11/156_RR220411A_699C_1628.bmp,156_RR220411A_699C_1628.bmp,Trajectories/2022-04-11/053_RR220411A_374C_1502.bmp,053_RR220411A_374C_1502.bmp,(1 x 1),tie,AJ,,2025-12-26T08:14:29.732539,192.0,181.0,Confident,(1 x 1),Trajectories/2022-04-11/053_RR220411A_374C_1502.bmp || Trajectories/2022-04-11/156_RR220411A_699C_1628.bmp,/content/rl_quantum_2026summer/data/original data/Trajectories/2022-04-11/156_RR220411A_699C_1628.bmp,/content/rl_quantum_2026summer/data/original data/Trajectories/2022-04-11/053_RR220411A_374C_1502.bmp,0,1.0
Trajectories/2022-04-11/156_RR220411A_699C_1628.bmp,156_RR220411A_699C_1628.bmp,Trajectories/2022-04-11/053_RR220411A_374C_1502.bmp,053_RR220411A_374C_1502.bmp,Twinned(2 x 1),not_apply,AJ,,2025-12-26T08:14:30.647927,192.0,181.0,Confident,Twinned(2 x 1),Trajectories/2022-04-11/053_RR220411A_374C_1502.bmp || Trajectories/2022-04-11/156_RR220411A_699C_1628.bmp,/content/rl_quantum_2026summer/data/original data/Trajectories/2022-04-11/156_RR220411A_699C_1628.bmp,/content/rl_quantum_2026summer/data/original data/Trajectories/2022-04-11/053_RR220411A_374C_1502.bmp,1,1.0
Trajectories/2022-04-11/156_RR220411A_699C_1628.bmp,156_RR220411A_699C_1628.bmp,Trajectories/2022-04-11/053_RR220411A_374C_1502.bmp,053_RR220411A_374C_1502.bmp,HTR,not_apply,AJ,,2025-12-26T08:14:31.625583,192.0,181.0,Confident,HTR,Trajectories/2022-04-11/053_RR220411A_374C_1502.bmp || Trajectories/2022-04-11/156_RR220411A_699C_1628.bmp,/content/rl_quantum_2026summer/data/original data/Trajectories/2022-04-11/156_RR220411A_699C_1628.bmp,/content/rl_quantum_2026summer/data/original data/Trajectories/2022-04-11/053_RR220411A_374C_1502.bmp,4,1.0
Trajectories/2022-04-11/156_RR220411A_699C_1628.bmp,156_RR220411A_699C_1628.bmp,Trajectories/2022-04-11/053_RR220411A_374C_1502.bmp,053_RR220411A_374C_1502.bmp,c(6 x 2),not_apply,AJ,,2025-12-26T08:14:32.456012,192.0,181.0,Confident,c(6 x 2),Trajectories/2022-04-11/053_RR220411A_374C_1502.bmp || Trajectories/2022-04-11/156_RR220411A_699C_1628.bmp,/content/rl_quantum_2026summer/data/original data/Trajectories/2022-04-11/156_RR220411A_699C_1628.bmp,/content/rl_quantum_2026summer/data/original data/Trajectories/2022-04-11/053_RR220411A_374C_1502.bmp,2,1.0
Trajectories/2022-04-11/156_RR220411A_699C_1628.bmp,156_RR220411A_699C_1628.bmp,Trajectories/2022-04-11/053_RR220411A_374C_1502.bmp,053_RR220411A_374C_1502.bmp,(√13 x √13),not_apply,AJ,,2025-12-26T08:14:33.295920,192.0,181.0,Confident,(√13 x √13),Trajectories/2022-04-11/053_RR220411A_374C_1502.bmp || Trajectories/2022-04-11/156_RR220411A_699C_1628.bmp,/content/rl_quantum_2026summer/data/original data/Trajectories/2022-04-11/156_RR220411A_699C_1628.bmp,/content/rl_quantum_2026summer/data/original data/Trajectories/2022-04-11/053_RR220411A_374C_1502.bmp,3,1.0
Trajectories/2022-02-04/242_RR220204A_720C_1911.bmp,242_RR220204A_720C_1911.bmp,Trajectories/2022-02-04/029_RR220204A_808C_0135.bmp,029_RR220204A_808C_0135.bmp,(√13 x √13),tie,Jiangang,,2026-01-05T15:52:33.769721,309.0,298.0,Confident,(√13 x √13),Trajectories/2022-02-04/029_RR220204A_808C_0135.bmp || Trajectories/2022-02-04/242_RR220204A_720C_1911.bmp,/content/rl_quantum_2026summer/data/original data/Trajectories/2022-02-04/242_RR220204A_720C_1911.bmp,/content/rl_quantum_2026summer/data/original data/Trajectories/2022-02-04/029_RR220204A_808C_0135.bmp,3,1.0
Trajectories/2022-02-04/242_RR220204A_720C_1911.bmp,242_RR220204A_720C_1911.bmp,Trajectories/2022-02-04/029_RR220204A_808C_0135.bmp,029_RR220204A_808C_0135.bmp,(1 x 1),not_apply,Jiangang,,2026-01-05T15:52:34.903693,309.0,298.0,Confident,(1 x 1),Trajectories/2022-02-04/029_RR220204A_808C_0135.bmp || Trajectories/2022-02-04/242_RR220204A_720C_1911.bmp,/content/rl_quantum_2026summer/data/original data/Trajectories/2022-02-04/242_RR220204A_720C_1911.bmp,/content/rl_quantum_2026summer/data/original data/Trajectories/2022-02-04/029_RR220204A_808C_0135.bmp,0,1.0
Trajectories/2022-02-04/242_RR220204A_720C_1911.bmp,242_RR220204A_720C_1911.bmp,Trajectories/2022-02-04/029_RR220204A_808C_0135.bmp,029_RR220204A_808C_0135.bmp,HTR,not_apply,Jiangang,,2026-01-05T15:52:36.151160,309.0,298.0,Confident,HTR,Trajectories/2022-02-04/029_RR220204A_808C_0135.bmp || Trajectories/2022-02-04/242_RR220204A_720C_1911.bmp,/content/rl_quantum_2026summer/data/original data/Trajectories/2022-02-04/242_RR220204A_720C_1911.bmp,/content/rl_quantum_2026summer/data/original data/Trajectories/2022-02-04/029_RR220204A_808C_0135.bmp,4,1.0
Trajectories/2022-02-04/242_RR220204A_720C_1911.bmp,242_RR220204A_720C_1911.bmp,Trajectories/2022-02-04/029_RR220204A_808C_0135.bmp,029_RR220204A_808C_0135.bmp,Twinned(2 x 1),tie,Jiangang,,2026-01-05T15:52:37.008933,309.0,298.0,Confident,Twinned(2 x 1),Trajectories/2022-02-04/029_RR220204A_808C_0135.bmp || Trajectories/2022-02-04/242_RR220204A_720C_1911.bmp,/content/rl_quantum_2026summer/data/original data/Trajectories/2022-02-04/242_RR220204A_720C_1911.bmp,/content/rl_quantum_2026summer/data/original data/Trajectories/2022-02-04/029_RR220204A_808C_0135.bmp,1,1.0
Trajectories/2022-02-04/242_RR220204A_720C_1911.bmp,242_RR220204A_720C_1911.bmp,Trajectories/2022-02-04/029_RR220204A_808C_0135.bmp,029_RR220204A_808C_0135.bmp,c(6 x 2),not_apply,Jiangang,,2026-01-05T15:52:37.900160,309.0,298.0,Confident,c(6 x 2),Trajectories/2022-02-04/029_RR220204A_808C_0135.bmp || Trajectories/2022-02-04/242_RR220204A_720C_1911.bmp,/content/rl_quantum_2026summer/data/original data/Trajectories/2022-02-04/242_RR220204A_720C_1911.bmp,/content/rl_quantum_2026summer/data/original data/Trajectories/2022-02-04/029_RR220204A_808C_0135.bmp,2,1.0
Trajectories/2022-02-04/034_RR220204A_655C_0142.bmp,034_RR220204A_655C_0142.bmp,Trajectories/2022-02-06/272_RR220206A_424C_2242.bmp,272_RR220206A_424C_2242.bmp,HTR,2,AJ,,2025-12-06 01:24:31,,,,HTR,Trajectories/2022-02-04/034_RR220204A_655C_0142.bmp || Trajectories/2022-02-06/272_RR220206A_424C_2242.bmp,/content/rl_quantum_2026summer/data/original data/Trajectories/2022-02-04/034_RR220204A_655C_0142.bmp,/content/rl_quantum_2026summer/data/original data/Trajectories/2022-02-06/272_RR220206A_424C_2242.bmp,4,1.0
Trajectories/2022-02-04/034_RR220204A_655C_0142.bmp,034_RR220204A_655C_0142.bmp,Trajectories/2022-02-06/272_RR220206A_424C_2242.bmp,272_RR220206A_424C_2242.bmp,c(6 x 2),1,AJ,,2025-12-06 01:24:31,,,,c(6 x 2),Trajectories/2022-02-04/034_RR220204A_655C_0142.bmp || Trajectories/2022-02-06/272_RR220206A_424C_2242.bmp,/content/rl_quantum_2026summer/data/original data/Trajectories/2022-02-04/034_RR220204A_655C_0142.bmp,/content/rl_quantum_2026summer/data/original data/Trajectories/2022-02-06/272_RR220206A_424C_2242.bmp,2,1.0
Trajectories/2022-04-11/028_RR220411A_291C_1436.bmp,028_RR220411A_291C_1436.bmp,Trajectories/2022-04-11/050_RR220411A_370C_1458.bmp,050_RR220411A_370C_1458.bmp,Twinned(2 x 1),not_apply,HL,,2025-12-15T20:54:23.304996,,,,Twinned(2 x 1),Trajectories/2022-04-11/028_RR220411A_291C_1436.bmp || Trajectories/2022-04-11/050_RR220411A_370C_1458.bmp,/content/rl_quantum_2026summer/data/original data/Trajectories/2022-04-11/028_RR220411A_291C_1436.bmp,/content/rl_quantum_2026summer/data/original data/Trajectories/2022-04-11/050_RR220411A_370C_1458.bmp,1,1.0
Trajectories/2022-04-11/028_RR220411A_291C_1436.bmp,028_RR220411A_291C_1436.bmp,Trajectories/2022-04-11/050_RR220411A_370C_1458.bmp,050_RR220411A_370C_1458.bmp,(1 x 1),tie,HL,,2025-12-15T20:54:24.541804,,,,(1 x 1),Trajectories/2022-04-11/028_RR220411A_291C_1436.bmp || Trajectories/2022-04-11/050_RR220411A_370C_1458.bmp,/content/rl_quantum_2026summer/data/original data/Trajectories/2022-04-11/028_RR220411A_291C_1436.bmp,/content/rl_quantum_2026summer/data/original data/Trajectories/2022-04-11/050_RR220411A_370C_1458.bmp,0,1.0
Trajectories/2022-04-11/028_RR220411A_291C_1436.bmp,028_RR220411A_291C_1436.bmp,Trajectories/2022-04-11/050_RR220411A_370C_1458.bmp,050_RR220411A_370C_1458.bmp,c(6 x 2),not_apply,HL,,2025-12-15T20:54:25.503680,,,,c(6 x 2),Trajectories/2022-04-11/028_RR220411A_291C_1436.bmp || Trajectories/2022-04-11/050_RR220411A_370C_1458.bmp,/content/rl_quantum_2026summer/data/original data/Trajectories/2022-04-11/028_RR220411A_291C_1436.bmp,/content/rl_quantum_2026summer/data/original data/Trajectories/2022-04-11/050_RR220411A_370C_1458.bmp,2,1.0
Trajectories/2022-04-11/028_RR220411A_291C_1436.bmp,028_RR220411A_291C_1436.bmp,Trajectories/2022-04-11/050_RR220411A_370C_1458.bmp,050_RR220411A_370C_1458.bmp,(√13 x √13),not_apply,HL,,2025-12-15T20:54:26.444863,,,,(√13 x √13),Trajectories/2022-04-11/028_RR220411A_291C_1436.bmp || Trajectories/2022-04-11/050_RR220411A_370C_1458.bmp,/content/rl_quantum_2026summer/data/original data/Trajectories/2022-04-11/028_RR220411A_291C_1436.bmp,/content/rl_quantum_2026summer/data/original data/Trajectories/2022-04-11/050_RR220411A_370C_1458.bmp,3,1.0
Trajectories/2022-04-11/028_RR220411A_291C_1436.bmp,028_RR220411A_291C_1436.bmp,Trajectories/2022-04-11/050_RR220411A_370C_1458.bmp,050_RR220411A_370C_1458.bmp,HTR,not_apply,HL,,2025-12-15T20:54:27.295559,,,,HTR,Trajectories/2022-04-11/028_RR220411A_291C_1436.bmp || Trajectories/2022-04-11/050_RR220411A_370C_1458.bmp,/content/rl_quantum_2026summer/data/original data/Trajectories/2022-04-11/028_RR220411A_291C_1436.bmp,/content/rl_quantum_2026summer/data/original data/Trajectories/2022-04-11/050_RR220411A_370C_1458.bmp,4,1.0
Trajectories/2022-02-04/164_RR220204A_507C_1811.bmp,164_RR220204A_507C_1811.bmp,Trajectories/2022-02-06/074_RR220206A_430C_1809.bmp,074_RR220206A_430C_1809.bmp,(1 x 1),2,AJ,,2025-12-12T00:17:58.961099,,,,(1 x 1),Trajectories/2022-02-04/164_RR220204A_507C_1811.bmp || Trajectories/2022-02-06/074_RR220206A_430C_1809.bmp,/content/rl_quantum_2026summer/data/original data/Trajectories/2022-02-04/164_RR220204A_507C_1811.bmp,/content/rl_quantum_2026summer/data/original data/Trajectories/2022-02-06/074_RR220206A_430C_1809.bmp,0,1.0
Trajectories/2022-02-04/164_RR220204A_507C_1811.bmp,164_RR220204A_507C_1811.bmp,Trajectories/2022-02-06/074_RR220206A_430C_1809.bmp,074_RR220206A_430C_1809.bmp,(√13 x √13),1,AJ,,2025-12-12T00:17:59.643649,,,,(√13 x √13),Trajectories/2022-02-04/164_RR220204A_507C_1811.bmp || Trajectories/2022-02-06/074_RR220206A_430C_1809.bmp,/content/rl_quantum_2026summer/data/original data/Trajectories/2022-02-04/164_RR220204A_507C_1811.bmp,/content/rl_quantum_2026summer/data/original data/Trajectories/2022-02-06/074_RR220206A_430C_1809.bmp,3,1.0
Trajectories/2022-02-06/037_RR220206A_165C_1722.bmp,037_RR220206A_165C_1722.bmp,Trajectories/2022-04-11/219_RR220411A_865C_1720.bmp,219_RR220411A_865C_1720.bmp,(√13 x √13),2,AJ,,2025-12-26T08:12:16.205371,147.0,209.0,Confident,(√13 x √13),Trajectories/2022-02-06/037_RR220206A_165C_1722.bmp || Trajectories/2022-04-11/219_RR220411A_865C_1720.bmp,/content/rl_quantum_2026summer/data/original data/Trajectories/2022-02-06/037_RR220206A_165C_1722.bmp,/content/rl_quantum_2026summer/data/original data/Trajectories/2022-04-11/219_RR220411A_865C_1720.bmp,3,1.0
Trajectories/2022-02-06/037_RR220206A_165C_1722.bmp,037_RR220206A_165C_1722.bmp,Trajectories/2022-04-11/219_RR220411A_865C_1720.bmp,219_RR220411A_865C_1720.bmp,c(6 x 2),2,AJ,,2025-12-26T08:12:17.241128,147.0,209.0,Confident,c(6 x 2),Trajectories/2022-02-06/037_RR220206A_165C_1722.bmp || Trajectories/2022-04-11/219_RR220411A_865C_1720.bmp,/content/rl_quantum_2026summer/data/original data/Trajectories/2022-02-06/037_RR220206A_165C_1722.bmp,/content/rl_quantum_2026summer/data/original data/Trajectories/2022-04-11/219_RR220411A_865C_1720.bmp,2,1.0
Trajectories/2022-02-06/037_RR220206A_165C_1722.bmp,037_RR220206A_165C_1722.bmp,Trajectories/2022-04-11/219_RR220411A_865C_1720.bmp,219_RR220411A_865C_1720.bmp,Twinned(2 x 1),not_apply,AJ,,2025-12-26T08:12:18.318322,147.0,209.0,Confident,Twinned(2 x 1),Trajectories/2022-02-06/037_RR220206A_165C_1722.bmp || Trajectories/2022-04-11/219_RR220411A_865C_1720.bmp,/content/rl_quantum_2026summer/data/original data/Trajectories/2022-02-06/037_RR220206A_165C_1722.bmp,/content/rl_quantum_2026summer/data/original data/Trajectories/2022-04-11/219_RR220411A_865C_1720.bmp,1,1.0
Trajectories/2022-02-06/037_RR220206A_165C_1722.bmp,037_RR220206A_165C_1722.bmp,Trajectories/2022-04-11/219_RR220411A_865C_1720.bmp,219_RR220411A_865C_1720.bmp,(1 x 1),1,AJ,,2025-12-26T08:12:19.509080,147.0,209.0,Confident,(1 x 1),Trajectories/2022-02-06/037_RR220206A_165C_1722.bmp || Trajectories/2022-04-11/219_RR220411A_865C_1720.bmp,/content/rl_quantum_2026summer/data/original data/Trajectories/2022-02-06/037_RR220206A_165C_1722.bmp,/content/rl_quantum_2026summer/data/original data/Trajectories/2022-04-11/219_RR220411A_865C_1720.bmp,0,1.0
Trajectories/2022-02-06/037_RR220206A_165C_1722.bmp,037_RR220206A_165C_1722.bmp,Trajectories/2022-04-11/219_RR220411A_865C_1720.bmp,219_RR220411A_865C_1720.bmp,HTR,not_apply,AJ,,2025-12-26T08:12:20.521106,147.0,209.0,Confident,HTR,Trajectories/2022-02-06/037_RR220206A_165C_1722.bmp || Trajectories/2022-04-11/219_RR220411A_865C_1720.bmp,/content/rl_quantum_2026summer/data/original data/Trajectories/2022-02-06/037_RR220206A_165C_1722.bmp,/content/rl_quantum_2026summer/data/original data/Trajectories/2022-04-11/219_RR220411A_865C_1720.bmp,4,1.0
Trajectories/2022-04-11/437_RR220411A_345C_2004.bmp,437_RR220411A_345C_2004.bmp,Trajectories/2022-02-04/181_RR220204A_572C_1825.bmp,181_RR220204A_572C_1825.bmp,c(6 x 2),1,HL,,2025-12-15T21:07:11.235892,,,,c(6 x 2),Trajectories/2022-02-04/181_RR220204A_572C_1825.bmp || Trajectories/2022-04-11/437_RR220411A_345C_2004.bmp,/content/rl_quantum_2026summer/data/original data/Trajectories/2022-04-11/437_RR220411A_345C_2004.bmp,/content/rl_quantum_2026summer/data/original data/Trajectories/2022-02-04/181_RR220204A_572C_1825.bmp,2,1.0
Trajectories/2022-04-11/437_RR220411A_345C_2004.bmp,437_RR220411A_345C_2004.bmp,Trajectories/2022-02-04/181_RR220204A_572C_1825.bmp,181_RR220204A_572C_1825.bmp,HTR,not_apply,HL,,2025-12-15T21:07:12.137885,,,,HTR,Trajectories/2022-02-04/181_RR220204A_572C_1825.bmp || Trajectories/2022-04-11/437_RR220411A_345C_2004.bmp,/content/rl_quantum_2026summer/data/original data/Trajectories/2022-04-11/437_RR220411A_345C_2004.bmp,/content/rl_quantum_2026summer/data/original data/Trajectories/2022-02-04/181_RR220204A_572C_1825.bmp,4,1.0
Trajectories/2022-04-11/437_RR220411A_345C_2004.bmp,437_RR220411A_345C_2004.bmp,Trajectories/2022-02-04/181_RR220204A_572C_1825.bmp,181_RR220204A_572C_1825.bmp,(1 x 1),not_apply,HL,,2025-12-15T21:07:13.104534,,,,(1 x 1),Trajectories/2022-02-04/181_RR220204A_572C_1825.bmp || Trajectories/2022-04-11/437_RR220411A_345C_2004.bmp,/content/rl_quantum_2026summer/data/original data/Trajectories/2022-04-11/437_RR220411A_345C_2004.bmp,/content/rl_quantum_2026summer/data/original data/Trajectories/2022-02-04/181_RR220204A_572C_1825.bmp,0,1.0
Trajectories/2022-04-11/437_RR220411A_345C_2004.bmp,437_RR220411A_345C_2004.bmp,Trajectories/2022-02-04/181_RR220204A_572C_1825.bmp,181_RR220204A_572C_1825.bmp,(√13 x √13),1,HL,,2025-12-15T21:07:14.262371,,,,(√13 x √13),Trajectories/2022-02-04/181_RR220204A_572C_1825.bmp || Trajectories/2022-04-11/437_RR220411A_345C_2004.bmp,/content/rl_quantum_2026summer/data/original data/Trajectories/2022-04-11/437_RR220411A_345C_2004.bmp,/content/rl_quantum_2026summer/data/original data/Trajectories/2022-02-04/181_RR220204A_572C_1825.bmp,3,1.0
Trajectories/2022-04-11/437_RR220411A_345C_2004.bmp,437_RR220411A_345C_2004.bmp,Trajectories/2022-02-04/181_RR220204A_572C_1825.bmp,181_RR220204A_572C_1825.bmp,Twinned(2 x 1),2,HL,,2025-12-15T21:07:15.202419,,,,Twinned(2 x 1),Trajectories/2022-02-04/181_RR220204A_572C_1825.bmp || Trajectories/2022-04-11/437_RR220411A_345C_2004.bmp,/content/rl_quantum_2026summer/data/original data/Trajectories/2022-04-11/437_RR220411A_345C_2004.bmp,/content/rl_quantum_2026summer/data/original data/Trajectories/2022-02-04/181_RR220204A_572C_1825.bmp,1,1.0
Trajectories/2022-04-11/338_RR220411A_734C_1915.bmp,338_RR220411A_734C_1915.bmp,Trajectories/2022-02-06/206_RR220206A_875C_2113.bmp,206_RR220206A_875C_2113.bmp,(1 x 1),tie,SY,,2025-12-15T20:52:06.170532,,,,(1 x 1),Trajectories/2022-02-06/206_RR220206A_875C_2113.bmp || Trajectories/2022-04-11/338_RR220411A_734C_1915.bmp,/content/rl_quantum_2026summer/data/original data/Trajectories/2022-04-11/338_RR220411A_734C_1915.bmp,/content/rl_quantum_2026summer/data/original data/Trajectories/2022-02-06/206_RR220206A_875C_2113.bmp,0,1.0
Trajectories/2022-04-11/338_RR220411A_734C_1915.bmp,338_RR220411A_734C_1915.bmp,Trajectories/2022-02-06/206_RR220206A_875C_2113.bmp,206_RR220206A_875C_2113.bmp,(√13 x √13),1,SY,,2025-12-15T20:52:08.119099,,,,(√13 x √13),Trajectories/2022-02-06/206_RR220206A_875C_2113.bmp || Trajectories/2022-04-11/338_RR220411A_734C_1915.bmp,/content/rl_quantum_2026summer/data/original data/Trajectories/2022-04-11/338_RR220411A_734C_1915.bmp,/content/rl_quantum_2026summer/data/original data/Trajectories/2022-02-06/206_RR220206A_875C_2113.bmp,3,1.0
Trajectories/2022-04-11/338_RR220411A_734C_1915.bmp,338_RR220411A_734C_1915.bmp,Trajectories/2022-02-06/206_RR220206A_875C_2113.bmp,206_RR220206A_875C_2113.bmp,HTR,2,SY,,2025-12-15T20:52:09.221177,,,,HTR,Trajectories/2022-02-06/206_RR220206A_875C_2113.bmp || Trajectories/2022-04-11/338_RR220411A_734C_1915.bmp,/content/rl_quantum_2026summer/data/original data/Trajectories/2022-04-11/338_RR220411A_734C_1915.bmp,/content/rl_quantum_2026summer/data/original data/Trajectories/2022-02-06/206_RR220206A_875C_2113.bmp,4,1.0
Trajectories/2022-04-11/338_RR220411A_734C_1915.bmp,338_RR220411A_734C_1915.bmp,Trajectories/2022-02-06/206_RR220206A_875C_2113.bmp,206_RR220206A_875C_2113.bmp,c(6 x 2),1,SY,,2025-12-15T20:52:10.614561,,,,c(6 x 2),Trajectories/2022-02-06/206_RR220206A_875C_2113.bmp || Trajectories/2022-04-11/338_RR220411A_734C_1915.bmp,/content/rl_quantum_2026summer/data/original data/Trajectories/2022-04-11/338_RR220411A_734C_1915.bmp,/content/rl_quantum_2026summer/data/original data/Trajectories/2022-02-06/206_RR220206A_875C_2113.bmp,2,1.0
Trajectories/2022-04-11/338_RR220411A_734C_1915.bmp,338_RR220411A_734C_1915.bmp,Trajectories/2022-02-06/206_RR220206A_875C_2113.bmp,206_RR220206A_875C_2113.bmp,Twinned(2 x 1),not_apply,SY,,2025-12-15T20:52:11.886048,,,,Twinned(2 x 1),Trajectories/2022-02-06/206_RR220206A_875C_2113.bmp || Trajectories/2022-04-11/338_RR220411A_734C_1915.bmp,/content/rl_quantum_2026summer/data/original data/Trajectories/2022-04-11/338_RR220411A_734C_1915.bmp,/content/rl_quantum_2026summer/data/original data/Trajectories/2022-02-06/206_RR220206A_875C_2113.bmp,1,1.0
Trajectories/2022-02-06/241_RR220206A_692C_2157.bmp,241_RR220206A_692C_2157.bmp,Trajectories/2022-04-11/201_RR220411A_843C_1711-01.bmp,201_RR220411A_843C_1711-01.bmp,Twinned(2 x 1),not_apply,HL,,2026-01-06T21:51:01.638435,312.0,308.0,Confident,Twinned(2 x 1),Trajectories/2022-02-06/241_RR220206A_692C_2157.bmp || Trajectories/2022-04-11/201_RR220411A_843C_1711-01.bmp,/content/rl_quantum_2026summer/data/original data/Trajectories/2022-02-06/241_RR220206A_692C_2157.bmp,/content/rl_quantum_2026summer/data/original data/Trajectories/2022-04-11/201_RR220411A_843C_1711-01.bmp,1,1.0
Trajectories/2022-02-06/241_RR220206A_692C_2157.bmp,241_RR220206A_692C_2157.bmp,Trajectories/2022-04-11/201_RR220411A_843C_1711-01.bmp,201_RR220411A_843C_1711-01.bmp,(1 x 1),1,HL,,2026-01-06T21:51:02.759982,312.0,308.0,Confident,(1 x 1),Trajectories/2022-02-06/241_RR220206A_692C_2157.bmp || Trajectories/2022-04-11/201_RR220411A_843C_1711-01.bmp,/content/rl_quantum_2026summer/data/original data/Trajectories/2022-02-06/241_RR220206A_692C_2157.bmp,/content/rl_quantum_2026summer/data/original data/Trajectories/2022-04-11/201_RR220411A_843C_1711-01.bmp,0,1.0
Trajectories/2022-02-06/241_RR220206A_692C_2157.bmp,241_RR220206A_692C_2157.bmp,Trajectories/2022-04-11/201_RR220411A_843C_1711-01.bmp,201_RR220411A_843C_1711-01.bmp,(√13 x √13),2,HL,,2026-01-06T21:51:03.653875,312.0,308.0,Confident,(√13 x √13),Trajectories/2022-02-06/241_RR220206A_692C_2157.bmp || Trajectories/2022-04-11/201_RR220411A_843C_1711-01.bmp,/content/rl_quantum_2026summer/data/original data/Trajectories/2022-02-06/241_RR220206A_692C_2157.bmp,/content/rl_quantum_2026summer/data/original data/Trajectories/2022-04-11/201_RR220411A_843C_1711-01.bmp,3,1.0
Trajectories/2022-02-06/241_RR220206A_692C_2157.bmp,241_RR220206A_692C_2157.bmp,Trajectories/2022-04-11/201_RR220411A_843C_1711-01.bmp,201_RR220411A_843C_1711-01.bmp,HTR,1,HL,,2026-01-06T21:51:04.502073,312.0,308.0,Confident,HTR,Trajectories/2022-02-06/241_RR220206A_692C_2157.bmp || Trajectories/2022-04-11/201_RR220411A_843C_1711-01.bmp,/content/rl_quantum_2026summer/data/original data/Trajectories/2022-02-06/241_RR220206A_692C_2157.bmp,/content/rl_quantum_2026summer/data/original data/Trajectories/2022-04-11/201_RR220411A_843C_1711-01.bmp,4,1.0
Trajectories/2022-02-06/241_RR220206A_692C_2157.bmp,241_RR220206A_692C_2157.bmp,Trajectories/2022-04-11/201_RR220411A_843C_1711-01.bmp,201_RR220411A_843C_1711-01.bmp,c(6 x 2),not_apply,HL,,2026-01-06T21:51:05.408432,312.0,308.0,Confident,c(6 x 2),Trajectories/2022-02-06/241_RR220206A_692C_2157.bmp || Trajectories/2022-04-11/201_RR220411A_843C_1711-01.bmp,/content/rl_quantum_2026summer/data/original data/Trajectories/2022-02-06/241_RR220206A_692C_2157.bmp,/content/rl_quantum_2026summer/data/original data/Trajectories/2022-04-11/201_RR220411A_843C_1711-01.bmp,2,1.0
Trajectories/2022-02-04/152_RR220204A_488C_1805-02.bmp,152_RR220204A_488C_1805-02.bmp,Trajectories/2022-04-11/173_RR220411A_755C_1643.bmp,173_RR220411A_755C_1643.bmp,c(6 x 2),not_apply,Jiangang,,2026-01-05T15:47:01.574717,276.0,321.0,Confident,c(6 x 2),Trajectories/2022-02-04/152_RR220204A_488C_1805-02.bmp || Trajectories/2022-04-11/173_RR220411A_755C_1643.bmp,/content/rl_quantum_2026summer/data/original data/Trajectories/2022-02-04/152_RR220204A_488C_1805-02.bmp,/content/rl_quantum_2026summer/data/original data/Trajectories/2022-04-11/173_RR220411A_755C_1643.bmp,2,1.0
Trajectories/2022-02-04/152_RR220204A_488C_1805-02.bmp,152_RR220204A_488C_1805-02.bmp,Trajectories/2022-04-11/173_RR220411A_755C_1643.bmp,173_RR220411A_755C_1643.bmp,(1 x 1),2,Jiangang,,2026-01-05T15:47:02.726942,276.0,321.0,Confident,(1 x 1),Trajectories/2022-02-04/152_RR220204A_488C_1805-02.bmp || Trajectories/2022-04-11/173_RR220411A_755C_1643.bmp,/content/rl_quantum_2026summer/data/original data/Trajectories/2022-02-04/152_RR220204A_488C_1805-02.bmp,/content/rl_quantum_2026summer/data/original data/Trajectories/2022-04-11/173_RR220411A_755C_1643.bmp,0,1.0
Trajectories/2022-02-04/152_RR220204A_488C_1805-02.bmp,152_RR220204A_488C_1805-02.bmp,Trajectories/2022-04-11/173_RR220411A_755C_1643.bmp,173_RR220411A_755C_1643.bmp,HTR,not_apply,Jiangang,,2026-01-05T15:47:03.735044,276.0,321.0,Confident,HTR,Trajectories/2022-02-04/152_RR220204A_488C_1805-02.bmp || Trajectories/2022-04-11/173_RR220411A_755C_1643.bmp,/content/rl_quantum_2026summer/data/original data/Trajectories/2022-02-04/152_RR220204A_488C_1805-02.bmp,/content/rl_quantum_2026summer/data/original data/Trajectories/2022-04-11/173_RR220411A_755C_1643.bmp,4,1.0
Trajectories/2022-02-04/152_RR220204A_488C_1805-02.bmp,152_RR220204A_488C_1805-02.bmp,Trajectories/2022-04-11/173_RR220411A_755C_1643.bmp,173_RR220411A_755C_1643.bmp,Twinned(2 x 1),1,Jiangang,,2026-01-05T15:47:04.745549,276.0,321.0,Confident,Twinned(2 x 1),Trajectories/2022-02-04/152_RR220204A_488C_1805-02.bmp || Trajectories/2022-04-11/173_RR220411A_755C_1643.bmp,/content/rl_quantum_2026summer/data/original data/Trajectories/2022-02-04/152_RR220204A_488C_1805-02.bmp,/content/rl_quantum_2026summer/data/original data/Trajectories/2022-04-11/173_RR220411A_755C_1643.bmp,1,1.0
Trajectories/2022-02-04/152_RR220204A_488C_1805-02.bmp,152_RR220204A_488C_1805-02.bmp,Trajectories/2022-04-11/173_RR220411A_755C_1643.bmp,173_RR220411A_755C_1643.bmp,(√13 x √13),1,Jiangang,,2026-01-05T15:47:05.667741,276.0,321.0,Confident,(√13 x √13),Trajectories/2022-02-04/152_RR220204A_488C_1805-02.bmp || Trajectories/2022-04-11/173_RR220411A_755C_1643.bmp,/content/rl_quantum_2026summer/data/original data/Trajectories/2022-02-04/152_RR220204A_488C_1805-02.bmp,/content/rl_quantum_2026summer/data/original data/Trajectories/2022-04-11/173_RR220411A_755C_1643.bmp,3,1.0
Trajectories/2022-02-04/296_RR220204A_869C_2015.bmp,296_RR220204A_869C_2015.bmp,Trajectories/2022-04-11/009_RR220411A_206C_1423.bmp,009_RR220411A_206C_1423.bmp,(1 x 1),2,AJ,,2025-12-12T00:20:43.071402,,,,(1 x 1),Trajectories/2022-02-04/296_RR220204A_869C_2015.bmp || Trajectories/2022-04-11/009_RR220411A_206C_1423.bmp,/content/rl_quantum_2026summer/data/original data/Trajectories/2022-02-04/296_RR220204A_869C_2015.bmp,/content/rl_quantum_2026summer/data/original data/Trajectories/2022-04-11/009_RR220411A_206C_1423.bmp,0,1.0
Trajectories/2022-02-04/296_RR220204A_869C_2015.bmp,296_RR220204A_869C_2015.bmp,Trajectories/2022-04-11/009_RR220411A_206C_1423.bmp,009_RR220411A_206C_1423.bmp,(√13 x √13),1,AJ,,2025-12-12T00:20:44.010217,,,,(√13 x √13),Trajectories/2022-02-04/296_RR220204A_869C_2015.bmp || Trajectories/2022-04-11/009_RR220411A_206C_1423.bmp,/content/rl_quantum_2026summer/data/original data/Trajectories/2022-02-04/296_RR220204A_869C_2015.bmp,/content/rl_quantum_2026summer/data/original data/Trajectories/2022-04-11/009_RR220411A_206C_1423.bmp,3,1.0
Trajectories/2022-04-11/225_RR220411A_873C_1724.bmp,225_RR220411A_873C_1724.bmp,Trajectories/2022-02-04/021_RR220204A_981C_0126-03.bmp,021_RR220204A_981C_0126-03.bmp,c(6 x 2),1,HL,,2026-01-06T21:50:38.039277,291.0,279.0,Confident,c(6 x 2),Trajectories/2022-02-04/021_RR220204A_981C_0126-03.bmp || Trajectories/2022-04-11/225_RR220411A_873C_1724.bmp,/content/rl_quantum_2026summer/data/original data/Trajectories/2022-04-11/225_RR220411A_873C_1724.bmp,/content/rl_quantum_2026summer/data/original data/Trajectories/2022-02-04/021_RR220204A_981C_0126-03.bmp,2,1.0
Trajectories/2022-04-11/225_RR220411A_873C_1724.bmp,225_RR220411A_873C_1724.bmp,Trajectories/2022-02-04/021_RR220204A_981C_0126-03.bmp,021_RR220204A_981C_0126-03.bmp,Twinned(2 x 1),2,HL,,2026-01-06T21:50:39.027234,291.0,279.0,Confident,Twinned(2 x 1),Trajectories/2022-02-04/021_RR220204A_981C_0126-03.bmp || Trajectories/2022-04-11/225_RR220411A_873C_1724.bmp,/content/rl_quantum_2026summer/data/original data/Trajectories/2022-04-11/225_RR220411A_873C_1724.bmp,/content/rl_quantum_2026summer/data/original data/Trajectories/2022-02-04/021_RR220204A_981C_0126-03.bmp,1,1.0
Trajectories/2022-04-11/225_RR220411A_873C_1724.bmp,225_RR220411A_873C_1724.bmp,Trajectories/2022-02-04/021_RR220204A_981C_0126-03.bmp,021_RR220204A_981C_0126-03.bmp,(1 x 1),2,HL,,2026-01-06T21:50:39.948581,291.0,279.0,Confident,(1 x 1),Trajectories/2022-02-04/021_RR220204A_981C_0126-03.bmp || Trajectories/2022-04-11/225_RR220411A_873C_1724.bmp,/content/rl_quantum_2026summer/data/original data/Trajectories/2022-04-11/225_RR220411A_873C_1724.bmp,/content/rl_quantum_2026summer/data/original data/Trajectories/2022-02-04/021_RR220204A_981C_0126-03.bmp,0,1.0
Trajectories/2022-04-11/225_RR220411A_873C_1724.bmp,225_RR220411A_873C_1724.bmp,Trajectories/2022-02-04/021_RR220204A_981C_0126-03.bmp,021_RR220204A_981C_0126-03.bmp,(√13 x √13),2,HL,,2026-01-06T21:50:40.883625,291.0,279.0,Confident,(√13 x √13),Trajectories/2022-02-04/021_RR220204A_981C_0126-03.bmp || Trajectories/2022-04-11/225_RR220411A_873C_1724.bmp,/content/rl_quantum_2026summer/data/original data/Trajectories/2022-04-11/225_RR220411A_873C_1724.bmp,/content/rl_quantum_2026summer/data/original data/Trajectories/2022-02-04/021_RR220204A_981C_0126-03.bmp,3,1.0
Trajectories/2022-04-11/225_RR220411A_873C_1724.bmp,225_RR220411A_873C_1724.bmp,Trajectories/2022-02-04/021_RR220204A_981C_0126-03.bmp,021_RR220204A_981C_0126-03.bmp,HTR,1,HL,,2026-01-06T21:50:41.743592,291.0,279.0,Confident,HTR,Trajectories/2022-02-04/021_RR220204A_981C_0126-03.bmp || Trajectories/2022-04-11/225_RR220411A_873C_1724.bmp,/content/rl_quantum_2026summer/data/original data/Trajectories/2022-04-11/225_RR220411A_873C_1724.bmp,/content/rl_quantum_2026summer/data/original data/Trajectories/2022-02-04/021_RR220204A_981C_0126-03.bmp,4,1.0
Trajectories/2022-02-04/319_RR220204A_918C_2037.bmp,319_RR220204A_918C_2037.bmp,Trajectories/2022-02-04/354_RR220204A_951C_2141.bmp,354_RR220204A_951C_2141.bmp,Twinned(2 x 1),1,HL,,2025-12-15T20:53:44.999029,,,,Twinned(2 x 1),Trajectories/2022-02-04/319_RR220204A_918C_2037.bmp || Trajectories/2022-02-04/354_RR220204A_951C_2141.bmp,/content/rl_quantum_2026summer/data/original data/Trajectories/2022-02-04/319_RR220204A_918C_2037.bmp,/content/rl_quantum_2026summer/data/original data/Trajectories/2022-02-04/354_RR220204A_951C_2141.bmp,1,1.0
Trajectories/2022-02-04/319_RR220204A_918C_2037.bmp,319_RR220204A_918C_2037.bmp,Trajectories/2022-02-04/354_RR220204A_951C_2141.bmp,354_RR220204A_951C_2141.bmp,(√13 x √13),2,HL,,2025-12-15T20:53:46.240690,,,,(√13 x √13),Trajectories/2022-02-04/319_RR220204A_918C_2037.bmp || Trajectories/2022-02-04/354_RR220204A_951C_2141.bmp,/content/rl_quantum_2026summer/data/original data/Trajectories/2022-02-04/319_RR220204A_918C_2037.bmp,/content/rl_quantum_2026summer/data/original data/Trajectories/2022-02-04/354_RR220204A_951C_2141.bmp,3,1.0
Trajectories/2022-02-04/319_RR220204A_918C_2037.bmp,319_RR220204A_918C_2037.bmp,Trajectories/2022-02-04/354_RR220204A_951C_2141.bmp,354_RR220204A_951C_2141.bmp,c(6 x 2),not_apply,HL,,2025-12-15T20:53:47.203783,,,,c(6 x 2),Trajectories/2022-02-04/319_RR220204A_918C_2037.bmp || Trajectories/2022-02-04/354_RR220204A_951C_2141.bmp,/content/rl_quantum_2026summer/data/original data/Trajectories/2022-02-04/319_RR220204A_918C_2037.bmp,/content/rl_quantum_2026summer/data/original data/Trajectories/2022-02-04/354_RR220204A_951C_2141.bmp,2,1.0
Trajectories/2022-02-04/319_RR220204A_918C_2037.bmp,319_RR220204A_918C_2037.bmp,Trajectories/2022-02-04/354_RR220204A_951C_2141.bmp,354_RR220204A_951C_2141.bmp,HTR,not_apply,HL,,2025-12-15T20:53:48.266445,,,,HTR,Trajectories/2022-02-04/319_RR220204A_918C_2037.bmp || Trajectories/2022-02-04/354_RR220204A_951C_2141.bmp,/content/rl_quantum_2026summer/data/original data/Trajectories/2022-02-04/319_RR220204A_918C_2037.bmp,/content/rl_quantum_2026summer/data/original data/Trajectories/2022-02-04/354_RR220204A_951C_2141.bmp,4,1.0
Trajectories/2022-02-04/319_RR220204A_918C_2037.bmp,319_RR220204A_918C_2037.bmp,Trajectories/2022-02-04/354_RR220204A_951C_2141.bmp,354_RR220204A_951C_2141.bmp,(1 x 1),not_apply,HL,,2025-12-15T20:53:49.408823,,,,(1 x 1),Trajectories/2022-02-04/319_RR220204A_918C_2037.bmp || Trajectories/2022-02-04/354_RR220204A_951C_2141.bmp,/content/rl_quantum_2026summer/data/original data/Trajectories/2022-02-04/319_RR220204A_918C_2037.bmp,/content/rl_quantum_2026summer/data/original data/Trajectories/2022-02-04/354_RR220204A_951C_2141.bmp,0,1.0
Trajectories/2022-04-11/063_RR220411A_402C_1510.bmp,063_RR220411A_402C_1510.bmp,Trajectories/2022-04-11/268_RR220411A_952C_1801.bmp,268_RR220411A_952C_1801.bmp,HTR,not_apply,AJ,,2025-12-26T10:54:36.936401,181.0,195.0,Confident,HTR,Trajectories/2022-04-11/063_RR220411A_402C_1510.bmp || Trajectories/2022-04-11/268_RR220411A_952C_1801.bmp,/content/rl_quantum_2026summer/data/original data/Trajectories/2022-04-11/063_RR220411A_402C_1510.bmp,/content/rl_quantum_2026summer/data/original data/Trajectories/2022-04-11/268_RR220411A_952C_1801.bmp,4,1.0
Trajectories/2022-04-11/063_RR220411A_402C_1510.bmp,063_RR220411A_402C_1510.bmp,Trajectories/2022-04-11/268_RR220411A_952C_1801.bmp,268_RR220411A_952C_1801.bmp,(1 x 1),1,AJ,,2025-12-26T10:54:37.847960,181.0,195.0,Confident,(1 x 1),Trajectories/2022-04-11/063_RR220411A_402C_1510.bmp || Trajectories/2022-04-11/268_RR220411A_952C_1801.bmp,/content/rl_quantum_2026summer/data/original data/Trajectories/2022-04-11/063_RR220411A_402C_1510.bmp,/content/rl_quantum_2026summer/data/original data/Trajectories/2022-04-11/268_RR220411A_952C_1801.bmp,0,1.0
Trajectories/2022-04-11/063_RR220411A_402C_1510.bmp,063_RR220411A_402C_1510.bmp,Trajectories/2022-04-11/268_RR220411A_952C_1801.bmp,268_RR220411A_952C_1801.bmp,Twinned(2 x 1),2,AJ,,2025-12-26T10:54:38.862592,181.0,195.0,Confident,Twinned(2 x 1),Trajectories/2022-04-11/063_RR220411A_402C_1510.bmp || Trajectories/2022-04-11/268_RR220411A_952C_1801.bmp,/content/rl_quantum_2026summer/data/original data/Trajectories/2022-04-11/063_RR220411A_402C_1510.bmp,/content/rl_quantum_2026summer/data/original data/Trajectories/2022-04-11/268_RR220411A_952C_1801.bmp,1,1.0
Trajectories/2022-04-11/063_RR220411A_402C_1510.bmp,063_RR220411A_402C_1510.bmp,Trajectories/2022-04-11/268_RR220411A_952C_1801.bmp,268_RR220411A_952C_1801.bmp,c(6 x 2),2,AJ,,2025-12-26T10:54:39.821874,181.0,195.0,Confident,c(6 x 2),Trajectories/2022-04-11/063_RR220411A_402C_1510.bmp || Trajectories/2022-04-11/268_RR220411A_952C_1801.bmp,/content/rl_quantum_2026summer/data/original data/Trajectories/2022-04-11/063_RR220411A_402C_1510.bmp,/content/rl_quantum_2026summer/data/original data/Trajectories/2022-04-11/268_RR220411A_952C_1801.bmp,2,1.0
Trajectories/2022-04-11/063_RR220411A_402C_1510.bmp,063_RR220411A_402C_1510.bmp,Trajectories/2022-04-11/268_RR220411A_952C_1801.bmp,268_RR220411A_952C_1801.bmp,(√13 x √13),not_apply,AJ,,2025-12-26T10:54:40.725593,181.0,195.0,Confident,(√13 x √13),Trajectories/2022-04-11/063_RR220411A_402C_1510.bmp || Trajectories/2022-04-11/268_RR220411A_952C_1801.bmp,/content/rl_quantum_2026summer/data/original data/Trajectories/2022-04-11/063_RR220411A_402C_1510.bmp,/content/rl_quantum_2026summer/data/original data/Trajectories/2022-04-11/268_RR220411A_952C_1801.bmp,3,1.0
Trajectories/2022-02-04/093_RR220204A_397C_1722.bmp,093_RR220204A_397C_1722.bmp,Trajectories/2022-04-11/367_RR220411A_648C_1932.bmp,367_RR220411A_648C_1932.bmp,(1 x 1),1,AJ,,2025-12-11T15:15:49.686976,,,,(1 x 1),Trajectories/2022-02-04/093_RR220204A_397C_1722.bmp || Trajectories/2022-04-11/367_RR220411A_648C_1932.bmp,/content/rl_quantum_2026summer/data/original data/Trajectories/2022-02-04/093_RR220204A_397C_1722.bmp,/content/rl_quantum_2026summer/data/original data/Trajectories/2022-04-11/367_RR220411A_648C_1932.bmp,0,1.0
Trajectories/2022-02-04/093_RR220204A_397C_1722.bmp,093_RR220204A_397C_1722.bmp,Trajectories/2022-04-11/367_RR220411A_648C_1932.bmp,367_RR220411A_648C_1932.bmp,(√13 x √13),2,AJ,,2025-12-11T15:15:50.551998,,,,(√13 x √13),Trajectories/2022-02-04/093_RR220204A_397C_1722.bmp || Trajectories/2022-04-11/367_RR220411A_648C_1932.bmp,/content/rl_quantum_2026summer/data/original data/Trajectories/2022-02-04/093_RR220204A_397C_1722.bmp,/content/rl_quantum_2026summer/data/original data/Trajectories/2022-04-11/367_RR220411A_648C_1932.bmp,3,1.0
Trajectories/2022-02-04/303_RR220204A_917C_2021.bmp,303_RR220204A_917C_2021.bmp,Trajectories/2022-04-11/226_RR220411A_873C_1725.bmp,226_RR220411A_873C_1725.bmp,c(6 x 2),tie,AJ,,2025-12-26T08:12:58.531056,335.0,204.0,Confident,c(6 x 2),Trajectories/2022-02-04/303_RR220204A_917C_2021.bmp || Trajectories/2022-04-11/226_RR220411A_873C_1725.bmp,/content/rl_quantum_2026summer/data/original data/Trajectories/2022-02-04/303_RR220204A_917C_2021.bmp,/content/rl_quantum_2026summer/data/original data/Trajectories/2022-04-11/226_RR220411A_873C_1725.bmp,2,1.0
Trajectories/2022-02-04/303_RR220204A_917C_2021.bmp,303_RR220204A_917C_2021.bmp,Trajectories/2022-04-11/226_RR220411A_873C_1725.bmp,226_RR220411A_873C_1725.bmp,(√13 x √13),tie,AJ,,2025-12-26T08:12:59.493280,335.0,204.0,Confident,(√13 x √13),Trajectories/2022-02-04/303_RR220204A_917C_2021.bmp || Trajectories/2022-04-11/226_RR220411A_873C_1725.bmp,/content/rl_quantum_2026summer/data/original data/Trajectories/2022-02-04/303_RR220204A_917C_2021.bmp,/content/rl_quantum_2026summer/data/original data/Trajectories/2022-04-11/226_RR220411A_873C_1725.bmp,3,1.0
Trajectories/2022-02-04/303_RR220204A_917C_2021.bmp,303_RR220204A_917C_2021.bmp,Trajectories/2022-04-11/226_RR220411A_873C_1725.bmp,226_RR220411A_873C_1725.bmp,(1 x 1),not_apply,AJ,,2025-12-26T08:13:00.440229,335.0,204.0,Confident,(1 x 1),Trajectories/2022-02-04/303_RR220204A_917C_2021.bmp || Trajectories/2022-04-11/226_RR220411A_873C_1725.bmp,/content/rl_quantum_2026summer/data/original data/Trajectories/2022-02-04/303_RR220204A_917C_2021.bmp,/content/rl_quantum_2026summer/data/original data/Trajectories/2022-04-11/226_RR220411A_873C_1725.bmp,0,1.0
Trajectories/2022-02-04/303_RR220204A_917C_2021.bmp,303_RR220204A_917C_2021.bmp,Trajectories/2022-04-11/226_RR220411A_873C_1725.bmp,226_RR220411A_873C_1725.bmp,HTR,not_apply,AJ,,2025-12-26T08:13:01.588867,335.0,204.0,Confident,HTR,Trajectories/2022-02-04/303_RR220204A_917C_2021.bmp || Trajectories/2022-04-11/226_RR220411A_873C_1725.bmp,/content/rl_quantum_2026summer/data/original data/Trajectories/2022-02-04/303_RR220204A_917C_2021.bmp,/content/rl_quantum_2026summer/data/original data/Trajectories/2022-04-11/226_RR220411A_873C_1725.bmp,4,1.0
Trajectories/2022-02-04/303_RR220204A_917C_2021.bmp,303_RR220204A_917C_2021.bmp,Trajectories/2022-04-11/226_RR220411A_873C_1725.bmp,226_RR220411A_873C_1725.bmp,Twinned(2 x 1),not_apply,AJ,,2025-12-26T08:13:02.569286,335.0,204.0,Confident,Twinned(2 x 1),Trajectories/2022-02-04/303_RR220204A_917C_2021.bmp || Trajectories/2022-04-11/226_RR220411A_873C_1725.bmp,/content/rl_quantum_2026summer/data/original data/Trajectories/2022-02-04/303_RR220204A_917C_2021.bmp,/content/rl_quantum_2026summer/data/original data/Trajectories/2022-04-11/226_RR220411A_873C_1725.bmp,1,1.0
Trajectories/2022-04-11/183_RR220411A_794C_1655.bmp,183_RR220411A_794C_1655.bmp,Trajectories/2022-04-11/226_RR220411A_873C_1725.bmp,226_RR220411A_873C_1725.bmp,c(6 x 2),2,SY,,2025-12-10T17:02:15.862234,,,,c(6 x 2),Trajectories/2022-04-11/183_RR220411A_794C_1655.bmp || Trajectories/2022-04-11/226_RR220411A_873C_1725.bmp,/content/rl_quantum_2026summer/data/original data/Trajectories/2022-04-11/183_RR220411A_794C_1655.bmp,/content/rl_quantum_2026summer/data/original data/Trajectories/2022-04-11/226_RR220411A_873C_1725.bmp,2,1.0
Trajectories/2022-04-11/183_RR220411A_794C_1655.bmp,183_RR220411A_794C_1655.bmp,Trajectories/2022-04-11/226_RR220411A_873C_1725.bmp,226_RR220411A_873C_1725.bmp,(√13 x √13),2,SY,,2025-12-10T17:02:16.573074,,,,(√13 x √13),Trajectories/2022-04-11/183_RR220411A_794C_1655.bmp || Trajectories/2022-04-11/226_RR220411A_873C_1725.bmp,/content/rl_quantum_2026summer/data/original data/Trajectories/2022-04-11/183_RR220411A_794C_1655.bmp,/content/rl_quantum_2026summer/data/original data/Trajectories/2022-04-11/226_RR220411A_873C_1725.bmp,3,1.0
Trajectories/2022-04-11/183_RR220411A_794C_1655.bmp,183_RR220411A_794C_1655.bmp,Trajectories/2022-04-11/226_RR220411A_873C_1725.bmp,226_RR220411A_873C_1725.bmp,(1 x 1),tie,SY,,2025-12-10T17:02:17.241921,,,,(1 x 1),Trajectories/2022-04-11/183_RR220411A_794C_1655.bmp || Trajectories/2022-04-11/226_RR220411A_873C_1725.bmp,/content/rl_quantum_2026summer/data/original data/Trajectories/2022-04-11/183_RR220411A_794C_1655.bmp,/content/rl_quantum_2026summer/data/original data/Trajectories/2022-04-11/226_RR220411A_873C_1725.bmp,0,1.0
Trajectories/2022-04-11/183_RR220411A_794C_1655.bmp,183_RR220411A_794C_1655.bmp,Trajectories/2022-04-11/226_RR220411A_873C_1725.bmp,226_RR220411A_873C_1725.bmp,Twinned(2 x 1),not_apply,SY,,2025-12-10T17:02:17.909252,,,,Twinned(2 x 1),Trajectories/2022-04-11/183_RR220411A_794C_1655.bmp || Trajectories/2022-04-11/226_RR220411A_873C_1725.bmp,/content/rl_quantum_2026summer/data/original data/Trajectories/2022-04-11/183_RR220411A_794C_1655.bmp,/content/rl_quantum_2026summer/data/original data/Trajectories/2022-04-11/226_RR220411A_873C_1725.bmp,1,1.0
Trajectories/2022-04-11/183_RR220411A_794C_1655.bmp,183_RR220411A_794C_1655.bmp,Trajectories/2022-04-11/226_RR220411A_873C_1725.bmp,226_RR220411A_873C_1725.bmp,HTR,not_apply,SY,,2025-12-10T17:02:18.571634,,,,HTR,Trajectories/2022-04-11/183_RR220411A_794C_1655.bmp || Trajectories/2022-04-11/226_RR220411A_873C_1725.bmp,/content/rl_quantum_2026summer/data/original data/Trajectories/2022-04-11/183_RR220411A_794C_1655.bmp,/content/rl_quantum_2026summer/data/original data/Trajectories/2022-04-11/226_RR220411A_873C_1725.bmp,4,1.0
Trajectories/2022-04-11/366_RR220411A_654C_1930.bmp,366_RR220411A_654C_1930.bmp,Trajectories/2022-04-11/323_RR220411A_816C_1903.bmp,323_RR220411A_816C_1903.bmp,HTR,not_apply,SY,,2025-12-10T16:57:42.092980,,,,HTR,Trajectories/2022-04-11/323_RR220411A_816C_1903.bmp || Trajectories/2022-04-11/366_RR220411A_654C_1930.bmp,/content/rl_quantum_2026summer/data/original data/Trajectories/2022-04-11/366_RR220411A_654C_1930.bmp,/content/rl_quantum_2026summer/data/original data/Trajectories/2022-04-11/323_RR220411A_816C_1903.bmp,4,1.0
Trajectories/2022-04-11/366_RR220411A_654C_1930.bmp,366_RR220411A_654C_1930.bmp,Trajectories/2022-04-11/323_RR220411A_816C_1903.bmp,323_RR220411A_816C_1903.bmp,(√13 x √13),tie,SY,,2025-12-10T16:57:42.961149,,,,(√13 x √13),Trajectories/2022-04-11/323_RR220411A_816C_1903.bmp || Trajectories/2022-04-11/366_RR220411A_654C_1930.bmp,/content/rl_quantum_2026summer/data/original data/Trajectories/2022-04-11/366_RR220411A_654C_1930.bmp,/content/rl_quantum_2026summer/data/original data/Trajectories/2022-04-11/323_RR220411A_816C_1903.bmp,3,1.0
Trajectories/2022-04-11/366_RR220411A_654C_1930.bmp,366_RR220411A_654C_1930.bmp,Trajectories/2022-04-11/323_RR220411A_816C_1903.bmp,323_RR220411A_816C_1903.bmp,c(6 x 2),tie,SY,,2025-12-10T16:57:43.641358,,,,c(6 x 2),Trajectories/2022-04-11/323_RR220411A_816C_1903.bmp || Trajectories/2022-04-11/366_RR220411A_654C_1930.bmp,/content/rl_quantum_2026summer/data/original data/Trajectories/2022-04-11/366_RR220411A_654C_1930.bmp,/content/rl_quantum_2026summer/data/original data/Trajectories/2022-04-11/323_RR220411A_816C_1903.bmp,2,1.0
Trajectories/2022-04-11/366_RR220411A_654C_1930.bmp,366_RR220411A_654C_1930.bmp,Trajectories/2022-04-11/323_RR220411A_816C_1903.bmp,323_RR220411A_816C_1903.bmp,Twinned(2 x 1),not_apply,SY,,2025-12-10T16:57:44.332936,,,,Twinned(2 x 1),Trajectories/2022-04-11/323_RR220411A_816C_1903.bmp || Trajectories/2022-04-11/366_RR220411A_654C_1930.bmp,/content/rl_quantum_2026summer/data/original data/Trajectories/2022-04-11/366_RR220411A_654C_1930.bmp,/content/rl_quantum_2026summer/data/original data/Trajectories/2022-04-11/323_RR220411A_816C_1903.bmp,1,1.0
Trajectories/2022-04-11/366_RR220411A_654C_1930.bmp,366_RR220411A_654C_1930.bmp,Trajectories/2022-04-11/323_RR220411A_816C_1903.bmp,323_RR220411A_816C_1903.bmp,(1 x 1),tie,SY,,2025-12-10T16:57:45.015657,,,,(1 x 1),Trajectories/2022-04-11/323_RR220411A_816C_1903.bmp || Trajectories/2022-04-11/366_RR220411A_654C_1930.bmp,/content/rl_quantum_2026summer/data/original data/Trajectories/2022-04-11/366_RR220411A_654C_1930.bmp,/content/rl_quantum_2026summer/data/original data/Trajectories/2022-04-11/323_RR220411A_816C_1903.bmp,0,1.0
Trajectories/2022-02-04/378_RR220204A_938C_2312.bmp,378_RR220204A_938C_2312.bmp,Trajectories/2022-02-06/229_RR220206A_766C_2141.bmp,229_RR220206A_766C_2141.bmp,HTR,2,AJ,,2025-12-12T00:22:55.632331,,,,HTR,Trajectories/2022-02-04/378_RR220204A_938C_2312.bmp || Trajectories/2022-02-06/229_RR220206A_766C_2141.bmp,/content/rl_quantum_2026summer/data/original data/Trajectories/2022-02-04/378_RR220204A_938C_2312.bmp,/content/rl_quantum_2026summer/data/original data/Trajectories/2022-02-06/229_RR220206A_766C_2141.bmp,4,1.0
Trajectories/2022-02-04/378_RR220204A_938C_2312.bmp,378_RR220204A_938C_2312.bmp,Trajectories/2022-02-06/229_RR220206A_766C_2141.bmp,229_RR220206A_766C_2141.bmp,(√13 x √13),1,AJ,,2025-12-12T00:22:56.345066,,,,(√13 x √13),Trajectories/2022-02-04/378_RR220204A_938C_2312.bmp || Trajectories/2022-02-06/229_RR220206A_766C_2141.bmp,/content/rl_quantum_2026summer/data/original data/Trajectories/2022-02-04/378_RR220204A_938C_2312.bmp,/content/rl_quantum_2026summer/data/original data/Trajectories/2022-02-06/229_RR220206A_766C_2141.bmp,3,1.0
Trajectories/2022-02-04/337_RR220204A_938C_2106.bmp,337_RR220204A_938C_2106.bmp,Trajectories/2022-02-04/205_RR220204A_642C_1839-02.bmp,205_RR220204A_642C_1839-02.bmp,(√13 x √13),tie,AJ,,2025-12-12T00:21:51.672406,,,,(√13 x √13),Trajectories/2022-02-04/205_RR220204A_642C_1839-02.bmp || Trajectories/2022-02-04/337_RR220204A_938C_2106.bmp,/content/rl_quantum_2026summer/data/original data/Trajectories/2022-02-04/337_RR220204A_938C_2106.bmp,/content/rl_quantum_2026summer/data/original data/Trajectories/2022-02-04/205_RR220204A_642C_1839-02.bmp,3,1.0
Trajectories/2022-02-04/019_RR220204A_981C_0126-01.bmp,019_RR220204A_981C_0126-01.bmp,Trajectories/2022-04-11/035_RR220411A_314C_1442.bmp,035_RR220411A_314C_1442.bmp,HTR,not_apply,HL,,2025-12-15T21:30:24.362722,,,,HTR,Trajectories/2022-02-04/019_RR220204A_981C_0126-01.bmp || Trajectories/2022-04-11/035_RR220411A_314C_1442.bmp,/content/rl_quantum_2026summer/data/original data/Trajectories/2022-02-04/019_RR220204A_981C_0126-01.bmp,/content/rl_quantum_2026summer/data/original data/Trajectories/2022-04-11/035_RR220411A_314C_1442.bmp,4,1.0
Trajectories/2022-02-04/019_RR220204A_981C_0126-01.bmp,019_RR220204A_981C_0126-01.bmp,Trajectories/2022-04-11/035_RR220411A_314C_1442.bmp,035_RR220411A_314C_1442.bmp,Twinned(2 x 1),1,HL,,2025-12-15T21:30:25.772467,,,,Twinned(2 x 1),Trajectories/2022-02-04/019_RR220204A_981C_0126-01.bmp || Trajectories/2022-04-11/035_RR220411A_314C_1442.bmp,/content/rl_quantum_2026summer/data/original data/Trajectories/2022-02-04/019_RR220204A_981C_0126-01.bmp,/content/rl_quantum_2026summer/data/original data/Trajectories/2022-04-11/035_RR220411A_314C_1442.bmp,1,1.0
Trajectories/2022-02-04/019_RR220204A_981C_0126-01.bmp,019_RR220204A_981C_0126-01.bmp,Trajectories/2022-04-11/035_RR220411A_314C_1442.bmp,035_RR220411A_314C_1442.bmp,(1 x 1),2,HL,,2025-12-15T21:30:26.991611,,,,(1 x 1),Trajectories/2022-02-04/019_RR220204A_981C_0126-01.bmp || Trajectories/2022-04-11/035_RR220411A_314C_1442.bmp,/content/rl_quantum_2026summer/data/original data/Trajectories/2022-02-04/019_RR220204A_981C_0126-01.bmp,/content/rl_quantum_2026summer/data/original data/Trajectories/2022-04-11/035_RR220411A_314C_1442.bmp,0,1.0
Trajectories/2022-02-04/019_RR220204A_981C_0126-01.bmp,019_RR220204A_981C_0126-01.bmp,Trajectories/2022-04-11/035_RR220411A_314C_1442.bmp,035_RR220411A_314C_1442.bmp,c(6 x 2),not_apply,HL,,2025-12-15T21:30:28.219463,,,,c(6 x 2),Trajectories/2022-02-04/019_RR220204A_981C_0126-01.bmp || Trajectories/2022-04-11/035_RR220411A_314C_1442.bmp,/content/rl_quantum_2026summer/data/original data/Trajectories/2022-02-04/019_RR220204A_981C_0126-01.bmp,/content/rl_quantum_2026summer/data/original data/Trajectories/2022-04-11/035_RR220411A_314C_1442.bmp,2,1.0
Trajectories/2022-02-04/019_RR220204A_981C_0126-01.bmp,019_RR220204A_981C_0126-01.bmp,Trajectories/2022-04-11/035_RR220411A_314C_1442.bmp,035_RR220411A_314C_1442.bmp,(√13 x √13),1,HL,,2025-12-15T21:30:29.483515,,,,(√13 x √13),Trajectories/2022-02-04/019_RR220204A_981C_0126-01.bmp || Trajectories/2022-04-11/035_RR220411A_314C_1442.bmp,/content/rl_quantum_2026summer/data/original data/Trajectories/2022-02-04/019_RR220204A_981C_0126-01.bmp,/content/rl_quantum_2026summer/data/original data/Trajectories/2022-04-11/035_RR220411A_314C_1442.bmp,3,1.0
