seed,extractor,head,image,truth,prediction
42,raw_pixels_64,1nn,original data/STO_ideal_1x1/1x1_21.bmp,(1 x 1),(1 x 1)
42,raw_pixels_64,1nn,original data/STO_ideal_1x1/1x1_15.bmp,(1 x 1),(1 x 1)
42,raw_pixels_64,1nn,original data/STO_ideal_1x1/1x1_22.bmp,(1 x 1),(1 x 1)
42,raw_pixels_64,1nn,original data/STO_ideal_1x1/ideal_1x1_48.bmp,(1 x 1),(1 x 1)
42,raw_pixels_64,1nn,original data/STO_ideal_1x1/ideal_1x1_37.bmp,(1 x 1),(1 x 1)
42,raw_pixels_64,1nn,original data/STO_ideal_1x1/ideal_1x1_36.bmp,(1 x 1),(1 x 1)
42,raw_pixels_64,1nn,original data/STO_ideal_1x1/ideal_1x1_42.bmp,(1 x 1),(1 x 1)
42,raw_pixels_64,1nn,original data/STO_ideal_1x1/1x1_23.bmp,(1 x 1),(1 x 1)
42,raw_pixels_64,1nn,original data/STO_ideal_c6x2/c6x2_20.bmp,c(6 x 2),c(6 x 2)
42,raw_pixels_64,1nn,original data/STO_ideal_c6x2/c6x2_21.bmp,c(6 x 2),c(6 x 2)
42,raw_pixels_64,1nn,original data/STO_ideal_c6x2/c6x2_2.bmp,c(6 x 2),c(6 x 2)
42,raw_pixels_64,1nn,original data/STO_ideal_c6x2/Twinned2x1_5_(!).bmp,c(6 x 2),(√13 x √13)
42,raw_pixels_64,1nn,original data/STO_ideal_c6x2/ideal_c6x2_31.bmp,c(6 x 2),c(6 x 2)
42,raw_pixels_64,1nn,original data/STO_ideal_c6x2/c6x2_19.bmp,c(6 x 2),c(6 x 2)
42,raw_pixels_64,1nn,original data/STO_ideal_c6x2/ideal_c6x2_26.bmp,c(6 x 2),c(6 x 2)
42,raw_pixels_64,1nn,original data/STO_ideal_c6x2/c6x2_15.bmp,c(6 x 2),c(6 x 2)
42,raw_pixels_64,1nn,original data/STO_ideal_RT13/RT13_1.png,(√13 x √13),(√13 x √13)
42,raw_pixels_64,1nn,original data/STO_ideal_RT13/RT13_3.png,(√13 x √13),HTR
42,raw_pixels_64,1nn,original data/STO_ideal_RT13/RT13_29.bmp,(√13 x √13),(√13 x √13)
42,raw_pixels_64,1nn,original data/STO_ideal_RT13/RT13_15.png,(√13 x √13),(√13 x √13)
42,raw_pixels_64,1nn,original data/STO_ideal_RT13/RT13_38.bmp,(√13 x √13),(√13 x √13)
42,raw_pixels_64,1nn,original data/STO_ideal_RT13/RT13_27.bmp,(√13 x √13),(√13 x √13)
42,raw_pixels_64,1nn,original data/STO_ideal_RT13/RT13_40.bmp,(√13 x √13),(√13 x √13)
42,raw_pixels_64,1nn,original data/STO_ideal_HTR/HTR_9.png,HTR,HTR
42,raw_pixels_64,1nn,original data/STO_ideal_HTR/HTR_31.bmp,HTR,HTR
42,raw_pixels_64,1nn,original data/STO_ideal_HTR/HTR_20.png,HTR,HTR
42,raw_pixels_64,1nn,original data/STO_ideal_HTR/HTR_14.png,HTR,c(6 x 2)
42,raw_pixels_64,1nn,original data/STO_ideal_HTR/HTR_6.png,HTR,HTR
42,raw_pixels_64,5nn,original data/STO_ideal_1x1/1x1_21.bmp,(1 x 1),(1 x 1)
42,raw_pixels_64,5nn,original data/STO_ideal_1x1/1x1_15.bmp,(1 x 1),(1 x 1)
42,raw_pixels_64,5nn,original data/STO_ideal_1x1/1x1_22.bmp,(1 x 1),(1 x 1)
42,raw_pixels_64,5nn,original data/STO_ideal_1x1/ideal_1x1_48.bmp,(1 x 1),(1 x 1)
42,raw_pixels_64,5nn,original data/STO_ideal_1x1/ideal_1x1_37.bmp,(1 x 1),(1 x 1)
42,raw_pixels_64,5nn,original data/STO_ideal_1x1/ideal_1x1_36.bmp,(1 x 1),(1 x 1)
42,raw_pixels_64,5nn,original data/STO_ideal_1x1/ideal_1x1_42.bmp,(1 x 1),(1 x 1)
42,raw_pixels_64,5nn,original data/STO_ideal_1x1/1x1_23.bmp,(1 x 1),(1 x 1)
42,raw_pixels_64,5nn,original data/STO_ideal_c6x2/c6x2_20.bmp,c(6 x 2),c(6 x 2)
42,raw_pixels_64,5nn,original data/STO_ideal_c6x2/c6x2_21.bmp,c(6 x 2),c(6 x 2)
42,raw_pixels_64,5nn,original data/STO_ideal_c6x2/c6x2_2.bmp,c(6 x 2),c(6 x 2)
42,raw_pixels_64,5nn,original data/STO_ideal_c6x2/Twinned2x1_5_(!).bmp,c(6 x 2),(√13 x √13)
42,raw_pixels_64,5nn,original data/STO_ideal_c6x2/ideal_c6x2_31.bmp,c(6 x 2),c(6 x 2)
42,raw_pixels_64,5nn,original data/STO_ideal_c6x2/c6x2_19.bmp,c(6 x 2),c(6 x 2)
42,raw_pixels_64,5nn,original data/STO_ideal_c6x2/ideal_c6x2_26.bmp,c(6 x 2),c(6 x 2)
42,raw_pixels_64,5nn,original data/STO_ideal_c6x2/c6x2_15.bmp,c(6 x 2),c(6 x 2)
42,raw_pixels_64,5nn,original data/STO_ideal_RT13/RT13_1.png,(√13 x √13),HTR
42,raw_pixels_64,5nn,original data/STO_ideal_RT13/RT13_3.png,(√13 x √13),HTR
42,raw_pixels_64,5nn,original data/STO_ideal_RT13/RT13_29.bmp,(√13 x √13),(√13 x √13)
42,raw_pixels_64,5nn,original data/STO_ideal_RT13/RT13_15.png,(√13 x √13),(√13 x √13)
42,raw_pixels_64,5nn,original data/STO_ideal_RT13/RT13_38.bmp,(√13 x √13),(√13 x √13)
42,raw_pixels_64,5nn,original data/STO_ideal_RT13/RT13_27.bmp,(√13 x √13),(√13 x √13)
42,raw_pixels_64,5nn,original data/STO_ideal_RT13/RT13_40.bmp,(√13 x √13),(√13 x √13)
42,raw_pixels_64,5nn,original data/STO_ideal_HTR/HTR_9.png,HTR,HTR
42,raw_pixels_64,5nn,original data/STO_ideal_HTR/HTR_31.bmp,HTR,HTR
42,raw_pixels_64,5nn,original data/STO_ideal_HTR/HTR_20.png,HTR,HTR
42,raw_pixels_64,5nn,original data/STO_ideal_HTR/HTR_14.png,HTR,c(6 x 2)
42,raw_pixels_64,5nn,original data/STO_ideal_HTR/HTR_6.png,HTR,HTR
42,raw_pixels_64,logreg,original data/STO_ideal_1x1/1x1_21.bmp,(1 x 1),(1 x 1)
42,raw_pixels_64,logreg,original data/STO_ideal_1x1/1x1_15.bmp,(1 x 1),(1 x 1)
42,raw_pixels_64,logreg,original data/STO_ideal_1x1/1x1_22.bmp,(1 x 1),c(6 x 2)
42,raw_pixels_64,logreg,original data/STO_ideal_1x1/ideal_1x1_48.bmp,(1 x 1),(1 x 1)
42,raw_pixels_64,logreg,original data/STO_ideal_1x1/ideal_1x1_37.bmp,(1 x 1),(1 x 1)
42,raw_pixels_64,logreg,original data/STO_ideal_1x1/ideal_1x1_36.bmp,(1 x 1),(1 x 1)
42,raw_pixels_64,logreg,original data/STO_ideal_1x1/ideal_1x1_42.bmp,(1 x 1),(1 x 1)
42,raw_pixels_64,logreg,original data/STO_ideal_1x1/1x1_23.bmp,(1 x 1),(1 x 1)
42,raw_pixels_64,logreg,original data/STO_ideal_c6x2/c6x2_20.bmp,c(6 x 2),c(6 x 2)
42,raw_pixels_64,logreg,original data/STO_ideal_c6x2/c6x2_21.bmp,c(6 x 2),c(6 x 2)
42,raw_pixels_64,logreg,original data/STO_ideal_c6x2/c6x2_2.bmp,c(6 x 2),c(6 x 2)
42,raw_pixels_64,logreg,original data/STO_ideal_c6x2/Twinned2x1_5_(!).bmp,c(6 x 2),(√13 x √13)
42,raw_pixels_64,logreg,original data/STO_ideal_c6x2/ideal_c6x2_31.bmp,c(6 x 2),c(6 x 2)
42,raw_pixels_64,logreg,original data/STO_ideal_c6x2/c6x2_19.bmp,c(6 x 2),c(6 x 2)
42,raw_pixels_64,logreg,original data/STO_ideal_c6x2/ideal_c6x2_26.bmp,c(6 x 2),c(6 x 2)
42,raw_pixels_64,logreg,original data/STO_ideal_c6x2/c6x2_15.bmp,c(6 x 2),c(6 x 2)
42,raw_pixels_64,logreg,original data/STO_ideal_RT13/RT13_1.png,(√13 x √13),(√13 x √13)
42,raw_pixels_64,logreg,original data/STO_ideal_RT13/RT13_3.png,(√13 x √13),HTR
42,raw_pixels_64,logreg,original data/STO_ideal_RT13/RT13_29.bmp,(√13 x √13),(√13 x √13)
42,raw_pixels_64,logreg,original data/STO_ideal_RT13/RT13_15.png,(√13 x √13),(√13 x √13)
42,raw_pixels_64,logreg,original data/STO_ideal_RT13/RT13_38.bmp,(√13 x √13),(√13 x √13)
42,raw_pixels_64,logreg,original data/STO_ideal_RT13/RT13_27.bmp,(√13 x √13),(√13 x √13)
42,raw_pixels_64,logreg,original data/STO_ideal_RT13/RT13_40.bmp,(√13 x √13),(√13 x √13)
42,raw_pixels_64,logreg,original data/STO_ideal_HTR/HTR_9.png,HTR,HTR
42,raw_pixels_64,logreg,original data/STO_ideal_HTR/HTR_31.bmp,HTR,HTR
42,raw_pixels_64,logreg,original data/STO_ideal_HTR/HTR_20.png,HTR,HTR
42,raw_pixels_64,logreg,original data/STO_ideal_HTR/HTR_14.png,HTR,HTR
42,raw_pixels_64,logreg,original data/STO_ideal_HTR/HTR_6.png,HTR,HTR
42,peak_profile_24,1nn,original data/STO_ideal_1x1/1x1_21.bmp,(1 x 1),(1 x 1)
42,peak_profile_24,1nn,original data/STO_ideal_1x1/1x1_15.bmp,(1 x 1),(1 x 1)
42,peak_profile_24,1nn,original data/STO_ideal_1x1/1x1_22.bmp,(1 x 1),(1 x 1)
42,peak_profile_24,1nn,original data/STO_ideal_1x1/ideal_1x1_48.bmp,(1 x 1),(1 x 1)
42,peak_profile_24,1nn,original data/STO_ideal_1x1/ideal_1x1_37.bmp,(1 x 1),(1 x 1)
42,peak_profile_24,1nn,original data/STO_ideal_1x1/ideal_1x1_36.bmp,(1 x 1),(1 x 1)
42,peak_profile_24,1nn,original data/STO_ideal_1x1/ideal_1x1_42.bmp,(1 x 1),(1 x 1)
42,peak_profile_24,1nn,original data/STO_ideal_1x1/1x1_23.bmp,(1 x 1),(1 x 1)
42,peak_profile_24,1nn,original data/STO_ideal_c6x2/c6x2_20.bmp,c(6 x 2),c(6 x 2)
42,peak_profile_24,1nn,original data/STO_ideal_c6x2/c6x2_21.bmp,c(6 x 2),c(6 x 2)
42,peak_profile_24,1nn,original data/STO_ideal_c6x2/c6x2_2.bmp,c(6 x 2),c(6 x 2)
42,peak_profile_24,1nn,original data/STO_ideal_c6x2/Twinned2x1_5_(!).bmp,c(6 x 2),(√13 x √13)
42,peak_profile_24,1nn,original data/STO_ideal_c6x2/ideal_c6x2_31.bmp,c(6 x 2),c(6 x 2)
42,peak_profile_24,1nn,original data/STO_ideal_c6x2/c6x2_19.bmp,c(6 x 2),c(6 x 2)
42,peak_profile_24,1nn,original data/STO_ideal_c6x2/ideal_c6x2_26.bmp,c(6 x 2),c(6 x 2)
42,peak_profile_24,1nn,original data/STO_ideal_c6x2/c6x2_15.bmp,c(6 x 2),c(6 x 2)
42,peak_profile_24,1nn,original data/STO_ideal_RT13/RT13_1.png,(√13 x √13),HTR
42,peak_profile_24,1nn,original data/STO_ideal_RT13/RT13_3.png,(√13 x √13),HTR
42,peak_profile_24,1nn,original data/STO_ideal_RT13/RT13_29.bmp,(√13 x √13),(√13 x √13)
42,peak_profile_24,1nn,original data/STO_ideal_RT13/RT13_15.png,(√13 x √13),(√13 x √13)
42,peak_profile_24,1nn,original data/STO_ideal_RT13/RT13_38.bmp,(√13 x √13),(√13 x √13)
42,peak_profile_24,1nn,original data/STO_ideal_RT13/RT13_27.bmp,(√13 x √13),(√13 x √13)
42,peak_profile_24,1nn,original data/STO_ideal_RT13/RT13_40.bmp,(√13 x √13),(√13 x √13)
42,peak_profile_24,1nn,original data/STO_ideal_HTR/HTR_9.png,HTR,HTR
42,peak_profile_24,1nn,original data/STO_ideal_HTR/HTR_31.bmp,HTR,HTR
42,peak_profile_24,1nn,original data/STO_ideal_HTR/HTR_20.png,HTR,HTR
42,peak_profile_24,1nn,original data/STO_ideal_HTR/HTR_14.png,HTR,c(6 x 2)
42,peak_profile_24,1nn,original data/STO_ideal_HTR/HTR_6.png,HTR,HTR
42,peak_profile_24,5nn,original data/STO_ideal_1x1/1x1_21.bmp,(1 x 1),(1 x 1)
42,peak_profile_24,5nn,original data/STO_ideal_1x1/1x1_15.bmp,(1 x 1),(1 x 1)
42,peak_profile_24,5nn,original data/STO_ideal_1x1/1x1_22.bmp,(1 x 1),(1 x 1)
42,peak_profile_24,5nn,original data/STO_ideal_1x1/ideal_1x1_48.bmp,(1 x 1),(1 x 1)
42,peak_profile_24,5nn,original data/STO_ideal_1x1/ideal_1x1_37.bmp,(1 x 1),(1 x 1)
42,peak_profile_24,5nn,original data/STO_ideal_1x1/ideal_1x1_36.bmp,(1 x 1),(1 x 1)
42,peak_profile_24,5nn,original data/STO_ideal_1x1/ideal_1x1_42.bmp,(1 x 1),(1 x 1)
42,peak_profile_24,5nn,original data/STO_ideal_1x1/1x1_23.bmp,(1 x 1),(1 x 1)
42,peak_profile_24,5nn,original data/STO_ideal_c6x2/c6x2_20.bmp,c(6 x 2),c(6 x 2)
42,peak_profile_24,5nn,original data/STO_ideal_c6x2/c6x2_21.bmp,c(6 x 2),c(6 x 2)
42,peak_profile_24,5nn,original data/STO_ideal_c6x2/c6x2_2.bmp,c(6 x 2),c(6 x 2)
42,peak_profile_24,5nn,original data/STO_ideal_c6x2/Twinned2x1_5_(!).bmp,c(6 x 2),(√13 x √13)
42,peak_profile_24,5nn,original data/STO_ideal_c6x2/ideal_c6x2_31.bmp,c(6 x 2),c(6 x 2)
42,peak_profile_24,5nn,original data/STO_ideal_c6x2/c6x2_19.bmp,c(6 x 2),c(6 x 2)
42,peak_profile_24,5nn,original data/STO_ideal_c6x2/ideal_c6x2_26.bmp,c(6 x 2),c(6 x 2)
42,peak_profile_24,5nn,original data/STO_ideal_c6x2/c6x2_15.bmp,c(6 x 2),c(6 x 2)
42,peak_profile_24,5nn,original data/STO_ideal_RT13/RT13_1.png,(√13 x √13),HTR
42,peak_profile_24,5nn,original data/STO_ideal_RT13/RT13_3.png,(√13 x √13),HTR
42,peak_profile_24,5nn,original data/STO_ideal_RT13/RT13_29.bmp,(√13 x √13),(√13 x √13)
42,peak_profile_24,5nn,original data/STO_ideal_RT13/RT13_15.png,(√13 x √13),(√13 x √13)
42,peak_profile_24,5nn,original data/STO_ideal_RT13/RT13_38.bmp,(√13 x √13),(√13 x √13)
42,peak_profile_24,5nn,original data/STO_ideal_RT13/RT13_27.bmp,(√13 x √13),(√13 x √13)
42,peak_profile_24,5nn,original data/STO_ideal_RT13/RT13_40.bmp,(√13 x √13),(√13 x √13)
42,peak_profile_24,5nn,original data/STO_ideal_HTR/HTR_9.png,HTR,HTR
42,peak_profile_24,5nn,original data/STO_ideal_HTR/HTR_31.bmp,HTR,HTR
42,peak_profile_24,5nn,original data/STO_ideal_HTR/HTR_20.png,HTR,HTR
42,peak_profile_24,5nn,original data/STO_ideal_HTR/HTR_14.png,HTR,c(6 x 2)
42,peak_profile_24,5nn,original data/STO_ideal_HTR/HTR_6.png,HTR,HTR
42,peak_profile_24,logreg,original data/STO_ideal_1x1/1x1_21.bmp,(1 x 1),(1 x 1)
42,peak_profile_24,logreg,original data/STO_ideal_1x1/1x1_15.bmp,(1 x 1),(1 x 1)
42,peak_profile_24,logreg,original data/STO_ideal_1x1/1x1_22.bmp,(1 x 1),c(6 x 2)
42,peak_profile_24,logreg,original data/STO_ideal_1x1/ideal_1x1_48.bmp,(1 x 1),(1 x 1)
42,peak_profile_24,logreg,original data/STO_ideal_1x1/ideal_1x1_37.bmp,(1 x 1),(1 x 1)
42,peak_profile_24,logreg,original data/STO_ideal_1x1/ideal_1x1_36.bmp,(1 x 1),(1 x 1)
42,peak_profile_24,logreg,original data/STO_ideal_1x1/ideal_1x1_42.bmp,(1 x 1),(1 x 1)
42,peak_profile_24,logreg,original data/STO_ideal_1x1/1x1_23.bmp,(1 x 1),(1 x 1)
42,peak_profile_24,logreg,original data/STO_ideal_c6x2/c6x2_20.bmp,c(6 x 2),c(6 x 2)
42,peak_profile_24,logreg,original data/STO_ideal_c6x2/c6x2_21.bmp,c(6 x 2),c(6 x 2)
42,peak_profile_24,logreg,original data/STO_ideal_c6x2/c6x2_2.bmp,c(6 x 2),c(6 x 2)
42,peak_profile_24,logreg,original data/STO_ideal_c6x2/Twinned2x1_5_(!).bmp,c(6 x 2),(√13 x √13)
42,peak_profile_24,logreg,original data/STO_ideal_c6x2/ideal_c6x2_31.bmp,c(6 x 2),c(6 x 2)
42,peak_profile_24,logreg,original data/STO_ideal_c6x2/c6x2_19.bmp,c(6 x 2),c(6 x 2)
42,peak_profile_24,logreg,original data/STO_ideal_c6x2/ideal_c6x2_26.bmp,c(6 x 2),c(6 x 2)
42,peak_profile_24,logreg,original data/STO_ideal_c6x2/c6x2_15.bmp,c(6 x 2),c(6 x 2)
42,peak_profile_24,logreg,original data/STO_ideal_RT13/RT13_1.png,(√13 x √13),(√13 x √13)
42,peak_profile_24,logreg,original data/STO_ideal_RT13/RT13_3.png,(√13 x √13),HTR
42,peak_profile_24,logreg,original data/STO_ideal_RT13/RT13_29.bmp,(√13 x √13),(√13 x √13)
42,peak_profile_24,logreg,original data/STO_ideal_RT13/RT13_15.png,(√13 x √13),(√13 x √13)
42,peak_profile_24,logreg,original data/STO_ideal_RT13/RT13_38.bmp,(√13 x √13),(√13 x √13)
42,peak_profile_24,logreg,original data/STO_ideal_RT13/RT13_27.bmp,(√13 x √13),(√13 x √13)
42,peak_profile_24,logreg,original data/STO_ideal_RT13/RT13_40.bmp,(√13 x √13),(√13 x √13)
42,peak_profile_24,logreg,original data/STO_ideal_HTR/HTR_9.png,HTR,HTR
42,peak_profile_24,logreg,original data/STO_ideal_HTR/HTR_31.bmp,HTR,HTR
42,peak_profile_24,logreg,original data/STO_ideal_HTR/HTR_20.png,HTR,HTR
42,peak_profile_24,logreg,original data/STO_ideal_HTR/HTR_14.png,HTR,c(6 x 2)
42,peak_profile_24,logreg,original data/STO_ideal_HTR/HTR_6.png,HTR,HTR
42,random_resnet18_init0,1nn,original data/STO_ideal_1x1/1x1_21.bmp,(1 x 1),(1 x 1)
42,random_resnet18_init0,1nn,original data/STO_ideal_1x1/1x1_15.bmp,(1 x 1),(1 x 1)
42,random_resnet18_init0,1nn,original data/STO_ideal_1x1/1x1_22.bmp,(1 x 1),(1 x 1)
42,random_resnet18_init0,1nn,original data/STO_ideal_1x1/ideal_1x1_48.bmp,(1 x 1),(1 x 1)
42,random_resnet18_init0,1nn,original data/STO_ideal_1x1/ideal_1x1_37.bmp,(1 x 1),(1 x 1)
42,random_resnet18_init0,1nn,original data/STO_ideal_1x1/ideal_1x1_36.bmp,(1 x 1),(1 x 1)
42,random_resnet18_init0,1nn,original data/STO_ideal_1x1/ideal_1x1_42.bmp,(1 x 1),(1 x 1)
42,random_resnet18_init0,1nn,original data/STO_ideal_1x1/1x1_23.bmp,(1 x 1),(1 x 1)
42,random_resnet18_init0,1nn,original data/STO_ideal_c6x2/c6x2_20.bmp,c(6 x 2),c(6 x 2)
42,random_resnet18_init0,1nn,original data/STO_ideal_c6x2/c6x2_21.bmp,c(6 x 2),c(6 x 2)
42,random_resnet18_init0,1nn,original data/STO_ideal_c6x2/c6x2_2.bmp,c(6 x 2),c(6 x 2)
42,random_resnet18_init0,1nn,original data/STO_ideal_c6x2/Twinned2x1_5_(!).bmp,c(6 x 2),c(6 x 2)
42,random_resnet18_init0,1nn,original data/STO_ideal_c6x2/ideal_c6x2_31.bmp,c(6 x 2),c(6 x 2)
42,random_resnet18_init0,1nn,original data/STO_ideal_c6x2/c6x2_19.bmp,c(6 x 2),c(6 x 2)
42,random_resnet18_init0,1nn,original data/STO_ideal_c6x2/ideal_c6x2_26.bmp,c(6 x 2),c(6 x 2)
42,random_resnet18_init0,1nn,original data/STO_ideal_c6x2/c6x2_15.bmp,c(6 x 2),c(6 x 2)
42,random_resnet18_init0,1nn,original data/STO_ideal_RT13/RT13_1.png,(√13 x √13),(√13 x √13)
42,random_resnet18_init0,1nn,original data/STO_ideal_RT13/RT13_3.png,(√13 x √13),HTR
42,random_resnet18_init0,1nn,original data/STO_ideal_RT13/RT13_29.bmp,(√13 x √13),(√13 x √13)
42,random_resnet18_init0,1nn,original data/STO_ideal_RT13/RT13_15.png,(√13 x √13),(√13 x √13)
42,random_resnet18_init0,1nn,original data/STO_ideal_RT13/RT13_38.bmp,(√13 x √13),(√13 x √13)
42,random_resnet18_init0,1nn,original data/STO_ideal_RT13/RT13_27.bmp,(√13 x √13),(√13 x √13)
42,random_resnet18_init0,1nn,original data/STO_ideal_RT13/RT13_40.bmp,(√13 x √13),(√13 x √13)
42,random_resnet18_init0,1nn,original data/STO_ideal_HTR/HTR_9.png,HTR,HTR
42,random_resnet18_init0,1nn,original data/STO_ideal_HTR/HTR_31.bmp,HTR,HTR
42,random_resnet18_init0,1nn,original data/STO_ideal_HTR/HTR_20.png,HTR,HTR
42,random_resnet18_init0,1nn,original data/STO_ideal_HTR/HTR_14.png,HTR,c(6 x 2)
42,random_resnet18_init0,1nn,original data/STO_ideal_HTR/HTR_6.png,HTR,HTR
42,random_resnet18_init0,5nn,original data/STO_ideal_1x1/1x1_21.bmp,(1 x 1),(1 x 1)
42,random_resnet18_init0,5nn,original data/STO_ideal_1x1/1x1_15.bmp,(1 x 1),(1 x 1)
42,random_resnet18_init0,5nn,original data/STO_ideal_1x1/1x1_22.bmp,(1 x 1),(1 x 1)
42,random_resnet18_init0,5nn,original data/STO_ideal_1x1/ideal_1x1_48.bmp,(1 x 1),(1 x 1)
42,random_resnet18_init0,5nn,original data/STO_ideal_1x1/ideal_1x1_37.bmp,(1 x 1),(1 x 1)
42,random_resnet18_init0,5nn,original data/STO_ideal_1x1/ideal_1x1_36.bmp,(1 x 1),(1 x 1)
42,random_resnet18_init0,5nn,original data/STO_ideal_1x1/ideal_1x1_42.bmp,(1 x 1),(1 x 1)
42,random_resnet18_init0,5nn,original data/STO_ideal_1x1/1x1_23.bmp,(1 x 1),(1 x 1)
42,random_resnet18_init0,5nn,original data/STO_ideal_c6x2/c6x2_20.bmp,c(6 x 2),c(6 x 2)
42,random_resnet18_init0,5nn,original data/STO_ideal_c6x2/c6x2_21.bmp,c(6 x 2),c(6 x 2)
42,random_resnet18_init0,5nn,original data/STO_ideal_c6x2/c6x2_2.bmp,c(6 x 2),c(6 x 2)
42,random_resnet18_init0,5nn,original data/STO_ideal_c6x2/Twinned2x1_5_(!).bmp,c(6 x 2),(√13 x √13)
42,random_resnet18_init0,5nn,original data/STO_ideal_c6x2/ideal_c6x2_31.bmp,c(6 x 2),c(6 x 2)
42,random_resnet18_init0,5nn,original data/STO_ideal_c6x2/c6x2_19.bmp,c(6 x 2),c(6 x 2)
42,random_resnet18_init0,5nn,original data/STO_ideal_c6x2/ideal_c6x2_26.bmp,c(6 x 2),c(6 x 2)
42,random_resnet18_init0,5nn,original data/STO_ideal_c6x2/c6x2_15.bmp,c(6 x 2),c(6 x 2)
42,random_resnet18_init0,5nn,original data/STO_ideal_RT13/RT13_1.png,(√13 x √13),HTR
42,random_resnet18_init0,5nn,original data/STO_ideal_RT13/RT13_3.png,(√13 x √13),HTR
42,random_resnet18_init0,5nn,original data/STO_ideal_RT13/RT13_29.bmp,(√13 x √13),(√13 x √13)
42,random_resnet18_init0,5nn,original data/STO_ideal_RT13/RT13_15.png,(√13 x √13),(√13 x √13)
42,random_resnet18_init0,5nn,original data/STO_ideal_RT13/RT13_38.bmp,(√13 x √13),(√13 x √13)
42,random_resnet18_init0,5nn,original data/STO_ideal_RT13/RT13_27.bmp,(√13 x √13),(√13 x √13)
42,random_resnet18_init0,5nn,original data/STO_ideal_RT13/RT13_40.bmp,(√13 x √13),(√13 x √13)
42,random_resnet18_init0,5nn,original data/STO_ideal_HTR/HTR_9.png,HTR,HTR
42,random_resnet18_init0,5nn,original data/STO_ideal_HTR/HTR_31.bmp,HTR,HTR
42,random_resnet18_init0,5nn,original data/STO_ideal_HTR/HTR_20.png,HTR,HTR
42,random_resnet18_init0,5nn,original data/STO_ideal_HTR/HTR_14.png,HTR,c(6 x 2)
42,random_resnet18_init0,5nn,original data/STO_ideal_HTR/HTR_6.png,HTR,HTR
42,random_resnet18_init0,logreg,original data/STO_ideal_1x1/1x1_21.bmp,(1 x 1),(1 x 1)
42,random_resnet18_init0,logreg,original data/STO_ideal_1x1/1x1_15.bmp,(1 x 1),(1 x 1)
42,random_resnet18_init0,logreg,original data/STO_ideal_1x1/1x1_22.bmp,(1 x 1),(1 x 1)
42,random_resnet18_init0,logreg,original data/STO_ideal_1x1/ideal_1x1_48.bmp,(1 x 1),(1 x 1)
42,random_resnet18_init0,logreg,original data/STO_ideal_1x1/ideal_1x1_37.bmp,(1 x 1),(1 x 1)
42,random_resnet18_init0,logreg,original data/STO_ideal_1x1/ideal_1x1_36.bmp,(1 x 1),(1 x 1)
42,random_resnet18_init0,logreg,original data/STO_ideal_1x1/ideal_1x1_42.bmp,(1 x 1),(1 x 1)
42,random_resnet18_init0,logreg,original data/STO_ideal_1x1/1x1_23.bmp,(1 x 1),(1 x 1)
42,random_resnet18_init0,logreg,original data/STO_ideal_c6x2/c6x2_20.bmp,c(6 x 2),c(6 x 2)
42,random_resnet18_init0,logreg,original data/STO_ideal_c6x2/c6x2_21.bmp,c(6 x 2),c(6 x 2)
42,random_resnet18_init0,logreg,original data/STO_ideal_c6x2/c6x2_2.bmp,c(6 x 2),c(6 x 2)
42,random_resnet18_init0,logreg,original data/STO_ideal_c6x2/Twinned2x1_5_(!).bmp,c(6 x 2),(√13 x √13)
42,random_resnet18_init0,logreg,original data/STO_ideal_c6x2/ideal_c6x2_31.bmp,c(6 x 2),c(6 x 2)
42,random_resnet18_init0,logreg,original data/STO_ideal_c6x2/c6x2_19.bmp,c(6 x 2),c(6 x 2)
42,random_resnet18_init0,logreg,original data/STO_ideal_c6x2/ideal_c6x2_26.bmp,c(6 x 2),c(6 x 2)
42,random_resnet18_init0,logreg,original data/STO_ideal_c6x2/c6x2_15.bmp,c(6 x 2),c(6 x 2)
42,random_resnet18_init0,logreg,original data/STO_ideal_RT13/RT13_1.png,(√13 x √13),HTR
42,random_resnet18_init0,logreg,original data/STO_ideal_RT13/RT13_3.png,(√13 x √13),HTR
42,random_resnet18_init0,logreg,original data/STO_ideal_RT13/RT13_29.bmp,(√13 x √13),(√13 x √13)
42,random_resnet18_init0,logreg,original data/STO_ideal_RT13/RT13_15.png,(√13 x √13),(√13 x √13)
42,random_resnet18_init0,logreg,original data/STO_ideal_RT13/RT13_38.bmp,(√13 x √13),(√13 x √13)
42,random_resnet18_init0,logreg,original data/STO_ideal_RT13/RT13_27.bmp,(√13 x √13),(√13 x √13)
42,random_resnet18_init0,logreg,original data/STO_ideal_RT13/RT13_40.bmp,(√13 x √13),(√13 x √13)
42,random_resnet18_init0,logreg,original data/STO_ideal_HTR/HTR_9.png,HTR,HTR
42,random_resnet18_init0,logreg,original data/STO_ideal_HTR/HTR_31.bmp,HTR,HTR
42,random_resnet18_init0,logreg,original data/STO_ideal_HTR/HTR_20.png,HTR,HTR
42,random_resnet18_init0,logreg,original data/STO_ideal_HTR/HTR_14.png,HTR,c(6 x 2)
42,random_resnet18_init0,logreg,original data/STO_ideal_HTR/HTR_6.png,HTR,HTR
42,random_resnet18_init1,1nn,original data/STO_ideal_1x1/1x1_21.bmp,(1 x 1),(1 x 1)
42,random_resnet18_init1,1nn,original data/STO_ideal_1x1/1x1_15.bmp,(1 x 1),(1 x 1)
42,random_resnet18_init1,1nn,original data/STO_ideal_1x1/1x1_22.bmp,(1 x 1),(1 x 1)
42,random_resnet18_init1,1nn,original data/STO_ideal_1x1/ideal_1x1_48.bmp,(1 x 1),(1 x 1)
42,random_resnet18_init1,1nn,original data/STO_ideal_1x1/ideal_1x1_37.bmp,(1 x 1),(1 x 1)
42,random_resnet18_init1,1nn,original data/STO_ideal_1x1/ideal_1x1_36.bmp,(1 x 1),(1 x 1)
42,random_resnet18_init1,1nn,original data/STO_ideal_1x1/ideal_1x1_42.bmp,(1 x 1),(1 x 1)
42,random_resnet18_init1,1nn,original data/STO_ideal_1x1/1x1_23.bmp,(1 x 1),(1 x 1)
42,random_resnet18_init1,1nn,original data/STO_ideal_c6x2/c6x2_20.bmp,c(6 x 2),c(6 x 2)
42,random_resnet18_init1,1nn,original data/STO_ideal_c6x2/c6x2_21.bmp,c(6 x 2),c(6 x 2)
42,random_resnet18_init1,1nn,original data/STO_ideal_c6x2/c6x2_2.bmp,c(6 x 2),c(6 x 2)
42,random_resnet18_init1,1nn,original data/STO_ideal_c6x2/Twinned2x1_5_(!).bmp,c(6 x 2),(√13 x √13)
42,random_resnet18_init1,1nn,original data/STO_ideal_c6x2/ideal_c6x2_31.bmp,c(6 x 2),c(6 x 2)
42,random_resnet18_init1,1nn,original data/STO_ideal_c6x2/c6x2_19.bmp,c(6 x 2),c(6 x 2)
42,random_resnet18_init1,1nn,original data/STO_ideal_c6x2/ideal_c6x2_26.bmp,c(6 x 2),c(6 x 2)
42,random_resnet18_init1,1nn,original data/STO_ideal_c6x2/c6x2_15.bmp,c(6 x 2),c(6 x 2)
42,random_resnet18_init1,1nn,original data/STO_ideal_RT13/RT13_1.png,(√13 x √13),(√13 x √13)
42,random_resnet18_init1,1nn,original data/STO_ideal_RT13/RT13_3.png,(√13 x √13),HTR
42,random_resnet18_init1,1nn,original data/STO_ideal_RT13/RT13_29.bmp,(√13 x √13),(√13 x √13)
42,random_resnet18_init1,1nn,original data/STO_ideal_RT13/RT13_15.png,(√13 x √13),(√13 x √13)
42,random_resnet18_init1,1nn,original data/STO_ideal_RT13/RT13_38.bmp,(√13 x √13),(√13 x √13)
42,random_resnet18_init1,1nn,original data/STO_ideal_RT13/RT13_27.bmp,(√13 x √13),(√13 x √13)
42,random_resnet18_init1,1nn,original data/STO_ideal_RT13/RT13_40.bmp,(√13 x √13),(√13 x √13)
42,random_resnet18_init1,1nn,original data/STO_ideal_HTR/HTR_9.png,HTR,HTR
42,random_resnet18_init1,1nn,original data/STO_ideal_HTR/HTR_31.bmp,HTR,HTR
42,random_resnet18_init1,1nn,original data/STO_ideal_HTR/HTR_20.png,HTR,HTR
42,random_resnet18_init1,1nn,original data/STO_ideal_HTR/HTR_14.png,HTR,c(6 x 2)
42,random_resnet18_init1,1nn,original data/STO_ideal_HTR/HTR_6.png,HTR,HTR
42,random_resnet18_init1,5nn,original data/STO_ideal_1x1/1x1_21.bmp,(1 x 1),(1 x 1)
42,random_resnet18_init1,5nn,original data/STO_ideal_1x1/1x1_15.bmp,(1 x 1),(1 x 1)
42,random_resnet18_init1,5nn,original data/STO_ideal_1x1/1x1_22.bmp,(1 x 1),(1 x 1)
42,random_resnet18_init1,5nn,original data/STO_ideal_1x1/ideal_1x1_48.bmp,(1 x 1),(1 x 1)
42,random_resnet18_init1,5nn,original data/STO_ideal_1x1/ideal_1x1_37.bmp,(1 x 1),(1 x 1)
42,random_resnet18_init1,5nn,original data/STO_ideal_1x1/ideal_1x1_36.bmp,(1 x 1),(1 x 1)
42,random_resnet18_init1,5nn,original data/STO_ideal_1x1/ideal_1x1_42.bmp,(1 x 1),(1 x 1)
42,random_resnet18_init1,5nn,original data/STO_ideal_1x1/1x1_23.bmp,(1 x 1),(1 x 1)
42,random_resnet18_init1,5nn,original data/STO_ideal_c6x2/c6x2_20.bmp,c(6 x 2),c(6 x 2)
42,random_resnet18_init1,5nn,original data/STO_ideal_c6x2/c6x2_21.bmp,c(6 x 2),c(6 x 2)
42,random_resnet18_init1,5nn,original data/STO_ideal_c6x2/c6x2_2.bmp,c(6 x 2),c(6 x 2)
42,random_resnet18_init1,5nn,original data/STO_ideal_c6x2/Twinned2x1_5_(!).bmp,c(6 x 2),(√13 x √13)
42,random_resnet18_init1,5nn,original data/STO_ideal_c6x2/ideal_c6x2_31.bmp,c(6 x 2),c(6 x 2)
42,random_resnet18_init1,5nn,original data/STO_ideal_c6x2/c6x2_19.bmp,c(6 x 2),c(6 x 2)
42,random_resnet18_init1,5nn,original data/STO_ideal_c6x2/ideal_c6x2_26.bmp,c(6 x 2),c(6 x 2)
42,random_resnet18_init1,5nn,original data/STO_ideal_c6x2/c6x2_15.bmp,c(6 x 2),c(6 x 2)
42,random_resnet18_init1,5nn,original data/STO_ideal_RT13/RT13_1.png,(√13 x √13),HTR
42,random_resnet18_init1,5nn,original data/STO_ideal_RT13/RT13_3.png,(√13 x √13),HTR
42,random_resnet18_init1,5nn,original data/STO_ideal_RT13/RT13_29.bmp,(√13 x √13),(√13 x √13)
42,random_resnet18_init1,5nn,original data/STO_ideal_RT13/RT13_15.png,(√13 x √13),(√13 x √13)
42,random_resnet18_init1,5nn,original data/STO_ideal_RT13/RT13_38.bmp,(√13 x √13),(√13 x √13)
42,random_resnet18_init1,5nn,original data/STO_ideal_RT13/RT13_27.bmp,(√13 x √13),(√13 x √13)
42,random_resnet18_init1,5nn,original data/STO_ideal_RT13/RT13_40.bmp,(√13 x √13),(√13 x √13)
42,random_resnet18_init1,5nn,original data/STO_ideal_HTR/HTR_9.png,HTR,HTR
42,random_resnet18_init1,5nn,original data/STO_ideal_HTR/HTR_31.bmp,HTR,HTR
42,random_resnet18_init1,5nn,original data/STO_ideal_HTR/HTR_20.png,HTR,HTR
42,random_resnet18_init1,5nn,original data/STO_ideal_HTR/HTR_14.png,HTR,c(6 x 2)
42,random_resnet18_init1,5nn,original data/STO_ideal_HTR/HTR_6.png,HTR,HTR
42,random_resnet18_init1,logreg,original data/STO_ideal_1x1/1x1_21.bmp,(1 x 1),(1 x 1)
42,random_resnet18_init1,logreg,original data/STO_ideal_1x1/1x1_15.bmp,(1 x 1),(1 x 1)
42,random_resnet18_init1,logreg,original data/STO_ideal_1x1/1x1_22.bmp,(1 x 1),(1 x 1)
42,random_resnet18_init1,logreg,original data/STO_ideal_1x1/ideal_1x1_48.bmp,(1 x 1),(1 x 1)
42,random_resnet18_init1,logreg,original data/STO_ideal_1x1/ideal_1x1_37.bmp,(1 x 1),(1 x 1)
42,random_resnet18_init1,logreg,original data/STO_ideal_1x1/ideal_1x1_36.bmp,(1 x 1),(1 x 1)
42,random_resnet18_init1,logreg,original data/STO_ideal_1x1/ideal_1x1_42.bmp,(1 x 1),(1 x 1)
42,random_resnet18_init1,logreg,original data/STO_ideal_1x1/1x1_23.bmp,(1 x 1),(1 x 1)
42,random_resnet18_init1,logreg,original data/STO_ideal_c6x2/c6x2_20.bmp,c(6 x 2),c(6 x 2)
42,random_resnet18_init1,logreg,original data/STO_ideal_c6x2/c6x2_21.bmp,c(6 x 2),c(6 x 2)
42,random_resnet18_init1,logreg,original data/STO_ideal_c6x2/c6x2_2.bmp,c(6 x 2),c(6 x 2)
42,random_resnet18_init1,logreg,original data/STO_ideal_c6x2/Twinned2x1_5_(!).bmp,c(6 x 2),(√13 x √13)
42,random_resnet18_init1,logreg,original data/STO_ideal_c6x2/ideal_c6x2_31.bmp,c(6 x 2),c(6 x 2)
42,random_resnet18_init1,logreg,original data/STO_ideal_c6x2/c6x2_19.bmp,c(6 x 2),c(6 x 2)
42,random_resnet18_init1,logreg,original data/STO_ideal_c6x2/ideal_c6x2_26.bmp,c(6 x 2),c(6 x 2)
42,random_resnet18_init1,logreg,original data/STO_ideal_c6x2/c6x2_15.bmp,c(6 x 2),c(6 x 2)
42,random_resnet18_init1,logreg,original data/STO_ideal_RT13/RT13_1.png,(√13 x √13),(√13 x √13)
42,random_resnet18_init1,logreg,original data/STO_ideal_RT13/RT13_3.png,(√13 x √13),HTR
42,random_resnet18_init1,logreg,original data/STO_ideal_RT13/RT13_29.bmp,(√13 x √13),(√13 x √13)
42,random_resnet18_init1,logreg,original data/STO_ideal_RT13/RT13_15.png,(√13 x √13),(√13 x √13)
42,random_resnet18_init1,logreg,original data/STO_ideal_RT13/RT13_38.bmp,(√13 x √13),(√13 x √13)
42,random_resnet18_init1,logreg,original data/STO_ideal_RT13/RT13_27.bmp,(√13 x √13),(√13 x √13)
42,random_resnet18_init1,logreg,original data/STO_ideal_RT13/RT13_40.bmp,(√13 x √13),(√13 x √13)
42,random_resnet18_init1,logreg,original data/STO_ideal_HTR/HTR_9.png,HTR,HTR
42,random_resnet18_init1,logreg,original data/STO_ideal_HTR/HTR_31.bmp,HTR,HTR
42,random_resnet18_init1,logreg,original data/STO_ideal_HTR/HTR_20.png,HTR,HTR
42,random_resnet18_init1,logreg,original data/STO_ideal_HTR/HTR_14.png,HTR,(1 x 1)
42,random_resnet18_init1,logreg,original data/STO_ideal_HTR/HTR_6.png,HTR,HTR
42,random_resnet18_init2,1nn,original data/STO_ideal_1x1/1x1_21.bmp,(1 x 1),(1 x 1)
42,random_resnet18_init2,1nn,original data/STO_ideal_1x1/1x1_15.bmp,(1 x 1),(1 x 1)
42,random_resnet18_init2,1nn,original data/STO_ideal_1x1/1x1_22.bmp,(1 x 1),(1 x 1)
42,random_resnet18_init2,1nn,original data/STO_ideal_1x1/ideal_1x1_48.bmp,(1 x 1),(1 x 1)
42,random_resnet18_init2,1nn,original data/STO_ideal_1x1/ideal_1x1_37.bmp,(1 x 1),(1 x 1)
42,random_resnet18_init2,1nn,original data/STO_ideal_1x1/ideal_1x1_36.bmp,(1 x 1),(1 x 1)
42,random_resnet18_init2,1nn,original data/STO_ideal_1x1/ideal_1x1_42.bmp,(1 x 1),(1 x 1)
42,random_resnet18_init2,1nn,original data/STO_ideal_1x1/1x1_23.bmp,(1 x 1),(1 x 1)
42,random_resnet18_init2,1nn,original data/STO_ideal_c6x2/c6x2_20.bmp,c(6 x 2),c(6 x 2)
42,random_resnet18_init2,1nn,original data/STO_ideal_c6x2/c6x2_21.bmp,c(6 x 2),c(6 x 2)
42,random_resnet18_init2,1nn,original data/STO_ideal_c6x2/c6x2_2.bmp,c(6 x 2),c(6 x 2)
42,random_resnet18_init2,1nn,original data/STO_ideal_c6x2/Twinned2x1_5_(!).bmp,c(6 x 2),(√13 x √13)
42,random_resnet18_init2,1nn,original data/STO_ideal_c6x2/ideal_c6x2_31.bmp,c(6 x 2),c(6 x 2)
42,random_resnet18_init2,1nn,original data/STO_ideal_c6x2/c6x2_19.bmp,c(6 x 2),c(6 x 2)
42,random_resnet18_init2,1nn,original data/STO_ideal_c6x2/ideal_c6x2_26.bmp,c(6 x 2),c(6 x 2)
42,random_resnet18_init2,1nn,original data/STO_ideal_c6x2/c6x2_15.bmp,c(6 x 2),c(6 x 2)
42,random_resnet18_init2,1nn,original data/STO_ideal_RT13/RT13_1.png,(√13 x √13),(√13 x √13)
42,random_resnet18_init2,1nn,original data/STO_ideal_RT13/RT13_3.png,(√13 x √13),HTR
42,random_resnet18_init2,1nn,original data/STO_ideal_RT13/RT13_29.bmp,(√13 x √13),(√13 x √13)
42,random_resnet18_init2,1nn,original data/STO_ideal_RT13/RT13_15.png,(√13 x √13),(√13 x √13)
42,random_resnet18_init2,1nn,original data/STO_ideal_RT13/RT13_38.bmp,(√13 x √13),(√13 x √13)
42,random_resnet18_init2,1nn,original data/STO_ideal_RT13/RT13_27.bmp,(√13 x √13),(√13 x √13)
42,random_resnet18_init2,1nn,original data/STO_ideal_RT13/RT13_40.bmp,(√13 x √13),(√13 x √13)
42,random_resnet18_init2,1nn,original data/STO_ideal_HTR/HTR_9.png,HTR,HTR
42,random_resnet18_init2,1nn,original data/STO_ideal_HTR/HTR_31.bmp,HTR,HTR
42,random_resnet18_init2,1nn,original data/STO_ideal_HTR/HTR_20.png,HTR,HTR
42,random_resnet18_init2,1nn,original data/STO_ideal_HTR/HTR_14.png,HTR,c(6 x 2)
42,random_resnet18_init2,1nn,original data/STO_ideal_HTR/HTR_6.png,HTR,HTR
42,random_resnet18_init2,5nn,original data/STO_ideal_1x1/1x1_21.bmp,(1 x 1),(1 x 1)
42,random_resnet18_init2,5nn,original data/STO_ideal_1x1/1x1_15.bmp,(1 x 1),(1 x 1)
42,random_resnet18_init2,5nn,original data/STO_ideal_1x1/1x1_22.bmp,(1 x 1),(1 x 1)
42,random_resnet18_init2,5nn,original data/STO_ideal_1x1/ideal_1x1_48.bmp,(1 x 1),(1 x 1)
42,random_resnet18_init2,5nn,original data/STO_ideal_1x1/ideal_1x1_37.bmp,(1 x 1),(1 x 1)
42,random_resnet18_init2,5nn,original data/STO_ideal_1x1/ideal_1x1_36.bmp,(1 x 1),(1 x 1)
42,random_resnet18_init2,5nn,original data/STO_ideal_1x1/ideal_1x1_42.bmp,(1 x 1),(1 x 1)
42,random_resnet18_init2,5nn,original data/STO_ideal_1x1/1x1_23.bmp,(1 x 1),(1 x 1)
42,random_resnet18_init2,5nn,original data/STO_ideal_c6x2/c6x2_20.bmp,c(6 x 2),c(6 x 2)
42,random_resnet18_init2,5nn,original data/STO_ideal_c6x2/c6x2_21.bmp,c(6 x 2),c(6 x 2)
42,random_resnet18_init2,5nn,original data/STO_ideal_c6x2/c6x2_2.bmp,c(6 x 2),c(6 x 2)
42,random_resnet18_init2,5nn,original data/STO_ideal_c6x2/Twinned2x1_5_(!).bmp,c(6 x 2),(√13 x √13)
42,random_resnet18_init2,5nn,original data/STO_ideal_c6x2/ideal_c6x2_31.bmp,c(6 x 2),c(6 x 2)
42,random_resnet18_init2,5nn,original data/STO_ideal_c6x2/c6x2_19.bmp,c(6 x 2),c(6 x 2)
42,random_resnet18_init2,5nn,original data/STO_ideal_c6x2/ideal_c6x2_26.bmp,c(6 x 2),c(6 x 2)
42,random_resnet18_init2,5nn,original data/STO_ideal_c6x2/c6x2_15.bmp,c(6 x 2),c(6 x 2)
42,random_resnet18_init2,5nn,original data/STO_ideal_RT13/RT13_1.png,(√13 x √13),HTR
42,random_resnet18_init2,5nn,original data/STO_ideal_RT13/RT13_3.png,(√13 x √13),HTR
42,random_resnet18_init2,5nn,original data/STO_ideal_RT13/RT13_29.bmp,(√13 x √13),(√13 x √13)
42,random_resnet18_init2,5nn,original data/STO_ideal_RT13/RT13_15.png,(√13 x √13),(√13 x √13)
42,random_resnet18_init2,5nn,original data/STO_ideal_RT13/RT13_38.bmp,(√13 x √13),(√13 x √13)
42,random_resnet18_init2,5nn,original data/STO_ideal_RT13/RT13_27.bmp,(√13 x √13),(√13 x √13)
42,random_resnet18_init2,5nn,original data/STO_ideal_RT13/RT13_40.bmp,(√13 x √13),(√13 x √13)
42,random_resnet18_init2,5nn,original data/STO_ideal_HTR/HTR_9.png,HTR,HTR
42,random_resnet18_init2,5nn,original data/STO_ideal_HTR/HTR_31.bmp,HTR,HTR
42,random_resnet18_init2,5nn,original data/STO_ideal_HTR/HTR_20.png,HTR,HTR
42,random_resnet18_init2,5nn,original data/STO_ideal_HTR/HTR_14.png,HTR,c(6 x 2)
42,random_resnet18_init2,5nn,original data/STO_ideal_HTR/HTR_6.png,HTR,HTR
42,random_resnet18_init2,logreg,original data/STO_ideal_1x1/1x1_21.bmp,(1 x 1),(1 x 1)
42,random_resnet18_init2,logreg,original data/STO_ideal_1x1/1x1_15.bmp,(1 x 1),(1 x 1)
42,random_resnet18_init2,logreg,original data/STO_ideal_1x1/1x1_22.bmp,(1 x 1),(1 x 1)
42,random_resnet18_init2,logreg,original data/STO_ideal_1x1/ideal_1x1_48.bmp,(1 x 1),(1 x 1)
42,random_resnet18_init2,logreg,original data/STO_ideal_1x1/ideal_1x1_37.bmp,(1 x 1),(1 x 1)
42,random_resnet18_init2,logreg,original data/STO_ideal_1x1/ideal_1x1_36.bmp,(1 x 1),(1 x 1)
42,random_resnet18_init2,logreg,original data/STO_ideal_1x1/ideal_1x1_42.bmp,(1 x 1),(1 x 1)
42,random_resnet18_init2,logreg,original data/STO_ideal_1x1/1x1_23.bmp,(1 x 1),(1 x 1)
42,random_resnet18_init2,logreg,original data/STO_ideal_c6x2/c6x2_20.bmp,c(6 x 2),c(6 x 2)
42,random_resnet18_init2,logreg,original data/STO_ideal_c6x2/c6x2_21.bmp,c(6 x 2),c(6 x 2)
42,random_resnet18_init2,logreg,original data/STO_ideal_c6x2/c6x2_2.bmp,c(6 x 2),c(6 x 2)
42,random_resnet18_init2,logreg,original data/STO_ideal_c6x2/Twinned2x1_5_(!).bmp,c(6 x 2),(√13 x √13)
42,random_resnet18_init2,logreg,original data/STO_ideal_c6x2/ideal_c6x2_31.bmp,c(6 x 2),c(6 x 2)
42,random_resnet18_init2,logreg,original data/STO_ideal_c6x2/c6x2_19.bmp,c(6 x 2),c(6 x 2)
42,random_resnet18_init2,logreg,original data/STO_ideal_c6x2/ideal_c6x2_26.bmp,c(6 x 2),c(6 x 2)
42,random_resnet18_init2,logreg,original data/STO_ideal_c6x2/c6x2_15.bmp,c(6 x 2),c(6 x 2)
42,random_resnet18_init2,logreg,original data/STO_ideal_RT13/RT13_1.png,(√13 x √13),(√13 x √13)
42,random_resnet18_init2,logreg,original data/STO_ideal_RT13/RT13_3.png,(√13 x √13),HTR
42,random_resnet18_init2,logreg,original data/STO_ideal_RT13/RT13_29.bmp,(√13 x √13),(√13 x √13)
42,random_resnet18_init2,logreg,original data/STO_ideal_RT13/RT13_15.png,(√13 x √13),(√13 x √13)
42,random_resnet18_init2,logreg,original data/STO_ideal_RT13/RT13_38.bmp,(√13 x √13),(√13 x √13)
42,random_resnet18_init2,logreg,original data/STO_ideal_RT13/RT13_27.bmp,(√13 x √13),(√13 x √13)
42,random_resnet18_init2,logreg,original data/STO_ideal_RT13/RT13_40.bmp,(√13 x √13),(√13 x √13)
42,random_resnet18_init2,logreg,original data/STO_ideal_HTR/HTR_9.png,HTR,HTR
42,random_resnet18_init2,logreg,original data/STO_ideal_HTR/HTR_31.bmp,HTR,HTR
42,random_resnet18_init2,logreg,original data/STO_ideal_HTR/HTR_20.png,HTR,HTR
42,random_resnet18_init2,logreg,original data/STO_ideal_HTR/HTR_14.png,HTR,(1 x 1)
42,random_resnet18_init2,logreg,original data/STO_ideal_HTR/HTR_6.png,HTR,HTR
42,simclr_resnet18,1nn,original data/STO_ideal_1x1/1x1_21.bmp,(1 x 1),(1 x 1)
42,simclr_resnet18,1nn,original data/STO_ideal_1x1/1x1_15.bmp,(1 x 1),(1 x 1)
42,simclr_resnet18,1nn,original data/STO_ideal_1x1/1x1_22.bmp,(1 x 1),(1 x 1)
42,simclr_resnet18,1nn,original data/STO_ideal_1x1/ideal_1x1_48.bmp,(1 x 1),(1 x 1)
42,simclr_resnet18,1nn,original data/STO_ideal_1x1/ideal_1x1_37.bmp,(1 x 1),(1 x 1)
42,simclr_resnet18,1nn,original data/STO_ideal_1x1/ideal_1x1_36.bmp,(1 x 1),(1 x 1)
42,simclr_resnet18,1nn,original data/STO_ideal_1x1/ideal_1x1_42.bmp,(1 x 1),(1 x 1)
42,simclr_resnet18,1nn,original data/STO_ideal_1x1/1x1_23.bmp,(1 x 1),(1 x 1)
42,simclr_resnet18,1nn,original data/STO_ideal_c6x2/c6x2_20.bmp,c(6 x 2),c(6 x 2)
42,simclr_resnet18,1nn,original data/STO_ideal_c6x2/c6x2_21.bmp,c(6 x 2),c(6 x 2)
42,simclr_resnet18,1nn,original data/STO_ideal_c6x2/c6x2_2.bmp,c(6 x 2),c(6 x 2)
42,simclr_resnet18,1nn,original data/STO_ideal_c6x2/Twinned2x1_5_(!).bmp,c(6 x 2),(√13 x √13)
42,simclr_resnet18,1nn,original data/STO_ideal_c6x2/ideal_c6x2_31.bmp,c(6 x 2),c(6 x 2)
42,simclr_resnet18,1nn,original data/STO_ideal_c6x2/c6x2_19.bmp,c(6 x 2),c(6 x 2)
42,simclr_resnet18,1nn,original data/STO_ideal_c6x2/ideal_c6x2_26.bmp,c(6 x 2),c(6 x 2)
42,simclr_resnet18,1nn,original data/STO_ideal_c6x2/c6x2_15.bmp,c(6 x 2),c(6 x 2)
42,simclr_resnet18,1nn,original data/STO_ideal_RT13/RT13_1.png,(√13 x √13),HTR
42,simclr_resnet18,1nn,original data/STO_ideal_RT13/RT13_3.png,(√13 x √13),HTR
42,simclr_resnet18,1nn,original data/STO_ideal_RT13/RT13_29.bmp,(√13 x √13),(√13 x √13)
42,simclr_resnet18,1nn,original data/STO_ideal_RT13/RT13_15.png,(√13 x √13),(√13 x √13)
42,simclr_resnet18,1nn,original data/STO_ideal_RT13/RT13_38.bmp,(√13 x √13),(√13 x √13)
42,simclr_resnet18,1nn,original data/STO_ideal_RT13/RT13_27.bmp,(√13 x √13),(√13 x √13)
42,simclr_resnet18,1nn,original data/STO_ideal_RT13/RT13_40.bmp,(√13 x √13),(√13 x √13)
42,simclr_resnet18,1nn,original data/STO_ideal_HTR/HTR_9.png,HTR,HTR
42,simclr_resnet18,1nn,original data/STO_ideal_HTR/HTR_31.bmp,HTR,HTR
42,simclr_resnet18,1nn,original data/STO_ideal_HTR/HTR_20.png,HTR,HTR
42,simclr_resnet18,1nn,original data/STO_ideal_HTR/HTR_14.png,HTR,(1 x 1)
42,simclr_resnet18,1nn,original data/STO_ideal_HTR/HTR_6.png,HTR,HTR
42,simclr_resnet18,5nn,original data/STO_ideal_1x1/1x1_21.bmp,(1 x 1),(1 x 1)
42,simclr_resnet18,5nn,original data/STO_ideal_1x1/1x1_15.bmp,(1 x 1),(1 x 1)
42,simclr_resnet18,5nn,original data/STO_ideal_1x1/1x1_22.bmp,(1 x 1),(1 x 1)
42,simclr_resnet18,5nn,original data/STO_ideal_1x1/ideal_1x1_48.bmp,(1 x 1),(1 x 1)
42,simclr_resnet18,5nn,original data/STO_ideal_1x1/ideal_1x1_37.bmp,(1 x 1),(1 x 1)
42,simclr_resnet18,5nn,original data/STO_ideal_1x1/ideal_1x1_36.bmp,(1 x 1),(1 x 1)
42,simclr_resnet18,5nn,original data/STO_ideal_1x1/ideal_1x1_42.bmp,(1 x 1),(1 x 1)
42,simclr_resnet18,5nn,original data/STO_ideal_1x1/1x1_23.bmp,(1 x 1),(1 x 1)
42,simclr_resnet18,5nn,original data/STO_ideal_c6x2/c6x2_20.bmp,c(6 x 2),c(6 x 2)
42,simclr_resnet18,5nn,original data/STO_ideal_c6x2/c6x2_21.bmp,c(6 x 2),c(6 x 2)
42,simclr_resnet18,5nn,original data/STO_ideal_c6x2/c6x2_2.bmp,c(6 x 2),c(6 x 2)
42,simclr_resnet18,5nn,original data/STO_ideal_c6x2/Twinned2x1_5_(!).bmp,c(6 x 2),(√13 x √13)
42,simclr_resnet18,5nn,original data/STO_ideal_c6x2/ideal_c6x2_31.bmp,c(6 x 2),c(6 x 2)
42,simclr_resnet18,5nn,original data/STO_ideal_c6x2/c6x2_19.bmp,c(6 x 2),c(6 x 2)
42,simclr_resnet18,5nn,original data/STO_ideal_c6x2/ideal_c6x2_26.bmp,c(6 x 2),c(6 x 2)
42,simclr_resnet18,5nn,original data/STO_ideal_c6x2/c6x2_15.bmp,c(6 x 2),c(6 x 2)
42,simclr_resnet18,5nn,original data/STO_ideal_RT13/RT13_1.png,(√13 x √13),HTR
42,simclr_resnet18,5nn,original data/STO_ideal_RT13/RT13_3.png,(√13 x √13),HTR
42,simclr_resnet18,5nn,original data/STO_ideal_RT13/RT13_29.bmp,(√13 x √13),(√13 x √13)
42,simclr_resnet18,5nn,original data/STO_ideal_RT13/RT13_15.png,(√13 x √13),(√13 x √13)
42,simclr_resnet18,5nn,original data/STO_ideal_RT13/RT13_38.bmp,(√13 x √13),(√13 x √13)
42,simclr_resnet18,5nn,original data/STO_ideal_RT13/RT13_27.bmp,(√13 x √13),(√13 x √13)
42,simclr_resnet18,5nn,original data/STO_ideal_RT13/RT13_40.bmp,(√13 x √13),(√13 x √13)
42,simclr_resnet18,5nn,original data/STO_ideal_HTR/HTR_9.png,HTR,HTR
42,simclr_resnet18,5nn,original data/STO_ideal_HTR/HTR_31.bmp,HTR,HTR
42,simclr_resnet18,5nn,original data/STO_ideal_HTR/HTR_20.png,HTR,HTR
42,simclr_resnet18,5nn,original data/STO_ideal_HTR/HTR_14.png,HTR,(1 x 1)
42,simclr_resnet18,5nn,original data/STO_ideal_HTR/HTR_6.png,HTR,HTR
42,simclr_resnet18,logreg,original data/STO_ideal_1x1/1x1_21.bmp,(1 x 1),(1 x 1)
42,simclr_resnet18,logreg,original data/STO_ideal_1x1/1x1_15.bmp,(1 x 1),(1 x 1)
42,simclr_resnet18,logreg,original data/STO_ideal_1x1/1x1_22.bmp,(1 x 1),(1 x 1)
42,simclr_resnet18,logreg,original data/STO_ideal_1x1/ideal_1x1_48.bmp,(1 x 1),(1 x 1)
42,simclr_resnet18,logreg,original data/STO_ideal_1x1/ideal_1x1_37.bmp,(1 x 1),(1 x 1)
42,simclr_resnet18,logreg,original data/STO_ideal_1x1/ideal_1x1_36.bmp,(1 x 1),(1 x 1)
42,simclr_resnet18,logreg,original data/STO_ideal_1x1/ideal_1x1_42.bmp,(1 x 1),(1 x 1)
42,simclr_resnet18,logreg,original data/STO_ideal_1x1/1x1_23.bmp,(1 x 1),(1 x 1)
42,simclr_resnet18,logreg,original data/STO_ideal_c6x2/c6x2_20.bmp,c(6 x 2),c(6 x 2)
42,simclr_resnet18,logreg,original data/STO_ideal_c6x2/c6x2_21.bmp,c(6 x 2),c(6 x 2)
42,simclr_resnet18,logreg,original data/STO_ideal_c6x2/c6x2_2.bmp,c(6 x 2),c(6 x 2)
42,simclr_resnet18,logreg,original data/STO_ideal_c6x2/Twinned2x1_5_(!).bmp,c(6 x 2),(√13 x √13)
42,simclr_resnet18,logreg,original data/STO_ideal_c6x2/ideal_c6x2_31.bmp,c(6 x 2),c(6 x 2)
42,simclr_resnet18,logreg,original data/STO_ideal_c6x2/c6x2_19.bmp,c(6 x 2),c(6 x 2)
42,simclr_resnet18,logreg,original data/STO_ideal_c6x2/ideal_c6x2_26.bmp,c(6 x 2),c(6 x 2)
42,simclr_resnet18,logreg,original data/STO_ideal_c6x2/c6x2_15.bmp,c(6 x 2),c(6 x 2)
42,simclr_resnet18,logreg,original data/STO_ideal_RT13/RT13_1.png,(√13 x √13),HTR
42,simclr_resnet18,logreg,original data/STO_ideal_RT13/RT13_3.png,(√13 x √13),HTR
42,simclr_resnet18,logreg,original data/STO_ideal_RT13/RT13_29.bmp,(√13 x √13),(√13 x √13)
42,simclr_resnet18,logreg,original data/STO_ideal_RT13/RT13_15.png,(√13 x √13),(√13 x √13)
42,simclr_resnet18,logreg,original data/STO_ideal_RT13/RT13_38.bmp,(√13 x √13),(√13 x √13)
42,simclr_resnet18,logreg,original data/STO_ideal_RT13/RT13_27.bmp,(√13 x √13),(√13 x √13)
42,simclr_resnet18,logreg,original data/STO_ideal_RT13/RT13_40.bmp,(√13 x √13),(√13 x √13)
42,simclr_resnet18,logreg,original data/STO_ideal_HTR/HTR_9.png,HTR,(√13 x √13)
42,simclr_resnet18,logreg,original data/STO_ideal_HTR/HTR_31.bmp,HTR,HTR
42,simclr_resnet18,logreg,original data/STO_ideal_HTR/HTR_20.png,HTR,HTR
42,simclr_resnet18,logreg,original data/STO_ideal_HTR/HTR_14.png,HTR,(1 x 1)
42,simclr_resnet18,logreg,original data/STO_ideal_HTR/HTR_6.png,HTR,(√13 x √13)
79,raw_pixels_64,1nn,original data/STO_ideal_1x1/ideal_1x1_30.bmp,(1 x 1),(1 x 1)
79,raw_pixels_64,1nn,original data/STO_ideal_1x1/ideal_1x1_41.bmp,(1 x 1),(1 x 1)
79,raw_pixels_64,1nn,original data/STO_ideal_1x1/ideal_1x1_44.bmp,(1 x 1),(1 x 1)
79,raw_pixels_64,1nn,original data/STO_ideal_1x1/ideal_1x1_33.bmp,(1 x 1),(1 x 1)
79,raw_pixels_64,1nn,original data/STO_ideal_1x1/ideal_1x1_49.bmp,(1 x 1),(1 x 1)
79,raw_pixels_64,1nn,original data/STO_ideal_1x1/ideal_1x1_36.bmp,(1 x 1),(1 x 1)
79,raw_pixels_64,1nn,original data/STO_ideal_1x1/ideal_1x1_28.bmp,(1 x 1),(1 x 1)
79,raw_pixels_64,1nn,original data/STO_ideal_1x1/1x1_26.bmp,(1 x 1),(1 x 1)
79,raw_pixels_64,1nn,original data/STO_ideal_c6x2/ideal_c6x2_30.bmp,c(6 x 2),c(6 x 2)
79,raw_pixels_64,1nn,original data/STO_ideal_c6x2/ideal_c6x2_31.bmp,c(6 x 2),c(6 x 2)
79,raw_pixels_64,1nn,original data/STO_ideal_c6x2/c6x2_8.bmp,c(6 x 2),c(6 x 2)
79,raw_pixels_64,1nn,original data/STO_ideal_c6x2/ideal_c6x2_27.bmp,c(6 x 2),c(6 x 2)
79,raw_pixels_64,1nn,original data/STO_ideal_c6x2/c6x2_21.bmp,c(6 x 2),c(6 x 2)
79,raw_pixels_64,1nn,original data/STO_ideal_c6x2/c6x2_3.bmp,c(6 x 2),c(6 x 2)
79,raw_pixels_64,1nn,original data/STO_ideal_c6x2/c6x2_14.bmp,c(6 x 2),c(6 x 2)
79,raw_pixels_64,1nn,original data/STO_ideal_c6x2/c6x2_10.bmp,c(6 x 2),c(6 x 2)
79,raw_pixels_64,1nn,original data/STO_ideal_RT13/RT13_6.png,(√13 x √13),(√13 x √13)
79,raw_pixels_64,1nn,original data/STO_ideal_RT13/RT13_21.png,(√13 x √13),(√13 x √13)
79,raw_pixels_64,1nn,original data/STO_ideal_RT13/RT13_1.png,(√13 x √13),(√13 x √13)
79,raw_pixels_64,1nn,original data/STO_ideal_RT13/RT13_39.bmp,(√13 x √13),(√13 x √13)
79,raw_pixels_64,1nn,original data/STO_ideal_RT13/RT13_40.bmp,(√13 x √13),(√13 x √13)
79,raw_pixels_64,1nn,original data/STO_ideal_RT13/RT13_25.bmp,(√13 x √13),(√13 x √13)
79,raw_pixels_64,1nn,original data/STO_ideal_RT13/RT13_3.png,(√13 x √13),HTR
79,raw_pixels_64,1nn,original data/STO_ideal_HTR/HTR_14.png,HTR,c(6 x 2)
79,raw_pixels_64,1nn,original data/STO_ideal_HTR/HTR_31.bmp,HTR,HTR
79,raw_pixels_64,1nn,original data/STO_ideal_HTR/HTR_32.bmp,HTR,HTR
79,raw_pixels_64,1nn,original data/STO_ideal_HTR/HTR_2.png,HTR,HTR
79,raw_pixels_64,1nn,original data/STO_ideal_HTR/HTR_11.png,HTR,HTR
79,raw_pixels_64,5nn,original data/STO_ideal_1x1/ideal_1x1_30.bmp,(1 x 1),(1 x 1)
79,raw_pixels_64,5nn,original data/STO_ideal_1x1/ideal_1x1_41.bmp,(1 x 1),(1 x 1)
79,raw_pixels_64,5nn,original data/STO_ideal_1x1/ideal_1x1_44.bmp,(1 x 1),(1 x 1)
79,raw_pixels_64,5nn,original data/STO_ideal_1x1/ideal_1x1_33.bmp,(1 x 1),(1 x 1)
79,raw_pixels_64,5nn,original data/STO_ideal_1x1/ideal_1x1_49.bmp,(1 x 1),(1 x 1)
79,raw_pixels_64,5nn,original data/STO_ideal_1x1/ideal_1x1_36.bmp,(1 x 1),(1 x 1)
79,raw_pixels_64,5nn,original data/STO_ideal_1x1/ideal_1x1_28.bmp,(1 x 1),(1 x 1)
79,raw_pixels_64,5nn,original data/STO_ideal_1x1/1x1_26.bmp,(1 x 1),(1 x 1)
79,raw_pixels_64,5nn,original data/STO_ideal_c6x2/ideal_c6x2_30.bmp,c(6 x 2),c(6 x 2)
79,raw_pixels_64,5nn,original data/STO_ideal_c6x2/ideal_c6x2_31.bmp,c(6 x 2),c(6 x 2)
79,raw_pixels_64,5nn,original data/STO_ideal_c6x2/c6x2_8.bmp,c(6 x 2),c(6 x 2)
79,raw_pixels_64,5nn,original data/STO_ideal_c6x2/ideal_c6x2_27.bmp,c(6 x 2),c(6 x 2)
79,raw_pixels_64,5nn,original data/STO_ideal_c6x2/c6x2_21.bmp,c(6 x 2),c(6 x 2)
79,raw_pixels_64,5nn,original data/STO_ideal_c6x2/c6x2_3.bmp,c(6 x 2),c(6 x 2)
79,raw_pixels_64,5nn,original data/STO_ideal_c6x2/c6x2_14.bmp,c(6 x 2),c(6 x 2)
79,raw_pixels_64,5nn,original data/STO_ideal_c6x2/c6x2_10.bmp,c(6 x 2),c(6 x 2)
79,raw_pixels_64,5nn,original data/STO_ideal_RT13/RT13_6.png,(√13 x √13),HTR
79,raw_pixels_64,5nn,original data/STO_ideal_RT13/RT13_21.png,(√13 x √13),(√13 x √13)
79,raw_pixels_64,5nn,original data/STO_ideal_RT13/RT13_1.png,(√13 x √13),(√13 x √13)
79,raw_pixels_64,5nn,original data/STO_ideal_RT13/RT13_39.bmp,(√13 x √13),(√13 x √13)
79,raw_pixels_64,5nn,original data/STO_ideal_RT13/RT13_40.bmp,(√13 x √13),(√13 x √13)
79,raw_pixels_64,5nn,original data/STO_ideal_RT13/RT13_25.bmp,(√13 x √13),c(6 x 2)
79,raw_pixels_64,5nn,original data/STO_ideal_RT13/RT13_3.png,(√13 x √13),HTR
79,raw_pixels_64,5nn,original data/STO_ideal_HTR/HTR_14.png,HTR,c(6 x 2)
79,raw_pixels_64,5nn,original data/STO_ideal_HTR/HTR_31.bmp,HTR,HTR
79,raw_pixels_64,5nn,original data/STO_ideal_HTR/HTR_32.bmp,HTR,HTR
79,raw_pixels_64,5nn,original data/STO_ideal_HTR/HTR_2.png,HTR,(√13 x √13)
79,raw_pixels_64,5nn,original data/STO_ideal_HTR/HTR_11.png,HTR,(√13 x √13)
79,raw_pixels_64,logreg,original data/STO_ideal_1x1/ideal_1x1_30.bmp,(1 x 1),(1 x 1)
79,raw_pixels_64,logreg,original data/STO_ideal_1x1/ideal_1x1_41.bmp,(1 x 1),(1 x 1)
79,raw_pixels_64,logreg,original data/STO_ideal_1x1/ideal_1x1_44.bmp,(1 x 1),(1 x 1)
79,raw_pixels_64,logreg,original data/STO_ideal_1x1/ideal_1x1_33.bmp,(1 x 1),(1 x 1)
79,raw_pixels_64,logreg,original data/STO_ideal_1x1/ideal_1x1_49.bmp,(1 x 1),(1 x 1)
79,raw_pixels_64,logreg,original data/STO_ideal_1x1/ideal_1x1_36.bmp,(1 x 1),(1 x 1)
79,raw_pixels_64,logreg,original data/STO_ideal_1x1/ideal_1x1_28.bmp,(1 x 1),(1 x 1)
79,raw_pixels_64,logreg,original data/STO_ideal_1x1/1x1_26.bmp,(1 x 1),(1 x 1)
79,raw_pixels_64,logreg,original data/STO_ideal_c6x2/ideal_c6x2_30.bmp,c(6 x 2),c(6 x 2)
79,raw_pixels_64,logreg,original data/STO_ideal_c6x2/ideal_c6x2_31.bmp,c(6 x 2),c(6 x 2)
79,raw_pixels_64,logreg,original data/STO_ideal_c6x2/c6x2_8.bmp,c(6 x 2),c(6 x 2)
79,raw_pixels_64,logreg,original data/STO_ideal_c6x2/ideal_c6x2_27.bmp,c(6 x 2),c(6 x 2)
79,raw_pixels_64,logreg,original data/STO_ideal_c6x2/c6x2_21.bmp,c(6 x 2),c(6 x 2)
79,raw_pixels_64,logreg,original data/STO_ideal_c6x2/c6x2_3.bmp,c(6 x 2),c(6 x 2)
79,raw_pixels_64,logreg,original data/STO_ideal_c6x2/c6x2_14.bmp,c(6 x 2),c(6 x 2)
79,raw_pixels_64,logreg,original data/STO_ideal_c6x2/c6x2_10.bmp,c(6 x 2),c(6 x 2)
79,raw_pixels_64,logreg,original data/STO_ideal_RT13/RT13_6.png,(√13 x √13),(√13 x √13)
79,raw_pixels_64,logreg,original data/STO_ideal_RT13/RT13_21.png,(√13 x √13),(√13 x √13)
79,raw_pixels_64,logreg,original data/STO_ideal_RT13/RT13_1.png,(√13 x √13),(√13 x √13)
79,raw_pixels_64,logreg,original data/STO_ideal_RT13/RT13_39.bmp,(√13 x √13),(√13 x √13)
79,raw_pixels_64,logreg,original data/STO_ideal_RT13/RT13_40.bmp,(√13 x √13),(√13 x √13)
79,raw_pixels_64,logreg,original data/STO_ideal_RT13/RT13_25.bmp,(√13 x √13),c(6 x 2)
79,raw_pixels_64,logreg,original data/STO_ideal_RT13/RT13_3.png,(√13 x √13),HTR
79,raw_pixels_64,logreg,original data/STO_ideal_HTR/HTR_14.png,HTR,HTR
79,raw_pixels_64,logreg,original data/STO_ideal_HTR/HTR_31.bmp,HTR,HTR
79,raw_pixels_64,logreg,original data/STO_ideal_HTR/HTR_32.bmp,HTR,HTR
79,raw_pixels_64,logreg,original data/STO_ideal_HTR/HTR_2.png,HTR,HTR
79,raw_pixels_64,logreg,original data/STO_ideal_HTR/HTR_11.png,HTR,HTR
79,peak_profile_24,1nn,original data/STO_ideal_1x1/ideal_1x1_30.bmp,(1 x 1),(1 x 1)
79,peak_profile_24,1nn,original data/STO_ideal_1x1/ideal_1x1_41.bmp,(1 x 1),(1 x 1)
79,peak_profile_24,1nn,original data/STO_ideal_1x1/ideal_1x1_44.bmp,(1 x 1),(1 x 1)
79,peak_profile_24,1nn,original data/STO_ideal_1x1/ideal_1x1_33.bmp,(1 x 1),(1 x 1)
79,peak_profile_24,1nn,original data/STO_ideal_1x1/ideal_1x1_49.bmp,(1 x 1),(1 x 1)
79,peak_profile_24,1nn,original data/STO_ideal_1x1/ideal_1x1_36.bmp,(1 x 1),(1 x 1)
79,peak_profile_24,1nn,original data/STO_ideal_1x1/ideal_1x1_28.bmp,(1 x 1),(1 x 1)
79,peak_profile_24,1nn,original data/STO_ideal_1x1/1x1_26.bmp,(1 x 1),(1 x 1)
79,peak_profile_24,1nn,original data/STO_ideal_c6x2/ideal_c6x2_30.bmp,c(6 x 2),c(6 x 2)
79,peak_profile_24,1nn,original data/STO_ideal_c6x2/ideal_c6x2_31.bmp,c(6 x 2),c(6 x 2)
79,peak_profile_24,1nn,original data/STO_ideal_c6x2/c6x2_8.bmp,c(6 x 2),c(6 x 2)
79,peak_profile_24,1nn,original data/STO_ideal_c6x2/ideal_c6x2_27.bmp,c(6 x 2),c(6 x 2)
79,peak_profile_24,1nn,original data/STO_ideal_c6x2/c6x2_21.bmp,c(6 x 2),c(6 x 2)
79,peak_profile_24,1nn,original data/STO_ideal_c6x2/c6x2_3.bmp,c(6 x 2),c(6 x 2)
79,peak_profile_24,1nn,original data/STO_ideal_c6x2/c6x2_14.bmp,c(6 x 2),c(6 x 2)
79,peak_profile_24,1nn,original data/STO_ideal_c6x2/c6x2_10.bmp,c(6 x 2),c(6 x 2)
79,peak_profile_24,1nn,original data/STO_ideal_RT13/RT13_6.png,(√13 x √13),(√13 x √13)
79,peak_profile_24,1nn,original data/STO_ideal_RT13/RT13_21.png,(√13 x √13),(√13 x √13)
79,peak_profile_24,1nn,original data/STO_ideal_RT13/RT13_1.png,(√13 x √13),HTR
79,peak_profile_24,1nn,original data/STO_ideal_RT13/RT13_39.bmp,(√13 x √13),(√13 x √13)
79,peak_profile_24,1nn,original data/STO_ideal_RT13/RT13_40.bmp,(√13 x √13),(√13 x √13)
79,peak_profile_24,1nn,original data/STO_ideal_RT13/RT13_25.bmp,(√13 x √13),c(6 x 2)
79,peak_profile_24,1nn,original data/STO_ideal_RT13/RT13_3.png,(√13 x √13),HTR
79,peak_profile_24,1nn,original data/STO_ideal_HTR/HTR_14.png,HTR,(1 x 1)
79,peak_profile_24,1nn,original data/STO_ideal_HTR/HTR_31.bmp,HTR,HTR
79,peak_profile_24,1nn,original data/STO_ideal_HTR/HTR_32.bmp,HTR,HTR
79,peak_profile_24,1nn,original data/STO_ideal_HTR/HTR_2.png,HTR,(√13 x √13)
79,peak_profile_24,1nn,original data/STO_ideal_HTR/HTR_11.png,HTR,HTR
79,peak_profile_24,5nn,original data/STO_ideal_1x1/ideal_1x1_30.bmp,(1 x 1),(1 x 1)
79,peak_profile_24,5nn,original data/STO_ideal_1x1/ideal_1x1_41.bmp,(1 x 1),(1 x 1)
79,peak_profile_24,5nn,original data/STO_ideal_1x1/ideal_1x1_44.bmp,(1 x 1),(1 x 1)
79,peak_profile_24,5nn,original data/STO_ideal_1x1/ideal_1x1_33.bmp,(1 x 1),(1 x 1)
79,peak_profile_24,5nn,original data/STO_ideal_1x1/ideal_1x1_49.bmp,(1 x 1),(1 x 1)
79,peak_profile_24,5nn,original data/STO_ideal_1x1/ideal_1x1_36.bmp,(1 x 1),(1 x 1)
79,peak_profile_24,5nn,original data/STO_ideal_1x1/ideal_1x1_28.bmp,(1 x 1),(1 x 1)
79,peak_profile_24,5nn,original data/STO_ideal_1x1/1x1_26.bmp,(1 x 1),(1 x 1)
79,peak_profile_24,5nn,original data/STO_ideal_c6x2/ideal_c6x2_30.bmp,c(6 x 2),c(6 x 2)
79,peak_profile_24,5nn,original data/STO_ideal_c6x2/ideal_c6x2_31.bmp,c(6 x 2),c(6 x 2)
79,peak_profile_24,5nn,original data/STO_ideal_c6x2/c6x2_8.bmp,c(6 x 2),c(6 x 2)
79,peak_profile_24,5nn,original data/STO_ideal_c6x2/ideal_c6x2_27.bmp,c(6 x 2),c(6 x 2)
79,peak_profile_24,5nn,original data/STO_ideal_c6x2/c6x2_21.bmp,c(6 x 2),c(6 x 2)
79,peak_profile_24,5nn,original data/STO_ideal_c6x2/c6x2_3.bmp,c(6 x 2),c(6 x 2)
79,peak_profile_24,5nn,original data/STO_ideal_c6x2/c6x2_14.bmp,c(6 x 2),c(6 x 2)
79,peak_profile_24,5nn,original data/STO_ideal_c6x2/c6x2_10.bmp,c(6 x 2),c(6 x 2)
79,peak_profile_24,5nn,original data/STO_ideal_RT13/RT13_6.png,(√13 x √13),HTR
79,peak_profile_24,5nn,original data/STO_ideal_RT13/RT13_21.png,(√13 x √13),(√13 x √13)
79,peak_profile_24,5nn,original data/STO_ideal_RT13/RT13_1.png,(√13 x √13),(√13 x √13)
79,peak_profile_24,5nn,original data/STO_ideal_RT13/RT13_39.bmp,(√13 x √13),(√13 x √13)
79,peak_profile_24,5nn,original data/STO_ideal_RT13/RT13_40.bmp,(√13 x √13),(√13 x √13)
79,peak_profile_24,5nn,original data/STO_ideal_RT13/RT13_25.bmp,(√13 x √13),(√13 x √13)
79,peak_profile_24,5nn,original data/STO_ideal_RT13/RT13_3.png,(√13 x √13),(√13 x √13)
79,peak_profile_24,5nn,original data/STO_ideal_HTR/HTR_14.png,HTR,(1 x 1)
79,peak_profile_24,5nn,original data/STO_ideal_HTR/HTR_31.bmp,HTR,HTR
79,peak_profile_24,5nn,original data/STO_ideal_HTR/HTR_32.bmp,HTR,HTR
79,peak_profile_24,5nn,original data/STO_ideal_HTR/HTR_2.png,HTR,(√13 x √13)
79,peak_profile_24,5nn,original data/STO_ideal_HTR/HTR_11.png,HTR,(√13 x √13)
79,peak_profile_24,logreg,original data/STO_ideal_1x1/ideal_1x1_30.bmp,(1 x 1),(1 x 1)
79,peak_profile_24,logreg,original data/STO_ideal_1x1/ideal_1x1_41.bmp,(1 x 1),(1 x 1)
79,peak_profile_24,logreg,original data/STO_ideal_1x1/ideal_1x1_44.bmp,(1 x 1),(1 x 1)
79,peak_profile_24,logreg,original data/STO_ideal_1x1/ideal_1x1_33.bmp,(1 x 1),(1 x 1)
79,peak_profile_24,logreg,original data/STO_ideal_1x1/ideal_1x1_49.bmp,(1 x 1),(1 x 1)
79,peak_profile_24,logreg,original data/STO_ideal_1x1/ideal_1x1_36.bmp,(1 x 1),(1 x 1)
79,peak_profile_24,logreg,original data/STO_ideal_1x1/ideal_1x1_28.bmp,(1 x 1),(1 x 1)
79,peak_profile_24,logreg,original data/STO_ideal_1x1/1x1_26.bmp,(1 x 1),(1 x 1)
79,peak_profile_24,logreg,original data/STO_ideal_c6x2/ideal_c6x2_30.bmp,c(6 x 2),c(6 x 2)
79,peak_profile_24,logreg,original data/STO_ideal_c6x2/ideal_c6x2_31.bmp,c(6 x 2),c(6 x 2)
79,peak_profile_24,logreg,original data/STO_ideal_c6x2/c6x2_8.bmp,c(6 x 2),c(6 x 2)
79,peak_profile_24,logreg,original data/STO_ideal_c6x2/ideal_c6x2_27.bmp,c(6 x 2),c(6 x 2)
79,peak_profile_24,logreg,original data/STO_ideal_c6x2/c6x2_21.bmp,c(6 x 2),c(6 x 2)
79,peak_profile_24,logreg,original data/STO_ideal_c6x2/c6x2_3.bmp,c(6 x 2),c(6 x 2)
79,peak_profile_24,logreg,original data/STO_ideal_c6x2/c6x2_14.bmp,c(6 x 2),c(6 x 2)
79,peak_profile_24,logreg,original data/STO_ideal_c6x2/c6x2_10.bmp,c(6 x 2),c(6 x 2)
79,peak_profile_24,logreg,original data/STO_ideal_RT13/RT13_6.png,(√13 x √13),(√13 x √13)
79,peak_profile_24,logreg,original data/STO_ideal_RT13/RT13_21.png,(√13 x √13),(√13 x √13)
79,peak_profile_24,logreg,original data/STO_ideal_RT13/RT13_1.png,(√13 x √13),(√13 x √13)
79,peak_profile_24,logreg,original data/STO_ideal_RT13/RT13_39.bmp,(√13 x √13),(√13 x √13)
79,peak_profile_24,logreg,original data/STO_ideal_RT13/RT13_40.bmp,(√13 x √13),(√13 x √13)
79,peak_profile_24,logreg,original data/STO_ideal_RT13/RT13_25.bmp,(√13 x √13),c(6 x 2)
79,peak_profile_24,logreg,original data/STO_ideal_RT13/RT13_3.png,(√13 x √13),(√13 x √13)
79,peak_profile_24,logreg,original data/STO_ideal_HTR/HTR_14.png,HTR,(√13 x √13)
79,peak_profile_24,logreg,original data/STO_ideal_HTR/HTR_31.bmp,HTR,HTR
79,peak_profile_24,logreg,original data/STO_ideal_HTR/HTR_32.bmp,HTR,HTR
79,peak_profile_24,logreg,original data/STO_ideal_HTR/HTR_2.png,HTR,HTR
79,peak_profile_24,logreg,original data/STO_ideal_HTR/HTR_11.png,HTR,HTR
79,random_resnet18_init0,1nn,original data/STO_ideal_1x1/ideal_1x1_30.bmp,(1 x 1),(1 x 1)
79,random_resnet18_init0,1nn,original data/STO_ideal_1x1/ideal_1x1_41.bmp,(1 x 1),(1 x 1)
79,random_resnet18_init0,1nn,original data/STO_ideal_1x1/ideal_1x1_44.bmp,(1 x 1),(1 x 1)
79,random_resnet18_init0,1nn,original data/STO_ideal_1x1/ideal_1x1_33.bmp,(1 x 1),(1 x 1)
79,random_resnet18_init0,1nn,original data/STO_ideal_1x1/ideal_1x1_49.bmp,(1 x 1),(1 x 1)
79,random_resnet18_init0,1nn,original data/STO_ideal_1x1/ideal_1x1_36.bmp,(1 x 1),(1 x 1)
79,random_resnet18_init0,1nn,original data/STO_ideal_1x1/ideal_1x1_28.bmp,(1 x 1),(1 x 1)
79,random_resnet18_init0,1nn,original data/STO_ideal_1x1/1x1_26.bmp,(1 x 1),(1 x 1)
79,random_resnet18_init0,1nn,original data/STO_ideal_c6x2/ideal_c6x2_30.bmp,c(6 x 2),c(6 x 2)
79,random_resnet18_init0,1nn,original data/STO_ideal_c6x2/ideal_c6x2_31.bmp,c(6 x 2),c(6 x 2)
79,random_resnet18_init0,1nn,original data/STO_ideal_c6x2/c6x2_8.bmp,c(6 x 2),c(6 x 2)
79,random_resnet18_init0,1nn,original data/STO_ideal_c6x2/ideal_c6x2_27.bmp,c(6 x 2),c(6 x 2)
79,random_resnet18_init0,1nn,original data/STO_ideal_c6x2/c6x2_21.bmp,c(6 x 2),c(6 x 2)
79,random_resnet18_init0,1nn,original data/STO_ideal_c6x2/c6x2_3.bmp,c(6 x 2),c(6 x 2)
79,random_resnet18_init0,1nn,original data/STO_ideal_c6x2/c6x2_14.bmp,c(6 x 2),c(6 x 2)
79,random_resnet18_init0,1nn,original data/STO_ideal_c6x2/c6x2_10.bmp,c(6 x 2),c(6 x 2)
79,random_resnet18_init0,1nn,original data/STO_ideal_RT13/RT13_6.png,(√13 x √13),(√13 x √13)
79,random_resnet18_init0,1nn,original data/STO_ideal_RT13/RT13_21.png,(√13 x √13),(√13 x √13)
79,random_resnet18_init0,1nn,original data/STO_ideal_RT13/RT13_1.png,(√13 x √13),(√13 x √13)
79,random_resnet18_init0,1nn,original data/STO_ideal_RT13/RT13_39.bmp,(√13 x √13),(√13 x √13)
79,random_resnet18_init0,1nn,original data/STO_ideal_RT13/RT13_40.bmp,(√13 x √13),(√13 x √13)
79,random_resnet18_init0,1nn,original data/STO_ideal_RT13/RT13_25.bmp,(√13 x √13),(√13 x √13)
79,random_resnet18_init0,1nn,original data/STO_ideal_RT13/RT13_3.png,(√13 x √13),HTR
79,random_resnet18_init0,1nn,original data/STO_ideal_HTR/HTR_14.png,HTR,c(6 x 2)
79,random_resnet18_init0,1nn,original data/STO_ideal_HTR/HTR_31.bmp,HTR,HTR
79,random_resnet18_init0,1nn,original data/STO_ideal_HTR/HTR_32.bmp,HTR,HTR
79,random_resnet18_init0,1nn,original data/STO_ideal_HTR/HTR_2.png,HTR,HTR
79,random_resnet18_init0,1nn,original data/STO_ideal_HTR/HTR_11.png,HTR,HTR
79,random_resnet18_init0,5nn,original data/STO_ideal_1x1/ideal_1x1_30.bmp,(1 x 1),(1 x 1)
79,random_resnet18_init0,5nn,original data/STO_ideal_1x1/ideal_1x1_41.bmp,(1 x 1),(1 x 1)
79,random_resnet18_init0,5nn,original data/STO_ideal_1x1/ideal_1x1_44.bmp,(1 x 1),(1 x 1)
79,random_resnet18_init0,5nn,original data/STO_ideal_1x1/ideal_1x1_33.bmp,(1 x 1),(1 x 1)
79,random_resnet18_init0,5nn,original data/STO_ideal_1x1/ideal_1x1_49.bmp,(1 x 1),(1 x 1)
79,random_resnet18_init0,5nn,original data/STO_ideal_1x1/ideal_1x1_36.bmp,(1 x 1),(1 x 1)
79,random_resnet18_init0,5nn,original data/STO_ideal_1x1/ideal_1x1_28.bmp,(1 x 1),(1 x 1)
79,random_resnet18_init0,5nn,original data/STO_ideal_1x1/1x1_26.bmp,(1 x 1),(1 x 1)
79,random_resnet18_init0,5nn,original data/STO_ideal_c6x2/ideal_c6x2_30.bmp,c(6 x 2),c(6 x 2)
79,random_resnet18_init0,5nn,original data/STO_ideal_c6x2/ideal_c6x2_31.bmp,c(6 x 2),c(6 x 2)
79,random_resnet18_init0,5nn,original data/STO_ideal_c6x2/c6x2_8.bmp,c(6 x 2),c(6 x 2)
79,random_resnet18_init0,5nn,original data/STO_ideal_c6x2/ideal_c6x2_27.bmp,c(6 x 2),c(6 x 2)
79,random_resnet18_init0,5nn,original data/STO_ideal_c6x2/c6x2_21.bmp,c(6 x 2),c(6 x 2)
79,random_resnet18_init0,5nn,original data/STO_ideal_c6x2/c6x2_3.bmp,c(6 x 2),c(6 x 2)
79,random_resnet18_init0,5nn,original data/STO_ideal_c6x2/c6x2_14.bmp,c(6 x 2),c(6 x 2)
79,random_resnet18_init0,5nn,original data/STO_ideal_c6x2/c6x2_10.bmp,c(6 x 2),c(6 x 2)
79,random_resnet18_init0,5nn,original data/STO_ideal_RT13/RT13_6.png,(√13 x √13),HTR
79,random_resnet18_init0,5nn,original data/STO_ideal_RT13/RT13_21.png,(√13 x √13),(√13 x √13)
79,random_resnet18_init0,5nn,original data/STO_ideal_RT13/RT13_1.png,(√13 x √13),(√13 x √13)
79,random_resnet18_init0,5nn,original data/STO_ideal_RT13/RT13_39.bmp,(√13 x √13),(√13 x √13)
79,random_resnet18_init0,5nn,original data/STO_ideal_RT13/RT13_40.bmp,(√13 x √13),(√13 x √13)
79,random_resnet18_init0,5nn,original data/STO_ideal_RT13/RT13_25.bmp,(√13 x √13),c(6 x 2)
79,random_resnet18_init0,5nn,original data/STO_ideal_RT13/RT13_3.png,(√13 x √13),(√13 x √13)
79,random_resnet18_init0,5nn,original data/STO_ideal_HTR/HTR_14.png,HTR,c(6 x 2)
79,random_resnet18_init0,5nn,original data/STO_ideal_HTR/HTR_31.bmp,HTR,HTR
79,random_resnet18_init0,5nn,original data/STO_ideal_HTR/HTR_32.bmp,HTR,HTR
79,random_resnet18_init0,5nn,original data/STO_ideal_HTR/HTR_2.png,HTR,(√13 x √13)
79,random_resnet18_init0,5nn,original data/STO_ideal_HTR/HTR_11.png,HTR,(√13 x √13)
79,random_resnet18_init0,logreg,original data/STO_ideal_1x1/ideal_1x1_30.bmp,(1 x 1),(1 x 1)
79,random_resnet18_init0,logreg,original data/STO_ideal_1x1/ideal_1x1_41.bmp,(1 x 1),(1 x 1)
79,random_resnet18_init0,logreg,original data/STO_ideal_1x1/ideal_1x1_44.bmp,(1 x 1),(1 x 1)
79,random_resnet18_init0,logreg,original data/STO_ideal_1x1/ideal_1x1_33.bmp,(1 x 1),(1 x 1)
79,random_resnet18_init0,logreg,original data/STO_ideal_1x1/ideal_1x1_49.bmp,(1 x 1),(1 x 1)
79,random_resnet18_init0,logreg,original data/STO_ideal_1x1/ideal_1x1_36.bmp,(1 x 1),(1 x 1)
79,random_resnet18_init0,logreg,original data/STO_ideal_1x1/ideal_1x1_28.bmp,(1 x 1),(1 x 1)
79,random_resnet18_init0,logreg,original data/STO_ideal_1x1/1x1_26.bmp,(1 x 1),(1 x 1)
79,random_resnet18_init0,logreg,original data/STO_ideal_c6x2/ideal_c6x2_30.bmp,c(6 x 2),c(6 x 2)
79,random_resnet18_init0,logreg,original data/STO_ideal_c6x2/ideal_c6x2_31.bmp,c(6 x 2),c(6 x 2)
79,random_resnet18_init0,logreg,original data/STO_ideal_c6x2/c6x2_8.bmp,c(6 x 2),c(6 x 2)
79,random_resnet18_init0,logreg,original data/STO_ideal_c6x2/ideal_c6x2_27.bmp,c(6 x 2),c(6 x 2)
79,random_resnet18_init0,logreg,original data/STO_ideal_c6x2/c6x2_21.bmp,c(6 x 2),c(6 x 2)
79,random_resnet18_init0,logreg,original data/STO_ideal_c6x2/c6x2_3.bmp,c(6 x 2),c(6 x 2)
79,random_resnet18_init0,logreg,original data/STO_ideal_c6x2/c6x2_14.bmp,c(6 x 2),c(6 x 2)
79,random_resnet18_init0,logreg,original data/STO_ideal_c6x2/c6x2_10.bmp,c(6 x 2),c(6 x 2)
79,random_resnet18_init0,logreg,original data/STO_ideal_RT13/RT13_6.png,(√13 x √13),(√13 x √13)
79,random_resnet18_init0,logreg,original data/STO_ideal_RT13/RT13_21.png,(√13 x √13),(√13 x √13)
79,random_resnet18_init0,logreg,original data/STO_ideal_RT13/RT13_1.png,(√13 x √13),(√13 x √13)
79,random_resnet18_init0,logreg,original data/STO_ideal_RT13/RT13_39.bmp,(√13 x √13),(√13 x √13)
79,random_resnet18_init0,logreg,original data/STO_ideal_RT13/RT13_40.bmp,(√13 x √13),(√13 x √13)
79,random_resnet18_init0,logreg,original data/STO_ideal_RT13/RT13_25.bmp,(√13 x √13),(√13 x √13)
79,random_resnet18_init0,logreg,original data/STO_ideal_RT13/RT13_3.png,(√13 x √13),HTR
79,random_resnet18_init0,logreg,original data/STO_ideal_HTR/HTR_14.png,HTR,HTR
79,random_resnet18_init0,logreg,original data/STO_ideal_HTR/HTR_31.bmp,HTR,HTR
79,random_resnet18_init0,logreg,original data/STO_ideal_HTR/HTR_32.bmp,HTR,HTR
79,random_resnet18_init0,logreg,original data/STO_ideal_HTR/HTR_2.png,HTR,HTR
79,random_resnet18_init0,logreg,original data/STO_ideal_HTR/HTR_11.png,HTR,HTR
79,random_resnet18_init1,1nn,original data/STO_ideal_1x1/ideal_1x1_30.bmp,(1 x 1),(1 x 1)
79,random_resnet18_init1,1nn,original data/STO_ideal_1x1/ideal_1x1_41.bmp,(1 x 1),(1 x 1)
79,random_resnet18_init1,1nn,original data/STO_ideal_1x1/ideal_1x1_44.bmp,(1 x 1),(1 x 1)
79,random_resnet18_init1,1nn,original data/STO_ideal_1x1/ideal_1x1_33.bmp,(1 x 1),(1 x 1)
79,random_resnet18_init1,1nn,original data/STO_ideal_1x1/ideal_1x1_49.bmp,(1 x 1),(1 x 1)
79,random_resnet18_init1,1nn,original data/STO_ideal_1x1/ideal_1x1_36.bmp,(1 x 1),(1 x 1)
79,random_resnet18_init1,1nn,original data/STO_ideal_1x1/ideal_1x1_28.bmp,(1 x 1),(1 x 1)
79,random_resnet18_init1,1nn,original data/STO_ideal_1x1/1x1_26.bmp,(1 x 1),(1 x 1)
79,random_resnet18_init1,1nn,original data/STO_ideal_c6x2/ideal_c6x2_30.bmp,c(6 x 2),c(6 x 2)
79,random_resnet18_init1,1nn,original data/STO_ideal_c6x2/ideal_c6x2_31.bmp,c(6 x 2),c(6 x 2)
79,random_resnet18_init1,1nn,original data/STO_ideal_c6x2/c6x2_8.bmp,c(6 x 2),c(6 x 2)
79,random_resnet18_init1,1nn,original data/STO_ideal_c6x2/ideal_c6x2_27.bmp,c(6 x 2),c(6 x 2)
79,random_resnet18_init1,1nn,original data/STO_ideal_c6x2/c6x2_21.bmp,c(6 x 2),c(6 x 2)
79,random_resnet18_init1,1nn,original data/STO_ideal_c6x2/c6x2_3.bmp,c(6 x 2),c(6 x 2)
79,random_resnet18_init1,1nn,original data/STO_ideal_c6x2/c6x2_14.bmp,c(6 x 2),c(6 x 2)
79,random_resnet18_init1,1nn,original data/STO_ideal_c6x2/c6x2_10.bmp,c(6 x 2),c(6 x 2)
79,random_resnet18_init1,1nn,original data/STO_ideal_RT13/RT13_6.png,(√13 x √13),(√13 x √13)
79,random_resnet18_init1,1nn,original data/STO_ideal_RT13/RT13_21.png,(√13 x √13),(√13 x √13)
79,random_resnet18_init1,1nn,original data/STO_ideal_RT13/RT13_1.png,(√13 x √13),(√13 x √13)
79,random_resnet18_init1,1nn,original data/STO_ideal_RT13/RT13_39.bmp,(√13 x √13),(√13 x √13)
79,random_resnet18_init1,1nn,original data/STO_ideal_RT13/RT13_40.bmp,(√13 x √13),(√13 x √13)
79,random_resnet18_init1,1nn,original data/STO_ideal_RT13/RT13_25.bmp,(√13 x √13),(√13 x √13)
79,random_resnet18_init1,1nn,original data/STO_ideal_RT13/RT13_3.png,(√13 x √13),HTR
79,random_resnet18_init1,1nn,original data/STO_ideal_HTR/HTR_14.png,HTR,c(6 x 2)
79,random_resnet18_init1,1nn,original data/STO_ideal_HTR/HTR_31.bmp,HTR,HTR
79,random_resnet18_init1,1nn,original data/STO_ideal_HTR/HTR_32.bmp,HTR,HTR
79,random_resnet18_init1,1nn,original data/STO_ideal_HTR/HTR_2.png,HTR,HTR
79,random_resnet18_init1,1nn,original data/STO_ideal_HTR/HTR_11.png,HTR,HTR
79,random_resnet18_init1,5nn,original data/STO_ideal_1x1/ideal_1x1_30.bmp,(1 x 1),(1 x 1)
79,random_resnet18_init1,5nn,original data/STO_ideal_1x1/ideal_1x1_41.bmp,(1 x 1),(1 x 1)
79,random_resnet18_init1,5nn,original data/STO_ideal_1x1/ideal_1x1_44.bmp,(1 x 1),(1 x 1)
79,random_resnet18_init1,5nn,original data/STO_ideal_1x1/ideal_1x1_33.bmp,(1 x 1),(1 x 1)
79,random_resnet18_init1,5nn,original data/STO_ideal_1x1/ideal_1x1_49.bmp,(1 x 1),(1 x 1)
79,random_resnet18_init1,5nn,original data/STO_ideal_1x1/ideal_1x1_36.bmp,(1 x 1),(1 x 1)
79,random_resnet18_init1,5nn,original data/STO_ideal_1x1/ideal_1x1_28.bmp,(1 x 1),(1 x 1)
79,random_resnet18_init1,5nn,original data/STO_ideal_1x1/1x1_26.bmp,(1 x 1),(1 x 1)
79,random_resnet18_init1,5nn,original data/STO_ideal_c6x2/ideal_c6x2_30.bmp,c(6 x 2),c(6 x 2)
79,random_resnet18_init1,5nn,original data/STO_ideal_c6x2/ideal_c6x2_31.bmp,c(6 x 2),c(6 x 2)
79,random_resnet18_init1,5nn,original data/STO_ideal_c6x2/c6x2_8.bmp,c(6 x 2),c(6 x 2)
79,random_resnet18_init1,5nn,original data/STO_ideal_c6x2/ideal_c6x2_27.bmp,c(6 x 2),c(6 x 2)
79,random_resnet18_init1,5nn,original data/STO_ideal_c6x2/c6x2_21.bmp,c(6 x 2),c(6 x 2)
79,random_resnet18_init1,5nn,original data/STO_ideal_c6x2/c6x2_3.bmp,c(6 x 2),c(6 x 2)
79,random_resnet18_init1,5nn,original data/STO_ideal_c6x2/c6x2_14.bmp,c(6 x 2),c(6 x 2)
79,random_resnet18_init1,5nn,original data/STO_ideal_c6x2/c6x2_10.bmp,c(6 x 2),c(6 x 2)
79,random_resnet18_init1,5nn,original data/STO_ideal_RT13/RT13_6.png,(√13 x √13),HTR
79,random_resnet18_init1,5nn,original data/STO_ideal_RT13/RT13_21.png,(√13 x √13),(√13 x √13)
79,random_resnet18_init1,5nn,original data/STO_ideal_RT13/RT13_1.png,(√13 x √13),(√13 x √13)
79,random_resnet18_init1,5nn,original data/STO_ideal_RT13/RT13_39.bmp,(√13 x √13),(√13 x √13)
79,random_resnet18_init1,5nn,original data/STO_ideal_RT13/RT13_40.bmp,(√13 x √13),(√13 x √13)
79,random_resnet18_init1,5nn,original data/STO_ideal_RT13/RT13_25.bmp,(√13 x √13),c(6 x 2)
79,random_resnet18_init1,5nn,original data/STO_ideal_RT13/RT13_3.png,(√13 x √13),(√13 x √13)
79,random_resnet18_init1,5nn,original data/STO_ideal_HTR/HTR_14.png,HTR,c(6 x 2)
79,random_resnet18_init1,5nn,original data/STO_ideal_HTR/HTR_31.bmp,HTR,HTR
79,random_resnet18_init1,5nn,original data/STO_ideal_HTR/HTR_32.bmp,HTR,HTR
79,random_resnet18_init1,5nn,original data/STO_ideal_HTR/HTR_2.png,HTR,(√13 x √13)
79,random_resnet18_init1,5nn,original data/STO_ideal_HTR/HTR_11.png,HTR,(√13 x √13)
79,random_resnet18_init1,logreg,original data/STO_ideal_1x1/ideal_1x1_30.bmp,(1 x 1),(1 x 1)
79,random_resnet18_init1,logreg,original data/STO_ideal_1x1/ideal_1x1_41.bmp,(1 x 1),(1 x 1)
79,random_resnet18_init1,logreg,original data/STO_ideal_1x1/ideal_1x1_44.bmp,(1 x 1),(1 x 1)
79,random_resnet18_init1,logreg,original data/STO_ideal_1x1/ideal_1x1_33.bmp,(1 x 1),(1 x 1)
79,random_resnet18_init1,logreg,original data/STO_ideal_1x1/ideal_1x1_49.bmp,(1 x 1),(1 x 1)
79,random_resnet18_init1,logreg,original data/STO_ideal_1x1/ideal_1x1_36.bmp,(1 x 1),(1 x 1)
79,random_resnet18_init1,logreg,original data/STO_ideal_1x1/ideal_1x1_28.bmp,(1 x 1),(1 x 1)
79,random_resnet18_init1,logreg,original data/STO_ideal_1x1/1x1_26.bmp,(1 x 1),(1 x 1)
79,random_resnet18_init1,logreg,original data/STO_ideal_c6x2/ideal_c6x2_30.bmp,c(6 x 2),c(6 x 2)
79,random_resnet18_init1,logreg,original data/STO_ideal_c6x2/ideal_c6x2_31.bmp,c(6 x 2),c(6 x 2)
79,random_resnet18_init1,logreg,original data/STO_ideal_c6x2/c6x2_8.bmp,c(6 x 2),c(6 x 2)
79,random_resnet18_init1,logreg,original data/STO_ideal_c6x2/ideal_c6x2_27.bmp,c(6 x 2),c(6 x 2)
79,random_resnet18_init1,logreg,original data/STO_ideal_c6x2/c6x2_21.bmp,c(6 x 2),c(6 x 2)
79,random_resnet18_init1,logreg,original data/STO_ideal_c6x2/c6x2_3.bmp,c(6 x 2),c(6 x 2)
79,random_resnet18_init1,logreg,original data/STO_ideal_c6x2/c6x2_14.bmp,c(6 x 2),c(6 x 2)
79,random_resnet18_init1,logreg,original data/STO_ideal_c6x2/c6x2_10.bmp,c(6 x 2),c(6 x 2)
79,random_resnet18_init1,logreg,original data/STO_ideal_RT13/RT13_6.png,(√13 x √13),(√13 x √13)
79,random_resnet18_init1,logreg,original data/STO_ideal_RT13/RT13_21.png,(√13 x √13),(√13 x √13)
79,random_resnet18_init1,logreg,original data/STO_ideal_RT13/RT13_1.png,(√13 x √13),(√13 x √13)
79,random_resnet18_init1,logreg,original data/STO_ideal_RT13/RT13_39.bmp,(√13 x √13),(√13 x √13)
79,random_resnet18_init1,logreg,original data/STO_ideal_RT13/RT13_40.bmp,(√13 x √13),(√13 x √13)
79,random_resnet18_init1,logreg,original data/STO_ideal_RT13/RT13_25.bmp,(√13 x √13),c(6 x 2)
79,random_resnet18_init1,logreg,original data/STO_ideal_RT13/RT13_3.png,(√13 x √13),HTR
79,random_resnet18_init1,logreg,original data/STO_ideal_HTR/HTR_14.png,HTR,HTR
79,random_resnet18_init1,logreg,original data/STO_ideal_HTR/HTR_31.bmp,HTR,HTR
79,random_resnet18_init1,logreg,original data/STO_ideal_HTR/HTR_32.bmp,HTR,HTR
79,random_resnet18_init1,logreg,original data/STO_ideal_HTR/HTR_2.png,HTR,(√13 x √13)
79,random_resnet18_init1,logreg,original data/STO_ideal_HTR/HTR_11.png,HTR,HTR
79,random_resnet18_init2,1nn,original data/STO_ideal_1x1/ideal_1x1_30.bmp,(1 x 1),(1 x 1)
79,random_resnet18_init2,1nn,original data/STO_ideal_1x1/ideal_1x1_41.bmp,(1 x 1),(1 x 1)
79,random_resnet18_init2,1nn,original data/STO_ideal_1x1/ideal_1x1_44.bmp,(1 x 1),(1 x 1)
79,random_resnet18_init2,1nn,original data/STO_ideal_1x1/ideal_1x1_33.bmp,(1 x 1),(1 x 1)
79,random_resnet18_init2,1nn,original data/STO_ideal_1x1/ideal_1x1_49.bmp,(1 x 1),(1 x 1)
79,random_resnet18_init2,1nn,original data/STO_ideal_1x1/ideal_1x1_36.bmp,(1 x 1),(1 x 1)
79,random_resnet18_init2,1nn,original data/STO_ideal_1x1/ideal_1x1_28.bmp,(1 x 1),(1 x 1)
79,random_resnet18_init2,1nn,original data/STO_ideal_1x1/1x1_26.bmp,(1 x 1),(1 x 1)
79,random_resnet18_init2,1nn,original data/STO_ideal_c6x2/ideal_c6x2_30.bmp,c(6 x 2),c(6 x 2)
79,random_resnet18_init2,1nn,original data/STO_ideal_c6x2/ideal_c6x2_31.bmp,c(6 x 2),c(6 x 2)
79,random_resnet18_init2,1nn,original data/STO_ideal_c6x2/c6x2_8.bmp,c(6 x 2),c(6 x 2)
79,random_resnet18_init2,1nn,original data/STO_ideal_c6x2/ideal_c6x2_27.bmp,c(6 x 2),c(6 x 2)
79,random_resnet18_init2,1nn,original data/STO_ideal_c6x2/c6x2_21.bmp,c(6 x 2),c(6 x 2)
79,random_resnet18_init2,1nn,original data/STO_ideal_c6x2/c6x2_3.bmp,c(6 x 2),c(6 x 2)
79,random_resnet18_init2,1nn,original data/STO_ideal_c6x2/c6x2_14.bmp,c(6 x 2),c(6 x 2)
79,random_resnet18_init2,1nn,original data/STO_ideal_c6x2/c6x2_10.bmp,c(6 x 2),c(6 x 2)
79,random_resnet18_init2,1nn,original data/STO_ideal_RT13/RT13_6.png,(√13 x √13),(√13 x √13)
79,random_resnet18_init2,1nn,original data/STO_ideal_RT13/RT13_21.png,(√13 x √13),(√13 x √13)
79,random_resnet18_init2,1nn,original data/STO_ideal_RT13/RT13_1.png,(√13 x √13),(√13 x √13)
79,random_resnet18_init2,1nn,original data/STO_ideal_RT13/RT13_39.bmp,(√13 x √13),(√13 x √13)
79,random_resnet18_init2,1nn,original data/STO_ideal_RT13/RT13_40.bmp,(√13 x √13),(√13 x √13)
79,random_resnet18_init2,1nn,original data/STO_ideal_RT13/RT13_25.bmp,(√13 x √13),(√13 x √13)
79,random_resnet18_init2,1nn,original data/STO_ideal_RT13/RT13_3.png,(√13 x √13),HTR
79,random_resnet18_init2,1nn,original data/STO_ideal_HTR/HTR_14.png,HTR,c(6 x 2)
79,random_resnet18_init2,1nn,original data/STO_ideal_HTR/HTR_31.bmp,HTR,HTR
79,random_resnet18_init2,1nn,original data/STO_ideal_HTR/HTR_32.bmp,HTR,HTR
79,random_resnet18_init2,1nn,original data/STO_ideal_HTR/HTR_2.png,HTR,HTR
79,random_resnet18_init2,1nn,original data/STO_ideal_HTR/HTR_11.png,HTR,HTR
79,random_resnet18_init2,5nn,original data/STO_ideal_1x1/ideal_1x1_30.bmp,(1 x 1),(1 x 1)
79,random_resnet18_init2,5nn,original data/STO_ideal_1x1/ideal_1x1_41.bmp,(1 x 1),(1 x 1)
79,random_resnet18_init2,5nn,original data/STO_ideal_1x1/ideal_1x1_44.bmp,(1 x 1),(1 x 1)
79,random_resnet18_init2,5nn,original data/STO_ideal_1x1/ideal_1x1_33.bmp,(1 x 1),(1 x 1)
79,random_resnet18_init2,5nn,original data/STO_ideal_1x1/ideal_1x1_49.bmp,(1 x 1),(1 x 1)
79,random_resnet18_init2,5nn,original data/STO_ideal_1x1/ideal_1x1_36.bmp,(1 x 1),(1 x 1)
79,random_resnet18_init2,5nn,original data/STO_ideal_1x1/ideal_1x1_28.bmp,(1 x 1),(1 x 1)
79,random_resnet18_init2,5nn,original data/STO_ideal_1x1/1x1_26.bmp,(1 x 1),(1 x 1)
79,random_resnet18_init2,5nn,original data/STO_ideal_c6x2/ideal_c6x2_30.bmp,c(6 x 2),c(6 x 2)
79,random_resnet18_init2,5nn,original data/STO_ideal_c6x2/ideal_c6x2_31.bmp,c(6 x 2),c(6 x 2)
79,random_resnet18_init2,5nn,original data/STO_ideal_c6x2/c6x2_8.bmp,c(6 x 2),c(6 x 2)
79,random_resnet18_init2,5nn,original data/STO_ideal_c6x2/ideal_c6x2_27.bmp,c(6 x 2),c(6 x 2)
79,random_resnet18_init2,5nn,original data/STO_ideal_c6x2/c6x2_21.bmp,c(6 x 2),c(6 x 2)
79,random_resnet18_init2,5nn,original data/STO_ideal_c6x2/c6x2_3.bmp,c(6 x 2),c(6 x 2)
79,random_resnet18_init2,5nn,original data/STO_ideal_c6x2/c6x2_14.bmp,c(6 x 2),c(6 x 2)
79,random_resnet18_init2,5nn,original data/STO_ideal_c6x2/c6x2_10.bmp,c(6 x 2),c(6 x 2)
79,random_resnet18_init2,5nn,original data/STO_ideal_RT13/RT13_6.png,(√13 x √13),HTR
79,random_resnet18_init2,5nn,original data/STO_ideal_RT13/RT13_21.png,(√13 x √13),(√13 x √13)
79,random_resnet18_init2,5nn,original data/STO_ideal_RT13/RT13_1.png,(√13 x √13),(√13 x √13)
79,random_resnet18_init2,5nn,original data/STO_ideal_RT13/RT13_39.bmp,(√13 x √13),(√13 x √13)
79,random_resnet18_init2,5nn,original data/STO_ideal_RT13/RT13_40.bmp,(√13 x √13),(√13 x √13)
79,random_resnet18_init2,5nn,original data/STO_ideal_RT13/RT13_25.bmp,(√13 x √13),c(6 x 2)
79,random_resnet18_init2,5nn,original data/STO_ideal_RT13/RT13_3.png,(√13 x √13),(√13 x √13)
79,random_resnet18_init2,5nn,original data/STO_ideal_HTR/HTR_14.png,HTR,c(6 x 2)
79,random_resnet18_init2,5nn,original data/STO_ideal_HTR/HTR_31.bmp,HTR,HTR
79,random_resnet18_init2,5nn,original data/STO_ideal_HTR/HTR_32.bmp,HTR,HTR
79,random_resnet18_init2,5nn,original data/STO_ideal_HTR/HTR_2.png,HTR,(√13 x √13)
79,random_resnet18_init2,5nn,original data/STO_ideal_HTR/HTR_11.png,HTR,(√13 x √13)
79,random_resnet18_init2,logreg,original data/STO_ideal_1x1/ideal_1x1_30.bmp,(1 x 1),(1 x 1)
79,random_resnet18_init2,logreg,original data/STO_ideal_1x1/ideal_1x1_41.bmp,(1 x 1),(1 x 1)
79,random_resnet18_init2,logreg,original data/STO_ideal_1x1/ideal_1x1_44.bmp,(1 x 1),(1 x 1)
79,random_resnet18_init2,logreg,original data/STO_ideal_1x1/ideal_1x1_33.bmp,(1 x 1),(1 x 1)
79,random_resnet18_init2,logreg,original data/STO_ideal_1x1/ideal_1x1_49.bmp,(1 x 1),(1 x 1)
79,random_resnet18_init2,logreg,original data/STO_ideal_1x1/ideal_1x1_36.bmp,(1 x 1),(1 x 1)
79,random_resnet18_init2,logreg,original data/STO_ideal_1x1/ideal_1x1_28.bmp,(1 x 1),(1 x 1)
79,random_resnet18_init2,logreg,original data/STO_ideal_1x1/1x1_26.bmp,(1 x 1),(1 x 1)
79,random_resnet18_init2,logreg,original data/STO_ideal_c6x2/ideal_c6x2_30.bmp,c(6 x 2),c(6 x 2)
79,random_resnet18_init2,logreg,original data/STO_ideal_c6x2/ideal_c6x2_31.bmp,c(6 x 2),c(6 x 2)
79,random_resnet18_init2,logreg,original data/STO_ideal_c6x2/c6x2_8.bmp,c(6 x 2),c(6 x 2)
79,random_resnet18_init2,logreg,original data/STO_ideal_c6x2/ideal_c6x2_27.bmp,c(6 x 2),c(6 x 2)
79,random_resnet18_init2,logreg,original data/STO_ideal_c6x2/c6x2_21.bmp,c(6 x 2),c(6 x 2)
79,random_resnet18_init2,logreg,original data/STO_ideal_c6x2/c6x2_3.bmp,c(6 x 2),c(6 x 2)
79,random_resnet18_init2,logreg,original data/STO_ideal_c6x2/c6x2_14.bmp,c(6 x 2),c(6 x 2)
79,random_resnet18_init2,logreg,original data/STO_ideal_c6x2/c6x2_10.bmp,c(6 x 2),c(6 x 2)
79,random_resnet18_init2,logreg,original data/STO_ideal_RT13/RT13_6.png,(√13 x √13),(√13 x √13)
79,random_resnet18_init2,logreg,original data/STO_ideal_RT13/RT13_21.png,(√13 x √13),(√13 x √13)
79,random_resnet18_init2,logreg,original data/STO_ideal_RT13/RT13_1.png,(√13 x √13),(√13 x √13)
79,random_resnet18_init2,logreg,original data/STO_ideal_RT13/RT13_39.bmp,(√13 x √13),(√13 x √13)
79,random_resnet18_init2,logreg,original data/STO_ideal_RT13/RT13_40.bmp,(√13 x √13),(√13 x √13)
79,random_resnet18_init2,logreg,original data/STO_ideal_RT13/RT13_25.bmp,(√13 x √13),c(6 x 2)
79,random_resnet18_init2,logreg,original data/STO_ideal_RT13/RT13_3.png,(√13 x √13),HTR
79,random_resnet18_init2,logreg,original data/STO_ideal_HTR/HTR_14.png,HTR,(1 x 1)
79,random_resnet18_init2,logreg,original data/STO_ideal_HTR/HTR_31.bmp,HTR,HTR
79,random_resnet18_init2,logreg,original data/STO_ideal_HTR/HTR_32.bmp,HTR,HTR
79,random_resnet18_init2,logreg,original data/STO_ideal_HTR/HTR_2.png,HTR,HTR
79,random_resnet18_init2,logreg,original data/STO_ideal_HTR/HTR_11.png,HTR,HTR
79,simclr_resnet18,1nn,original data/STO_ideal_1x1/ideal_1x1_30.bmp,(1 x 1),(1 x 1)
79,simclr_resnet18,1nn,original data/STO_ideal_1x1/ideal_1x1_41.bmp,(1 x 1),(1 x 1)
79,simclr_resnet18,1nn,original data/STO_ideal_1x1/ideal_1x1_44.bmp,(1 x 1),(1 x 1)
79,simclr_resnet18,1nn,original data/STO_ideal_1x1/ideal_1x1_33.bmp,(1 x 1),(1 x 1)
79,simclr_resnet18,1nn,original data/STO_ideal_1x1/ideal_1x1_49.bmp,(1 x 1),(1 x 1)
79,simclr_resnet18,1nn,original data/STO_ideal_1x1/ideal_1x1_36.bmp,(1 x 1),(1 x 1)
79,simclr_resnet18,1nn,original data/STO_ideal_1x1/ideal_1x1_28.bmp,(1 x 1),(1 x 1)
79,simclr_resnet18,1nn,original data/STO_ideal_1x1/1x1_26.bmp,(1 x 1),(1 x 1)
79,simclr_resnet18,1nn,original data/STO_ideal_c6x2/ideal_c6x2_30.bmp,c(6 x 2),c(6 x 2)
79,simclr_resnet18,1nn,original data/STO_ideal_c6x2/ideal_c6x2_31.bmp,c(6 x 2),c(6 x 2)
79,simclr_resnet18,1nn,original data/STO_ideal_c6x2/c6x2_8.bmp,c(6 x 2),c(6 x 2)
79,simclr_resnet18,1nn,original data/STO_ideal_c6x2/ideal_c6x2_27.bmp,c(6 x 2),c(6 x 2)
79,simclr_resnet18,1nn,original data/STO_ideal_c6x2/c6x2_21.bmp,c(6 x 2),c(6 x 2)
79,simclr_resnet18,1nn,original data/STO_ideal_c6x2/c6x2_3.bmp,c(6 x 2),c(6 x 2)
79,simclr_resnet18,1nn,original data/STO_ideal_c6x2/c6x2_14.bmp,c(6 x 2),c(6 x 2)
79,simclr_resnet18,1nn,original data/STO_ideal_c6x2/c6x2_10.bmp,c(6 x 2),c(6 x 2)
79,simclr_resnet18,1nn,original data/STO_ideal_RT13/RT13_6.png,(√13 x √13),(√13 x √13)
79,simclr_resnet18,1nn,original data/STO_ideal_RT13/RT13_21.png,(√13 x √13),(√13 x √13)
79,simclr_resnet18,1nn,original data/STO_ideal_RT13/RT13_1.png,(√13 x √13),HTR
79,simclr_resnet18,1nn,original data/STO_ideal_RT13/RT13_39.bmp,(√13 x √13),(√13 x √13)
79,simclr_resnet18,1nn,original data/STO_ideal_RT13/RT13_40.bmp,(√13 x √13),(√13 x √13)
79,simclr_resnet18,1nn,original data/STO_ideal_RT13/RT13_25.bmp,(√13 x √13),c(6 x 2)
79,simclr_resnet18,1nn,original data/STO_ideal_RT13/RT13_3.png,(√13 x √13),HTR
79,simclr_resnet18,1nn,original data/STO_ideal_HTR/HTR_14.png,HTR,(1 x 1)
79,simclr_resnet18,1nn,original data/STO_ideal_HTR/HTR_31.bmp,HTR,HTR
79,simclr_resnet18,1nn,original data/STO_ideal_HTR/HTR_32.bmp,HTR,HTR
79,simclr_resnet18,1nn,original data/STO_ideal_HTR/HTR_2.png,HTR,HTR
79,simclr_resnet18,1nn,original data/STO_ideal_HTR/HTR_11.png,HTR,HTR
79,simclr_resnet18,5nn,original data/STO_ideal_1x1/ideal_1x1_30.bmp,(1 x 1),(1 x 1)
79,simclr_resnet18,5nn,original data/STO_ideal_1x1/ideal_1x1_41.bmp,(1 x 1),(1 x 1)
79,simclr_resnet18,5nn,original data/STO_ideal_1x1/ideal_1x1_44.bmp,(1 x 1),(1 x 1)
79,simclr_resnet18,5nn,original data/STO_ideal_1x1/ideal_1x1_33.bmp,(1 x 1),(1 x 1)
79,simclr_resnet18,5nn,original data/STO_ideal_1x1/ideal_1x1_49.bmp,(1 x 1),(1 x 1)
79,simclr_resnet18,5nn,original data/STO_ideal_1x1/ideal_1x1_36.bmp,(1 x 1),(1 x 1)
79,simclr_resnet18,5nn,original data/STO_ideal_1x1/ideal_1x1_28.bmp,(1 x 1),(1 x 1)
79,simclr_resnet18,5nn,original data/STO_ideal_1x1/1x1_26.bmp,(1 x 1),(1 x 1)
79,simclr_resnet18,5nn,original data/STO_ideal_c6x2/ideal_c6x2_30.bmp,c(6 x 2),c(6 x 2)
79,simclr_resnet18,5nn,original data/STO_ideal_c6x2/ideal_c6x2_31.bmp,c(6 x 2),c(6 x 2)
79,simclr_resnet18,5nn,original data/STO_ideal_c6x2/c6x2_8.bmp,c(6 x 2),c(6 x 2)
79,simclr_resnet18,5nn,original data/STO_ideal_c6x2/ideal_c6x2_27.bmp,c(6 x 2),c(6 x 2)
79,simclr_resnet18,5nn,original data/STO_ideal_c6x2/c6x2_21.bmp,c(6 x 2),c(6 x 2)
79,simclr_resnet18,5nn,original data/STO_ideal_c6x2/c6x2_3.bmp,c(6 x 2),c(6 x 2)
79,simclr_resnet18,5nn,original data/STO_ideal_c6x2/c6x2_14.bmp,c(6 x 2),c(6 x 2)
79,simclr_resnet18,5nn,original data/STO_ideal_c6x2/c6x2_10.bmp,c(6 x 2),c(6 x 2)
79,simclr_resnet18,5nn,original data/STO_ideal_RT13/RT13_6.png,(√13 x √13),(√13 x √13)
79,simclr_resnet18,5nn,original data/STO_ideal_RT13/RT13_21.png,(√13 x √13),(√13 x √13)
79,simclr_resnet18,5nn,original data/STO_ideal_RT13/RT13_1.png,(√13 x √13),HTR
79,simclr_resnet18,5nn,original data/STO_ideal_RT13/RT13_39.bmp,(√13 x √13),(√13 x √13)
79,simclr_resnet18,5nn,original data/STO_ideal_RT13/RT13_40.bmp,(√13 x √13),(√13 x √13)
79,simclr_resnet18,5nn,original data/STO_ideal_RT13/RT13_25.bmp,(√13 x √13),c(6 x 2)
79,simclr_resnet18,5nn,original data/STO_ideal_RT13/RT13_3.png,(√13 x √13),HTR
79,simclr_resnet18,5nn,original data/STO_ideal_HTR/HTR_14.png,HTR,(1 x 1)
79,simclr_resnet18,5nn,original data/STO_ideal_HTR/HTR_31.bmp,HTR,HTR
79,simclr_resnet18,5nn,original data/STO_ideal_HTR/HTR_32.bmp,HTR,HTR
79,simclr_resnet18,5nn,original data/STO_ideal_HTR/HTR_2.png,HTR,(√13 x √13)
79,simclr_resnet18,5nn,original data/STO_ideal_HTR/HTR_11.png,HTR,HTR
79,simclr_resnet18,logreg,original data/STO_ideal_1x1/ideal_1x1_30.bmp,(1 x 1),(1 x 1)
79,simclr_resnet18,logreg,original data/STO_ideal_1x1/ideal_1x1_41.bmp,(1 x 1),(1 x 1)
79,simclr_resnet18,logreg,original data/STO_ideal_1x1/ideal_1x1_44.bmp,(1 x 1),(1 x 1)
79,simclr_resnet18,logreg,original data/STO_ideal_1x1/ideal_1x1_33.bmp,(1 x 1),(1 x 1)
79,simclr_resnet18,logreg,original data/STO_ideal_1x1/ideal_1x1_49.bmp,(1 x 1),(1 x 1)
79,simclr_resnet18,logreg,original data/STO_ideal_1x1/ideal_1x1_36.bmp,(1 x 1),(1 x 1)
79,simclr_resnet18,logreg,original data/STO_ideal_1x1/ideal_1x1_28.bmp,(1 x 1),(1 x 1)
79,simclr_resnet18,logreg,original data/STO_ideal_1x1/1x1_26.bmp,(1 x 1),(1 x 1)
79,simclr_resnet18,logreg,original data/STO_ideal_c6x2/ideal_c6x2_30.bmp,c(6 x 2),c(6 x 2)
79,simclr_resnet18,logreg,original data/STO_ideal_c6x2/ideal_c6x2_31.bmp,c(6 x 2),c(6 x 2)
79,simclr_resnet18,logreg,original data/STO_ideal_c6x2/c6x2_8.bmp,c(6 x 2),c(6 x 2)
79,simclr_resnet18,logreg,original data/STO_ideal_c6x2/ideal_c6x2_27.bmp,c(6 x 2),c(6 x 2)
79,simclr_resnet18,logreg,original data/STO_ideal_c6x2/c6x2_21.bmp,c(6 x 2),c(6 x 2)
79,simclr_resnet18,logreg,original data/STO_ideal_c6x2/c6x2_3.bmp,c(6 x 2),c(6 x 2)
79,simclr_resnet18,logreg,original data/STO_ideal_c6x2/c6x2_14.bmp,c(6 x 2),c(6 x 2)
79,simclr_resnet18,logreg,original data/STO_ideal_c6x2/c6x2_10.bmp,c(6 x 2),c(6 x 2)
79,simclr_resnet18,logreg,original data/STO_ideal_RT13/RT13_6.png,(√13 x √13),(√13 x √13)
79,simclr_resnet18,logreg,original data/STO_ideal_RT13/RT13_21.png,(√13 x √13),(√13 x √13)
79,simclr_resnet18,logreg,original data/STO_ideal_RT13/RT13_1.png,(√13 x √13),(√13 x √13)
79,simclr_resnet18,logreg,original data/STO_ideal_RT13/RT13_39.bmp,(√13 x √13),(√13 x √13)
79,simclr_resnet18,logreg,original data/STO_ideal_RT13/RT13_40.bmp,(√13 x √13),(√13 x √13)
79,simclr_resnet18,logreg,original data/STO_ideal_RT13/RT13_25.bmp,(√13 x √13),c(6 x 2)
79,simclr_resnet18,logreg,original data/STO_ideal_RT13/RT13_3.png,(√13 x √13),HTR
79,simclr_resnet18,logreg,original data/STO_ideal_HTR/HTR_14.png,HTR,(1 x 1)
79,simclr_resnet18,logreg,original data/STO_ideal_HTR/HTR_31.bmp,HTR,HTR
79,simclr_resnet18,logreg,original data/STO_ideal_HTR/HTR_32.bmp,HTR,HTR
79,simclr_resnet18,logreg,original data/STO_ideal_HTR/HTR_2.png,HTR,HTR
79,simclr_resnet18,logreg,original data/STO_ideal_HTR/HTR_11.png,HTR,HTR
123,raw_pixels_64,1nn,original data/STO_ideal_1x1/1x1_26.bmp,(1 x 1),(1 x 1)
123,raw_pixels_64,1nn,original data/STO_ideal_1x1/1x1_21.bmp,(1 x 1),(1 x 1)
123,raw_pixels_64,1nn,original data/STO_ideal_1x1/ideal_1x1_42.bmp,(1 x 1),(1 x 1)
123,raw_pixels_64,1nn,original data/STO_ideal_1x1/ideal_1x1_52.bmp,(1 x 1),(1 x 1)
123,raw_pixels_64,1nn,original data/STO_ideal_1x1/ideal_1x1_37.bmp,(1 x 1),(1 x 1)
123,raw_pixels_64,1nn,original data/STO_ideal_1x1/ideal_1x1_45.bmp,(1 x 1),(1 x 1)
123,raw_pixels_64,1nn,original data/STO_ideal_1x1/ideal_1x1_47.bmp,(1 x 1),(1 x 1)
123,raw_pixels_64,1nn,original data/STO_ideal_1x1/1x1_20.bmp,(1 x 1),(1 x 1)
123,raw_pixels_64,1nn,original data/STO_ideal_c6x2/c6x2_12.bmp,c(6 x 2),c(6 x 2)
123,raw_pixels_64,1nn,original data/STO_ideal_c6x2/c6x2_20.bmp,c(6 x 2),c(6 x 2)
123,raw_pixels_64,1nn,original data/STO_ideal_c6x2/ideal_c6x2_30.bmp,c(6 x 2),c(6 x 2)
123,raw_pixels_64,1nn,original data/STO_ideal_c6x2/c6x2_10.bmp,c(6 x 2),c(6 x 2)
123,raw_pixels_64,1nn,original data/STO_ideal_c6x2/c6x2_15.bmp,c(6 x 2),c(6 x 2)
123,raw_pixels_64,1nn,original data/STO_ideal_c6x2/c6x2_13.bmp,c(6 x 2),c(6 x 2)
123,raw_pixels_64,1nn,original data/STO_ideal_c6x2/c6x2_16.bmp,c(6 x 2),c(6 x 2)
123,raw_pixels_64,1nn,original data/STO_ideal_c6x2/c6x2_24.bmp,c(6 x 2),c(6 x 2)
123,raw_pixels_64,1nn,original data/STO_ideal_RT13/RT13_15.png,(√13 x √13),(√13 x √13)
123,raw_pixels_64,1nn,original data/STO_ideal_RT13/RT13_42.bmp,(√13 x √13),(√13 x √13)
123,raw_pixels_64,1nn,original data/STO_ideal_RT13/RT13_33.bmp,(√13 x √13),(√13 x √13)
123,raw_pixels_64,1nn,original data/STO_ideal_RT13/RT13_21.png,(√13 x √13),(√13 x √13)
123,raw_pixels_64,1nn,original data/STO_ideal_RT13/RT13_24.bmp,(√13 x √13),c(6 x 2)
123,raw_pixels_64,1nn,original data/STO_ideal_RT13/RT13_8.png,(√13 x √13),(√13 x √13)
123,raw_pixels_64,1nn,original data/STO_ideal_RT13/RT13_14.png,(√13 x √13),(1 x 1)
123,raw_pixels_64,1nn,original data/STO_ideal_HTR/HTR_13.png,HTR,c(6 x 2)
123,raw_pixels_64,1nn,original data/STO_ideal_HTR/HTR_20.png,HTR,HTR
123,raw_pixels_64,1nn,original data/STO_ideal_HTR/HTR_2.png,HTR,(√13 x √13)
123,raw_pixels_64,1nn,original data/STO_ideal_HTR/HTR_4.png,HTR,HTR
123,raw_pixels_64,1nn,original data/STO_ideal_HTR/HTR_14.png,HTR,c(6 x 2)
123,raw_pixels_64,5nn,original data/STO_ideal_1x1/1x1_26.bmp,(1 x 1),(1 x 1)
123,raw_pixels_64,5nn,original data/STO_ideal_1x1/1x1_21.bmp,(1 x 1),(1 x 1)
123,raw_pixels_64,5nn,original data/STO_ideal_1x1/ideal_1x1_42.bmp,(1 x 1),(1 x 1)
123,raw_pixels_64,5nn,original data/STO_ideal_1x1/ideal_1x1_52.bmp,(1 x 1),(1 x 1)
123,raw_pixels_64,5nn,original data/STO_ideal_1x1/ideal_1x1_37.bmp,(1 x 1),(1 x 1)
123,raw_pixels_64,5nn,original data/STO_ideal_1x1/ideal_1x1_45.bmp,(1 x 1),(1 x 1)
123,raw_pixels_64,5nn,original data/STO_ideal_1x1/ideal_1x1_47.bmp,(1 x 1),(1 x 1)
123,raw_pixels_64,5nn,original data/STO_ideal_1x1/1x1_20.bmp,(1 x 1),(1 x 1)
123,raw_pixels_64,5nn,original data/STO_ideal_c6x2/c6x2_12.bmp,c(6 x 2),c(6 x 2)
123,raw_pixels_64,5nn,original data/STO_ideal_c6x2/c6x2_20.bmp,c(6 x 2),c(6 x 2)
123,raw_pixels_64,5nn,original data/STO_ideal_c6x2/ideal_c6x2_30.bmp,c(6 x 2),c(6 x 2)
123,raw_pixels_64,5nn,original data/STO_ideal_c6x2/c6x2_10.bmp,c(6 x 2),c(6 x 2)
123,raw_pixels_64,5nn,original data/STO_ideal_c6x2/c6x2_15.bmp,c(6 x 2),c(6 x 2)
123,raw_pixels_64,5nn,original data/STO_ideal_c6x2/c6x2_13.bmp,c(6 x 2),c(6 x 2)
123,raw_pixels_64,5nn,original data/STO_ideal_c6x2/c6x2_16.bmp,c(6 x 2),c(6 x 2)
123,raw_pixels_64,5nn,original data/STO_ideal_c6x2/c6x2_24.bmp,c(6 x 2),c(6 x 2)
123,raw_pixels_64,5nn,original data/STO_ideal_RT13/RT13_15.png,(√13 x √13),(√13 x √13)
123,raw_pixels_64,5nn,original data/STO_ideal_RT13/RT13_42.bmp,(√13 x √13),(√13 x √13)
123,raw_pixels_64,5nn,original data/STO_ideal_RT13/RT13_33.bmp,(√13 x √13),(√13 x √13)
123,raw_pixels_64,5nn,original data/STO_ideal_RT13/RT13_21.png,(√13 x √13),(√13 x √13)
123,raw_pixels_64,5nn,original data/STO_ideal_RT13/RT13_24.bmp,(√13 x √13),c(6 x 2)
123,raw_pixels_64,5nn,original data/STO_ideal_RT13/RT13_8.png,(√13 x √13),(√13 x √13)
123,raw_pixels_64,5nn,original data/STO_ideal_RT13/RT13_14.png,(√13 x √13),(1 x 1)
123,raw_pixels_64,5nn,original data/STO_ideal_HTR/HTR_13.png,HTR,c(6 x 2)
123,raw_pixels_64,5nn,original data/STO_ideal_HTR/HTR_20.png,HTR,HTR
123,raw_pixels_64,5nn,original data/STO_ideal_HTR/HTR_2.png,HTR,(√13 x √13)
123,raw_pixels_64,5nn,original data/STO_ideal_HTR/HTR_4.png,HTR,HTR
123,raw_pixels_64,5nn,original data/STO_ideal_HTR/HTR_14.png,HTR,c(6 x 2)
123,raw_pixels_64,logreg,original data/STO_ideal_1x1/1x1_26.bmp,(1 x 1),(1 x 1)
123,raw_pixels_64,logreg,original data/STO_ideal_1x1/1x1_21.bmp,(1 x 1),(1 x 1)
123,raw_pixels_64,logreg,original data/STO_ideal_1x1/ideal_1x1_42.bmp,(1 x 1),(1 x 1)
123,raw_pixels_64,logreg,original data/STO_ideal_1x1/ideal_1x1_52.bmp,(1 x 1),(1 x 1)
123,raw_pixels_64,logreg,original data/STO_ideal_1x1/ideal_1x1_37.bmp,(1 x 1),(1 x 1)
123,raw_pixels_64,logreg,original data/STO_ideal_1x1/ideal_1x1_45.bmp,(1 x 1),(1 x 1)
123,raw_pixels_64,logreg,original data/STO_ideal_1x1/ideal_1x1_47.bmp,(1 x 1),(1 x 1)
123,raw_pixels_64,logreg,original data/STO_ideal_1x1/1x1_20.bmp,(1 x 1),(1 x 1)
123,raw_pixels_64,logreg,original data/STO_ideal_c6x2/c6x2_12.bmp,c(6 x 2),c(6 x 2)
123,raw_pixels_64,logreg,original data/STO_ideal_c6x2/c6x2_20.bmp,c(6 x 2),c(6 x 2)
123,raw_pixels_64,logreg,original data/STO_ideal_c6x2/ideal_c6x2_30.bmp,c(6 x 2),c(6 x 2)
123,raw_pixels_64,logreg,original data/STO_ideal_c6x2/c6x2_10.bmp,c(6 x 2),c(6 x 2)
123,raw_pixels_64,logreg,original data/STO_ideal_c6x2/c6x2_15.bmp,c(6 x 2),c(6 x 2)
123,raw_pixels_64,logreg,original data/STO_ideal_c6x2/c6x2_13.bmp,c(6 x 2),c(6 x 2)
123,raw_pixels_64,logreg,original data/STO_ideal_c6x2/c6x2_16.bmp,c(6 x 2),c(6 x 2)
123,raw_pixels_64,logreg,original data/STO_ideal_c6x2/c6x2_24.bmp,c(6 x 2),c(6 x 2)
123,raw_pixels_64,logreg,original data/STO_ideal_RT13/RT13_15.png,(√13 x √13),(√13 x √13)
123,raw_pixels_64,logreg,original data/STO_ideal_RT13/RT13_42.bmp,(√13 x √13),(√13 x √13)
123,raw_pixels_64,logreg,original data/STO_ideal_RT13/RT13_33.bmp,(√13 x √13),(√13 x √13)
123,raw_pixels_64,logreg,original data/STO_ideal_RT13/RT13_21.png,(√13 x √13),(√13 x √13)
123,raw_pixels_64,logreg,original data/STO_ideal_RT13/RT13_24.bmp,(√13 x √13),c(6 x 2)
123,raw_pixels_64,logreg,original data/STO_ideal_RT13/RT13_8.png,(√13 x √13),(√13 x √13)
123,raw_pixels_64,logreg,original data/STO_ideal_RT13/RT13_14.png,(√13 x √13),c(6 x 2)
123,raw_pixels_64,logreg,original data/STO_ideal_HTR/HTR_13.png,HTR,c(6 x 2)
123,raw_pixels_64,logreg,original data/STO_ideal_HTR/HTR_20.png,HTR,HTR
123,raw_pixels_64,logreg,original data/STO_ideal_HTR/HTR_2.png,HTR,(√13 x √13)
123,raw_pixels_64,logreg,original data/STO_ideal_HTR/HTR_4.png,HTR,HTR
123,raw_pixels_64,logreg,original data/STO_ideal_HTR/HTR_14.png,HTR,HTR
123,peak_profile_24,1nn,original data/STO_ideal_1x1/1x1_26.bmp,(1 x 1),(1 x 1)
123,peak_profile_24,1nn,original data/STO_ideal_1x1/1x1_21.bmp,(1 x 1),(1 x 1)
123,peak_profile_24,1nn,original data/STO_ideal_1x1/ideal_1x1_42.bmp,(1 x 1),(1 x 1)
123,peak_profile_24,1nn,original data/STO_ideal_1x1/ideal_1x1_52.bmp,(1 x 1),(1 x 1)
123,peak_profile_24,1nn,original data/STO_ideal_1x1/ideal_1x1_37.bmp,(1 x 1),(1 x 1)
123,peak_profile_24,1nn,original data/STO_ideal_1x1/ideal_1x1_45.bmp,(1 x 1),(1 x 1)
123,peak_profile_24,1nn,original data/STO_ideal_1x1/ideal_1x1_47.bmp,(1 x 1),(1 x 1)
123,peak_profile_24,1nn,original data/STO_ideal_1x1/1x1_20.bmp,(1 x 1),(1 x 1)
123,peak_profile_24,1nn,original data/STO_ideal_c6x2/c6x2_12.bmp,c(6 x 2),c(6 x 2)
123,peak_profile_24,1nn,original data/STO_ideal_c6x2/c6x2_20.bmp,c(6 x 2),c(6 x 2)
123,peak_profile_24,1nn,original data/STO_ideal_c6x2/ideal_c6x2_30.bmp,c(6 x 2),c(6 x 2)
123,peak_profile_24,1nn,original data/STO_ideal_c6x2/c6x2_10.bmp,c(6 x 2),c(6 x 2)
123,peak_profile_24,1nn,original data/STO_ideal_c6x2/c6x2_15.bmp,c(6 x 2),c(6 x 2)
123,peak_profile_24,1nn,original data/STO_ideal_c6x2/c6x2_13.bmp,c(6 x 2),c(6 x 2)
123,peak_profile_24,1nn,original data/STO_ideal_c6x2/c6x2_16.bmp,c(6 x 2),c(6 x 2)
123,peak_profile_24,1nn,original data/STO_ideal_c6x2/c6x2_24.bmp,c(6 x 2),c(6 x 2)
123,peak_profile_24,1nn,original data/STO_ideal_RT13/RT13_15.png,(√13 x √13),(√13 x √13)
123,peak_profile_24,1nn,original data/STO_ideal_RT13/RT13_42.bmp,(√13 x √13),(√13 x √13)
123,peak_profile_24,1nn,original data/STO_ideal_RT13/RT13_33.bmp,(√13 x √13),(√13 x √13)
123,peak_profile_24,1nn,original data/STO_ideal_RT13/RT13_21.png,(√13 x √13),(√13 x √13)
123,peak_profile_24,1nn,original data/STO_ideal_RT13/RT13_24.bmp,(√13 x √13),(√13 x √13)
123,peak_profile_24,1nn,original data/STO_ideal_RT13/RT13_8.png,(√13 x √13),(√13 x √13)
123,peak_profile_24,1nn,original data/STO_ideal_RT13/RT13_14.png,(√13 x √13),(√13 x √13)
123,peak_profile_24,1nn,original data/STO_ideal_HTR/HTR_13.png,HTR,(√13 x √13)
123,peak_profile_24,1nn,original data/STO_ideal_HTR/HTR_20.png,HTR,HTR
123,peak_profile_24,1nn,original data/STO_ideal_HTR/HTR_2.png,HTR,(√13 x √13)
123,peak_profile_24,1nn,original data/STO_ideal_HTR/HTR_4.png,HTR,HTR
123,peak_profile_24,1nn,original data/STO_ideal_HTR/HTR_14.png,HTR,(1 x 1)
123,peak_profile_24,5nn,original data/STO_ideal_1x1/1x1_26.bmp,(1 x 1),(1 x 1)
123,peak_profile_24,5nn,original data/STO_ideal_1x1/1x1_21.bmp,(1 x 1),(1 x 1)
123,peak_profile_24,5nn,original data/STO_ideal_1x1/ideal_1x1_42.bmp,(1 x 1),(1 x 1)
123,peak_profile_24,5nn,original data/STO_ideal_1x1/ideal_1x1_52.bmp,(1 x 1),(1 x 1)
123,peak_profile_24,5nn,original data/STO_ideal_1x1/ideal_1x1_37.bmp,(1 x 1),(1 x 1)
123,peak_profile_24,5nn,original data/STO_ideal_1x1/ideal_1x1_45.bmp,(1 x 1),(1 x 1)
123,peak_profile_24,5nn,original data/STO_ideal_1x1/ideal_1x1_47.bmp,(1 x 1),(1 x 1)
123,peak_profile_24,5nn,original data/STO_ideal_1x1/1x1_20.bmp,(1 x 1),(1 x 1)
123,peak_profile_24,5nn,original data/STO_ideal_c6x2/c6x2_12.bmp,c(6 x 2),c(6 x 2)
123,peak_profile_24,5nn,original data/STO_ideal_c6x2/c6x2_20.bmp,c(6 x 2),c(6 x 2)
123,peak_profile_24,5nn,original data/STO_ideal_c6x2/ideal_c6x2_30.bmp,c(6 x 2),c(6 x 2)
123,peak_profile_24,5nn,original data/STO_ideal_c6x2/c6x2_10.bmp,c(6 x 2),(√13 x √13)
123,peak_profile_24,5nn,original data/STO_ideal_c6x2/c6x2_15.bmp,c(6 x 2),c(6 x 2)
123,peak_profile_24,5nn,original data/STO_ideal_c6x2/c6x2_13.bmp,c(6 x 2),c(6 x 2)
123,peak_profile_24,5nn,original data/STO_ideal_c6x2/c6x2_16.bmp,c(6 x 2),c(6 x 2)
123,peak_profile_24,5nn,original data/STO_ideal_c6x2/c6x2_24.bmp,c(6 x 2),c(6 x 2)
123,peak_profile_24,5nn,original data/STO_ideal_RT13/RT13_15.png,(√13 x √13),(√13 x √13)
123,peak_profile_24,5nn,original data/STO_ideal_RT13/RT13_42.bmp,(√13 x √13),(√13 x √13)
123,peak_profile_24,5nn,original data/STO_ideal_RT13/RT13_33.bmp,(√13 x √13),(√13 x √13)
123,peak_profile_24,5nn,original data/STO_ideal_RT13/RT13_21.png,(√13 x √13),(√13 x √13)
123,peak_profile_24,5nn,original data/STO_ideal_RT13/RT13_24.bmp,(√13 x √13),(√13 x √13)
123,peak_profile_24,5nn,original data/STO_ideal_RT13/RT13_8.png,(√13 x √13),HTR
123,peak_profile_24,5nn,original data/STO_ideal_RT13/RT13_14.png,(√13 x √13),(√13 x √13)
123,peak_profile_24,5nn,original data/STO_ideal_HTR/HTR_13.png,HTR,(√13 x √13)
123,peak_profile_24,5nn,original data/STO_ideal_HTR/HTR_20.png,HTR,HTR
123,peak_profile_24,5nn,original data/STO_ideal_HTR/HTR_2.png,HTR,HTR
123,peak_profile_24,5nn,original data/STO_ideal_HTR/HTR_4.png,HTR,HTR
123,peak_profile_24,5nn,original data/STO_ideal_HTR/HTR_14.png,HTR,(1 x 1)
123,peak_profile_24,logreg,original data/STO_ideal_1x1/1x1_26.bmp,(1 x 1),(√13 x √13)
123,peak_profile_24,logreg,original data/STO_ideal_1x1/1x1_21.bmp,(1 x 1),(1 x 1)
123,peak_profile_24,logreg,original data/STO_ideal_1x1/ideal_1x1_42.bmp,(1 x 1),(1 x 1)
123,peak_profile_24,logreg,original data/STO_ideal_1x1/ideal_1x1_52.bmp,(1 x 1),(√13 x √13)
123,peak_profile_24,logreg,original data/STO_ideal_1x1/ideal_1x1_37.bmp,(1 x 1),(1 x 1)
123,peak_profile_24,logreg,original data/STO_ideal_1x1/ideal_1x1_45.bmp,(1 x 1),(1 x 1)
123,peak_profile_24,logreg,original data/STO_ideal_1x1/ideal_1x1_47.bmp,(1 x 1),(1 x 1)
123,peak_profile_24,logreg,original data/STO_ideal_1x1/1x1_20.bmp,(1 x 1),(√13 x √13)
123,peak_profile_24,logreg,original data/STO_ideal_c6x2/c6x2_12.bmp,c(6 x 2),c(6 x 2)
123,peak_profile_24,logreg,original data/STO_ideal_c6x2/c6x2_20.bmp,c(6 x 2),c(6 x 2)
123,peak_profile_24,logreg,original data/STO_ideal_c6x2/ideal_c6x2_30.bmp,c(6 x 2),c(6 x 2)
123,peak_profile_24,logreg,original data/STO_ideal_c6x2/c6x2_10.bmp,c(6 x 2),c(6 x 2)
123,peak_profile_24,logreg,original data/STO_ideal_c6x2/c6x2_15.bmp,c(6 x 2),c(6 x 2)
123,peak_profile_24,logreg,original data/STO_ideal_c6x2/c6x2_13.bmp,c(6 x 2),c(6 x 2)
123,peak_profile_24,logreg,original data/STO_ideal_c6x2/c6x2_16.bmp,c(6 x 2),c(6 x 2)
123,peak_profile_24,logreg,original data/STO_ideal_c6x2/c6x2_24.bmp,c(6 x 2),c(6 x 2)
123,peak_profile_24,logreg,original data/STO_ideal_RT13/RT13_15.png,(√13 x √13),(√13 x √13)
123,peak_profile_24,logreg,original data/STO_ideal_RT13/RT13_42.bmp,(√13 x √13),(√13 x √13)
123,peak_profile_24,logreg,original data/STO_ideal_RT13/RT13_33.bmp,(√13 x √13),(√13 x √13)
123,peak_profile_24,logreg,original data/STO_ideal_RT13/RT13_21.png,(√13 x √13),(√13 x √13)
123,peak_profile_24,logreg,original data/STO_ideal_RT13/RT13_24.bmp,(√13 x √13),c(6 x 2)
123,peak_profile_24,logreg,original data/STO_ideal_RT13/RT13_8.png,(√13 x √13),(√13 x √13)
123,peak_profile_24,logreg,original data/STO_ideal_RT13/RT13_14.png,(√13 x √13),(√13 x √13)
123,peak_profile_24,logreg,original data/STO_ideal_HTR/HTR_13.png,HTR,(√13 x √13)
123,peak_profile_24,logreg,original data/STO_ideal_HTR/HTR_20.png,HTR,HTR
123,peak_profile_24,logreg,original data/STO_ideal_HTR/HTR_2.png,HTR,(√13 x √13)
123,peak_profile_24,logreg,original data/STO_ideal_HTR/HTR_4.png,HTR,HTR
123,peak_profile_24,logreg,original data/STO_ideal_HTR/HTR_14.png,HTR,(1 x 1)
123,random_resnet18_init0,1nn,original data/STO_ideal_1x1/1x1_26.bmp,(1 x 1),(1 x 1)
123,random_resnet18_init0,1nn,original data/STO_ideal_1x1/1x1_21.bmp,(1 x 1),(1 x 1)
123,random_resnet18_init0,1nn,original data/STO_ideal_1x1/ideal_1x1_42.bmp,(1 x 1),(1 x 1)
123,random_resnet18_init0,1nn,original data/STO_ideal_1x1/ideal_1x1_52.bmp,(1 x 1),(1 x 1)
123,random_resnet18_init0,1nn,original data/STO_ideal_1x1/ideal_1x1_37.bmp,(1 x 1),(1 x 1)
123,random_resnet18_init0,1nn,original data/STO_ideal_1x1/ideal_1x1_45.bmp,(1 x 1),(1 x 1)
123,random_resnet18_init0,1nn,original data/STO_ideal_1x1/ideal_1x1_47.bmp,(1 x 1),(1 x 1)
123,random_resnet18_init0,1nn,original data/STO_ideal_1x1/1x1_20.bmp,(1 x 1),(1 x 1)
123,random_resnet18_init0,1nn,original data/STO_ideal_c6x2/c6x2_12.bmp,c(6 x 2),c(6 x 2)
123,random_resnet18_init0,1nn,original data/STO_ideal_c6x2/c6x2_20.bmp,c(6 x 2),c(6 x 2)
123,random_resnet18_init0,1nn,original data/STO_ideal_c6x2/ideal_c6x2_30.bmp,c(6 x 2),c(6 x 2)
123,random_resnet18_init0,1nn,original data/STO_ideal_c6x2/c6x2_10.bmp,c(6 x 2),c(6 x 2)
123,random_resnet18_init0,1nn,original data/STO_ideal_c6x2/c6x2_15.bmp,c(6 x 2),c(6 x 2)
123,random_resnet18_init0,1nn,original data/STO_ideal_c6x2/c6x2_13.bmp,c(6 x 2),c(6 x 2)
123,random_resnet18_init0,1nn,original data/STO_ideal_c6x2/c6x2_16.bmp,c(6 x 2),c(6 x 2)
123,random_resnet18_init0,1nn,original data/STO_ideal_c6x2/c6x2_24.bmp,c(6 x 2),c(6 x 2)
123,random_resnet18_init0,1nn,original data/STO_ideal_RT13/RT13_15.png,(√13 x √13),(√13 x √13)
123,random_resnet18_init0,1nn,original data/STO_ideal_RT13/RT13_42.bmp,(√13 x √13),(√13 x √13)
123,random_resnet18_init0,1nn,original data/STO_ideal_RT13/RT13_33.bmp,(√13 x √13),(√13 x √13)
123,random_resnet18_init0,1nn,original data/STO_ideal_RT13/RT13_21.png,(√13 x √13),(√13 x √13)
123,random_resnet18_init0,1nn,original data/STO_ideal_RT13/RT13_24.bmp,(√13 x √13),(√13 x √13)
123,random_resnet18_init0,1nn,original data/STO_ideal_RT13/RT13_8.png,(√13 x √13),(√13 x √13)
123,random_resnet18_init0,1nn,original data/STO_ideal_RT13/RT13_14.png,(√13 x √13),(1 x 1)
123,random_resnet18_init0,1nn,original data/STO_ideal_HTR/HTR_13.png,HTR,c(6 x 2)
123,random_resnet18_init0,1nn,original data/STO_ideal_HTR/HTR_20.png,HTR,HTR
123,random_resnet18_init0,1nn,original data/STO_ideal_HTR/HTR_2.png,HTR,(√13 x √13)
123,random_resnet18_init0,1nn,original data/STO_ideal_HTR/HTR_4.png,HTR,HTR
123,random_resnet18_init0,1nn,original data/STO_ideal_HTR/HTR_14.png,HTR,c(6 x 2)
123,random_resnet18_init0,5nn,original data/STO_ideal_1x1/1x1_26.bmp,(1 x 1),(1 x 1)
123,random_resnet18_init0,5nn,original data/STO_ideal_1x1/1x1_21.bmp,(1 x 1),(1 x 1)
123,random_resnet18_init0,5nn,original data/STO_ideal_1x1/ideal_1x1_42.bmp,(1 x 1),(1 x 1)
123,random_resnet18_init0,5nn,original data/STO_ideal_1x1/ideal_1x1_52.bmp,(1 x 1),(1 x 1)
123,random_resnet18_init0,5nn,original data/STO_ideal_1x1/ideal_1x1_37.bmp,(1 x 1),(1 x 1)
123,random_resnet18_init0,5nn,original data/STO_ideal_1x1/ideal_1x1_45.bmp,(1 x 1),(1 x 1)
123,random_resnet18_init0,5nn,original data/STO_ideal_1x1/ideal_1x1_47.bmp,(1 x 1),(1 x 1)
123,random_resnet18_init0,5nn,original data/STO_ideal_1x1/1x1_20.bmp,(1 x 1),(1 x 1)
123,random_resnet18_init0,5nn,original data/STO_ideal_c6x2/c6x2_12.bmp,c(6 x 2),c(6 x 2)
123,random_resnet18_init0,5nn,original data/STO_ideal_c6x2/c6x2_20.bmp,c(6 x 2),c(6 x 2)
123,random_resnet18_init0,5nn,original data/STO_ideal_c6x2/ideal_c6x2_30.bmp,c(6 x 2),c(6 x 2)
123,random_resnet18_init0,5nn,original data/STO_ideal_c6x2/c6x2_10.bmp,c(6 x 2),c(6 x 2)
123,random_resnet18_init0,5nn,original data/STO_ideal_c6x2/c6x2_15.bmp,c(6 x 2),c(6 x 2)
123,random_resnet18_init0,5nn,original data/STO_ideal_c6x2/c6x2_13.bmp,c(6 x 2),c(6 x 2)
123,random_resnet18_init0,5nn,original data/STO_ideal_c6x2/c6x2_16.bmp,c(6 x 2),c(6 x 2)
123,random_resnet18_init0,5nn,original data/STO_ideal_c6x2/c6x2_24.bmp,c(6 x 2),c(6 x 2)
123,random_resnet18_init0,5nn,original data/STO_ideal_RT13/RT13_15.png,(√13 x √13),(√13 x √13)
123,random_resnet18_init0,5nn,original data/STO_ideal_RT13/RT13_42.bmp,(√13 x √13),(√13 x √13)
123,random_resnet18_init0,5nn,original data/STO_ideal_RT13/RT13_33.bmp,(√13 x √13),(√13 x √13)
123,random_resnet18_init0,5nn,original data/STO_ideal_RT13/RT13_21.png,(√13 x √13),(√13 x √13)
123,random_resnet18_init0,5nn,original data/STO_ideal_RT13/RT13_24.bmp,(√13 x √13),(√13 x √13)
123,random_resnet18_init0,5nn,original data/STO_ideal_RT13/RT13_8.png,(√13 x √13),(√13 x √13)
123,random_resnet18_init0,5nn,original data/STO_ideal_RT13/RT13_14.png,(√13 x √13),(1 x 1)
123,random_resnet18_init0,5nn,original data/STO_ideal_HTR/HTR_13.png,HTR,c(6 x 2)
123,random_resnet18_init0,5nn,original data/STO_ideal_HTR/HTR_20.png,HTR,HTR
123,random_resnet18_init0,5nn,original data/STO_ideal_HTR/HTR_2.png,HTR,(√13 x √13)
123,random_resnet18_init0,5nn,original data/STO_ideal_HTR/HTR_4.png,HTR,HTR
123,random_resnet18_init0,5nn,original data/STO_ideal_HTR/HTR_14.png,HTR,c(6 x 2)
123,random_resnet18_init0,logreg,original data/STO_ideal_1x1/1x1_26.bmp,(1 x 1),(1 x 1)
123,random_resnet18_init0,logreg,original data/STO_ideal_1x1/1x1_21.bmp,(1 x 1),(1 x 1)
123,random_resnet18_init0,logreg,original data/STO_ideal_1x1/ideal_1x1_42.bmp,(1 x 1),(1 x 1)
123,random_resnet18_init0,logreg,original data/STO_ideal_1x1/ideal_1x1_52.bmp,(1 x 1),(1 x 1)
123,random_resnet18_init0,logreg,original data/STO_ideal_1x1/ideal_1x1_37.bmp,(1 x 1),(1 x 1)
123,random_resnet18_init0,logreg,original data/STO_ideal_1x1/ideal_1x1_45.bmp,(1 x 1),(1 x 1)
123,random_resnet18_init0,logreg,original data/STO_ideal_1x1/ideal_1x1_47.bmp,(1 x 1),(1 x 1)
123,random_resnet18_init0,logreg,original data/STO_ideal_1x1/1x1_20.bmp,(1 x 1),(1 x 1)
123,random_resnet18_init0,logreg,original data/STO_ideal_c6x2/c6x2_12.bmp,c(6 x 2),c(6 x 2)
123,random_resnet18_init0,logreg,original data/STO_ideal_c6x2/c6x2_20.bmp,c(6 x 2),c(6 x 2)
123,random_resnet18_init0,logreg,original data/STO_ideal_c6x2/ideal_c6x2_30.bmp,c(6 x 2),c(6 x 2)
123,random_resnet18_init0,logreg,original data/STO_ideal_c6x2/c6x2_10.bmp,c(6 x 2),c(6 x 2)
123,random_resnet18_init0,logreg,original data/STO_ideal_c6x2/c6x2_15.bmp,c(6 x 2),c(6 x 2)
123,random_resnet18_init0,logreg,original data/STO_ideal_c6x2/c6x2_13.bmp,c(6 x 2),c(6 x 2)
123,random_resnet18_init0,logreg,original data/STO_ideal_c6x2/c6x2_16.bmp,c(6 x 2),c(6 x 2)
123,random_resnet18_init0,logreg,original data/STO_ideal_c6x2/c6x2_24.bmp,c(6 x 2),c(6 x 2)
123,random_resnet18_init0,logreg,original data/STO_ideal_RT13/RT13_15.png,(√13 x √13),(√13 x √13)
123,random_resnet18_init0,logreg,original data/STO_ideal_RT13/RT13_42.bmp,(√13 x √13),(√13 x √13)
123,random_resnet18_init0,logreg,original data/STO_ideal_RT13/RT13_33.bmp,(√13 x √13),(√13 x √13)
123,random_resnet18_init0,logreg,original data/STO_ideal_RT13/RT13_21.png,(√13 x √13),(√13 x √13)
123,random_resnet18_init0,logreg,original data/STO_ideal_RT13/RT13_24.bmp,(√13 x √13),(√13 x √13)
123,random_resnet18_init0,logreg,original data/STO_ideal_RT13/RT13_8.png,(√13 x √13),(√13 x √13)
123,random_resnet18_init0,logreg,original data/STO_ideal_RT13/RT13_14.png,(√13 x √13),(√13 x √13)
123,random_resnet18_init0,logreg,original data/STO_ideal_HTR/HTR_13.png,HTR,(√13 x √13)
123,random_resnet18_init0,logreg,original data/STO_ideal_HTR/HTR_20.png,HTR,HTR
123,random_resnet18_init0,logreg,original data/STO_ideal_HTR/HTR_2.png,HTR,(√13 x √13)
123,random_resnet18_init0,logreg,original data/STO_ideal_HTR/HTR_4.png,HTR,HTR
123,random_resnet18_init0,logreg,original data/STO_ideal_HTR/HTR_14.png,HTR,HTR
123,random_resnet18_init1,1nn,original data/STO_ideal_1x1/1x1_26.bmp,(1 x 1),(1 x 1)
123,random_resnet18_init1,1nn,original data/STO_ideal_1x1/1x1_21.bmp,(1 x 1),(1 x 1)
123,random_resnet18_init1,1nn,original data/STO_ideal_1x1/ideal_1x1_42.bmp,(1 x 1),(1 x 1)
123,random_resnet18_init1,1nn,original data/STO_ideal_1x1/ideal_1x1_52.bmp,(1 x 1),(1 x 1)
123,random_resnet18_init1,1nn,original data/STO_ideal_1x1/ideal_1x1_37.bmp,(1 x 1),(1 x 1)
123,random_resnet18_init1,1nn,original data/STO_ideal_1x1/ideal_1x1_45.bmp,(1 x 1),(1 x 1)
123,random_resnet18_init1,1nn,original data/STO_ideal_1x1/ideal_1x1_47.bmp,(1 x 1),(1 x 1)
123,random_resnet18_init1,1nn,original data/STO_ideal_1x1/1x1_20.bmp,(1 x 1),(1 x 1)
123,random_resnet18_init1,1nn,original data/STO_ideal_c6x2/c6x2_12.bmp,c(6 x 2),c(6 x 2)
123,random_resnet18_init1,1nn,original data/STO_ideal_c6x2/c6x2_20.bmp,c(6 x 2),c(6 x 2)
123,random_resnet18_init1,1nn,original data/STO_ideal_c6x2/ideal_c6x2_30.bmp,c(6 x 2),c(6 x 2)
123,random_resnet18_init1,1nn,original data/STO_ideal_c6x2/c6x2_10.bmp,c(6 x 2),c(6 x 2)
123,random_resnet18_init1,1nn,original data/STO_ideal_c6x2/c6x2_15.bmp,c(6 x 2),c(6 x 2)
123,random_resnet18_init1,1nn,original data/STO_ideal_c6x2/c6x2_13.bmp,c(6 x 2),c(6 x 2)
123,random_resnet18_init1,1nn,original data/STO_ideal_c6x2/c6x2_16.bmp,c(6 x 2),c(6 x 2)
123,random_resnet18_init1,1nn,original data/STO_ideal_c6x2/c6x2_24.bmp,c(6 x 2),c(6 x 2)
123,random_resnet18_init1,1nn,original data/STO_ideal_RT13/RT13_15.png,(√13 x √13),(√13 x √13)
123,random_resnet18_init1,1nn,original data/STO_ideal_RT13/RT13_42.bmp,(√13 x √13),(√13 x √13)
123,random_resnet18_init1,1nn,original data/STO_ideal_RT13/RT13_33.bmp,(√13 x √13),(√13 x √13)
123,random_resnet18_init1,1nn,original data/STO_ideal_RT13/RT13_21.png,(√13 x √13),(√13 x √13)
123,random_resnet18_init1,1nn,original data/STO_ideal_RT13/RT13_24.bmp,(√13 x √13),c(6 x 2)
123,random_resnet18_init1,1nn,original data/STO_ideal_RT13/RT13_8.png,(√13 x √13),(√13 x √13)
123,random_resnet18_init1,1nn,original data/STO_ideal_RT13/RT13_14.png,(√13 x √13),(√13 x √13)
123,random_resnet18_init1,1nn,original data/STO_ideal_HTR/HTR_13.png,HTR,c(6 x 2)
123,random_resnet18_init1,1nn,original data/STO_ideal_HTR/HTR_20.png,HTR,HTR
123,random_resnet18_init1,1nn,original data/STO_ideal_HTR/HTR_2.png,HTR,(√13 x √13)
123,random_resnet18_init1,1nn,original data/STO_ideal_HTR/HTR_4.png,HTR,HTR
123,random_resnet18_init1,1nn,original data/STO_ideal_HTR/HTR_14.png,HTR,c(6 x 2)
123,random_resnet18_init1,5nn,original data/STO_ideal_1x1/1x1_26.bmp,(1 x 1),(1 x 1)
123,random_resnet18_init1,5nn,original data/STO_ideal_1x1/1x1_21.bmp,(1 x 1),(1 x 1)
123,random_resnet18_init1,5nn,original data/STO_ideal_1x1/ideal_1x1_42.bmp,(1 x 1),(1 x 1)
123,random_resnet18_init1,5nn,original data/STO_ideal_1x1/ideal_1x1_52.bmp,(1 x 1),(1 x 1)
123,random_resnet18_init1,5nn,original data/STO_ideal_1x1/ideal_1x1_37.bmp,(1 x 1),(1 x 1)
123,random_resnet18_init1,5nn,original data/STO_ideal_1x1/ideal_1x1_45.bmp,(1 x 1),(1 x 1)
123,random_resnet18_init1,5nn,original data/STO_ideal_1x1/ideal_1x1_47.bmp,(1 x 1),(1 x 1)
123,random_resnet18_init1,5nn,original data/STO_ideal_1x1/1x1_20.bmp,(1 x 1),(1 x 1)
123,random_resnet18_init1,5nn,original data/STO_ideal_c6x2/c6x2_12.bmp,c(6 x 2),c(6 x 2)
123,random_resnet18_init1,5nn,original data/STO_ideal_c6x2/c6x2_20.bmp,c(6 x 2),c(6 x 2)
123,random_resnet18_init1,5nn,original data/STO_ideal_c6x2/ideal_c6x2_30.bmp,c(6 x 2),c(6 x 2)
123,random_resnet18_init1,5nn,original data/STO_ideal_c6x2/c6x2_10.bmp,c(6 x 2),c(6 x 2)
123,random_resnet18_init1,5nn,original data/STO_ideal_c6x2/c6x2_15.bmp,c(6 x 2),c(6 x 2)
123,random_resnet18_init1,5nn,original data/STO_ideal_c6x2/c6x2_13.bmp,c(6 x 2),c(6 x 2)
123,random_resnet18_init1,5nn,original data/STO_ideal_c6x2/c6x2_16.bmp,c(6 x 2),c(6 x 2)
123,random_resnet18_init1,5nn,original data/STO_ideal_c6x2/c6x2_24.bmp,c(6 x 2),c(6 x 2)
123,random_resnet18_init1,5nn,original data/STO_ideal_RT13/RT13_15.png,(√13 x √13),(√13 x √13)
123,random_resnet18_init1,5nn,original data/STO_ideal_RT13/RT13_42.bmp,(√13 x √13),(√13 x √13)
123,random_resnet18_init1,5nn,original data/STO_ideal_RT13/RT13_33.bmp,(√13 x √13),(√13 x √13)
123,random_resnet18_init1,5nn,original data/STO_ideal_RT13/RT13_21.png,(√13 x √13),(√13 x √13)
123,random_resnet18_init1,5nn,original data/STO_ideal_RT13/RT13_24.bmp,(√13 x √13),c(6 x 2)
123,random_resnet18_init1,5nn,original data/STO_ideal_RT13/RT13_8.png,(√13 x √13),(√13 x √13)
123,random_resnet18_init1,5nn,original data/STO_ideal_RT13/RT13_14.png,(√13 x √13),(√13 x √13)
123,random_resnet18_init1,5nn,original data/STO_ideal_HTR/HTR_13.png,HTR,c(6 x 2)
123,random_resnet18_init1,5nn,original data/STO_ideal_HTR/HTR_20.png,HTR,HTR
123,random_resnet18_init1,5nn,original data/STO_ideal_HTR/HTR_2.png,HTR,(√13 x √13)
123,random_resnet18_init1,5nn,original data/STO_ideal_HTR/HTR_4.png,HTR,HTR
123,random_resnet18_init1,5nn,original data/STO_ideal_HTR/HTR_14.png,HTR,c(6 x 2)
123,random_resnet18_init1,logreg,original data/STO_ideal_1x1/1x1_26.bmp,(1 x 1),(1 x 1)
123,random_resnet18_init1,logreg,original data/STO_ideal_1x1/1x1_21.bmp,(1 x 1),(1 x 1)
123,random_resnet18_init1,logreg,original data/STO_ideal_1x1/ideal_1x1_42.bmp,(1 x 1),(1 x 1)
123,random_resnet18_init1,logreg,original data/STO_ideal_1x1/ideal_1x1_52.bmp,(1 x 1),(1 x 1)
123,random_resnet18_init1,logreg,original data/STO_ideal_1x1/ideal_1x1_37.bmp,(1 x 1),(1 x 1)
123,random_resnet18_init1,logreg,original data/STO_ideal_1x1/ideal_1x1_45.bmp,(1 x 1),(1 x 1)
123,random_resnet18_init1,logreg,original data/STO_ideal_1x1/ideal_1x1_47.bmp,(1 x 1),(1 x 1)
123,random_resnet18_init1,logreg,original data/STO_ideal_1x1/1x1_20.bmp,(1 x 1),(1 x 1)
123,random_resnet18_init1,logreg,original data/STO_ideal_c6x2/c6x2_12.bmp,c(6 x 2),c(6 x 2)
123,random_resnet18_init1,logreg,original data/STO_ideal_c6x2/c6x2_20.bmp,c(6 x 2),c(6 x 2)
123,random_resnet18_init1,logreg,original data/STO_ideal_c6x2/ideal_c6x2_30.bmp,c(6 x 2),c(6 x 2)
123,random_resnet18_init1,logreg,original data/STO_ideal_c6x2/c6x2_10.bmp,c(6 x 2),c(6 x 2)
123,random_resnet18_init1,logreg,original data/STO_ideal_c6x2/c6x2_15.bmp,c(6 x 2),c(6 x 2)
123,random_resnet18_init1,logreg,original data/STO_ideal_c6x2/c6x2_13.bmp,c(6 x 2),c(6 x 2)
123,random_resnet18_init1,logreg,original data/STO_ideal_c6x2/c6x2_16.bmp,c(6 x 2),c(6 x 2)
123,random_resnet18_init1,logreg,original data/STO_ideal_c6x2/c6x2_24.bmp,c(6 x 2),c(6 x 2)
123,random_resnet18_init1,logreg,original data/STO_ideal_RT13/RT13_15.png,(√13 x √13),(√13 x √13)
123,random_resnet18_init1,logreg,original data/STO_ideal_RT13/RT13_42.bmp,(√13 x √13),(√13 x √13)
123,random_resnet18_init1,logreg,original data/STO_ideal_RT13/RT13_33.bmp,(√13 x √13),(√13 x √13)
123,random_resnet18_init1,logreg,original data/STO_ideal_RT13/RT13_21.png,(√13 x √13),(√13 x √13)
123,random_resnet18_init1,logreg,original data/STO_ideal_RT13/RT13_24.bmp,(√13 x √13),c(6 x 2)
123,random_resnet18_init1,logreg,original data/STO_ideal_RT13/RT13_8.png,(√13 x √13),(√13 x √13)
123,random_resnet18_init1,logreg,original data/STO_ideal_RT13/RT13_14.png,(√13 x √13),(√13 x √13)
123,random_resnet18_init1,logreg,original data/STO_ideal_HTR/HTR_13.png,HTR,c(6 x 2)
123,random_resnet18_init1,logreg,original data/STO_ideal_HTR/HTR_20.png,HTR,HTR
123,random_resnet18_init1,logreg,original data/STO_ideal_HTR/HTR_2.png,HTR,(√13 x √13)
123,random_resnet18_init1,logreg,original data/STO_ideal_HTR/HTR_4.png,HTR,HTR
123,random_resnet18_init1,logreg,original data/STO_ideal_HTR/HTR_14.png,HTR,HTR
123,random_resnet18_init2,1nn,original data/STO_ideal_1x1/1x1_26.bmp,(1 x 1),(1 x 1)
123,random_resnet18_init2,1nn,original data/STO_ideal_1x1/1x1_21.bmp,(1 x 1),(1 x 1)
123,random_resnet18_init2,1nn,original data/STO_ideal_1x1/ideal_1x1_42.bmp,(1 x 1),(1 x 1)
123,random_resnet18_init2,1nn,original data/STO_ideal_1x1/ideal_1x1_52.bmp,(1 x 1),(1 x 1)
123,random_resnet18_init2,1nn,original data/STO_ideal_1x1/ideal_1x1_37.bmp,(1 x 1),(1 x 1)
123,random_resnet18_init2,1nn,original data/STO_ideal_1x1/ideal_1x1_45.bmp,(1 x 1),(1 x 1)
123,random_resnet18_init2,1nn,original data/STO_ideal_1x1/ideal_1x1_47.bmp,(1 x 1),(1 x 1)
123,random_resnet18_init2,1nn,original data/STO_ideal_1x1/1x1_20.bmp,(1 x 1),(1 x 1)
123,random_resnet18_init2,1nn,original data/STO_ideal_c6x2/c6x2_12.bmp,c(6 x 2),c(6 x 2)
123,random_resnet18_init2,1nn,original data/STO_ideal_c6x2/c6x2_20.bmp,c(6 x 2),c(6 x 2)
123,random_resnet18_init2,1nn,original data/STO_ideal_c6x2/ideal_c6x2_30.bmp,c(6 x 2),c(6 x 2)
123,random_resnet18_init2,1nn,original data/STO_ideal_c6x2/c6x2_10.bmp,c(6 x 2),c(6 x 2)
123,random_resnet18_init2,1nn,original data/STO_ideal_c6x2/c6x2_15.bmp,c(6 x 2),c(6 x 2)
123,random_resnet18_init2,1nn,original data/STO_ideal_c6x2/c6x2_13.bmp,c(6 x 2),c(6 x 2)
123,random_resnet18_init2,1nn,original data/STO_ideal_c6x2/c6x2_16.bmp,c(6 x 2),c(6 x 2)
123,random_resnet18_init2,1nn,original data/STO_ideal_c6x2/c6x2_24.bmp,c(6 x 2),c(6 x 2)
123,random_resnet18_init2,1nn,original data/STO_ideal_RT13/RT13_15.png,(√13 x √13),(√13 x √13)
123,random_resnet18_init2,1nn,original data/STO_ideal_RT13/RT13_42.bmp,(√13 x √13),(√13 x √13)
123,random_resnet18_init2,1nn,original data/STO_ideal_RT13/RT13_33.bmp,(√13 x √13),(√13 x √13)
123,random_resnet18_init2,1nn,original data/STO_ideal_RT13/RT13_21.png,(√13 x √13),(√13 x √13)
123,random_resnet18_init2,1nn,original data/STO_ideal_RT13/RT13_24.bmp,(√13 x √13),(1 x 1)
123,random_resnet18_init2,1nn,original data/STO_ideal_RT13/RT13_8.png,(√13 x √13),(√13 x √13)
123,random_resnet18_init2,1nn,original data/STO_ideal_RT13/RT13_14.png,(√13 x √13),HTR
123,random_resnet18_init2,1nn,original data/STO_ideal_HTR/HTR_13.png,HTR,c(6 x 2)
123,random_resnet18_init2,1nn,original data/STO_ideal_HTR/HTR_20.png,HTR,HTR
123,random_resnet18_init2,1nn,original data/STO_ideal_HTR/HTR_2.png,HTR,(√13 x √13)
123,random_resnet18_init2,1nn,original data/STO_ideal_HTR/HTR_4.png,HTR,HTR
123,random_resnet18_init2,1nn,original data/STO_ideal_HTR/HTR_14.png,HTR,c(6 x 2)
123,random_resnet18_init2,5nn,original data/STO_ideal_1x1/1x1_26.bmp,(1 x 1),(1 x 1)
123,random_resnet18_init2,5nn,original data/STO_ideal_1x1/1x1_21.bmp,(1 x 1),(1 x 1)
123,random_resnet18_init2,5nn,original data/STO_ideal_1x1/ideal_1x1_42.bmp,(1 x 1),(1 x 1)
123,random_resnet18_init2,5nn,original data/STO_ideal_1x1/ideal_1x1_52.bmp,(1 x 1),(1 x 1)
123,random_resnet18_init2,5nn,original data/STO_ideal_1x1/ideal_1x1_37.bmp,(1 x 1),(1 x 1)
123,random_resnet18_init2,5nn,original data/STO_ideal_1x1/ideal_1x1_45.bmp,(1 x 1),(1 x 1)
123,random_resnet18_init2,5nn,original data/STO_ideal_1x1/ideal_1x1_47.bmp,(1 x 1),(1 x 1)
123,random_resnet18_init2,5nn,original data/STO_ideal_1x1/1x1_20.bmp,(1 x 1),(1 x 1)
123,random_resnet18_init2,5nn,original data/STO_ideal_c6x2/c6x2_12.bmp,c(6 x 2),c(6 x 2)
123,random_resnet18_init2,5nn,original data/STO_ideal_c6x2/c6x2_20.bmp,c(6 x 2),c(6 x 2)
123,random_resnet18_init2,5nn,original data/STO_ideal_c6x2/ideal_c6x2_30.bmp,c(6 x 2),c(6 x 2)
123,random_resnet18_init2,5nn,original data/STO_ideal_c6x2/c6x2_10.bmp,c(6 x 2),c(6 x 2)
123,random_resnet18_init2,5nn,original data/STO_ideal_c6x2/c6x2_15.bmp,c(6 x 2),c(6 x 2)
123,random_resnet18_init2,5nn,original data/STO_ideal_c6x2/c6x2_13.bmp,c(6 x 2),c(6 x 2)
123,random_resnet18_init2,5nn,original data/STO_ideal_c6x2/c6x2_16.bmp,c(6 x 2),c(6 x 2)
123,random_resnet18_init2,5nn,original data/STO_ideal_c6x2/c6x2_24.bmp,c(6 x 2),c(6 x 2)
123,random_resnet18_init2,5nn,original data/STO_ideal_RT13/RT13_15.png,(√13 x √13),(√13 x √13)
123,random_resnet18_init2,5nn,original data/STO_ideal_RT13/RT13_42.bmp,(√13 x √13),(√13 x √13)
123,random_resnet18_init2,5nn,original data/STO_ideal_RT13/RT13_33.bmp,(√13 x √13),(√13 x √13)
123,random_resnet18_init2,5nn,original data/STO_ideal_RT13/RT13_21.png,(√13 x √13),(√13 x √13)
123,random_resnet18_init2,5nn,original data/STO_ideal_RT13/RT13_24.bmp,(√13 x √13),(1 x 1)
123,random_resnet18_init2,5nn,original data/STO_ideal_RT13/RT13_8.png,(√13 x √13),(√13 x √13)
123,random_resnet18_init2,5nn,original data/STO_ideal_RT13/RT13_14.png,(√13 x √13),(1 x 1)
123,random_resnet18_init2,5nn,original data/STO_ideal_HTR/HTR_13.png,HTR,c(6 x 2)
123,random_resnet18_init2,5nn,original data/STO_ideal_HTR/HTR_20.png,HTR,HTR
123,random_resnet18_init2,5nn,original data/STO_ideal_HTR/HTR_2.png,HTR,(√13 x √13)
123,random_resnet18_init2,5nn,original data/STO_ideal_HTR/HTR_4.png,HTR,HTR
123,random_resnet18_init2,5nn,original data/STO_ideal_HTR/HTR_14.png,HTR,c(6 x 2)
123,random_resnet18_init2,logreg,original data/STO_ideal_1x1/1x1_26.bmp,(1 x 1),(1 x 1)
123,random_resnet18_init2,logreg,original data/STO_ideal_1x1/1x1_21.bmp,(1 x 1),(1 x 1)
123,random_resnet18_init2,logreg,original data/STO_ideal_1x1/ideal_1x1_42.bmp,(1 x 1),(1 x 1)
123,random_resnet18_init2,logreg,original data/STO_ideal_1x1/ideal_1x1_52.bmp,(1 x 1),(1 x 1)
123,random_resnet18_init2,logreg,original data/STO_ideal_1x1/ideal_1x1_37.bmp,(1 x 1),(1 x 1)
123,random_resnet18_init2,logreg,original data/STO_ideal_1x1/ideal_1x1_45.bmp,(1 x 1),(1 x 1)
123,random_resnet18_init2,logreg,original data/STO_ideal_1x1/ideal_1x1_47.bmp,(1 x 1),(1 x 1)
123,random_resnet18_init2,logreg,original data/STO_ideal_1x1/1x1_20.bmp,(1 x 1),(1 x 1)
123,random_resnet18_init2,logreg,original data/STO_ideal_c6x2/c6x2_12.bmp,c(6 x 2),c(6 x 2)
123,random_resnet18_init2,logreg,original data/STO_ideal_c6x2/c6x2_20.bmp,c(6 x 2),c(6 x 2)
123,random_resnet18_init2,logreg,original data/STO_ideal_c6x2/ideal_c6x2_30.bmp,c(6 x 2),c(6 x 2)
123,random_resnet18_init2,logreg,original data/STO_ideal_c6x2/c6x2_10.bmp,c(6 x 2),c(6 x 2)
123,random_resnet18_init2,logreg,original data/STO_ideal_c6x2/c6x2_15.bmp,c(6 x 2),c(6 x 2)
123,random_resnet18_init2,logreg,original data/STO_ideal_c6x2/c6x2_13.bmp,c(6 x 2),c(6 x 2)
123,random_resnet18_init2,logreg,original data/STO_ideal_c6x2/c6x2_16.bmp,c(6 x 2),c(6 x 2)
123,random_resnet18_init2,logreg,original data/STO_ideal_c6x2/c6x2_24.bmp,c(6 x 2),c(6 x 2)
123,random_resnet18_init2,logreg,original data/STO_ideal_RT13/RT13_15.png,(√13 x √13),(√13 x √13)
123,random_resnet18_init2,logreg,original data/STO_ideal_RT13/RT13_42.bmp,(√13 x √13),(√13 x √13)
123,random_resnet18_init2,logreg,original data/STO_ideal_RT13/RT13_33.bmp,(√13 x √13),(√13 x √13)
123,random_resnet18_init2,logreg,original data/STO_ideal_RT13/RT13_21.png,(√13 x √13),(√13 x √13)
123,random_resnet18_init2,logreg,original data/STO_ideal_RT13/RT13_24.bmp,(√13 x √13),c(6 x 2)
123,random_resnet18_init2,logreg,original data/STO_ideal_RT13/RT13_8.png,(√13 x √13),(√13 x √13)
123,random_resnet18_init2,logreg,original data/STO_ideal_RT13/RT13_14.png,(√13 x √13),c(6 x 2)
123,random_resnet18_init2,logreg,original data/STO_ideal_HTR/HTR_13.png,HTR,(1 x 1)
123,random_resnet18_init2,logreg,original data/STO_ideal_HTR/HTR_20.png,HTR,HTR
123,random_resnet18_init2,logreg,original data/STO_ideal_HTR/HTR_2.png,HTR,(√13 x √13)
123,random_resnet18_init2,logreg,original data/STO_ideal_HTR/HTR_4.png,HTR,HTR
123,random_resnet18_init2,logreg,original data/STO_ideal_HTR/HTR_14.png,HTR,(1 x 1)
123,simclr_resnet18,1nn,original data/STO_ideal_1x1/1x1_26.bmp,(1 x 1),(1 x 1)
123,simclr_resnet18,1nn,original data/STO_ideal_1x1/1x1_21.bmp,(1 x 1),(1 x 1)
123,simclr_resnet18,1nn,original data/STO_ideal_1x1/ideal_1x1_42.bmp,(1 x 1),(1 x 1)
123,simclr_resnet18,1nn,original data/STO_ideal_1x1/ideal_1x1_52.bmp,(1 x 1),(1 x 1)
123,simclr_resnet18,1nn,original data/STO_ideal_1x1/ideal_1x1_37.bmp,(1 x 1),(1 x 1)
123,simclr_resnet18,1nn,original data/STO_ideal_1x1/ideal_1x1_45.bmp,(1 x 1),(1 x 1)
123,simclr_resnet18,1nn,original data/STO_ideal_1x1/ideal_1x1_47.bmp,(1 x 1),(1 x 1)
123,simclr_resnet18,1nn,original data/STO_ideal_1x1/1x1_20.bmp,(1 x 1),(1 x 1)
123,simclr_resnet18,1nn,original data/STO_ideal_c6x2/c6x2_12.bmp,c(6 x 2),c(6 x 2)
123,simclr_resnet18,1nn,original data/STO_ideal_c6x2/c6x2_20.bmp,c(6 x 2),c(6 x 2)
123,simclr_resnet18,1nn,original data/STO_ideal_c6x2/ideal_c6x2_30.bmp,c(6 x 2),c(6 x 2)
123,simclr_resnet18,1nn,original data/STO_ideal_c6x2/c6x2_10.bmp,c(6 x 2),c(6 x 2)
123,simclr_resnet18,1nn,original data/STO_ideal_c6x2/c6x2_15.bmp,c(6 x 2),c(6 x 2)
123,simclr_resnet18,1nn,original data/STO_ideal_c6x2/c6x2_13.bmp,c(6 x 2),c(6 x 2)
123,simclr_resnet18,1nn,original data/STO_ideal_c6x2/c6x2_16.bmp,c(6 x 2),c(6 x 2)
123,simclr_resnet18,1nn,original data/STO_ideal_c6x2/c6x2_24.bmp,c(6 x 2),c(6 x 2)
123,simclr_resnet18,1nn,original data/STO_ideal_RT13/RT13_15.png,(√13 x √13),(√13 x √13)
123,simclr_resnet18,1nn,original data/STO_ideal_RT13/RT13_42.bmp,(√13 x √13),(√13 x √13)
123,simclr_resnet18,1nn,original data/STO_ideal_RT13/RT13_33.bmp,(√13 x √13),(√13 x √13)
123,simclr_resnet18,1nn,original data/STO_ideal_RT13/RT13_21.png,(√13 x √13),(√13 x √13)
123,simclr_resnet18,1nn,original data/STO_ideal_RT13/RT13_24.bmp,(√13 x √13),(√13 x √13)
123,simclr_resnet18,1nn,original data/STO_ideal_RT13/RT13_8.png,(√13 x √13),(√13 x √13)
123,simclr_resnet18,1nn,original data/STO_ideal_RT13/RT13_14.png,(√13 x √13),(1 x 1)
123,simclr_resnet18,1nn,original data/STO_ideal_HTR/HTR_13.png,HTR,c(6 x 2)
123,simclr_resnet18,1nn,original data/STO_ideal_HTR/HTR_20.png,HTR,HTR
123,simclr_resnet18,1nn,original data/STO_ideal_HTR/HTR_2.png,HTR,HTR
123,simclr_resnet18,1nn,original data/STO_ideal_HTR/HTR_4.png,HTR,HTR
123,simclr_resnet18,1nn,original data/STO_ideal_HTR/HTR_14.png,HTR,(1 x 1)
123,simclr_resnet18,5nn,original data/STO_ideal_1x1/1x1_26.bmp,(1 x 1),(1 x 1)
123,simclr_resnet18,5nn,original data/STO_ideal_1x1/1x1_21.bmp,(1 x 1),(1 x 1)
123,simclr_resnet18,5nn,original data/STO_ideal_1x1/ideal_1x1_42.bmp,(1 x 1),(1 x 1)
123,simclr_resnet18,5nn,original data/STO_ideal_1x1/ideal_1x1_52.bmp,(1 x 1),(1 x 1)
123,simclr_resnet18,5nn,original data/STO_ideal_1x1/ideal_1x1_37.bmp,(1 x 1),(1 x 1)
123,simclr_resnet18,5nn,original data/STO_ideal_1x1/ideal_1x1_45.bmp,(1 x 1),(1 x 1)
123,simclr_resnet18,5nn,original data/STO_ideal_1x1/ideal_1x1_47.bmp,(1 x 1),(1 x 1)
123,simclr_resnet18,5nn,original data/STO_ideal_1x1/1x1_20.bmp,(1 x 1),(1 x 1)
123,simclr_resnet18,5nn,original data/STO_ideal_c6x2/c6x2_12.bmp,c(6 x 2),c(6 x 2)
123,simclr_resnet18,5nn,original data/STO_ideal_c6x2/c6x2_20.bmp,c(6 x 2),c(6 x 2)
123,simclr_resnet18,5nn,original data/STO_ideal_c6x2/ideal_c6x2_30.bmp,c(6 x 2),c(6 x 2)
123,simclr_resnet18,5nn,original data/STO_ideal_c6x2/c6x2_10.bmp,c(6 x 2),c(6 x 2)
123,simclr_resnet18,5nn,original data/STO_ideal_c6x2/c6x2_15.bmp,c(6 x 2),c(6 x 2)
123,simclr_resnet18,5nn,original data/STO_ideal_c6x2/c6x2_13.bmp,c(6 x 2),c(6 x 2)
123,simclr_resnet18,5nn,original data/STO_ideal_c6x2/c6x2_16.bmp,c(6 x 2),c(6 x 2)
123,simclr_resnet18,5nn,original data/STO_ideal_c6x2/c6x2_24.bmp,c(6 x 2),c(6 x 2)
123,simclr_resnet18,5nn,original data/STO_ideal_RT13/RT13_15.png,(√13 x √13),HTR
123,simclr_resnet18,5nn,original data/STO_ideal_RT13/RT13_42.bmp,(√13 x √13),HTR
123,simclr_resnet18,5nn,original data/STO_ideal_RT13/RT13_33.bmp,(√13 x √13),(√13 x √13)
123,simclr_resnet18,5nn,original data/STO_ideal_RT13/RT13_21.png,(√13 x √13),(√13 x √13)
123,simclr_resnet18,5nn,original data/STO_ideal_RT13/RT13_24.bmp,(√13 x √13),(√13 x √13)
123,simclr_resnet18,5nn,original data/STO_ideal_RT13/RT13_8.png,(√13 x √13),HTR
123,simclr_resnet18,5nn,original data/STO_ideal_RT13/RT13_14.png,(√13 x √13),(√13 x √13)
123,simclr_resnet18,5nn,original data/STO_ideal_HTR/HTR_13.png,HTR,(√13 x √13)
123,simclr_resnet18,5nn,original data/STO_ideal_HTR/HTR_20.png,HTR,HTR
123,simclr_resnet18,5nn,original data/STO_ideal_HTR/HTR_2.png,HTR,HTR
123,simclr_resnet18,5nn,original data/STO_ideal_HTR/HTR_4.png,HTR,HTR
123,simclr_resnet18,5nn,original data/STO_ideal_HTR/HTR_14.png,HTR,(1 x 1)
123,simclr_resnet18,logreg,original data/STO_ideal_1x1/1x1_26.bmp,(1 x 1),(1 x 1)
123,simclr_resnet18,logreg,original data/STO_ideal_1x1/1x1_21.bmp,(1 x 1),(1 x 1)
123,simclr_resnet18,logreg,original data/STO_ideal_1x1/ideal_1x1_42.bmp,(1 x 1),(1 x 1)
123,simclr_resnet18,logreg,original data/STO_ideal_1x1/ideal_1x1_52.bmp,(1 x 1),(1 x 1)
123,simclr_resnet18,logreg,original data/STO_ideal_1x1/ideal_1x1_37.bmp,(1 x 1),(1 x 1)
123,simclr_resnet18,logreg,original data/STO_ideal_1x1/ideal_1x1_45.bmp,(1 x 1),(1 x 1)
123,simclr_resnet18,logreg,original data/STO_ideal_1x1/ideal_1x1_47.bmp,(1 x 1),(1 x 1)
123,simclr_resnet18,logreg,original data/STO_ideal_1x1/1x1_20.bmp,(1 x 1),(1 x 1)
123,simclr_resnet18,logreg,original data/STO_ideal_c6x2/c6x2_12.bmp,c(6 x 2),c(6 x 2)
123,simclr_resnet18,logreg,original data/STO_ideal_c6x2/c6x2_20.bmp,c(6 x 2),c(6 x 2)
123,simclr_resnet18,logreg,original data/STO_ideal_c6x2/ideal_c6x2_30.bmp,c(6 x 2),c(6 x 2)
123,simclr_resnet18,logreg,original data/STO_ideal_c6x2/c6x2_10.bmp,c(6 x 2),c(6 x 2)
123,simclr_resnet18,logreg,original data/STO_ideal_c6x2/c6x2_15.bmp,c(6 x 2),c(6 x 2)
123,simclr_resnet18,logreg,original data/STO_ideal_c6x2/c6x2_13.bmp,c(6 x 2),c(6 x 2)
123,simclr_resnet18,logreg,original data/STO_ideal_c6x2/c6x2_16.bmp,c(6 x 2),c(6 x 2)
123,simclr_resnet18,logreg,original data/STO_ideal_c6x2/c6x2_24.bmp,c(6 x 2),c(6 x 2)
123,simclr_resnet18,logreg,original data/STO_ideal_RT13/RT13_15.png,(√13 x √13),HTR
123,simclr_resnet18,logreg,original data/STO_ideal_RT13/RT13_42.bmp,(√13 x √13),HTR
123,simclr_resnet18,logreg,original data/STO_ideal_RT13/RT13_33.bmp,(√13 x √13),(√13 x √13)
123,simclr_resnet18,logreg,original data/STO_ideal_RT13/RT13_21.png,(√13 x √13),(√13 x √13)
123,simclr_resnet18,logreg,original data/STO_ideal_RT13/RT13_24.bmp,(√13 x √13),(√13 x √13)
123,simclr_resnet18,logreg,original data/STO_ideal_RT13/RT13_8.png,(√13 x √13),(√13 x √13)
123,simclr_resnet18,logreg,original data/STO_ideal_RT13/RT13_14.png,(√13 x √13),(√13 x √13)
123,simclr_resnet18,logreg,original data/STO_ideal_HTR/HTR_13.png,HTR,c(6 x 2)
123,simclr_resnet18,logreg,original data/STO_ideal_HTR/HTR_20.png,HTR,HTR
123,simclr_resnet18,logreg,original data/STO_ideal_HTR/HTR_2.png,HTR,(√13 x √13)
123,simclr_resnet18,logreg,original data/STO_ideal_HTR/HTR_4.png,HTR,HTR
123,simclr_resnet18,logreg,original data/STO_ideal_HTR/HTR_14.png,HTR,(1 x 1)
202,raw_pixels_64,1nn,original data/STO_ideal_1x1/1x1_21.bmp,(1 x 1),(1 x 1)
202,raw_pixels_64,1nn,original data/STO_ideal_1x1/1x1_17.bmp,(1 x 1),(1 x 1)
202,raw_pixels_64,1nn,original data/STO_ideal_1x1/ideal_1x1_51.bmp,(1 x 1),(1 x 1)
202,raw_pixels_64,1nn,original data/STO_ideal_1x1/ideal_1x1_33.bmp,(1 x 1),(1 x 1)
202,raw_pixels_64,1nn,original data/STO_ideal_1x1/1x1_25.bmp,(1 x 1),(1 x 1)
202,raw_pixels_64,1nn,original data/STO_ideal_1x1/1x1_14.bmp,(1 x 1),(1 x 1)
202,raw_pixels_64,1nn,original data/STO_ideal_1x1/1x1_26.bmp,(1 x 1),(1 x 1)
202,raw_pixels_64,1nn,original data/STO_ideal_1x1/ideal_1x1_46.bmp,(1 x 1),(1 x 1)
202,raw_pixels_64,1nn,original data/STO_ideal_c6x2/ideal_c6x2_34.bmp,c(6 x 2),c(6 x 2)
202,raw_pixels_64,1nn,original data/STO_ideal_c6x2/c6x2_20.bmp,c(6 x 2),c(6 x 2)
202,raw_pixels_64,1nn,original data/STO_ideal_c6x2/Twinned2x1_6(!).bmp,c(6 x 2),(√13 x √13)
202,raw_pixels_64,1nn,original data/STO_ideal_c6x2/ideal_c6x2_37.bmp,c(6 x 2),c(6 x 2)
202,raw_pixels_64,1nn,original data/STO_ideal_c6x2/c6x2_21.bmp,c(6 x 2),c(6 x 2)
202,raw_pixels_64,1nn,original data/STO_ideal_c6x2/ideal_c6x2_27.bmp,c(6 x 2),c(6 x 2)
202,raw_pixels_64,1nn,original data/STO_ideal_c6x2/c6x2_15.bmp,c(6 x 2),c(6 x 2)
202,raw_pixels_64,1nn,original data/STO_ideal_c6x2/c6x2_24.bmp,c(6 x 2),c(6 x 2)
202,raw_pixels_64,1nn,original data/STO_ideal_RT13/RT13_15.png,(√13 x √13),(√13 x √13)
202,raw_pixels_64,1nn,original data/STO_ideal_RT13/RT13_35.bmp,(√13 x √13),(√13 x √13)
202,raw_pixels_64,1nn,original data/STO_ideal_RT13/RT13_42.bmp,(√13 x √13),(√13 x √13)
202,raw_pixels_64,1nn,original data/STO_ideal_RT13/RT13_10.png,(√13 x √13),(√13 x √13)
202,raw_pixels_64,1nn,original data/STO_ideal_RT13/RT13_6.png,(√13 x √13),(√13 x √13)
202,raw_pixels_64,1nn,original data/STO_ideal_RT13/RT13_39.bmp,(√13 x √13),(√13 x √13)
202,raw_pixels_64,1nn,original data/STO_ideal_RT13/RT13_30.bmp,(√13 x √13),c(6 x 2)
202,raw_pixels_64,1nn,original data/STO_ideal_HTR/HTR_24.bmp,HTR,HTR
202,raw_pixels_64,1nn,original data/STO_ideal_HTR/HTR_11.png,HTR,HTR
202,raw_pixels_64,1nn,original data/STO_ideal_HTR/HTR_22.png,HTR,HTR
202,raw_pixels_64,1nn,original data/STO_ideal_HTR/HTR_9.png,HTR,HTR
202,raw_pixels_64,1nn,original data/STO_ideal_HTR/HTR_20.png,HTR,HTR
202,raw_pixels_64,5nn,original data/STO_ideal_1x1/1x1_21.bmp,(1 x 1),(1 x 1)
202,raw_pixels_64,5nn,original data/STO_ideal_1x1/1x1_17.bmp,(1 x 1),(1 x 1)
202,raw_pixels_64,5nn,original data/STO_ideal_1x1/ideal_1x1_51.bmp,(1 x 1),(1 x 1)
202,raw_pixels_64,5nn,original data/STO_ideal_1x1/ideal_1x1_33.bmp,(1 x 1),(1 x 1)
202,raw_pixels_64,5nn,original data/STO_ideal_1x1/1x1_25.bmp,(1 x 1),(1 x 1)
202,raw_pixels_64,5nn,original data/STO_ideal_1x1/1x1_14.bmp,(1 x 1),(1 x 1)
202,raw_pixels_64,5nn,original data/STO_ideal_1x1/1x1_26.bmp,(1 x 1),(1 x 1)
202,raw_pixels_64,5nn,original data/STO_ideal_1x1/ideal_1x1_46.bmp,(1 x 1),(1 x 1)
202,raw_pixels_64,5nn,original data/STO_ideal_c6x2/ideal_c6x2_34.bmp,c(6 x 2),c(6 x 2)
202,raw_pixels_64,5nn,original data/STO_ideal_c6x2/c6x2_20.bmp,c(6 x 2),c(6 x 2)
202,raw_pixels_64,5nn,original data/STO_ideal_c6x2/Twinned2x1_6(!).bmp,c(6 x 2),(√13 x √13)
202,raw_pixels_64,5nn,original data/STO_ideal_c6x2/ideal_c6x2_37.bmp,c(6 x 2),c(6 x 2)
202,raw_pixels_64,5nn,original data/STO_ideal_c6x2/c6x2_21.bmp,c(6 x 2),c(6 x 2)
202,raw_pixels_64,5nn,original data/STO_ideal_c6x2/ideal_c6x2_27.bmp,c(6 x 2),c(6 x 2)
202,raw_pixels_64,5nn,original data/STO_ideal_c6x2/c6x2_15.bmp,c(6 x 2),c(6 x 2)
202,raw_pixels_64,5nn,original data/STO_ideal_c6x2/c6x2_24.bmp,c(6 x 2),c(6 x 2)
202,raw_pixels_64,5nn,original data/STO_ideal_RT13/RT13_15.png,(√13 x √13),(√13 x √13)
202,raw_pixels_64,5nn,original data/STO_ideal_RT13/RT13_35.bmp,(√13 x √13),(√13 x √13)
202,raw_pixels_64,5nn,original data/STO_ideal_RT13/RT13_42.bmp,(√13 x √13),(√13 x √13)
202,raw_pixels_64,5nn,original data/STO_ideal_RT13/RT13_10.png,(√13 x √13),HTR
202,raw_pixels_64,5nn,original data/STO_ideal_RT13/RT13_6.png,(√13 x √13),HTR
202,raw_pixels_64,5nn,original data/STO_ideal_RT13/RT13_39.bmp,(√13 x √13),(√13 x √13)
202,raw_pixels_64,5nn,original data/STO_ideal_RT13/RT13_30.bmp,(√13 x √13),(√13 x √13)
202,raw_pixels_64,5nn,original data/STO_ideal_HTR/HTR_24.bmp,HTR,HTR
202,raw_pixels_64,5nn,original data/STO_ideal_HTR/HTR_11.png,HTR,(√13 x √13)
202,raw_pixels_64,5nn,original data/STO_ideal_HTR/HTR_22.png,HTR,HTR
202,raw_pixels_64,5nn,original data/STO_ideal_HTR/HTR_9.png,HTR,(√13 x √13)
202,raw_pixels_64,5nn,original data/STO_ideal_HTR/HTR_20.png,HTR,HTR
202,raw_pixels_64,logreg,original data/STO_ideal_1x1/1x1_21.bmp,(1 x 1),(1 x 1)
202,raw_pixels_64,logreg,original data/STO_ideal_1x1/1x1_17.bmp,(1 x 1),(1 x 1)
202,raw_pixels_64,logreg,original data/STO_ideal_1x1/ideal_1x1_51.bmp,(1 x 1),(1 x 1)
202,raw_pixels_64,logreg,original data/STO_ideal_1x1/ideal_1x1_33.bmp,(1 x 1),(1 x 1)
202,raw_pixels_64,logreg,original data/STO_ideal_1x1/1x1_25.bmp,(1 x 1),(1 x 1)
202,raw_pixels_64,logreg,original data/STO_ideal_1x1/1x1_14.bmp,(1 x 1),(1 x 1)
202,raw_pixels_64,logreg,original data/STO_ideal_1x1/1x1_26.bmp,(1 x 1),(1 x 1)
202,raw_pixels_64,logreg,original data/STO_ideal_1x1/ideal_1x1_46.bmp,(1 x 1),(1 x 1)
202,raw_pixels_64,logreg,original data/STO_ideal_c6x2/ideal_c6x2_34.bmp,c(6 x 2),c(6 x 2)
202,raw_pixels_64,logreg,original data/STO_ideal_c6x2/c6x2_20.bmp,c(6 x 2),c(6 x 2)
202,raw_pixels_64,logreg,original data/STO_ideal_c6x2/Twinned2x1_6(!).bmp,c(6 x 2),(√13 x √13)
202,raw_pixels_64,logreg,original data/STO_ideal_c6x2/ideal_c6x2_37.bmp,c(6 x 2),c(6 x 2)
202,raw_pixels_64,logreg,original data/STO_ideal_c6x2/c6x2_21.bmp,c(6 x 2),c(6 x 2)
202,raw_pixels_64,logreg,original data/STO_ideal_c6x2/ideal_c6x2_27.bmp,c(6 x 2),c(6 x 2)
202,raw_pixels_64,logreg,original data/STO_ideal_c6x2/c6x2_15.bmp,c(6 x 2),c(6 x 2)
202,raw_pixels_64,logreg,original data/STO_ideal_c6x2/c6x2_24.bmp,c(6 x 2),c(6 x 2)
202,raw_pixels_64,logreg,original data/STO_ideal_RT13/RT13_15.png,(√13 x √13),(√13 x √13)
202,raw_pixels_64,logreg,original data/STO_ideal_RT13/RT13_35.bmp,(√13 x √13),(√13 x √13)
202,raw_pixels_64,logreg,original data/STO_ideal_RT13/RT13_42.bmp,(√13 x √13),(√13 x √13)
202,raw_pixels_64,logreg,original data/STO_ideal_RT13/RT13_10.png,(√13 x √13),HTR
202,raw_pixels_64,logreg,original data/STO_ideal_RT13/RT13_6.png,(√13 x √13),HTR
202,raw_pixels_64,logreg,original data/STO_ideal_RT13/RT13_39.bmp,(√13 x √13),(√13 x √13)
202,raw_pixels_64,logreg,original data/STO_ideal_RT13/RT13_30.bmp,(√13 x √13),(√13 x √13)
202,raw_pixels_64,logreg,original data/STO_ideal_HTR/HTR_24.bmp,HTR,HTR
202,raw_pixels_64,logreg,original data/STO_ideal_HTR/HTR_11.png,HTR,HTR
202,raw_pixels_64,logreg,original data/STO_ideal_HTR/HTR_22.png,HTR,HTR
202,raw_pixels_64,logreg,original data/STO_ideal_HTR/HTR_9.png,HTR,HTR
202,raw_pixels_64,logreg,original data/STO_ideal_HTR/HTR_20.png,HTR,HTR
202,peak_profile_24,1nn,original data/STO_ideal_1x1/1x1_21.bmp,(1 x 1),(1 x 1)
202,peak_profile_24,1nn,original data/STO_ideal_1x1/1x1_17.bmp,(1 x 1),(1 x 1)
202,peak_profile_24,1nn,original data/STO_ideal_1x1/ideal_1x1_51.bmp,(1 x 1),(1 x 1)
202,peak_profile_24,1nn,original data/STO_ideal_1x1/ideal_1x1_33.bmp,(1 x 1),(1 x 1)
202,peak_profile_24,1nn,original data/STO_ideal_1x1/1x1_25.bmp,(1 x 1),(1 x 1)
202,peak_profile_24,1nn,original data/STO_ideal_1x1/1x1_14.bmp,(1 x 1),(1 x 1)
202,peak_profile_24,1nn,original data/STO_ideal_1x1/1x1_26.bmp,(1 x 1),(1 x 1)
202,peak_profile_24,1nn,original data/STO_ideal_1x1/ideal_1x1_46.bmp,(1 x 1),(1 x 1)
202,peak_profile_24,1nn,original data/STO_ideal_c6x2/ideal_c6x2_34.bmp,c(6 x 2),c(6 x 2)
202,peak_profile_24,1nn,original data/STO_ideal_c6x2/c6x2_20.bmp,c(6 x 2),c(6 x 2)
202,peak_profile_24,1nn,original data/STO_ideal_c6x2/Twinned2x1_6(!).bmp,c(6 x 2),c(6 x 2)
202,peak_profile_24,1nn,original data/STO_ideal_c6x2/ideal_c6x2_37.bmp,c(6 x 2),c(6 x 2)
202,peak_profile_24,1nn,original data/STO_ideal_c6x2/c6x2_21.bmp,c(6 x 2),c(6 x 2)
202,peak_profile_24,1nn,original data/STO_ideal_c6x2/ideal_c6x2_27.bmp,c(6 x 2),c(6 x 2)
202,peak_profile_24,1nn,original data/STO_ideal_c6x2/c6x2_15.bmp,c(6 x 2),c(6 x 2)
202,peak_profile_24,1nn,original data/STO_ideal_c6x2/c6x2_24.bmp,c(6 x 2),c(6 x 2)
202,peak_profile_24,1nn,original data/STO_ideal_RT13/RT13_15.png,(√13 x √13),(√13 x √13)
202,peak_profile_24,1nn,original data/STO_ideal_RT13/RT13_35.bmp,(√13 x √13),(√13 x √13)
202,peak_profile_24,1nn,original data/STO_ideal_RT13/RT13_42.bmp,(√13 x √13),(√13 x √13)
202,peak_profile_24,1nn,original data/STO_ideal_RT13/RT13_10.png,(√13 x √13),(√13 x √13)
202,peak_profile_24,1nn,original data/STO_ideal_RT13/RT13_6.png,(√13 x √13),(√13 x √13)
202,peak_profile_24,1nn,original data/STO_ideal_RT13/RT13_39.bmp,(√13 x √13),(√13 x √13)
202,peak_profile_24,1nn,original data/STO_ideal_RT13/RT13_30.bmp,(√13 x √13),c(6 x 2)
202,peak_profile_24,1nn,original data/STO_ideal_HTR/HTR_24.bmp,HTR,HTR
202,peak_profile_24,1nn,original data/STO_ideal_HTR/HTR_11.png,HTR,HTR
202,peak_profile_24,1nn,original data/STO_ideal_HTR/HTR_22.png,HTR,HTR
202,peak_profile_24,1nn,original data/STO_ideal_HTR/HTR_9.png,HTR,(√13 x √13)
202,peak_profile_24,1nn,original data/STO_ideal_HTR/HTR_20.png,HTR,HTR
202,peak_profile_24,5nn,original data/STO_ideal_1x1/1x1_21.bmp,(1 x 1),(1 x 1)
202,peak_profile_24,5nn,original data/STO_ideal_1x1/1x1_17.bmp,(1 x 1),(1 x 1)
202,peak_profile_24,5nn,original data/STO_ideal_1x1/ideal_1x1_51.bmp,(1 x 1),(1 x 1)
202,peak_profile_24,5nn,original data/STO_ideal_1x1/ideal_1x1_33.bmp,(1 x 1),(1 x 1)
202,peak_profile_24,5nn,original data/STO_ideal_1x1/1x1_25.bmp,(1 x 1),(1 x 1)
202,peak_profile_24,5nn,original data/STO_ideal_1x1/1x1_14.bmp,(1 x 1),(1 x 1)
202,peak_profile_24,5nn,original data/STO_ideal_1x1/1x1_26.bmp,(1 x 1),(1 x 1)
202,peak_profile_24,5nn,original data/STO_ideal_1x1/ideal_1x1_46.bmp,(1 x 1),(1 x 1)
202,peak_profile_24,5nn,original data/STO_ideal_c6x2/ideal_c6x2_34.bmp,c(6 x 2),c(6 x 2)
202,peak_profile_24,5nn,original data/STO_ideal_c6x2/c6x2_20.bmp,c(6 x 2),c(6 x 2)
202,peak_profile_24,5nn,original data/STO_ideal_c6x2/Twinned2x1_6(!).bmp,c(6 x 2),(√13 x √13)
202,peak_profile_24,5nn,original data/STO_ideal_c6x2/ideal_c6x2_37.bmp,c(6 x 2),c(6 x 2)
202,peak_profile_24,5nn,original data/STO_ideal_c6x2/c6x2_21.bmp,c(6 x 2),c(6 x 2)
202,peak_profile_24,5nn,original data/STO_ideal_c6x2/ideal_c6x2_27.bmp,c(6 x 2),c(6 x 2)
202,peak_profile_24,5nn,original data/STO_ideal_c6x2/c6x2_15.bmp,c(6 x 2),c(6 x 2)
202,peak_profile_24,5nn,original data/STO_ideal_c6x2/c6x2_24.bmp,c(6 x 2),c(6 x 2)
202,peak_profile_24,5nn,original data/STO_ideal_RT13/RT13_15.png,(√13 x √13),HTR
202,peak_profile_24,5nn,original data/STO_ideal_RT13/RT13_35.bmp,(√13 x √13),(√13 x √13)
202,peak_profile_24,5nn,original data/STO_ideal_RT13/RT13_42.bmp,(√13 x √13),HTR
202,peak_profile_24,5nn,original data/STO_ideal_RT13/RT13_10.png,(√13 x √13),(√13 x √13)
202,peak_profile_24,5nn,original data/STO_ideal_RT13/RT13_6.png,(√13 x √13),(√13 x √13)
202,peak_profile_24,5nn,original data/STO_ideal_RT13/RT13_39.bmp,(√13 x √13),(√13 x √13)
202,peak_profile_24,5nn,original data/STO_ideal_RT13/RT13_30.bmp,(√13 x √13),(√13 x √13)
202,peak_profile_24,5nn,original data/STO_ideal_HTR/HTR_24.bmp,HTR,HTR
202,peak_profile_24,5nn,original data/STO_ideal_HTR/HTR_11.png,HTR,(√13 x √13)
202,peak_profile_24,5nn,original data/STO_ideal_HTR/HTR_22.png,HTR,HTR
202,peak_profile_24,5nn,original data/STO_ideal_HTR/HTR_9.png,HTR,(√13 x √13)
202,peak_profile_24,5nn,original data/STO_ideal_HTR/HTR_20.png,HTR,HTR
202,peak_profile_24,logreg,original data/STO_ideal_1x1/1x1_21.bmp,(1 x 1),(1 x 1)
202,peak_profile_24,logreg,original data/STO_ideal_1x1/1x1_17.bmp,(1 x 1),(1 x 1)
202,peak_profile_24,logreg,original data/STO_ideal_1x1/ideal_1x1_51.bmp,(1 x 1),(1 x 1)
202,peak_profile_24,logreg,original data/STO_ideal_1x1/ideal_1x1_33.bmp,(1 x 1),(1 x 1)
202,peak_profile_24,logreg,original data/STO_ideal_1x1/1x1_25.bmp,(1 x 1),(1 x 1)
202,peak_profile_24,logreg,original data/STO_ideal_1x1/1x1_14.bmp,(1 x 1),(1 x 1)
202,peak_profile_24,logreg,original data/STO_ideal_1x1/1x1_26.bmp,(1 x 1),(1 x 1)
202,peak_profile_24,logreg,original data/STO_ideal_1x1/ideal_1x1_46.bmp,(1 x 1),(1 x 1)
202,peak_profile_24,logreg,original data/STO_ideal_c6x2/ideal_c6x2_34.bmp,c(6 x 2),c(6 x 2)
202,peak_profile_24,logreg,original data/STO_ideal_c6x2/c6x2_20.bmp,c(6 x 2),c(6 x 2)
202,peak_profile_24,logreg,original data/STO_ideal_c6x2/Twinned2x1_6(!).bmp,c(6 x 2),(√13 x √13)
202,peak_profile_24,logreg,original data/STO_ideal_c6x2/ideal_c6x2_37.bmp,c(6 x 2),c(6 x 2)
202,peak_profile_24,logreg,original data/STO_ideal_c6x2/c6x2_21.bmp,c(6 x 2),c(6 x 2)
202,peak_profile_24,logreg,original data/STO_ideal_c6x2/ideal_c6x2_27.bmp,c(6 x 2),c(6 x 2)
202,peak_profile_24,logreg,original data/STO_ideal_c6x2/c6x2_15.bmp,c(6 x 2),c(6 x 2)
202,peak_profile_24,logreg,original data/STO_ideal_c6x2/c6x2_24.bmp,c(6 x 2),c(6 x 2)
202,peak_profile_24,logreg,original data/STO_ideal_RT13/RT13_15.png,(√13 x √13),(√13 x √13)
202,peak_profile_24,logreg,original data/STO_ideal_RT13/RT13_35.bmp,(√13 x √13),(√13 x √13)
202,peak_profile_24,logreg,original data/STO_ideal_RT13/RT13_42.bmp,(√13 x √13),(√13 x √13)
202,peak_profile_24,logreg,original data/STO_ideal_RT13/RT13_10.png,(√13 x √13),(√13 x √13)
202,peak_profile_24,logreg,original data/STO_ideal_RT13/RT13_6.png,(√13 x √13),(√13 x √13)
202,peak_profile_24,logreg,original data/STO_ideal_RT13/RT13_39.bmp,(√13 x √13),(√13 x √13)
202,peak_profile_24,logreg,original data/STO_ideal_RT13/RT13_30.bmp,(√13 x √13),(√13 x √13)
202,peak_profile_24,logreg,original data/STO_ideal_HTR/HTR_24.bmp,HTR,HTR
202,peak_profile_24,logreg,original data/STO_ideal_HTR/HTR_11.png,HTR,HTR
202,peak_profile_24,logreg,original data/STO_ideal_HTR/HTR_22.png,HTR,HTR
202,peak_profile_24,logreg,original data/STO_ideal_HTR/HTR_9.png,HTR,HTR
202,peak_profile_24,logreg,original data/STO_ideal_HTR/HTR_20.png,HTR,HTR
202,random_resnet18_init0,1nn,original data/STO_ideal_1x1/1x1_21.bmp,(1 x 1),(1 x 1)
202,random_resnet18_init0,1nn,original data/STO_ideal_1x1/1x1_17.bmp,(1 x 1),(1 x 1)
202,random_resnet18_init0,1nn,original data/STO_ideal_1x1/ideal_1x1_51.bmp,(1 x 1),(1 x 1)
202,random_resnet18_init0,1nn,original data/STO_ideal_1x1/ideal_1x1_33.bmp,(1 x 1),(1 x 1)
202,random_resnet18_init0,1nn,original data/STO_ideal_1x1/1x1_25.bmp,(1 x 1),(1 x 1)
202,random_resnet18_init0,1nn,original data/STO_ideal_1x1/1x1_14.bmp,(1 x 1),(1 x 1)
202,random_resnet18_init0,1nn,original data/STO_ideal_1x1/1x1_26.bmp,(1 x 1),(1 x 1)
202,random_resnet18_init0,1nn,original data/STO_ideal_1x1/ideal_1x1_46.bmp,(1 x 1),(1 x 1)
202,random_resnet18_init0,1nn,original data/STO_ideal_c6x2/ideal_c6x2_34.bmp,c(6 x 2),c(6 x 2)
202,random_resnet18_init0,1nn,original data/STO_ideal_c6x2/c6x2_20.bmp,c(6 x 2),c(6 x 2)
202,random_resnet18_init0,1nn,original data/STO_ideal_c6x2/Twinned2x1_6(!).bmp,c(6 x 2),(√13 x √13)
202,random_resnet18_init0,1nn,original data/STO_ideal_c6x2/ideal_c6x2_37.bmp,c(6 x 2),c(6 x 2)
202,random_resnet18_init0,1nn,original data/STO_ideal_c6x2/c6x2_21.bmp,c(6 x 2),c(6 x 2)
202,random_resnet18_init0,1nn,original data/STO_ideal_c6x2/ideal_c6x2_27.bmp,c(6 x 2),c(6 x 2)
202,random_resnet18_init0,1nn,original data/STO_ideal_c6x2/c6x2_15.bmp,c(6 x 2),c(6 x 2)
202,random_resnet18_init0,1nn,original data/STO_ideal_c6x2/c6x2_24.bmp,c(6 x 2),c(6 x 2)
202,random_resnet18_init0,1nn,original data/STO_ideal_RT13/RT13_15.png,(√13 x √13),(√13 x √13)
202,random_resnet18_init0,1nn,original data/STO_ideal_RT13/RT13_35.bmp,(√13 x √13),(√13 x √13)
202,random_resnet18_init0,1nn,original data/STO_ideal_RT13/RT13_42.bmp,(√13 x √13),(√13 x √13)
202,random_resnet18_init0,1nn,original data/STO_ideal_RT13/RT13_10.png,(√13 x √13),(√13 x √13)
202,random_resnet18_init0,1nn,original data/STO_ideal_RT13/RT13_6.png,(√13 x √13),(√13 x √13)
202,random_resnet18_init0,1nn,original data/STO_ideal_RT13/RT13_39.bmp,(√13 x √13),(√13 x √13)
202,random_resnet18_init0,1nn,original data/STO_ideal_RT13/RT13_30.bmp,(√13 x √13),(√13 x √13)
202,random_resnet18_init0,1nn,original data/STO_ideal_HTR/HTR_24.bmp,HTR,HTR
202,random_resnet18_init0,1nn,original data/STO_ideal_HTR/HTR_11.png,HTR,HTR
202,random_resnet18_init0,1nn,original data/STO_ideal_HTR/HTR_22.png,HTR,HTR
202,random_resnet18_init0,1nn,original data/STO_ideal_HTR/HTR_9.png,HTR,(√13 x √13)
202,random_resnet18_init0,1nn,original data/STO_ideal_HTR/HTR_20.png,HTR,HTR
202,random_resnet18_init0,5nn,original data/STO_ideal_1x1/1x1_21.bmp,(1 x 1),(1 x 1)
202,random_resnet18_init0,5nn,original data/STO_ideal_1x1/1x1_17.bmp,(1 x 1),(1 x 1)
202,random_resnet18_init0,5nn,original data/STO_ideal_1x1/ideal_1x1_51.bmp,(1 x 1),(1 x 1)
202,random_resnet18_init0,5nn,original data/STO_ideal_1x1/ideal_1x1_33.bmp,(1 x 1),(1 x 1)
202,random_resnet18_init0,5nn,original data/STO_ideal_1x1/1x1_25.bmp,(1 x 1),(1 x 1)
202,random_resnet18_init0,5nn,original data/STO_ideal_1x1/1x1_14.bmp,(1 x 1),(1 x 1)
202,random_resnet18_init0,5nn,original data/STO_ideal_1x1/1x1_26.bmp,(1 x 1),(1 x 1)
202,random_resnet18_init0,5nn,original data/STO_ideal_1x1/ideal_1x1_46.bmp,(1 x 1),(1 x 1)
202,random_resnet18_init0,5nn,original data/STO_ideal_c6x2/ideal_c6x2_34.bmp,c(6 x 2),c(6 x 2)
202,random_resnet18_init0,5nn,original data/STO_ideal_c6x2/c6x2_20.bmp,c(6 x 2),c(6 x 2)
202,random_resnet18_init0,5nn,original data/STO_ideal_c6x2/Twinned2x1_6(!).bmp,c(6 x 2),(√13 x √13)
202,random_resnet18_init0,5nn,original data/STO_ideal_c6x2/ideal_c6x2_37.bmp,c(6 x 2),c(6 x 2)
202,random_resnet18_init0,5nn,original data/STO_ideal_c6x2/c6x2_21.bmp,c(6 x 2),c(6 x 2)
202,random_resnet18_init0,5nn,original data/STO_ideal_c6x2/ideal_c6x2_27.bmp,c(6 x 2),c(6 x 2)
202,random_resnet18_init0,5nn,original data/STO_ideal_c6x2/c6x2_15.bmp,c(6 x 2),c(6 x 2)
202,random_resnet18_init0,5nn,original data/STO_ideal_c6x2/c6x2_24.bmp,c(6 x 2),c(6 x 2)
202,random_resnet18_init0,5nn,original data/STO_ideal_RT13/RT13_15.png,(√13 x √13),(√13 x √13)
202,random_resnet18_init0,5nn,original data/STO_ideal_RT13/RT13_35.bmp,(√13 x √13),(√13 x √13)
202,random_resnet18_init0,5nn,original data/STO_ideal_RT13/RT13_42.bmp,(√13 x √13),(√13 x √13)
202,random_resnet18_init0,5nn,original data/STO_ideal_RT13/RT13_10.png,(√13 x √13),HTR
202,random_resnet18_init0,5nn,original data/STO_ideal_RT13/RT13_6.png,(√13 x √13),(√13 x √13)
202,random_resnet18_init0,5nn,original data/STO_ideal_RT13/RT13_39.bmp,(√13 x √13),(√13 x √13)
202,random_resnet18_init0,5nn,original data/STO_ideal_RT13/RT13_30.bmp,(√13 x √13),(√13 x √13)
202,random_resnet18_init0,5nn,original data/STO_ideal_HTR/HTR_24.bmp,HTR,HTR
202,random_resnet18_init0,5nn,original data/STO_ideal_HTR/HTR_11.png,HTR,(√13 x √13)
202,random_resnet18_init0,5nn,original data/STO_ideal_HTR/HTR_22.png,HTR,HTR
202,random_resnet18_init0,5nn,original data/STO_ideal_HTR/HTR_9.png,HTR,(√13 x √13)
202,random_resnet18_init0,5nn,original data/STO_ideal_HTR/HTR_20.png,HTR,HTR
202,random_resnet18_init0,logreg,original data/STO_ideal_1x1/1x1_21.bmp,(1 x 1),(1 x 1)
202,random_resnet18_init0,logreg,original data/STO_ideal_1x1/1x1_17.bmp,(1 x 1),(1 x 1)
202,random_resnet18_init0,logreg,original data/STO_ideal_1x1/ideal_1x1_51.bmp,(1 x 1),(1 x 1)
202,random_resnet18_init0,logreg,original data/STO_ideal_1x1/ideal_1x1_33.bmp,(1 x 1),(1 x 1)
202,random_resnet18_init0,logreg,original data/STO_ideal_1x1/1x1_25.bmp,(1 x 1),(1 x 1)
202,random_resnet18_init0,logreg,original data/STO_ideal_1x1/1x1_14.bmp,(1 x 1),(1 x 1)
202,random_resnet18_init0,logreg,original data/STO_ideal_1x1/1x1_26.bmp,(1 x 1),(1 x 1)
202,random_resnet18_init0,logreg,original data/STO_ideal_1x1/ideal_1x1_46.bmp,(1 x 1),(1 x 1)
202,random_resnet18_init0,logreg,original data/STO_ideal_c6x2/ideal_c6x2_34.bmp,c(6 x 2),c(6 x 2)
202,random_resnet18_init0,logreg,original data/STO_ideal_c6x2/c6x2_20.bmp,c(6 x 2),c(6 x 2)
202,random_resnet18_init0,logreg,original data/STO_ideal_c6x2/Twinned2x1_6(!).bmp,c(6 x 2),(√13 x √13)
202,random_resnet18_init0,logreg,original data/STO_ideal_c6x2/ideal_c6x2_37.bmp,c(6 x 2),c(6 x 2)
202,random_resnet18_init0,logreg,original data/STO_ideal_c6x2/c6x2_21.bmp,c(6 x 2),c(6 x 2)
202,random_resnet18_init0,logreg,original data/STO_ideal_c6x2/ideal_c6x2_27.bmp,c(6 x 2),c(6 x 2)
202,random_resnet18_init0,logreg,original data/STO_ideal_c6x2/c6x2_15.bmp,c(6 x 2),c(6 x 2)
202,random_resnet18_init0,logreg,original data/STO_ideal_c6x2/c6x2_24.bmp,c(6 x 2),c(6 x 2)
202,random_resnet18_init0,logreg,original data/STO_ideal_RT13/RT13_15.png,(√13 x √13),(√13 x √13)
202,random_resnet18_init0,logreg,original data/STO_ideal_RT13/RT13_35.bmp,(√13 x √13),(√13 x √13)
202,random_resnet18_init0,logreg,original data/STO_ideal_RT13/RT13_42.bmp,(√13 x √13),(√13 x √13)
202,random_resnet18_init0,logreg,original data/STO_ideal_RT13/RT13_10.png,(√13 x √13),(√13 x √13)
202,random_resnet18_init0,logreg,original data/STO_ideal_RT13/RT13_6.png,(√13 x √13),(√13 x √13)
202,random_resnet18_init0,logreg,original data/STO_ideal_RT13/RT13_39.bmp,(√13 x √13),(√13 x √13)
202,random_resnet18_init0,logreg,original data/STO_ideal_RT13/RT13_30.bmp,(√13 x √13),(√13 x √13)
202,random_resnet18_init0,logreg,original data/STO_ideal_HTR/HTR_24.bmp,HTR,HTR
202,random_resnet18_init0,logreg,original data/STO_ideal_HTR/HTR_11.png,HTR,HTR
202,random_resnet18_init0,logreg,original data/STO_ideal_HTR/HTR_22.png,HTR,HTR
202,random_resnet18_init0,logreg,original data/STO_ideal_HTR/HTR_9.png,HTR,(√13 x √13)
202,random_resnet18_init0,logreg,original data/STO_ideal_HTR/HTR_20.png,HTR,HTR
202,random_resnet18_init1,1nn,original data/STO_ideal_1x1/1x1_21.bmp,(1 x 1),(1 x 1)
202,random_resnet18_init1,1nn,original data/STO_ideal_1x1/1x1_17.bmp,(1 x 1),(1 x 1)
202,random_resnet18_init1,1nn,original data/STO_ideal_1x1/ideal_1x1_51.bmp,(1 x 1),(1 x 1)
202,random_resnet18_init1,1nn,original data/STO_ideal_1x1/ideal_1x1_33.bmp,(1 x 1),(1 x 1)
202,random_resnet18_init1,1nn,original data/STO_ideal_1x1/1x1_25.bmp,(1 x 1),(1 x 1)
202,random_resnet18_init1,1nn,original data/STO_ideal_1x1/1x1_14.bmp,(1 x 1),(1 x 1)
202,random_resnet18_init1,1nn,original data/STO_ideal_1x1/1x1_26.bmp,(1 x 1),(1 x 1)
202,random_resnet18_init1,1nn,original data/STO_ideal_1x1/ideal_1x1_46.bmp,(1 x 1),(1 x 1)
202,random_resnet18_init1,1nn,original data/STO_ideal_c6x2/ideal_c6x2_34.bmp,c(6 x 2),c(6 x 2)
202,random_resnet18_init1,1nn,original data/STO_ideal_c6x2/c6x2_20.bmp,c(6 x 2),c(6 x 2)
202,random_resnet18_init1,1nn,original data/STO_ideal_c6x2/Twinned2x1_6(!).bmp,c(6 x 2),(√13 x √13)
202,random_resnet18_init1,1nn,original data/STO_ideal_c6x2/ideal_c6x2_37.bmp,c(6 x 2),c(6 x 2)
202,random_resnet18_init1,1nn,original data/STO_ideal_c6x2/c6x2_21.bmp,c(6 x 2),c(6 x 2)
202,random_resnet18_init1,1nn,original data/STO_ideal_c6x2/ideal_c6x2_27.bmp,c(6 x 2),c(6 x 2)
202,random_resnet18_init1,1nn,original data/STO_ideal_c6x2/c6x2_15.bmp,c(6 x 2),c(6 x 2)
202,random_resnet18_init1,1nn,original data/STO_ideal_c6x2/c6x2_24.bmp,c(6 x 2),c(6 x 2)
202,random_resnet18_init1,1nn,original data/STO_ideal_RT13/RT13_15.png,(√13 x √13),(√13 x √13)
202,random_resnet18_init1,1nn,original data/STO_ideal_RT13/RT13_35.bmp,(√13 x √13),(√13 x √13)
202,random_resnet18_init1,1nn,original data/STO_ideal_RT13/RT13_42.bmp,(√13 x √13),(√13 x √13)
202,random_resnet18_init1,1nn,original data/STO_ideal_RT13/RT13_10.png,(√13 x √13),(√13 x √13)
202,random_resnet18_init1,1nn,original data/STO_ideal_RT13/RT13_6.png,(√13 x √13),(√13 x √13)
202,random_resnet18_init1,1nn,original data/STO_ideal_RT13/RT13_39.bmp,(√13 x √13),(√13 x √13)
202,random_resnet18_init1,1nn,original data/STO_ideal_RT13/RT13_30.bmp,(√13 x √13),c(6 x 2)
202,random_resnet18_init1,1nn,original data/STO_ideal_HTR/HTR_24.bmp,HTR,HTR
202,random_resnet18_init1,1nn,original data/STO_ideal_HTR/HTR_11.png,HTR,HTR
202,random_resnet18_init1,1nn,original data/STO_ideal_HTR/HTR_22.png,HTR,HTR
202,random_resnet18_init1,1nn,original data/STO_ideal_HTR/HTR_9.png,HTR,HTR
202,random_resnet18_init1,1nn,original data/STO_ideal_HTR/HTR_20.png,HTR,HTR
202,random_resnet18_init1,5nn,original data/STO_ideal_1x1/1x1_21.bmp,(1 x 1),(1 x 1)
202,random_resnet18_init1,5nn,original data/STO_ideal_1x1/1x1_17.bmp,(1 x 1),(1 x 1)
202,random_resnet18_init1,5nn,original data/STO_ideal_1x1/ideal_1x1_51.bmp,(1 x 1),(1 x 1)
202,random_resnet18_init1,5nn,original data/STO_ideal_1x1/ideal_1x1_33.bmp,(1 x 1),(1 x 1)
202,random_resnet18_init1,5nn,original data/STO_ideal_1x1/1x1_25.bmp,(1 x 1),(1 x 1)
202,random_resnet18_init1,5nn,original data/STO_ideal_1x1/1x1_14.bmp,(1 x 1),(1 x 1)
202,random_resnet18_init1,5nn,original data/STO_ideal_1x1/1x1_26.bmp,(1 x 1),(1 x 1)
202,random_resnet18_init1,5nn,original data/STO_ideal_1x1/ideal_1x1_46.bmp,(1 x 1),(1 x 1)
202,random_resnet18_init1,5nn,original data/STO_ideal_c6x2/ideal_c6x2_34.bmp,c(6 x 2),c(6 x 2)
202,random_resnet18_init1,5nn,original data/STO_ideal_c6x2/c6x2_20.bmp,c(6 x 2),c(6 x 2)
202,random_resnet18_init1,5nn,original data/STO_ideal_c6x2/Twinned2x1_6(!).bmp,c(6 x 2),(√13 x √13)
202,random_resnet18_init1,5nn,original data/STO_ideal_c6x2/ideal_c6x2_37.bmp,c(6 x 2),c(6 x 2)
202,random_resnet18_init1,5nn,original data/STO_ideal_c6x2/c6x2_21.bmp,c(6 x 2),c(6 x 2)
202,random_resnet18_init1,5nn,original data/STO_ideal_c6x2/ideal_c6x2_27.bmp,c(6 x 2),c(6 x 2)
202,random_resnet18_init1,5nn,original data/STO_ideal_c6x2/c6x2_15.bmp,c(6 x 2),c(6 x 2)
202,random_resnet18_init1,5nn,original data/STO_ideal_c6x2/c6x2_24.bmp,c(6 x 2),c(6 x 2)
202,random_resnet18_init1,5nn,original data/STO_ideal_RT13/RT13_15.png,(√13 x √13),(√13 x √13)
202,random_resnet18_init1,5nn,original data/STO_ideal_RT13/RT13_35.bmp,(√13 x √13),(√13 x √13)
202,random_resnet18_init1,5nn,original data/STO_ideal_RT13/RT13_42.bmp,(√13 x √13),(√13 x √13)
202,random_resnet18_init1,5nn,original data/STO_ideal_RT13/RT13_10.png,(√13 x √13),(√13 x √13)
202,random_resnet18_init1,5nn,original data/STO_ideal_RT13/RT13_6.png,(√13 x √13),(√13 x √13)
202,random_resnet18_init1,5nn,original data/STO_ideal_RT13/RT13_39.bmp,(√13 x √13),(√13 x √13)
202,random_resnet18_init1,5nn,original data/STO_ideal_RT13/RT13_30.bmp,(√13 x √13),(√13 x √13)
202,random_resnet18_init1,5nn,original data/STO_ideal_HTR/HTR_24.bmp,HTR,HTR
202,random_resnet18_init1,5nn,original data/STO_ideal_HTR/HTR_11.png,HTR,(√13 x √13)
202,random_resnet18_init1,5nn,original data/STO_ideal_HTR/HTR_22.png,HTR,HTR
202,random_resnet18_init1,5nn,original data/STO_ideal_HTR/HTR_9.png,HTR,HTR
202,random_resnet18_init1,5nn,original data/STO_ideal_HTR/HTR_20.png,HTR,HTR
202,random_resnet18_init1,logreg,original data/STO_ideal_1x1/1x1_21.bmp,(1 x 1),(1 x 1)
202,random_resnet18_init1,logreg,original data/STO_ideal_1x1/1x1_17.bmp,(1 x 1),(1 x 1)
202,random_resnet18_init1,logreg,original data/STO_ideal_1x1/ideal_1x1_51.bmp,(1 x 1),(1 x 1)
202,random_resnet18_init1,logreg,original data/STO_ideal_1x1/ideal_1x1_33.bmp,(1 x 1),(1 x 1)
202,random_resnet18_init1,logreg,original data/STO_ideal_1x1/1x1_25.bmp,(1 x 1),(1 x 1)
202,random_resnet18_init1,logreg,original data/STO_ideal_1x1/1x1_14.bmp,(1 x 1),(1 x 1)
202,random_resnet18_init1,logreg,original data/STO_ideal_1x1/1x1_26.bmp,(1 x 1),(1 x 1)
202,random_resnet18_init1,logreg,original data/STO_ideal_1x1/ideal_1x1_46.bmp,(1 x 1),(1 x 1)
202,random_resnet18_init1,logreg,original data/STO_ideal_c6x2/ideal_c6x2_34.bmp,c(6 x 2),c(6 x 2)
202,random_resnet18_init1,logreg,original data/STO_ideal_c6x2/c6x2_20.bmp,c(6 x 2),c(6 x 2)
202,random_resnet18_init1,logreg,original data/STO_ideal_c6x2/Twinned2x1_6(!).bmp,c(6 x 2),(√13 x √13)
202,random_resnet18_init1,logreg,original data/STO_ideal_c6x2/ideal_c6x2_37.bmp,c(6 x 2),c(6 x 2)
202,random_resnet18_init1,logreg,original data/STO_ideal_c6x2/c6x2_21.bmp,c(6 x 2),c(6 x 2)
202,random_resnet18_init1,logreg,original data/STO_ideal_c6x2/ideal_c6x2_27.bmp,c(6 x 2),c(6 x 2)
202,random_resnet18_init1,logreg,original data/STO_ideal_c6x2/c6x2_15.bmp,c(6 x 2),c(6 x 2)
202,random_resnet18_init1,logreg,original data/STO_ideal_c6x2/c6x2_24.bmp,c(6 x 2),c(6 x 2)
202,random_resnet18_init1,logreg,original data/STO_ideal_RT13/RT13_15.png,(√13 x √13),(√13 x √13)
202,random_resnet18_init1,logreg,original data/STO_ideal_RT13/RT13_35.bmp,(√13 x √13),(√13 x √13)
202,random_resnet18_init1,logreg,original data/STO_ideal_RT13/RT13_42.bmp,(√13 x √13),(√13 x √13)
202,random_resnet18_init1,logreg,original data/STO_ideal_RT13/RT13_10.png,(√13 x √13),HTR
202,random_resnet18_init1,logreg,original data/STO_ideal_RT13/RT13_6.png,(√13 x √13),HTR
202,random_resnet18_init1,logreg,original data/STO_ideal_RT13/RT13_39.bmp,(√13 x √13),(√13 x √13)
202,random_resnet18_init1,logreg,original data/STO_ideal_RT13/RT13_30.bmp,(√13 x √13),(√13 x √13)
202,random_resnet18_init1,logreg,original data/STO_ideal_HTR/HTR_24.bmp,HTR,HTR
202,random_resnet18_init1,logreg,original data/STO_ideal_HTR/HTR_11.png,HTR,HTR
202,random_resnet18_init1,logreg,original data/STO_ideal_HTR/HTR_22.png,HTR,HTR
202,random_resnet18_init1,logreg,original data/STO_ideal_HTR/HTR_9.png,HTR,HTR
202,random_resnet18_init1,logreg,original data/STO_ideal_HTR/HTR_20.png,HTR,HTR
202,random_resnet18_init2,1nn,original data/STO_ideal_1x1/1x1_21.bmp,(1 x 1),(1 x 1)
202,random_resnet18_init2,1nn,original data/STO_ideal_1x1/1x1_17.bmp,(1 x 1),(1 x 1)
202,random_resnet18_init2,1nn,original data/STO_ideal_1x1/ideal_1x1_51.bmp,(1 x 1),(1 x 1)
202,random_resnet18_init2,1nn,original data/STO_ideal_1x1/ideal_1x1_33.bmp,(1 x 1),(1 x 1)
202,random_resnet18_init2,1nn,original data/STO_ideal_1x1/1x1_25.bmp,(1 x 1),(1 x 1)
202,random_resnet18_init2,1nn,original data/STO_ideal_1x1/1x1_14.bmp,(1 x 1),(1 x 1)
202,random_resnet18_init2,1nn,original data/STO_ideal_1x1/1x1_26.bmp,(1 x 1),(1 x 1)
202,random_resnet18_init2,1nn,original data/STO_ideal_1x1/ideal_1x1_46.bmp,(1 x 1),(1 x 1)
202,random_resnet18_init2,1nn,original data/STO_ideal_c6x2/ideal_c6x2_34.bmp,c(6 x 2),c(6 x 2)
202,random_resnet18_init2,1nn,original data/STO_ideal_c6x2/c6x2_20.bmp,c(6 x 2),c(6 x 2)
202,random_resnet18_init2,1nn,original data/STO_ideal_c6x2/Twinned2x1_6(!).bmp,c(6 x 2),c(6 x 2)
202,random_resnet18_init2,1nn,original data/STO_ideal_c6x2/ideal_c6x2_37.bmp,c(6 x 2),c(6 x 2)
202,random_resnet18_init2,1nn,original data/STO_ideal_c6x2/c6x2_21.bmp,c(6 x 2),c(6 x 2)
202,random_resnet18_init2,1nn,original data/STO_ideal_c6x2/ideal_c6x2_27.bmp,c(6 x 2),c(6 x 2)
202,random_resnet18_init2,1nn,original data/STO_ideal_c6x2/c6x2_15.bmp,c(6 x 2),c(6 x 2)
202,random_resnet18_init2,1nn,original data/STO_ideal_c6x2/c6x2_24.bmp,c(6 x 2),c(6 x 2)
202,random_resnet18_init2,1nn,original data/STO_ideal_RT13/RT13_15.png,(√13 x √13),(√13 x √13)
202,random_resnet18_init2,1nn,original data/STO_ideal_RT13/RT13_35.bmp,(√13 x √13),(√13 x √13)
202,random_resnet18_init2,1nn,original data/STO_ideal_RT13/RT13_42.bmp,(√13 x √13),(√13 x √13)
202,random_resnet18_init2,1nn,original data/STO_ideal_RT13/RT13_10.png,(√13 x √13),(√13 x √13)
202,random_resnet18_init2,1nn,original data/STO_ideal_RT13/RT13_6.png,(√13 x √13),(√13 x √13)
202,random_resnet18_init2,1nn,original data/STO_ideal_RT13/RT13_39.bmp,(√13 x √13),(√13 x √13)
202,random_resnet18_init2,1nn,original data/STO_ideal_RT13/RT13_30.bmp,(√13 x √13),c(6 x 2)
202,random_resnet18_init2,1nn,original data/STO_ideal_HTR/HTR_24.bmp,HTR,HTR
202,random_resnet18_init2,1nn,original data/STO_ideal_HTR/HTR_11.png,HTR,HTR
202,random_resnet18_init2,1nn,original data/STO_ideal_HTR/HTR_22.png,HTR,HTR
202,random_resnet18_init2,1nn,original data/STO_ideal_HTR/HTR_9.png,HTR,HTR
202,random_resnet18_init2,1nn,original data/STO_ideal_HTR/HTR_20.png,HTR,HTR
202,random_resnet18_init2,5nn,original data/STO_ideal_1x1/1x1_21.bmp,(1 x 1),(1 x 1)
202,random_resnet18_init2,5nn,original data/STO_ideal_1x1/1x1_17.bmp,(1 x 1),(1 x 1)
202,random_resnet18_init2,5nn,original data/STO_ideal_1x1/ideal_1x1_51.bmp,(1 x 1),(1 x 1)
202,random_resnet18_init2,5nn,original data/STO_ideal_1x1/ideal_1x1_33.bmp,(1 x 1),(1 x 1)
202,random_resnet18_init2,5nn,original data/STO_ideal_1x1/1x1_25.bmp,(1 x 1),(1 x 1)
202,random_resnet18_init2,5nn,original data/STO_ideal_1x1/1x1_14.bmp,(1 x 1),(1 x 1)
202,random_resnet18_init2,5nn,original data/STO_ideal_1x1/1x1_26.bmp,(1 x 1),(1 x 1)
202,random_resnet18_init2,5nn,original data/STO_ideal_1x1/ideal_1x1_46.bmp,(1 x 1),(1 x 1)
202,random_resnet18_init2,5nn,original data/STO_ideal_c6x2/ideal_c6x2_34.bmp,c(6 x 2),c(6 x 2)
202,random_resnet18_init2,5nn,original data/STO_ideal_c6x2/c6x2_20.bmp,c(6 x 2),c(6 x 2)
202,random_resnet18_init2,5nn,original data/STO_ideal_c6x2/Twinned2x1_6(!).bmp,c(6 x 2),(√13 x √13)
202,random_resnet18_init2,5nn,original data/STO_ideal_c6x2/ideal_c6x2_37.bmp,c(6 x 2),c(6 x 2)
202,random_resnet18_init2,5nn,original data/STO_ideal_c6x2/c6x2_21.bmp,c(6 x 2),c(6 x 2)
202,random_resnet18_init2,5nn,original data/STO_ideal_c6x2/ideal_c6x2_27.bmp,c(6 x 2),c(6 x 2)
202,random_resnet18_init2,5nn,original data/STO_ideal_c6x2/c6x2_15.bmp,c(6 x 2),c(6 x 2)
202,random_resnet18_init2,5nn,original data/STO_ideal_c6x2/c6x2_24.bmp,c(6 x 2),c(6 x 2)
202,random_resnet18_init2,5nn,original data/STO_ideal_RT13/RT13_15.png,(√13 x √13),(√13 x √13)
202,random_resnet18_init2,5nn,original data/STO_ideal_RT13/RT13_35.bmp,(√13 x √13),(√13 x √13)
202,random_resnet18_init2,5nn,original data/STO_ideal_RT13/RT13_42.bmp,(√13 x √13),(√13 x √13)
202,random_resnet18_init2,5nn,original data/STO_ideal_RT13/RT13_10.png,(√13 x √13),(√13 x √13)
202,random_resnet18_init2,5nn,original data/STO_ideal_RT13/RT13_6.png,(√13 x √13),(√13 x √13)
202,random_resnet18_init2,5nn,original data/STO_ideal_RT13/RT13_39.bmp,(√13 x √13),(√13 x √13)
202,random_resnet18_init2,5nn,original data/STO_ideal_RT13/RT13_30.bmp,(√13 x √13),(√13 x √13)
202,random_resnet18_init2,5nn,original data/STO_ideal_HTR/HTR_24.bmp,HTR,HTR
202,random_resnet18_init2,5nn,original data/STO_ideal_HTR/HTR_11.png,HTR,(√13 x √13)
202,random_resnet18_init2,5nn,original data/STO_ideal_HTR/HTR_22.png,HTR,HTR
202,random_resnet18_init2,5nn,original data/STO_ideal_HTR/HTR_9.png,HTR,(√13 x √13)
202,random_resnet18_init2,5nn,original data/STO_ideal_HTR/HTR_20.png,HTR,HTR
202,random_resnet18_init2,logreg,original data/STO_ideal_1x1/1x1_21.bmp,(1 x 1),(1 x 1)
202,random_resnet18_init2,logreg,original data/STO_ideal_1x1/1x1_17.bmp,(1 x 1),(1 x 1)
202,random_resnet18_init2,logreg,original data/STO_ideal_1x1/ideal_1x1_51.bmp,(1 x 1),(1 x 1)
202,random_resnet18_init2,logreg,original data/STO_ideal_1x1/ideal_1x1_33.bmp,(1 x 1),(1 x 1)
202,random_resnet18_init2,logreg,original data/STO_ideal_1x1/1x1_25.bmp,(1 x 1),(1 x 1)
202,random_resnet18_init2,logreg,original data/STO_ideal_1x1/1x1_14.bmp,(1 x 1),(1 x 1)
202,random_resnet18_init2,logreg,original data/STO_ideal_1x1/1x1_26.bmp,(1 x 1),(1 x 1)
202,random_resnet18_init2,logreg,original data/STO_ideal_1x1/ideal_1x1_46.bmp,(1 x 1),(1 x 1)
202,random_resnet18_init2,logreg,original data/STO_ideal_c6x2/ideal_c6x2_34.bmp,c(6 x 2),c(6 x 2)
202,random_resnet18_init2,logreg,original data/STO_ideal_c6x2/c6x2_20.bmp,c(6 x 2),c(6 x 2)
202,random_resnet18_init2,logreg,original data/STO_ideal_c6x2/Twinned2x1_6(!).bmp,c(6 x 2),(√13 x √13)
202,random_resnet18_init2,logreg,original data/STO_ideal_c6x2/ideal_c6x2_37.bmp,c(6 x 2),c(6 x 2)
202,random_resnet18_init2,logreg,original data/STO_ideal_c6x2/c6x2_21.bmp,c(6 x 2),c(6 x 2)
202,random_resnet18_init2,logreg,original data/STO_ideal_c6x2/ideal_c6x2_27.bmp,c(6 x 2),c(6 x 2)
202,random_resnet18_init2,logreg,original data/STO_ideal_c6x2/c6x2_15.bmp,c(6 x 2),c(6 x 2)
202,random_resnet18_init2,logreg,original data/STO_ideal_c6x2/c6x2_24.bmp,c(6 x 2),c(6 x 2)
202,random_resnet18_init2,logreg,original data/STO_ideal_RT13/RT13_15.png,(√13 x √13),(√13 x √13)
202,random_resnet18_init2,logreg,original data/STO_ideal_RT13/RT13_35.bmp,(√13 x √13),(√13 x √13)
202,random_resnet18_init2,logreg,original data/STO_ideal_RT13/RT13_42.bmp,(√13 x √13),(√13 x √13)
202,random_resnet18_init2,logreg,original data/STO_ideal_RT13/RT13_10.png,(√13 x √13),(√13 x √13)
202,random_resnet18_init2,logreg,original data/STO_ideal_RT13/RT13_6.png,(√13 x √13),HTR
202,random_resnet18_init2,logreg,original data/STO_ideal_RT13/RT13_39.bmp,(√13 x √13),(√13 x √13)
202,random_resnet18_init2,logreg,original data/STO_ideal_RT13/RT13_30.bmp,(√13 x √13),(√13 x √13)
202,random_resnet18_init2,logreg,original data/STO_ideal_HTR/HTR_24.bmp,HTR,HTR
202,random_resnet18_init2,logreg,original data/STO_ideal_HTR/HTR_11.png,HTR,HTR
202,random_resnet18_init2,logreg,original data/STO_ideal_HTR/HTR_22.png,HTR,HTR
202,random_resnet18_init2,logreg,original data/STO_ideal_HTR/HTR_9.png,HTR,(√13 x √13)
202,random_resnet18_init2,logreg,original data/STO_ideal_HTR/HTR_20.png,HTR,HTR
202,simclr_resnet18,1nn,original data/STO_ideal_1x1/1x1_21.bmp,(1 x 1),(1 x 1)
202,simclr_resnet18,1nn,original data/STO_ideal_1x1/1x1_17.bmp,(1 x 1),(1 x 1)
202,simclr_resnet18,1nn,original data/STO_ideal_1x1/ideal_1x1_51.bmp,(1 x 1),(1 x 1)
202,simclr_resnet18,1nn,original data/STO_ideal_1x1/ideal_1x1_33.bmp,(1 x 1),(1 x 1)
202,simclr_resnet18,1nn,original data/STO_ideal_1x1/1x1_25.bmp,(1 x 1),(1 x 1)
202,simclr_resnet18,1nn,original data/STO_ideal_1x1/1x1_14.bmp,(1 x 1),(1 x 1)
202,simclr_resnet18,1nn,original data/STO_ideal_1x1/1x1_26.bmp,(1 x 1),(1 x 1)
202,simclr_resnet18,1nn,original data/STO_ideal_1x1/ideal_1x1_46.bmp,(1 x 1),(1 x 1)
202,simclr_resnet18,1nn,original data/STO_ideal_c6x2/ideal_c6x2_34.bmp,c(6 x 2),c(6 x 2)
202,simclr_resnet18,1nn,original data/STO_ideal_c6x2/c6x2_20.bmp,c(6 x 2),c(6 x 2)
202,simclr_resnet18,1nn,original data/STO_ideal_c6x2/Twinned2x1_6(!).bmp,c(6 x 2),(√13 x √13)
202,simclr_resnet18,1nn,original data/STO_ideal_c6x2/ideal_c6x2_37.bmp,c(6 x 2),c(6 x 2)
202,simclr_resnet18,1nn,original data/STO_ideal_c6x2/c6x2_21.bmp,c(6 x 2),c(6 x 2)
202,simclr_resnet18,1nn,original data/STO_ideal_c6x2/ideal_c6x2_27.bmp,c(6 x 2),c(6 x 2)
202,simclr_resnet18,1nn,original data/STO_ideal_c6x2/c6x2_15.bmp,c(6 x 2),c(6 x 2)
202,simclr_resnet18,1nn,original data/STO_ideal_c6x2/c6x2_24.bmp,c(6 x 2),c(6 x 2)
202,simclr_resnet18,1nn,original data/STO_ideal_RT13/RT13_15.png,(√13 x √13),(√13 x √13)
202,simclr_resnet18,1nn,original data/STO_ideal_RT13/RT13_35.bmp,(√13 x √13),(√13 x √13)
202,simclr_resnet18,1nn,original data/STO_ideal_RT13/RT13_42.bmp,(√13 x √13),(√13 x √13)
202,simclr_resnet18,1nn,original data/STO_ideal_RT13/RT13_10.png,(√13 x √13),HTR
202,simclr_resnet18,1nn,original data/STO_ideal_RT13/RT13_6.png,(√13 x √13),HTR
202,simclr_resnet18,1nn,original data/STO_ideal_RT13/RT13_39.bmp,(√13 x √13),(√13 x √13)
202,simclr_resnet18,1nn,original data/STO_ideal_RT13/RT13_30.bmp,(√13 x √13),c(6 x 2)
202,simclr_resnet18,1nn,original data/STO_ideal_HTR/HTR_24.bmp,HTR,HTR
202,simclr_resnet18,1nn,original data/STO_ideal_HTR/HTR_11.png,HTR,HTR
202,simclr_resnet18,1nn,original data/STO_ideal_HTR/HTR_22.png,HTR,HTR
202,simclr_resnet18,1nn,original data/STO_ideal_HTR/HTR_9.png,HTR,(√13 x √13)
202,simclr_resnet18,1nn,original data/STO_ideal_HTR/HTR_20.png,HTR,HTR
202,simclr_resnet18,5nn,original data/STO_ideal_1x1/1x1_21.bmp,(1 x 1),(1 x 1)
202,simclr_resnet18,5nn,original data/STO_ideal_1x1/1x1_17.bmp,(1 x 1),(1 x 1)
202,simclr_resnet18,5nn,original data/STO_ideal_1x1/ideal_1x1_51.bmp,(1 x 1),(1 x 1)
202,simclr_resnet18,5nn,original data/STO_ideal_1x1/ideal_1x1_33.bmp,(1 x 1),(1 x 1)
202,simclr_resnet18,5nn,original data/STO_ideal_1x1/1x1_25.bmp,(1 x 1),(1 x 1)
202,simclr_resnet18,5nn,original data/STO_ideal_1x1/1x1_14.bmp,(1 x 1),(1 x 1)
202,simclr_resnet18,5nn,original data/STO_ideal_1x1/1x1_26.bmp,(1 x 1),(1 x 1)
202,simclr_resnet18,5nn,original data/STO_ideal_1x1/ideal_1x1_46.bmp,(1 x 1),(1 x 1)
202,simclr_resnet18,5nn,original data/STO_ideal_c6x2/ideal_c6x2_34.bmp,c(6 x 2),c(6 x 2)
202,simclr_resnet18,5nn,original data/STO_ideal_c6x2/c6x2_20.bmp,c(6 x 2),c(6 x 2)
202,simclr_resnet18,5nn,original data/STO_ideal_c6x2/Twinned2x1_6(!).bmp,c(6 x 2),(√13 x √13)
202,simclr_resnet18,5nn,original data/STO_ideal_c6x2/ideal_c6x2_37.bmp,c(6 x 2),c(6 x 2)
202,simclr_resnet18,5nn,original data/STO_ideal_c6x2/c6x2_21.bmp,c(6 x 2),c(6 x 2)
202,simclr_resnet18,5nn,original data/STO_ideal_c6x2/ideal_c6x2_27.bmp,c(6 x 2),c(6 x 2)
202,simclr_resnet18,5nn,original data/STO_ideal_c6x2/c6x2_15.bmp,c(6 x 2),c(6 x 2)
202,simclr_resnet18,5nn,original data/STO_ideal_c6x2/c6x2_24.bmp,c(6 x 2),c(6 x 2)
202,simclr_resnet18,5nn,original data/STO_ideal_RT13/RT13_15.png,(√13 x √13),HTR
202,simclr_resnet18,5nn,original data/STO_ideal_RT13/RT13_35.bmp,(√13 x √13),(√13 x √13)
202,simclr_resnet18,5nn,original data/STO_ideal_RT13/RT13_42.bmp,(√13 x √13),HTR
202,simclr_resnet18,5nn,original data/STO_ideal_RT13/RT13_10.png,(√13 x √13),(√13 x √13)
202,simclr_resnet18,5nn,original data/STO_ideal_RT13/RT13_6.png,(√13 x √13),(√13 x √13)
202,simclr_resnet18,5nn,original data/STO_ideal_RT13/RT13_39.bmp,(√13 x √13),(√13 x √13)
202,simclr_resnet18,5nn,original data/STO_ideal_RT13/RT13_30.bmp,(√13 x √13),(√13 x √13)
202,simclr_resnet18,5nn,original data/STO_ideal_HTR/HTR_24.bmp,HTR,HTR
202,simclr_resnet18,5nn,original data/STO_ideal_HTR/HTR_11.png,HTR,HTR
202,simclr_resnet18,5nn,original data/STO_ideal_HTR/HTR_22.png,HTR,HTR
202,simclr_resnet18,5nn,original data/STO_ideal_HTR/HTR_9.png,HTR,HTR
202,simclr_resnet18,5nn,original data/STO_ideal_HTR/HTR_20.png,HTR,HTR
202,simclr_resnet18,logreg,original data/STO_ideal_1x1/1x1_21.bmp,(1 x 1),(1 x 1)
202,simclr_resnet18,logreg,original data/STO_ideal_1x1/1x1_17.bmp,(1 x 1),(1 x 1)
202,simclr_resnet18,logreg,original data/STO_ideal_1x1/ideal_1x1_51.bmp,(1 x 1),(1 x 1)
202,simclr_resnet18,logreg,original data/STO_ideal_1x1/ideal_1x1_33.bmp,(1 x 1),(1 x 1)
202,simclr_resnet18,logreg,original data/STO_ideal_1x1/1x1_25.bmp,(1 x 1),(1 x 1)
202,simclr_resnet18,logreg,original data/STO_ideal_1x1/1x1_14.bmp,(1 x 1),(1 x 1)
202,simclr_resnet18,logreg,original data/STO_ideal_1x1/1x1_26.bmp,(1 x 1),(1 x 1)
202,simclr_resnet18,logreg,original data/STO_ideal_1x1/ideal_1x1_46.bmp,(1 x 1),(1 x 1)
202,simclr_resnet18,logreg,original data/STO_ideal_c6x2/ideal_c6x2_34.bmp,c(6 x 2),c(6 x 2)
202,simclr_resnet18,logreg,original data/STO_ideal_c6x2/c6x2_20.bmp,c(6 x 2),c(6 x 2)
202,simclr_resnet18,logreg,original data/STO_ideal_c6x2/Twinned2x1_6(!).bmp,c(6 x 2),(√13 x √13)
202,simclr_resnet18,logreg,original data/STO_ideal_c6x2/ideal_c6x2_37.bmp,c(6 x 2),c(6 x 2)
202,simclr_resnet18,logreg,original data/STO_ideal_c6x2/c6x2_21.bmp,c(6 x 2),c(6 x 2)
202,simclr_resnet18,logreg,original data/STO_ideal_c6x2/ideal_c6x2_27.bmp,c(6 x 2),c(6 x 2)
202,simclr_resnet18,logreg,original data/STO_ideal_c6x2/c6x2_15.bmp,c(6 x 2),c(6 x 2)
202,simclr_resnet18,logreg,original data/STO_ideal_c6x2/c6x2_24.bmp,c(6 x 2),c(6 x 2)
202,simclr_resnet18,logreg,original data/STO_ideal_RT13/RT13_15.png,(√13 x √13),(√13 x √13)
202,simclr_resnet18,logreg,original data/STO_ideal_RT13/RT13_35.bmp,(√13 x √13),(√13 x √13)
202,simclr_resnet18,logreg,original data/STO_ideal_RT13/RT13_42.bmp,(√13 x √13),(√13 x √13)
202,simclr_resnet18,logreg,original data/STO_ideal_RT13/RT13_10.png,(√13 x √13),HTR
202,simclr_resnet18,logreg,original data/STO_ideal_RT13/RT13_6.png,(√13 x √13),HTR
202,simclr_resnet18,logreg,original data/STO_ideal_RT13/RT13_39.bmp,(√13 x √13),(√13 x √13)
202,simclr_resnet18,logreg,original data/STO_ideal_RT13/RT13_30.bmp,(√13 x √13),(√13 x √13)
202,simclr_resnet18,logreg,original data/STO_ideal_HTR/HTR_24.bmp,HTR,HTR
202,simclr_resnet18,logreg,original data/STO_ideal_HTR/HTR_11.png,HTR,HTR
202,simclr_resnet18,logreg,original data/STO_ideal_HTR/HTR_22.png,HTR,HTR
202,simclr_resnet18,logreg,original data/STO_ideal_HTR/HTR_9.png,HTR,(√13 x √13)
202,simclr_resnet18,logreg,original data/STO_ideal_HTR/HTR_20.png,HTR,HTR
303,raw_pixels_64,1nn,original data/STO_ideal_1x1/ideal_1x1_49.bmp,(1 x 1),(1 x 1)
303,raw_pixels_64,1nn,original data/STO_ideal_1x1/1x1_19.bmp,(1 x 1),(1 x 1)
303,raw_pixels_64,1nn,original data/STO_ideal_1x1/ideal_1x1_41.bmp,(1 x 1),(1 x 1)
303,raw_pixels_64,1nn,original data/STO_ideal_1x1/ideal_1x1_40.bmp,(1 x 1),(1 x 1)
303,raw_pixels_64,1nn,original data/STO_ideal_1x1/1x1_23.bmp,(1 x 1),(1 x 1)
303,raw_pixels_64,1nn,original data/STO_ideal_1x1/ideal_1x1_39.bmp,(1 x 1),(1 x 1)
303,raw_pixels_64,1nn,original data/STO_ideal_1x1/ideal_1x1_34.bmp,(1 x 1),(1 x 1)
303,raw_pixels_64,1nn,original data/STO_ideal_1x1/ideal_1x1_32.bmp,(1 x 1),(1 x 1)
303,raw_pixels_64,1nn,original data/STO_ideal_c6x2/c6x2_6.bmp,c(6 x 2),c(6 x 2)
303,raw_pixels_64,1nn,original data/STO_ideal_c6x2/c6x2_2.bmp,c(6 x 2),c(6 x 2)
303,raw_pixels_64,1nn,original data/STO_ideal_c6x2/c6x2_14.bmp,c(6 x 2),c(6 x 2)
303,raw_pixels_64,1nn,original data/STO_ideal_c6x2/ideal_c6x2_29.bmp,c(6 x 2),c(6 x 2)
303,raw_pixels_64,1nn,original data/STO_ideal_c6x2/c6x2_19.bmp,c(6 x 2),c(6 x 2)
303,raw_pixels_64,1nn,original data/STO_ideal_c6x2/c6x2_17.bmp,c(6 x 2),(√13 x √13)
303,raw_pixels_64,1nn,original data/STO_ideal_c6x2/ideal_c6x2_26.bmp,c(6 x 2),c(6 x 2)
303,raw_pixels_64,1nn,original data/STO_ideal_c6x2/ideal_c6x2_33.bmp,c(6 x 2),c(6 x 2)
303,raw_pixels_64,1nn,original data/STO_ideal_RT13/RT13_24.bmp,(√13 x √13),c(6 x 2)
303,raw_pixels_64,1nn,original data/STO_ideal_RT13/RT13_39.bmp,(√13 x √13),(√13 x √13)
303,raw_pixels_64,1nn,original data/STO_ideal_RT13/RT13_22.png,(√13 x √13),(√13 x √13)
303,raw_pixels_64,1nn,original data/STO_ideal_RT13/RT13_29.bmp,(√13 x √13),(√13 x √13)
303,raw_pixels_64,1nn,original data/STO_ideal_RT13/RT13_37.bmp,(√13 x √13),(√13 x √13)
303,raw_pixels_64,1nn,original data/STO_ideal_RT13/RT13_25.bmp,(√13 x √13),c(6 x 2)
303,raw_pixels_64,1nn,original data/STO_ideal_RT13/RT13_41.bmp,(√13 x √13),(√13 x √13)
303,raw_pixels_64,1nn,original data/STO_ideal_HTR/HTR_10.png,HTR,HTR
303,raw_pixels_64,1nn,original data/STO_ideal_HTR/HTR_9.png,HTR,HTR
303,raw_pixels_64,1nn,original data/STO_ideal_HTR/HTR_12.png,HTR,(√13 x √13)
303,raw_pixels_64,1nn,original data/STO_ideal_HTR/HTR_30.bmp,HTR,HTR
303,raw_pixels_64,1nn,original data/STO_ideal_HTR/HTR_8.png,HTR,(√13 x √13)
303,raw_pixels_64,5nn,original data/STO_ideal_1x1/ideal_1x1_49.bmp,(1 x 1),(1 x 1)
303,raw_pixels_64,5nn,original data/STO_ideal_1x1/1x1_19.bmp,(1 x 1),(1 x 1)
303,raw_pixels_64,5nn,original data/STO_ideal_1x1/ideal_1x1_41.bmp,(1 x 1),(1 x 1)
303,raw_pixels_64,5nn,original data/STO_ideal_1x1/ideal_1x1_40.bmp,(1 x 1),(1 x 1)
303,raw_pixels_64,5nn,original data/STO_ideal_1x1/1x1_23.bmp,(1 x 1),(1 x 1)
303,raw_pixels_64,5nn,original data/STO_ideal_1x1/ideal_1x1_39.bmp,(1 x 1),(1 x 1)
303,raw_pixels_64,5nn,original data/STO_ideal_1x1/ideal_1x1_34.bmp,(1 x 1),(1 x 1)
303,raw_pixels_64,5nn,original data/STO_ideal_1x1/ideal_1x1_32.bmp,(1 x 1),(1 x 1)
303,raw_pixels_64,5nn,original data/STO_ideal_c6x2/c6x2_6.bmp,c(6 x 2),c(6 x 2)
303,raw_pixels_64,5nn,original data/STO_ideal_c6x2/c6x2_2.bmp,c(6 x 2),c(6 x 2)
303,raw_pixels_64,5nn,original data/STO_ideal_c6x2/c6x2_14.bmp,c(6 x 2),c(6 x 2)
303,raw_pixels_64,5nn,original data/STO_ideal_c6x2/ideal_c6x2_29.bmp,c(6 x 2),c(6 x 2)
303,raw_pixels_64,5nn,original data/STO_ideal_c6x2/c6x2_19.bmp,c(6 x 2),c(6 x 2)
303,raw_pixels_64,5nn,original data/STO_ideal_c6x2/c6x2_17.bmp,c(6 x 2),(√13 x √13)
303,raw_pixels_64,5nn,original data/STO_ideal_c6x2/ideal_c6x2_26.bmp,c(6 x 2),c(6 x 2)
303,raw_pixels_64,5nn,original data/STO_ideal_c6x2/ideal_c6x2_33.bmp,c(6 x 2),c(6 x 2)
303,raw_pixels_64,5nn,original data/STO_ideal_RT13/RT13_24.bmp,(√13 x √13),c(6 x 2)
303,raw_pixels_64,5nn,original data/STO_ideal_RT13/RT13_39.bmp,(√13 x √13),(√13 x √13)
303,raw_pixels_64,5nn,original data/STO_ideal_RT13/RT13_22.png,(√13 x √13),(√13 x √13)
303,raw_pixels_64,5nn,original data/STO_ideal_RT13/RT13_29.bmp,(√13 x √13),(√13 x √13)
303,raw_pixels_64,5nn,original data/STO_ideal_RT13/RT13_37.bmp,(√13 x √13),(√13 x √13)
303,raw_pixels_64,5nn,original data/STO_ideal_RT13/RT13_25.bmp,(√13 x √13),c(6 x 2)
303,raw_pixels_64,5nn,original data/STO_ideal_RT13/RT13_41.bmp,(√13 x √13),(√13 x √13)
303,raw_pixels_64,5nn,original data/STO_ideal_HTR/HTR_10.png,HTR,(√13 x √13)
303,raw_pixels_64,5nn,original data/STO_ideal_HTR/HTR_9.png,HTR,HTR
303,raw_pixels_64,5nn,original data/STO_ideal_HTR/HTR_12.png,HTR,(√13 x √13)
303,raw_pixels_64,5nn,original data/STO_ideal_HTR/HTR_30.bmp,HTR,HTR
303,raw_pixels_64,5nn,original data/STO_ideal_HTR/HTR_8.png,HTR,(√13 x √13)
303,raw_pixels_64,logreg,original data/STO_ideal_1x1/ideal_1x1_49.bmp,(1 x 1),(1 x 1)
303,raw_pixels_64,logreg,original data/STO_ideal_1x1/1x1_19.bmp,(1 x 1),(1 x 1)
303,raw_pixels_64,logreg,original data/STO_ideal_1x1/ideal_1x1_41.bmp,(1 x 1),(1 x 1)
303,raw_pixels_64,logreg,original data/STO_ideal_1x1/ideal_1x1_40.bmp,(1 x 1),(1 x 1)
303,raw_pixels_64,logreg,original data/STO_ideal_1x1/1x1_23.bmp,(1 x 1),(1 x 1)
303,raw_pixels_64,logreg,original data/STO_ideal_1x1/ideal_1x1_39.bmp,(1 x 1),(1 x 1)
303,raw_pixels_64,logreg,original data/STO_ideal_1x1/ideal_1x1_34.bmp,(1 x 1),(1 x 1)
303,raw_pixels_64,logreg,original data/STO_ideal_1x1/ideal_1x1_32.bmp,(1 x 1),(1 x 1)
303,raw_pixels_64,logreg,original data/STO_ideal_c6x2/c6x2_6.bmp,c(6 x 2),c(6 x 2)
303,raw_pixels_64,logreg,original data/STO_ideal_c6x2/c6x2_2.bmp,c(6 x 2),c(6 x 2)
303,raw_pixels_64,logreg,original data/STO_ideal_c6x2/c6x2_14.bmp,c(6 x 2),c(6 x 2)
303,raw_pixels_64,logreg,original data/STO_ideal_c6x2/ideal_c6x2_29.bmp,c(6 x 2),c(6 x 2)
303,raw_pixels_64,logreg,original data/STO_ideal_c6x2/c6x2_19.bmp,c(6 x 2),c(6 x 2)
303,raw_pixels_64,logreg,original data/STO_ideal_c6x2/c6x2_17.bmp,c(6 x 2),(√13 x √13)
303,raw_pixels_64,logreg,original data/STO_ideal_c6x2/ideal_c6x2_26.bmp,c(6 x 2),c(6 x 2)
303,raw_pixels_64,logreg,original data/STO_ideal_c6x2/ideal_c6x2_33.bmp,c(6 x 2),c(6 x 2)
303,raw_pixels_64,logreg,original data/STO_ideal_RT13/RT13_24.bmp,(√13 x √13),c(6 x 2)
303,raw_pixels_64,logreg,original data/STO_ideal_RT13/RT13_39.bmp,(√13 x √13),(√13 x √13)
303,raw_pixels_64,logreg,original data/STO_ideal_RT13/RT13_22.png,(√13 x √13),(√13 x √13)
303,raw_pixels_64,logreg,original data/STO_ideal_RT13/RT13_29.bmp,(√13 x √13),(√13 x √13)
303,raw_pixels_64,logreg,original data/STO_ideal_RT13/RT13_37.bmp,(√13 x √13),(√13 x √13)
303,raw_pixels_64,logreg,original data/STO_ideal_RT13/RT13_25.bmp,(√13 x √13),c(6 x 2)
303,raw_pixels_64,logreg,original data/STO_ideal_RT13/RT13_41.bmp,(√13 x √13),(√13 x √13)
303,raw_pixels_64,logreg,original data/STO_ideal_HTR/HTR_10.png,HTR,HTR
303,raw_pixels_64,logreg,original data/STO_ideal_HTR/HTR_9.png,HTR,HTR
303,raw_pixels_64,logreg,original data/STO_ideal_HTR/HTR_12.png,HTR,(√13 x √13)
303,raw_pixels_64,logreg,original data/STO_ideal_HTR/HTR_30.bmp,HTR,HTR
303,raw_pixels_64,logreg,original data/STO_ideal_HTR/HTR_8.png,HTR,HTR
303,peak_profile_24,1nn,original data/STO_ideal_1x1/ideal_1x1_49.bmp,(1 x 1),(1 x 1)
303,peak_profile_24,1nn,original data/STO_ideal_1x1/1x1_19.bmp,(1 x 1),(1 x 1)
303,peak_profile_24,1nn,original data/STO_ideal_1x1/ideal_1x1_41.bmp,(1 x 1),(1 x 1)
303,peak_profile_24,1nn,original data/STO_ideal_1x1/ideal_1x1_40.bmp,(1 x 1),(1 x 1)
303,peak_profile_24,1nn,original data/STO_ideal_1x1/1x1_23.bmp,(1 x 1),(1 x 1)
303,peak_profile_24,1nn,original data/STO_ideal_1x1/ideal_1x1_39.bmp,(1 x 1),(1 x 1)
303,peak_profile_24,1nn,original data/STO_ideal_1x1/ideal_1x1_34.bmp,(1 x 1),(1 x 1)
303,peak_profile_24,1nn,original data/STO_ideal_1x1/ideal_1x1_32.bmp,(1 x 1),(1 x 1)
303,peak_profile_24,1nn,original data/STO_ideal_c6x2/c6x2_6.bmp,c(6 x 2),c(6 x 2)
303,peak_profile_24,1nn,original data/STO_ideal_c6x2/c6x2_2.bmp,c(6 x 2),c(6 x 2)
303,peak_profile_24,1nn,original data/STO_ideal_c6x2/c6x2_14.bmp,c(6 x 2),c(6 x 2)
303,peak_profile_24,1nn,original data/STO_ideal_c6x2/ideal_c6x2_29.bmp,c(6 x 2),c(6 x 2)
303,peak_profile_24,1nn,original data/STO_ideal_c6x2/c6x2_19.bmp,c(6 x 2),c(6 x 2)
303,peak_profile_24,1nn,original data/STO_ideal_c6x2/c6x2_17.bmp,c(6 x 2),(√13 x √13)
303,peak_profile_24,1nn,original data/STO_ideal_c6x2/ideal_c6x2_26.bmp,c(6 x 2),c(6 x 2)
303,peak_profile_24,1nn,original data/STO_ideal_c6x2/ideal_c6x2_33.bmp,c(6 x 2),c(6 x 2)
303,peak_profile_24,1nn,original data/STO_ideal_RT13/RT13_24.bmp,(√13 x √13),(√13 x √13)
303,peak_profile_24,1nn,original data/STO_ideal_RT13/RT13_39.bmp,(√13 x √13),(√13 x √13)
303,peak_profile_24,1nn,original data/STO_ideal_RT13/RT13_22.png,(√13 x √13),(√13 x √13)
303,peak_profile_24,1nn,original data/STO_ideal_RT13/RT13_29.bmp,(√13 x √13),(√13 x √13)
303,peak_profile_24,1nn,original data/STO_ideal_RT13/RT13_37.bmp,(√13 x √13),(√13 x √13)
303,peak_profile_24,1nn,original data/STO_ideal_RT13/RT13_25.bmp,(√13 x √13),(√13 x √13)
303,peak_profile_24,1nn,original data/STO_ideal_RT13/RT13_41.bmp,(√13 x √13),(√13 x √13)
303,peak_profile_24,1nn,original data/STO_ideal_HTR/HTR_10.png,HTR,HTR
303,peak_profile_24,1nn,original data/STO_ideal_HTR/HTR_9.png,HTR,(√13 x √13)
303,peak_profile_24,1nn,original data/STO_ideal_HTR/HTR_12.png,HTR,c(6 x 2)
303,peak_profile_24,1nn,original data/STO_ideal_HTR/HTR_30.bmp,HTR,HTR
303,peak_profile_24,1nn,original data/STO_ideal_HTR/HTR_8.png,HTR,(√13 x √13)
303,peak_profile_24,5nn,original data/STO_ideal_1x1/ideal_1x1_49.bmp,(1 x 1),(1 x 1)
303,peak_profile_24,5nn,original data/STO_ideal_1x1/1x1_19.bmp,(1 x 1),(1 x 1)
303,peak_profile_24,5nn,original data/STO_ideal_1x1/ideal_1x1_41.bmp,(1 x 1),(1 x 1)
303,peak_profile_24,5nn,original data/STO_ideal_1x1/ideal_1x1_40.bmp,(1 x 1),(1 x 1)
303,peak_profile_24,5nn,original data/STO_ideal_1x1/1x1_23.bmp,(1 x 1),(1 x 1)
303,peak_profile_24,5nn,original data/STO_ideal_1x1/ideal_1x1_39.bmp,(1 x 1),(1 x 1)
303,peak_profile_24,5nn,original data/STO_ideal_1x1/ideal_1x1_34.bmp,(1 x 1),(1 x 1)
303,peak_profile_24,5nn,original data/STO_ideal_1x1/ideal_1x1_32.bmp,(1 x 1),(1 x 1)
303,peak_profile_24,5nn,original data/STO_ideal_c6x2/c6x2_6.bmp,c(6 x 2),c(6 x 2)
303,peak_profile_24,5nn,original data/STO_ideal_c6x2/c6x2_2.bmp,c(6 x 2),c(6 x 2)
303,peak_profile_24,5nn,original data/STO_ideal_c6x2/c6x2_14.bmp,c(6 x 2),c(6 x 2)
303,peak_profile_24,5nn,original data/STO_ideal_c6x2/ideal_c6x2_29.bmp,c(6 x 2),c(6 x 2)
303,peak_profile_24,5nn,original data/STO_ideal_c6x2/c6x2_19.bmp,c(6 x 2),c(6 x 2)
303,peak_profile_24,5nn,original data/STO_ideal_c6x2/c6x2_17.bmp,c(6 x 2),(√13 x √13)
303,peak_profile_24,5nn,original data/STO_ideal_c6x2/ideal_c6x2_26.bmp,c(6 x 2),c(6 x 2)
303,peak_profile_24,5nn,original data/STO_ideal_c6x2/ideal_c6x2_33.bmp,c(6 x 2),c(6 x 2)
303,peak_profile_24,5nn,original data/STO_ideal_RT13/RT13_24.bmp,(√13 x √13),(√13 x √13)
303,peak_profile_24,5nn,original data/STO_ideal_RT13/RT13_39.bmp,(√13 x √13),(√13 x √13)
303,peak_profile_24,5nn,original data/STO_ideal_RT13/RT13_22.png,(√13 x √13),(√13 x √13)
303,peak_profile_24,5nn,original data/STO_ideal_RT13/RT13_29.bmp,(√13 x √13),(√13 x √13)
303,peak_profile_24,5nn,original data/STO_ideal_RT13/RT13_37.bmp,(√13 x √13),(√13 x √13)
303,peak_profile_24,5nn,original data/STO_ideal_RT13/RT13_25.bmp,(√13 x √13),(√13 x √13)
303,peak_profile_24,5nn,original data/STO_ideal_RT13/RT13_41.bmp,(√13 x √13),(√13 x √13)
303,peak_profile_24,5nn,original data/STO_ideal_HTR/HTR_10.png,HTR,(√13 x √13)
303,peak_profile_24,5nn,original data/STO_ideal_HTR/HTR_9.png,HTR,HTR
303,peak_profile_24,5nn,original data/STO_ideal_HTR/HTR_12.png,HTR,c(6 x 2)
303,peak_profile_24,5nn,original data/STO_ideal_HTR/HTR_30.bmp,HTR,HTR
303,peak_profile_24,5nn,original data/STO_ideal_HTR/HTR_8.png,HTR,HTR
303,peak_profile_24,logreg,original data/STO_ideal_1x1/ideal_1x1_49.bmp,(1 x 1),(1 x 1)
303,peak_profile_24,logreg,original data/STO_ideal_1x1/1x1_19.bmp,(1 x 1),(1 x 1)
303,peak_profile_24,logreg,original data/STO_ideal_1x1/ideal_1x1_41.bmp,(1 x 1),(1 x 1)
303,peak_profile_24,logreg,original data/STO_ideal_1x1/ideal_1x1_40.bmp,(1 x 1),(1 x 1)
303,peak_profile_24,logreg,original data/STO_ideal_1x1/1x1_23.bmp,(1 x 1),(1 x 1)
303,peak_profile_24,logreg,original data/STO_ideal_1x1/ideal_1x1_39.bmp,(1 x 1),(1 x 1)
303,peak_profile_24,logreg,original data/STO_ideal_1x1/ideal_1x1_34.bmp,(1 x 1),(1 x 1)
303,peak_profile_24,logreg,original data/STO_ideal_1x1/ideal_1x1_32.bmp,(1 x 1),(1 x 1)
303,peak_profile_24,logreg,original data/STO_ideal_c6x2/c6x2_6.bmp,c(6 x 2),c(6 x 2)
303,peak_profile_24,logreg,original data/STO_ideal_c6x2/c6x2_2.bmp,c(6 x 2),c(6 x 2)
303,peak_profile_24,logreg,original data/STO_ideal_c6x2/c6x2_14.bmp,c(6 x 2),c(6 x 2)
303,peak_profile_24,logreg,original data/STO_ideal_c6x2/ideal_c6x2_29.bmp,c(6 x 2),c(6 x 2)
303,peak_profile_24,logreg,original data/STO_ideal_c6x2/c6x2_19.bmp,c(6 x 2),c(6 x 2)
303,peak_profile_24,logreg,original data/STO_ideal_c6x2/c6x2_17.bmp,c(6 x 2),(√13 x √13)
303,peak_profile_24,logreg,original data/STO_ideal_c6x2/ideal_c6x2_26.bmp,c(6 x 2),c(6 x 2)
303,peak_profile_24,logreg,original data/STO_ideal_c6x2/ideal_c6x2_33.bmp,c(6 x 2),c(6 x 2)
303,peak_profile_24,logreg,original data/STO_ideal_RT13/RT13_24.bmp,(√13 x √13),(√13 x √13)
303,peak_profile_24,logreg,original data/STO_ideal_RT13/RT13_39.bmp,(√13 x √13),(√13 x √13)
303,peak_profile_24,logreg,original data/STO_ideal_RT13/RT13_22.png,(√13 x √13),(√13 x √13)
303,peak_profile_24,logreg,original data/STO_ideal_RT13/RT13_29.bmp,(√13 x √13),(√13 x √13)
303,peak_profile_24,logreg,original data/STO_ideal_RT13/RT13_37.bmp,(√13 x √13),(√13 x √13)
303,peak_profile_24,logreg,original data/STO_ideal_RT13/RT13_25.bmp,(√13 x √13),c(6 x 2)
303,peak_profile_24,logreg,original data/STO_ideal_RT13/RT13_41.bmp,(√13 x √13),(√13 x √13)
303,peak_profile_24,logreg,original data/STO_ideal_HTR/HTR_10.png,HTR,(√13 x √13)
303,peak_profile_24,logreg,original data/STO_ideal_HTR/HTR_9.png,HTR,HTR
303,peak_profile_24,logreg,original data/STO_ideal_HTR/HTR_12.png,HTR,(1 x 1)
303,peak_profile_24,logreg,original data/STO_ideal_HTR/HTR_30.bmp,HTR,HTR
303,peak_profile_24,logreg,original data/STO_ideal_HTR/HTR_8.png,HTR,(√13 x √13)
303,random_resnet18_init0,1nn,original data/STO_ideal_1x1/ideal_1x1_49.bmp,(1 x 1),(1 x 1)
303,random_resnet18_init0,1nn,original data/STO_ideal_1x1/1x1_19.bmp,(1 x 1),(1 x 1)
303,random_resnet18_init0,1nn,original data/STO_ideal_1x1/ideal_1x1_41.bmp,(1 x 1),(1 x 1)
303,random_resnet18_init0,1nn,original data/STO_ideal_1x1/ideal_1x1_40.bmp,(1 x 1),(1 x 1)
303,random_resnet18_init0,1nn,original data/STO_ideal_1x1/1x1_23.bmp,(1 x 1),(1 x 1)
303,random_resnet18_init0,1nn,original data/STO_ideal_1x1/ideal_1x1_39.bmp,(1 x 1),(1 x 1)
303,random_resnet18_init0,1nn,original data/STO_ideal_1x1/ideal_1x1_34.bmp,(1 x 1),(1 x 1)
303,random_resnet18_init0,1nn,original data/STO_ideal_1x1/ideal_1x1_32.bmp,(1 x 1),(1 x 1)
303,random_resnet18_init0,1nn,original data/STO_ideal_c6x2/c6x2_6.bmp,c(6 x 2),c(6 x 2)
303,random_resnet18_init0,1nn,original data/STO_ideal_c6x2/c6x2_2.bmp,c(6 x 2),c(6 x 2)
303,random_resnet18_init0,1nn,original data/STO_ideal_c6x2/c6x2_14.bmp,c(6 x 2),c(6 x 2)
303,random_resnet18_init0,1nn,original data/STO_ideal_c6x2/ideal_c6x2_29.bmp,c(6 x 2),c(6 x 2)
303,random_resnet18_init0,1nn,original data/STO_ideal_c6x2/c6x2_19.bmp,c(6 x 2),c(6 x 2)
303,random_resnet18_init0,1nn,original data/STO_ideal_c6x2/c6x2_17.bmp,c(6 x 2),(√13 x √13)
303,random_resnet18_init0,1nn,original data/STO_ideal_c6x2/ideal_c6x2_26.bmp,c(6 x 2),c(6 x 2)
303,random_resnet18_init0,1nn,original data/STO_ideal_c6x2/ideal_c6x2_33.bmp,c(6 x 2),c(6 x 2)
303,random_resnet18_init0,1nn,original data/STO_ideal_RT13/RT13_24.bmp,(√13 x √13),(√13 x √13)
303,random_resnet18_init0,1nn,original data/STO_ideal_RT13/RT13_39.bmp,(√13 x √13),(√13 x √13)
303,random_resnet18_init0,1nn,original data/STO_ideal_RT13/RT13_22.png,(√13 x √13),(√13 x √13)
303,random_resnet18_init0,1nn,original data/STO_ideal_RT13/RT13_29.bmp,(√13 x √13),(√13 x √13)
303,random_resnet18_init0,1nn,original data/STO_ideal_RT13/RT13_37.bmp,(√13 x √13),(√13 x √13)
303,random_resnet18_init0,1nn,original data/STO_ideal_RT13/RT13_25.bmp,(√13 x √13),c(6 x 2)
303,random_resnet18_init0,1nn,original data/STO_ideal_RT13/RT13_41.bmp,(√13 x √13),(√13 x √13)
303,random_resnet18_init0,1nn,original data/STO_ideal_HTR/HTR_10.png,HTR,HTR
303,random_resnet18_init0,1nn,original data/STO_ideal_HTR/HTR_9.png,HTR,HTR
303,random_resnet18_init0,1nn,original data/STO_ideal_HTR/HTR_12.png,HTR,(√13 x √13)
303,random_resnet18_init0,1nn,original data/STO_ideal_HTR/HTR_30.bmp,HTR,HTR
303,random_resnet18_init0,1nn,original data/STO_ideal_HTR/HTR_8.png,HTR,(√13 x √13)
303,random_resnet18_init0,5nn,original data/STO_ideal_1x1/ideal_1x1_49.bmp,(1 x 1),(1 x 1)
303,random_resnet18_init0,5nn,original data/STO_ideal_1x1/1x1_19.bmp,(1 x 1),(1 x 1)
303,random_resnet18_init0,5nn,original data/STO_ideal_1x1/ideal_1x1_41.bmp,(1 x 1),(1 x 1)
303,random_resnet18_init0,5nn,original data/STO_ideal_1x1/ideal_1x1_40.bmp,(1 x 1),(1 x 1)
303,random_resnet18_init0,5nn,original data/STO_ideal_1x1/1x1_23.bmp,(1 x 1),(1 x 1)
303,random_resnet18_init0,5nn,original data/STO_ideal_1x1/ideal_1x1_39.bmp,(1 x 1),(1 x 1)
303,random_resnet18_init0,5nn,original data/STO_ideal_1x1/ideal_1x1_34.bmp,(1 x 1),(1 x 1)
303,random_resnet18_init0,5nn,original data/STO_ideal_1x1/ideal_1x1_32.bmp,(1 x 1),(1 x 1)
303,random_resnet18_init0,5nn,original data/STO_ideal_c6x2/c6x2_6.bmp,c(6 x 2),c(6 x 2)
303,random_resnet18_init0,5nn,original data/STO_ideal_c6x2/c6x2_2.bmp,c(6 x 2),c(6 x 2)
303,random_resnet18_init0,5nn,original data/STO_ideal_c6x2/c6x2_14.bmp,c(6 x 2),c(6 x 2)
303,random_resnet18_init0,5nn,original data/STO_ideal_c6x2/ideal_c6x2_29.bmp,c(6 x 2),c(6 x 2)
303,random_resnet18_init0,5nn,original data/STO_ideal_c6x2/c6x2_19.bmp,c(6 x 2),c(6 x 2)
303,random_resnet18_init0,5nn,original data/STO_ideal_c6x2/c6x2_17.bmp,c(6 x 2),(√13 x √13)
303,random_resnet18_init0,5nn,original data/STO_ideal_c6x2/ideal_c6x2_26.bmp,c(6 x 2),c(6 x 2)
303,random_resnet18_init0,5nn,original data/STO_ideal_c6x2/ideal_c6x2_33.bmp,c(6 x 2),c(6 x 2)
303,random_resnet18_init0,5nn,original data/STO_ideal_RT13/RT13_24.bmp,(√13 x √13),(√13 x √13)
303,random_resnet18_init0,5nn,original data/STO_ideal_RT13/RT13_39.bmp,(√13 x √13),(√13 x √13)
303,random_resnet18_init0,5nn,original data/STO_ideal_RT13/RT13_22.png,(√13 x √13),(√13 x √13)
303,random_resnet18_init0,5nn,original data/STO_ideal_RT13/RT13_29.bmp,(√13 x √13),(√13 x √13)
303,random_resnet18_init0,5nn,original data/STO_ideal_RT13/RT13_37.bmp,(√13 x √13),(√13 x √13)
303,random_resnet18_init0,5nn,original data/STO_ideal_RT13/RT13_25.bmp,(√13 x √13),c(6 x 2)
303,random_resnet18_init0,5nn,original data/STO_ideal_RT13/RT13_41.bmp,(√13 x √13),(√13 x √13)
303,random_resnet18_init0,5nn,original data/STO_ideal_HTR/HTR_10.png,HTR,(√13 x √13)
303,random_resnet18_init0,5nn,original data/STO_ideal_HTR/HTR_9.png,HTR,HTR
303,random_resnet18_init0,5nn,original data/STO_ideal_HTR/HTR_12.png,HTR,(√13 x √13)
303,random_resnet18_init0,5nn,original data/STO_ideal_HTR/HTR_30.bmp,HTR,HTR
303,random_resnet18_init0,5nn,original data/STO_ideal_HTR/HTR_8.png,HTR,(√13 x √13)
303,random_resnet18_init0,logreg,original data/STO_ideal_1x1/ideal_1x1_49.bmp,(1 x 1),(1 x 1)
303,random_resnet18_init0,logreg,original data/STO_ideal_1x1/1x1_19.bmp,(1 x 1),(1 x 1)
303,random_resnet18_init0,logreg,original data/STO_ideal_1x1/ideal_1x1_41.bmp,(1 x 1),(1 x 1)
303,random_resnet18_init0,logreg,original data/STO_ideal_1x1/ideal_1x1_40.bmp,(1 x 1),(1 x 1)
303,random_resnet18_init0,logreg,original data/STO_ideal_1x1/1x1_23.bmp,(1 x 1),(1 x 1)
303,random_resnet18_init0,logreg,original data/STO_ideal_1x1/ideal_1x1_39.bmp,(1 x 1),(1 x 1)
303,random_resnet18_init0,logreg,original data/STO_ideal_1x1/ideal_1x1_34.bmp,(1 x 1),(1 x 1)
303,random_resnet18_init0,logreg,original data/STO_ideal_1x1/ideal_1x1_32.bmp,(1 x 1),(1 x 1)
303,random_resnet18_init0,logreg,original data/STO_ideal_c6x2/c6x2_6.bmp,c(6 x 2),c(6 x 2)
303,random_resnet18_init0,logreg,original data/STO_ideal_c6x2/c6x2_2.bmp,c(6 x 2),c(6 x 2)
303,random_resnet18_init0,logreg,original data/STO_ideal_c6x2/c6x2_14.bmp,c(6 x 2),c(6 x 2)
303,random_resnet18_init0,logreg,original data/STO_ideal_c6x2/ideal_c6x2_29.bmp,c(6 x 2),c(6 x 2)
303,random_resnet18_init0,logreg,original data/STO_ideal_c6x2/c6x2_19.bmp,c(6 x 2),c(6 x 2)
303,random_resnet18_init0,logreg,original data/STO_ideal_c6x2/c6x2_17.bmp,c(6 x 2),(√13 x √13)
303,random_resnet18_init0,logreg,original data/STO_ideal_c6x2/ideal_c6x2_26.bmp,c(6 x 2),c(6 x 2)
303,random_resnet18_init0,logreg,original data/STO_ideal_c6x2/ideal_c6x2_33.bmp,c(6 x 2),c(6 x 2)
303,random_resnet18_init0,logreg,original data/STO_ideal_RT13/RT13_24.bmp,(√13 x √13),c(6 x 2)
303,random_resnet18_init0,logreg,original data/STO_ideal_RT13/RT13_39.bmp,(√13 x √13),(√13 x √13)
303,random_resnet18_init0,logreg,original data/STO_ideal_RT13/RT13_22.png,(√13 x √13),(√13 x √13)
303,random_resnet18_init0,logreg,original data/STO_ideal_RT13/RT13_29.bmp,(√13 x √13),(√13 x √13)
303,random_resnet18_init0,logreg,original data/STO_ideal_RT13/RT13_37.bmp,(√13 x √13),(√13 x √13)
303,random_resnet18_init0,logreg,original data/STO_ideal_RT13/RT13_25.bmp,(√13 x √13),c(6 x 2)
303,random_resnet18_init0,logreg,original data/STO_ideal_RT13/RT13_41.bmp,(√13 x √13),(√13 x √13)
303,random_resnet18_init0,logreg,original data/STO_ideal_HTR/HTR_10.png,HTR,HTR
303,random_resnet18_init0,logreg,original data/STO_ideal_HTR/HTR_9.png,HTR,HTR
303,random_resnet18_init0,logreg,original data/STO_ideal_HTR/HTR_12.png,HTR,c(6 x 2)
303,random_resnet18_init0,logreg,original data/STO_ideal_HTR/HTR_30.bmp,HTR,HTR
303,random_resnet18_init0,logreg,original data/STO_ideal_HTR/HTR_8.png,HTR,HTR
303,random_resnet18_init1,1nn,original data/STO_ideal_1x1/ideal_1x1_49.bmp,(1 x 1),(1 x 1)
303,random_resnet18_init1,1nn,original data/STO_ideal_1x1/1x1_19.bmp,(1 x 1),(1 x 1)
303,random_resnet18_init1,1nn,original data/STO_ideal_1x1/ideal_1x1_41.bmp,(1 x 1),(1 x 1)
303,random_resnet18_init1,1nn,original data/STO_ideal_1x1/ideal_1x1_40.bmp,(1 x 1),(1 x 1)
303,random_resnet18_init1,1nn,original data/STO_ideal_1x1/1x1_23.bmp,(1 x 1),(1 x 1)
303,random_resnet18_init1,1nn,original data/STO_ideal_1x1/ideal_1x1_39.bmp,(1 x 1),(1 x 1)
303,random_resnet18_init1,1nn,original data/STO_ideal_1x1/ideal_1x1_34.bmp,(1 x 1),(1 x 1)
303,random_resnet18_init1,1nn,original data/STO_ideal_1x1/ideal_1x1_32.bmp,(1 x 1),(1 x 1)
303,random_resnet18_init1,1nn,original data/STO_ideal_c6x2/c6x2_6.bmp,c(6 x 2),c(6 x 2)
303,random_resnet18_init1,1nn,original data/STO_ideal_c6x2/c6x2_2.bmp,c(6 x 2),c(6 x 2)
303,random_resnet18_init1,1nn,original data/STO_ideal_c6x2/c6x2_14.bmp,c(6 x 2),c(6 x 2)
303,random_resnet18_init1,1nn,original data/STO_ideal_c6x2/ideal_c6x2_29.bmp,c(6 x 2),c(6 x 2)
303,random_resnet18_init1,1nn,original data/STO_ideal_c6x2/c6x2_19.bmp,c(6 x 2),c(6 x 2)
303,random_resnet18_init1,1nn,original data/STO_ideal_c6x2/c6x2_17.bmp,c(6 x 2),(√13 x √13)
303,random_resnet18_init1,1nn,original data/STO_ideal_c6x2/ideal_c6x2_26.bmp,c(6 x 2),c(6 x 2)
303,random_resnet18_init1,1nn,original data/STO_ideal_c6x2/ideal_c6x2_33.bmp,c(6 x 2),c(6 x 2)
303,random_resnet18_init1,1nn,original data/STO_ideal_RT13/RT13_24.bmp,(√13 x √13),c(6 x 2)
303,random_resnet18_init1,1nn,original data/STO_ideal_RT13/RT13_39.bmp,(√13 x √13),(√13 x √13)
303,random_resnet18_init1,1nn,original data/STO_ideal_RT13/RT13_22.png,(√13 x √13),(√13 x √13)
303,random_resnet18_init1,1nn,original data/STO_ideal_RT13/RT13_29.bmp,(√13 x √13),(√13 x √13)
303,random_resnet18_init1,1nn,original data/STO_ideal_RT13/RT13_37.bmp,(√13 x √13),(√13 x √13)
303,random_resnet18_init1,1nn,original data/STO_ideal_RT13/RT13_25.bmp,(√13 x √13),c(6 x 2)
303,random_resnet18_init1,1nn,original data/STO_ideal_RT13/RT13_41.bmp,(√13 x √13),(√13 x √13)
303,random_resnet18_init1,1nn,original data/STO_ideal_HTR/HTR_10.png,HTR,HTR
303,random_resnet18_init1,1nn,original data/STO_ideal_HTR/HTR_9.png,HTR,HTR
303,random_resnet18_init1,1nn,original data/STO_ideal_HTR/HTR_12.png,HTR,(√13 x √13)
303,random_resnet18_init1,1nn,original data/STO_ideal_HTR/HTR_30.bmp,HTR,HTR
303,random_resnet18_init1,1nn,original data/STO_ideal_HTR/HTR_8.png,HTR,(√13 x √13)
303,random_resnet18_init1,5nn,original data/STO_ideal_1x1/ideal_1x1_49.bmp,(1 x 1),(1 x 1)
303,random_resnet18_init1,5nn,original data/STO_ideal_1x1/1x1_19.bmp,(1 x 1),(1 x 1)
303,random_resnet18_init1,5nn,original data/STO_ideal_1x1/ideal_1x1_41.bmp,(1 x 1),(1 x 1)
303,random_resnet18_init1,5nn,original data/STO_ideal_1x1/ideal_1x1_40.bmp,(1 x 1),(1 x 1)
303,random_resnet18_init1,5nn,original data/STO_ideal_1x1/1x1_23.bmp,(1 x 1),(1 x 1)
303,random_resnet18_init1,5nn,original data/STO_ideal_1x1/ideal_1x1_39.bmp,(1 x 1),(1 x 1)
303,random_resnet18_init1,5nn,original data/STO_ideal_1x1/ideal_1x1_34.bmp,(1 x 1),(1 x 1)
303,random_resnet18_init1,5nn,original data/STO_ideal_1x1/ideal_1x1_32.bmp,(1 x 1),(1 x 1)
303,random_resnet18_init1,5nn,original data/STO_ideal_c6x2/c6x2_6.bmp,c(6 x 2),c(6 x 2)
303,random_resnet18_init1,5nn,original data/STO_ideal_c6x2/c6x2_2.bmp,c(6 x 2),c(6 x 2)
303,random_resnet18_init1,5nn,original data/STO_ideal_c6x2/c6x2_14.bmp,c(6 x 2),c(6 x 2)
303,random_resnet18_init1,5nn,original data/STO_ideal_c6x2/ideal_c6x2_29.bmp,c(6 x 2),c(6 x 2)
303,random_resnet18_init1,5nn,original data/STO_ideal_c6x2/c6x2_19.bmp,c(6 x 2),c(6 x 2)
303,random_resnet18_init1,5nn,original data/STO_ideal_c6x2/c6x2_17.bmp,c(6 x 2),(√13 x √13)
303,random_resnet18_init1,5nn,original data/STO_ideal_c6x2/ideal_c6x2_26.bmp,c(6 x 2),c(6 x 2)
303,random_resnet18_init1,5nn,original data/STO_ideal_c6x2/ideal_c6x2_33.bmp,c(6 x 2),c(6 x 2)
303,random_resnet18_init1,5nn,original data/STO_ideal_RT13/RT13_24.bmp,(√13 x √13),c(6 x 2)
303,random_resnet18_init1,5nn,original data/STO_ideal_RT13/RT13_39.bmp,(√13 x √13),(√13 x √13)
303,random_resnet18_init1,5nn,original data/STO_ideal_RT13/RT13_22.png,(√13 x √13),(√13 x √13)
303,random_resnet18_init1,5nn,original data/STO_ideal_RT13/RT13_29.bmp,(√13 x √13),(√13 x √13)
303,random_resnet18_init1,5nn,original data/STO_ideal_RT13/RT13_37.bmp,(√13 x √13),(√13 x √13)
303,random_resnet18_init1,5nn,original data/STO_ideal_RT13/RT13_25.bmp,(√13 x √13),c(6 x 2)
303,random_resnet18_init1,5nn,original data/STO_ideal_RT13/RT13_41.bmp,(√13 x √13),(√13 x √13)
303,random_resnet18_init1,5nn,original data/STO_ideal_HTR/HTR_10.png,HTR,(√13 x √13)
303,random_resnet18_init1,5nn,original data/STO_ideal_HTR/HTR_9.png,HTR,HTR
303,random_resnet18_init1,5nn,original data/STO_ideal_HTR/HTR_12.png,HTR,(√13 x √13)
303,random_resnet18_init1,5nn,original data/STO_ideal_HTR/HTR_30.bmp,HTR,HTR
303,random_resnet18_init1,5nn,original data/STO_ideal_HTR/HTR_8.png,HTR,(√13 x √13)
303,random_resnet18_init1,logreg,original data/STO_ideal_1x1/ideal_1x1_49.bmp,(1 x 1),(1 x 1)
303,random_resnet18_init1,logreg,original data/STO_ideal_1x1/1x1_19.bmp,(1 x 1),(1 x 1)
303,random_resnet18_init1,logreg,original data/STO_ideal_1x1/ideal_1x1_41.bmp,(1 x 1),(1 x 1)
303,random_resnet18_init1,logreg,original data/STO_ideal_1x1/ideal_1x1_40.bmp,(1 x 1),(1 x 1)
303,random_resnet18_init1,logreg,original data/STO_ideal_1x1/1x1_23.bmp,(1 x 1),(1 x 1)
303,random_resnet18_init1,logreg,original data/STO_ideal_1x1/ideal_1x1_39.bmp,(1 x 1),(1 x 1)
303,random_resnet18_init1,logreg,original data/STO_ideal_1x1/ideal_1x1_34.bmp,(1 x 1),(1 x 1)
303,random_resnet18_init1,logreg,original data/STO_ideal_1x1/ideal_1x1_32.bmp,(1 x 1),(1 x 1)
303,random_resnet18_init1,logreg,original data/STO_ideal_c6x2/c6x2_6.bmp,c(6 x 2),c(6 x 2)
303,random_resnet18_init1,logreg,original data/STO_ideal_c6x2/c6x2_2.bmp,c(6 x 2),c(6 x 2)
303,random_resnet18_init1,logreg,original data/STO_ideal_c6x2/c6x2_14.bmp,c(6 x 2),c(6 x 2)
303,random_resnet18_init1,logreg,original data/STO_ideal_c6x2/ideal_c6x2_29.bmp,c(6 x 2),c(6 x 2)
303,random_resnet18_init1,logreg,original data/STO_ideal_c6x2/c6x2_19.bmp,c(6 x 2),c(6 x 2)
303,random_resnet18_init1,logreg,original data/STO_ideal_c6x2/c6x2_17.bmp,c(6 x 2),(√13 x √13)
303,random_resnet18_init1,logreg,original data/STO_ideal_c6x2/ideal_c6x2_26.bmp,c(6 x 2),c(6 x 2)
303,random_resnet18_init1,logreg,original data/STO_ideal_c6x2/ideal_c6x2_33.bmp,c(6 x 2),c(6 x 2)
303,random_resnet18_init1,logreg,original data/STO_ideal_RT13/RT13_24.bmp,(√13 x √13),(√13 x √13)
303,random_resnet18_init1,logreg,original data/STO_ideal_RT13/RT13_39.bmp,(√13 x √13),(√13 x √13)
303,random_resnet18_init1,logreg,original data/STO_ideal_RT13/RT13_22.png,(√13 x √13),(√13 x √13)
303,random_resnet18_init1,logreg,original data/STO_ideal_RT13/RT13_29.bmp,(√13 x √13),(√13 x √13)
303,random_resnet18_init1,logreg,original data/STO_ideal_RT13/RT13_37.bmp,(√13 x √13),(√13 x √13)
303,random_resnet18_init1,logreg,original data/STO_ideal_RT13/RT13_25.bmp,(√13 x √13),c(6 x 2)
303,random_resnet18_init1,logreg,original data/STO_ideal_RT13/RT13_41.bmp,(√13 x √13),(√13 x √13)
303,random_resnet18_init1,logreg,original data/STO_ideal_HTR/HTR_10.png,HTR,HTR
303,random_resnet18_init1,logreg,original data/STO_ideal_HTR/HTR_9.png,HTR,HTR
303,random_resnet18_init1,logreg,original data/STO_ideal_HTR/HTR_12.png,HTR,(1 x 1)
303,random_resnet18_init1,logreg,original data/STO_ideal_HTR/HTR_30.bmp,HTR,HTR
303,random_resnet18_init1,logreg,original data/STO_ideal_HTR/HTR_8.png,HTR,(√13 x √13)
303,random_resnet18_init2,1nn,original data/STO_ideal_1x1/ideal_1x1_49.bmp,(1 x 1),(1 x 1)
303,random_resnet18_init2,1nn,original data/STO_ideal_1x1/1x1_19.bmp,(1 x 1),(1 x 1)
303,random_resnet18_init2,1nn,original data/STO_ideal_1x1/ideal_1x1_41.bmp,(1 x 1),(1 x 1)
303,random_resnet18_init2,1nn,original data/STO_ideal_1x1/ideal_1x1_40.bmp,(1 x 1),(1 x 1)
303,random_resnet18_init2,1nn,original data/STO_ideal_1x1/1x1_23.bmp,(1 x 1),(1 x 1)
303,random_resnet18_init2,1nn,original data/STO_ideal_1x1/ideal_1x1_39.bmp,(1 x 1),(1 x 1)
303,random_resnet18_init2,1nn,original data/STO_ideal_1x1/ideal_1x1_34.bmp,(1 x 1),(1 x 1)
303,random_resnet18_init2,1nn,original data/STO_ideal_1x1/ideal_1x1_32.bmp,(1 x 1),(1 x 1)
303,random_resnet18_init2,1nn,original data/STO_ideal_c6x2/c6x2_6.bmp,c(6 x 2),c(6 x 2)
303,random_resnet18_init2,1nn,original data/STO_ideal_c6x2/c6x2_2.bmp,c(6 x 2),c(6 x 2)
303,random_resnet18_init2,1nn,original data/STO_ideal_c6x2/c6x2_14.bmp,c(6 x 2),c(6 x 2)
303,random_resnet18_init2,1nn,original data/STO_ideal_c6x2/ideal_c6x2_29.bmp,c(6 x 2),c(6 x 2)
303,random_resnet18_init2,1nn,original data/STO_ideal_c6x2/c6x2_19.bmp,c(6 x 2),c(6 x 2)
303,random_resnet18_init2,1nn,original data/STO_ideal_c6x2/c6x2_17.bmp,c(6 x 2),(√13 x √13)
303,random_resnet18_init2,1nn,original data/STO_ideal_c6x2/ideal_c6x2_26.bmp,c(6 x 2),c(6 x 2)
303,random_resnet18_init2,1nn,original data/STO_ideal_c6x2/ideal_c6x2_33.bmp,c(6 x 2),c(6 x 2)
303,random_resnet18_init2,1nn,original data/STO_ideal_RT13/RT13_24.bmp,(√13 x √13),c(6 x 2)
303,random_resnet18_init2,1nn,original data/STO_ideal_RT13/RT13_39.bmp,(√13 x √13),(√13 x √13)
303,random_resnet18_init2,1nn,original data/STO_ideal_RT13/RT13_22.png,(√13 x √13),(√13 x √13)
303,random_resnet18_init2,1nn,original data/STO_ideal_RT13/RT13_29.bmp,(√13 x √13),(√13 x √13)
303,random_resnet18_init2,1nn,original data/STO_ideal_RT13/RT13_37.bmp,(√13 x √13),(√13 x √13)
303,random_resnet18_init2,1nn,original data/STO_ideal_RT13/RT13_25.bmp,(√13 x √13),c(6 x 2)
303,random_resnet18_init2,1nn,original data/STO_ideal_RT13/RT13_41.bmp,(√13 x √13),(√13 x √13)
303,random_resnet18_init2,1nn,original data/STO_ideal_HTR/HTR_10.png,HTR,HTR
303,random_resnet18_init2,1nn,original data/STO_ideal_HTR/HTR_9.png,HTR,HTR
303,random_resnet18_init2,1nn,original data/STO_ideal_HTR/HTR_12.png,HTR,(√13 x √13)
303,random_resnet18_init2,1nn,original data/STO_ideal_HTR/HTR_30.bmp,HTR,HTR
303,random_resnet18_init2,1nn,original data/STO_ideal_HTR/HTR_8.png,HTR,(√13 x √13)
303,random_resnet18_init2,5nn,original data/STO_ideal_1x1/ideal_1x1_49.bmp,(1 x 1),(1 x 1)
303,random_resnet18_init2,5nn,original data/STO_ideal_1x1/1x1_19.bmp,(1 x 1),(1 x 1)
303,random_resnet18_init2,5nn,original data/STO_ideal_1x1/ideal_1x1_41.bmp,(1 x 1),(1 x 1)
303,random_resnet18_init2,5nn,original data/STO_ideal_1x1/ideal_1x1_40.bmp,(1 x 1),(1 x 1)
303,random_resnet18_init2,5nn,original data/STO_ideal_1x1/1x1_23.bmp,(1 x 1),(1 x 1)
303,random_resnet18_init2,5nn,original data/STO_ideal_1x1/ideal_1x1_39.bmp,(1 x 1),(1 x 1)
303,random_resnet18_init2,5nn,original data/STO_ideal_1x1/ideal_1x1_34.bmp,(1 x 1),(1 x 1)
303,random_resnet18_init2,5nn,original data/STO_ideal_1x1/ideal_1x1_32.bmp,(1 x 1),(1 x 1)
303,random_resnet18_init2,5nn,original data/STO_ideal_c6x2/c6x2_6.bmp,c(6 x 2),c(6 x 2)
303,random_resnet18_init2,5nn,original data/STO_ideal_c6x2/c6x2_2.bmp,c(6 x 2),c(6 x 2)
303,random_resnet18_init2,5nn,original data/STO_ideal_c6x2/c6x2_14.bmp,c(6 x 2),c(6 x 2)
303,random_resnet18_init2,5nn,original data/STO_ideal_c6x2/ideal_c6x2_29.bmp,c(6 x 2),c(6 x 2)
303,random_resnet18_init2,5nn,original data/STO_ideal_c6x2/c6x2_19.bmp,c(6 x 2),c(6 x 2)
303,random_resnet18_init2,5nn,original data/STO_ideal_c6x2/c6x2_17.bmp,c(6 x 2),(√13 x √13)
303,random_resnet18_init2,5nn,original data/STO_ideal_c6x2/ideal_c6x2_26.bmp,c(6 x 2),c(6 x 2)
303,random_resnet18_init2,5nn,original data/STO_ideal_c6x2/ideal_c6x2_33.bmp,c(6 x 2),c(6 x 2)
303,random_resnet18_init2,5nn,original data/STO_ideal_RT13/RT13_24.bmp,(√13 x √13),(1 x 1)
303,random_resnet18_init2,5nn,original data/STO_ideal_RT13/RT13_39.bmp,(√13 x √13),(√13 x √13)
303,random_resnet18_init2,5nn,original data/STO_ideal_RT13/RT13_22.png,(√13 x √13),(√13 x √13)
303,random_resnet18_init2,5nn,original data/STO_ideal_RT13/RT13_29.bmp,(√13 x √13),(√13 x √13)
303,random_resnet18_init2,5nn,original data/STO_ideal_RT13/RT13_37.bmp,(√13 x √13),(√13 x √13)
303,random_resnet18_init2,5nn,original data/STO_ideal_RT13/RT13_25.bmp,(√13 x √13),c(6 x 2)
303,random_resnet18_init2,5nn,original data/STO_ideal_RT13/RT13_41.bmp,(√13 x √13),(√13 x √13)
303,random_resnet18_init2,5nn,original data/STO_ideal_HTR/HTR_10.png,HTR,(√13 x √13)
303,random_resnet18_init2,5nn,original data/STO_ideal_HTR/HTR_9.png,HTR,HTR
303,random_resnet18_init2,5nn,original data/STO_ideal_HTR/HTR_12.png,HTR,(√13 x √13)
303,random_resnet18_init2,5nn,original data/STO_ideal_HTR/HTR_30.bmp,HTR,HTR
303,random_resnet18_init2,5nn,original data/STO_ideal_HTR/HTR_8.png,HTR,(√13 x √13)
303,random_resnet18_init2,logreg,original data/STO_ideal_1x1/ideal_1x1_49.bmp,(1 x 1),(1 x 1)
303,random_resnet18_init2,logreg,original data/STO_ideal_1x1/1x1_19.bmp,(1 x 1),(1 x 1)
303,random_resnet18_init2,logreg,original data/STO_ideal_1x1/ideal_1x1_41.bmp,(1 x 1),(1 x 1)
303,random_resnet18_init2,logreg,original data/STO_ideal_1x1/ideal_1x1_40.bmp,(1 x 1),(1 x 1)
303,random_resnet18_init2,logreg,original data/STO_ideal_1x1/1x1_23.bmp,(1 x 1),(1 x 1)
303,random_resnet18_init2,logreg,original data/STO_ideal_1x1/ideal_1x1_39.bmp,(1 x 1),(1 x 1)
303,random_resnet18_init2,logreg,original data/STO_ideal_1x1/ideal_1x1_34.bmp,(1 x 1),(1 x 1)
303,random_resnet18_init2,logreg,original data/STO_ideal_1x1/ideal_1x1_32.bmp,(1 x 1),(1 x 1)
303,random_resnet18_init2,logreg,original data/STO_ideal_c6x2/c6x2_6.bmp,c(6 x 2),c(6 x 2)
303,random_resnet18_init2,logreg,original data/STO_ideal_c6x2/c6x2_2.bmp,c(6 x 2),c(6 x 2)
303,random_resnet18_init2,logreg,original data/STO_ideal_c6x2/c6x2_14.bmp,c(6 x 2),c(6 x 2)
303,random_resnet18_init2,logreg,original data/STO_ideal_c6x2/ideal_c6x2_29.bmp,c(6 x 2),c(6 x 2)
303,random_resnet18_init2,logreg,original data/STO_ideal_c6x2/c6x2_19.bmp,c(6 x 2),c(6 x 2)
303,random_resnet18_init2,logreg,original data/STO_ideal_c6x2/c6x2_17.bmp,c(6 x 2),(√13 x √13)
303,random_resnet18_init2,logreg,original data/STO_ideal_c6x2/ideal_c6x2_26.bmp,c(6 x 2),c(6 x 2)
303,random_resnet18_init2,logreg,original data/STO_ideal_c6x2/ideal_c6x2_33.bmp,c(6 x 2),c(6 x 2)
303,random_resnet18_init2,logreg,original data/STO_ideal_RT13/RT13_24.bmp,(√13 x √13),c(6 x 2)
303,random_resnet18_init2,logreg,original data/STO_ideal_RT13/RT13_39.bmp,(√13 x √13),(√13 x √13)
303,random_resnet18_init2,logreg,original data/STO_ideal_RT13/RT13_22.png,(√13 x √13),(√13 x √13)
303,random_resnet18_init2,logreg,original data/STO_ideal_RT13/RT13_29.bmp,(√13 x √13),(√13 x √13)
303,random_resnet18_init2,logreg,original data/STO_ideal_RT13/RT13_37.bmp,(√13 x √13),(√13 x √13)
303,random_resnet18_init2,logreg,original data/STO_ideal_RT13/RT13_25.bmp,(√13 x √13),c(6 x 2)
303,random_resnet18_init2,logreg,original data/STO_ideal_RT13/RT13_41.bmp,(√13 x √13),(√13 x √13)
303,random_resnet18_init2,logreg,original data/STO_ideal_HTR/HTR_10.png,HTR,(√13 x √13)
303,random_resnet18_init2,logreg,original data/STO_ideal_HTR/HTR_9.png,HTR,HTR
303,random_resnet18_init2,logreg,original data/STO_ideal_HTR/HTR_12.png,HTR,(1 x 1)
303,random_resnet18_init2,logreg,original data/STO_ideal_HTR/HTR_30.bmp,HTR,HTR
303,random_resnet18_init2,logreg,original data/STO_ideal_HTR/HTR_8.png,HTR,(√13 x √13)
303,simclr_resnet18,1nn,original data/STO_ideal_1x1/ideal_1x1_49.bmp,(1 x 1),(1 x 1)
303,simclr_resnet18,1nn,original data/STO_ideal_1x1/1x1_19.bmp,(1 x 1),(1 x 1)
303,simclr_resnet18,1nn,original data/STO_ideal_1x1/ideal_1x1_41.bmp,(1 x 1),(1 x 1)
303,simclr_resnet18,1nn,original data/STO_ideal_1x1/ideal_1x1_40.bmp,(1 x 1),(1 x 1)
303,simclr_resnet18,1nn,original data/STO_ideal_1x1/1x1_23.bmp,(1 x 1),(1 x 1)
303,simclr_resnet18,1nn,original data/STO_ideal_1x1/ideal_1x1_39.bmp,(1 x 1),(1 x 1)
303,simclr_resnet18,1nn,original data/STO_ideal_1x1/ideal_1x1_34.bmp,(1 x 1),(1 x 1)
303,simclr_resnet18,1nn,original data/STO_ideal_1x1/ideal_1x1_32.bmp,(1 x 1),(1 x 1)
303,simclr_resnet18,1nn,original data/STO_ideal_c6x2/c6x2_6.bmp,c(6 x 2),c(6 x 2)
303,simclr_resnet18,1nn,original data/STO_ideal_c6x2/c6x2_2.bmp,c(6 x 2),c(6 x 2)
303,simclr_resnet18,1nn,original data/STO_ideal_c6x2/c6x2_14.bmp,c(6 x 2),c(6 x 2)
303,simclr_resnet18,1nn,original data/STO_ideal_c6x2/ideal_c6x2_29.bmp,c(6 x 2),c(6 x 2)
303,simclr_resnet18,1nn,original data/STO_ideal_c6x2/c6x2_19.bmp,c(6 x 2),c(6 x 2)
303,simclr_resnet18,1nn,original data/STO_ideal_c6x2/c6x2_17.bmp,c(6 x 2),(√13 x √13)
303,simclr_resnet18,1nn,original data/STO_ideal_c6x2/ideal_c6x2_26.bmp,c(6 x 2),c(6 x 2)
303,simclr_resnet18,1nn,original data/STO_ideal_c6x2/ideal_c6x2_33.bmp,c(6 x 2),c(6 x 2)
303,simclr_resnet18,1nn,original data/STO_ideal_RT13/RT13_24.bmp,(√13 x √13),(√13 x √13)
303,simclr_resnet18,1nn,original data/STO_ideal_RT13/RT13_39.bmp,(√13 x √13),(√13 x √13)
303,simclr_resnet18,1nn,original data/STO_ideal_RT13/RT13_22.png,(√13 x √13),(√13 x √13)
303,simclr_resnet18,1nn,original data/STO_ideal_RT13/RT13_29.bmp,(√13 x √13),(√13 x √13)
303,simclr_resnet18,1nn,original data/STO_ideal_RT13/RT13_37.bmp,(√13 x √13),(√13 x √13)
303,simclr_resnet18,1nn,original data/STO_ideal_RT13/RT13_25.bmp,(√13 x √13),(√13 x √13)
303,simclr_resnet18,1nn,original data/STO_ideal_RT13/RT13_41.bmp,(√13 x √13),(√13 x √13)
303,simclr_resnet18,1nn,original data/STO_ideal_HTR/HTR_10.png,HTR,HTR
303,simclr_resnet18,1nn,original data/STO_ideal_HTR/HTR_9.png,HTR,HTR
303,simclr_resnet18,1nn,original data/STO_ideal_HTR/HTR_12.png,HTR,HTR
303,simclr_resnet18,1nn,original data/STO_ideal_HTR/HTR_30.bmp,HTR,HTR
303,simclr_resnet18,1nn,original data/STO_ideal_HTR/HTR_8.png,HTR,(√13 x √13)
303,simclr_resnet18,5nn,original data/STO_ideal_1x1/ideal_1x1_49.bmp,(1 x 1),(1 x 1)
303,simclr_resnet18,5nn,original data/STO_ideal_1x1/1x1_19.bmp,(1 x 1),(1 x 1)
303,simclr_resnet18,5nn,original data/STO_ideal_1x1/ideal_1x1_41.bmp,(1 x 1),(1 x 1)
303,simclr_resnet18,5nn,original data/STO_ideal_1x1/ideal_1x1_40.bmp,(1 x 1),(1 x 1)
303,simclr_resnet18,5nn,original data/STO_ideal_1x1/1x1_23.bmp,(1 x 1),(1 x 1)
303,simclr_resnet18,5nn,original data/STO_ideal_1x1/ideal_1x1_39.bmp,(1 x 1),(1 x 1)
303,simclr_resnet18,5nn,original data/STO_ideal_1x1/ideal_1x1_34.bmp,(1 x 1),(1 x 1)
303,simclr_resnet18,5nn,original data/STO_ideal_1x1/ideal_1x1_32.bmp,(1 x 1),(1 x 1)
303,simclr_resnet18,5nn,original data/STO_ideal_c6x2/c6x2_6.bmp,c(6 x 2),c(6 x 2)
303,simclr_resnet18,5nn,original data/STO_ideal_c6x2/c6x2_2.bmp,c(6 x 2),c(6 x 2)
303,simclr_resnet18,5nn,original data/STO_ideal_c6x2/c6x2_14.bmp,c(6 x 2),c(6 x 2)
303,simclr_resnet18,5nn,original data/STO_ideal_c6x2/ideal_c6x2_29.bmp,c(6 x 2),c(6 x 2)
303,simclr_resnet18,5nn,original data/STO_ideal_c6x2/c6x2_19.bmp,c(6 x 2),c(6 x 2)
303,simclr_resnet18,5nn,original data/STO_ideal_c6x2/c6x2_17.bmp,c(6 x 2),(√13 x √13)
303,simclr_resnet18,5nn,original data/STO_ideal_c6x2/ideal_c6x2_26.bmp,c(6 x 2),c(6 x 2)
303,simclr_resnet18,5nn,original data/STO_ideal_c6x2/ideal_c6x2_33.bmp,c(6 x 2),c(6 x 2)
303,simclr_resnet18,5nn,original data/STO_ideal_RT13/RT13_24.bmp,(√13 x √13),(√13 x √13)
303,simclr_resnet18,5nn,original data/STO_ideal_RT13/RT13_39.bmp,(√13 x √13),(√13 x √13)
303,simclr_resnet18,5nn,original data/STO_ideal_RT13/RT13_22.png,(√13 x √13),(√13 x √13)
303,simclr_resnet18,5nn,original data/STO_ideal_RT13/RT13_29.bmp,(√13 x √13),(√13 x √13)
303,simclr_resnet18,5nn,original data/STO_ideal_RT13/RT13_37.bmp,(√13 x √13),(√13 x √13)
303,simclr_resnet18,5nn,original data/STO_ideal_RT13/RT13_25.bmp,(√13 x √13),(√13 x √13)
303,simclr_resnet18,5nn,original data/STO_ideal_RT13/RT13_41.bmp,(√13 x √13),(√13 x √13)
303,simclr_resnet18,5nn,original data/STO_ideal_HTR/HTR_10.png,HTR,(√13 x √13)
303,simclr_resnet18,5nn,original data/STO_ideal_HTR/HTR_9.png,HTR,HTR
303,simclr_resnet18,5nn,original data/STO_ideal_HTR/HTR_12.png,HTR,HTR
303,simclr_resnet18,5nn,original data/STO_ideal_HTR/HTR_30.bmp,HTR,HTR
303,simclr_resnet18,5nn,original data/STO_ideal_HTR/HTR_8.png,HTR,(√13 x √13)
303,simclr_resnet18,logreg,original data/STO_ideal_1x1/ideal_1x1_49.bmp,(1 x 1),(1 x 1)
303,simclr_resnet18,logreg,original data/STO_ideal_1x1/1x1_19.bmp,(1 x 1),(1 x 1)
303,simclr_resnet18,logreg,original data/STO_ideal_1x1/ideal_1x1_41.bmp,(1 x 1),(1 x 1)
303,simclr_resnet18,logreg,original data/STO_ideal_1x1/ideal_1x1_40.bmp,(1 x 1),(1 x 1)
303,simclr_resnet18,logreg,original data/STO_ideal_1x1/1x1_23.bmp,(1 x 1),(1 x 1)
303,simclr_resnet18,logreg,original data/STO_ideal_1x1/ideal_1x1_39.bmp,(1 x 1),(1 x 1)
303,simclr_resnet18,logreg,original data/STO_ideal_1x1/ideal_1x1_34.bmp,(1 x 1),(1 x 1)
303,simclr_resnet18,logreg,original data/STO_ideal_1x1/ideal_1x1_32.bmp,(1 x 1),(1 x 1)
303,simclr_resnet18,logreg,original data/STO_ideal_c6x2/c6x2_6.bmp,c(6 x 2),c(6 x 2)
303,simclr_resnet18,logreg,original data/STO_ideal_c6x2/c6x2_2.bmp,c(6 x 2),c(6 x 2)
303,simclr_resnet18,logreg,original data/STO_ideal_c6x2/c6x2_14.bmp,c(6 x 2),c(6 x 2)
303,simclr_resnet18,logreg,original data/STO_ideal_c6x2/ideal_c6x2_29.bmp,c(6 x 2),c(6 x 2)
303,simclr_resnet18,logreg,original data/STO_ideal_c6x2/c6x2_19.bmp,c(6 x 2),c(6 x 2)
303,simclr_resnet18,logreg,original data/STO_ideal_c6x2/c6x2_17.bmp,c(6 x 2),(√13 x √13)
303,simclr_resnet18,logreg,original data/STO_ideal_c6x2/ideal_c6x2_26.bmp,c(6 x 2),c(6 x 2)
303,simclr_resnet18,logreg,original data/STO_ideal_c6x2/ideal_c6x2_33.bmp,c(6 x 2),c(6 x 2)
303,simclr_resnet18,logreg,original data/STO_ideal_RT13/RT13_24.bmp,(√13 x √13),(√13 x √13)
303,simclr_resnet18,logreg,original data/STO_ideal_RT13/RT13_39.bmp,(√13 x √13),(√13 x √13)
303,simclr_resnet18,logreg,original data/STO_ideal_RT13/RT13_22.png,(√13 x √13),(√13 x √13)
303,simclr_resnet18,logreg,original data/STO_ideal_RT13/RT13_29.bmp,(√13 x √13),(√13 x √13)
303,simclr_resnet18,logreg,original data/STO_ideal_RT13/RT13_37.bmp,(√13 x √13),(√13 x √13)
303,simclr_resnet18,logreg,original data/STO_ideal_RT13/RT13_25.bmp,(√13 x √13),c(6 x 2)
303,simclr_resnet18,logreg,original data/STO_ideal_RT13/RT13_41.bmp,(√13 x √13),(√13 x √13)
303,simclr_resnet18,logreg,original data/STO_ideal_HTR/HTR_10.png,HTR,HTR
303,simclr_resnet18,logreg,original data/STO_ideal_HTR/HTR_9.png,HTR,HTR
303,simclr_resnet18,logreg,original data/STO_ideal_HTR/HTR_12.png,HTR,HTR
303,simclr_resnet18,logreg,original data/STO_ideal_HTR/HTR_30.bmp,HTR,HTR
303,simclr_resnet18,logreg,original data/STO_ideal_HTR/HTR_8.png,HTR,(√13 x √13)
