seed,budget,strategy,symmetry_mode,epoch,lr,initial_pairs,candidate_pairs,acquisition_mode,job_id,pre_test_accuracy,post_test_accuracy,batch_utility,provenance,source_path,source_sha256,source_csv,post_test_accuracy_random,batch_utility_random,post_test_accuracy_difference_vs_random,batch_utility_difference_vs_random
42,75,uncertainty,none,3.0,0.0001,50.0,120.0,single-shot,seed-42_budget-75_strategy-uncertainty_symmetry-none,0.3666666666666666,0.4333333333333333,0.0666666666666667,reused_git_tracked_primary_curve,/content/rl_quantum_2026summer/code/results/completed_experiments/budget_curve_5seed/tables/per_seed_performance_by_acquisition_budget.csv,1f227e7b1fb2cc01da5a39495cdd89665fc6363f02bf0804b4dba07f0b441653,,0.2666666666666666,-0.0999999999999999,0.16666666666666669,0.16666666666666657
303,50,random,none,3.0,0.0001,50.0,120.0,single-shot,seed-303_budget-50_strategy-random_symmetry-none,0.3,0.3333333333333333,0.0333333333333333,reused_git_tracked_primary_curve,/content/rl_quantum_2026summer/code/results/completed_experiments/budget_curve_5seed/tables/per_seed_performance_by_acquisition_budget.csv,1f227e7b1fb2cc01da5a39495cdd89665fc6363f02bf0804b4dba07f0b441653,,0.3333333333333333,0.0333333333333333,0.0,0.0
42,25,random,none,3.0,0.0001,50.0,120.0,single-shot,seed-42_budget-25_strategy-random_symmetry-none,0.3666666666666666,0.4666666666666667,0.1,reused_git_tracked_primary_curve,/content/rl_quantum_2026summer/code/results/completed_experiments/budget_curve_5seed/tables/per_seed_performance_by_acquisition_budget.csv,1f227e7b1fb2cc01da5a39495cdd89665fc6363f02bf0804b4dba07f0b441653,,0.4666666666666667,0.1,0.0,0.0
79,10,random,none,3.0,0.0001,50.0,120.0,single-shot,seed-79_budget-10_strategy-random_symmetry-none,0.5666666666666667,0.4333333333333333,-0.1333333333333333,reused_git_tracked_primary_curve,/content/rl_quantum_2026summer/code/results/completed_experiments/budget_curve_5seed/tables/per_seed_performance_by_acquisition_budget.csv,1f227e7b1fb2cc01da5a39495cdd89665fc6363f02bf0804b4dba07f0b441653,,0.4333333333333333,-0.1333333333333333,0.0,0.0
79,10,uncertainty,none,3.0,0.0001,50.0,120.0,single-shot,seed-79_budget-10_strategy-uncertainty_symmetry-none,0.5666666666666667,0.4,-0.1666666666666666,reused_git_tracked_primary_curve,/content/rl_quantum_2026summer/code/results/completed_experiments/budget_curve_5seed/tables/per_seed_performance_by_acquisition_budget.csv,1f227e7b1fb2cc01da5a39495cdd89665fc6363f02bf0804b4dba07f0b441653,,0.4333333333333333,-0.1333333333333333,-0.03333333333333327,-0.0333333333333333
303,50,uncertainty,none,3.0,0.0001,50.0,120.0,single-shot,seed-303_budget-50_strategy-uncertainty_symmetry-none,0.3,0.4,0.1,reused_git_tracked_primary_curve,/content/rl_quantum_2026summer/code/results/completed_experiments/budget_curve_5seed/tables/per_seed_performance_by_acquisition_budget.csv,1f227e7b1fb2cc01da5a39495cdd89665fc6363f02bf0804b4dba07f0b441653,,0.3333333333333333,0.0333333333333333,0.06666666666666671,0.06666666666666671
42,10,random,none,3.0,0.0001,50.0,120.0,single-shot,seed-42_budget-10_strategy-random_symmetry-none,0.3666666666666666,0.4333333333333333,0.0666666666666667,reused_git_tracked_primary_curve,/content/rl_quantum_2026summer/code/results/completed_experiments/budget_curve_5seed/tables/per_seed_performance_by_acquisition_budget.csv,1f227e7b1fb2cc01da5a39495cdd89665fc6363f02bf0804b4dba07f0b441653,,0.4333333333333333,0.0666666666666667,0.0,0.0
123,100,uncertainty,none,3.0,0.0001,50.0,120.0,single-shot,seed-123_budget-100_strategy-uncertainty_symmetry-none,0.3666666666666666,0.7,0.3333333333333333,reused_git_tracked_primary_curve,/content/rl_quantum_2026summer/code/results/completed_experiments/budget_curve_5seed/tables/per_seed_performance_by_acquisition_budget.csv,1f227e7b1fb2cc01da5a39495cdd89665fc6363f02bf0804b4dba07f0b441653,,0.4666666666666667,0.1,0.23333333333333328,0.2333333333333333
42,10,uncertainty,none,3.0,0.0001,50.0,120.0,single-shot,seed-42_budget-10_strategy-uncertainty_symmetry-none,0.3666666666666666,0.5,0.1333333333333333,reused_git_tracked_primary_curve,/content/rl_quantum_2026summer/code/results/completed_experiments/budget_curve_5seed/tables/per_seed_performance_by_acquisition_budget.csv,1f227e7b1fb2cc01da5a39495cdd89665fc6363f02bf0804b4dba07f0b441653,,0.4333333333333333,0.0666666666666667,0.06666666666666671,0.06666666666666661
123,100,random,none,3.0,0.0001,50.0,120.0,single-shot,seed-123_budget-100_strategy-random_symmetry-none,0.3666666666666666,0.4666666666666667,0.1,reused_git_tracked_primary_curve,/content/rl_quantum_2026summer/code/results/completed_experiments/budget_curve_5seed/tables/per_seed_performance_by_acquisition_budget.csv,1f227e7b1fb2cc01da5a39495cdd89665fc6363f02bf0804b4dba07f0b441653,,0.4666666666666667,0.1,0.0,0.0
79,75,uncertainty,none,3.0,0.0001,50.0,120.0,single-shot,seed-79_budget-75_strategy-uncertainty_symmetry-none,0.5666666666666667,0.2666666666666666,-0.3,reused_git_tracked_primary_curve,/content/rl_quantum_2026summer/code/results/completed_experiments/budget_curve_5seed/tables/per_seed_performance_by_acquisition_budget.csv,1f227e7b1fb2cc01da5a39495cdd89665fc6363f02bf0804b4dba07f0b441653,,0.2666666666666666,-0.3,0.0,0.0
79,50,uncertainty,none,3.0,0.0001,50.0,120.0,single-shot,seed-79_budget-50_strategy-uncertainty_symmetry-none,0.5666666666666667,0.3666666666666666,-0.2,reused_git_tracked_primary_curve,/content/rl_quantum_2026summer/code/results/completed_experiments/budget_curve_5seed/tables/per_seed_performance_by_acquisition_budget.csv,1f227e7b1fb2cc01da5a39495cdd89665fc6363f02bf0804b4dba07f0b441653,,0.4333333333333333,-0.1333333333333333,-0.06666666666666671,-0.06666666666666671
123,50,random,none,3.0,0.0001,50.0,120.0,single-shot,seed-123_budget-50_strategy-random_symmetry-none,0.3666666666666666,0.1333333333333333,-0.2333333333333333,reused_git_tracked_primary_curve,/content/rl_quantum_2026summer/code/results/completed_experiments/budget_curve_5seed/tables/per_seed_performance_by_acquisition_budget.csv,1f227e7b1fb2cc01da5a39495cdd89665fc6363f02bf0804b4dba07f0b441653,,0.1333333333333333,-0.2333333333333333,0.0,0.0
202,25,random,none,3.0,0.0001,50.0,120.0,single-shot,seed-202_budget-25_strategy-random_symmetry-none,0.5333333333333333,0.5,-0.0333333333333333,reused_git_tracked_primary_curve,/content/rl_quantum_2026summer/code/results/completed_experiments/budget_curve_5seed/tables/per_seed_performance_by_acquisition_budget.csv,1f227e7b1fb2cc01da5a39495cdd89665fc6363f02bf0804b4dba07f0b441653,,0.5,-0.0333333333333333,0.0,0.0
42,50,uncertainty,none,3.0,0.0001,50.0,120.0,single-shot,seed-42_budget-50_strategy-uncertainty_symmetry-none,0.3666666666666666,0.3666666666666666,0.0,reused_git_tracked_primary_curve,/content/rl_quantum_2026summer/code/results/completed_experiments/budget_curve_5seed/tables/per_seed_performance_by_acquisition_budget.csv,1f227e7b1fb2cc01da5a39495cdd89665fc6363f02bf0804b4dba07f0b441653,,0.4,0.0333333333333333,-0.03333333333333344,-0.0333333333333333
123,50,uncertainty,none,3.0,0.0001,50.0,120.0,single-shot,seed-123_budget-50_strategy-uncertainty_symmetry-none,0.3666666666666666,0.2333333333333333,-0.1333333333333333,reused_git_tracked_primary_curve,/content/rl_quantum_2026summer/code/results/completed_experiments/budget_curve_5seed/tables/per_seed_performance_by_acquisition_budget.csv,1f227e7b1fb2cc01da5a39495cdd89665fc6363f02bf0804b4dba07f0b441653,,0.1333333333333333,-0.2333333333333333,0.1,0.1
202,50,random,none,3.0,0.0001,50.0,120.0,single-shot,seed-202_budget-50_strategy-random_symmetry-none,0.5333333333333333,0.3333333333333333,-0.2,reused_git_tracked_primary_curve,/content/rl_quantum_2026summer/code/results/completed_experiments/budget_curve_5seed/tables/per_seed_performance_by_acquisition_budget.csv,1f227e7b1fb2cc01da5a39495cdd89665fc6363f02bf0804b4dba07f0b441653,,0.3333333333333333,-0.2,0.0,0.0
42,50,random,none,3.0,0.0001,50.0,120.0,single-shot,seed-42_budget-50_strategy-random_symmetry-none,0.3666666666666666,0.4,0.0333333333333333,reused_git_tracked_primary_curve,/content/rl_quantum_2026summer/code/results/completed_experiments/budget_curve_5seed/tables/per_seed_performance_by_acquisition_budget.csv,1f227e7b1fb2cc01da5a39495cdd89665fc6363f02bf0804b4dba07f0b441653,,0.4,0.0333333333333333,0.0,0.0
202,25,uncertainty,none,3.0,0.0001,50.0,120.0,single-shot,seed-202_budget-25_strategy-uncertainty_symmetry-none,0.5333333333333333,0.4666666666666667,-0.0666666666666666,reused_git_tracked_primary_curve,/content/rl_quantum_2026summer/code/results/completed_experiments/budget_curve_5seed/tables/per_seed_performance_by_acquisition_budget.csv,1f227e7b1fb2cc01da5a39495cdd89665fc6363f02bf0804b4dba07f0b441653,,0.5,-0.0333333333333333,-0.033333333333333326,-0.0333333333333333
42,100,uncertainty,none,3.0,0.0001,50.0,120.0,single-shot,seed-42_budget-100_strategy-uncertainty_symmetry-none,0.3666666666666666,0.7,0.3333333333333333,reused_git_tracked_primary_curve,/content/rl_quantum_2026summer/code/results/completed_experiments/budget_curve_5seed/tables/per_seed_performance_by_acquisition_budget.csv,1f227e7b1fb2cc01da5a39495cdd89665fc6363f02bf0804b4dba07f0b441653,,0.6,0.2333333333333333,0.09999999999999998,0.1
79,50,random,none,3.0,0.0001,50.0,120.0,single-shot,seed-79_budget-50_strategy-random_symmetry-none,0.5666666666666667,0.4333333333333333,-0.1333333333333333,reused_git_tracked_primary_curve,/content/rl_quantum_2026summer/code/results/completed_experiments/budget_curve_5seed/tables/per_seed_performance_by_acquisition_budget.csv,1f227e7b1fb2cc01da5a39495cdd89665fc6363f02bf0804b4dba07f0b441653,,0.4333333333333333,-0.1333333333333333,0.0,0.0
123,25,random,none,3.0,0.0001,50.0,120.0,single-shot,seed-123_budget-25_strategy-random_symmetry-none,0.3666666666666666,0.5666666666666667,0.2,reused_git_tracked_primary_curve,/content/rl_quantum_2026summer/code/results/completed_experiments/budget_curve_5seed/tables/per_seed_performance_by_acquisition_budget.csv,1f227e7b1fb2cc01da5a39495cdd89665fc6363f02bf0804b4dba07f0b441653,,0.5666666666666667,0.2,0.0,0.0
202,75,random,none,3.0,0.0001,50.0,120.0,single-shot,seed-202_budget-75_strategy-random_symmetry-none,0.5333333333333333,0.3,-0.2333333333333333,reused_git_tracked_primary_curve,/content/rl_quantum_2026summer/code/results/completed_experiments/budget_curve_5seed/tables/per_seed_performance_by_acquisition_budget.csv,1f227e7b1fb2cc01da5a39495cdd89665fc6363f02bf0804b4dba07f0b441653,,0.3,-0.2333333333333333,0.0,0.0
79,25,random,none,3.0,0.0001,50.0,120.0,single-shot,seed-79_budget-25_strategy-random_symmetry-none,0.5666666666666667,0.2333333333333333,-0.3333333333333333,reused_git_tracked_primary_curve,/content/rl_quantum_2026summer/code/results/completed_experiments/budget_curve_5seed/tables/per_seed_performance_by_acquisition_budget.csv,1f227e7b1fb2cc01da5a39495cdd89665fc6363f02bf0804b4dba07f0b441653,,0.2333333333333333,-0.3333333333333333,0.0,0.0
303,10,random,none,3.0,0.0001,50.0,120.0,single-shot,seed-303_budget-10_strategy-random_symmetry-none,0.3,0.3,0.0,reused_git_tracked_primary_curve,/content/rl_quantum_2026summer/code/results/completed_experiments/budget_curve_5seed/tables/per_seed_performance_by_acquisition_budget.csv,1f227e7b1fb2cc01da5a39495cdd89665fc6363f02bf0804b4dba07f0b441653,,0.3,0.0,0.0,0.0
42,75,random,none,3.0,0.0001,50.0,120.0,single-shot,seed-42_budget-75_strategy-random_symmetry-none,0.3666666666666666,0.2666666666666666,-0.0999999999999999,reused_git_tracked_primary_curve,/content/rl_quantum_2026summer/code/results/completed_experiments/budget_curve_5seed/tables/per_seed_performance_by_acquisition_budget.csv,1f227e7b1fb2cc01da5a39495cdd89665fc6363f02bf0804b4dba07f0b441653,,0.2666666666666666,-0.0999999999999999,0.0,0.0
202,100,random,none,3.0,0.0001,50.0,120.0,single-shot,seed-202_budget-100_strategy-random_symmetry-none,0.5333333333333333,0.4,-0.1333333333333333,reused_git_tracked_primary_curve,/content/rl_quantum_2026summer/code/results/completed_experiments/budget_curve_5seed/tables/per_seed_performance_by_acquisition_budget.csv,1f227e7b1fb2cc01da5a39495cdd89665fc6363f02bf0804b4dba07f0b441653,,0.4,-0.1333333333333333,0.0,0.0
123,75,uncertainty,none,3.0,0.0001,50.0,120.0,single-shot,seed-123_budget-75_strategy-uncertainty_symmetry-none,0.3666666666666666,0.5333333333333333,0.1666666666666666,reused_git_tracked_primary_curve,/content/rl_quantum_2026summer/code/results/completed_experiments/budget_curve_5seed/tables/per_seed_performance_by_acquisition_budget.csv,1f227e7b1fb2cc01da5a39495cdd89665fc6363f02bf0804b4dba07f0b441653,,0.2666666666666666,-0.0999999999999999,0.2666666666666667,0.2666666666666665
202,50,uncertainty,none,3.0,0.0001,50.0,120.0,single-shot,seed-202_budget-50_strategy-uncertainty_symmetry-none,0.5333333333333333,0.1333333333333333,-0.4,reused_git_tracked_primary_curve,/content/rl_quantum_2026summer/code/results/completed_experiments/budget_curve_5seed/tables/per_seed_performance_by_acquisition_budget.csv,1f227e7b1fb2cc01da5a39495cdd89665fc6363f02bf0804b4dba07f0b441653,,0.3333333333333333,-0.2,-0.2,-0.2
79,75,random,none,3.0,0.0001,50.0,120.0,single-shot,seed-79_budget-75_strategy-random_symmetry-none,0.5666666666666667,0.2666666666666666,-0.3,reused_git_tracked_primary_curve,/content/rl_quantum_2026summer/code/results/completed_experiments/budget_curve_5seed/tables/per_seed_performance_by_acquisition_budget.csv,1f227e7b1fb2cc01da5a39495cdd89665fc6363f02bf0804b4dba07f0b441653,,0.2666666666666666,-0.3,0.0,0.0
202,10,random,none,3.0,0.0001,50.0,120.0,single-shot,seed-202_budget-10_strategy-random_symmetry-none,0.5333333333333333,0.4333333333333333,-0.0999999999999999,reused_git_tracked_primary_curve,/content/rl_quantum_2026summer/code/results/completed_experiments/budget_curve_5seed/tables/per_seed_performance_by_acquisition_budget.csv,1f227e7b1fb2cc01da5a39495cdd89665fc6363f02bf0804b4dba07f0b441653,,0.4333333333333333,-0.0999999999999999,0.0,0.0
79,100,uncertainty,none,3.0,0.0001,50.0,120.0,single-shot,seed-79_budget-100_strategy-uncertainty_symmetry-none,0.5666666666666667,0.8333333333333334,0.2666666666666667,reused_git_tracked_primary_curve,/content/rl_quantum_2026summer/code/results/completed_experiments/budget_curve_5seed/tables/per_seed_performance_by_acquisition_budget.csv,1f227e7b1fb2cc01da5a39495cdd89665fc6363f02bf0804b4dba07f0b441653,,0.4666666666666667,-0.0999999999999999,0.3666666666666667,0.3666666666666666
202,100,uncertainty,none,3.0,0.0001,50.0,120.0,single-shot,seed-202_budget-100_strategy-uncertainty_symmetry-none,0.5333333333333333,0.3,-0.2333333333333333,reused_git_tracked_primary_curve,/content/rl_quantum_2026summer/code/results/completed_experiments/budget_curve_5seed/tables/per_seed_performance_by_acquisition_budget.csv,1f227e7b1fb2cc01da5a39495cdd89665fc6363f02bf0804b4dba07f0b441653,,0.4,-0.1333333333333333,-0.10000000000000003,-0.1
202,75,uncertainty,none,3.0,0.0001,50.0,120.0,single-shot,seed-202_budget-75_strategy-uncertainty_symmetry-none,0.5333333333333333,0.4666666666666667,-0.0666666666666666,reused_git_tracked_primary_curve,/content/rl_quantum_2026summer/code/results/completed_experiments/budget_curve_5seed/tables/per_seed_performance_by_acquisition_budget.csv,1f227e7b1fb2cc01da5a39495cdd89665fc6363f02bf0804b4dba07f0b441653,,0.3,-0.2333333333333333,0.16666666666666669,0.1666666666666667
303,100,uncertainty,none,3.0,0.0001,50.0,120.0,single-shot,seed-303_budget-100_strategy-uncertainty_symmetry-none,0.3,0.7,0.3999999999999999,reused_git_tracked_primary_curve,/content/rl_quantum_2026summer/code/results/completed_experiments/budget_curve_5seed/tables/per_seed_performance_by_acquisition_budget.csv,1f227e7b1fb2cc01da5a39495cdd89665fc6363f02bf0804b4dba07f0b441653,,0.5333333333333333,0.2333333333333333,0.16666666666666663,0.1666666666666666
42,25,uncertainty,none,3.0,0.0001,50.0,120.0,single-shot,seed-42_budget-25_strategy-uncertainty_symmetry-none,0.3666666666666666,0.6333333333333333,0.2666666666666666,reused_git_tracked_primary_curve,/content/rl_quantum_2026summer/code/results/completed_experiments/budget_curve_5seed/tables/per_seed_performance_by_acquisition_budget.csv,1f227e7b1fb2cc01da5a39495cdd89665fc6363f02bf0804b4dba07f0b441653,,0.4666666666666667,0.1,0.16666666666666663,0.1666666666666666
79,25,uncertainty,none,3.0,0.0001,50.0,120.0,single-shot,seed-79_budget-25_strategy-uncertainty_symmetry-none,0.5666666666666667,0.3,-0.2666666666666666,reused_git_tracked_primary_curve,/content/rl_quantum_2026summer/code/results/completed_experiments/budget_curve_5seed/tables/per_seed_performance_by_acquisition_budget.csv,1f227e7b1fb2cc01da5a39495cdd89665fc6363f02bf0804b4dba07f0b441653,,0.2333333333333333,-0.3333333333333333,0.06666666666666668,0.06666666666666671
42,100,random,none,3.0,0.0001,50.0,120.0,single-shot,seed-42_budget-100_strategy-random_symmetry-none,0.3666666666666666,0.6,0.2333333333333333,reused_git_tracked_primary_curve,/content/rl_quantum_2026summer/code/results/completed_experiments/budget_curve_5seed/tables/per_seed_performance_by_acquisition_budget.csv,1f227e7b1fb2cc01da5a39495cdd89665fc6363f02bf0804b4dba07f0b441653,,0.6,0.2333333333333333,0.0,0.0
303,10,uncertainty,none,3.0,0.0001,50.0,120.0,single-shot,seed-303_budget-10_strategy-uncertainty_symmetry-none,0.3,0.4,0.1,reused_git_tracked_primary_curve,/content/rl_quantum_2026summer/code/results/completed_experiments/budget_curve_5seed/tables/per_seed_performance_by_acquisition_budget.csv,1f227e7b1fb2cc01da5a39495cdd89665fc6363f02bf0804b4dba07f0b441653,,0.3,0.0,0.10000000000000003,0.1
303,75,random,none,3.0,0.0001,50.0,120.0,single-shot,seed-303_budget-75_strategy-random_symmetry-none,0.3,0.3666666666666666,0.0666666666666666,reused_git_tracked_primary_curve,/content/rl_quantum_2026summer/code/results/completed_experiments/budget_curve_5seed/tables/per_seed_performance_by_acquisition_budget.csv,1f227e7b1fb2cc01da5a39495cdd89665fc6363f02bf0804b4dba07f0b441653,,0.3666666666666666,0.0666666666666666,0.0,0.0
123,25,uncertainty,none,3.0,0.0001,50.0,120.0,single-shot,seed-123_budget-25_strategy-uncertainty_symmetry-none,0.3666666666666666,0.3666666666666666,0.0,reused_git_tracked_primary_curve,/content/rl_quantum_2026summer/code/results/completed_experiments/budget_curve_5seed/tables/per_seed_performance_by_acquisition_budget.csv,1f227e7b1fb2cc01da5a39495cdd89665fc6363f02bf0804b4dba07f0b441653,,0.5666666666666667,0.2,-0.20000000000000007,-0.2
123,10,uncertainty,none,3.0,0.0001,50.0,120.0,single-shot,seed-123_budget-10_strategy-uncertainty_symmetry-none,0.3666666666666666,0.3666666666666666,0.0,reused_git_tracked_primary_curve,/content/rl_quantum_2026summer/code/results/completed_experiments/budget_curve_5seed/tables/per_seed_performance_by_acquisition_budget.csv,1f227e7b1fb2cc01da5a39495cdd89665fc6363f02bf0804b4dba07f0b441653,,0.4666666666666667,0.1,-0.10000000000000009,-0.1
123,10,random,none,3.0,0.0001,50.0,120.0,single-shot,seed-123_budget-10_strategy-random_symmetry-none,0.3666666666666666,0.4666666666666667,0.1,reused_git_tracked_primary_curve,/content/rl_quantum_2026summer/code/results/completed_experiments/budget_curve_5seed/tables/per_seed_performance_by_acquisition_budget.csv,1f227e7b1fb2cc01da5a39495cdd89665fc6363f02bf0804b4dba07f0b441653,,0.4666666666666667,0.1,0.0,0.0
303,75,uncertainty,none,3.0,0.0001,50.0,120.0,single-shot,seed-303_budget-75_strategy-uncertainty_symmetry-none,0.3,0.2,-0.0999999999999999,reused_git_tracked_primary_curve,/content/rl_quantum_2026summer/code/results/completed_experiments/budget_curve_5seed/tables/per_seed_performance_by_acquisition_budget.csv,1f227e7b1fb2cc01da5a39495cdd89665fc6363f02bf0804b4dba07f0b441653,,0.3666666666666666,0.0666666666666666,-0.16666666666666657,-0.1666666666666665
123,75,random,none,3.0,0.0001,50.0,120.0,single-shot,seed-123_budget-75_strategy-random_symmetry-none,0.3666666666666666,0.2666666666666666,-0.0999999999999999,reused_git_tracked_primary_curve,/content/rl_quantum_2026summer/code/results/completed_experiments/budget_curve_5seed/tables/per_seed_performance_by_acquisition_budget.csv,1f227e7b1fb2cc01da5a39495cdd89665fc6363f02bf0804b4dba07f0b441653,,0.2666666666666666,-0.0999999999999999,0.0,0.0
303,25,uncertainty,none,3.0,0.0001,50.0,120.0,single-shot,seed-303_budget-25_strategy-uncertainty_symmetry-none,0.3,0.4333333333333333,0.1333333333333333,reused_git_tracked_primary_curve,/content/rl_quantum_2026summer/code/results/completed_experiments/budget_curve_5seed/tables/per_seed_performance_by_acquisition_budget.csv,1f227e7b1fb2cc01da5a39495cdd89665fc6363f02bf0804b4dba07f0b441653,,0.4,0.1,0.03333333333333327,0.0333333333333333
303,25,random,none,3.0,0.0001,50.0,120.0,single-shot,seed-303_budget-25_strategy-random_symmetry-none,0.3,0.4,0.1,reused_git_tracked_primary_curve,/content/rl_quantum_2026summer/code/results/completed_experiments/budget_curve_5seed/tables/per_seed_performance_by_acquisition_budget.csv,1f227e7b1fb2cc01da5a39495cdd89665fc6363f02bf0804b4dba07f0b441653,,0.4,0.1,0.0,0.0
303,100,random,none,3.0,0.0001,50.0,120.0,single-shot,seed-303_budget-100_strategy-random_symmetry-none,0.3,0.5333333333333333,0.2333333333333333,reused_git_tracked_primary_curve,/content/rl_quantum_2026summer/code/results/completed_experiments/budget_curve_5seed/tables/per_seed_performance_by_acquisition_budget.csv,1f227e7b1fb2cc01da5a39495cdd89665fc6363f02bf0804b4dba07f0b441653,,0.5333333333333333,0.2333333333333333,0.0,0.0
79,100,random,none,3.0,0.0001,50.0,120.0,single-shot,seed-79_budget-100_strategy-random_symmetry-none,0.5666666666666667,0.4666666666666667,-0.0999999999999999,reused_git_tracked_primary_curve,/content/rl_quantum_2026summer/code/results/completed_experiments/budget_curve_5seed/tables/per_seed_performance_by_acquisition_budget.csv,1f227e7b1fb2cc01da5a39495cdd89665fc6363f02bf0804b4dba07f0b441653,,0.4666666666666667,-0.0999999999999999,0.0,0.0
202,10,uncertainty,none,3.0,0.0001,50.0,120.0,single-shot,seed-202_budget-10_strategy-uncertainty_symmetry-none,0.5333333333333333,0.2666666666666666,-0.2666666666666666,reused_git_tracked_primary_curve,/content/rl_quantum_2026summer/code/results/completed_experiments/budget_curve_5seed/tables/per_seed_performance_by_acquisition_budget.csv,1f227e7b1fb2cc01da5a39495cdd89665fc6363f02bf0804b4dba07f0b441653,,0.4333333333333333,-0.0999999999999999,-0.16666666666666669,-0.1666666666666667
42,100,uncertainty_diversity,none,,,,,,003_stage-final_comparison_epoch-3_seed-42_strategy-uncertainty_diversity_lambda-0p5_budget-100,0.3666666666666666,0.4666666666666667,0.1,reused_historical_budget100_endpoint,fixed_protocol_plus_followup,e6a33e559e354386867dc288c5640290aab925e014b70a9e4e64a8cd6705328c,/content/rl_quantum_2026summer/code/results/completed_experiments/endpoint_extension_5seed/tables/per_seed_nonprimary_outcomes.csv,0.6,0.2333333333333333,-0.1333333333333333,-0.1333333333333333
42,100,cluster_quota_uncertainty,none,,,,,,002_stage-final_comparison_epoch-3_seed-42_strategy-cluster_diverse_lambda-0p5_budget-100,0.3666666666666666,0.6333333333333333,0.2666666666666666,reused_historical_budget100_endpoint,fixed_protocol_plus_followup,e6a33e559e354386867dc288c5640290aab925e014b70a9e4e64a8cd6705328c,/content/rl_quantum_2026summer/code/results/completed_experiments/endpoint_extension_5seed/tables/per_seed_nonprimary_outcomes.csv,0.6,0.2333333333333333,0.033333333333333326,0.0333333333333333
42,100,core_set,none,,,,,,004_stage-final_comparison_epoch-3_seed-42_strategy-core_set_lambda-0p5_budget-100,0.3666666666666666,0.4333333333333333,0.0666666666666667,reused_historical_budget100_endpoint,fixed_protocol_plus_followup,e6a33e559e354386867dc288c5640290aab925e014b70a9e4e64a8cd6705328c,/content/rl_quantum_2026summer/code/results/completed_experiments/endpoint_extension_5seed/tables/per_seed_nonprimary_outcomes.csv,0.6,0.2333333333333333,-0.16666666666666669,-0.16666666666666663
79,100,uncertainty_diversity,none,,,,,,008_stage-final_comparison_epoch-3_seed-79_strategy-uncertainty_diversity_lambda-0p5_budget-100,0.5666666666666667,0.5,-0.0666666666666666,reused_historical_budget100_endpoint,fixed_protocol_plus_followup,e6a33e559e354386867dc288c5640290aab925e014b70a9e4e64a8cd6705328c,/content/rl_quantum_2026summer/code/results/completed_experiments/endpoint_extension_5seed/tables/per_seed_nonprimary_outcomes.csv,0.4666666666666667,-0.0999999999999999,0.033333333333333326,0.0333333333333333
79,100,cluster_quota_uncertainty,none,,,,,,007_stage-final_comparison_epoch-3_seed-79_strategy-cluster_diverse_lambda-0p5_budget-100,0.5666666666666667,0.3666666666666666,-0.2,reused_historical_budget100_endpoint,fixed_protocol_plus_followup,e6a33e559e354386867dc288c5640290aab925e014b70a9e4e64a8cd6705328c,/content/rl_quantum_2026summer/code/results/completed_experiments/endpoint_extension_5seed/tables/per_seed_nonprimary_outcomes.csv,0.4666666666666667,-0.0999999999999999,-0.10000000000000009,-0.10000000000000012
79,100,core_set,none,,,,,,009_stage-final_comparison_epoch-3_seed-79_strategy-core_set_lambda-0p5_budget-100,0.5666666666666667,0.3666666666666666,-0.2,reused_historical_budget100_endpoint,fixed_protocol_plus_followup,e6a33e559e354386867dc288c5640290aab925e014b70a9e4e64a8cd6705328c,/content/rl_quantum_2026summer/code/results/completed_experiments/endpoint_extension_5seed/tables/per_seed_nonprimary_outcomes.csv,0.4666666666666667,-0.0999999999999999,-0.10000000000000009,-0.10000000000000012
123,100,uncertainty_diversity,none,,,,,,013_stage-final_comparison_epoch-3_seed-123_strategy-uncertainty_diversity_lambda-0p5_budget-100,0.3666666666666666,0.6666666666666666,0.3,reused_historical_budget100_endpoint,fixed_protocol_plus_followup,e6a33e559e354386867dc288c5640290aab925e014b70a9e4e64a8cd6705328c,/content/rl_quantum_2026summer/code/results/completed_experiments/endpoint_extension_5seed/tables/per_seed_nonprimary_outcomes.csv,0.4666666666666667,0.1,0.19999999999999996,0.19999999999999998
123,100,cluster_quota_uncertainty,none,,,,,,012_stage-final_comparison_epoch-3_seed-123_strategy-cluster_diverse_lambda-0p5_budget-100,0.3666666666666666,0.5666666666666667,0.2,reused_historical_budget100_endpoint,fixed_protocol_plus_followup,e6a33e559e354386867dc288c5640290aab925e014b70a9e4e64a8cd6705328c,/content/rl_quantum_2026summer/code/results/completed_experiments/endpoint_extension_5seed/tables/per_seed_nonprimary_outcomes.csv,0.4666666666666667,0.1,0.09999999999999998,0.1
123,100,core_set,none,,,,,,014_stage-final_comparison_epoch-3_seed-123_strategy-core_set_lambda-0p5_budget-100,0.3666666666666666,0.6333333333333333,0.2666666666666666,reused_historical_budget100_endpoint,fixed_protocol_plus_followup,e6a33e559e354386867dc288c5640290aab925e014b70a9e4e64a8cd6705328c,/content/rl_quantum_2026summer/code/results/completed_experiments/endpoint_extension_5seed/tables/per_seed_nonprimary_outcomes.csv,0.4666666666666667,0.1,0.16666666666666663,0.1666666666666666
202,100,uncertainty_diversity,none,,,,,,followup_seed-202_strategy-uncertainty_diversity,0.5333333333333333,0.4333333333333333,-0.0999999999999999,reused_historical_budget100_endpoint,fixed_protocol_plus_followup,e6a33e559e354386867dc288c5640290aab925e014b70a9e4e64a8cd6705328c,/content/rl_quantum_2026summer/code/results/completed_experiments/endpoint_extension_5seed/tables/per_seed_nonprimary_outcomes.csv,0.4,-0.1333333333333333,0.03333333333333327,0.03333333333333341
202,100,cluster_quota_uncertainty,none,,,,,,followup_seed-202_strategy-cluster_diverse,0.5333333333333333,0.3333333333333333,-0.2,reused_historical_budget100_endpoint,fixed_protocol_plus_followup,e6a33e559e354386867dc288c5640290aab925e014b70a9e4e64a8cd6705328c,/content/rl_quantum_2026summer/code/results/completed_experiments/endpoint_extension_5seed/tables/per_seed_nonprimary_outcomes.csv,0.4,-0.1333333333333333,-0.06666666666666671,-0.06666666666666671
202,100,core_set,none,,,,,,followup_seed-202_strategy-core_set,0.5333333333333333,0.5,-0.0333333333333333,reused_historical_budget100_endpoint,fixed_protocol_plus_followup,e6a33e559e354386867dc288c5640290aab925e014b70a9e4e64a8cd6705328c,/content/rl_quantum_2026summer/code/results/completed_experiments/endpoint_extension_5seed/tables/per_seed_nonprimary_outcomes.csv,0.4,-0.1333333333333333,0.09999999999999998,0.1
303,100,uncertainty_diversity,none,,,,,,followup_seed-303_strategy-uncertainty_diversity,0.3,0.5,0.2,reused_historical_budget100_endpoint,fixed_protocol_plus_followup,e6a33e559e354386867dc288c5640290aab925e014b70a9e4e64a8cd6705328c,/content/rl_quantum_2026summer/code/results/completed_experiments/endpoint_extension_5seed/tables/per_seed_nonprimary_outcomes.csv,0.5333333333333333,0.2333333333333333,-0.033333333333333326,-0.0333333333333333
303,100,cluster_quota_uncertainty,none,,,,,,followup_seed-303_strategy-cluster_diverse,0.3,0.3,0.0,reused_historical_budget100_endpoint,fixed_protocol_plus_followup,e6a33e559e354386867dc288c5640290aab925e014b70a9e4e64a8cd6705328c,/content/rl_quantum_2026summer/code/results/completed_experiments/endpoint_extension_5seed/tables/per_seed_nonprimary_outcomes.csv,0.5333333333333333,0.2333333333333333,-0.23333333333333334,-0.2333333333333333
303,100,core_set,none,,,,,,followup_seed-303_strategy-core_set,0.3,0.1666666666666666,-0.1333333333333333,reused_historical_budget100_endpoint,fixed_protocol_plus_followup,e6a33e559e354386867dc288c5640290aab925e014b70a9e4e64a8cd6705328c,/content/rl_quantum_2026summer/code/results/completed_experiments/endpoint_extension_5seed/tables/per_seed_nonprimary_outcomes.csv,0.5333333333333333,0.2333333333333333,-0.3666666666666667,-0.3666666666666666
42,10,uncertainty_diversity,none,,,,,,seed-42_budget-10_strategy-uncertainty_diversity_symmetry-none,0.4,0.2,-0.2,new_benchmark_run,../results/local_runs/selection_benchmark/stage1_selector_curves_none/jobs/seed-42_budget-10_strategy-uncertainty_diversity_symmetry-none/result.json,be60a9bbf87ab625d116e89739300a76ff286610e8fa917103d80f254b651046,,0.4333333333333333,0.0666666666666667,-0.23333333333333328,-0.2666666666666667
42,10,cluster_quota_uncertainty,none,,,,,,seed-42_budget-10_strategy-cluster_quota_uncertainty_symmetry-none,0.4,0.2666666666666666,-0.1333333333333333,new_benchmark_run,../results/local_runs/selection_benchmark/stage1_selector_curves_none/jobs/seed-42_budget-10_strategy-cluster_quota_uncertainty_symmetry-none/result.json,7cfe20d56beabcecb67d681578b15d353cb398b611754ba22e9364453717ba51,,0.4333333333333333,0.0666666666666667,-0.16666666666666669,-0.2
42,10,core_set,none,,,,,,seed-42_budget-10_strategy-core_set_symmetry-none,0.4,0.3666666666666666,-0.0333333333333333,new_benchmark_run,../results/local_runs/selection_benchmark/stage1_selector_curves_none/jobs/seed-42_budget-10_strategy-core_set_symmetry-none/result.json,e512d014af85442a0d3904e9c7186b5c8846443d9922aaf2d05b8034077ddde8,,0.4333333333333333,0.0666666666666667,-0.06666666666666671,-0.09999999999999999
42,25,uncertainty_diversity,none,,,,,,seed-42_budget-25_strategy-uncertainty_diversity_symmetry-none,0.4,0.3333333333333333,-0.0666666666666667,new_benchmark_run,../results/local_runs/selection_benchmark/stage1_selector_curves_none/jobs/seed-42_budget-25_strategy-uncertainty_diversity_symmetry-none/result.json,d72b30e8e6a3fddcb9624f60b78a23bb44a15479e0bd1ea23e466b4be349d90b,,0.4666666666666667,0.1,-0.13333333333333336,-0.16666666666666669
42,25,cluster_quota_uncertainty,none,,,,,,seed-42_budget-25_strategy-cluster_quota_uncertainty_symmetry-none,0.4,0.1666666666666666,-0.2333333333333333,new_benchmark_run,../results/local_runs/selection_benchmark/stage1_selector_curves_none/jobs/seed-42_budget-25_strategy-cluster_quota_uncertainty_symmetry-none/result.json,89ec682b8cc4cccc941d481ac3638f3ee80ff4abd7b8d49f1d9d1dfaeb511d91,,0.4666666666666667,0.1,-0.30000000000000004,-0.3333333333333333
42,25,core_set,none,,,,,,seed-42_budget-25_strategy-core_set_symmetry-none,0.4,0.2,-0.2,new_benchmark_run,../results/local_runs/selection_benchmark/stage1_selector_curves_none/jobs/seed-42_budget-25_strategy-core_set_symmetry-none/result.json,1bee3bd21e9a2aa519a9f928c01df1b956fb889b8eccdc6c726a5d28f0bef767,,0.4666666666666667,0.1,-0.26666666666666666,-0.30000000000000004
42,50,uncertainty_diversity,none,,,,,,seed-42_budget-50_strategy-uncertainty_diversity_symmetry-none,0.4,0.3,-0.1,new_benchmark_run,../results/local_runs/selection_benchmark/stage1_selector_curves_none/jobs/seed-42_budget-50_strategy-uncertainty_diversity_symmetry-none/result.json,f18657e93f453d58ebd413cac192df0200b025926c6e8b3abd80a935778bbb70,,0.4,0.0333333333333333,-0.10000000000000003,-0.1333333333333333
42,50,cluster_quota_uncertainty,none,,,,,,seed-42_budget-50_strategy-cluster_quota_uncertainty_symmetry-none,0.4,0.5,0.0999999999999999,new_benchmark_run,../results/local_runs/selection_benchmark/stage1_selector_curves_none/jobs/seed-42_budget-50_strategy-cluster_quota_uncertainty_symmetry-none/result.json,36f3bda24a1b06ff07b9ac1ddfcbe283ebcba47e1bad9c5c089da7f966940e7b,,0.4,0.0333333333333333,0.09999999999999998,0.0666666666666666
42,50,core_set,none,,,,,,seed-42_budget-50_strategy-core_set_symmetry-none,0.4,0.2666666666666666,-0.1333333333333333,new_benchmark_run,../results/local_runs/selection_benchmark/stage1_selector_curves_none/jobs/seed-42_budget-50_strategy-core_set_symmetry-none/result.json,6f47254c762f38100f09dd001e5af70bc34eff672ee51f198f9e6cfaa30bd16a,,0.4,0.0333333333333333,-0.13333333333333341,-0.1666666666666666
42,75,uncertainty_diversity,none,,,,,,seed-42_budget-75_strategy-uncertainty_diversity_symmetry-none,0.4,0.3,-0.1,new_benchmark_run,../results/local_runs/selection_benchmark/stage1_selector_curves_none/jobs/seed-42_budget-75_strategy-uncertainty_diversity_symmetry-none/result.json,152acdc52d62b6ea7a9f85417ed7969d1b071345016a1f2691cdd61213abe693,,0.2666666666666666,-0.0999999999999999,0.03333333333333338,-1.1102230246251565e-16
42,75,cluster_quota_uncertainty,none,,,,,,seed-42_budget-75_strategy-cluster_quota_uncertainty_symmetry-none,0.4,0.3666666666666666,-0.0333333333333333,new_benchmark_run,../results/local_runs/selection_benchmark/stage1_selector_curves_none/jobs/seed-42_budget-75_strategy-cluster_quota_uncertainty_symmetry-none/result.json,ce9050910ab41fe005b77ea52472e078436d4e1c3ad0c993d602f6e47ff420af,,0.2666666666666666,-0.0999999999999999,0.09999999999999998,0.0666666666666666
42,75,core_set,none,,,,,,seed-42_budget-75_strategy-core_set_symmetry-none,0.4,0.3666666666666666,-0.0333333333333333,new_benchmark_run,../results/local_runs/selection_benchmark/stage1_selector_curves_none/jobs/seed-42_budget-75_strategy-core_set_symmetry-none/result.json,81f979df8bce7da08e86d58b51962744af370844f7e5ba5c967651bf944f69fe,,0.2666666666666666,-0.0999999999999999,0.09999999999999998,0.0666666666666666
79,10,uncertainty_diversity,none,,,,,,seed-79_budget-10_strategy-uncertainty_diversity_symmetry-none,0.2333333333333333,0.2,-0.0333333333333333,new_benchmark_run,../results/local_runs/selection_benchmark/stage1_selector_curves_none/jobs/seed-79_budget-10_strategy-uncertainty_diversity_symmetry-none/result.json,75be92a9851628393e667533ec6f40b330428fb04edcc62ff30371e93fe21171,,0.4333333333333333,-0.1333333333333333,-0.23333333333333328,0.1
79,10,cluster_quota_uncertainty,none,,,,,,seed-79_budget-10_strategy-cluster_quota_uncertainty_symmetry-none,0.2333333333333333,0.3666666666666666,0.1333333333333333,new_benchmark_run,../results/local_runs/selection_benchmark/stage1_selector_curves_none/jobs/seed-79_budget-10_strategy-cluster_quota_uncertainty_symmetry-none/result.json,0d4098743a54cee2fa7eda917ea8cbe64517cf8eae9b9d9025253404462d389b,,0.4333333333333333,-0.1333333333333333,-0.06666666666666671,0.2666666666666666
79,10,core_set,none,,,,,,seed-79_budget-10_strategy-core_set_symmetry-none,0.2333333333333333,0.3666666666666666,0.1333333333333333,new_benchmark_run,../results/local_runs/selection_benchmark/stage1_selector_curves_none/jobs/seed-79_budget-10_strategy-core_set_symmetry-none/result.json,85e0022a3a92cc061a68f4e59cfaddc304edc6ecdd8091666313ffc073a8c46d,,0.4333333333333333,-0.1333333333333333,-0.06666666666666671,0.2666666666666666
79,25,uncertainty_diversity,none,,,,,,seed-79_budget-25_strategy-uncertainty_diversity_symmetry-none,0.2333333333333333,0.4,0.1666666666666666,new_benchmark_run,../results/local_runs/selection_benchmark/stage1_selector_curves_none/jobs/seed-79_budget-25_strategy-uncertainty_diversity_symmetry-none/result.json,39896fb76e0adef99529f171315a03d5f634cecbb07869e36d28f59d5acf4e13,,0.2333333333333333,-0.3333333333333333,0.1666666666666667,0.4999999999999999
79,25,cluster_quota_uncertainty,none,,,,,,seed-79_budget-25_strategy-cluster_quota_uncertainty_symmetry-none,0.2333333333333333,0.3666666666666666,0.1333333333333333,new_benchmark_run,../results/local_runs/selection_benchmark/stage1_selector_curves_none/jobs/seed-79_budget-25_strategy-cluster_quota_uncertainty_symmetry-none/result.json,a457d19e4b85c90d37f94c460e18ebf31dc0a3ff02b2897f9e1d516daae25c84,,0.2333333333333333,-0.3333333333333333,0.13333333333333328,0.4666666666666666
79,25,core_set,none,,,,,,seed-79_budget-25_strategy-core_set_symmetry-none,0.2333333333333333,0.4,0.1666666666666666,new_benchmark_run,../results/local_runs/selection_benchmark/stage1_selector_curves_none/jobs/seed-79_budget-25_strategy-core_set_symmetry-none/result.json,a94116f37ffc320adc6568b01c976cce2b0fdfda63c9f2402b79b5fbda3768e9,,0.2333333333333333,-0.3333333333333333,0.1666666666666667,0.4999999999999999
79,50,uncertainty_diversity,none,,,,,,seed-79_budget-50_strategy-uncertainty_diversity_symmetry-none,0.2333333333333333,0.4,0.1666666666666666,new_benchmark_run,../results/local_runs/selection_benchmark/stage1_selector_curves_none/jobs/seed-79_budget-50_strategy-uncertainty_diversity_symmetry-none/result.json,fc134348ef47f4df57d5adce4488978064d78d4ca62e9d98f69ec990208d8751,,0.4333333333333333,-0.1333333333333333,-0.03333333333333327,0.29999999999999993
79,50,cluster_quota_uncertainty,none,,,,,,seed-79_budget-50_strategy-cluster_quota_uncertainty_symmetry-none,0.2333333333333333,0.6,0.3666666666666666,new_benchmark_run,../results/local_runs/selection_benchmark/stage1_selector_curves_none/jobs/seed-79_budget-50_strategy-cluster_quota_uncertainty_symmetry-none/result.json,ae4221e80b18b15fa0154bb11f5c02fe929dd50240f180ceb8635722c6308028,,0.4333333333333333,-0.1333333333333333,0.16666666666666669,0.4999999999999999
79,50,core_set,none,,,,,,seed-79_budget-50_strategy-core_set_symmetry-none,0.2333333333333333,0.2333333333333333,0.0,new_benchmark_run,../results/local_runs/selection_benchmark/stage1_selector_curves_none/jobs/seed-79_budget-50_strategy-core_set_symmetry-none/result.json,471fec6faf1cb374264114f7ede0df0800d6c20d9dd34b8edc61242543863cb7,,0.4333333333333333,-0.1333333333333333,-0.19999999999999998,0.1333333333333333
79,75,uncertainty_diversity,none,,,,,,seed-79_budget-75_strategy-uncertainty_diversity_symmetry-none,0.2333333333333333,0.6333333333333333,0.3999999999999999,new_benchmark_run,../results/local_runs/selection_benchmark/stage1_selector_curves_none/jobs/seed-79_budget-75_strategy-uncertainty_diversity_symmetry-none/result.json,25c394272e641bc8296ad6dadb593f22b0b6295fcc63fb8ac745566e81522715,,0.2666666666666666,-0.3,0.3666666666666667,0.7
79,75,cluster_quota_uncertainty,none,,,,,,seed-79_budget-75_strategy-cluster_quota_uncertainty_symmetry-none,0.2333333333333333,0.2333333333333333,0.0,new_benchmark_run,../results/local_runs/selection_benchmark/stage1_selector_curves_none/jobs/seed-79_budget-75_strategy-cluster_quota_uncertainty_symmetry-none/result.json,1335d43ce8ff751a5e4498bc4ce53d8a4f9ea707b0152efe421b9a980c2820b6,,0.2666666666666666,-0.3,-0.0333333333333333,0.3
79,75,core_set,none,,,,,,seed-79_budget-75_strategy-core_set_symmetry-none,0.2333333333333333,0.4,0.1666666666666666,new_benchmark_run,../results/local_runs/selection_benchmark/stage1_selector_curves_none/jobs/seed-79_budget-75_strategy-core_set_symmetry-none/result.json,22ab04465ff7018a0abfe064354ce36345f6a3ce768d68892bbc99e931a51b7d,,0.2666666666666666,-0.3,0.13333333333333341,0.46666666666666656
123,10,uncertainty_diversity,none,,,,,,seed-123_budget-10_strategy-uncertainty_diversity_symmetry-none,0.3666666666666666,0.2333333333333333,-0.1333333333333333,new_benchmark_run,../results/local_runs/selection_benchmark/stage1_selector_curves_none/jobs/seed-123_budget-10_strategy-uncertainty_diversity_symmetry-none/result.json,e34abcf66bf762c3c30b8615016f4aa42ca8532525a2542c496c76c2fe602f4f,,0.4666666666666667,0.1,-0.23333333333333336,-0.2333333333333333
123,10,cluster_quota_uncertainty,none,,,,,,seed-123_budget-10_strategy-cluster_quota_uncertainty_symmetry-none,0.3666666666666666,0.4,0.0333333333333333,new_benchmark_run,../results/local_runs/selection_benchmark/stage1_selector_curves_none/jobs/seed-123_budget-10_strategy-cluster_quota_uncertainty_symmetry-none/result.json,69fcb4e19e10cc526ab87e2dddfb1b64a34c04c03cbff220140d3b67235a983e,,0.4666666666666667,0.1,-0.06666666666666665,-0.06666666666666671
123,10,core_set,none,,,,,,seed-123_budget-10_strategy-core_set_symmetry-none,0.3666666666666666,0.1666666666666666,-0.1999999999999999,new_benchmark_run,../results/local_runs/selection_benchmark/stage1_selector_curves_none/jobs/seed-123_budget-10_strategy-core_set_symmetry-none/result.json,28cddc0c5b7ae7cc28c094f656080d90aa041bf46b053419171cf2a8634990e6,,0.4666666666666667,0.1,-0.30000000000000004,-0.29999999999999993
123,25,uncertainty_diversity,none,,,,,,seed-123_budget-25_strategy-uncertainty_diversity_symmetry-none,0.3666666666666666,0.7,0.3333333333333333,new_benchmark_run,../results/local_runs/selection_benchmark/stage1_selector_curves_none/jobs/seed-123_budget-25_strategy-uncertainty_diversity_symmetry-none/result.json,eecc9dac0dc790349f39fe746f0594f210610c3443417d9035db4773cf4e7c33,,0.5666666666666667,0.2,0.1333333333333333,0.1333333333333333
123,25,cluster_quota_uncertainty,none,,,,,,seed-123_budget-25_strategy-cluster_quota_uncertainty_symmetry-none,0.3666666666666666,0.5666666666666667,0.2,new_benchmark_run,../results/local_runs/selection_benchmark/stage1_selector_curves_none/jobs/seed-123_budget-25_strategy-cluster_quota_uncertainty_symmetry-none/result.json,a890a00b55d530f685f078fa4260c71c291d047226ac4d32ac2d90fb1ab81e66,,0.5666666666666667,0.2,0.0,0.0
123,25,core_set,none,,,,,,seed-123_budget-25_strategy-core_set_symmetry-none,0.3666666666666666,0.2,-0.1666666666666666,new_benchmark_run,../results/local_runs/selection_benchmark/stage1_selector_curves_none/jobs/seed-123_budget-25_strategy-core_set_symmetry-none/result.json,d690b2d39e636d47f07fa5a2c5ab8aceaa50d4cda50db75374d0d1d4cead06a9,,0.5666666666666667,0.2,-0.36666666666666664,-0.3666666666666666
123,50,uncertainty_diversity,none,,,,,,seed-123_budget-50_strategy-uncertainty_diversity_symmetry-none,0.3666666666666666,0.4666666666666667,0.1,new_benchmark_run,../results/local_runs/selection_benchmark/stage1_selector_curves_none/jobs/seed-123_budget-50_strategy-uncertainty_diversity_symmetry-none/result.json,c226cb18e83ab6a3f0648348db24a320a7f75d3acc3d44e571040f37a012da3a,,0.1333333333333333,-0.2333333333333333,0.33333333333333337,0.3333333333333333
123,50,cluster_quota_uncertainty,none,,,,,,seed-123_budget-50_strategy-cluster_quota_uncertainty_symmetry-none,0.3666666666666666,0.2666666666666666,-0.0999999999999999,new_benchmark_run,../results/local_runs/selection_benchmark/stage1_selector_curves_none/jobs/seed-123_budget-50_strategy-cluster_quota_uncertainty_symmetry-none/result.json,1d41e7e0b8c581eb716e6ae90456261dec5780306d469a3da54269b2a06ed3f7,,0.1333333333333333,-0.2333333333333333,0.1333333333333333,0.13333333333333341
123,50,core_set,none,,,,,,seed-123_budget-50_strategy-core_set_symmetry-none,0.3666666666666666,0.4,0.0333333333333333,new_benchmark_run,../results/local_runs/selection_benchmark/stage1_selector_curves_none/jobs/seed-123_budget-50_strategy-core_set_symmetry-none/result.json,12e20f98e463bf730b2ae68c13ed0f9652755fb79b7e4ff816930a1b05206542,,0.1333333333333333,-0.2333333333333333,0.2666666666666667,0.2666666666666666
123,75,uncertainty_diversity,none,,,,,,seed-123_budget-75_strategy-uncertainty_diversity_symmetry-none,0.3666666666666666,0.5333333333333333,0.1666666666666666,new_benchmark_run,../results/local_runs/selection_benchmark/stage1_selector_curves_none/jobs/seed-123_budget-75_strategy-uncertainty_diversity_symmetry-none/result.json,8c15824f2ed467ed1a2499d3f2b79a5be2953f1e047661ee4287961a492ef46d,,0.2666666666666666,-0.0999999999999999,0.2666666666666667,0.2666666666666665
123,75,cluster_quota_uncertainty,none,,,,,,seed-123_budget-75_strategy-cluster_quota_uncertainty_symmetry-none,0.3666666666666666,0.1666666666666666,-0.1999999999999999,new_benchmark_run,../results/local_runs/selection_benchmark/stage1_selector_curves_none/jobs/seed-123_budget-75_strategy-cluster_quota_uncertainty_symmetry-none/result.json,9bff9ecec158fa5025ee38e064988503cb292975b0113667cb0eb51085998fca,,0.2666666666666666,-0.0999999999999999,-0.1,-0.1
123,75,core_set,none,,,,,,seed-123_budget-75_strategy-core_set_symmetry-none,0.3666666666666666,0.4666666666666667,0.1,new_benchmark_run,../results/local_runs/selection_benchmark/stage1_selector_curves_none/jobs/seed-123_budget-75_strategy-core_set_symmetry-none/result.json,3893baa4bc853bf64aed257c2961910a7c5e61a6ca5aeee1dd398f7e44a48c6a,,0.2666666666666666,-0.0999999999999999,0.20000000000000007,0.1999999999999999
202,10,uncertainty_diversity,none,,,,,,seed-202_budget-10_strategy-uncertainty_diversity_symmetry-none,0.4333333333333333,0.5333333333333333,0.0999999999999999,new_benchmark_run,../results/local_runs/selection_benchmark/stage1_selector_curves_none/jobs/seed-202_budget-10_strategy-uncertainty_diversity_symmetry-none/result.json,35fc5ba1b2061739d12a68d6e9d8f19c0c2c3f46555f909677073b6177548236,,0.4333333333333333,-0.0999999999999999,0.10000000000000003,0.1999999999999998
202,10,cluster_quota_uncertainty,none,,,,,,seed-202_budget-10_strategy-cluster_quota_uncertainty_symmetry-none,0.4333333333333333,0.2666666666666666,-0.1666666666666666,new_benchmark_run,../results/local_runs/selection_benchmark/stage1_selector_curves_none/jobs/seed-202_budget-10_strategy-cluster_quota_uncertainty_symmetry-none/result.json,b0c8ad6207e8e05cec49c7b4bdcbbcee5843a2143a8d9f2fe3d6577748815658,,0.4333333333333333,-0.0999999999999999,-0.16666666666666669,-0.06666666666666671
202,10,core_set,none,,,,,,seed-202_budget-10_strategy-core_set_symmetry-none,0.4333333333333333,0.4666666666666667,0.0333333333333333,new_benchmark_run,../results/local_runs/selection_benchmark/stage1_selector_curves_none/jobs/seed-202_budget-10_strategy-core_set_symmetry-none/result.json,dfb34a599263d1b2c3f2239b6bc935fd8c59bd7d9d41f8ea65fae279c36fe7e6,,0.4333333333333333,-0.0999999999999999,0.03333333333333338,0.1333333333333332
202,25,uncertainty_diversity,none,,,,,,seed-202_budget-25_strategy-uncertainty_diversity_symmetry-none,0.4333333333333333,0.4,-0.0333333333333333,new_benchmark_run,../results/local_runs/selection_benchmark/stage1_selector_curves_none/jobs/seed-202_budget-25_strategy-uncertainty_diversity_symmetry-none/result.json,7ea1edf22de60d0860272c1614cb5e66f6e1dce7439845c1850ae4ed6cdc565f,,0.5,-0.0333333333333333,-0.09999999999999998,0.0
202,25,cluster_quota_uncertainty,none,,,,,,seed-202_budget-25_strategy-cluster_quota_uncertainty_symmetry-none,0.4333333333333333,0.5666666666666667,0.1333333333333333,new_benchmark_run,../results/local_runs/selection_benchmark/stage1_selector_curves_none/jobs/seed-202_budget-25_strategy-cluster_quota_uncertainty_symmetry-none/result.json,d9e0c166ef603d5920f3e4c67a9ed0608e536513f5e7a6b2d026a17eecdb5746,,0.5,-0.0333333333333333,0.06666666666666665,0.1666666666666666
202,25,core_set,none,,,,,,seed-202_budget-25_strategy-core_set_symmetry-none,0.4333333333333333,0.5,0.0666666666666666,new_benchmark_run,../results/local_runs/selection_benchmark/stage1_selector_curves_none/jobs/seed-202_budget-25_strategy-core_set_symmetry-none/result.json,da1744802941e33a17af3920696027c0675c69ecb45fce9dd7f2c347493d3364,,0.5,-0.0333333333333333,0.0,0.0999999999999999
202,50,uncertainty_diversity,none,,,,,,seed-202_budget-50_strategy-uncertainty_diversity_symmetry-none,0.4333333333333333,0.3333333333333333,-0.1,new_benchmark_run,../results/local_runs/selection_benchmark/stage1_selector_curves_none/jobs/seed-202_budget-50_strategy-uncertainty_diversity_symmetry-none/result.json,fac7d58b0e5ff20934c42319233d2b3f26b8a02de121a89be43a2345680e5938,,0.3333333333333333,-0.2,0.0,0.1
202,50,cluster_quota_uncertainty,none,,,,,,seed-202_budget-50_strategy-cluster_quota_uncertainty_symmetry-none,0.4333333333333333,0.4333333333333333,0.0,new_benchmark_run,../results/local_runs/selection_benchmark/stage1_selector_curves_none/jobs/seed-202_budget-50_strategy-cluster_quota_uncertainty_symmetry-none/result.json,ddb32314ca65faadbaf5e8f5c7829021dd8a57fa357aef34c1309239be21e17d,,0.3333333333333333,-0.2,0.09999999999999998,0.2
202,50,core_set,none,,,,,,seed-202_budget-50_strategy-core_set_symmetry-none,0.4333333333333333,0.3666666666666666,-0.0666666666666667,new_benchmark_run,../results/local_runs/selection_benchmark/stage1_selector_curves_none/jobs/seed-202_budget-50_strategy-core_set_symmetry-none/result.json,078dcc3c6ee8f7425b7cbe5bb8bad843d1670121b7dcf9cf673c5016312d7301,,0.3333333333333333,-0.2,0.03333333333333327,0.1333333333333333
202,75,uncertainty_diversity,none,,,,,,seed-202_budget-75_strategy-uncertainty_diversity_symmetry-none,0.4333333333333333,0.5666666666666667,0.1333333333333333,new_benchmark_run,../results/local_runs/selection_benchmark/stage1_selector_curves_none/jobs/seed-202_budget-75_strategy-uncertainty_diversity_symmetry-none/result.json,dc8c00209dd83215ac9e2ff2883b9b5e0ce5856fee5dc09d7e385ffa420d5109,,0.3,-0.2333333333333333,0.26666666666666666,0.3666666666666666
202,75,cluster_quota_uncertainty,none,,,,,,seed-202_budget-75_strategy-cluster_quota_uncertainty_symmetry-none,0.4333333333333333,0.6666666666666666,0.2333333333333332,new_benchmark_run,../results/local_runs/selection_benchmark/stage1_selector_curves_none/jobs/seed-202_budget-75_strategy-cluster_quota_uncertainty_symmetry-none/result.json,fc38bf2cccb3dc19e05e0881ac4d8d4db523df435caa2d412b2932f5e5898363,,0.3,-0.2333333333333333,0.36666666666666664,0.4666666666666665
202,75,core_set,none,,,,,,seed-202_budget-75_strategy-core_set_symmetry-none,0.4333333333333333,0.3666666666666666,-0.0666666666666667,new_benchmark_run,../results/local_runs/selection_benchmark/stage1_selector_curves_none/jobs/seed-202_budget-75_strategy-core_set_symmetry-none/result.json,579567af99ba3d6e8daba2aa22b20e7e26ffa0f61d35f285b0307a2b28ef3ef4,,0.3,-0.2333333333333333,0.0666666666666666,0.16666666666666663
303,10,uncertainty_diversity,none,,,,,,seed-303_budget-10_strategy-uncertainty_diversity_symmetry-none,0.3,0.5333333333333333,0.2333333333333333,new_benchmark_run,../results/local_runs/selection_benchmark/stage1_selector_curves_none/jobs/seed-303_budget-10_strategy-uncertainty_diversity_symmetry-none/result.json,dd9ef280e979b1b1cb75de4c7e0909ebba3a2671db53a030c646533d9ea5d34f,,0.3,0.0,0.23333333333333334,0.2333333333333333
303,10,cluster_quota_uncertainty,none,,,,,,seed-303_budget-10_strategy-cluster_quota_uncertainty_symmetry-none,0.3,0.5,0.2,new_benchmark_run,../results/local_runs/selection_benchmark/stage1_selector_curves_none/jobs/seed-303_budget-10_strategy-cluster_quota_uncertainty_symmetry-none/result.json,bd614da9d054c98b7cb1ab2fd9c990096824f54f189bf091381208c96b1b6c95,,0.3,0.0,0.2,0.2
303,10,core_set,none,,,,,,seed-303_budget-10_strategy-core_set_symmetry-none,0.3,0.1666666666666666,-0.1333333333333333,new_benchmark_run,../results/local_runs/selection_benchmark/stage1_selector_curves_none/jobs/seed-303_budget-10_strategy-core_set_symmetry-none/result.json,23022e3539e09bc724faffa9ccf0073936abfe3743e5aa1d68e63acf9e6d35cc,,0.3,0.0,-0.1333333333333334,-0.1333333333333333
303,25,uncertainty_diversity,none,,,,,,seed-303_budget-25_strategy-uncertainty_diversity_symmetry-none,0.3,0.1,-0.1999999999999999,new_benchmark_run,../results/local_runs/selection_benchmark/stage1_selector_curves_none/jobs/seed-303_budget-25_strategy-uncertainty_diversity_symmetry-none/result.json,f1f1c3c801bcf1eefaebacd2bedebb9d031f027f7070a03da2baedc2d1d9eacd,,0.4,0.1,-0.30000000000000004,-0.29999999999999993
303,25,cluster_quota_uncertainty,none,,,,,,seed-303_budget-25_strategy-cluster_quota_uncertainty_symmetry-none,0.3,0.2333333333333333,-0.0666666666666666,new_benchmark_run,../results/local_runs/selection_benchmark/stage1_selector_curves_none/jobs/seed-303_budget-25_strategy-cluster_quota_uncertainty_symmetry-none/result.json,50467e4d23cb0d8a5432e3838c838b56ef272ae846c4a98169d3db43af4e6142,,0.4,0.1,-0.1666666666666667,-0.1666666666666666
303,25,core_set,none,,,,,,seed-303_budget-25_strategy-core_set_symmetry-none,0.3,0.4333333333333333,0.1333333333333333,new_benchmark_run,../results/local_runs/selection_benchmark/stage1_selector_curves_none/jobs/seed-303_budget-25_strategy-core_set_symmetry-none/result.json,174106c5d6cb8ab1517d730f19c4489d08c8ba4d510baa85282a6f6e2a8ae92c,,0.4,0.1,0.03333333333333327,0.0333333333333333
303,50,uncertainty_diversity,none,,,,,,seed-303_budget-50_strategy-uncertainty_diversity_symmetry-none,0.3,0.4,0.1,new_benchmark_run,../results/local_runs/selection_benchmark/stage1_selector_curves_none/jobs/seed-303_budget-50_strategy-uncertainty_diversity_symmetry-none/result.json,dae4e2d43d7f2919820a24c8543b1192e8bf678404a63345cf77eeb018eee0ba,,0.3333333333333333,0.0333333333333333,0.06666666666666671,0.06666666666666671
303,50,cluster_quota_uncertainty,none,,,,,,seed-303_budget-50_strategy-cluster_quota_uncertainty_symmetry-none,0.3,0.5,0.2,new_benchmark_run,../results/local_runs/selection_benchmark/stage1_selector_curves_none/jobs/seed-303_budget-50_strategy-cluster_quota_uncertainty_symmetry-none/result.json,2992d0cff798f1bb8fe9a9429f23c269314f3594e9d4fc15730c051b999de14a,,0.3333333333333333,0.0333333333333333,0.16666666666666669,0.1666666666666667
303,50,core_set,none,,,,,,seed-303_budget-50_strategy-core_set_symmetry-none,0.3,0.5,0.2,new_benchmark_run,../results/local_runs/selection_benchmark/stage1_selector_curves_none/jobs/seed-303_budget-50_strategy-core_set_symmetry-none/result.json,16d34f7638d70a55e6d1c4ced0c51d5cd2e566e6cafd9e322723e995d06225be,,0.3333333333333333,0.0333333333333333,0.16666666666666669,0.1666666666666667
303,75,uncertainty_diversity,none,,,,,,seed-303_budget-75_strategy-uncertainty_diversity_symmetry-none,0.3,0.5333333333333333,0.2333333333333333,new_benchmark_run,../results/local_runs/selection_benchmark/stage1_selector_curves_none/jobs/seed-303_budget-75_strategy-uncertainty_diversity_symmetry-none/result.json,e388f9fa200cef1e30d033c8a10b5040ba0fa8a407a9123a38df3092b9a33346,,0.3666666666666666,0.0666666666666666,0.16666666666666674,0.1666666666666667
303,75,cluster_quota_uncertainty,none,,,,,,seed-303_budget-75_strategy-cluster_quota_uncertainty_symmetry-none,0.3,0.6,0.3,new_benchmark_run,../results/local_runs/selection_benchmark/stage1_selector_curves_none/jobs/seed-303_budget-75_strategy-cluster_quota_uncertainty_symmetry-none/result.json,6ca4850fcccc29d09aa6b939b9e9eb6306abdc83496171ff3a1931e7c8b4a845,,0.3666666666666666,0.0666666666666666,0.2333333333333334,0.2333333333333334
303,75,core_set,none,,,,,,seed-303_budget-75_strategy-core_set_symmetry-none,0.3,0.5,0.2,new_benchmark_run,../results/local_runs/selection_benchmark/stage1_selector_curves_none/jobs/seed-303_budget-75_strategy-core_set_symmetry-none/result.json,97fbfedb52e817243df2228ba1dffabf246e94ae3b8758dba730b7145060c5f2,,0.3666666666666666,0.0666666666666666,0.13333333333333341,0.13333333333333341
42,10,random,left_half_mirror,,,,,,seed-42_budget-10_strategy-random_symmetry-left_half_mirror,0.6,0.36666666666666664,-0.23333333333333334,new_benchmark_run,../results/local_runs/selection_benchmark/stage2_symmetry_factorial/jobs/seed-42_budget-10_strategy-random_symmetry-left_half_mirror/result.json,6588e8577bcae99c27d09318b76a25eb400578fd2a4aee06c5d90069f698c0e3,,0.36666666666666664,-0.23333333333333334,0.0,0.0
42,10,random,symmetric_average,,,,,,seed-42_budget-10_strategy-random_symmetry-symmetric_average,0.43333333333333335,0.4,-0.033333333333333326,new_benchmark_run,../results/local_runs/selection_benchmark/stage2_symmetry_factorial/jobs/seed-42_budget-10_strategy-random_symmetry-symmetric_average/result.json,cde543ef378a727f62f5870cfeed87f71c021147685df98c75888d2191f7399d,,0.4,-0.033333333333333326,0.0,0.0
42,10,uncertainty,left_half_mirror,,,,,,seed-42_budget-10_strategy-uncertainty_symmetry-left_half_mirror,0.6,0.5666666666666667,-0.033333333333333326,new_benchmark_run,../results/local_runs/selection_benchmark/stage2_symmetry_factorial/jobs/seed-42_budget-10_strategy-uncertainty_symmetry-left_half_mirror/result.json,acc6a6c5263cec796aaf1134efb1dcd188a4657c398c841b989397b7a02aa392,,0.36666666666666664,-0.23333333333333334,0.2,0.2
42,10,uncertainty,symmetric_average,,,,,,seed-42_budget-10_strategy-uncertainty_symmetry-symmetric_average,0.43333333333333335,0.4,-0.033333333333333326,new_benchmark_run,../results/local_runs/selection_benchmark/stage2_symmetry_factorial/jobs/seed-42_budget-10_strategy-uncertainty_symmetry-symmetric_average/result.json,e0c96c8fc710a71b687dff3f51ad6ea3f2471070594e6960c1d2a5e2b56050bc,,0.4,-0.033333333333333326,0.0,0.0
42,10,uncertainty_diversity,left_half_mirror,,,,,,seed-42_budget-10_strategy-uncertainty_diversity_symmetry-left_half_mirror,0.6,0.4,-0.19999999999999996,new_benchmark_run,../results/local_runs/selection_benchmark/stage2_symmetry_factorial/jobs/seed-42_budget-10_strategy-uncertainty_diversity_symmetry-left_half_mirror/result.json,9c4de53746fd16ad9fe381ec3f3aee75e77542d2fc1026c2ef3e9ddfbd8f187a,,0.36666666666666664,-0.23333333333333334,0.03333333333333338,0.03333333333333338
42,10,uncertainty_diversity,symmetric_average,,,,,,seed-42_budget-10_strategy-uncertainty_diversity_symmetry-symmetric_average,0.43333333333333335,0.36666666666666664,-0.06666666666666671,new_benchmark_run,../results/local_runs/selection_benchmark/stage2_symmetry_factorial/jobs/seed-42_budget-10_strategy-uncertainty_diversity_symmetry-symmetric_average/result.json,2c4daf7853a5b51e67271e4aa7f3c494de1c5148284ee8ce2464adc49e4c8ff3,,0.4,-0.033333333333333326,-0.03333333333333338,-0.03333333333333338
42,10,cluster_quota_uncertainty,left_half_mirror,,,,,,seed-42_budget-10_strategy-cluster_quota_uncertainty_symmetry-left_half_mirror,0.6,0.6,0.0,new_benchmark_run,../results/local_runs/selection_benchmark/stage2_symmetry_factorial/jobs/seed-42_budget-10_strategy-cluster_quota_uncertainty_symmetry-left_half_mirror/result.json,877697ef69efab550e9e519963a2c195c2f336590588bad13523f673b57d5422,,0.36666666666666664,-0.23333333333333334,0.23333333333333334,0.23333333333333334
42,10,cluster_quota_uncertainty,symmetric_average,,,,,,seed-42_budget-10_strategy-cluster_quota_uncertainty_symmetry-symmetric_average,0.43333333333333335,0.26666666666666666,-0.16666666666666669,new_benchmark_run,../results/local_runs/selection_benchmark/stage2_symmetry_factorial/jobs/seed-42_budget-10_strategy-cluster_quota_uncertainty_symmetry-symmetric_average/result.json,742b9646a00b4556780962cdd302f7a0422198c749428affdcd548af6c018f90,,0.4,-0.033333333333333326,-0.13333333333333336,-0.13333333333333336
42,10,core_set,left_half_mirror,,,,,,seed-42_budget-10_strategy-core_set_symmetry-left_half_mirror,0.6,0.4666666666666667,-0.1333333333333333,new_benchmark_run,../results/local_runs/selection_benchmark/stage2_symmetry_factorial/jobs/seed-42_budget-10_strategy-core_set_symmetry-left_half_mirror/result.json,9ef9aaf31e12d263c4ec55b3828a6a7bd685fffd49b8f6aec26b6b7759215f4d,,0.36666666666666664,-0.23333333333333334,0.10000000000000003,0.10000000000000003
42,10,core_set,symmetric_average,,,,,,seed-42_budget-10_strategy-core_set_symmetry-symmetric_average,0.43333333333333335,0.4666666666666667,0.033333333333333326,new_benchmark_run,../results/local_runs/selection_benchmark/stage2_symmetry_factorial/jobs/seed-42_budget-10_strategy-core_set_symmetry-symmetric_average/result.json,aed2176f826d083684b50bfa9b9976b40dd4f20d98f26b2b0a7c0638e46c19d9,,0.4,-0.033333333333333326,0.06666666666666665,0.06666666666666665
42,25,random,left_half_mirror,,,,,,seed-42_budget-25_strategy-random_symmetry-left_half_mirror,0.6,0.5333333333333333,-0.06666666666666665,new_benchmark_run,../results/local_runs/selection_benchmark/stage2_symmetry_factorial/jobs/seed-42_budget-25_strategy-random_symmetry-left_half_mirror/result.json,a464a32a50bb1ddbe6b82685253e469801eeeca5b36ed3dd6ad727bac0ae984f,,0.5333333333333333,-0.06666666666666665,0.0,0.0
42,25,random,symmetric_average,,,,,,seed-42_budget-25_strategy-random_symmetry-symmetric_average,0.43333333333333335,0.6333333333333333,0.19999999999999996,new_benchmark_run,../results/local_runs/selection_benchmark/stage2_symmetry_factorial/jobs/seed-42_budget-25_strategy-random_symmetry-symmetric_average/result.json,b35bb4aac5fb3f1bcce329274eb9c21dd4f7007f1660fe44d875a883594257e4,,0.6333333333333333,0.19999999999999996,0.0,0.0
42,25,uncertainty,left_half_mirror,,,,,,seed-42_budget-25_strategy-uncertainty_symmetry-left_half_mirror,0.6,0.5,-0.09999999999999998,new_benchmark_run,../results/local_runs/selection_benchmark/stage2_symmetry_factorial/jobs/seed-42_budget-25_strategy-uncertainty_symmetry-left_half_mirror/result.json,4b0f79bcef4ea384198908cdb01ee1612680f286697c2594788c59a0ea8e9344,,0.5333333333333333,-0.06666666666666665,-0.033333333333333326,-0.033333333333333326
42,25,uncertainty,symmetric_average,,,,,,seed-42_budget-25_strategy-uncertainty_symmetry-symmetric_average,0.43333333333333335,0.36666666666666664,-0.06666666666666671,new_benchmark_run,../results/local_runs/selection_benchmark/stage2_symmetry_factorial/jobs/seed-42_budget-25_strategy-uncertainty_symmetry-symmetric_average/result.json,ef614e816b3569e48296c1269ec305cb3079136148b761d266f6ef9bed386172,,0.6333333333333333,0.19999999999999996,-0.26666666666666666,-0.26666666666666666
42,25,uncertainty_diversity,left_half_mirror,,,,,,seed-42_budget-25_strategy-uncertainty_diversity_symmetry-left_half_mirror,0.6,0.3,-0.3,new_benchmark_run,../results/local_runs/selection_benchmark/stage2_symmetry_factorial/jobs/seed-42_budget-25_strategy-uncertainty_diversity_symmetry-left_half_mirror/result.json,903b6d8dc0c41412a7a98ce0571d42133795ccd0cc2bdaf1d244aaafaa08b366,,0.5333333333333333,-0.06666666666666665,-0.23333333333333334,-0.23333333333333334
42,25,uncertainty_diversity,symmetric_average,,,,,,seed-42_budget-25_strategy-uncertainty_diversity_symmetry-symmetric_average,0.43333333333333335,0.4,-0.033333333333333326,new_benchmark_run,../results/local_runs/selection_benchmark/stage2_symmetry_factorial/jobs/seed-42_budget-25_strategy-uncertainty_diversity_symmetry-symmetric_average/result.json,0afb3c9cc477eba64c4c88613e7adf1cf890055aa89f9fb56a55dcb1149876ca,,0.6333333333333333,0.19999999999999996,-0.23333333333333328,-0.23333333333333328
42,25,cluster_quota_uncertainty,left_half_mirror,,,,,,seed-42_budget-25_strategy-cluster_quota_uncertainty_symmetry-left_half_mirror,0.6,0.4,-0.19999999999999996,new_benchmark_run,../results/local_runs/selection_benchmark/stage2_symmetry_factorial/jobs/seed-42_budget-25_strategy-cluster_quota_uncertainty_symmetry-left_half_mirror/result.json,7651ce4d0bd71a600b1b1a047b4e6043c15061e03b75efec9f8ccf3dc89302bb,,0.5333333333333333,-0.06666666666666665,-0.1333333333333333,-0.1333333333333333
42,25,cluster_quota_uncertainty,symmetric_average,,,,,,seed-42_budget-25_strategy-cluster_quota_uncertainty_symmetry-symmetric_average,0.43333333333333335,0.4666666666666667,0.033333333333333326,new_benchmark_run,../results/local_runs/selection_benchmark/stage2_symmetry_factorial/jobs/seed-42_budget-25_strategy-cluster_quota_uncertainty_symmetry-symmetric_average/result.json,142119165535278ec2411b2073cc3656a954f71bd0dda3b90bb7671c8565604c,,0.6333333333333333,0.19999999999999996,-0.16666666666666663,-0.16666666666666663
42,25,core_set,left_half_mirror,,,,,,seed-42_budget-25_strategy-core_set_symmetry-left_half_mirror,0.6,0.43333333333333335,-0.16666666666666663,new_benchmark_run,../results/local_runs/selection_benchmark/stage2_symmetry_factorial/jobs/seed-42_budget-25_strategy-core_set_symmetry-left_half_mirror/result.json,f8622fed809a2b7a8d4adb89a2a327a000ec01f98cb537d0c4e1e23b29ae2e0f,,0.5333333333333333,-0.06666666666666665,-0.09999999999999998,-0.09999999999999998
42,25,core_set,symmetric_average,,,,,,seed-42_budget-25_strategy-core_set_symmetry-symmetric_average,0.43333333333333335,0.43333333333333335,0.0,new_benchmark_run,../results/local_runs/selection_benchmark/stage2_symmetry_factorial/jobs/seed-42_budget-25_strategy-core_set_symmetry-symmetric_average/result.json,2505c09f05af803c7ab737a175323b0b363ecd2132e36e2e15af12ce6f10de92,,0.6333333333333333,0.19999999999999996,-0.19999999999999996,-0.19999999999999996
42,50,random,left_half_mirror,,,,,,seed-42_budget-50_strategy-random_symmetry-left_half_mirror,0.6,0.3,-0.3,new_benchmark_run,../results/local_runs/selection_benchmark/stage2_symmetry_factorial/jobs/seed-42_budget-50_strategy-random_symmetry-left_half_mirror/result.json,506c7bfd6eeb131687435d0deb95091cf97ec9d1d1924a1dce8eca5ec5ddc6ed,,0.3,-0.3,0.0,0.0
42,50,random,symmetric_average,,,,,,seed-42_budget-50_strategy-random_symmetry-symmetric_average,0.43333333333333335,0.36666666666666664,-0.06666666666666671,new_benchmark_run,../results/local_runs/selection_benchmark/stage2_symmetry_factorial/jobs/seed-42_budget-50_strategy-random_symmetry-symmetric_average/result.json,83b59b30d2a4c36a9a49e990a47df8ec8f4b302240cc79bf48d38a3648cccae7,,0.36666666666666664,-0.06666666666666671,0.0,0.0
42,50,uncertainty,left_half_mirror,,,,,,seed-42_budget-50_strategy-uncertainty_symmetry-left_half_mirror,0.6,0.4,-0.19999999999999996,new_benchmark_run,../results/local_runs/selection_benchmark/stage2_symmetry_factorial/jobs/seed-42_budget-50_strategy-uncertainty_symmetry-left_half_mirror/result.json,c2ea4499af45a5220cff34a69c73f0fee1e839df982c5eafcc2a2195422de20c,,0.3,-0.3,0.10000000000000003,0.10000000000000003
42,50,uncertainty,symmetric_average,,,,,,seed-42_budget-50_strategy-uncertainty_symmetry-symmetric_average,0.43333333333333335,0.5333333333333333,0.09999999999999998,new_benchmark_run,../results/local_runs/selection_benchmark/stage2_symmetry_factorial/jobs/seed-42_budget-50_strategy-uncertainty_symmetry-symmetric_average/result.json,fd7fb84f43b82e07974c56bcc4c5f97c17f1d2eaafb740bad7ca566374ee9848,,0.36666666666666664,-0.06666666666666671,0.16666666666666669,0.16666666666666669
42,50,uncertainty_diversity,left_half_mirror,,,,,,seed-42_budget-50_strategy-uncertainty_diversity_symmetry-left_half_mirror,0.6,0.5666666666666667,-0.033333333333333326,new_benchmark_run,../results/local_runs/selection_benchmark/stage2_symmetry_factorial/jobs/seed-42_budget-50_strategy-uncertainty_diversity_symmetry-left_half_mirror/result.json,199ade51b1ed3f15d0781f50a15c52f8304997b8d18d2760e6c7072f5da91c4b,,0.3,-0.3,0.26666666666666666,0.26666666666666666
42,50,uncertainty_diversity,symmetric_average,,,,,,seed-42_budget-50_strategy-uncertainty_diversity_symmetry-symmetric_average,0.43333333333333335,0.6333333333333333,0.19999999999999996,new_benchmark_run,../results/local_runs/selection_benchmark/stage2_symmetry_factorial/jobs/seed-42_budget-50_strategy-uncertainty_diversity_symmetry-symmetric_average/result.json,03f90210774ba3d30c88593b70fb6c13e290513ad7d567b31522d40ac2645410,,0.36666666666666664,-0.06666666666666671,0.26666666666666666,0.26666666666666666
42,50,cluster_quota_uncertainty,left_half_mirror,,,,,,seed-42_budget-50_strategy-cluster_quota_uncertainty_symmetry-left_half_mirror,0.6,0.4,-0.19999999999999996,new_benchmark_run,../results/local_runs/selection_benchmark/stage2_symmetry_factorial/jobs/seed-42_budget-50_strategy-cluster_quota_uncertainty_symmetry-left_half_mirror/result.json,15d5813afba96583733a39081f0ea12e70f2ddf26ef5f886a2d7f065a412593a,,0.3,-0.3,0.10000000000000003,0.10000000000000003
42,50,cluster_quota_uncertainty,symmetric_average,,,,,,seed-42_budget-50_strategy-cluster_quota_uncertainty_symmetry-symmetric_average,0.43333333333333335,0.26666666666666666,-0.16666666666666669,new_benchmark_run,../results/local_runs/selection_benchmark/stage2_symmetry_factorial/jobs/seed-42_budget-50_strategy-cluster_quota_uncertainty_symmetry-symmetric_average/result.json,f3760bfc5efde9f5c86b6e0fa7e7e82307ab1d96cbd9f2e0953f128eea64eb7e,,0.36666666666666664,-0.06666666666666671,-0.09999999999999998,-0.09999999999999998
42,50,core_set,left_half_mirror,,,,,,seed-42_budget-50_strategy-core_set_symmetry-left_half_mirror,0.6,0.5333333333333333,-0.06666666666666665,new_benchmark_run,../results/local_runs/selection_benchmark/stage2_symmetry_factorial/jobs/seed-42_budget-50_strategy-core_set_symmetry-left_half_mirror/result.json,be4c4683a09e33f0b35731eb3b41e17ca1c5a06fb948430052f604f0664bbb35,,0.3,-0.3,0.23333333333333334,0.23333333333333334
42,50,core_set,symmetric_average,,,,,,seed-42_budget-50_strategy-core_set_symmetry-symmetric_average,0.43333333333333335,0.7666666666666667,0.33333333333333337,new_benchmark_run,../results/local_runs/selection_benchmark/stage2_symmetry_factorial/jobs/seed-42_budget-50_strategy-core_set_symmetry-symmetric_average/result.json,ed6f24a1c0d517235d08d7b0757afcda57f74be85e68261c65eb6f26a17b4285,,0.36666666666666664,-0.06666666666666671,0.4000000000000001,0.4000000000000001
42,75,random,left_half_mirror,,,,,,seed-42_budget-75_strategy-random_symmetry-left_half_mirror,0.6,0.43333333333333335,-0.16666666666666663,new_benchmark_run,../results/local_runs/selection_benchmark/stage2_symmetry_factorial/jobs/seed-42_budget-75_strategy-random_symmetry-left_half_mirror/result.json,bd9480fdc3979f2318a043dd2e473cbb955127119357b4c0cfc0602a7f13cc8b,,0.43333333333333335,-0.16666666666666663,0.0,0.0
42,75,random,symmetric_average,,,,,,seed-42_budget-75_strategy-random_symmetry-symmetric_average,0.43333333333333335,0.23333333333333334,-0.2,new_benchmark_run,../results/local_runs/selection_benchmark/stage2_symmetry_factorial/jobs/seed-42_budget-75_strategy-random_symmetry-symmetric_average/result.json,b47d8c1f8047300f150a7edd3a4bc957ea9ac94189178d45000838174da59d67,,0.23333333333333334,-0.2,0.0,0.0
42,75,uncertainty,left_half_mirror,,,,,,seed-42_budget-75_strategy-uncertainty_symmetry-left_half_mirror,0.6,0.36666666666666664,-0.23333333333333334,new_benchmark_run,../results/local_runs/selection_benchmark/stage2_symmetry_factorial/jobs/seed-42_budget-75_strategy-uncertainty_symmetry-left_half_mirror/result.json,883b65b66aa75664994666f25416fb449d98c0c7a03520626531ad131d6954b0,,0.43333333333333335,-0.16666666666666663,-0.06666666666666671,-0.06666666666666671
42,75,uncertainty,symmetric_average,,,,,,seed-42_budget-75_strategy-uncertainty_symmetry-symmetric_average,0.43333333333333335,0.3333333333333333,-0.10000000000000003,new_benchmark_run,../results/local_runs/selection_benchmark/stage2_symmetry_factorial/jobs/seed-42_budget-75_strategy-uncertainty_symmetry-symmetric_average/result.json,7f7e80abeaba5b270651035ddb54daaf966d761417b928f1a27de492b76fdbd1,,0.23333333333333334,-0.2,0.09999999999999998,0.09999999999999998
42,75,uncertainty_diversity,left_half_mirror,,,,,,seed-42_budget-75_strategy-uncertainty_diversity_symmetry-left_half_mirror,0.6,0.43333333333333335,-0.16666666666666663,new_benchmark_run,../results/local_runs/selection_benchmark/stage2_symmetry_factorial/jobs/seed-42_budget-75_strategy-uncertainty_diversity_symmetry-left_half_mirror/result.json,49ae5636c6fb98a9602199fa9109fd5aafb4eea10cf02537c82bd262576d0aa0,,0.43333333333333335,-0.16666666666666663,0.0,0.0
42,75,uncertainty_diversity,symmetric_average,,,,,,seed-42_budget-75_strategy-uncertainty_diversity_symmetry-symmetric_average,0.43333333333333335,0.26666666666666666,-0.16666666666666669,new_benchmark_run,../results/local_runs/selection_benchmark/stage2_symmetry_factorial/jobs/seed-42_budget-75_strategy-uncertainty_diversity_symmetry-symmetric_average/result.json,3cd856b83b314cb8f84222c414b727ae451202bf34cd73a1764bebdd60df7047,,0.23333333333333334,-0.2,0.033333333333333326,0.033333333333333326
42,75,cluster_quota_uncertainty,left_half_mirror,,,,,,seed-42_budget-75_strategy-cluster_quota_uncertainty_symmetry-left_half_mirror,0.6,0.6,0.0,new_benchmark_run,../results/local_runs/selection_benchmark/stage2_symmetry_factorial/jobs/seed-42_budget-75_strategy-cluster_quota_uncertainty_symmetry-left_half_mirror/result.json,5100119d68dd128c60fc4393d2c751eedc36435ba61caceceb4d6d25ab7d0f0f,,0.43333333333333335,-0.16666666666666663,0.16666666666666663,0.16666666666666663
42,75,cluster_quota_uncertainty,symmetric_average,,,,,,seed-42_budget-75_strategy-cluster_quota_uncertainty_symmetry-symmetric_average,0.43333333333333335,0.23333333333333334,-0.2,new_benchmark_run,../results/local_runs/selection_benchmark/stage2_symmetry_factorial/jobs/seed-42_budget-75_strategy-cluster_quota_uncertainty_symmetry-symmetric_average/result.json,d38d9592cbe9b3e8fb6d979122384c51c5bbc8a9e29a9c2b395a35d444231a0e,,0.23333333333333334,-0.2,0.0,0.0
42,75,core_set,left_half_mirror,,,,,,seed-42_budget-75_strategy-core_set_symmetry-left_half_mirror,0.6,0.4,-0.19999999999999996,new_benchmark_run,../results/local_runs/selection_benchmark/stage2_symmetry_factorial/jobs/seed-42_budget-75_strategy-core_set_symmetry-left_half_mirror/result.json,4ba3d7c8ab7fa48aff6f5090b5331b69929ae8e1875f71f0102b1ba2d6896181,,0.43333333333333335,-0.16666666666666663,-0.033333333333333326,-0.033333333333333326
42,75,core_set,symmetric_average,,,,,,seed-42_budget-75_strategy-core_set_symmetry-symmetric_average,0.43333333333333335,0.36666666666666664,-0.06666666666666671,new_benchmark_run,../results/local_runs/selection_benchmark/stage2_symmetry_factorial/jobs/seed-42_budget-75_strategy-core_set_symmetry-symmetric_average/result.json,f52f6dadcc6fcc663d56b8ef5c6a30e560973519c5d226ead2f4cfe89c0dec4b,,0.23333333333333334,-0.2,0.1333333333333333,0.1333333333333333
42,100,random,left_half_mirror,,,,,,seed-42_budget-100_strategy-random_symmetry-left_half_mirror,0.6,0.23333333333333334,-0.36666666666666664,new_benchmark_run,../results/local_runs/selection_benchmark/stage2_symmetry_factorial/jobs/seed-42_budget-100_strategy-random_symmetry-left_half_mirror/result.json,f534f7249e84c2b908d6e8515ef5e2ad24f3f120d8e6222835867ee9b57aebb3,,0.23333333333333334,-0.36666666666666664,0.0,0.0
42,100,random,symmetric_average,,,,,,seed-42_budget-100_strategy-random_symmetry-symmetric_average,0.43333333333333335,0.3,-0.13333333333333336,new_benchmark_run,../results/local_runs/selection_benchmark/stage2_symmetry_factorial/jobs/seed-42_budget-100_strategy-random_symmetry-symmetric_average/result.json,a314af3c86a211c54944d97062d54c2a82bef674655079da4a4c3573206caeec,,0.3,-0.13333333333333336,0.0,0.0
42,100,uncertainty,left_half_mirror,,,,,,seed-42_budget-100_strategy-uncertainty_symmetry-left_half_mirror,0.6,0.3,-0.3,new_benchmark_run,../results/local_runs/selection_benchmark/stage2_symmetry_factorial/jobs/seed-42_budget-100_strategy-uncertainty_symmetry-left_half_mirror/result.json,3b1aa1d24886fec7e1602967017e99df75adf731109a0460b76845ac0b8ce3ad,,0.23333333333333334,-0.36666666666666664,0.06666666666666665,0.06666666666666665
42,100,uncertainty,symmetric_average,,,,,,seed-42_budget-100_strategy-uncertainty_symmetry-symmetric_average,0.43333333333333335,0.6666666666666666,0.23333333333333328,new_benchmark_run,../results/local_runs/selection_benchmark/stage2_symmetry_factorial/jobs/seed-42_budget-100_strategy-uncertainty_symmetry-symmetric_average/result.json,ee997cf66b310f90c74df7ecc16dd55e20a0584efa0d11ff43689273f2f268a7,,0.3,-0.13333333333333336,0.36666666666666664,0.36666666666666664
42,100,uncertainty_diversity,left_half_mirror,,,,,,seed-42_budget-100_strategy-uncertainty_diversity_symmetry-left_half_mirror,0.6,0.4,-0.19999999999999996,new_benchmark_run,../results/local_runs/selection_benchmark/stage2_symmetry_factorial/jobs/seed-42_budget-100_strategy-uncertainty_diversity_symmetry-left_half_mirror/result.json,ec19102f9dc472ff3b9580ef7a2dff01fad4bad487c76f9adfbc7ea4f51de309,,0.23333333333333334,-0.36666666666666664,0.16666666666666669,0.16666666666666669
42,100,uncertainty_diversity,symmetric_average,,,,,,seed-42_budget-100_strategy-uncertainty_diversity_symmetry-symmetric_average,0.43333333333333335,0.4666666666666667,0.033333333333333326,new_benchmark_run,../results/local_runs/selection_benchmark/stage2_symmetry_factorial/jobs/seed-42_budget-100_strategy-uncertainty_diversity_symmetry-symmetric_average/result.json,5f51552ebfdb716bd2fc6ede525c44edef3242d9bba7b353548126923b80937d,,0.3,-0.13333333333333336,0.16666666666666669,0.16666666666666669
42,100,cluster_quota_uncertainty,left_half_mirror,,,,,,seed-42_budget-100_strategy-cluster_quota_uncertainty_symmetry-left_half_mirror,0.6,0.4,-0.19999999999999996,new_benchmark_run,../results/local_runs/selection_benchmark/stage2_symmetry_factorial/jobs/seed-42_budget-100_strategy-cluster_quota_uncertainty_symmetry-left_half_mirror/result.json,0aa14f643d97a8995023b6b4f55993439ca84e033b8279e6d171c9216ce8512f,,0.23333333333333334,-0.36666666666666664,0.16666666666666669,0.16666666666666669
42,100,cluster_quota_uncertainty,symmetric_average,,,,,,seed-42_budget-100_strategy-cluster_quota_uncertainty_symmetry-symmetric_average,0.43333333333333335,0.4,-0.033333333333333326,new_benchmark_run,../results/local_runs/selection_benchmark/stage2_symmetry_factorial/jobs/seed-42_budget-100_strategy-cluster_quota_uncertainty_symmetry-symmetric_average/result.json,375a676d3ea772b47387cf5470c1a742cedfa70ca09f7758d3d197355c5d835e,,0.3,-0.13333333333333336,0.10000000000000003,0.10000000000000003
42,100,core_set,left_half_mirror,,,,,,seed-42_budget-100_strategy-core_set_symmetry-left_half_mirror,0.6,0.43333333333333335,-0.16666666666666663,new_benchmark_run,../results/local_runs/selection_benchmark/stage2_symmetry_factorial/jobs/seed-42_budget-100_strategy-core_set_symmetry-left_half_mirror/result.json,057ba0a3709584540f7c1d57b3d1c5d143845903bb62cfd892b41ec8e3a15692,,0.23333333333333334,-0.36666666666666664,0.2,0.2
42,100,core_set,symmetric_average,,,,,,seed-42_budget-100_strategy-core_set_symmetry-symmetric_average,0.43333333333333335,0.5,0.06666666666666665,new_benchmark_run,../results/local_runs/selection_benchmark/stage2_symmetry_factorial/jobs/seed-42_budget-100_strategy-core_set_symmetry-symmetric_average/result.json,02081a61e380a297bc2c806a93f3f7e0008e4aafece322c323c886293c7f0bbc,,0.3,-0.13333333333333336,0.2,0.2
79,10,random,left_half_mirror,,,,,,seed-79_budget-10_strategy-random_symmetry-left_half_mirror,0.43333333333333335,0.43333333333333335,0.0,new_benchmark_run,../results/local_runs/selection_benchmark/stage2_symmetry_factorial/jobs/seed-79_budget-10_strategy-random_symmetry-left_half_mirror/result.json,6a39c68d5906cf8e1181fa2d675b9f7e880adb1696f9bdef0917a9b5ba7d741b,,0.43333333333333335,0.0,0.0,0.0
79,10,random,symmetric_average,,,,,,seed-79_budget-10_strategy-random_symmetry-symmetric_average,0.5333333333333333,0.43333333333333335,-0.09999999999999998,new_benchmark_run,../results/local_runs/selection_benchmark/stage2_symmetry_factorial/jobs/seed-79_budget-10_strategy-random_symmetry-symmetric_average/result.json,a32adfd55300cf27a1c0a2ea18bc9101130c2096abdb58da86e2df3f0ea39b1b,,0.43333333333333335,-0.09999999999999998,0.0,0.0
79,10,uncertainty,left_half_mirror,,,,,,seed-79_budget-10_strategy-uncertainty_symmetry-left_half_mirror,0.43333333333333335,0.36666666666666664,-0.06666666666666671,new_benchmark_run,../results/local_runs/selection_benchmark/stage2_symmetry_factorial/jobs/seed-79_budget-10_strategy-uncertainty_symmetry-left_half_mirror/result.json,8b49c2af1a08f7e85dbbb2b1568da530c0b96a835e413ba434bc981d3bfd07ef,,0.43333333333333335,0.0,-0.06666666666666671,-0.06666666666666671
79,10,uncertainty,symmetric_average,,,,,,seed-79_budget-10_strategy-uncertainty_symmetry-symmetric_average,0.5333333333333333,0.36666666666666664,-0.16666666666666669,new_benchmark_run,../results/local_runs/selection_benchmark/stage2_symmetry_factorial/jobs/seed-79_budget-10_strategy-uncertainty_symmetry-symmetric_average/result.json,0416f5e45ac804e1e2e7161196faec9f4b22d5b91ea32da5a1224eba86333868,,0.43333333333333335,-0.09999999999999998,-0.06666666666666671,-0.06666666666666671
79,10,uncertainty_diversity,left_half_mirror,,,,,,seed-79_budget-10_strategy-uncertainty_diversity_symmetry-left_half_mirror,0.43333333333333335,0.3333333333333333,-0.10000000000000003,new_benchmark_run,../results/local_runs/selection_benchmark/stage2_symmetry_factorial/jobs/seed-79_budget-10_strategy-uncertainty_diversity_symmetry-left_half_mirror/result.json,5d82243062725f52c999494ad6f346626e8e710369f5074189d506f03e77cb5b,,0.43333333333333335,0.0,-0.10000000000000003,-0.10000000000000003
79,10,uncertainty_diversity,symmetric_average,,,,,,seed-79_budget-10_strategy-uncertainty_diversity_symmetry-symmetric_average,0.5333333333333333,0.43333333333333335,-0.09999999999999998,new_benchmark_run,../results/local_runs/selection_benchmark/stage2_symmetry_factorial/jobs/seed-79_budget-10_strategy-uncertainty_diversity_symmetry-symmetric_average/result.json,493f436484908c210812d46f9beab7c9e2b53ea0bac06a63295acef8d9961777,,0.43333333333333335,-0.09999999999999998,0.0,0.0
79,10,cluster_quota_uncertainty,left_half_mirror,,,,,,seed-79_budget-10_strategy-cluster_quota_uncertainty_symmetry-left_half_mirror,0.43333333333333335,0.2,-0.23333333333333334,new_benchmark_run,../results/local_runs/selection_benchmark/stage2_symmetry_factorial/jobs/seed-79_budget-10_strategy-cluster_quota_uncertainty_symmetry-left_half_mirror/result.json,111da9079cd09b592e19b847fc0c1a1c7ac9a3459b471dd661d12bc11b17f1ca,,0.43333333333333335,0.0,-0.23333333333333334,-0.23333333333333334
79,10,cluster_quota_uncertainty,symmetric_average,,,,,,seed-79_budget-10_strategy-cluster_quota_uncertainty_symmetry-symmetric_average,0.5333333333333333,0.5666666666666667,0.033333333333333326,new_benchmark_run,../results/local_runs/selection_benchmark/stage2_symmetry_factorial/jobs/seed-79_budget-10_strategy-cluster_quota_uncertainty_symmetry-symmetric_average/result.json,7fe8a7924e61f642bea82595bf80c16302a66e3c2b3ac74d721f48f13937c637,,0.43333333333333335,-0.09999999999999998,0.1333333333333333,0.1333333333333333
79,10,core_set,left_half_mirror,,,,,,seed-79_budget-10_strategy-core_set_symmetry-left_half_mirror,0.43333333333333335,0.4,-0.033333333333333326,new_benchmark_run,../results/local_runs/selection_benchmark/stage2_symmetry_factorial/jobs/seed-79_budget-10_strategy-core_set_symmetry-left_half_mirror/result.json,4454355798089e5f2cdf436935cc585c33db3370f047f84fdbf5c9161bfc0076,,0.43333333333333335,0.0,-0.033333333333333326,-0.033333333333333326
79,10,core_set,symmetric_average,,,,,,seed-79_budget-10_strategy-core_set_symmetry-symmetric_average,0.5333333333333333,0.6333333333333333,0.09999999999999998,new_benchmark_run,../results/local_runs/selection_benchmark/stage2_symmetry_factorial/jobs/seed-79_budget-10_strategy-core_set_symmetry-symmetric_average/result.json,facbddb1e8f35fb73cf6eead3103fc03f04098b7d23dfca0b3bc56af1a787033,,0.43333333333333335,-0.09999999999999998,0.19999999999999996,0.19999999999999996
79,25,random,left_half_mirror,,,,,,seed-79_budget-25_strategy-random_symmetry-left_half_mirror,0.43333333333333335,0.5,0.06666666666666665,new_benchmark_run,../results/local_runs/selection_benchmark/stage2_symmetry_factorial/jobs/seed-79_budget-25_strategy-random_symmetry-left_half_mirror/result.json,6b23135da16f1c2b6dcd624b5b8d88be79c9a97c03ed2130f383c3a5ad802ff4,,0.5,0.06666666666666665,0.0,0.0
79,25,random,symmetric_average,,,,,,seed-79_budget-25_strategy-random_symmetry-symmetric_average,0.5333333333333333,0.4666666666666667,-0.06666666666666665,new_benchmark_run,../results/local_runs/selection_benchmark/stage2_symmetry_factorial/jobs/seed-79_budget-25_strategy-random_symmetry-symmetric_average/result.json,210a8a8d72a32ee2d0717ddcc8ecb1d7fc2e8f48c002acddf3cf71965712f67b,,0.4666666666666667,-0.06666666666666665,0.0,0.0
79,25,uncertainty,left_half_mirror,,,,,,seed-79_budget-25_strategy-uncertainty_symmetry-left_half_mirror,0.43333333333333335,0.23333333333333334,-0.2,new_benchmark_run,../results/local_runs/selection_benchmark/stage2_symmetry_factorial/jobs/seed-79_budget-25_strategy-uncertainty_symmetry-left_half_mirror/result.json,2ec68e8dcc1531979ded322bacc0a2cb6bf19766c19ca847d3af58c8d16c2c99,,0.5,0.06666666666666665,-0.26666666666666666,-0.26666666666666666
79,25,uncertainty,symmetric_average,,,,,,seed-79_budget-25_strategy-uncertainty_symmetry-symmetric_average,0.5333333333333333,0.2,-0.3333333333333333,new_benchmark_run,../results/local_runs/selection_benchmark/stage2_symmetry_factorial/jobs/seed-79_budget-25_strategy-uncertainty_symmetry-symmetric_average/result.json,b03b964e20ceb52c755f406a0a196b77d49a74f450d929a5e4c310106714dfde,,0.4666666666666667,-0.06666666666666665,-0.26666666666666666,-0.26666666666666666
79,25,uncertainty_diversity,left_half_mirror,,,,,,seed-79_budget-25_strategy-uncertainty_diversity_symmetry-left_half_mirror,0.43333333333333335,0.4,-0.033333333333333326,new_benchmark_run,../results/local_runs/selection_benchmark/stage2_symmetry_factorial/jobs/seed-79_budget-25_strategy-uncertainty_diversity_symmetry-left_half_mirror/result.json,653a2fded7d0db22eb233836255f5e6b8e3d66570abae6d4228b930491f26787,,0.5,0.06666666666666665,-0.09999999999999998,-0.09999999999999998
79,25,uncertainty_diversity,symmetric_average,,,,,,seed-79_budget-25_strategy-uncertainty_diversity_symmetry-symmetric_average,0.5333333333333333,0.43333333333333335,-0.09999999999999998,new_benchmark_run,../results/local_runs/selection_benchmark/stage2_symmetry_factorial/jobs/seed-79_budget-25_strategy-uncertainty_diversity_symmetry-symmetric_average/result.json,e0c755f9d80b63a0b64009d182d352c51e22c760f10a34852e5e9a6319a67ed4,,0.4666666666666667,-0.06666666666666665,-0.033333333333333326,-0.033333333333333326
79,25,cluster_quota_uncertainty,left_half_mirror,,,,,,seed-79_budget-25_strategy-cluster_quota_uncertainty_symmetry-left_half_mirror,0.43333333333333335,0.4,-0.033333333333333326,new_benchmark_run,../results/local_runs/selection_benchmark/stage2_symmetry_factorial/jobs/seed-79_budget-25_strategy-cluster_quota_uncertainty_symmetry-left_half_mirror/result.json,6db957f20ab1290355737da3afdb907831b7bac621c3a08df682646da712c0ed,,0.5,0.06666666666666665,-0.09999999999999998,-0.09999999999999998
79,25,cluster_quota_uncertainty,symmetric_average,,,,,,seed-79_budget-25_strategy-cluster_quota_uncertainty_symmetry-symmetric_average,0.5333333333333333,0.3333333333333333,-0.2,new_benchmark_run,../results/local_runs/selection_benchmark/stage2_symmetry_factorial/jobs/seed-79_budget-25_strategy-cluster_quota_uncertainty_symmetry-symmetric_average/result.json,20f53912cd57687d0c124942d16e85cdb7d62885b1b8876a15f07302efcbaa6a,,0.4666666666666667,-0.06666666666666665,-0.13333333333333336,-0.13333333333333336
79,25,core_set,left_half_mirror,,,,,,seed-79_budget-25_strategy-core_set_symmetry-left_half_mirror,0.43333333333333335,0.36666666666666664,-0.06666666666666671,new_benchmark_run,../results/local_runs/selection_benchmark/stage2_symmetry_factorial/jobs/seed-79_budget-25_strategy-core_set_symmetry-left_half_mirror/result.json,61719d5111c3d070e6ce5b0b24ed15240f1e907170f0b18ebadddde04cf04441,,0.5,0.06666666666666665,-0.13333333333333336,-0.13333333333333336
79,25,core_set,symmetric_average,,,,,,seed-79_budget-25_strategy-core_set_symmetry-symmetric_average,0.5333333333333333,0.3,-0.23333333333333334,new_benchmark_run,../results/local_runs/selection_benchmark/stage2_symmetry_factorial/jobs/seed-79_budget-25_strategy-core_set_symmetry-symmetric_average/result.json,37d07caf1f3996fcb35206fd52bcc8b98e9f737733de945e49d02944ae95da45,,0.4666666666666667,-0.06666666666666665,-0.16666666666666669,-0.16666666666666669
79,50,random,left_half_mirror,,,,,,seed-79_budget-50_strategy-random_symmetry-left_half_mirror,0.43333333333333335,0.4,-0.033333333333333326,new_benchmark_run,../results/local_runs/selection_benchmark/stage2_symmetry_factorial/jobs/seed-79_budget-50_strategy-random_symmetry-left_half_mirror/result.json,cee92f6449f48274fd6c6a27fd9afae9aebb7064b7ffbc4c501b8e5eb52a1da5,,0.4,-0.033333333333333326,0.0,0.0
79,50,random,symmetric_average,,,,,,seed-79_budget-50_strategy-random_symmetry-symmetric_average,0.5333333333333333,0.36666666666666664,-0.16666666666666669,new_benchmark_run,../results/local_runs/selection_benchmark/stage2_symmetry_factorial/jobs/seed-79_budget-50_strategy-random_symmetry-symmetric_average/result.json,ee4c6477077fe0eaa2099a06a352f342f624f00937c5341313f51b9248be9537,,0.36666666666666664,-0.16666666666666669,0.0,0.0
79,50,uncertainty,left_half_mirror,,,,,,seed-79_budget-50_strategy-uncertainty_symmetry-left_half_mirror,0.43333333333333335,0.1,-0.33333333333333337,new_benchmark_run,../results/local_runs/selection_benchmark/stage2_symmetry_factorial/jobs/seed-79_budget-50_strategy-uncertainty_symmetry-left_half_mirror/result.json,2537257f9fd697314e770164629ebf5b448a76bf4c63c526eb81f4d51911ebd3,,0.4,-0.033333333333333326,-0.30000000000000004,-0.30000000000000004
79,50,uncertainty,symmetric_average,,,,,,seed-79_budget-50_strategy-uncertainty_symmetry-symmetric_average,0.5333333333333333,0.4,-0.1333333333333333,new_benchmark_run,../results/local_runs/selection_benchmark/stage2_symmetry_factorial/jobs/seed-79_budget-50_strategy-uncertainty_symmetry-symmetric_average/result.json,99ee695bb48b02a3e8dadee5c67d90a9c8e6b49de1ba8a25f2f24c34c2ae28d9,,0.36666666666666664,-0.16666666666666669,0.03333333333333338,0.03333333333333338
79,50,uncertainty_diversity,left_half_mirror,,,,,,seed-79_budget-50_strategy-uncertainty_diversity_symmetry-left_half_mirror,0.43333333333333335,0.16666666666666666,-0.2666666666666667,new_benchmark_run,../results/local_runs/selection_benchmark/stage2_symmetry_factorial/jobs/seed-79_budget-50_strategy-uncertainty_diversity_symmetry-left_half_mirror/result.json,4066d78ccb358f61099567a04da759b0a36195a7fc64b8b6650b25feadde0a59,,0.4,-0.033333333333333326,-0.23333333333333336,-0.2333333333333334
79,50,uncertainty_diversity,symmetric_average,,,,,,seed-79_budget-50_strategy-uncertainty_diversity_symmetry-symmetric_average,0.5333333333333333,0.36666666666666664,-0.16666666666666669,new_benchmark_run,../results/local_runs/selection_benchmark/stage2_symmetry_factorial/jobs/seed-79_budget-50_strategy-uncertainty_diversity_symmetry-symmetric_average/result.json,ee4ca916c5a00fcb24da6bfff8f217f668ef1fe91820e223b717de73e953514c,,0.36666666666666664,-0.16666666666666669,0.0,0.0
79,50,cluster_quota_uncertainty,left_half_mirror,,,,,,seed-79_budget-50_strategy-cluster_quota_uncertainty_symmetry-left_half_mirror,0.43333333333333335,0.4666666666666667,0.033333333333333326,new_benchmark_run,../results/local_runs/selection_benchmark/stage2_symmetry_factorial/jobs/seed-79_budget-50_strategy-cluster_quota_uncertainty_symmetry-left_half_mirror/result.json,686dfef39f1c8275e00d945dcb6d7d483f6d68eb4f26933e93e0da24ebe6898d,,0.4,-0.033333333333333326,0.06666666666666665,0.06666666666666665
79,50,cluster_quota_uncertainty,symmetric_average,,,,,,seed-79_budget-50_strategy-cluster_quota_uncertainty_symmetry-symmetric_average,0.5333333333333333,0.43333333333333335,-0.09999999999999998,new_benchmark_run,../results/local_runs/selection_benchmark/stage2_symmetry_factorial/jobs/seed-79_budget-50_strategy-cluster_quota_uncertainty_symmetry-symmetric_average/result.json,12154911f4e9d98db8dedcecac2d04ac19da4c470118b35debf62c0713440504,,0.36666666666666664,-0.16666666666666669,0.06666666666666671,0.06666666666666671
79,50,core_set,left_half_mirror,,,,,,seed-79_budget-50_strategy-core_set_symmetry-left_half_mirror,0.43333333333333335,0.4,-0.033333333333333326,new_benchmark_run,../results/local_runs/selection_benchmark/stage2_symmetry_factorial/jobs/seed-79_budget-50_strategy-core_set_symmetry-left_half_mirror/result.json,b2674fb249ed2b767a7f79ef98ac6fa09645eb80b7eb50d2f1e29452ea069b3b,,0.4,-0.033333333333333326,0.0,0.0
79,50,core_set,symmetric_average,,,,,,seed-79_budget-50_strategy-core_set_symmetry-symmetric_average,0.5333333333333333,0.23333333333333334,-0.3,new_benchmark_run,../results/local_runs/selection_benchmark/stage2_symmetry_factorial/jobs/seed-79_budget-50_strategy-core_set_symmetry-symmetric_average/result.json,820c5ac1f54071d25890bf166cd52c161ec1c5c904f416d49fc607ff5d353b5c,,0.36666666666666664,-0.16666666666666669,-0.1333333333333333,-0.1333333333333333
79,75,random,left_half_mirror,,,,,,seed-79_budget-75_strategy-random_symmetry-left_half_mirror,0.43333333333333335,0.4,-0.033333333333333326,new_benchmark_run,../results/local_runs/selection_benchmark/stage2_symmetry_factorial/jobs/seed-79_budget-75_strategy-random_symmetry-left_half_mirror/result.json,3ece05b6bfd120ab13802656239822ea4691705fb009c64e3def0f32a2361e13,,0.4,-0.033333333333333326,0.0,0.0
79,75,random,symmetric_average,,,,,,seed-79_budget-75_strategy-random_symmetry-symmetric_average,0.5333333333333333,0.5333333333333333,0.0,new_benchmark_run,../results/local_runs/selection_benchmark/stage2_symmetry_factorial/jobs/seed-79_budget-75_strategy-random_symmetry-symmetric_average/result.json,f72632c892051dd58180d1ce1ae0bff7061bfe055a323b022d20022579a16c22,,0.5333333333333333,0.0,0.0,0.0
79,75,uncertainty,left_half_mirror,,,,,,seed-79_budget-75_strategy-uncertainty_symmetry-left_half_mirror,0.43333333333333335,0.3333333333333333,-0.10000000000000003,new_benchmark_run,../results/local_runs/selection_benchmark/stage2_symmetry_factorial/jobs/seed-79_budget-75_strategy-uncertainty_symmetry-left_half_mirror/result.json,fade3735bb3c7333a0494e8c7945dd077878e0c09dbf9781a0c176be432ff390,,0.4,-0.033333333333333326,-0.06666666666666671,-0.06666666666666671
79,75,uncertainty,symmetric_average,,,,,,seed-79_budget-75_strategy-uncertainty_symmetry-symmetric_average,0.5333333333333333,0.16666666666666666,-0.3666666666666667,new_benchmark_run,../results/local_runs/selection_benchmark/stage2_symmetry_factorial/jobs/seed-79_budget-75_strategy-uncertainty_symmetry-symmetric_average/result.json,8a7b25eb38540a1808d0a54d0c2d2b74bb8c0f0d1ea2a9b6c27d26d28adc6144,,0.5333333333333333,0.0,-0.3666666666666667,-0.3666666666666667
79,75,uncertainty_diversity,left_half_mirror,,,,,,seed-79_budget-75_strategy-uncertainty_diversity_symmetry-left_half_mirror,0.43333333333333335,0.43333333333333335,0.0,new_benchmark_run,../results/local_runs/selection_benchmark/stage2_symmetry_factorial/jobs/seed-79_budget-75_strategy-uncertainty_diversity_symmetry-left_half_mirror/result.json,8fe0a0ee34bb15cf4f9434d7e8c85dd9cf09c9efe51c80e933ff1c49d0e1fc4e,,0.4,-0.033333333333333326,0.033333333333333326,0.033333333333333326
79,75,uncertainty_diversity,symmetric_average,,,,,,seed-79_budget-75_strategy-uncertainty_diversity_symmetry-symmetric_average,0.5333333333333333,0.4,-0.1333333333333333,new_benchmark_run,../results/local_runs/selection_benchmark/stage2_symmetry_factorial/jobs/seed-79_budget-75_strategy-uncertainty_diversity_symmetry-symmetric_average/result.json,009c2da29519694815f68691c3154cb938d14de62a1ade436dc0e2c35fbbc571,,0.5333333333333333,0.0,-0.1333333333333333,-0.1333333333333333
79,75,cluster_quota_uncertainty,left_half_mirror,,,,,,seed-79_budget-75_strategy-cluster_quota_uncertainty_symmetry-left_half_mirror,0.43333333333333335,0.4,-0.033333333333333326,new_benchmark_run,../results/local_runs/selection_benchmark/stage2_symmetry_factorial/jobs/seed-79_budget-75_strategy-cluster_quota_uncertainty_symmetry-left_half_mirror/result.json,58b20e0f8efdc82c8441b151b507e47e42576dd32a197cc75fc0b0d9ba00a88c,,0.4,-0.033333333333333326,0.0,0.0
79,75,cluster_quota_uncertainty,symmetric_average,,,,,,seed-79_budget-75_strategy-cluster_quota_uncertainty_symmetry-symmetric_average,0.5333333333333333,0.36666666666666664,-0.16666666666666669,new_benchmark_run,../results/local_runs/selection_benchmark/stage2_symmetry_factorial/jobs/seed-79_budget-75_strategy-cluster_quota_uncertainty_symmetry-symmetric_average/result.json,490c0b99b58dac79dec0d1016b8366da186ab60e10ebe12510f0f1f26059b7af,,0.5333333333333333,0.0,-0.16666666666666669,-0.16666666666666669
79,75,core_set,left_half_mirror,,,,,,seed-79_budget-75_strategy-core_set_symmetry-left_half_mirror,0.43333333333333335,0.4,-0.033333333333333326,new_benchmark_run,../results/local_runs/selection_benchmark/stage2_symmetry_factorial/jobs/seed-79_budget-75_strategy-core_set_symmetry-left_half_mirror/result.json,e2665492099aaff668671f1a84da0df30bf03e2ab5cab3bc5c345db72a8edd9c,,0.4,-0.033333333333333326,0.0,0.0
79,75,core_set,symmetric_average,,,,,,seed-79_budget-75_strategy-core_set_symmetry-symmetric_average,0.5333333333333333,0.4,-0.1333333333333333,new_benchmark_run,../results/local_runs/selection_benchmark/stage2_symmetry_factorial/jobs/seed-79_budget-75_strategy-core_set_symmetry-symmetric_average/result.json,82053cdddb9542fb1be636fdaee47853a6dc8edf538dcfd7a6991049aac363e9,,0.5333333333333333,0.0,-0.1333333333333333,-0.1333333333333333
79,100,random,left_half_mirror,,,,,,seed-79_budget-100_strategy-random_symmetry-left_half_mirror,0.43333333333333335,0.6666666666666666,0.23333333333333328,new_benchmark_run,../results/local_runs/selection_benchmark/stage2_symmetry_factorial/jobs/seed-79_budget-100_strategy-random_symmetry-left_half_mirror/result.json,0cf651700ff2437b1dd3b25639b5929947a3bc086d0742d4f05242f346689634,,0.6666666666666666,0.23333333333333328,0.0,0.0
79,100,random,symmetric_average,,,,,,seed-79_budget-100_strategy-random_symmetry-symmetric_average,0.5333333333333333,0.4,-0.1333333333333333,new_benchmark_run,../results/local_runs/selection_benchmark/stage2_symmetry_factorial/jobs/seed-79_budget-100_strategy-random_symmetry-symmetric_average/result.json,31c6e816192699d34637f5002f11dc5e67fb7ce491a8079774df1518e2010f04,,0.4,-0.1333333333333333,0.0,0.0
79,100,uncertainty,left_half_mirror,,,,,,seed-79_budget-100_strategy-uncertainty_symmetry-left_half_mirror,0.43333333333333335,0.4666666666666667,0.033333333333333326,new_benchmark_run,../results/local_runs/selection_benchmark/stage2_symmetry_factorial/jobs/seed-79_budget-100_strategy-uncertainty_symmetry-left_half_mirror/result.json,019905758e780e7339127f5444cf862809703ae4b31618fafc0fb4a9db3a0deb,,0.6666666666666666,0.23333333333333328,-0.19999999999999996,-0.19999999999999996
79,100,uncertainty,symmetric_average,,,,,,seed-79_budget-100_strategy-uncertainty_symmetry-symmetric_average,0.5333333333333333,0.23333333333333334,-0.3,new_benchmark_run,../results/local_runs/selection_benchmark/stage2_symmetry_factorial/jobs/seed-79_budget-100_strategy-uncertainty_symmetry-symmetric_average/result.json,894750d7608c38add128d070d6726c4f8d71affda920e43dcc5e30131bd0a38b,,0.4,-0.1333333333333333,-0.16666666666666669,-0.16666666666666669
79,100,uncertainty_diversity,left_half_mirror,,,,,,seed-79_budget-100_strategy-uncertainty_diversity_symmetry-left_half_mirror,0.43333333333333335,0.5,0.06666666666666665,new_benchmark_run,../results/local_runs/selection_benchmark/stage2_symmetry_factorial/jobs/seed-79_budget-100_strategy-uncertainty_diversity_symmetry-left_half_mirror/result.json,84f289d83482343ffc2bc6cea32fef4a9e724d50a98a8f4a2d4fde02bad11edf,,0.6666666666666666,0.23333333333333328,-0.16666666666666663,-0.16666666666666663
79,100,uncertainty_diversity,symmetric_average,,,,,,seed-79_budget-100_strategy-uncertainty_diversity_symmetry-symmetric_average,0.5333333333333333,0.23333333333333334,-0.3,new_benchmark_run,../results/local_runs/selection_benchmark/stage2_symmetry_factorial/jobs/seed-79_budget-100_strategy-uncertainty_diversity_symmetry-symmetric_average/result.json,1aae7d7fd4a54596ad950a78e23ee61326716d08492f272b501412e1c1b9b273,,0.4,-0.1333333333333333,-0.16666666666666669,-0.16666666666666669
79,100,cluster_quota_uncertainty,left_half_mirror,,,,,,seed-79_budget-100_strategy-cluster_quota_uncertainty_symmetry-left_half_mirror,0.43333333333333335,0.5666666666666667,0.1333333333333333,new_benchmark_run,../results/local_runs/selection_benchmark/stage2_symmetry_factorial/jobs/seed-79_budget-100_strategy-cluster_quota_uncertainty_symmetry-left_half_mirror/result.json,5a99f5795a95cb01b9489ea3c0ea78a9e01122b221a43260f1860a38586c8eb4,,0.6666666666666666,0.23333333333333328,-0.09999999999999998,-0.09999999999999998
79,100,cluster_quota_uncertainty,symmetric_average,,,,,,seed-79_budget-100_strategy-cluster_quota_uncertainty_symmetry-symmetric_average,0.5333333333333333,0.5333333333333333,0.0,new_benchmark_run,../results/local_runs/selection_benchmark/stage2_symmetry_factorial/jobs/seed-79_budget-100_strategy-cluster_quota_uncertainty_symmetry-symmetric_average/result.json,e0e8897cbf9f56ba4dea8089664d7b9cd88d9f3f5158faa5804edbe5bf218a60,,0.4,-0.1333333333333333,0.1333333333333333,0.1333333333333333
79,100,core_set,left_half_mirror,,,,,,seed-79_budget-100_strategy-core_set_symmetry-left_half_mirror,0.43333333333333335,0.4,-0.033333333333333326,new_benchmark_run,../results/local_runs/selection_benchmark/stage2_symmetry_factorial/jobs/seed-79_budget-100_strategy-core_set_symmetry-left_half_mirror/result.json,ccb055ad06cebe153bbd75e525c856d4f2c99c39e9a96a4863bec3e6e8f53080,,0.6666666666666666,0.23333333333333328,-0.2666666666666666,-0.2666666666666666
79,100,core_set,symmetric_average,,,,,,seed-79_budget-100_strategy-core_set_symmetry-symmetric_average,0.5333333333333333,0.36666666666666664,-0.16666666666666669,new_benchmark_run,../results/local_runs/selection_benchmark/stage2_symmetry_factorial/jobs/seed-79_budget-100_strategy-core_set_symmetry-symmetric_average/result.json,2e7efda725f052158f16f0d4bb2937ef97e29694fcd7d33484d38511647d209c,,0.4,-0.1333333333333333,-0.03333333333333338,-0.03333333333333338
123,10,random,left_half_mirror,,,,,,seed-123_budget-10_strategy-random_symmetry-left_half_mirror,0.4,0.5666666666666667,0.16666666666666663,new_benchmark_run,../results/local_runs/selection_benchmark/stage2_symmetry_factorial/jobs/seed-123_budget-10_strategy-random_symmetry-left_half_mirror/result.json,f0661c6317e69884121c96e2bdb3afb6c9bf6cbab108666f19b802032cdcc652,,0.5666666666666667,0.16666666666666663,0.0,0.0
123,10,random,symmetric_average,,,,,,seed-123_budget-10_strategy-random_symmetry-symmetric_average,0.36666666666666664,0.4,0.03333333333333338,new_benchmark_run,../results/local_runs/selection_benchmark/stage2_symmetry_factorial/jobs/seed-123_budget-10_strategy-random_symmetry-symmetric_average/result.json,c6d84ba9984bf90c1ee0b16296e242f7f7cfd68f54878ea54e4cc14843f58327,,0.4,0.03333333333333338,0.0,0.0
123,10,uncertainty,left_half_mirror,,,,,,seed-123_budget-10_strategy-uncertainty_symmetry-left_half_mirror,0.4,0.36666666666666664,-0.03333333333333338,new_benchmark_run,../results/local_runs/selection_benchmark/stage2_symmetry_factorial/jobs/seed-123_budget-10_strategy-uncertainty_symmetry-left_half_mirror/result.json,da7f8235c956991aa12c0441efb5f481a5c9f7f88baca77e0026ea2d0b0bdb6f,,0.5666666666666667,0.16666666666666663,-0.2,-0.2
123,10,uncertainty,symmetric_average,,,,,,seed-123_budget-10_strategy-uncertainty_symmetry-symmetric_average,0.36666666666666664,0.3333333333333333,-0.033333333333333326,new_benchmark_run,../results/local_runs/selection_benchmark/stage2_symmetry_factorial/jobs/seed-123_budget-10_strategy-uncertainty_symmetry-symmetric_average/result.json,66d557c352ad896a6ef2e98a3ecd47bb32845a7a9e3ea5a53ece3bca31201061,,0.4,0.03333333333333338,-0.06666666666666671,-0.06666666666666671
123,10,uncertainty_diversity,left_half_mirror,,,,,,seed-123_budget-10_strategy-uncertainty_diversity_symmetry-left_half_mirror,0.4,0.36666666666666664,-0.03333333333333338,new_benchmark_run,../results/local_runs/selection_benchmark/stage2_symmetry_factorial/jobs/seed-123_budget-10_strategy-uncertainty_diversity_symmetry-left_half_mirror/result.json,8966b641f8ef8d7e5fd50f766dbaa526125d9bd9e7ead1787929f07ed2b338a8,,0.5666666666666667,0.16666666666666663,-0.2,-0.2
123,10,uncertainty_diversity,symmetric_average,,,,,,seed-123_budget-10_strategy-uncertainty_diversity_symmetry-symmetric_average,0.36666666666666664,0.5,0.13333333333333336,new_benchmark_run,../results/local_runs/selection_benchmark/stage2_symmetry_factorial/jobs/seed-123_budget-10_strategy-uncertainty_diversity_symmetry-symmetric_average/result.json,1b24f08b9b37526c323d9c62f78bb93473bf30bc367356597748ae2b38c3ecab,,0.4,0.03333333333333338,0.09999999999999998,0.09999999999999998
123,10,cluster_quota_uncertainty,left_half_mirror,,,,,,seed-123_budget-10_strategy-cluster_quota_uncertainty_symmetry-left_half_mirror,0.4,0.26666666666666666,-0.13333333333333336,new_benchmark_run,../results/local_runs/selection_benchmark/stage2_symmetry_factorial/jobs/seed-123_budget-10_strategy-cluster_quota_uncertainty_symmetry-left_half_mirror/result.json,a074953ad3d0981e8daeedc931539d803a070ed7404e0e7f04a86f1be4f76146,,0.5666666666666667,0.16666666666666663,-0.3,-0.3
123,10,cluster_quota_uncertainty,symmetric_average,,,,,,seed-123_budget-10_strategy-cluster_quota_uncertainty_symmetry-symmetric_average,0.36666666666666664,0.43333333333333335,0.06666666666666671,new_benchmark_run,../results/local_runs/selection_benchmark/stage2_symmetry_factorial/jobs/seed-123_budget-10_strategy-cluster_quota_uncertainty_symmetry-symmetric_average/result.json,1dc8e3a61cbfa4555e37063a4c21a6c478e8eaa424dc2b5b1e825c0266c539fb,,0.4,0.03333333333333338,0.033333333333333326,0.033333333333333326
123,10,core_set,left_half_mirror,,,,,,seed-123_budget-10_strategy-core_set_symmetry-left_half_mirror,0.4,0.3333333333333333,-0.06666666666666671,new_benchmark_run,../results/local_runs/selection_benchmark/stage2_symmetry_factorial/jobs/seed-123_budget-10_strategy-core_set_symmetry-left_half_mirror/result.json,fc23732fa3352ae56ae0834fa73f3fd298ae370c731a30604e56884d2bb229e4,,0.5666666666666667,0.16666666666666663,-0.23333333333333334,-0.23333333333333334
123,10,core_set,symmetric_average,,,,,,seed-123_budget-10_strategy-core_set_symmetry-symmetric_average,0.36666666666666664,0.6,0.23333333333333334,new_benchmark_run,../results/local_runs/selection_benchmark/stage2_symmetry_factorial/jobs/seed-123_budget-10_strategy-core_set_symmetry-symmetric_average/result.json,e0207579f34ee2364b8392b220f35407e68aa28a804cd61de045a3c1cebb0540,,0.4,0.03333333333333338,0.19999999999999996,0.19999999999999996
123,25,random,left_half_mirror,,,,,,seed-123_budget-25_strategy-random_symmetry-left_half_mirror,0.4,0.3,-0.10000000000000003,new_benchmark_run,../results/local_runs/selection_benchmark/stage2_symmetry_factorial/jobs/seed-123_budget-25_strategy-random_symmetry-left_half_mirror/result.json,98d71516a9dfba74ce58374f86db3144340029066cc104550506e91ff5b4c904,,0.3,-0.10000000000000003,0.0,0.0
123,25,random,symmetric_average,,,,,,seed-123_budget-25_strategy-random_symmetry-symmetric_average,0.36666666666666664,0.6666666666666666,0.3,new_benchmark_run,../results/local_runs/selection_benchmark/stage2_symmetry_factorial/jobs/seed-123_budget-25_strategy-random_symmetry-symmetric_average/result.json,d1610d0506f0f20dfd7b91e4740e7e9890c98151457acf2a68446117968687af,,0.6666666666666666,0.3,0.0,0.0
123,25,uncertainty,left_half_mirror,,,,,,seed-123_budget-25_strategy-uncertainty_symmetry-left_half_mirror,0.4,0.5333333333333333,0.1333333333333333,new_benchmark_run,../results/local_runs/selection_benchmark/stage2_symmetry_factorial/jobs/seed-123_budget-25_strategy-uncertainty_symmetry-left_half_mirror/result.json,6ee679dc9faa52cfbabd35c854c3308b79f4e4132735a0acc8542ab485109070,,0.3,-0.10000000000000003,0.23333333333333334,0.23333333333333334
123,25,uncertainty,symmetric_average,,,,,,seed-123_budget-25_strategy-uncertainty_symmetry-symmetric_average,0.36666666666666664,0.6666666666666666,0.3,new_benchmark_run,../results/local_runs/selection_benchmark/stage2_symmetry_factorial/jobs/seed-123_budget-25_strategy-uncertainty_symmetry-symmetric_average/result.json,9247a3212677d0c0901264e65cc6a59de815ad0fa344b157c92c382486b9c8c6,,0.6666666666666666,0.3,0.0,0.0
123,25,uncertainty_diversity,left_half_mirror,,,,,,seed-123_budget-25_strategy-uncertainty_diversity_symmetry-left_half_mirror,0.4,0.5333333333333333,0.1333333333333333,new_benchmark_run,../results/local_runs/selection_benchmark/stage2_symmetry_factorial/jobs/seed-123_budget-25_strategy-uncertainty_diversity_symmetry-left_half_mirror/result.json,08cc117e063d6adcec66063ecd6b1be479038de6d04e509cac16e311f05078a4,,0.3,-0.10000000000000003,0.23333333333333334,0.23333333333333334
123,25,uncertainty_diversity,symmetric_average,,,,,,seed-123_budget-25_strategy-uncertainty_diversity_symmetry-symmetric_average,0.36666666666666664,0.4,0.03333333333333338,new_benchmark_run,../results/local_runs/selection_benchmark/stage2_symmetry_factorial/jobs/seed-123_budget-25_strategy-uncertainty_diversity_symmetry-symmetric_average/result.json,4ee56560bbc7aa42dfcad2121a2270ab6778015434e541ed3050144e68cf3e36,,0.6666666666666666,0.3,-0.2666666666666666,-0.2666666666666666
123,25,cluster_quota_uncertainty,left_half_mirror,,,,,,seed-123_budget-25_strategy-cluster_quota_uncertainty_symmetry-left_half_mirror,0.4,0.5333333333333333,0.1333333333333333,new_benchmark_run,../results/local_runs/selection_benchmark/stage2_symmetry_factorial/jobs/seed-123_budget-25_strategy-cluster_quota_uncertainty_symmetry-left_half_mirror/result.json,667ffc8be385cee9eff55c0b097682034a8a99e14021c0becdf62f7768c47040,,0.3,-0.10000000000000003,0.23333333333333334,0.23333333333333334
123,25,cluster_quota_uncertainty,symmetric_average,,,,,,seed-123_budget-25_strategy-cluster_quota_uncertainty_symmetry-symmetric_average,0.36666666666666664,0.43333333333333335,0.06666666666666671,new_benchmark_run,../results/local_runs/selection_benchmark/stage2_symmetry_factorial/jobs/seed-123_budget-25_strategy-cluster_quota_uncertainty_symmetry-symmetric_average/result.json,5112ced920368d38e4887994cb27844cecd8d8f07bf19412210ee4d7cf611f9d,,0.6666666666666666,0.3,-0.23333333333333328,-0.23333333333333328
123,25,core_set,left_half_mirror,,,,,,seed-123_budget-25_strategy-core_set_symmetry-left_half_mirror,0.4,0.5333333333333333,0.1333333333333333,new_benchmark_run,../results/local_runs/selection_benchmark/stage2_symmetry_factorial/jobs/seed-123_budget-25_strategy-core_set_symmetry-left_half_mirror/result.json,444759f906a3abd059cff76d97712b195d52c6c6d2cd5aeb706d989aca1a7a81,,0.3,-0.10000000000000003,0.23333333333333334,0.23333333333333334
123,25,core_set,symmetric_average,,,,,,seed-123_budget-25_strategy-core_set_symmetry-symmetric_average,0.36666666666666664,0.36666666666666664,0.0,new_benchmark_run,../results/local_runs/selection_benchmark/stage2_symmetry_factorial/jobs/seed-123_budget-25_strategy-core_set_symmetry-symmetric_average/result.json,9693ac87ce7bb4b0d42c870158dbd9583581f15a3984e8896f50fd4b85eadcfc,,0.6666666666666666,0.3,-0.3,-0.3
123,50,random,left_half_mirror,,,,,,seed-123_budget-50_strategy-random_symmetry-left_half_mirror,0.4,0.4666666666666667,0.06666666666666665,new_benchmark_run,../results/local_runs/selection_benchmark/stage2_symmetry_factorial/jobs/seed-123_budget-50_strategy-random_symmetry-left_half_mirror/result.json,56cc21e9dce0953c2b473770ac3e39b326375a1039a27a5a78fa0ed6e79c9139,,0.4666666666666667,0.06666666666666665,0.0,0.0
123,50,random,symmetric_average,,,,,,seed-123_budget-50_strategy-random_symmetry-symmetric_average,0.36666666666666664,0.3333333333333333,-0.033333333333333326,new_benchmark_run,../results/local_runs/selection_benchmark/stage2_symmetry_factorial/jobs/seed-123_budget-50_strategy-random_symmetry-symmetric_average/result.json,af62ade5719a08273d2155e5e4ce7fde9ef314a1983f1345db0eb411c81ffb1a,,0.3333333333333333,-0.033333333333333326,0.0,0.0
123,50,uncertainty,left_half_mirror,,,,,,seed-123_budget-50_strategy-uncertainty_symmetry-left_half_mirror,0.4,0.26666666666666666,-0.13333333333333336,new_benchmark_run,../results/local_runs/selection_benchmark/stage2_symmetry_factorial/jobs/seed-123_budget-50_strategy-uncertainty_symmetry-left_half_mirror/result.json,d9df2d5656e34994f2596ad9d13ebb49014a92dc4dec68731eddc40ec0c602c0,,0.4666666666666667,0.06666666666666665,-0.2,-0.2
123,50,uncertainty,symmetric_average,,,,,,seed-123_budget-50_strategy-uncertainty_symmetry-symmetric_average,0.36666666666666664,0.3333333333333333,-0.033333333333333326,new_benchmark_run,../results/local_runs/selection_benchmark/stage2_symmetry_factorial/jobs/seed-123_budget-50_strategy-uncertainty_symmetry-symmetric_average/result.json,0cd900eebc1763558416577e8538d4045f47afc856df951a9812339ce84955c5,,0.3333333333333333,-0.033333333333333326,0.0,0.0
123,50,uncertainty_diversity,left_half_mirror,,,,,,seed-123_budget-50_strategy-uncertainty_diversity_symmetry-left_half_mirror,0.4,0.4,0.0,new_benchmark_run,../results/local_runs/selection_benchmark/stage2_symmetry_factorial/jobs/seed-123_budget-50_strategy-uncertainty_diversity_symmetry-left_half_mirror/result.json,0f14b8914d2de84e360a03d768b16a0e6a2d890e7f095c6b759eac5e31f74cbc,,0.4666666666666667,0.06666666666666665,-0.06666666666666665,-0.06666666666666665
123,50,uncertainty_diversity,symmetric_average,,,,,,seed-123_budget-50_strategy-uncertainty_diversity_symmetry-symmetric_average,0.36666666666666664,0.5,0.13333333333333336,new_benchmark_run,../results/local_runs/selection_benchmark/stage2_symmetry_factorial/jobs/seed-123_budget-50_strategy-uncertainty_diversity_symmetry-symmetric_average/result.json,82be8b124bc67da6d8115b0f6e94e5d222520a4b5313a12fa9e98f01dec41942,,0.3333333333333333,-0.033333333333333326,0.16666666666666669,0.16666666666666669
123,50,cluster_quota_uncertainty,left_half_mirror,,,,,,seed-123_budget-50_strategy-cluster_quota_uncertainty_symmetry-left_half_mirror,0.4,0.43333333333333335,0.033333333333333326,new_benchmark_run,../results/local_runs/selection_benchmark/stage2_symmetry_factorial/jobs/seed-123_budget-50_strategy-cluster_quota_uncertainty_symmetry-left_half_mirror/result.json,9400b0b39b838321e8b0e65204c60db90751773d0234aac7fd3cda48e375aa95,,0.4666666666666667,0.06666666666666665,-0.033333333333333326,-0.033333333333333326
123,50,cluster_quota_uncertainty,symmetric_average,,,,,,seed-123_budget-50_strategy-cluster_quota_uncertainty_symmetry-symmetric_average,0.36666666666666664,0.5,0.13333333333333336,new_benchmark_run,../results/local_runs/selection_benchmark/stage2_symmetry_factorial/jobs/seed-123_budget-50_strategy-cluster_quota_uncertainty_symmetry-symmetric_average/result.json,4310b46b23e72cf3a6276704e70a258704818f89d73cc80314b2b79d282ade16,,0.3333333333333333,-0.033333333333333326,0.16666666666666669,0.16666666666666669
123,50,core_set,left_half_mirror,,,,,,seed-123_budget-50_strategy-core_set_symmetry-left_half_mirror,0.4,0.5666666666666667,0.16666666666666663,new_benchmark_run,../results/local_runs/selection_benchmark/stage2_symmetry_factorial/jobs/seed-123_budget-50_strategy-core_set_symmetry-left_half_mirror/result.json,0b8fd8a869393f5b6fa74c1dd6ec8f67a6fbfbfacc8254a9d4aaa1511ba0451d,,0.4666666666666667,0.06666666666666665,0.09999999999999998,0.09999999999999998
123,50,core_set,symmetric_average,,,,,,seed-123_budget-50_strategy-core_set_symmetry-symmetric_average,0.36666666666666664,0.26666666666666666,-0.09999999999999998,new_benchmark_run,../results/local_runs/selection_benchmark/stage2_symmetry_factorial/jobs/seed-123_budget-50_strategy-core_set_symmetry-symmetric_average/result.json,91318fcb3d342822dc5578e9b6a7cc9f955de53b523b828d733cfba4b27dd877,,0.3333333333333333,-0.033333333333333326,-0.06666666666666665,-0.06666666666666665
123,75,random,left_half_mirror,,,,,,seed-123_budget-75_strategy-random_symmetry-left_half_mirror,0.4,0.26666666666666666,-0.13333333333333336,new_benchmark_run,../results/local_runs/selection_benchmark/stage2_symmetry_factorial/jobs/seed-123_budget-75_strategy-random_symmetry-left_half_mirror/result.json,f1acc7df2b048aedeb0bf43efaf302453b6118fb199f3c6cf679cd17e4031abd,,0.26666666666666666,-0.13333333333333336,0.0,0.0
123,75,random,symmetric_average,,,,,,seed-123_budget-75_strategy-random_symmetry-symmetric_average,0.36666666666666664,0.36666666666666664,0.0,new_benchmark_run,../results/local_runs/selection_benchmark/stage2_symmetry_factorial/jobs/seed-123_budget-75_strategy-random_symmetry-symmetric_average/result.json,e20115c1d9fb21d1aac8552f95d8ae9ad198f1b13092b0e0e528bf97208608b9,,0.36666666666666664,0.0,0.0,0.0
123,75,uncertainty,left_half_mirror,,,,,,seed-123_budget-75_strategy-uncertainty_symmetry-left_half_mirror,0.4,0.6666666666666666,0.2666666666666666,new_benchmark_run,../results/local_runs/selection_benchmark/stage2_symmetry_factorial/jobs/seed-123_budget-75_strategy-uncertainty_symmetry-left_half_mirror/result.json,2eb57a84499b208e64829bfc4befeccbe0dd52feadf811106b47d1eb2b2acaa0,,0.26666666666666666,-0.13333333333333336,0.39999999999999997,0.39999999999999997
123,75,uncertainty,symmetric_average,,,,,,seed-123_budget-75_strategy-uncertainty_symmetry-symmetric_average,0.36666666666666664,0.3333333333333333,-0.033333333333333326,new_benchmark_run,../results/local_runs/selection_benchmark/stage2_symmetry_factorial/jobs/seed-123_budget-75_strategy-uncertainty_symmetry-symmetric_average/result.json,e71d61b8719051ea13587a75bf71f01fa082fd41bc04bb0cf258f994b3b3bf30,,0.36666666666666664,0.0,-0.033333333333333326,-0.033333333333333326
123,75,uncertainty_diversity,left_half_mirror,,,,,,seed-123_budget-75_strategy-uncertainty_diversity_symmetry-left_half_mirror,0.4,0.6333333333333333,0.23333333333333328,new_benchmark_run,../results/local_runs/selection_benchmark/stage2_symmetry_factorial/jobs/seed-123_budget-75_strategy-uncertainty_diversity_symmetry-left_half_mirror/result.json,ecdf575378c127cdb32c0ead58a804e284bdd01d937e1106809e302150e59a4a,,0.26666666666666666,-0.13333333333333336,0.36666666666666664,0.36666666666666664
123,75,uncertainty_diversity,symmetric_average,,,,,,seed-123_budget-75_strategy-uncertainty_diversity_symmetry-symmetric_average,0.36666666666666664,0.43333333333333335,0.06666666666666671,new_benchmark_run,../results/local_runs/selection_benchmark/stage2_symmetry_factorial/jobs/seed-123_budget-75_strategy-uncertainty_diversity_symmetry-symmetric_average/result.json,86daa3ebc6edfaa90f23f1222c1b959e1e493bd12d1d3fbd8130d5dc8b489a06,,0.36666666666666664,0.0,0.06666666666666671,0.06666666666666671
123,75,cluster_quota_uncertainty,left_half_mirror,,,,,,seed-123_budget-75_strategy-cluster_quota_uncertainty_symmetry-left_half_mirror,0.4,0.4666666666666667,0.06666666666666665,new_benchmark_run,../results/local_runs/selection_benchmark/stage2_symmetry_factorial/jobs/seed-123_budget-75_strategy-cluster_quota_uncertainty_symmetry-left_half_mirror/result.json,feaaba652a2c7d472aadcd5932e4b71e246a2683dc7d98cf6a535a61885ea33a,,0.26666666666666666,-0.13333333333333336,0.2,0.2
123,75,cluster_quota_uncertainty,symmetric_average,,,,,,seed-123_budget-75_strategy-cluster_quota_uncertainty_symmetry-symmetric_average,0.36666666666666664,0.26666666666666666,-0.09999999999999998,new_benchmark_run,../results/local_runs/selection_benchmark/stage2_symmetry_factorial/jobs/seed-123_budget-75_strategy-cluster_quota_uncertainty_symmetry-symmetric_average/result.json,6aaef190f24c27884e9cfa1147bb2aeec57aa2e06b23866fe21be83c1f838c95,,0.36666666666666664,0.0,-0.09999999999999998,-0.09999999999999998
123,75,core_set,left_half_mirror,,,,,,seed-123_budget-75_strategy-core_set_symmetry-left_half_mirror,0.4,0.3333333333333333,-0.06666666666666671,new_benchmark_run,../results/local_runs/selection_benchmark/stage2_symmetry_factorial/jobs/seed-123_budget-75_strategy-core_set_symmetry-left_half_mirror/result.json,6fd3ff2bb4face06a5dfd18f2494309a4b9fdfac47841151762eb9c4bc830e8c,,0.26666666666666666,-0.13333333333333336,0.06666666666666665,0.06666666666666665
123,75,core_set,symmetric_average,,,,,,seed-123_budget-75_strategy-core_set_symmetry-symmetric_average,0.36666666666666664,0.5,0.13333333333333336,new_benchmark_run,../results/local_runs/selection_benchmark/stage2_symmetry_factorial/jobs/seed-123_budget-75_strategy-core_set_symmetry-symmetric_average/result.json,e7e5a07c9e06f87f323785ec494d01c3a6e88d192d38549547d2f2cef7114fad,,0.36666666666666664,0.0,0.13333333333333336,0.13333333333333336
123,100,random,left_half_mirror,,,,,,seed-123_budget-100_strategy-random_symmetry-left_half_mirror,0.4,0.4666666666666667,0.06666666666666665,new_benchmark_run,../results/local_runs/selection_benchmark/stage2_symmetry_factorial/jobs/seed-123_budget-100_strategy-random_symmetry-left_half_mirror/result.json,d2bdb03b6da3d986207653390543710c3d485e11be45459d66e0e7459a6a2b61,,0.4666666666666667,0.06666666666666665,0.0,0.0
123,100,random,symmetric_average,,,,,,seed-123_budget-100_strategy-random_symmetry-symmetric_average,0.36666666666666664,0.4,0.03333333333333338,new_benchmark_run,../results/local_runs/selection_benchmark/stage2_symmetry_factorial/jobs/seed-123_budget-100_strategy-random_symmetry-symmetric_average/result.json,3e725040aafd9daf520b607b53defeaefa781629c2559ef425aea355af3c5d91,,0.4,0.03333333333333338,0.0,0.0
123,100,uncertainty,left_half_mirror,,,,,,seed-123_budget-100_strategy-uncertainty_symmetry-left_half_mirror,0.4,0.5333333333333333,0.1333333333333333,new_benchmark_run,../results/local_runs/selection_benchmark/stage2_symmetry_factorial/jobs/seed-123_budget-100_strategy-uncertainty_symmetry-left_half_mirror/result.json,a57d41e7e2536480de123e9dab712222d7865a9112184f0183f98047249fc1bb,,0.4666666666666667,0.06666666666666665,0.06666666666666665,0.06666666666666665
123,100,uncertainty,symmetric_average,,,,,,seed-123_budget-100_strategy-uncertainty_symmetry-symmetric_average,0.36666666666666664,0.3,-0.06666666666666665,new_benchmark_run,../results/local_runs/selection_benchmark/stage2_symmetry_factorial/jobs/seed-123_budget-100_strategy-uncertainty_symmetry-symmetric_average/result.json,cb681aa382c76775432e12effb2ad9425f6d90c97d79670fb467430f1a7c91ab,,0.4,0.03333333333333338,-0.10000000000000003,-0.10000000000000003
123,100,uncertainty_diversity,left_half_mirror,,,,,,seed-123_budget-100_strategy-uncertainty_diversity_symmetry-left_half_mirror,0.4,0.43333333333333335,0.033333333333333326,new_benchmark_run,../results/local_runs/selection_benchmark/stage2_symmetry_factorial/jobs/seed-123_budget-100_strategy-uncertainty_diversity_symmetry-left_half_mirror/result.json,2a6db0232b205012764c6a3a7367e2eb648b798ac75df73a3e207d70aabc7d80,,0.4666666666666667,0.06666666666666665,-0.033333333333333326,-0.033333333333333326
123,100,uncertainty_diversity,symmetric_average,,,,,,seed-123_budget-100_strategy-uncertainty_diversity_symmetry-symmetric_average,0.36666666666666664,0.4666666666666667,0.10000000000000003,new_benchmark_run,../results/local_runs/selection_benchmark/stage2_symmetry_factorial/jobs/seed-123_budget-100_strategy-uncertainty_diversity_symmetry-symmetric_average/result.json,e889ab998af59aec3fa47c6dbbdcc654edd7b5c679086dcb3bb73f2a735cd2ec,,0.4,0.03333333333333338,0.06666666666666665,0.06666666666666665
123,100,cluster_quota_uncertainty,left_half_mirror,,,,,,seed-123_budget-100_strategy-cluster_quota_uncertainty_symmetry-left_half_mirror,0.4,0.6333333333333333,0.23333333333333328,new_benchmark_run,../results/local_runs/selection_benchmark/stage2_symmetry_factorial/jobs/seed-123_budget-100_strategy-cluster_quota_uncertainty_symmetry-left_half_mirror/result.json,b1567e381c6e2de96fbdea0bd8ada7ff24068a5e389d07889d64c02b681b386d,,0.4666666666666667,0.06666666666666665,0.16666666666666663,0.16666666666666663
123,100,cluster_quota_uncertainty,symmetric_average,,,,,,seed-123_budget-100_strategy-cluster_quota_uncertainty_symmetry-symmetric_average,0.36666666666666664,0.36666666666666664,0.0,new_benchmark_run,../results/local_runs/selection_benchmark/stage2_symmetry_factorial/jobs/seed-123_budget-100_strategy-cluster_quota_uncertainty_symmetry-symmetric_average/result.json,387563ef1d32ff6bb4bdc57316440105fb53dc9b67cad893830a86a2b65f7079,,0.4,0.03333333333333338,-0.03333333333333338,-0.03333333333333338
123,100,core_set,left_half_mirror,,,,,,seed-123_budget-100_strategy-core_set_symmetry-left_half_mirror,0.4,0.16666666666666666,-0.23333333333333336,new_benchmark_run,../results/local_runs/selection_benchmark/stage2_symmetry_factorial/jobs/seed-123_budget-100_strategy-core_set_symmetry-left_half_mirror/result.json,afeb105cc46b4133efff90b7000deba957501be62998fbcbfb74195a3c6b6525,,0.4666666666666667,0.06666666666666665,-0.30000000000000004,-0.30000000000000004
123,100,core_set,symmetric_average,,,,,,seed-123_budget-100_strategy-core_set_symmetry-symmetric_average,0.36666666666666664,0.3,-0.06666666666666665,new_benchmark_run,../results/local_runs/selection_benchmark/stage2_symmetry_factorial/jobs/seed-123_budget-100_strategy-core_set_symmetry-symmetric_average/result.json,5b380e28081c690b8fa8e7dd12548405b09f91dd7c48f1670bf0c9be9ff518db,,0.4,0.03333333333333338,-0.10000000000000003,-0.10000000000000003
202,10,random,left_half_mirror,,,,,,seed-202_budget-10_strategy-random_symmetry-left_half_mirror,0.5333333333333333,0.5,-0.033333333333333326,new_benchmark_run,../results/local_runs/selection_benchmark/stage2_symmetry_factorial/jobs/seed-202_budget-10_strategy-random_symmetry-left_half_mirror/result.json,343fee29379e3b96194eb676a98aa4601c3b8df92e15de80ff592c8266510283,,0.5,-0.033333333333333326,0.0,0.0
202,10,random,symmetric_average,,,,,,seed-202_budget-10_strategy-random_symmetry-symmetric_average,0.5,0.5333333333333333,0.033333333333333326,new_benchmark_run,../results/local_runs/selection_benchmark/stage2_symmetry_factorial/jobs/seed-202_budget-10_strategy-random_symmetry-symmetric_average/result.json,b669755d2543c17346c20615e589613b03fc5b7f2c97fea0e630ad776a05fea1,,0.5333333333333333,0.033333333333333326,0.0,0.0
202,10,uncertainty,left_half_mirror,,,,,,seed-202_budget-10_strategy-uncertainty_symmetry-left_half_mirror,0.5333333333333333,0.23333333333333334,-0.3,new_benchmark_run,../results/local_runs/selection_benchmark/stage2_symmetry_factorial/jobs/seed-202_budget-10_strategy-uncertainty_symmetry-left_half_mirror/result.json,75da3685183a56a8ad4ffd4cf09ddfe237803f368fbfb38f683b59d0d25738e4,,0.5,-0.033333333333333326,-0.26666666666666666,-0.26666666666666666
202,10,uncertainty,symmetric_average,,,,,,seed-202_budget-10_strategy-uncertainty_symmetry-symmetric_average,0.5,0.4,-0.09999999999999998,new_benchmark_run,../results/local_runs/selection_benchmark/stage2_symmetry_factorial/jobs/seed-202_budget-10_strategy-uncertainty_symmetry-symmetric_average/result.json,8b1aa058579f38f045a6c7ab01fd534d9cf008c8d1ec32b050e8ee4393292e6b,,0.5333333333333333,0.033333333333333326,-0.1333333333333333,-0.1333333333333333
202,10,uncertainty_diversity,left_half_mirror,,,,,,seed-202_budget-10_strategy-uncertainty_diversity_symmetry-left_half_mirror,0.5333333333333333,0.6666666666666666,0.1333333333333333,new_benchmark_run,../results/local_runs/selection_benchmark/stage2_symmetry_factorial/jobs/seed-202_budget-10_strategy-uncertainty_diversity_symmetry-left_half_mirror/result.json,4160df6917dceae07b0de6fc9f41c2e728323bb738ec995102c0de93eabe1977,,0.5,-0.033333333333333326,0.16666666666666663,0.16666666666666663
202,10,uncertainty_diversity,symmetric_average,,,,,,seed-202_budget-10_strategy-uncertainty_diversity_symmetry-symmetric_average,0.5,0.26666666666666666,-0.23333333333333334,new_benchmark_run,../results/local_runs/selection_benchmark/stage2_symmetry_factorial/jobs/seed-202_budget-10_strategy-uncertainty_diversity_symmetry-symmetric_average/result.json,c80758fa416789ff6c08bcd165803116fa28c84c0637f5cf8b2f2ded761e5e12,,0.5333333333333333,0.033333333333333326,-0.26666666666666666,-0.26666666666666666
202,10,cluster_quota_uncertainty,left_half_mirror,,,,,,seed-202_budget-10_strategy-cluster_quota_uncertainty_symmetry-left_half_mirror,0.5333333333333333,0.43333333333333335,-0.09999999999999998,new_benchmark_run,../results/local_runs/selection_benchmark/stage2_symmetry_factorial/jobs/seed-202_budget-10_strategy-cluster_quota_uncertainty_symmetry-left_half_mirror/result.json,0c908d85f865e2bae70323b1a768fa2a6b2ec13ead7596b5aec6cea066081d07,,0.5,-0.033333333333333326,-0.06666666666666665,-0.06666666666666665
202,10,cluster_quota_uncertainty,symmetric_average,,,,,,seed-202_budget-10_strategy-cluster_quota_uncertainty_symmetry-symmetric_average,0.5,0.5333333333333333,0.033333333333333326,new_benchmark_run,../results/local_runs/selection_benchmark/stage2_symmetry_factorial/jobs/seed-202_budget-10_strategy-cluster_quota_uncertainty_symmetry-symmetric_average/result.json,fcf934fc405311a00a4a7abb543eff517e0f7d257c7d69d66c54a1d31bef4987,,0.5333333333333333,0.033333333333333326,0.0,0.0
202,10,core_set,left_half_mirror,,,,,,seed-202_budget-10_strategy-core_set_symmetry-left_half_mirror,0.5333333333333333,0.5,-0.033333333333333326,new_benchmark_run,../results/local_runs/selection_benchmark/stage2_symmetry_factorial/jobs/seed-202_budget-10_strategy-core_set_symmetry-left_half_mirror/result.json,b04c239ba8844a8c2387afbd3cbf6857008da5a43c9392d133693295711e2bef,,0.5,-0.033333333333333326,0.0,0.0
202,10,core_set,symmetric_average,,,,,,seed-202_budget-10_strategy-core_set_symmetry-symmetric_average,0.5,0.6666666666666666,0.16666666666666663,new_benchmark_run,../results/local_runs/selection_benchmark/stage2_symmetry_factorial/jobs/seed-202_budget-10_strategy-core_set_symmetry-symmetric_average/result.json,fdd795a71fde78a4c9f1d1fe803ba3c635d8e55e5f582bd9f4e367e883190454,,0.5333333333333333,0.033333333333333326,0.1333333333333333,0.1333333333333333
202,25,random,left_half_mirror,,,,,,seed-202_budget-25_strategy-random_symmetry-left_half_mirror,0.5333333333333333,0.43333333333333335,-0.09999999999999998,new_benchmark_run,../results/local_runs/selection_benchmark/stage2_symmetry_factorial/jobs/seed-202_budget-25_strategy-random_symmetry-left_half_mirror/result.json,9901c2dcd47a936944f0de484873c8b337c3c41bdf6c58f3517d157eb6b9b7f7,,0.43333333333333335,-0.09999999999999998,0.0,0.0
202,25,random,symmetric_average,,,,,,seed-202_budget-25_strategy-random_symmetry-symmetric_average,0.5,0.5,0.0,new_benchmark_run,../results/local_runs/selection_benchmark/stage2_symmetry_factorial/jobs/seed-202_budget-25_strategy-random_symmetry-symmetric_average/result.json,15075e7b95808ba1b796eb9d3f54a95c14d6fb5617125c91b6acf613f1cd963a,,0.5,0.0,0.0,0.0
202,25,uncertainty,left_half_mirror,,,,,,seed-202_budget-25_strategy-uncertainty_symmetry-left_half_mirror,0.5333333333333333,0.6333333333333333,0.09999999999999998,new_benchmark_run,../results/local_runs/selection_benchmark/stage2_symmetry_factorial/jobs/seed-202_budget-25_strategy-uncertainty_symmetry-left_half_mirror/result.json,dae11b76832c38fcb5bf00a446ee4c8aa29483fa5aab4bea78bccdc6302fb414,,0.43333333333333335,-0.09999999999999998,0.19999999999999996,0.19999999999999996
202,25,uncertainty,symmetric_average,,,,,,seed-202_budget-25_strategy-uncertainty_symmetry-symmetric_average,0.5,0.4666666666666667,-0.033333333333333326,new_benchmark_run,../results/local_runs/selection_benchmark/stage2_symmetry_factorial/jobs/seed-202_budget-25_strategy-uncertainty_symmetry-symmetric_average/result.json,0e9a0d84d1f5a3b5d069033bafd6ee000f73ca0690dda430f0576a51d30ff0e6,,0.5,0.0,-0.033333333333333326,-0.033333333333333326
202,25,uncertainty_diversity,left_half_mirror,,,,,,seed-202_budget-25_strategy-uncertainty_diversity_symmetry-left_half_mirror,0.5333333333333333,0.4666666666666667,-0.06666666666666665,new_benchmark_run,../results/local_runs/selection_benchmark/stage2_symmetry_factorial/jobs/seed-202_budget-25_strategy-uncertainty_diversity_symmetry-left_half_mirror/result.json,2fd383ffa5ca665ed90e8bfd6e229f4dd90a82aa4596d9e1f935606935273157,,0.43333333333333335,-0.09999999999999998,0.033333333333333326,0.033333333333333326
202,25,uncertainty_diversity,symmetric_average,,,,,,seed-202_budget-25_strategy-uncertainty_diversity_symmetry-symmetric_average,0.5,0.36666666666666664,-0.13333333333333336,new_benchmark_run,../results/local_runs/selection_benchmark/stage2_symmetry_factorial/jobs/seed-202_budget-25_strategy-uncertainty_diversity_symmetry-symmetric_average/result.json,f133afe9193a9b57024d3e3a5963b602b4ddcdda32cf753b4552759b091901cf,,0.5,0.0,-0.13333333333333336,-0.13333333333333336
202,25,cluster_quota_uncertainty,left_half_mirror,,,,,,seed-202_budget-25_strategy-cluster_quota_uncertainty_symmetry-left_half_mirror,0.5333333333333333,0.3333333333333333,-0.2,new_benchmark_run,../results/local_runs/selection_benchmark/stage2_symmetry_factorial/jobs/seed-202_budget-25_strategy-cluster_quota_uncertainty_symmetry-left_half_mirror/result.json,5539911470e16b3e40f8f5fa2e1a126a3e9aeec6f0b49c87f1ad605f0440ac3d,,0.43333333333333335,-0.09999999999999998,-0.10000000000000003,-0.10000000000000003
202,25,cluster_quota_uncertainty,symmetric_average,,,,,,seed-202_budget-25_strategy-cluster_quota_uncertainty_symmetry-symmetric_average,0.5,0.5,0.0,new_benchmark_run,../results/local_runs/selection_benchmark/stage2_symmetry_factorial/jobs/seed-202_budget-25_strategy-cluster_quota_uncertainty_symmetry-symmetric_average/result.json,294e4b65226dba4f2c1bb4f3b3ca0a89221c02220dbf1d199c04e50ef549529b,,0.5,0.0,0.0,0.0
202,25,core_set,left_half_mirror,,,,,,seed-202_budget-25_strategy-core_set_symmetry-left_half_mirror,0.5333333333333333,0.5,-0.033333333333333326,new_benchmark_run,../results/local_runs/selection_benchmark/stage2_symmetry_factorial/jobs/seed-202_budget-25_strategy-core_set_symmetry-left_half_mirror/result.json,0494faeafe440a8423c10f565e4b26cf6cc66b60d78ebd146e22ecc9f5d3f535,,0.43333333333333335,-0.09999999999999998,0.06666666666666665,0.06666666666666665
202,25,core_set,symmetric_average,,,,,,seed-202_budget-25_strategy-core_set_symmetry-symmetric_average,0.5,0.5666666666666667,0.06666666666666665,new_benchmark_run,../results/local_runs/selection_benchmark/stage2_symmetry_factorial/jobs/seed-202_budget-25_strategy-core_set_symmetry-symmetric_average/result.json,456f6ada420a055c99946e7fb9cb1c9314ee71ac491226441b610c9b0dffe7b1,,0.5,0.0,0.06666666666666665,0.06666666666666665
202,50,random,left_half_mirror,,,,,,seed-202_budget-50_strategy-random_symmetry-left_half_mirror,0.5333333333333333,0.4666666666666667,-0.06666666666666665,new_benchmark_run,../results/local_runs/selection_benchmark/stage2_symmetry_factorial/jobs/seed-202_budget-50_strategy-random_symmetry-left_half_mirror/result.json,d82f648b989cf72035b16ac5227e4fdb4ada2036e01858b15ca7d27372dcef1b,,0.4666666666666667,-0.06666666666666665,0.0,0.0
202,50,random,symmetric_average,,,,,,seed-202_budget-50_strategy-random_symmetry-symmetric_average,0.5,0.5666666666666667,0.06666666666666665,new_benchmark_run,../results/local_runs/selection_benchmark/stage2_symmetry_factorial/jobs/seed-202_budget-50_strategy-random_symmetry-symmetric_average/result.json,3ea2d262a173bb2e856dbe395974ea9e2d6cd1ff93036a33b09e2788c8ef555b,,0.5666666666666667,0.06666666666666665,0.0,0.0
202,50,uncertainty,left_half_mirror,,,,,,seed-202_budget-50_strategy-uncertainty_symmetry-left_half_mirror,0.5333333333333333,0.5666666666666667,0.033333333333333326,new_benchmark_run,../results/local_runs/selection_benchmark/stage2_symmetry_factorial/jobs/seed-202_budget-50_strategy-uncertainty_symmetry-left_half_mirror/result.json,c756f09d16601c6357590051f3ed0fda5c9b62255173264d683ed1f589945c8c,,0.4666666666666667,-0.06666666666666665,0.09999999999999998,0.09999999999999998
202,50,uncertainty,symmetric_average,,,,,,seed-202_budget-50_strategy-uncertainty_symmetry-symmetric_average,0.5,0.43333333333333335,-0.06666666666666665,new_benchmark_run,../results/local_runs/selection_benchmark/stage2_symmetry_factorial/jobs/seed-202_budget-50_strategy-uncertainty_symmetry-symmetric_average/result.json,fed8c5c1d55e0275c4aba974f59ceddf3aa92f3207779bb2f6deac077edfadf6,,0.5666666666666667,0.06666666666666665,-0.1333333333333333,-0.1333333333333333
202,50,uncertainty_diversity,left_half_mirror,,,,,,seed-202_budget-50_strategy-uncertainty_diversity_symmetry-left_half_mirror,0.5333333333333333,0.4,-0.1333333333333333,new_benchmark_run,../results/local_runs/selection_benchmark/stage2_symmetry_factorial/jobs/seed-202_budget-50_strategy-uncertainty_diversity_symmetry-left_half_mirror/result.json,967b1c9b75e78deacd72be7c16b9dcecc4c854a20da2622fb9b5596821f0f874,,0.4666666666666667,-0.06666666666666665,-0.06666666666666665,-0.06666666666666665
202,50,uncertainty_diversity,symmetric_average,,,,,,seed-202_budget-50_strategy-uncertainty_diversity_symmetry-symmetric_average,0.5,0.36666666666666664,-0.13333333333333336,new_benchmark_run,../results/local_runs/selection_benchmark/stage2_symmetry_factorial/jobs/seed-202_budget-50_strategy-uncertainty_diversity_symmetry-symmetric_average/result.json,d9eb72cbf08b58607dd3ed8ff0d2dd1ffb5ef1aec73ad680f7d2a9284c89e335,,0.5666666666666667,0.06666666666666665,-0.2,-0.2
202,50,cluster_quota_uncertainty,left_half_mirror,,,,,,seed-202_budget-50_strategy-cluster_quota_uncertainty_symmetry-left_half_mirror,0.5333333333333333,0.6666666666666666,0.1333333333333333,new_benchmark_run,../results/local_runs/selection_benchmark/stage2_symmetry_factorial/jobs/seed-202_budget-50_strategy-cluster_quota_uncertainty_symmetry-left_half_mirror/result.json,51485b076b4f4911acc0b4d1890f8a36af89210f96aaebd5e4b513f33b3b34b6,,0.4666666666666667,-0.06666666666666665,0.19999999999999996,0.19999999999999996
202,50,cluster_quota_uncertainty,symmetric_average,,,,,,seed-202_budget-50_strategy-cluster_quota_uncertainty_symmetry-symmetric_average,0.5,0.5333333333333333,0.033333333333333326,new_benchmark_run,../results/local_runs/selection_benchmark/stage2_symmetry_factorial/jobs/seed-202_budget-50_strategy-cluster_quota_uncertainty_symmetry-symmetric_average/result.json,fc0e28925bb65531a9055e5d6f7a05a517af78225d3a3fce9dcf0fcf78ce50a2,,0.5666666666666667,0.06666666666666665,-0.033333333333333326,-0.033333333333333326
202,50,core_set,left_half_mirror,,,,,,seed-202_budget-50_strategy-core_set_symmetry-left_half_mirror,0.5333333333333333,0.6,0.06666666666666665,new_benchmark_run,../results/local_runs/selection_benchmark/stage2_symmetry_factorial/jobs/seed-202_budget-50_strategy-core_set_symmetry-left_half_mirror/result.json,f5b3d9b5e70b92dac5a73d2c49dbe3a677257605392521cfdd90861dbb06038f,,0.4666666666666667,-0.06666666666666665,0.1333333333333333,0.1333333333333333
202,50,core_set,symmetric_average,,,,,,seed-202_budget-50_strategy-core_set_symmetry-symmetric_average,0.5,0.5,0.0,new_benchmark_run,../results/local_runs/selection_benchmark/stage2_symmetry_factorial/jobs/seed-202_budget-50_strategy-core_set_symmetry-symmetric_average/result.json,f7285cd2f9fd719e1f40ef6cf6967ffa90013d458da45e51cac914b252592648,,0.5666666666666667,0.06666666666666665,-0.06666666666666665,-0.06666666666666665
202,75,random,left_half_mirror,,,,,,seed-202_budget-75_strategy-random_symmetry-left_half_mirror,0.5333333333333333,0.5333333333333333,0.0,new_benchmark_run,../results/local_runs/selection_benchmark/stage2_symmetry_factorial/jobs/seed-202_budget-75_strategy-random_symmetry-left_half_mirror/result.json,45aa2de3ab686011b5c78cbb016dc6d9ed2b1c15f344a9ce1173557fcb6a43f3,,0.5333333333333333,0.0,0.0,0.0
202,75,random,symmetric_average,,,,,,seed-202_budget-75_strategy-random_symmetry-symmetric_average,0.5,0.5,0.0,new_benchmark_run,../results/local_runs/selection_benchmark/stage2_symmetry_factorial/jobs/seed-202_budget-75_strategy-random_symmetry-symmetric_average/result.json,ac9dc812e453819d4978ebb41577b77cf915b9c3dc78bb32325ecb0f3222cf6a,,0.5,0.0,0.0,0.0
202,75,uncertainty,left_half_mirror,,,,,,seed-202_budget-75_strategy-uncertainty_symmetry-left_half_mirror,0.5333333333333333,0.6,0.06666666666666665,new_benchmark_run,../results/local_runs/selection_benchmark/stage2_symmetry_factorial/jobs/seed-202_budget-75_strategy-uncertainty_symmetry-left_half_mirror/result.json,a7faa3df8f9f8e7770cb46ca8dda5a1d85ef52f05b9b4bcc4dc595efec234570,,0.5333333333333333,0.0,0.06666666666666665,0.06666666666666665
202,75,uncertainty,symmetric_average,,,,,,seed-202_budget-75_strategy-uncertainty_symmetry-symmetric_average,0.5,0.7,0.19999999999999996,new_benchmark_run,../results/local_runs/selection_benchmark/stage2_symmetry_factorial/jobs/seed-202_budget-75_strategy-uncertainty_symmetry-symmetric_average/result.json,5f2bb982d3cee1f463b3fdd004755ee2d6bdd970557665321e089ef356d8e37f,,0.5,0.0,0.19999999999999996,0.19999999999999996
202,75,uncertainty_diversity,left_half_mirror,,,,,,seed-202_budget-75_strategy-uncertainty_diversity_symmetry-left_half_mirror,0.5333333333333333,0.7,0.16666666666666663,new_benchmark_run,../results/local_runs/selection_benchmark/stage2_symmetry_factorial/jobs/seed-202_budget-75_strategy-uncertainty_diversity_symmetry-left_half_mirror/result.json,d80e1bd881f3793793c018d7dd782d6b93bbc5ea8e571fbb0551155c295527d0,,0.5333333333333333,0.0,0.16666666666666663,0.16666666666666663
202,75,uncertainty_diversity,symmetric_average,,,,,,seed-202_budget-75_strategy-uncertainty_diversity_symmetry-symmetric_average,0.5,0.7666666666666667,0.2666666666666667,new_benchmark_run,../results/local_runs/selection_benchmark/stage2_symmetry_factorial/jobs/seed-202_budget-75_strategy-uncertainty_diversity_symmetry-symmetric_average/result.json,d76fab511ee0a4566a5e3870f9b10106984d9cec2305352631ef16a437fbbc66,,0.5,0.0,0.2666666666666667,0.2666666666666667
202,75,cluster_quota_uncertainty,left_half_mirror,,,,,,seed-202_budget-75_strategy-cluster_quota_uncertainty_symmetry-left_half_mirror,0.5333333333333333,0.4,-0.1333333333333333,new_benchmark_run,../results/local_runs/selection_benchmark/stage2_symmetry_factorial/jobs/seed-202_budget-75_strategy-cluster_quota_uncertainty_symmetry-left_half_mirror/result.json,66006f1d9cbf32493a105d616e7d6b37ed0a4f2e5f031f8b2d542efc1ac31ec2,,0.5333333333333333,0.0,-0.1333333333333333,-0.1333333333333333
202,75,cluster_quota_uncertainty,symmetric_average,,,,,,seed-202_budget-75_strategy-cluster_quota_uncertainty_symmetry-symmetric_average,0.5,0.6666666666666666,0.16666666666666663,new_benchmark_run,../results/local_runs/selection_benchmark/stage2_symmetry_factorial/jobs/seed-202_budget-75_strategy-cluster_quota_uncertainty_symmetry-symmetric_average/result.json,efe2e381c8b65eebd20f699b5177347a7e12d2c05dc26ad36ac82ca04208f0b3,,0.5,0.0,0.16666666666666663,0.16666666666666663
202,75,core_set,left_half_mirror,,,,,,seed-202_budget-75_strategy-core_set_symmetry-left_half_mirror,0.5333333333333333,0.7,0.16666666666666663,new_benchmark_run,../results/local_runs/selection_benchmark/stage2_symmetry_factorial/jobs/seed-202_budget-75_strategy-core_set_symmetry-left_half_mirror/result.json,d62170d44f5c3271da48eaad32d38e4e4bf67e3ad4e577bfac54570d5e2066c5,,0.5333333333333333,0.0,0.16666666666666663,0.16666666666666663
202,75,core_set,symmetric_average,,,,,,seed-202_budget-75_strategy-core_set_symmetry-symmetric_average,0.5,0.36666666666666664,-0.13333333333333336,new_benchmark_run,../results/local_runs/selection_benchmark/stage2_symmetry_factorial/jobs/seed-202_budget-75_strategy-core_set_symmetry-symmetric_average/result.json,d30ec380556e4135e9e970f3b1a4c9c0d04476286a64fc502e5e769f7676d055,,0.5,0.0,-0.13333333333333336,-0.13333333333333336
202,100,random,left_half_mirror,,,,,,seed-202_budget-100_strategy-random_symmetry-left_half_mirror,0.5333333333333333,0.7,0.16666666666666663,new_benchmark_run,../results/local_runs/selection_benchmark/stage2_symmetry_factorial/jobs/seed-202_budget-100_strategy-random_symmetry-left_half_mirror/result.json,366ad261b17e1b40b679581b9381662bd6de4b839b2ebcaeccdfc00d37078b7c,,0.7,0.16666666666666663,0.0,0.0
202,100,random,symmetric_average,,,,,,seed-202_budget-100_strategy-random_symmetry-symmetric_average,0.5,0.36666666666666664,-0.13333333333333336,new_benchmark_run,../results/local_runs/selection_benchmark/stage2_symmetry_factorial/jobs/seed-202_budget-100_strategy-random_symmetry-symmetric_average/result.json,f58436159b520715bf3dfc9e917dccdec57e3256f53f1b99a2c314c06a158c49,,0.36666666666666664,-0.13333333333333336,0.0,0.0
202,100,uncertainty,left_half_mirror,,,,,,seed-202_budget-100_strategy-uncertainty_symmetry-left_half_mirror,0.5333333333333333,0.4666666666666667,-0.06666666666666665,new_benchmark_run,../results/local_runs/selection_benchmark/stage2_symmetry_factorial/jobs/seed-202_budget-100_strategy-uncertainty_symmetry-left_half_mirror/result.json,544112bdd13be6b4f8f512649242c7b434874d6a0b353523b6f3a4653b19135d,,0.7,0.16666666666666663,-0.23333333333333328,-0.23333333333333328
202,100,uncertainty,symmetric_average,,,,,,seed-202_budget-100_strategy-uncertainty_symmetry-symmetric_average,0.5,0.5333333333333333,0.033333333333333326,new_benchmark_run,../results/local_runs/selection_benchmark/stage2_symmetry_factorial/jobs/seed-202_budget-100_strategy-uncertainty_symmetry-symmetric_average/result.json,5082d699f04f8a802cbcca864c65b7259b3378e22a870375e09072e7cbd5a822,,0.36666666666666664,-0.13333333333333336,0.16666666666666669,0.16666666666666669
202,100,uncertainty_diversity,left_half_mirror,,,,,,seed-202_budget-100_strategy-uncertainty_diversity_symmetry-left_half_mirror,0.5333333333333333,0.36666666666666664,-0.16666666666666669,new_benchmark_run,../results/local_runs/selection_benchmark/stage2_symmetry_factorial/jobs/seed-202_budget-100_strategy-uncertainty_diversity_symmetry-left_half_mirror/result.json,eb627f94c28429dde0ff953811384060875eaf46e7d601047a82a5cb82cbb2a5,,0.7,0.16666666666666663,-0.3333333333333333,-0.3333333333333333
202,100,uncertainty_diversity,symmetric_average,,,,,,seed-202_budget-100_strategy-uncertainty_diversity_symmetry-symmetric_average,0.5,0.5666666666666667,0.06666666666666665,new_benchmark_run,../results/local_runs/selection_benchmark/stage2_symmetry_factorial/jobs/seed-202_budget-100_strategy-uncertainty_diversity_symmetry-symmetric_average/result.json,412e27a99df2779cf097894ec3ee24f892fddcc5e2dc24561e7bd43736387d47,,0.36666666666666664,-0.13333333333333336,0.2,0.2
202,100,cluster_quota_uncertainty,left_half_mirror,,,,,,seed-202_budget-100_strategy-cluster_quota_uncertainty_symmetry-left_half_mirror,0.5333333333333333,0.5,-0.033333333333333326,new_benchmark_run,../results/local_runs/selection_benchmark/stage2_symmetry_factorial/jobs/seed-202_budget-100_strategy-cluster_quota_uncertainty_symmetry-left_half_mirror/result.json,abae21ae4aee183923ee3e916e70e6945c03b730b3a5d56e49ebc62e37ecd434,,0.7,0.16666666666666663,-0.19999999999999996,-0.19999999999999996
202,100,cluster_quota_uncertainty,symmetric_average,,,,,,seed-202_budget-100_strategy-cluster_quota_uncertainty_symmetry-symmetric_average,0.5,0.43333333333333335,-0.06666666666666665,new_benchmark_run,../results/local_runs/selection_benchmark/stage2_symmetry_factorial/jobs/seed-202_budget-100_strategy-cluster_quota_uncertainty_symmetry-symmetric_average/result.json,ec411a316411732bccc389f37468c5c76835ac3e2771b6a717f1e8de0275f1f9,,0.36666666666666664,-0.13333333333333336,0.06666666666666671,0.06666666666666671
202,100,core_set,left_half_mirror,,,,,,seed-202_budget-100_strategy-core_set_symmetry-left_half_mirror,0.5333333333333333,0.7666666666666667,0.2333333333333334,new_benchmark_run,../results/local_runs/selection_benchmark/stage2_symmetry_factorial/jobs/seed-202_budget-100_strategy-core_set_symmetry-left_half_mirror/result.json,8c6f0670294de65b9ab352b935de763809e6444b98fb57f4617e9d8e3df7c384,,0.7,0.16666666666666663,0.06666666666666676,0.06666666666666676
202,100,core_set,symmetric_average,,,,,,seed-202_budget-100_strategy-core_set_symmetry-symmetric_average,0.5,0.26666666666666666,-0.23333333333333334,new_benchmark_run,../results/local_runs/selection_benchmark/stage2_symmetry_factorial/jobs/seed-202_budget-100_strategy-core_set_symmetry-symmetric_average/result.json,5ff73bb01d899ce616292ac41b4681262656e251963eacd5540d13b56769f2a9,,0.36666666666666664,-0.13333333333333336,-0.09999999999999998,-0.09999999999999998
303,10,random,left_half_mirror,,,,,,seed-303_budget-10_strategy-random_symmetry-left_half_mirror,0.3,0.26666666666666666,-0.033333333333333326,new_benchmark_run,../results/local_runs/selection_benchmark/stage2_symmetry_factorial/jobs/seed-303_budget-10_strategy-random_symmetry-left_half_mirror/result.json,0677942a248169b3b603b62bac911ba8756d5d950846ce17f4653ae01997098c,,0.26666666666666666,-0.033333333333333326,0.0,0.0
303,10,random,symmetric_average,,,,,,seed-303_budget-10_strategy-random_symmetry-symmetric_average,0.23333333333333334,0.26666666666666666,0.033333333333333326,new_benchmark_run,../results/local_runs/selection_benchmark/stage2_symmetry_factorial/jobs/seed-303_budget-10_strategy-random_symmetry-symmetric_average/result.json,37078adf9e5bac6130feb491684cb41d36f1218d19be3b56def0539e5c38d8e6,,0.26666666666666666,0.033333333333333326,0.0,0.0
303,10,uncertainty,left_half_mirror,,,,,,seed-303_budget-10_strategy-uncertainty_symmetry-left_half_mirror,0.3,0.5,0.2,new_benchmark_run,../results/local_runs/selection_benchmark/stage2_symmetry_factorial/jobs/seed-303_budget-10_strategy-uncertainty_symmetry-left_half_mirror/result.json,6dac49ae7ca26e819e3315ed26a5f80a5957baf177993746920467cd49b710c5,,0.26666666666666666,-0.033333333333333326,0.23333333333333334,0.23333333333333334
303,10,uncertainty,symmetric_average,,,,,,seed-303_budget-10_strategy-uncertainty_symmetry-symmetric_average,0.23333333333333334,0.3,0.06666666666666665,new_benchmark_run,../results/local_runs/selection_benchmark/stage2_symmetry_factorial/jobs/seed-303_budget-10_strategy-uncertainty_symmetry-symmetric_average/result.json,27a2e4d8e4bbb716a155cbdd9a56657d218464f3ce79f69cc733b1b70b7c15b9,,0.26666666666666666,0.033333333333333326,0.033333333333333326,0.033333333333333326
303,10,uncertainty_diversity,left_half_mirror,,,,,,seed-303_budget-10_strategy-uncertainty_diversity_symmetry-left_half_mirror,0.3,0.4666666666666667,0.16666666666666669,new_benchmark_run,../results/local_runs/selection_benchmark/stage2_symmetry_factorial/jobs/seed-303_budget-10_strategy-uncertainty_diversity_symmetry-left_half_mirror/result.json,7caef986d4cf9a50c5fc09383861766ca8852ed1f6cf76d889025009cfbcb075,,0.26666666666666666,-0.033333333333333326,0.2,0.2
303,10,uncertainty_diversity,symmetric_average,,,,,,seed-303_budget-10_strategy-uncertainty_diversity_symmetry-symmetric_average,0.23333333333333334,0.13333333333333333,-0.1,new_benchmark_run,../results/local_runs/selection_benchmark/stage2_symmetry_factorial/jobs/seed-303_budget-10_strategy-uncertainty_diversity_symmetry-symmetric_average/result.json,1170fbda413ed7d7cb3ba05ec3e1b084a5fc013cbfbdd3780768c3ca2ada5975,,0.26666666666666666,0.033333333333333326,-0.13333333333333333,-0.13333333333333333
303,10,cluster_quota_uncertainty,left_half_mirror,,,,,,seed-303_budget-10_strategy-cluster_quota_uncertainty_symmetry-left_half_mirror,0.3,0.4666666666666667,0.16666666666666669,new_benchmark_run,../results/local_runs/selection_benchmark/stage2_symmetry_factorial/jobs/seed-303_budget-10_strategy-cluster_quota_uncertainty_symmetry-left_half_mirror/result.json,ffa3b5379e3013a0ab9187642a093a82de17a29f44e3a4ea03c457832fbcfdc9,,0.26666666666666666,-0.033333333333333326,0.2,0.2
303,10,cluster_quota_uncertainty,symmetric_average,,,,,,seed-303_budget-10_strategy-cluster_quota_uncertainty_symmetry-symmetric_average,0.23333333333333334,0.3333333333333333,0.09999999999999998,new_benchmark_run,../results/local_runs/selection_benchmark/stage2_symmetry_factorial/jobs/seed-303_budget-10_strategy-cluster_quota_uncertainty_symmetry-symmetric_average/result.json,29949374eff164ac5acf3ea8e978eef143fe5dd7bcf966b2ed4a3b44d7e9f226,,0.26666666666666666,0.033333333333333326,0.06666666666666665,0.06666666666666665
303,10,core_set,left_half_mirror,,,,,,seed-303_budget-10_strategy-core_set_symmetry-left_half_mirror,0.3,0.3,0.0,new_benchmark_run,../results/local_runs/selection_benchmark/stage2_symmetry_factorial/jobs/seed-303_budget-10_strategy-core_set_symmetry-left_half_mirror/result.json,e25634746e5f07660f347b22ad8cd485fc9be15aad7e62d113a63e3c3a344fd7,,0.26666666666666666,-0.033333333333333326,0.033333333333333326,0.033333333333333326
303,10,core_set,symmetric_average,,,,,,seed-303_budget-10_strategy-core_set_symmetry-symmetric_average,0.23333333333333334,0.3,0.06666666666666665,new_benchmark_run,../results/local_runs/selection_benchmark/stage2_symmetry_factorial/jobs/seed-303_budget-10_strategy-core_set_symmetry-symmetric_average/result.json,1c2db4dc0fb675a4a4177a45922624e3e725f0e657f65908c20ef9705026918d,,0.26666666666666666,0.033333333333333326,0.033333333333333326,0.033333333333333326
303,25,random,left_half_mirror,,,,,,seed-303_budget-25_strategy-random_symmetry-left_half_mirror,0.3,0.26666666666666666,-0.033333333333333326,new_benchmark_run,../results/local_runs/selection_benchmark/stage2_symmetry_factorial/jobs/seed-303_budget-25_strategy-random_symmetry-left_half_mirror/result.json,e44b8d6551fdd1a58f8b2e2c0ddf0bfc29c7f5f6bf16f6b00401c1bfb125d57d,,0.26666666666666666,-0.033333333333333326,0.0,0.0
303,25,random,symmetric_average,,,,,,seed-303_budget-25_strategy-random_symmetry-symmetric_average,0.23333333333333334,0.26666666666666666,0.033333333333333326,new_benchmark_run,../results/local_runs/selection_benchmark/stage2_symmetry_factorial/jobs/seed-303_budget-25_strategy-random_symmetry-symmetric_average/result.json,536901765e902dda1f46db90b070f5828f38246022c7037e469129f5d94f3825,,0.26666666666666666,0.033333333333333326,0.0,0.0
303,25,uncertainty,left_half_mirror,,,,,,seed-303_budget-25_strategy-uncertainty_symmetry-left_half_mirror,0.3,0.23333333333333334,-0.06666666666666665,new_benchmark_run,../results/local_runs/selection_benchmark/stage2_symmetry_factorial/jobs/seed-303_budget-25_strategy-uncertainty_symmetry-left_half_mirror/result.json,536dd255f6a8ca93c0e968a1a19721930b6ca9b070347f395cf9eb4771da5f4c,,0.26666666666666666,-0.033333333333333326,-0.033333333333333326,-0.033333333333333326
303,25,uncertainty,symmetric_average,,,,,,seed-303_budget-25_strategy-uncertainty_symmetry-symmetric_average,0.23333333333333334,0.5,0.26666666666666666,new_benchmark_run,../results/local_runs/selection_benchmark/stage2_symmetry_factorial/jobs/seed-303_budget-25_strategy-uncertainty_symmetry-symmetric_average/result.json,8dde3dc4b9c61e527abf1b66f33e693da9076ff523b126e5bec3ba6906ccbafd,,0.26666666666666666,0.033333333333333326,0.23333333333333334,0.23333333333333334
303,25,uncertainty_diversity,left_half_mirror,,,,,,seed-303_budget-25_strategy-uncertainty_diversity_symmetry-left_half_mirror,0.3,0.3,0.0,new_benchmark_run,../results/local_runs/selection_benchmark/stage2_symmetry_factorial/jobs/seed-303_budget-25_strategy-uncertainty_diversity_symmetry-left_half_mirror/result.json,f99451a382feda90b7a91d11719dd74bbf441c119379010cc196a46e0e0f797d,,0.26666666666666666,-0.033333333333333326,0.033333333333333326,0.033333333333333326
303,25,uncertainty_diversity,symmetric_average,,,,,,seed-303_budget-25_strategy-uncertainty_diversity_symmetry-symmetric_average,0.23333333333333334,0.4666666666666667,0.23333333333333334,new_benchmark_run,../results/local_runs/selection_benchmark/stage2_symmetry_factorial/jobs/seed-303_budget-25_strategy-uncertainty_diversity_symmetry-symmetric_average/result.json,50d61c2509b77b0ee44b248dfad64503b9b35fc57e880f054653c718c878bacc,,0.26666666666666666,0.033333333333333326,0.2,0.2
303,25,cluster_quota_uncertainty,left_half_mirror,,,,,,seed-303_budget-25_strategy-cluster_quota_uncertainty_symmetry-left_half_mirror,0.3,0.3,0.0,new_benchmark_run,../results/local_runs/selection_benchmark/stage2_symmetry_factorial/jobs/seed-303_budget-25_strategy-cluster_quota_uncertainty_symmetry-left_half_mirror/result.json,8bf4c94267f74e2f39d1d61259e237fbd85071ef320ec2e2e106c9cf2f923aff,,0.26666666666666666,-0.033333333333333326,0.033333333333333326,0.033333333333333326
303,25,cluster_quota_uncertainty,symmetric_average,,,,,,seed-303_budget-25_strategy-cluster_quota_uncertainty_symmetry-symmetric_average,0.23333333333333334,0.16666666666666666,-0.06666666666666668,new_benchmark_run,../results/local_runs/selection_benchmark/stage2_symmetry_factorial/jobs/seed-303_budget-25_strategy-cluster_quota_uncertainty_symmetry-symmetric_average/result.json,66a4fd38035ac9e2f72ea03db2d02d0ed95b3bf10d332bc280c4c18383daa85c,,0.26666666666666666,0.033333333333333326,-0.1,-0.1
303,25,core_set,left_half_mirror,,,,,,seed-303_budget-25_strategy-core_set_symmetry-left_half_mirror,0.3,0.1,-0.19999999999999998,new_benchmark_run,../results/local_runs/selection_benchmark/stage2_symmetry_factorial/jobs/seed-303_budget-25_strategy-core_set_symmetry-left_half_mirror/result.json,9197961503e9187727ce5b943b7703634ece2910d698608ff706400a9e966b25,,0.26666666666666666,-0.033333333333333326,-0.16666666666666666,-0.16666666666666666
303,25,core_set,symmetric_average,,,,,,seed-303_budget-25_strategy-core_set_symmetry-symmetric_average,0.23333333333333334,0.5666666666666667,0.3333333333333333,new_benchmark_run,../results/local_runs/selection_benchmark/stage2_symmetry_factorial/jobs/seed-303_budget-25_strategy-core_set_symmetry-symmetric_average/result.json,bc3d9fdb2c82e584f2e2af3a765cc7155ea9759c493baaf475d226588f1e8e91,,0.26666666666666666,0.033333333333333326,0.3,0.3
303,50,random,left_half_mirror,,,,,,seed-303_budget-50_strategy-random_symmetry-left_half_mirror,0.3,0.16666666666666666,-0.13333333333333333,new_benchmark_run,../results/local_runs/selection_benchmark/stage2_symmetry_factorial/jobs/seed-303_budget-50_strategy-random_symmetry-left_half_mirror/result.json,5b6e25d4daa9701720e1fd49bbb1e5321b921638e2d3b916c83c6c19f161a8d6,,0.16666666666666666,-0.13333333333333333,0.0,0.0
303,50,random,symmetric_average,,,,,,seed-303_budget-50_strategy-random_symmetry-symmetric_average,0.23333333333333334,0.5333333333333333,0.3,new_benchmark_run,../results/local_runs/selection_benchmark/stage2_symmetry_factorial/jobs/seed-303_budget-50_strategy-random_symmetry-symmetric_average/result.json,7c2695c2a38b6129974cab43f97399189acf5edc75711651b7cbeccd882ba10d,,0.5333333333333333,0.3,0.0,0.0
303,50,uncertainty,left_half_mirror,,,,,,seed-303_budget-50_strategy-uncertainty_symmetry-left_half_mirror,0.3,0.5333333333333333,0.23333333333333334,new_benchmark_run,../results/local_runs/selection_benchmark/stage2_symmetry_factorial/jobs/seed-303_budget-50_strategy-uncertainty_symmetry-left_half_mirror/result.json,a024f9f9f2372ca3d24d4b08376ebac3535e4ee6df218c8d5a28caa7f6a9f1ad,,0.16666666666666666,-0.13333333333333333,0.3666666666666667,0.3666666666666667
303,50,uncertainty,symmetric_average,,,,,,seed-303_budget-50_strategy-uncertainty_symmetry-symmetric_average,0.23333333333333334,0.3333333333333333,0.09999999999999998,new_benchmark_run,../results/local_runs/selection_benchmark/stage2_symmetry_factorial/jobs/seed-303_budget-50_strategy-uncertainty_symmetry-symmetric_average/result.json,9793a7d9328a87e038258594f0081a87c9b9db83b44c94b05eb191b770738e1b,,0.5333333333333333,0.3,-0.2,-0.2
303,50,uncertainty_diversity,left_half_mirror,,,,,,seed-303_budget-50_strategy-uncertainty_diversity_symmetry-left_half_mirror,0.3,0.43333333333333335,0.13333333333333336,new_benchmark_run,../results/local_runs/selection_benchmark/stage2_symmetry_factorial/jobs/seed-303_budget-50_strategy-uncertainty_diversity_symmetry-left_half_mirror/result.json,f542a2a0b15c8191b9b2da3a7be98edd6c7e380727b127e2cbd741c792778d12,,0.16666666666666666,-0.13333333333333333,0.2666666666666667,0.2666666666666667
303,50,uncertainty_diversity,symmetric_average,,,,,,seed-303_budget-50_strategy-uncertainty_diversity_symmetry-symmetric_average,0.23333333333333334,0.43333333333333335,0.2,new_benchmark_run,../results/local_runs/selection_benchmark/stage2_symmetry_factorial/jobs/seed-303_budget-50_strategy-uncertainty_diversity_symmetry-symmetric_average/result.json,cce5563888e379fd01285f86eef4d863a99ca688ef42a9e5a84ead4e128beca9,,0.5333333333333333,0.3,-0.09999999999999998,-0.09999999999999998
303,50,cluster_quota_uncertainty,left_half_mirror,,,,,,seed-303_budget-50_strategy-cluster_quota_uncertainty_symmetry-left_half_mirror,0.3,0.4666666666666667,0.16666666666666669,new_benchmark_run,../results/local_runs/selection_benchmark/stage2_symmetry_factorial/jobs/seed-303_budget-50_strategy-cluster_quota_uncertainty_symmetry-left_half_mirror/result.json,e37ca802ea07d49e22074f6fdd1ca6e387b87eb01e6623a14bf7dfecbff36cb2,,0.16666666666666666,-0.13333333333333333,0.30000000000000004,0.30000000000000004
303,50,cluster_quota_uncertainty,symmetric_average,,,,,,seed-303_budget-50_strategy-cluster_quota_uncertainty_symmetry-symmetric_average,0.23333333333333334,0.2,-0.033333333333333326,new_benchmark_run,../results/local_runs/selection_benchmark/stage2_symmetry_factorial/jobs/seed-303_budget-50_strategy-cluster_quota_uncertainty_symmetry-symmetric_average/result.json,d4ee006a6907d37666a037eff59ed15cbbaa344dce6ea99b694347676c69c9de,,0.5333333333333333,0.3,-0.3333333333333333,-0.3333333333333333
303,50,core_set,left_half_mirror,,,,,,seed-303_budget-50_strategy-core_set_symmetry-left_half_mirror,0.3,0.5333333333333333,0.23333333333333334,new_benchmark_run,../results/local_runs/selection_benchmark/stage2_symmetry_factorial/jobs/seed-303_budget-50_strategy-core_set_symmetry-left_half_mirror/result.json,01e99741a2d762cdb1e4f12a91ff5d3863cd61b071b09de9ffb8d5bd374edcc5,,0.16666666666666666,-0.13333333333333333,0.3666666666666667,0.3666666666666667
303,50,core_set,symmetric_average,,,,,,seed-303_budget-50_strategy-core_set_symmetry-symmetric_average,0.23333333333333334,0.5333333333333333,0.3,new_benchmark_run,../results/local_runs/selection_benchmark/stage2_symmetry_factorial/jobs/seed-303_budget-50_strategy-core_set_symmetry-symmetric_average/result.json,c4e61dcb1abbe62b2e2792cf69631ccca62e27a5022bb8a3d5a9d483f6812f4c,,0.5333333333333333,0.3,0.0,0.0
303,75,random,left_half_mirror,,,,,,seed-303_budget-75_strategy-random_symmetry-left_half_mirror,0.3,0.7,0.39999999999999997,new_benchmark_run,../results/local_runs/selection_benchmark/stage2_symmetry_factorial/jobs/seed-303_budget-75_strategy-random_symmetry-left_half_mirror/result.json,74918225c2f91af08fcd6b445937b5cce75559051c8c5b27b60e9d768ef2da46,,0.7,0.39999999999999997,0.0,0.0
303,75,random,symmetric_average,,,,,,seed-303_budget-75_strategy-random_symmetry-symmetric_average,0.23333333333333334,0.6666666666666666,0.4333333333333333,new_benchmark_run,../results/local_runs/selection_benchmark/stage2_symmetry_factorial/jobs/seed-303_budget-75_strategy-random_symmetry-symmetric_average/result.json,765a84cdd22238394bc2b19fb8605937b00a170081907fea4973e518c9f1f179,,0.6666666666666666,0.4333333333333333,0.0,0.0
303,75,uncertainty,left_half_mirror,,,,,,seed-303_budget-75_strategy-uncertainty_symmetry-left_half_mirror,0.3,0.2,-0.09999999999999998,new_benchmark_run,../results/local_runs/selection_benchmark/stage2_symmetry_factorial/jobs/seed-303_budget-75_strategy-uncertainty_symmetry-left_half_mirror/result.json,2cbfaee2abb489f802854179b908326b9d99c13eba8ece37762807771b7b5798,,0.7,0.39999999999999997,-0.49999999999999994,-0.49999999999999994
303,75,uncertainty,symmetric_average,,,,,,seed-303_budget-75_strategy-uncertainty_symmetry-symmetric_average,0.23333333333333334,0.36666666666666664,0.1333333333333333,new_benchmark_run,../results/local_runs/selection_benchmark/stage2_symmetry_factorial/jobs/seed-303_budget-75_strategy-uncertainty_symmetry-symmetric_average/result.json,4eb32410e1b95580955b2e7b6145079b50bd2b510602c31a4e4c6205131f17c6,,0.6666666666666666,0.4333333333333333,-0.3,-0.3
303,75,uncertainty_diversity,left_half_mirror,,,,,,seed-303_budget-75_strategy-uncertainty_diversity_symmetry-left_half_mirror,0.3,0.26666666666666666,-0.033333333333333326,new_benchmark_run,../results/local_runs/selection_benchmark/stage2_symmetry_factorial/jobs/seed-303_budget-75_strategy-uncertainty_diversity_symmetry-left_half_mirror/result.json,a119695252d408fe437f82f5c4a2f2764b84859204bd4b61129bca7a14c619c2,,0.7,0.39999999999999997,-0.4333333333333333,-0.4333333333333333
303,75,uncertainty_diversity,symmetric_average,,,,,,seed-303_budget-75_strategy-uncertainty_diversity_symmetry-symmetric_average,0.23333333333333334,0.3333333333333333,0.09999999999999998,new_benchmark_run,../results/local_runs/selection_benchmark/stage2_symmetry_factorial/jobs/seed-303_budget-75_strategy-uncertainty_diversity_symmetry-symmetric_average/result.json,c3694bb89167581ffbe2281f84a3274a9df3246826a5785c902016d4d6a11544,,0.6666666666666666,0.4333333333333333,-0.3333333333333333,-0.3333333333333333
303,75,cluster_quota_uncertainty,left_half_mirror,,,,,,seed-303_budget-75_strategy-cluster_quota_uncertainty_symmetry-left_half_mirror,0.3,0.5666666666666667,0.26666666666666666,new_benchmark_run,../results/local_runs/selection_benchmark/stage2_symmetry_factorial/jobs/seed-303_budget-75_strategy-cluster_quota_uncertainty_symmetry-left_half_mirror/result.json,ffe5f089be1e060d2892f84657e0998817285fa16efa521a952d09db54d5b2a1,,0.7,0.39999999999999997,-0.1333333333333333,-0.1333333333333333
303,75,cluster_quota_uncertainty,symmetric_average,,,,,,seed-303_budget-75_strategy-cluster_quota_uncertainty_symmetry-symmetric_average,0.23333333333333334,0.7333333333333333,0.49999999999999994,new_benchmark_run,../results/local_runs/selection_benchmark/stage2_symmetry_factorial/jobs/seed-303_budget-75_strategy-cluster_quota_uncertainty_symmetry-symmetric_average/result.json,a685bb96fdefbffc97bfc712bb4d6404a26137a6b67d58d3cfdb9ea40162a1c5,,0.6666666666666666,0.4333333333333333,0.06666666666666665,0.06666666666666665
303,75,core_set,left_half_mirror,,,,,,seed-303_budget-75_strategy-core_set_symmetry-left_half_mirror,0.3,0.5,0.2,new_benchmark_run,../results/local_runs/selection_benchmark/stage2_symmetry_factorial/jobs/seed-303_budget-75_strategy-core_set_symmetry-left_half_mirror/result.json,579eaf6a1399696a4cc29f5e19462637636183a9ff006544222e2fbcc94dc2af,,0.7,0.39999999999999997,-0.19999999999999996,-0.19999999999999996
303,75,core_set,symmetric_average,,,,,,seed-303_budget-75_strategy-core_set_symmetry-symmetric_average,0.23333333333333334,0.5333333333333333,0.3,new_benchmark_run,../results/local_runs/selection_benchmark/stage2_symmetry_factorial/jobs/seed-303_budget-75_strategy-core_set_symmetry-symmetric_average/result.json,dfa0237417b79440f8d98535ff58c9ea57e51112dced1e2ac62ced531eca909f,,0.6666666666666666,0.4333333333333333,-0.1333333333333333,-0.1333333333333333
303,100,random,left_half_mirror,,,,,,seed-303_budget-100_strategy-random_symmetry-left_half_mirror,0.3,0.7,0.39999999999999997,new_benchmark_run,../results/local_runs/selection_benchmark/stage2_symmetry_factorial/jobs/seed-303_budget-100_strategy-random_symmetry-left_half_mirror/result.json,5897b0d0ef8474d6c882abf0b8ed28101d6c2a7f5a7cd86b75a0a6626e616cea,,0.7,0.39999999999999997,0.0,0.0
303,100,random,symmetric_average,,,,,,seed-303_budget-100_strategy-random_symmetry-symmetric_average,0.23333333333333334,0.43333333333333335,0.2,new_benchmark_run,../results/local_runs/selection_benchmark/stage2_symmetry_factorial/jobs/seed-303_budget-100_strategy-random_symmetry-symmetric_average/result.json,f75b07c4fb1d542c3b3be0e75e75abf13b84a64d3b37109864e7e37e30126d0a,,0.43333333333333335,0.2,0.0,0.0
303,100,uncertainty,left_half_mirror,,,,,,seed-303_budget-100_strategy-uncertainty_symmetry-left_half_mirror,0.3,0.3,0.0,new_benchmark_run,../results/local_runs/selection_benchmark/stage2_symmetry_factorial/jobs/seed-303_budget-100_strategy-uncertainty_symmetry-left_half_mirror/result.json,4a2d078716e9c5bfaeff4efdd3b434b546debc160415ffb0d8141ae5bd8c616c,,0.7,0.39999999999999997,-0.39999999999999997,-0.39999999999999997
303,100,uncertainty,symmetric_average,,,,,,seed-303_budget-100_strategy-uncertainty_symmetry-symmetric_average,0.23333333333333334,0.26666666666666666,0.033333333333333326,new_benchmark_run,../results/local_runs/selection_benchmark/stage2_symmetry_factorial/jobs/seed-303_budget-100_strategy-uncertainty_symmetry-symmetric_average/result.json,37612ba6a03f7a3c6d1b7447d8b51154a220b1b74c234649de9ed29798cb2ab0,,0.43333333333333335,0.2,-0.16666666666666669,-0.16666666666666669
303,100,uncertainty_diversity,left_half_mirror,,,,,,seed-303_budget-100_strategy-uncertainty_diversity_symmetry-left_half_mirror,0.3,0.5333333333333333,0.23333333333333334,new_benchmark_run,../results/local_runs/selection_benchmark/stage2_symmetry_factorial/jobs/seed-303_budget-100_strategy-uncertainty_diversity_symmetry-left_half_mirror/result.json,e9e732fc46f7e49403adca6a89e85241c82cafeb9d63838eb04dcf9d4a5acc81,,0.7,0.39999999999999997,-0.16666666666666663,-0.16666666666666663
303,100,uncertainty_diversity,symmetric_average,,,,,,seed-303_budget-100_strategy-uncertainty_diversity_symmetry-symmetric_average,0.23333333333333334,0.5333333333333333,0.3,new_benchmark_run,../results/local_runs/selection_benchmark/stage2_symmetry_factorial/jobs/seed-303_budget-100_strategy-uncertainty_diversity_symmetry-symmetric_average/result.json,5fa25e33010bd7a2ba8a0000268a641c7388cf641b65eacd1929a7aca74ad2b5,,0.43333333333333335,0.2,0.09999999999999998,0.09999999999999998
303,100,cluster_quota_uncertainty,left_half_mirror,,,,,,seed-303_budget-100_strategy-cluster_quota_uncertainty_symmetry-left_half_mirror,0.3,0.4666666666666667,0.16666666666666669,new_benchmark_run,../results/local_runs/selection_benchmark/stage2_symmetry_factorial/jobs/seed-303_budget-100_strategy-cluster_quota_uncertainty_symmetry-left_half_mirror/result.json,074b02578c5c7b91e00486b127eeb619cd4d55a05d1e86a2b042e46c80f1dbfa,,0.7,0.39999999999999997,-0.23333333333333328,-0.23333333333333328
303,100,cluster_quota_uncertainty,symmetric_average,,,,,,seed-303_budget-100_strategy-cluster_quota_uncertainty_symmetry-symmetric_average,0.23333333333333334,0.5,0.26666666666666666,new_benchmark_run,../results/local_runs/selection_benchmark/stage2_symmetry_factorial/jobs/seed-303_budget-100_strategy-cluster_quota_uncertainty_symmetry-symmetric_average/result.json,586dd6cdc65bd4f09778068a646e957971d1c09f1462ebbe94c4a29fa182e114,,0.43333333333333335,0.2,0.06666666666666665,0.06666666666666665
303,100,core_set,left_half_mirror,,,,,,seed-303_budget-100_strategy-core_set_symmetry-left_half_mirror,0.3,0.4,0.10000000000000003,new_benchmark_run,../results/local_runs/selection_benchmark/stage2_symmetry_factorial/jobs/seed-303_budget-100_strategy-core_set_symmetry-left_half_mirror/result.json,35dc400160070a46d42fa6e8bd01fe15f20d629f8d01feb5900be71c5d369987,,0.7,0.39999999999999997,-0.29999999999999993,-0.29999999999999993
303,100,core_set,symmetric_average,,,,,,seed-303_budget-100_strategy-core_set_symmetry-symmetric_average,0.23333333333333334,0.4,0.16666666666666669,new_benchmark_run,../results/local_runs/selection_benchmark/stage2_symmetry_factorial/jobs/seed-303_budget-100_strategy-core_set_symmetry-symmetric_average/result.json,f197031c2e79dc4dfc39fb9677493be70ea94a4d066a866442ee4da7c7e8a8be,,0.43333333333333335,0.2,-0.033333333333333326,-0.033333333333333326
