Image1_Path,Image1_Name,Image2_Path,Image2_Name,Reconstruction_Type,Winner,Labeler_Name,Notes,Created_At,Brightness_1,Brightness_2,Confidence,canonical_type,pair_id,resolved_img1,resolved_img2,type_idx,confidence_weight
Trajectories/2022-02-04/044_RR220204A_348C_0157.bmp,044_RR220204A_348C_0157.bmp,Trajectories/2022-02-04/059_RR220204A_180C_0211.bmp,059_RR220204A_180C_0211.bmp,(1 x 1),1,SY,,2025-12-10T17:02:50.595070,,,,(1 x 1),Trajectories/2022-02-04/044_RR220204A_348C_0157.bmp || Trajectories/2022-02-04/059_RR220204A_180C_0211.bmp,/content/rl_quantum_2026summer/data/original data/Trajectories/2022-02-04/044_RR220204A_348C_0157.bmp,/content/rl_quantum_2026summer/data/original data/Trajectories/2022-02-04/059_RR220204A_180C_0211.bmp,0,1.0
Trajectories/2022-02-04/044_RR220204A_348C_0157.bmp,044_RR220204A_348C_0157.bmp,Trajectories/2022-02-04/059_RR220204A_180C_0211.bmp,059_RR220204A_180C_0211.bmp,(√13 x √13),1,SY,,2025-12-10T17:02:51.649320,,,,(√13 x √13),Trajectories/2022-02-04/044_RR220204A_348C_0157.bmp || Trajectories/2022-02-04/059_RR220204A_180C_0211.bmp,/content/rl_quantum_2026summer/data/original data/Trajectories/2022-02-04/044_RR220204A_348C_0157.bmp,/content/rl_quantum_2026summer/data/original data/Trajectories/2022-02-04/059_RR220204A_180C_0211.bmp,3,1.0
Trajectories/2022-02-04/044_RR220204A_348C_0157.bmp,044_RR220204A_348C_0157.bmp,Trajectories/2022-02-04/059_RR220204A_180C_0211.bmp,059_RR220204A_180C_0211.bmp,Twinned(2 x 1),1,SY,,2025-12-10T17:02:52.338417,,,,Twinned(2 x 1),Trajectories/2022-02-04/044_RR220204A_348C_0157.bmp || Trajectories/2022-02-04/059_RR220204A_180C_0211.bmp,/content/rl_quantum_2026summer/data/original data/Trajectories/2022-02-04/044_RR220204A_348C_0157.bmp,/content/rl_quantum_2026summer/data/original data/Trajectories/2022-02-04/059_RR220204A_180C_0211.bmp,1,1.0
Trajectories/2022-02-04/044_RR220204A_348C_0157.bmp,044_RR220204A_348C_0157.bmp,Trajectories/2022-02-04/059_RR220204A_180C_0211.bmp,059_RR220204A_180C_0211.bmp,HTR,not_apply,SY,,2025-12-10T17:02:53.031443,,,,HTR,Trajectories/2022-02-04/044_RR220204A_348C_0157.bmp || Trajectories/2022-02-04/059_RR220204A_180C_0211.bmp,/content/rl_quantum_2026summer/data/original data/Trajectories/2022-02-04/044_RR220204A_348C_0157.bmp,/content/rl_quantum_2026summer/data/original data/Trajectories/2022-02-04/059_RR220204A_180C_0211.bmp,4,1.0
Trajectories/2022-02-04/044_RR220204A_348C_0157.bmp,044_RR220204A_348C_0157.bmp,Trajectories/2022-02-04/059_RR220204A_180C_0211.bmp,059_RR220204A_180C_0211.bmp,c(6 x 2),not_apply,SY,,2025-12-10T17:02:53.743362,,,,c(6 x 2),Trajectories/2022-02-04/044_RR220204A_348C_0157.bmp || Trajectories/2022-02-04/059_RR220204A_180C_0211.bmp,/content/rl_quantum_2026summer/data/original data/Trajectories/2022-02-04/044_RR220204A_348C_0157.bmp,/content/rl_quantum_2026summer/data/original data/Trajectories/2022-02-04/059_RR220204A_180C_0211.bmp,2,1.0
Trajectories/2022-02-04/356_RR220204A_949C_2144.bmp,356_RR220204A_949C_2144.bmp,Trajectories/2022-02-04/266_RR220204A_783C_1938.bmp,266_RR220204A_783C_1938.bmp,Twinned(2 x 1),tie,HL,,2026-01-05T23:06:20.933551,305.0,322.0,Confident,Twinned(2 x 1),Trajectories/2022-02-04/266_RR220204A_783C_1938.bmp || Trajectories/2022-02-04/356_RR220204A_949C_2144.bmp,/content/rl_quantum_2026summer/data/original data/Trajectories/2022-02-04/356_RR220204A_949C_2144.bmp,/content/rl_quantum_2026summer/data/original data/Trajectories/2022-02-04/266_RR220204A_783C_1938.bmp,1,1.0
Trajectories/2022-02-04/356_RR220204A_949C_2144.bmp,356_RR220204A_949C_2144.bmp,Trajectories/2022-02-04/266_RR220204A_783C_1938.bmp,266_RR220204A_783C_1938.bmp,(√13 x √13),tie,HL,,2026-01-05T23:06:22.247845,305.0,322.0,Confident,(√13 x √13),Trajectories/2022-02-04/266_RR220204A_783C_1938.bmp || Trajectories/2022-02-04/356_RR220204A_949C_2144.bmp,/content/rl_quantum_2026summer/data/original data/Trajectories/2022-02-04/356_RR220204A_949C_2144.bmp,/content/rl_quantum_2026summer/data/original data/Trajectories/2022-02-04/266_RR220204A_783C_1938.bmp,3,1.0
Trajectories/2022-02-04/356_RR220204A_949C_2144.bmp,356_RR220204A_949C_2144.bmp,Trajectories/2022-02-04/266_RR220204A_783C_1938.bmp,266_RR220204A_783C_1938.bmp,(1 x 1),tie,HL,,2026-01-05T23:06:23.437401,305.0,322.0,Confident,(1 x 1),Trajectories/2022-02-04/266_RR220204A_783C_1938.bmp || Trajectories/2022-02-04/356_RR220204A_949C_2144.bmp,/content/rl_quantum_2026summer/data/original data/Trajectories/2022-02-04/356_RR220204A_949C_2144.bmp,/content/rl_quantum_2026summer/data/original data/Trajectories/2022-02-04/266_RR220204A_783C_1938.bmp,0,1.0
Trajectories/2022-02-04/356_RR220204A_949C_2144.bmp,356_RR220204A_949C_2144.bmp,Trajectories/2022-02-04/266_RR220204A_783C_1938.bmp,266_RR220204A_783C_1938.bmp,c(6 x 2),not_apply,HL,,2026-01-05T23:06:24.468567,305.0,322.0,Confident,c(6 x 2),Trajectories/2022-02-04/266_RR220204A_783C_1938.bmp || Trajectories/2022-02-04/356_RR220204A_949C_2144.bmp,/content/rl_quantum_2026summer/data/original data/Trajectories/2022-02-04/356_RR220204A_949C_2144.bmp,/content/rl_quantum_2026summer/data/original data/Trajectories/2022-02-04/266_RR220204A_783C_1938.bmp,2,1.0
Trajectories/2022-02-04/356_RR220204A_949C_2144.bmp,356_RR220204A_949C_2144.bmp,Trajectories/2022-02-04/266_RR220204A_783C_1938.bmp,266_RR220204A_783C_1938.bmp,HTR,not_apply,HL,,2026-01-05T23:06:25.576622,305.0,322.0,Confident,HTR,Trajectories/2022-02-04/266_RR220204A_783C_1938.bmp || Trajectories/2022-02-04/356_RR220204A_949C_2144.bmp,/content/rl_quantum_2026summer/data/original data/Trajectories/2022-02-04/356_RR220204A_949C_2144.bmp,/content/rl_quantum_2026summer/data/original data/Trajectories/2022-02-04/266_RR220204A_783C_1938.bmp,4,1.0
Trajectories/2022-02-04/307_RR220204A_912C_2025.bmp,307_RR220204A_912C_2025.bmp,Trajectories/2022-04-11/386_RR220411A_580C_1943.bmp,386_RR220411A_580C_1943.bmp,HTR,not_apply,HL,,2025-12-15T21:30:47.452461,,,,HTR,Trajectories/2022-02-04/307_RR220204A_912C_2025.bmp || Trajectories/2022-04-11/386_RR220411A_580C_1943.bmp,/content/rl_quantum_2026summer/data/original data/Trajectories/2022-02-04/307_RR220204A_912C_2025.bmp,/content/rl_quantum_2026summer/data/original data/Trajectories/2022-04-11/386_RR220411A_580C_1943.bmp,4,1.0
Trajectories/2022-02-04/307_RR220204A_912C_2025.bmp,307_RR220204A_912C_2025.bmp,Trajectories/2022-04-11/386_RR220411A_580C_1943.bmp,386_RR220411A_580C_1943.bmp,Twinned(2 x 1),1,HL,,2025-12-15T21:30:48.774165,,,,Twinned(2 x 1),Trajectories/2022-02-04/307_RR220204A_912C_2025.bmp || Trajectories/2022-04-11/386_RR220411A_580C_1943.bmp,/content/rl_quantum_2026summer/data/original data/Trajectories/2022-02-04/307_RR220204A_912C_2025.bmp,/content/rl_quantum_2026summer/data/original data/Trajectories/2022-04-11/386_RR220411A_580C_1943.bmp,1,1.0
Trajectories/2022-02-04/307_RR220204A_912C_2025.bmp,307_RR220204A_912C_2025.bmp,Trajectories/2022-04-11/386_RR220411A_580C_1943.bmp,386_RR220411A_580C_1943.bmp,(1 x 1),not_apply,HL,,2025-12-15T21:30:49.989237,,,,(1 x 1),Trajectories/2022-02-04/307_RR220204A_912C_2025.bmp || Trajectories/2022-04-11/386_RR220411A_580C_1943.bmp,/content/rl_quantum_2026summer/data/original data/Trajectories/2022-02-04/307_RR220204A_912C_2025.bmp,/content/rl_quantum_2026summer/data/original data/Trajectories/2022-04-11/386_RR220411A_580C_1943.bmp,0,1.0
Trajectories/2022-02-04/307_RR220204A_912C_2025.bmp,307_RR220204A_912C_2025.bmp,Trajectories/2022-04-11/386_RR220411A_580C_1943.bmp,386_RR220411A_580C_1943.bmp,c(6 x 2),2,HL,,2025-12-15T21:30:51.298834,,,,c(6 x 2),Trajectories/2022-02-04/307_RR220204A_912C_2025.bmp || Trajectories/2022-04-11/386_RR220411A_580C_1943.bmp,/content/rl_quantum_2026summer/data/original data/Trajectories/2022-02-04/307_RR220204A_912C_2025.bmp,/content/rl_quantum_2026summer/data/original data/Trajectories/2022-04-11/386_RR220411A_580C_1943.bmp,2,1.0
Trajectories/2022-02-04/307_RR220204A_912C_2025.bmp,307_RR220204A_912C_2025.bmp,Trajectories/2022-04-11/386_RR220411A_580C_1943.bmp,386_RR220411A_580C_1943.bmp,(√13 x √13),2,HL,,2025-12-15T21:30:52.520278,,,,(√13 x √13),Trajectories/2022-02-04/307_RR220204A_912C_2025.bmp || Trajectories/2022-04-11/386_RR220411A_580C_1943.bmp,/content/rl_quantum_2026summer/data/original data/Trajectories/2022-02-04/307_RR220204A_912C_2025.bmp,/content/rl_quantum_2026summer/data/original data/Trajectories/2022-04-11/386_RR220411A_580C_1943.bmp,3,1.0
Trajectories/2022-02-04/334_RR220204A_939C_2101.bmp,334_RR220204A_939C_2101.bmp,Trajectories/2022-04-11/386_RR220411A_580C_1943.bmp,386_RR220411A_580C_1943.bmp,(√13 x √13),2,HL,,2025-12-15T21:05:38.049744,,,,(√13 x √13),Trajectories/2022-02-04/334_RR220204A_939C_2101.bmp || Trajectories/2022-04-11/386_RR220411A_580C_1943.bmp,/content/rl_quantum_2026summer/data/original data/Trajectories/2022-02-04/334_RR220204A_939C_2101.bmp,/content/rl_quantum_2026summer/data/original data/Trajectories/2022-04-11/386_RR220411A_580C_1943.bmp,3,1.0
Trajectories/2022-02-04/334_RR220204A_939C_2101.bmp,334_RR220204A_939C_2101.bmp,Trajectories/2022-04-11/386_RR220411A_580C_1943.bmp,386_RR220411A_580C_1943.bmp,Twinned(2 x 1),1,HL,,2025-12-15T21:05:39.303491,,,,Twinned(2 x 1),Trajectories/2022-02-04/334_RR220204A_939C_2101.bmp || Trajectories/2022-04-11/386_RR220411A_580C_1943.bmp,/content/rl_quantum_2026summer/data/original data/Trajectories/2022-02-04/334_RR220204A_939C_2101.bmp,/content/rl_quantum_2026summer/data/original data/Trajectories/2022-04-11/386_RR220411A_580C_1943.bmp,1,1.0
Trajectories/2022-02-04/334_RR220204A_939C_2101.bmp,334_RR220204A_939C_2101.bmp,Trajectories/2022-04-11/386_RR220411A_580C_1943.bmp,386_RR220411A_580C_1943.bmp,(1 x 1),not_apply,HL,,2025-12-15T21:05:40.524589,,,,(1 x 1),Trajectories/2022-02-04/334_RR220204A_939C_2101.bmp || Trajectories/2022-04-11/386_RR220411A_580C_1943.bmp,/content/rl_quantum_2026summer/data/original data/Trajectories/2022-02-04/334_RR220204A_939C_2101.bmp,/content/rl_quantum_2026summer/data/original data/Trajectories/2022-04-11/386_RR220411A_580C_1943.bmp,0,1.0
Trajectories/2022-02-04/334_RR220204A_939C_2101.bmp,334_RR220204A_939C_2101.bmp,Trajectories/2022-04-11/386_RR220411A_580C_1943.bmp,386_RR220411A_580C_1943.bmp,c(6 x 2),2,HL,,2025-12-15T21:05:41.574937,,,,c(6 x 2),Trajectories/2022-02-04/334_RR220204A_939C_2101.bmp || Trajectories/2022-04-11/386_RR220411A_580C_1943.bmp,/content/rl_quantum_2026summer/data/original data/Trajectories/2022-02-04/334_RR220204A_939C_2101.bmp,/content/rl_quantum_2026summer/data/original data/Trajectories/2022-04-11/386_RR220411A_580C_1943.bmp,2,1.0
Trajectories/2022-02-04/334_RR220204A_939C_2101.bmp,334_RR220204A_939C_2101.bmp,Trajectories/2022-04-11/386_RR220411A_580C_1943.bmp,386_RR220411A_580C_1943.bmp,HTR,not_apply,HL,,2025-12-15T21:05:42.633171,,,,HTR,Trajectories/2022-02-04/334_RR220204A_939C_2101.bmp || Trajectories/2022-04-11/386_RR220411A_580C_1943.bmp,/content/rl_quantum_2026summer/data/original data/Trajectories/2022-02-04/334_RR220204A_939C_2101.bmp,/content/rl_quantum_2026summer/data/original data/Trajectories/2022-04-11/386_RR220411A_580C_1943.bmp,4,1.0
Trajectories/2022-04-11/374_RR220411A_625C_1937.bmp,374_RR220411A_625C_1937.bmp,Trajectories/2022-04-11/343_RR220411A_722C_1918.bmp,343_RR220411A_722C_1918.bmp,c(6 x 2),tie,SY,,2025-12-10T16:59:01.343136,,,,c(6 x 2),Trajectories/2022-04-11/343_RR220411A_722C_1918.bmp || Trajectories/2022-04-11/374_RR220411A_625C_1937.bmp,/content/rl_quantum_2026summer/data/original data/Trajectories/2022-04-11/374_RR220411A_625C_1937.bmp,/content/rl_quantum_2026summer/data/original data/Trajectories/2022-04-11/343_RR220411A_722C_1918.bmp,2,1.0
Trajectories/2022-04-11/374_RR220411A_625C_1937.bmp,374_RR220411A_625C_1937.bmp,Trajectories/2022-04-11/343_RR220411A_722C_1918.bmp,343_RR220411A_722C_1918.bmp,HTR,not_apply,SY,,2025-12-10T16:59:02.093221,,,,HTR,Trajectories/2022-04-11/343_RR220411A_722C_1918.bmp || Trajectories/2022-04-11/374_RR220411A_625C_1937.bmp,/content/rl_quantum_2026summer/data/original data/Trajectories/2022-04-11/374_RR220411A_625C_1937.bmp,/content/rl_quantum_2026summer/data/original data/Trajectories/2022-04-11/343_RR220411A_722C_1918.bmp,4,1.0
Trajectories/2022-04-11/374_RR220411A_625C_1937.bmp,374_RR220411A_625C_1937.bmp,Trajectories/2022-04-11/343_RR220411A_722C_1918.bmp,343_RR220411A_722C_1918.bmp,Twinned(2 x 1),not_apply,SY,,2025-12-10T16:59:04.003690,,,,Twinned(2 x 1),Trajectories/2022-04-11/343_RR220411A_722C_1918.bmp || Trajectories/2022-04-11/374_RR220411A_625C_1937.bmp,/content/rl_quantum_2026summer/data/original data/Trajectories/2022-04-11/374_RR220411A_625C_1937.bmp,/content/rl_quantum_2026summer/data/original data/Trajectories/2022-04-11/343_RR220411A_722C_1918.bmp,1,1.0
Trajectories/2022-04-11/374_RR220411A_625C_1937.bmp,374_RR220411A_625C_1937.bmp,Trajectories/2022-04-11/343_RR220411A_722C_1918.bmp,343_RR220411A_722C_1918.bmp,(√13 x √13),tie,SY,,2025-12-10T16:59:05.430526,,,,(√13 x √13),Trajectories/2022-04-11/343_RR220411A_722C_1918.bmp || Trajectories/2022-04-11/374_RR220411A_625C_1937.bmp,/content/rl_quantum_2026summer/data/original data/Trajectories/2022-04-11/374_RR220411A_625C_1937.bmp,/content/rl_quantum_2026summer/data/original data/Trajectories/2022-04-11/343_RR220411A_722C_1918.bmp,3,1.0
Trajectories/2022-04-11/374_RR220411A_625C_1937.bmp,374_RR220411A_625C_1937.bmp,Trajectories/2022-04-11/343_RR220411A_722C_1918.bmp,343_RR220411A_722C_1918.bmp,(1 x 1),tie,SY,,2025-12-10T16:59:06.120952,,,,(1 x 1),Trajectories/2022-04-11/343_RR220411A_722C_1918.bmp || Trajectories/2022-04-11/374_RR220411A_625C_1937.bmp,/content/rl_quantum_2026summer/data/original data/Trajectories/2022-04-11/374_RR220411A_625C_1937.bmp,/content/rl_quantum_2026summer/data/original data/Trajectories/2022-04-11/343_RR220411A_722C_1918.bmp,0,1.0
Trajectories/2022-02-06/247_RR220206A_657C_2207.bmp,247_RR220206A_657C_2207.bmp,Trajectories/2022-02-06/095_RR220206A_614C_1835.bmp,095_RR220206A_614C_1835.bmp,(1 x 1),2,AJ,,2025-12-26T08:11:46.388299,152.0,168.0,Confident,(1 x 1),Trajectories/2022-02-06/095_RR220206A_614C_1835.bmp || Trajectories/2022-02-06/247_RR220206A_657C_2207.bmp,/content/rl_quantum_2026summer/data/original data/Trajectories/2022-02-06/247_RR220206A_657C_2207.bmp,/content/rl_quantum_2026summer/data/original data/Trajectories/2022-02-06/095_RR220206A_614C_1835.bmp,0,1.0
Trajectories/2022-02-06/247_RR220206A_657C_2207.bmp,247_RR220206A_657C_2207.bmp,Trajectories/2022-02-06/095_RR220206A_614C_1835.bmp,095_RR220206A_614C_1835.bmp,Twinned(2 x 1),not_apply,AJ,,2025-12-26T08:11:47.746176,152.0,168.0,Confident,Twinned(2 x 1),Trajectories/2022-02-06/095_RR220206A_614C_1835.bmp || Trajectories/2022-02-06/247_RR220206A_657C_2207.bmp,/content/rl_quantum_2026summer/data/original data/Trajectories/2022-02-06/247_RR220206A_657C_2207.bmp,/content/rl_quantum_2026summer/data/original data/Trajectories/2022-02-06/095_RR220206A_614C_1835.bmp,1,1.0
Trajectories/2022-02-06/247_RR220206A_657C_2207.bmp,247_RR220206A_657C_2207.bmp,Trajectories/2022-02-06/095_RR220206A_614C_1835.bmp,095_RR220206A_614C_1835.bmp,c(6 x 2),not_apply,AJ,,2025-12-26T08:11:48.728063,152.0,168.0,Confident,c(6 x 2),Trajectories/2022-02-06/095_RR220206A_614C_1835.bmp || Trajectories/2022-02-06/247_RR220206A_657C_2207.bmp,/content/rl_quantum_2026summer/data/original data/Trajectories/2022-02-06/247_RR220206A_657C_2207.bmp,/content/rl_quantum_2026summer/data/original data/Trajectories/2022-02-06/095_RR220206A_614C_1835.bmp,2,1.0
Trajectories/2022-02-06/247_RR220206A_657C_2207.bmp,247_RR220206A_657C_2207.bmp,Trajectories/2022-02-06/095_RR220206A_614C_1835.bmp,095_RR220206A_614C_1835.bmp,(√13 x √13),not_apply,AJ,,2025-12-26T08:11:49.842298,152.0,168.0,Confident,(√13 x √13),Trajectories/2022-02-06/095_RR220206A_614C_1835.bmp || Trajectories/2022-02-06/247_RR220206A_657C_2207.bmp,/content/rl_quantum_2026summer/data/original data/Trajectories/2022-02-06/247_RR220206A_657C_2207.bmp,/content/rl_quantum_2026summer/data/original data/Trajectories/2022-02-06/095_RR220206A_614C_1835.bmp,3,1.0
Trajectories/2022-02-06/247_RR220206A_657C_2207.bmp,247_RR220206A_657C_2207.bmp,Trajectories/2022-02-06/095_RR220206A_614C_1835.bmp,095_RR220206A_614C_1835.bmp,HTR,1,AJ,,2025-12-26T08:11:50.799793,152.0,168.0,Confident,HTR,Trajectories/2022-02-06/095_RR220206A_614C_1835.bmp || Trajectories/2022-02-06/247_RR220206A_657C_2207.bmp,/content/rl_quantum_2026summer/data/original data/Trajectories/2022-02-06/247_RR220206A_657C_2207.bmp,/content/rl_quantum_2026summer/data/original data/Trajectories/2022-02-06/095_RR220206A_614C_1835.bmp,4,1.0
Trajectories/2022-04-11/001_RR220411A_180C_1417-01.bmp,001_RR220411A_180C_1417-01.bmp,Trajectories/2022-04-11/321_RR220411A_823C_1901.bmp,321_RR220411A_823C_1901.bmp,(1 x 1),1,HL,,2026-01-06T21:40:33.373222,280.0,280.0,Confident,(1 x 1),Trajectories/2022-04-11/001_RR220411A_180C_1417-01.bmp || Trajectories/2022-04-11/321_RR220411A_823C_1901.bmp,/content/rl_quantum_2026summer/data/original data/Trajectories/2022-04-11/001_RR220411A_180C_1417-01.bmp,/content/rl_quantum_2026summer/data/original data/Trajectories/2022-04-11/321_RR220411A_823C_1901.bmp,0,1.0
Trajectories/2022-04-11/001_RR220411A_180C_1417-01.bmp,001_RR220411A_180C_1417-01.bmp,Trajectories/2022-04-11/321_RR220411A_823C_1901.bmp,321_RR220411A_823C_1901.bmp,Twinned(2 x 1),not_apply,HL,,2026-01-06T21:40:34.275568,280.0,280.0,Confident,Twinned(2 x 1),Trajectories/2022-04-11/001_RR220411A_180C_1417-01.bmp || Trajectories/2022-04-11/321_RR220411A_823C_1901.bmp,/content/rl_quantum_2026summer/data/original data/Trajectories/2022-04-11/001_RR220411A_180C_1417-01.bmp,/content/rl_quantum_2026summer/data/original data/Trajectories/2022-04-11/321_RR220411A_823C_1901.bmp,1,1.0
Trajectories/2022-04-11/001_RR220411A_180C_1417-01.bmp,001_RR220411A_180C_1417-01.bmp,Trajectories/2022-04-11/321_RR220411A_823C_1901.bmp,321_RR220411A_823C_1901.bmp,c(6 x 2),2,HL,,2026-01-06T21:40:35.035904,280.0,280.0,Confident,c(6 x 2),Trajectories/2022-04-11/001_RR220411A_180C_1417-01.bmp || Trajectories/2022-04-11/321_RR220411A_823C_1901.bmp,/content/rl_quantum_2026summer/data/original data/Trajectories/2022-04-11/001_RR220411A_180C_1417-01.bmp,/content/rl_quantum_2026summer/data/original data/Trajectories/2022-04-11/321_RR220411A_823C_1901.bmp,2,1.0
Trajectories/2022-04-11/001_RR220411A_180C_1417-01.bmp,001_RR220411A_180C_1417-01.bmp,Trajectories/2022-04-11/321_RR220411A_823C_1901.bmp,321_RR220411A_823C_1901.bmp,(√13 x √13),2,HL,,2026-01-06T21:40:35.894092,280.0,280.0,Confident,(√13 x √13),Trajectories/2022-04-11/001_RR220411A_180C_1417-01.bmp || Trajectories/2022-04-11/321_RR220411A_823C_1901.bmp,/content/rl_quantum_2026summer/data/original data/Trajectories/2022-04-11/001_RR220411A_180C_1417-01.bmp,/content/rl_quantum_2026summer/data/original data/Trajectories/2022-04-11/321_RR220411A_823C_1901.bmp,3,1.0
Trajectories/2022-04-11/001_RR220411A_180C_1417-01.bmp,001_RR220411A_180C_1417-01.bmp,Trajectories/2022-04-11/321_RR220411A_823C_1901.bmp,321_RR220411A_823C_1901.bmp,HTR,not_apply,HL,,2026-01-06T21:40:36.603092,280.0,280.0,Confident,HTR,Trajectories/2022-04-11/001_RR220411A_180C_1417-01.bmp || Trajectories/2022-04-11/321_RR220411A_823C_1901.bmp,/content/rl_quantum_2026summer/data/original data/Trajectories/2022-04-11/001_RR220411A_180C_1417-01.bmp,/content/rl_quantum_2026summer/data/original data/Trajectories/2022-04-11/321_RR220411A_823C_1901.bmp,4,1.0
Trajectories/2022-04-11/057_RR220411A_389C_1506-01.bmp,057_RR220411A_389C_1506-01.bmp,Trajectories/2022-02-04/324_RR220204A_913C_2047.bmp,324_RR220204A_913C_2047.bmp,HTR,not_apply,Jiangang,,2026-01-05T15:53:10.648889,308.0,311.0,Confident,HTR,Trajectories/2022-02-04/324_RR220204A_913C_2047.bmp || Trajectories/2022-04-11/057_RR220411A_389C_1506-01.bmp,/content/rl_quantum_2026summer/data/original data/Trajectories/2022-04-11/057_RR220411A_389C_1506-01.bmp,/content/rl_quantum_2026summer/data/original data/Trajectories/2022-02-04/324_RR220204A_913C_2047.bmp,4,1.0
Trajectories/2022-04-11/057_RR220411A_389C_1506-01.bmp,057_RR220411A_389C_1506-01.bmp,Trajectories/2022-02-04/324_RR220204A_913C_2047.bmp,324_RR220204A_913C_2047.bmp,c(6 x 2),not_apply,Jiangang,,2026-01-05T15:53:11.575309,308.0,311.0,Confident,c(6 x 2),Trajectories/2022-02-04/324_RR220204A_913C_2047.bmp || Trajectories/2022-04-11/057_RR220411A_389C_1506-01.bmp,/content/rl_quantum_2026summer/data/original data/Trajectories/2022-04-11/057_RR220411A_389C_1506-01.bmp,/content/rl_quantum_2026summer/data/original data/Trajectories/2022-02-04/324_RR220204A_913C_2047.bmp,2,1.0
Trajectories/2022-04-11/057_RR220411A_389C_1506-01.bmp,057_RR220411A_389C_1506-01.bmp,Trajectories/2022-02-04/324_RR220204A_913C_2047.bmp,324_RR220204A_913C_2047.bmp,(√13 x √13),2,Jiangang,,2026-01-05T15:53:12.475751,308.0,311.0,Confident,(√13 x √13),Trajectories/2022-02-04/324_RR220204A_913C_2047.bmp || Trajectories/2022-04-11/057_RR220411A_389C_1506-01.bmp,/content/rl_quantum_2026summer/data/original data/Trajectories/2022-04-11/057_RR220411A_389C_1506-01.bmp,/content/rl_quantum_2026summer/data/original data/Trajectories/2022-02-04/324_RR220204A_913C_2047.bmp,3,1.0
Trajectories/2022-04-11/057_RR220411A_389C_1506-01.bmp,057_RR220411A_389C_1506-01.bmp,Trajectories/2022-02-04/324_RR220204A_913C_2047.bmp,324_RR220204A_913C_2047.bmp,(1 x 1),1,Jiangang,,2026-01-05T15:53:13.346375,308.0,311.0,Confident,(1 x 1),Trajectories/2022-02-04/324_RR220204A_913C_2047.bmp || Trajectories/2022-04-11/057_RR220411A_389C_1506-01.bmp,/content/rl_quantum_2026summer/data/original data/Trajectories/2022-04-11/057_RR220411A_389C_1506-01.bmp,/content/rl_quantum_2026summer/data/original data/Trajectories/2022-02-04/324_RR220204A_913C_2047.bmp,0,1.0
Trajectories/2022-04-11/057_RR220411A_389C_1506-01.bmp,057_RR220411A_389C_1506-01.bmp,Trajectories/2022-02-04/324_RR220204A_913C_2047.bmp,324_RR220204A_913C_2047.bmp,Twinned(2 x 1),2,Jiangang,,2026-01-05T15:53:14.291157,308.0,311.0,Confident,Twinned(2 x 1),Trajectories/2022-02-04/324_RR220204A_913C_2047.bmp || Trajectories/2022-04-11/057_RR220411A_389C_1506-01.bmp,/content/rl_quantum_2026summer/data/original data/Trajectories/2022-04-11/057_RR220411A_389C_1506-01.bmp,/content/rl_quantum_2026summer/data/original data/Trajectories/2022-02-04/324_RR220204A_913C_2047.bmp,1,1.0
Trajectories/2022-02-04/319_RR220204A_918C_2037.bmp,319_RR220204A_918C_2037.bmp,Trajectories/2022-02-04/354_RR220204A_951C_2141.bmp,354_RR220204A_951C_2141.bmp,Twinned(2 x 1),1,HL,,2025-12-15T20:53:44.999029,,,,Twinned(2 x 1),Trajectories/2022-02-04/319_RR220204A_918C_2037.bmp || Trajectories/2022-02-04/354_RR220204A_951C_2141.bmp,/content/rl_quantum_2026summer/data/original data/Trajectories/2022-02-04/319_RR220204A_918C_2037.bmp,/content/rl_quantum_2026summer/data/original data/Trajectories/2022-02-04/354_RR220204A_951C_2141.bmp,1,1.0
Trajectories/2022-02-04/319_RR220204A_918C_2037.bmp,319_RR220204A_918C_2037.bmp,Trajectories/2022-02-04/354_RR220204A_951C_2141.bmp,354_RR220204A_951C_2141.bmp,(√13 x √13),2,HL,,2025-12-15T20:53:46.240690,,,,(√13 x √13),Trajectories/2022-02-04/319_RR220204A_918C_2037.bmp || Trajectories/2022-02-04/354_RR220204A_951C_2141.bmp,/content/rl_quantum_2026summer/data/original data/Trajectories/2022-02-04/319_RR220204A_918C_2037.bmp,/content/rl_quantum_2026summer/data/original data/Trajectories/2022-02-04/354_RR220204A_951C_2141.bmp,3,1.0
Trajectories/2022-02-04/319_RR220204A_918C_2037.bmp,319_RR220204A_918C_2037.bmp,Trajectories/2022-02-04/354_RR220204A_951C_2141.bmp,354_RR220204A_951C_2141.bmp,c(6 x 2),not_apply,HL,,2025-12-15T20:53:47.203783,,,,c(6 x 2),Trajectories/2022-02-04/319_RR220204A_918C_2037.bmp || Trajectories/2022-02-04/354_RR220204A_951C_2141.bmp,/content/rl_quantum_2026summer/data/original data/Trajectories/2022-02-04/319_RR220204A_918C_2037.bmp,/content/rl_quantum_2026summer/data/original data/Trajectories/2022-02-04/354_RR220204A_951C_2141.bmp,2,1.0
Trajectories/2022-02-04/319_RR220204A_918C_2037.bmp,319_RR220204A_918C_2037.bmp,Trajectories/2022-02-04/354_RR220204A_951C_2141.bmp,354_RR220204A_951C_2141.bmp,HTR,not_apply,HL,,2025-12-15T20:53:48.266445,,,,HTR,Trajectories/2022-02-04/319_RR220204A_918C_2037.bmp || Trajectories/2022-02-04/354_RR220204A_951C_2141.bmp,/content/rl_quantum_2026summer/data/original data/Trajectories/2022-02-04/319_RR220204A_918C_2037.bmp,/content/rl_quantum_2026summer/data/original data/Trajectories/2022-02-04/354_RR220204A_951C_2141.bmp,4,1.0
Trajectories/2022-02-04/319_RR220204A_918C_2037.bmp,319_RR220204A_918C_2037.bmp,Trajectories/2022-02-04/354_RR220204A_951C_2141.bmp,354_RR220204A_951C_2141.bmp,(1 x 1),not_apply,HL,,2025-12-15T20:53:49.408823,,,,(1 x 1),Trajectories/2022-02-04/319_RR220204A_918C_2037.bmp || Trajectories/2022-02-04/354_RR220204A_951C_2141.bmp,/content/rl_quantum_2026summer/data/original data/Trajectories/2022-02-04/319_RR220204A_918C_2037.bmp,/content/rl_quantum_2026summer/data/original data/Trajectories/2022-02-04/354_RR220204A_951C_2141.bmp,0,1.0
Trajectories/2022-02-04/221_RR220204A_666C_1854.bmp,221_RR220204A_666C_1854.bmp,Trajectories/2022-02-04/339_RR220204A_938C_2110.bmp,339_RR220204A_938C_2110.bmp,(√13 x √13),tie,AJ,,2025-12-12T00:16:20.231879,,,,(√13 x √13),Trajectories/2022-02-04/221_RR220204A_666C_1854.bmp || Trajectories/2022-02-04/339_RR220204A_938C_2110.bmp,/content/rl_quantum_2026summer/data/original data/Trajectories/2022-02-04/221_RR220204A_666C_1854.bmp,/content/rl_quantum_2026summer/data/original data/Trajectories/2022-02-04/339_RR220204A_938C_2110.bmp,3,1.0
Trajectories/2022-04-11/437_RR220411A_345C_2004.bmp,437_RR220411A_345C_2004.bmp,Trajectories/2022-02-04/181_RR220204A_572C_1825.bmp,181_RR220204A_572C_1825.bmp,c(6 x 2),1,HL,,2025-12-15T21:07:11.235892,,,,c(6 x 2),Trajectories/2022-02-04/181_RR220204A_572C_1825.bmp || Trajectories/2022-04-11/437_RR220411A_345C_2004.bmp,/content/rl_quantum_2026summer/data/original data/Trajectories/2022-04-11/437_RR220411A_345C_2004.bmp,/content/rl_quantum_2026summer/data/original data/Trajectories/2022-02-04/181_RR220204A_572C_1825.bmp,2,1.0
Trajectories/2022-04-11/437_RR220411A_345C_2004.bmp,437_RR220411A_345C_2004.bmp,Trajectories/2022-02-04/181_RR220204A_572C_1825.bmp,181_RR220204A_572C_1825.bmp,HTR,not_apply,HL,,2025-12-15T21:07:12.137885,,,,HTR,Trajectories/2022-02-04/181_RR220204A_572C_1825.bmp || Trajectories/2022-04-11/437_RR220411A_345C_2004.bmp,/content/rl_quantum_2026summer/data/original data/Trajectories/2022-04-11/437_RR220411A_345C_2004.bmp,/content/rl_quantum_2026summer/data/original data/Trajectories/2022-02-04/181_RR220204A_572C_1825.bmp,4,1.0
Trajectories/2022-04-11/437_RR220411A_345C_2004.bmp,437_RR220411A_345C_2004.bmp,Trajectories/2022-02-04/181_RR220204A_572C_1825.bmp,181_RR220204A_572C_1825.bmp,(1 x 1),not_apply,HL,,2025-12-15T21:07:13.104534,,,,(1 x 1),Trajectories/2022-02-04/181_RR220204A_572C_1825.bmp || Trajectories/2022-04-11/437_RR220411A_345C_2004.bmp,/content/rl_quantum_2026summer/data/original data/Trajectories/2022-04-11/437_RR220411A_345C_2004.bmp,/content/rl_quantum_2026summer/data/original data/Trajectories/2022-02-04/181_RR220204A_572C_1825.bmp,0,1.0
Trajectories/2022-04-11/437_RR220411A_345C_2004.bmp,437_RR220411A_345C_2004.bmp,Trajectories/2022-02-04/181_RR220204A_572C_1825.bmp,181_RR220204A_572C_1825.bmp,(√13 x √13),1,HL,,2025-12-15T21:07:14.262371,,,,(√13 x √13),Trajectories/2022-02-04/181_RR220204A_572C_1825.bmp || Trajectories/2022-04-11/437_RR220411A_345C_2004.bmp,/content/rl_quantum_2026summer/data/original data/Trajectories/2022-04-11/437_RR220411A_345C_2004.bmp,/content/rl_quantum_2026summer/data/original data/Trajectories/2022-02-04/181_RR220204A_572C_1825.bmp,3,1.0
Trajectories/2022-04-11/437_RR220411A_345C_2004.bmp,437_RR220411A_345C_2004.bmp,Trajectories/2022-02-04/181_RR220204A_572C_1825.bmp,181_RR220204A_572C_1825.bmp,Twinned(2 x 1),2,HL,,2025-12-15T21:07:15.202419,,,,Twinned(2 x 1),Trajectories/2022-02-04/181_RR220204A_572C_1825.bmp || Trajectories/2022-04-11/437_RR220411A_345C_2004.bmp,/content/rl_quantum_2026summer/data/original data/Trajectories/2022-04-11/437_RR220411A_345C_2004.bmp,/content/rl_quantum_2026summer/data/original data/Trajectories/2022-02-04/181_RR220204A_572C_1825.bmp,1,1.0
Trajectories/2022-02-06/049_RR220206A_205C_1737.bmp,049_RR220206A_205C_1737.bmp,Trajectories/2022-04-11/356_RR220411A_685C_1925.bmp,356_RR220411A_685C_1925.bmp,HTR,not_apply,HL,,2025-12-15T21:27:41.883575,,,,HTR,Trajectories/2022-02-06/049_RR220206A_205C_1737.bmp || Trajectories/2022-04-11/356_RR220411A_685C_1925.bmp,/content/rl_quantum_2026summer/data/original data/Trajectories/2022-02-06/049_RR220206A_205C_1737.bmp,/content/rl_quantum_2026summer/data/original data/Trajectories/2022-04-11/356_RR220411A_685C_1925.bmp,4,1.0
Trajectories/2022-02-06/049_RR220206A_205C_1737.bmp,049_RR220206A_205C_1737.bmp,Trajectories/2022-04-11/356_RR220411A_685C_1925.bmp,356_RR220411A_685C_1925.bmp,Twinned(2 x 1),not_apply,HL,,2025-12-15T21:27:43.042098,,,,Twinned(2 x 1),Trajectories/2022-02-06/049_RR220206A_205C_1737.bmp || Trajectories/2022-04-11/356_RR220411A_685C_1925.bmp,/content/rl_quantum_2026summer/data/original data/Trajectories/2022-02-06/049_RR220206A_205C_1737.bmp,/content/rl_quantum_2026summer/data/original data/Trajectories/2022-04-11/356_RR220411A_685C_1925.bmp,1,1.0
Trajectories/2022-02-06/049_RR220206A_205C_1737.bmp,049_RR220206A_205C_1737.bmp,Trajectories/2022-04-11/356_RR220411A_685C_1925.bmp,356_RR220411A_685C_1925.bmp,(√13 x √13),2,HL,,2025-12-15T21:27:44.078270,,,,(√13 x √13),Trajectories/2022-02-06/049_RR220206A_205C_1737.bmp || Trajectories/2022-04-11/356_RR220411A_685C_1925.bmp,/content/rl_quantum_2026summer/data/original data/Trajectories/2022-02-06/049_RR220206A_205C_1737.bmp,/content/rl_quantum_2026summer/data/original data/Trajectories/2022-04-11/356_RR220411A_685C_1925.bmp,3,1.0
Trajectories/2022-02-06/049_RR220206A_205C_1737.bmp,049_RR220206A_205C_1737.bmp,Trajectories/2022-04-11/356_RR220411A_685C_1925.bmp,356_RR220411A_685C_1925.bmp,(1 x 1),1,HL,,2025-12-15T21:27:45.111980,,,,(1 x 1),Trajectories/2022-02-06/049_RR220206A_205C_1737.bmp || Trajectories/2022-04-11/356_RR220411A_685C_1925.bmp,/content/rl_quantum_2026summer/data/original data/Trajectories/2022-02-06/049_RR220206A_205C_1737.bmp,/content/rl_quantum_2026summer/data/original data/Trajectories/2022-04-11/356_RR220411A_685C_1925.bmp,0,1.0
Trajectories/2022-02-06/049_RR220206A_205C_1737.bmp,049_RR220206A_205C_1737.bmp,Trajectories/2022-04-11/356_RR220411A_685C_1925.bmp,356_RR220411A_685C_1925.bmp,c(6 x 2),2,HL,,2025-12-15T21:27:46.368830,,,,c(6 x 2),Trajectories/2022-02-06/049_RR220206A_205C_1737.bmp || Trajectories/2022-04-11/356_RR220411A_685C_1925.bmp,/content/rl_quantum_2026summer/data/original data/Trajectories/2022-02-06/049_RR220206A_205C_1737.bmp,/content/rl_quantum_2026summer/data/original data/Trajectories/2022-04-11/356_RR220411A_685C_1925.bmp,2,1.0
Trajectories/2022-02-04/296_RR220204A_869C_2015.bmp,296_RR220204A_869C_2015.bmp,Trajectories/2022-04-11/009_RR220411A_206C_1423.bmp,009_RR220411A_206C_1423.bmp,(1 x 1),2,AJ,,2025-12-12T00:20:43.071402,,,,(1 x 1),Trajectories/2022-02-04/296_RR220204A_869C_2015.bmp || Trajectories/2022-04-11/009_RR220411A_206C_1423.bmp,/content/rl_quantum_2026summer/data/original data/Trajectories/2022-02-04/296_RR220204A_869C_2015.bmp,/content/rl_quantum_2026summer/data/original data/Trajectories/2022-04-11/009_RR220411A_206C_1423.bmp,0,1.0
Trajectories/2022-02-04/296_RR220204A_869C_2015.bmp,296_RR220204A_869C_2015.bmp,Trajectories/2022-04-11/009_RR220411A_206C_1423.bmp,009_RR220411A_206C_1423.bmp,(√13 x √13),1,AJ,,2025-12-12T00:20:44.010217,,,,(√13 x √13),Trajectories/2022-02-04/296_RR220204A_869C_2015.bmp || Trajectories/2022-04-11/009_RR220411A_206C_1423.bmp,/content/rl_quantum_2026summer/data/original data/Trajectories/2022-02-04/296_RR220204A_869C_2015.bmp,/content/rl_quantum_2026summer/data/original data/Trajectories/2022-04-11/009_RR220411A_206C_1423.bmp,3,1.0
Trajectories/2022-02-04/034_RR220204A_655C_0142.bmp,034_RR220204A_655C_0142.bmp,Trajectories/2022-02-06/272_RR220206A_424C_2242.bmp,272_RR220206A_424C_2242.bmp,HTR,2,AJ,,2025-12-06 01:24:31,,,,HTR,Trajectories/2022-02-04/034_RR220204A_655C_0142.bmp || Trajectories/2022-02-06/272_RR220206A_424C_2242.bmp,/content/rl_quantum_2026summer/data/original data/Trajectories/2022-02-04/034_RR220204A_655C_0142.bmp,/content/rl_quantum_2026summer/data/original data/Trajectories/2022-02-06/272_RR220206A_424C_2242.bmp,4,1.0
Trajectories/2022-02-04/034_RR220204A_655C_0142.bmp,034_RR220204A_655C_0142.bmp,Trajectories/2022-02-06/272_RR220206A_424C_2242.bmp,272_RR220206A_424C_2242.bmp,c(6 x 2),1,AJ,,2025-12-06 01:24:31,,,,c(6 x 2),Trajectories/2022-02-04/034_RR220204A_655C_0142.bmp || Trajectories/2022-02-06/272_RR220206A_424C_2242.bmp,/content/rl_quantum_2026summer/data/original data/Trajectories/2022-02-04/034_RR220204A_655C_0142.bmp,/content/rl_quantum_2026summer/data/original data/Trajectories/2022-02-06/272_RR220206A_424C_2242.bmp,2,1.0
Trajectories/2022-02-06/058_RR220206A_249C_1745.bmp,058_RR220206A_249C_1745.bmp,Trajectories/2022-04-11/178_RR220411A_774C_1649.bmp,178_RR220411A_774C_1649.bmp,(1 x 1),2,AJ,,2025-12-06 01:18:28,,,,(1 x 1),Trajectories/2022-02-06/058_RR220206A_249C_1745.bmp || Trajectories/2022-04-11/178_RR220411A_774C_1649.bmp,/content/rl_quantum_2026summer/data/original data/Trajectories/2022-02-06/058_RR220206A_249C_1745.bmp,/content/rl_quantum_2026summer/data/original data/Trajectories/2022-04-11/178_RR220411A_774C_1649.bmp,0,1.0
Trajectories/2022-02-06/191_RR220206A_960C_2056.bmp,191_RR220206A_960C_2056.bmp,Trajectories/2022-02-04/219_RR220204A_668C_1852.bmp,219_RR220204A_668C_1852.bmp,(1 x 1),1,SY,,2025-12-10T17:00:33.631831,,,,(1 x 1),Trajectories/2022-02-04/219_RR220204A_668C_1852.bmp || Trajectories/2022-02-06/191_RR220206A_960C_2056.bmp,/content/rl_quantum_2026summer/data/original data/Trajectories/2022-02-06/191_RR220206A_960C_2056.bmp,/content/rl_quantum_2026summer/data/original data/Trajectories/2022-02-04/219_RR220204A_668C_1852.bmp,0,1.0
Trajectories/2022-02-06/191_RR220206A_960C_2056.bmp,191_RR220206A_960C_2056.bmp,Trajectories/2022-02-04/219_RR220204A_668C_1852.bmp,219_RR220204A_668C_1852.bmp,HTR,1,SY,,2025-12-10T17:00:34.429593,,,,HTR,Trajectories/2022-02-04/219_RR220204A_668C_1852.bmp || Trajectories/2022-02-06/191_RR220206A_960C_2056.bmp,/content/rl_quantum_2026summer/data/original data/Trajectories/2022-02-06/191_RR220206A_960C_2056.bmp,/content/rl_quantum_2026summer/data/original data/Trajectories/2022-02-04/219_RR220204A_668C_1852.bmp,4,1.0
Trajectories/2022-02-06/191_RR220206A_960C_2056.bmp,191_RR220206A_960C_2056.bmp,Trajectories/2022-02-04/219_RR220204A_668C_1852.bmp,219_RR220204A_668C_1852.bmp,Twinned(2 x 1),2,SY,,2025-12-10T17:00:35.459492,,,,Twinned(2 x 1),Trajectories/2022-02-04/219_RR220204A_668C_1852.bmp || Trajectories/2022-02-06/191_RR220206A_960C_2056.bmp,/content/rl_quantum_2026summer/data/original data/Trajectories/2022-02-06/191_RR220206A_960C_2056.bmp,/content/rl_quantum_2026summer/data/original data/Trajectories/2022-02-04/219_RR220204A_668C_1852.bmp,1,1.0
Trajectories/2022-02-06/191_RR220206A_960C_2056.bmp,191_RR220206A_960C_2056.bmp,Trajectories/2022-02-04/219_RR220204A_668C_1852.bmp,219_RR220204A_668C_1852.bmp,c(6 x 2),not_apply,SY,,2025-12-10T17:00:36.496415,,,,c(6 x 2),Trajectories/2022-02-04/219_RR220204A_668C_1852.bmp || Trajectories/2022-02-06/191_RR220206A_960C_2056.bmp,/content/rl_quantum_2026summer/data/original data/Trajectories/2022-02-06/191_RR220206A_960C_2056.bmp,/content/rl_quantum_2026summer/data/original data/Trajectories/2022-02-04/219_RR220204A_668C_1852.bmp,2,1.0
Trajectories/2022-02-06/191_RR220206A_960C_2056.bmp,191_RR220206A_960C_2056.bmp,Trajectories/2022-02-04/219_RR220204A_668C_1852.bmp,219_RR220204A_668C_1852.bmp,(√13 x √13),2,SY,,2025-12-10T17:00:37.304338,,,,(√13 x √13),Trajectories/2022-02-04/219_RR220204A_668C_1852.bmp || Trajectories/2022-02-06/191_RR220206A_960C_2056.bmp,/content/rl_quantum_2026summer/data/original data/Trajectories/2022-02-06/191_RR220206A_960C_2056.bmp,/content/rl_quantum_2026summer/data/original data/Trajectories/2022-02-04/219_RR220204A_668C_1852.bmp,3,1.0
Trajectories/2022-04-11/267_RR220411A_953C_1800.bmp,267_RR220411A_953C_1800.bmp,Trajectories/2022-04-11/271_RR220411A_951C_1811.bmp,271_RR220411A_951C_1811.bmp,(√13 x √13),tie,HL,,2026-01-06T21:50:10.897096,303.0,293.0,Confident,(√13 x √13),Trajectories/2022-04-11/267_RR220411A_953C_1800.bmp || Trajectories/2022-04-11/271_RR220411A_951C_1811.bmp,/content/rl_quantum_2026summer/data/original data/Trajectories/2022-04-11/267_RR220411A_953C_1800.bmp,/content/rl_quantum_2026summer/data/original data/Trajectories/2022-04-11/271_RR220411A_951C_1811.bmp,3,1.0
Trajectories/2022-04-11/267_RR220411A_953C_1800.bmp,267_RR220411A_953C_1800.bmp,Trajectories/2022-04-11/271_RR220411A_951C_1811.bmp,271_RR220411A_951C_1811.bmp,Twinned(2 x 1),not_apply,HL,,2026-01-06T21:50:11.763434,303.0,293.0,Confident,Twinned(2 x 1),Trajectories/2022-04-11/267_RR220411A_953C_1800.bmp || Trajectories/2022-04-11/271_RR220411A_951C_1811.bmp,/content/rl_quantum_2026summer/data/original data/Trajectories/2022-04-11/267_RR220411A_953C_1800.bmp,/content/rl_quantum_2026summer/data/original data/Trajectories/2022-04-11/271_RR220411A_951C_1811.bmp,1,1.0
Trajectories/2022-04-11/267_RR220411A_953C_1800.bmp,267_RR220411A_953C_1800.bmp,Trajectories/2022-04-11/271_RR220411A_951C_1811.bmp,271_RR220411A_951C_1811.bmp,c(6 x 2),tie,HL,,2026-01-06T21:50:12.689583,303.0,293.0,Confident,c(6 x 2),Trajectories/2022-04-11/267_RR220411A_953C_1800.bmp || Trajectories/2022-04-11/271_RR220411A_951C_1811.bmp,/content/rl_quantum_2026summer/data/original data/Trajectories/2022-04-11/267_RR220411A_953C_1800.bmp,/content/rl_quantum_2026summer/data/original data/Trajectories/2022-04-11/271_RR220411A_951C_1811.bmp,2,1.0
Trajectories/2022-04-11/267_RR220411A_953C_1800.bmp,267_RR220411A_953C_1800.bmp,Trajectories/2022-04-11/271_RR220411A_951C_1811.bmp,271_RR220411A_951C_1811.bmp,HTR,not_apply,HL,,2026-01-06T21:50:13.592211,303.0,293.0,Confident,HTR,Trajectories/2022-04-11/267_RR220411A_953C_1800.bmp || Trajectories/2022-04-11/271_RR220411A_951C_1811.bmp,/content/rl_quantum_2026summer/data/original data/Trajectories/2022-04-11/267_RR220411A_953C_1800.bmp,/content/rl_quantum_2026summer/data/original data/Trajectories/2022-04-11/271_RR220411A_951C_1811.bmp,4,1.0
Trajectories/2022-04-11/267_RR220411A_953C_1800.bmp,267_RR220411A_953C_1800.bmp,Trajectories/2022-04-11/271_RR220411A_951C_1811.bmp,271_RR220411A_951C_1811.bmp,(1 x 1),tie,HL,,2026-01-06T21:50:14.498986,303.0,293.0,Confident,(1 x 1),Trajectories/2022-04-11/267_RR220411A_953C_1800.bmp || Trajectories/2022-04-11/271_RR220411A_951C_1811.bmp,/content/rl_quantum_2026summer/data/original data/Trajectories/2022-04-11/267_RR220411A_953C_1800.bmp,/content/rl_quantum_2026summer/data/original data/Trajectories/2022-04-11/271_RR220411A_951C_1811.bmp,0,1.0
Trajectories/2022-02-06/253_RR220206A_599C_2217.bmp,253_RR220206A_599C_2217.bmp,Trajectories/2022-02-06/124_RR220206A_894C_1924.bmp,124_RR220206A_894C_1924.bmp,(1 x 1),2,AJ,,2025-12-11T15:21:16.327688,,,,(1 x 1),Trajectories/2022-02-06/124_RR220206A_894C_1924.bmp || Trajectories/2022-02-06/253_RR220206A_599C_2217.bmp,/content/rl_quantum_2026summer/data/original data/Trajectories/2022-02-06/253_RR220206A_599C_2217.bmp,/content/rl_quantum_2026summer/data/original data/Trajectories/2022-02-06/124_RR220206A_894C_1924.bmp,0,1.0
Trajectories/2022-02-06/253_RR220206A_599C_2217.bmp,253_RR220206A_599C_2217.bmp,Trajectories/2022-02-06/124_RR220206A_894C_1924.bmp,124_RR220206A_894C_1924.bmp,HTR,1,AJ,,2025-12-11T15:21:17.024425,,,,HTR,Trajectories/2022-02-06/124_RR220206A_894C_1924.bmp || Trajectories/2022-02-06/253_RR220206A_599C_2217.bmp,/content/rl_quantum_2026summer/data/original data/Trajectories/2022-02-06/253_RR220206A_599C_2217.bmp,/content/rl_quantum_2026summer/data/original data/Trajectories/2022-02-06/124_RR220206A_894C_1924.bmp,4,1.0
Trajectories/2022-02-04/085_RR220204A_378C_1720.bmp,085_RR220204A_378C_1720.bmp,Trajectories/2022-02-04/134_RR220204A_467C_1754-02.bmp,134_RR220204A_467C_1754-02.bmp,c(6 x 2),tie,AJ,,2025-12-11T15:20:29.032453,,,,c(6 x 2),Trajectories/2022-02-04/085_RR220204A_378C_1720.bmp || Trajectories/2022-02-04/134_RR220204A_467C_1754-02.bmp,/content/rl_quantum_2026summer/data/original data/Trajectories/2022-02-04/085_RR220204A_378C_1720.bmp,/content/rl_quantum_2026summer/data/original data/Trajectories/2022-02-04/134_RR220204A_467C_1754-02.bmp,2,1.0
Trajectories/2022-02-04/320_RR220204A_915C_2039.bmp,320_RR220204A_915C_2039.bmp,Trajectories/2022-02-04/195_RR220204A_611C_1832.bmp,195_RR220204A_611C_1832.bmp,(1 x 1),tie,SY,,2025-12-14 08:53:40,,,,(1 x 1),Trajectories/2022-02-04/195_RR220204A_611C_1832.bmp || Trajectories/2022-02-04/320_RR220204A_915C_2039.bmp,/content/rl_quantum_2026summer/data/original data/Trajectories/2022-02-04/320_RR220204A_915C_2039.bmp,/content/rl_quantum_2026summer/data/original data/Trajectories/2022-02-04/195_RR220204A_611C_1832.bmp,0,1.0
Trajectories/2022-02-04/320_RR220204A_915C_2039.bmp,320_RR220204A_915C_2039.bmp,Trajectories/2022-02-04/195_RR220204A_611C_1832.bmp,195_RR220204A_611C_1832.bmp,(√13 x √13),1,SY,,2025-12-14 08:53:40,,,,(√13 x √13),Trajectories/2022-02-04/195_RR220204A_611C_1832.bmp || Trajectories/2022-02-04/320_RR220204A_915C_2039.bmp,/content/rl_quantum_2026summer/data/original data/Trajectories/2022-02-04/320_RR220204A_915C_2039.bmp,/content/rl_quantum_2026summer/data/original data/Trajectories/2022-02-04/195_RR220204A_611C_1832.bmp,3,1.0
Trajectories/2022-02-04/320_RR220204A_915C_2039.bmp,320_RR220204A_915C_2039.bmp,Trajectories/2022-02-04/195_RR220204A_611C_1832.bmp,195_RR220204A_611C_1832.bmp,Twinned(2 x 1),tie,SY,,2025-12-14 08:53:40,,,,Twinned(2 x 1),Trajectories/2022-02-04/195_RR220204A_611C_1832.bmp || Trajectories/2022-02-04/320_RR220204A_915C_2039.bmp,/content/rl_quantum_2026summer/data/original data/Trajectories/2022-02-04/320_RR220204A_915C_2039.bmp,/content/rl_quantum_2026summer/data/original data/Trajectories/2022-02-04/195_RR220204A_611C_1832.bmp,1,1.0
Trajectories/2022-02-04/320_RR220204A_915C_2039.bmp,320_RR220204A_915C_2039.bmp,Trajectories/2022-02-04/195_RR220204A_611C_1832.bmp,195_RR220204A_611C_1832.bmp,HTR,not_apply,SY,,2025-12-14 08:53:40,,,,HTR,Trajectories/2022-02-04/195_RR220204A_611C_1832.bmp || Trajectories/2022-02-04/320_RR220204A_915C_2039.bmp,/content/rl_quantum_2026summer/data/original data/Trajectories/2022-02-04/320_RR220204A_915C_2039.bmp,/content/rl_quantum_2026summer/data/original data/Trajectories/2022-02-04/195_RR220204A_611C_1832.bmp,4,1.0
Trajectories/2022-02-04/320_RR220204A_915C_2039.bmp,320_RR220204A_915C_2039.bmp,Trajectories/2022-02-04/195_RR220204A_611C_1832.bmp,195_RR220204A_611C_1832.bmp,c(6 x 2),not_apply,SY,,2025-12-14 08:53:40,,,,c(6 x 2),Trajectories/2022-02-04/195_RR220204A_611C_1832.bmp || Trajectories/2022-02-04/320_RR220204A_915C_2039.bmp,/content/rl_quantum_2026summer/data/original data/Trajectories/2022-02-04/320_RR220204A_915C_2039.bmp,/content/rl_quantum_2026summer/data/original data/Trajectories/2022-02-04/195_RR220204A_611C_1832.bmp,2,1.0
Trajectories/2022-02-04/287_RR220204A_851C_2008.bmp,287_RR220204A_851C_2008.bmp,Trajectories/2022-04-11/409_RR220411A_474C_1953.bmp,409_RR220411A_474C_1953.bmp,(√13 x √13),2,AJ,,2025-12-06 01:20:27,,,,(√13 x √13),Trajectories/2022-02-04/287_RR220204A_851C_2008.bmp || Trajectories/2022-04-11/409_RR220411A_474C_1953.bmp,/content/rl_quantum_2026summer/data/original data/Trajectories/2022-02-04/287_RR220204A_851C_2008.bmp,/content/rl_quantum_2026summer/data/original data/Trajectories/2022-04-11/409_RR220411A_474C_1953.bmp,3,1.0
Trajectories/2022-02-04/287_RR220204A_851C_2008.bmp,287_RR220204A_851C_2008.bmp,Trajectories/2022-04-11/409_RR220411A_474C_1953.bmp,409_RR220411A_474C_1953.bmp,c(6 x 2),1,AJ,,2025-12-06 01:20:27,,,,c(6 x 2),Trajectories/2022-02-04/287_RR220204A_851C_2008.bmp || Trajectories/2022-04-11/409_RR220411A_474C_1953.bmp,/content/rl_quantum_2026summer/data/original data/Trajectories/2022-02-04/287_RR220204A_851C_2008.bmp,/content/rl_quantum_2026summer/data/original data/Trajectories/2022-04-11/409_RR220411A_474C_1953.bmp,2,1.0
Trajectories/2022-02-04/221_RR220204A_666C_1854.bmp,221_RR220204A_666C_1854.bmp,Trajectories/2022-04-11/358_RR220411A_677C_1926.bmp,358_RR220411A_677C_1926.bmp,(√13 x √13),2,HL,,2026-01-02T22:37:17.937343,249.0,291.0,Confident,(√13 x √13),Trajectories/2022-02-04/221_RR220204A_666C_1854.bmp || Trajectories/2022-04-11/358_RR220411A_677C_1926.bmp,/content/rl_quantum_2026summer/data/original data/Trajectories/2022-02-04/221_RR220204A_666C_1854.bmp,/content/rl_quantum_2026summer/data/original data/Trajectories/2022-04-11/358_RR220411A_677C_1926.bmp,3,1.0
Trajectories/2022-02-04/221_RR220204A_666C_1854.bmp,221_RR220204A_666C_1854.bmp,Trajectories/2022-04-11/358_RR220411A_677C_1926.bmp,358_RR220411A_677C_1926.bmp,c(6 x 2),2,HL,,2026-01-02T22:37:19.622291,249.0,291.0,Confident,c(6 x 2),Trajectories/2022-02-04/221_RR220204A_666C_1854.bmp || Trajectories/2022-04-11/358_RR220411A_677C_1926.bmp,/content/rl_quantum_2026summer/data/original data/Trajectories/2022-02-04/221_RR220204A_666C_1854.bmp,/content/rl_quantum_2026summer/data/original data/Trajectories/2022-04-11/358_RR220411A_677C_1926.bmp,2,1.0
Trajectories/2022-02-04/221_RR220204A_666C_1854.bmp,221_RR220204A_666C_1854.bmp,Trajectories/2022-04-11/358_RR220411A_677C_1926.bmp,358_RR220411A_677C_1926.bmp,HTR,not_apply,HL,,2026-01-02T22:37:20.894927,249.0,291.0,Confident,HTR,Trajectories/2022-02-04/221_RR220204A_666C_1854.bmp || Trajectories/2022-04-11/358_RR220411A_677C_1926.bmp,/content/rl_quantum_2026summer/data/original data/Trajectories/2022-02-04/221_RR220204A_666C_1854.bmp,/content/rl_quantum_2026summer/data/original data/Trajectories/2022-04-11/358_RR220411A_677C_1926.bmp,4,1.0
Trajectories/2022-02-04/221_RR220204A_666C_1854.bmp,221_RR220204A_666C_1854.bmp,Trajectories/2022-04-11/358_RR220411A_677C_1926.bmp,358_RR220411A_677C_1926.bmp,Twinned(2 x 1),1,HL,,2026-01-02T22:37:22.173621,249.0,291.0,Confident,Twinned(2 x 1),Trajectories/2022-02-04/221_RR220204A_666C_1854.bmp || Trajectories/2022-04-11/358_RR220411A_677C_1926.bmp,/content/rl_quantum_2026summer/data/original data/Trajectories/2022-02-04/221_RR220204A_666C_1854.bmp,/content/rl_quantum_2026summer/data/original data/Trajectories/2022-04-11/358_RR220411A_677C_1926.bmp,1,1.0
Trajectories/2022-02-04/221_RR220204A_666C_1854.bmp,221_RR220204A_666C_1854.bmp,Trajectories/2022-04-11/358_RR220411A_677C_1926.bmp,358_RR220411A_677C_1926.bmp,(1 x 1),2,HL,,2026-01-02T22:37:23.459411,249.0,291.0,Confident,(1 x 1),Trajectories/2022-02-04/221_RR220204A_666C_1854.bmp || Trajectories/2022-04-11/358_RR220411A_677C_1926.bmp,/content/rl_quantum_2026summer/data/original data/Trajectories/2022-02-04/221_RR220204A_666C_1854.bmp,/content/rl_quantum_2026summer/data/original data/Trajectories/2022-04-11/358_RR220411A_677C_1926.bmp,0,1.0
Trajectories/2022-04-11/366_RR220411A_654C_1930.bmp,366_RR220411A_654C_1930.bmp,Trajectories/2022-04-11/323_RR220411A_816C_1903.bmp,323_RR220411A_816C_1903.bmp,HTR,not_apply,SY,,2025-12-10T16:57:42.092980,,,,HTR,Trajectories/2022-04-11/323_RR220411A_816C_1903.bmp || Trajectories/2022-04-11/366_RR220411A_654C_1930.bmp,/content/rl_quantum_2026summer/data/original data/Trajectories/2022-04-11/366_RR220411A_654C_1930.bmp,/content/rl_quantum_2026summer/data/original data/Trajectories/2022-04-11/323_RR220411A_816C_1903.bmp,4,1.0
Trajectories/2022-04-11/366_RR220411A_654C_1930.bmp,366_RR220411A_654C_1930.bmp,Trajectories/2022-04-11/323_RR220411A_816C_1903.bmp,323_RR220411A_816C_1903.bmp,(√13 x √13),tie,SY,,2025-12-10T16:57:42.961149,,,,(√13 x √13),Trajectories/2022-04-11/323_RR220411A_816C_1903.bmp || Trajectories/2022-04-11/366_RR220411A_654C_1930.bmp,/content/rl_quantum_2026summer/data/original data/Trajectories/2022-04-11/366_RR220411A_654C_1930.bmp,/content/rl_quantum_2026summer/data/original data/Trajectories/2022-04-11/323_RR220411A_816C_1903.bmp,3,1.0
Trajectories/2022-04-11/366_RR220411A_654C_1930.bmp,366_RR220411A_654C_1930.bmp,Trajectories/2022-04-11/323_RR220411A_816C_1903.bmp,323_RR220411A_816C_1903.bmp,c(6 x 2),tie,SY,,2025-12-10T16:57:43.641358,,,,c(6 x 2),Trajectories/2022-04-11/323_RR220411A_816C_1903.bmp || Trajectories/2022-04-11/366_RR220411A_654C_1930.bmp,/content/rl_quantum_2026summer/data/original data/Trajectories/2022-04-11/366_RR220411A_654C_1930.bmp,/content/rl_quantum_2026summer/data/original data/Trajectories/2022-04-11/323_RR220411A_816C_1903.bmp,2,1.0
Trajectories/2022-04-11/366_RR220411A_654C_1930.bmp,366_RR220411A_654C_1930.bmp,Trajectories/2022-04-11/323_RR220411A_816C_1903.bmp,323_RR220411A_816C_1903.bmp,Twinned(2 x 1),not_apply,SY,,2025-12-10T16:57:44.332936,,,,Twinned(2 x 1),Trajectories/2022-04-11/323_RR220411A_816C_1903.bmp || Trajectories/2022-04-11/366_RR220411A_654C_1930.bmp,/content/rl_quantum_2026summer/data/original data/Trajectories/2022-04-11/366_RR220411A_654C_1930.bmp,/content/rl_quantum_2026summer/data/original data/Trajectories/2022-04-11/323_RR220411A_816C_1903.bmp,1,1.0
Trajectories/2022-04-11/366_RR220411A_654C_1930.bmp,366_RR220411A_654C_1930.bmp,Trajectories/2022-04-11/323_RR220411A_816C_1903.bmp,323_RR220411A_816C_1903.bmp,(1 x 1),tie,SY,,2025-12-10T16:57:45.015657,,,,(1 x 1),Trajectories/2022-04-11/323_RR220411A_816C_1903.bmp || Trajectories/2022-04-11/366_RR220411A_654C_1930.bmp,/content/rl_quantum_2026summer/data/original data/Trajectories/2022-04-11/366_RR220411A_654C_1930.bmp,/content/rl_quantum_2026summer/data/original data/Trajectories/2022-04-11/323_RR220411A_816C_1903.bmp,0,1.0
Trajectories/2022-02-06/207_RR220206A_875C_2114.bmp,207_RR220206A_875C_2114.bmp,Trajectories/2022-02-06/104_RR220206A_734C_1847.bmp,104_RR220206A_734C_1847.bmp,HTR,1,AJ,,2025-12-06 01:22:53,,,,HTR,Trajectories/2022-02-06/104_RR220206A_734C_1847.bmp || Trajectories/2022-02-06/207_RR220206A_875C_2114.bmp,/content/rl_quantum_2026summer/data/original data/Trajectories/2022-02-06/207_RR220206A_875C_2114.bmp,/content/rl_quantum_2026summer/data/original data/Trajectories/2022-02-06/104_RR220206A_734C_1847.bmp,4,1.0
Trajectories/2022-02-06/207_RR220206A_875C_2114.bmp,207_RR220206A_875C_2114.bmp,Trajectories/2022-02-06/104_RR220206A_734C_1847.bmp,104_RR220206A_734C_1847.bmp,(1 x 1),2,AJ,,2025-12-06 01:22:53,,,,(1 x 1),Trajectories/2022-02-06/104_RR220206A_734C_1847.bmp || Trajectories/2022-02-06/207_RR220206A_875C_2114.bmp,/content/rl_quantum_2026summer/data/original data/Trajectories/2022-02-06/207_RR220206A_875C_2114.bmp,/content/rl_quantum_2026summer/data/original data/Trajectories/2022-02-06/104_RR220206A_734C_1847.bmp,0,1.0
Trajectories/2022-04-11/291_RR220411A_888C_1840.bmp,291_RR220411A_888C_1840.bmp,Trajectories/2022-02-04/007_RR220204A_931C_0051.bmp,007_RR220204A_931C_0051.bmp,(√13 x √13),tie,AJ,,2025-12-26T10:56:06.706063,161.0,224.0,Confident,(√13 x √13),Trajectories/2022-02-04/007_RR220204A_931C_0051.bmp || Trajectories/2022-04-11/291_RR220411A_888C_1840.bmp,/content/rl_quantum_2026summer/data/original data/Trajectories/2022-04-11/291_RR220411A_888C_1840.bmp,/content/rl_quantum_2026summer/data/original data/Trajectories/2022-02-04/007_RR220204A_931C_0051.bmp,3,1.0
Trajectories/2022-04-11/291_RR220411A_888C_1840.bmp,291_RR220411A_888C_1840.bmp,Trajectories/2022-02-04/007_RR220204A_931C_0051.bmp,007_RR220204A_931C_0051.bmp,c(6 x 2),tie,AJ,,2025-12-26T10:56:07.631597,161.0,224.0,Confident,c(6 x 2),Trajectories/2022-02-04/007_RR220204A_931C_0051.bmp || Trajectories/2022-04-11/291_RR220411A_888C_1840.bmp,/content/rl_quantum_2026summer/data/original data/Trajectories/2022-04-11/291_RR220411A_888C_1840.bmp,/content/rl_quantum_2026summer/data/original data/Trajectories/2022-02-04/007_RR220204A_931C_0051.bmp,2,1.0
Trajectories/2022-04-11/291_RR220411A_888C_1840.bmp,291_RR220411A_888C_1840.bmp,Trajectories/2022-02-04/007_RR220204A_931C_0051.bmp,007_RR220204A_931C_0051.bmp,HTR,not_apply,AJ,,2025-12-26T10:56:08.583611,161.0,224.0,Confident,HTR,Trajectories/2022-02-04/007_RR220204A_931C_0051.bmp || Trajectories/2022-04-11/291_RR220411A_888C_1840.bmp,/content/rl_quantum_2026summer/data/original data/Trajectories/2022-04-11/291_RR220411A_888C_1840.bmp,/content/rl_quantum_2026summer/data/original data/Trajectories/2022-02-04/007_RR220204A_931C_0051.bmp,4,1.0
Trajectories/2022-04-11/291_RR220411A_888C_1840.bmp,291_RR220411A_888C_1840.bmp,Trajectories/2022-02-04/007_RR220204A_931C_0051.bmp,007_RR220204A_931C_0051.bmp,Twinned(2 x 1),not_apply,AJ,,2025-12-26T10:56:09.482082,161.0,224.0,Confident,Twinned(2 x 1),Trajectories/2022-02-04/007_RR220204A_931C_0051.bmp || Trajectories/2022-04-11/291_RR220411A_888C_1840.bmp,/content/rl_quantum_2026summer/data/original data/Trajectories/2022-04-11/291_RR220411A_888C_1840.bmp,/content/rl_quantum_2026summer/data/original data/Trajectories/2022-02-04/007_RR220204A_931C_0051.bmp,1,1.0
Trajectories/2022-04-11/291_RR220411A_888C_1840.bmp,291_RR220411A_888C_1840.bmp,Trajectories/2022-02-04/007_RR220204A_931C_0051.bmp,007_RR220204A_931C_0051.bmp,(1 x 1),not_apply,AJ,,2025-12-26T10:56:10.369437,161.0,224.0,Confident,(1 x 1),Trajectories/2022-02-04/007_RR220204A_931C_0051.bmp || Trajectories/2022-04-11/291_RR220411A_888C_1840.bmp,/content/rl_quantum_2026summer/data/original data/Trajectories/2022-04-11/291_RR220411A_888C_1840.bmp,/content/rl_quantum_2026summer/data/original data/Trajectories/2022-02-04/007_RR220204A_931C_0051.bmp,0,1.0
Trajectories/2022-04-11/120_RR220411A_555C_1553.bmp,120_RR220411A_555C_1553.bmp,Trajectories/2022-02-04/215_RR220204A_669C_1848.bmp,215_RR220204A_669C_1848.bmp,(1 x 1),1,AJ,,2025-12-06 01:22:37,,,,(1 x 1),Trajectories/2022-02-04/215_RR220204A_669C_1848.bmp || Trajectories/2022-04-11/120_RR220411A_555C_1553.bmp,/content/rl_quantum_2026summer/data/original data/Trajectories/2022-04-11/120_RR220411A_555C_1553.bmp,/content/rl_quantum_2026summer/data/original data/Trajectories/2022-02-04/215_RR220204A_669C_1848.bmp,0,1.0
Trajectories/2022-04-11/120_RR220411A_555C_1553.bmp,120_RR220411A_555C_1553.bmp,Trajectories/2022-02-04/215_RR220204A_669C_1848.bmp,215_RR220204A_669C_1848.bmp,(√13 x √13),2,AJ,,2025-12-06 01:22:37,,,,(√13 x √13),Trajectories/2022-02-04/215_RR220204A_669C_1848.bmp || Trajectories/2022-04-11/120_RR220411A_555C_1553.bmp,/content/rl_quantum_2026summer/data/original data/Trajectories/2022-04-11/120_RR220411A_555C_1553.bmp,/content/rl_quantum_2026summer/data/original data/Trajectories/2022-02-04/215_RR220204A_669C_1848.bmp,3,1.0
Trajectories/2022-02-04/295_RR220204A_882C_2015.bmp,295_RR220204A_882C_2015.bmp,Trajectories/2022-02-06/117_RR220206A_844C_1915.bmp,117_RR220206A_844C_1915.bmp,(1 x 1),2,HL,,2025-12-15T20:53:19.696941,,,,(1 x 1),Trajectories/2022-02-04/295_RR220204A_882C_2015.bmp || Trajectories/2022-02-06/117_RR220206A_844C_1915.bmp,/content/rl_quantum_2026summer/data/original data/Trajectories/2022-02-04/295_RR220204A_882C_2015.bmp,/content/rl_quantum_2026summer/data/original data/Trajectories/2022-02-06/117_RR220206A_844C_1915.bmp,0,1.0
Trajectories/2022-02-04/295_RR220204A_882C_2015.bmp,295_RR220204A_882C_2015.bmp,Trajectories/2022-02-06/117_RR220206A_844C_1915.bmp,117_RR220206A_844C_1915.bmp,c(6 x 2),not_apply,HL,,2025-12-15T20:53:20.777642,,,,c(6 x 2),Trajectories/2022-02-04/295_RR220204A_882C_2015.bmp || Trajectories/2022-02-06/117_RR220206A_844C_1915.bmp,/content/rl_quantum_2026summer/data/original data/Trajectories/2022-02-04/295_RR220204A_882C_2015.bmp,/content/rl_quantum_2026summer/data/original data/Trajectories/2022-02-06/117_RR220206A_844C_1915.bmp,2,1.0
Trajectories/2022-02-04/295_RR220204A_882C_2015.bmp,295_RR220204A_882C_2015.bmp,Trajectories/2022-02-06/117_RR220206A_844C_1915.bmp,117_RR220206A_844C_1915.bmp,Twinned(2 x 1),1,HL,,2025-12-15T20:53:21.884946,,,,Twinned(2 x 1),Trajectories/2022-02-04/295_RR220204A_882C_2015.bmp || Trajectories/2022-02-06/117_RR220206A_844C_1915.bmp,/content/rl_quantum_2026summer/data/original data/Trajectories/2022-02-04/295_RR220204A_882C_2015.bmp,/content/rl_quantum_2026summer/data/original data/Trajectories/2022-02-06/117_RR220206A_844C_1915.bmp,1,1.0
Trajectories/2022-02-04/295_RR220204A_882C_2015.bmp,295_RR220204A_882C_2015.bmp,Trajectories/2022-02-06/117_RR220206A_844C_1915.bmp,117_RR220206A_844C_1915.bmp,(√13 x √13),1,HL,,2025-12-15T20:53:23.012108,,,,(√13 x √13),Trajectories/2022-02-04/295_RR220204A_882C_2015.bmp || Trajectories/2022-02-06/117_RR220206A_844C_1915.bmp,/content/rl_quantum_2026summer/data/original data/Trajectories/2022-02-04/295_RR220204A_882C_2015.bmp,/content/rl_quantum_2026summer/data/original data/Trajectories/2022-02-06/117_RR220206A_844C_1915.bmp,3,1.0
Trajectories/2022-02-04/295_RR220204A_882C_2015.bmp,295_RR220204A_882C_2015.bmp,Trajectories/2022-02-06/117_RR220206A_844C_1915.bmp,117_RR220206A_844C_1915.bmp,HTR,not_apply,HL,,2025-12-15T20:53:23.955106,,,,HTR,Trajectories/2022-02-04/295_RR220204A_882C_2015.bmp || Trajectories/2022-02-06/117_RR220206A_844C_1915.bmp,/content/rl_quantum_2026summer/data/original data/Trajectories/2022-02-04/295_RR220204A_882C_2015.bmp,/content/rl_quantum_2026summer/data/original data/Trajectories/2022-02-06/117_RR220206A_844C_1915.bmp,4,1.0
Trajectories/2022-04-11/001_RR220411A_180C_1417-01.bmp,001_RR220411A_180C_1417-01.bmp,Trajectories/2022-04-11/051_RR220411A_370C_1500.bmp,051_RR220411A_370C_1500.bmp,(1 x 1),tie,AJ,,2025-12-12T00:17:07.694727,,,,(1 x 1),Trajectories/2022-04-11/001_RR220411A_180C_1417-01.bmp || Trajectories/2022-04-11/051_RR220411A_370C_1500.bmp,/content/rl_quantum_2026summer/data/original data/Trajectories/2022-04-11/001_RR220411A_180C_1417-01.bmp,/content/rl_quantum_2026summer/data/original data/Trajectories/2022-04-11/051_RR220411A_370C_1500.bmp,0,1.0
Trajectories/2022-04-11/417_RR220411A_427C_1956.bmp,417_RR220411A_427C_1956.bmp,Trajectories/2022-02-06/132_RR220206A_959C_1932.bmp,132_RR220206A_959C_1932.bmp,(1 x 1),2,HL,,2026-01-02T22:23:04.068316,306.0,321.0,Confident,(1 x 1),Trajectories/2022-02-06/132_RR220206A_959C_1932.bmp || Trajectories/2022-04-11/417_RR220411A_427C_1956.bmp,/content/rl_quantum_2026summer/data/original data/Trajectories/2022-04-11/417_RR220411A_427C_1956.bmp,/content/rl_quantum_2026summer/data/original data/Trajectories/2022-02-06/132_RR220206A_959C_1932.bmp,0,1.0
Trajectories/2022-04-11/417_RR220411A_427C_1956.bmp,417_RR220411A_427C_1956.bmp,Trajectories/2022-02-06/132_RR220206A_959C_1932.bmp,132_RR220206A_959C_1932.bmp,Twinned(2 x 1),not_apply,HL,,2026-01-02T22:23:05.253357,306.0,321.0,Confident,Twinned(2 x 1),Trajectories/2022-02-06/132_RR220206A_959C_1932.bmp || Trajectories/2022-04-11/417_RR220411A_427C_1956.bmp,/content/rl_quantum_2026summer/data/original data/Trajectories/2022-04-11/417_RR220411A_427C_1956.bmp,/content/rl_quantum_2026summer/data/original data/Trajectories/2022-02-06/132_RR220206A_959C_1932.bmp,1,1.0
Trajectories/2022-04-11/417_RR220411A_427C_1956.bmp,417_RR220411A_427C_1956.bmp,Trajectories/2022-02-06/132_RR220206A_959C_1932.bmp,132_RR220206A_959C_1932.bmp,c(6 x 2),1,HL,,2026-01-02T22:23:06.252348,306.0,321.0,Confident,c(6 x 2),Trajectories/2022-02-06/132_RR220206A_959C_1932.bmp || Trajectories/2022-04-11/417_RR220411A_427C_1956.bmp,/content/rl_quantum_2026summer/data/original data/Trajectories/2022-04-11/417_RR220411A_427C_1956.bmp,/content/rl_quantum_2026summer/data/original data/Trajectories/2022-02-06/132_RR220206A_959C_1932.bmp,2,1.0
Trajectories/2022-04-11/417_RR220411A_427C_1956.bmp,417_RR220411A_427C_1956.bmp,Trajectories/2022-02-06/132_RR220206A_959C_1932.bmp,132_RR220206A_959C_1932.bmp,(√13 x √13),1,HL,,2026-01-02T22:23:07.406479,306.0,321.0,Confident,(√13 x √13),Trajectories/2022-02-06/132_RR220206A_959C_1932.bmp || Trajectories/2022-04-11/417_RR220411A_427C_1956.bmp,/content/rl_quantum_2026summer/data/original data/Trajectories/2022-04-11/417_RR220411A_427C_1956.bmp,/content/rl_quantum_2026summer/data/original data/Trajectories/2022-02-06/132_RR220206A_959C_1932.bmp,3,1.0
Trajectories/2022-04-11/417_RR220411A_427C_1956.bmp,417_RR220411A_427C_1956.bmp,Trajectories/2022-02-06/132_RR220206A_959C_1932.bmp,132_RR220206A_959C_1932.bmp,HTR,not_apply,HL,,2026-01-02T22:23:08.568198,306.0,321.0,Confident,HTR,Trajectories/2022-02-06/132_RR220206A_959C_1932.bmp || Trajectories/2022-04-11/417_RR220411A_427C_1956.bmp,/content/rl_quantum_2026summer/data/original data/Trajectories/2022-04-11/417_RR220411A_427C_1956.bmp,/content/rl_quantum_2026summer/data/original data/Trajectories/2022-02-06/132_RR220206A_959C_1932.bmp,4,1.0
Trajectories/2022-04-11/370_RR220411A_640C_1934.bmp,370_RR220411A_640C_1934.bmp,Trajectories/2022-02-06/036_RR220206A_165C_1721.bmp,036_RR220206A_165C_1721.bmp,c(6 x 2),1,HL,,2025-12-15T21:29:38.721946,,,,c(6 x 2),Trajectories/2022-02-06/036_RR220206A_165C_1721.bmp || Trajectories/2022-04-11/370_RR220411A_640C_1934.bmp,/content/rl_quantum_2026summer/data/original data/Trajectories/2022-04-11/370_RR220411A_640C_1934.bmp,/content/rl_quantum_2026summer/data/original data/Trajectories/2022-02-06/036_RR220206A_165C_1721.bmp,2,1.0
Trajectories/2022-04-11/370_RR220411A_640C_1934.bmp,370_RR220411A_640C_1934.bmp,Trajectories/2022-02-06/036_RR220206A_165C_1721.bmp,036_RR220206A_165C_1721.bmp,Twinned(2 x 1),not_apply,HL,,2025-12-15T21:29:39.496119,,,,Twinned(2 x 1),Trajectories/2022-02-06/036_RR220206A_165C_1721.bmp || Trajectories/2022-04-11/370_RR220411A_640C_1934.bmp,/content/rl_quantum_2026summer/data/original data/Trajectories/2022-04-11/370_RR220411A_640C_1934.bmp,/content/rl_quantum_2026summer/data/original data/Trajectories/2022-02-06/036_RR220206A_165C_1721.bmp,1,1.0
Trajectories/2022-04-11/370_RR220411A_640C_1934.bmp,370_RR220411A_640C_1934.bmp,Trajectories/2022-02-06/036_RR220206A_165C_1721.bmp,036_RR220206A_165C_1721.bmp,(1 x 1),2,HL,,2025-12-15T21:29:40.356698,,,,(1 x 1),Trajectories/2022-02-06/036_RR220206A_165C_1721.bmp || Trajectories/2022-04-11/370_RR220411A_640C_1934.bmp,/content/rl_quantum_2026summer/data/original data/Trajectories/2022-04-11/370_RR220411A_640C_1934.bmp,/content/rl_quantum_2026summer/data/original data/Trajectories/2022-02-06/036_RR220206A_165C_1721.bmp,0,1.0
Trajectories/2022-04-11/370_RR220411A_640C_1934.bmp,370_RR220411A_640C_1934.bmp,Trajectories/2022-02-06/036_RR220206A_165C_1721.bmp,036_RR220206A_165C_1721.bmp,HTR,not_apply,HL,,2025-12-15T21:29:59.675290,,,,HTR,Trajectories/2022-02-06/036_RR220206A_165C_1721.bmp || Trajectories/2022-04-11/370_RR220411A_640C_1934.bmp,/content/rl_quantum_2026summer/data/original data/Trajectories/2022-04-11/370_RR220411A_640C_1934.bmp,/content/rl_quantum_2026summer/data/original data/Trajectories/2022-02-06/036_RR220206A_165C_1721.bmp,4,1.0
Trajectories/2022-04-11/370_RR220411A_640C_1934.bmp,370_RR220411A_640C_1934.bmp,Trajectories/2022-02-06/036_RR220206A_165C_1721.bmp,036_RR220206A_165C_1721.bmp,(√13 x √13),1,HL,,2025-12-15T21:30:01.222676,,,,(√13 x √13),Trajectories/2022-02-06/036_RR220206A_165C_1721.bmp || Trajectories/2022-04-11/370_RR220411A_640C_1934.bmp,/content/rl_quantum_2026summer/data/original data/Trajectories/2022-04-11/370_RR220411A_640C_1934.bmp,/content/rl_quantum_2026summer/data/original data/Trajectories/2022-02-06/036_RR220206A_165C_1721.bmp,3,1.0
Trajectories/2022-02-04/049_RR220204A_218C_0201.bmp,049_RR220204A_218C_0201.bmp,Trajectories/2022-02-04/307_RR220204A_912C_2025.bmp,307_RR220204A_912C_2025.bmp,(1 x 1),tie,SY,,2025-12-10T16:54:22.255228,,,,(1 x 1),Trajectories/2022-02-04/049_RR220204A_218C_0201.bmp || Trajectories/2022-02-04/307_RR220204A_912C_2025.bmp,/content/rl_quantum_2026summer/data/original data/Trajectories/2022-02-04/049_RR220204A_218C_0201.bmp,/content/rl_quantum_2026summer/data/original data/Trajectories/2022-02-04/307_RR220204A_912C_2025.bmp,0,1.0
Trajectories/2022-02-04/049_RR220204A_218C_0201.bmp,049_RR220204A_218C_0201.bmp,Trajectories/2022-02-04/307_RR220204A_912C_2025.bmp,307_RR220204A_912C_2025.bmp,HTR,not_apply,SY,,2025-12-10T16:54:23.058574,,,,HTR,Trajectories/2022-02-04/049_RR220204A_218C_0201.bmp || Trajectories/2022-02-04/307_RR220204A_912C_2025.bmp,/content/rl_quantum_2026summer/data/original data/Trajectories/2022-02-04/049_RR220204A_218C_0201.bmp,/content/rl_quantum_2026summer/data/original data/Trajectories/2022-02-04/307_RR220204A_912C_2025.bmp,4,1.0
Trajectories/2022-02-04/049_RR220204A_218C_0201.bmp,049_RR220204A_218C_0201.bmp,Trajectories/2022-02-04/307_RR220204A_912C_2025.bmp,307_RR220204A_912C_2025.bmp,(√13 x √13),2,SY,,2025-12-10T16:54:23.808624,,,,(√13 x √13),Trajectories/2022-02-04/049_RR220204A_218C_0201.bmp || Trajectories/2022-02-04/307_RR220204A_912C_2025.bmp,/content/rl_quantum_2026summer/data/original data/Trajectories/2022-02-04/049_RR220204A_218C_0201.bmp,/content/rl_quantum_2026summer/data/original data/Trajectories/2022-02-04/307_RR220204A_912C_2025.bmp,3,1.0
Trajectories/2022-02-04/049_RR220204A_218C_0201.bmp,049_RR220204A_218C_0201.bmp,Trajectories/2022-02-04/307_RR220204A_912C_2025.bmp,307_RR220204A_912C_2025.bmp,c(6 x 2),not_apply,SY,,2025-12-10T16:54:24.538820,,,,c(6 x 2),Trajectories/2022-02-04/049_RR220204A_218C_0201.bmp || Trajectories/2022-02-04/307_RR220204A_912C_2025.bmp,/content/rl_quantum_2026summer/data/original data/Trajectories/2022-02-04/049_RR220204A_218C_0201.bmp,/content/rl_quantum_2026summer/data/original data/Trajectories/2022-02-04/307_RR220204A_912C_2025.bmp,2,1.0
Trajectories/2022-02-04/049_RR220204A_218C_0201.bmp,049_RR220204A_218C_0201.bmp,Trajectories/2022-02-04/307_RR220204A_912C_2025.bmp,307_RR220204A_912C_2025.bmp,Twinned(2 x 1),1,SY,,2025-12-10T16:54:25.263096,,,,Twinned(2 x 1),Trajectories/2022-02-04/049_RR220204A_218C_0201.bmp || Trajectories/2022-02-04/307_RR220204A_912C_2025.bmp,/content/rl_quantum_2026summer/data/original data/Trajectories/2022-02-04/049_RR220204A_218C_0201.bmp,/content/rl_quantum_2026summer/data/original data/Trajectories/2022-02-04/307_RR220204A_912C_2025.bmp,1,1.0
Trajectories/2022-02-06/186_RR220206A_985C_2050.bmp,186_RR220206A_985C_2050.bmp,Trajectories/2022-02-06/251_RR220206A_619C_2214.bmp,251_RR220206A_619C_2214.bmp,Twinned(2 x 1),not_apply,HL,,2025-12-15T21:28:04.503051,,,,Twinned(2 x 1),Trajectories/2022-02-06/186_RR220206A_985C_2050.bmp || Trajectories/2022-02-06/251_RR220206A_619C_2214.bmp,/content/rl_quantum_2026summer/data/original data/Trajectories/2022-02-06/186_RR220206A_985C_2050.bmp,/content/rl_quantum_2026summer/data/original data/Trajectories/2022-02-06/251_RR220206A_619C_2214.bmp,1,1.0
Trajectories/2022-02-06/186_RR220206A_985C_2050.bmp,186_RR220206A_985C_2050.bmp,Trajectories/2022-02-06/251_RR220206A_619C_2214.bmp,251_RR220206A_619C_2214.bmp,(√13 x √13),not_apply,HL,,2025-12-15T21:28:05.272418,,,,(√13 x √13),Trajectories/2022-02-06/186_RR220206A_985C_2050.bmp || Trajectories/2022-02-06/251_RR220206A_619C_2214.bmp,/content/rl_quantum_2026summer/data/original data/Trajectories/2022-02-06/186_RR220206A_985C_2050.bmp,/content/rl_quantum_2026summer/data/original data/Trajectories/2022-02-06/251_RR220206A_619C_2214.bmp,3,1.0
Trajectories/2022-02-06/186_RR220206A_985C_2050.bmp,186_RR220206A_985C_2050.bmp,Trajectories/2022-02-06/251_RR220206A_619C_2214.bmp,251_RR220206A_619C_2214.bmp,c(6 x 2),not_apply,HL,,2025-12-15T21:28:06.019806,,,,c(6 x 2),Trajectories/2022-02-06/186_RR220206A_985C_2050.bmp || Trajectories/2022-02-06/251_RR220206A_619C_2214.bmp,/content/rl_quantum_2026summer/data/original data/Trajectories/2022-02-06/186_RR220206A_985C_2050.bmp,/content/rl_quantum_2026summer/data/original data/Trajectories/2022-02-06/251_RR220206A_619C_2214.bmp,2,1.0
Trajectories/2022-02-06/186_RR220206A_985C_2050.bmp,186_RR220206A_985C_2050.bmp,Trajectories/2022-02-06/251_RR220206A_619C_2214.bmp,251_RR220206A_619C_2214.bmp,HTR,2,HL,,2025-12-15T21:28:06.765313,,,,HTR,Trajectories/2022-02-06/186_RR220206A_985C_2050.bmp || Trajectories/2022-02-06/251_RR220206A_619C_2214.bmp,/content/rl_quantum_2026summer/data/original data/Trajectories/2022-02-06/186_RR220206A_985C_2050.bmp,/content/rl_quantum_2026summer/data/original data/Trajectories/2022-02-06/251_RR220206A_619C_2214.bmp,4,1.0
Trajectories/2022-02-06/186_RR220206A_985C_2050.bmp,186_RR220206A_985C_2050.bmp,Trajectories/2022-02-06/251_RR220206A_619C_2214.bmp,251_RR220206A_619C_2214.bmp,(1 x 1),not_apply,HL,,2025-12-15T21:28:07.492207,,,,(1 x 1),Trajectories/2022-02-06/186_RR220206A_985C_2050.bmp || Trajectories/2022-02-06/251_RR220206A_619C_2214.bmp,/content/rl_quantum_2026summer/data/original data/Trajectories/2022-02-06/186_RR220206A_985C_2050.bmp,/content/rl_quantum_2026summer/data/original data/Trajectories/2022-02-06/251_RR220206A_619C_2214.bmp,0,1.0
Trajectories/2022-02-06/102_RR220206A_698C_1845.bmp,102_RR220206A_698C_1845.bmp,Trajectories/2022-04-11/183_RR220411A_794C_1655.bmp,183_RR220411A_794C_1655.bmp,(1 x 1),tie,AJ,,2025-12-12T00:04:18.417320,,,,(1 x 1),Trajectories/2022-02-06/102_RR220206A_698C_1845.bmp || Trajectories/2022-04-11/183_RR220411A_794C_1655.bmp,/content/rl_quantum_2026summer/data/original data/Trajectories/2022-02-06/102_RR220206A_698C_1845.bmp,/content/rl_quantum_2026summer/data/original data/Trajectories/2022-04-11/183_RR220411A_794C_1655.bmp,0,1.0
Trajectories/2022-02-04/385_RR220204A_939C_2340.bmp,385_RR220204A_939C_2340.bmp,Trajectories/2022-02-06/171_RR220206A_1085C_2027.bmp,171_RR220206A_1085C_2027.bmp,HTR,2,AJ,,2025-12-12T00:20:02.531552,,,,HTR,Trajectories/2022-02-04/385_RR220204A_939C_2340.bmp || Trajectories/2022-02-06/171_RR220206A_1085C_2027.bmp,/content/rl_quantum_2026summer/data/original data/Trajectories/2022-02-04/385_RR220204A_939C_2340.bmp,/content/rl_quantum_2026summer/data/original data/Trajectories/2022-02-06/171_RR220206A_1085C_2027.bmp,4,1.0
Trajectories/2022-02-04/385_RR220204A_939C_2340.bmp,385_RR220204A_939C_2340.bmp,Trajectories/2022-02-06/171_RR220206A_1085C_2027.bmp,171_RR220206A_1085C_2027.bmp,(√13 x √13),1,AJ,,2025-12-12T00:20:03.262208,,,,(√13 x √13),Trajectories/2022-02-04/385_RR220204A_939C_2340.bmp || Trajectories/2022-02-06/171_RR220206A_1085C_2027.bmp,/content/rl_quantum_2026summer/data/original data/Trajectories/2022-02-04/385_RR220204A_939C_2340.bmp,/content/rl_quantum_2026summer/data/original data/Trajectories/2022-02-06/171_RR220206A_1085C_2027.bmp,3,1.0
Trajectories/2022-04-11/113_RR220411A_539C_1548.bmp,113_RR220411A_539C_1548.bmp,Trajectories/2022-02-04/188_RR220204A_579C_1829.bmp,188_RR220204A_579C_1829.bmp,c(6 x 2),not_apply,SY,,2025-12-10T17:01:03.728361,,,,c(6 x 2),Trajectories/2022-02-04/188_RR220204A_579C_1829.bmp || Trajectories/2022-04-11/113_RR220411A_539C_1548.bmp,/content/rl_quantum_2026summer/data/original data/Trajectories/2022-04-11/113_RR220411A_539C_1548.bmp,/content/rl_quantum_2026summer/data/original data/Trajectories/2022-02-04/188_RR220204A_579C_1829.bmp,2,1.0
Trajectories/2022-04-11/113_RR220411A_539C_1548.bmp,113_RR220411A_539C_1548.bmp,Trajectories/2022-02-04/188_RR220204A_579C_1829.bmp,188_RR220204A_579C_1829.bmp,(1 x 1),tie,SY,,2025-12-10T17:01:04.465418,,,,(1 x 1),Trajectories/2022-02-04/188_RR220204A_579C_1829.bmp || Trajectories/2022-04-11/113_RR220411A_539C_1548.bmp,/content/rl_quantum_2026summer/data/original data/Trajectories/2022-04-11/113_RR220411A_539C_1548.bmp,/content/rl_quantum_2026summer/data/original data/Trajectories/2022-02-04/188_RR220204A_579C_1829.bmp,0,1.0
Trajectories/2022-04-11/113_RR220411A_539C_1548.bmp,113_RR220411A_539C_1548.bmp,Trajectories/2022-02-04/188_RR220204A_579C_1829.bmp,188_RR220204A_579C_1829.bmp,HTR,not_apply,SY,,2025-12-10T17:01:05.120488,,,,HTR,Trajectories/2022-02-04/188_RR220204A_579C_1829.bmp || Trajectories/2022-04-11/113_RR220411A_539C_1548.bmp,/content/rl_quantum_2026summer/data/original data/Trajectories/2022-04-11/113_RR220411A_539C_1548.bmp,/content/rl_quantum_2026summer/data/original data/Trajectories/2022-02-04/188_RR220204A_579C_1829.bmp,4,1.0
Trajectories/2022-04-11/113_RR220411A_539C_1548.bmp,113_RR220411A_539C_1548.bmp,Trajectories/2022-02-04/188_RR220204A_579C_1829.bmp,188_RR220204A_579C_1829.bmp,Twinned(2 x 1),2,SY,,2025-12-10T17:01:05.862160,,,,Twinned(2 x 1),Trajectories/2022-02-04/188_RR220204A_579C_1829.bmp || Trajectories/2022-04-11/113_RR220411A_539C_1548.bmp,/content/rl_quantum_2026summer/data/original data/Trajectories/2022-04-11/113_RR220411A_539C_1548.bmp,/content/rl_quantum_2026summer/data/original data/Trajectories/2022-02-04/188_RR220204A_579C_1829.bmp,1,1.0
Trajectories/2022-04-11/113_RR220411A_539C_1548.bmp,113_RR220411A_539C_1548.bmp,Trajectories/2022-02-04/188_RR220204A_579C_1829.bmp,188_RR220204A_579C_1829.bmp,(√13 x √13),2,SY,,2025-12-10T17:01:06.551693,,,,(√13 x √13),Trajectories/2022-02-04/188_RR220204A_579C_1829.bmp || Trajectories/2022-04-11/113_RR220411A_539C_1548.bmp,/content/rl_quantum_2026summer/data/original data/Trajectories/2022-04-11/113_RR220411A_539C_1548.bmp,/content/rl_quantum_2026summer/data/original data/Trajectories/2022-02-04/188_RR220204A_579C_1829.bmp,3,1.0
Trajectories/2022-02-06/265_RR220206A_498C_2232.bmp,265_RR220206A_498C_2232.bmp,Trajectories/2022-04-11/288_RR220411A_904C_1837.bmp,288_RR220411A_904C_1837.bmp,(√13 x √13),2,HL,,2026-01-05T23:22:23.945977,299.0,232.0,Confident,(√13 x √13),Trajectories/2022-02-06/265_RR220206A_498C_2232.bmp || Trajectories/2022-04-11/288_RR220411A_904C_1837.bmp,/content/rl_quantum_2026summer/data/original data/Trajectories/2022-02-06/265_RR220206A_498C_2232.bmp,/content/rl_quantum_2026summer/data/original data/Trajectories/2022-04-11/288_RR220411A_904C_1837.bmp,3,1.0
Trajectories/2022-02-06/265_RR220206A_498C_2232.bmp,265_RR220206A_498C_2232.bmp,Trajectories/2022-04-11/288_RR220411A_904C_1837.bmp,288_RR220411A_904C_1837.bmp,(1 x 1),2,HL,,2026-01-05T23:22:25.089058,299.0,232.0,Confident,(1 x 1),Trajectories/2022-02-06/265_RR220206A_498C_2232.bmp || Trajectories/2022-04-11/288_RR220411A_904C_1837.bmp,/content/rl_quantum_2026summer/data/original data/Trajectories/2022-02-06/265_RR220206A_498C_2232.bmp,/content/rl_quantum_2026summer/data/original data/Trajectories/2022-04-11/288_RR220411A_904C_1837.bmp,0,1.0
Trajectories/2022-02-06/265_RR220206A_498C_2232.bmp,265_RR220206A_498C_2232.bmp,Trajectories/2022-04-11/288_RR220411A_904C_1837.bmp,288_RR220411A_904C_1837.bmp,c(6 x 2),2,HL,,2026-01-05T23:22:26.035621,299.0,232.0,Confident,c(6 x 2),Trajectories/2022-02-06/265_RR220206A_498C_2232.bmp || Trajectories/2022-04-11/288_RR220411A_904C_1837.bmp,/content/rl_quantum_2026summer/data/original data/Trajectories/2022-02-06/265_RR220206A_498C_2232.bmp,/content/rl_quantum_2026summer/data/original data/Trajectories/2022-04-11/288_RR220411A_904C_1837.bmp,2,1.0
Trajectories/2022-02-06/265_RR220206A_498C_2232.bmp,265_RR220206A_498C_2232.bmp,Trajectories/2022-04-11/288_RR220411A_904C_1837.bmp,288_RR220411A_904C_1837.bmp,Twinned(2 x 1),not_apply,HL,,2026-01-05T23:22:27.015623,299.0,232.0,Confident,Twinned(2 x 1),Trajectories/2022-02-06/265_RR220206A_498C_2232.bmp || Trajectories/2022-04-11/288_RR220411A_904C_1837.bmp,/content/rl_quantum_2026summer/data/original data/Trajectories/2022-02-06/265_RR220206A_498C_2232.bmp,/content/rl_quantum_2026summer/data/original data/Trajectories/2022-04-11/288_RR220411A_904C_1837.bmp,1,1.0
Trajectories/2022-02-06/265_RR220206A_498C_2232.bmp,265_RR220206A_498C_2232.bmp,Trajectories/2022-04-11/288_RR220411A_904C_1837.bmp,288_RR220411A_904C_1837.bmp,HTR,1,HL,,2026-01-05T23:22:27.992315,299.0,232.0,Confident,HTR,Trajectories/2022-02-06/265_RR220206A_498C_2232.bmp || Trajectories/2022-04-11/288_RR220411A_904C_1837.bmp,/content/rl_quantum_2026summer/data/original data/Trajectories/2022-02-06/265_RR220206A_498C_2232.bmp,/content/rl_quantum_2026summer/data/original data/Trajectories/2022-04-11/288_RR220411A_904C_1837.bmp,4,1.0
Trajectories/2022-04-11/313_RR220411A_839C_1856.bmp,313_RR220411A_839C_1856.bmp,Trajectories/2022-02-04/148_RR220204A_480C_1804.bmp,148_RR220204A_480C_1804.bmp,HTR,not_apply,SY,,2025-12-10T16:55:08.391543,,,,HTR,Trajectories/2022-02-04/148_RR220204A_480C_1804.bmp || Trajectories/2022-04-11/313_RR220411A_839C_1856.bmp,/content/rl_quantum_2026summer/data/original data/Trajectories/2022-04-11/313_RR220411A_839C_1856.bmp,/content/rl_quantum_2026summer/data/original data/Trajectories/2022-02-04/148_RR220204A_480C_1804.bmp,4,1.0
Trajectories/2022-04-11/313_RR220411A_839C_1856.bmp,313_RR220411A_839C_1856.bmp,Trajectories/2022-02-04/148_RR220204A_480C_1804.bmp,148_RR220204A_480C_1804.bmp,(1 x 1),1,SY,,2025-12-10T16:55:09.183561,,,,(1 x 1),Trajectories/2022-02-04/148_RR220204A_480C_1804.bmp || Trajectories/2022-04-11/313_RR220411A_839C_1856.bmp,/content/rl_quantum_2026summer/data/original data/Trajectories/2022-04-11/313_RR220411A_839C_1856.bmp,/content/rl_quantum_2026summer/data/original data/Trajectories/2022-02-04/148_RR220204A_480C_1804.bmp,0,1.0
Trajectories/2022-04-11/313_RR220411A_839C_1856.bmp,313_RR220411A_839C_1856.bmp,Trajectories/2022-02-04/148_RR220204A_480C_1804.bmp,148_RR220204A_480C_1804.bmp,Twinned(2 x 1),2,SY,,2025-12-10T16:55:09.909640,,,,Twinned(2 x 1),Trajectories/2022-02-04/148_RR220204A_480C_1804.bmp || Trajectories/2022-04-11/313_RR220411A_839C_1856.bmp,/content/rl_quantum_2026summer/data/original data/Trajectories/2022-04-11/313_RR220411A_839C_1856.bmp,/content/rl_quantum_2026summer/data/original data/Trajectories/2022-02-04/148_RR220204A_480C_1804.bmp,1,1.0
Trajectories/2022-04-11/313_RR220411A_839C_1856.bmp,313_RR220411A_839C_1856.bmp,Trajectories/2022-02-04/148_RR220204A_480C_1804.bmp,148_RR220204A_480C_1804.bmp,c(6 x 2),1,SY,,2025-12-10T16:55:10.663841,,,,c(6 x 2),Trajectories/2022-02-04/148_RR220204A_480C_1804.bmp || Trajectories/2022-04-11/313_RR220411A_839C_1856.bmp,/content/rl_quantum_2026summer/data/original data/Trajectories/2022-04-11/313_RR220411A_839C_1856.bmp,/content/rl_quantum_2026summer/data/original data/Trajectories/2022-02-04/148_RR220204A_480C_1804.bmp,2,1.0
Trajectories/2022-04-11/313_RR220411A_839C_1856.bmp,313_RR220411A_839C_1856.bmp,Trajectories/2022-02-04/148_RR220204A_480C_1804.bmp,148_RR220204A_480C_1804.bmp,(√13 x √13),1,SY,,2025-12-10T16:55:11.342948,,,,(√13 x √13),Trajectories/2022-02-04/148_RR220204A_480C_1804.bmp || Trajectories/2022-04-11/313_RR220411A_839C_1856.bmp,/content/rl_quantum_2026summer/data/original data/Trajectories/2022-04-11/313_RR220411A_839C_1856.bmp,/content/rl_quantum_2026summer/data/original data/Trajectories/2022-02-04/148_RR220204A_480C_1804.bmp,3,1.0
Trajectories/2022-02-04/320_RR220204A_915C_2039.bmp,320_RR220204A_915C_2039.bmp,Trajectories/2022-02-06/282_RR220206A_184C_2256.bmp,282_RR220206A_184C_2256.bmp,(√13 x √13),1,AJ,,2025-12-12T00:09:41.214684,,,,(√13 x √13),Trajectories/2022-02-04/320_RR220204A_915C_2039.bmp || Trajectories/2022-02-06/282_RR220206A_184C_2256.bmp,/content/rl_quantum_2026summer/data/original data/Trajectories/2022-02-04/320_RR220204A_915C_2039.bmp,/content/rl_quantum_2026summer/data/original data/Trajectories/2022-02-06/282_RR220206A_184C_2256.bmp,3,1.0
Trajectories/2022-02-04/320_RR220204A_915C_2039.bmp,320_RR220204A_915C_2039.bmp,Trajectories/2022-02-06/282_RR220206A_184C_2256.bmp,282_RR220206A_184C_2256.bmp,HTR,2,AJ,,2025-12-12T00:09:41.963238,,,,HTR,Trajectories/2022-02-04/320_RR220204A_915C_2039.bmp || Trajectories/2022-02-06/282_RR220206A_184C_2256.bmp,/content/rl_quantum_2026summer/data/original data/Trajectories/2022-02-04/320_RR220204A_915C_2039.bmp,/content/rl_quantum_2026summer/data/original data/Trajectories/2022-02-06/282_RR220206A_184C_2256.bmp,4,1.0
Trajectories/2022-02-04/338_RR220204A_940C_2108.bmp,338_RR220204A_940C_2108.bmp,Trajectories/2022-04-11/354_RR220411A_693C_1924.bmp,354_RR220411A_693C_1924.bmp,c(6 x 2),2,Jiangang,,2026-01-05T15:46:27.745309,325.0,202.0,Confident,c(6 x 2),Trajectories/2022-02-04/338_RR220204A_940C_2108.bmp || Trajectories/2022-04-11/354_RR220411A_693C_1924.bmp,/content/rl_quantum_2026summer/data/original data/Trajectories/2022-02-04/338_RR220204A_940C_2108.bmp,/content/rl_quantum_2026summer/data/original data/Trajectories/2022-04-11/354_RR220411A_693C_1924.bmp,2,1.0
Trajectories/2022-02-04/338_RR220204A_940C_2108.bmp,338_RR220204A_940C_2108.bmp,Trajectories/2022-04-11/354_RR220411A_693C_1924.bmp,354_RR220411A_693C_1924.bmp,Twinned(2 x 1),1,Jiangang,,2026-01-05T15:46:29.362949,325.0,202.0,Confident,Twinned(2 x 1),Trajectories/2022-02-04/338_RR220204A_940C_2108.bmp || Trajectories/2022-04-11/354_RR220411A_693C_1924.bmp,/content/rl_quantum_2026summer/data/original data/Trajectories/2022-02-04/338_RR220204A_940C_2108.bmp,/content/rl_quantum_2026summer/data/original data/Trajectories/2022-04-11/354_RR220411A_693C_1924.bmp,1,1.0
Trajectories/2022-02-04/338_RR220204A_940C_2108.bmp,338_RR220204A_940C_2108.bmp,Trajectories/2022-04-11/354_RR220411A_693C_1924.bmp,354_RR220411A_693C_1924.bmp,HTR,not_apply,Jiangang,,2026-01-05T15:46:30.755792,325.0,202.0,Confident,HTR,Trajectories/2022-02-04/338_RR220204A_940C_2108.bmp || Trajectories/2022-04-11/354_RR220411A_693C_1924.bmp,/content/rl_quantum_2026summer/data/original data/Trajectories/2022-02-04/338_RR220204A_940C_2108.bmp,/content/rl_quantum_2026summer/data/original data/Trajectories/2022-04-11/354_RR220411A_693C_1924.bmp,4,1.0
Trajectories/2022-02-04/338_RR220204A_940C_2108.bmp,338_RR220204A_940C_2108.bmp,Trajectories/2022-04-11/354_RR220411A_693C_1924.bmp,354_RR220411A_693C_1924.bmp,(1 x 1),not_apply,Jiangang,,2026-01-05T15:46:31.668455,325.0,202.0,Confident,(1 x 1),Trajectories/2022-02-04/338_RR220204A_940C_2108.bmp || Trajectories/2022-04-11/354_RR220411A_693C_1924.bmp,/content/rl_quantum_2026summer/data/original data/Trajectories/2022-02-04/338_RR220204A_940C_2108.bmp,/content/rl_quantum_2026summer/data/original data/Trajectories/2022-04-11/354_RR220411A_693C_1924.bmp,0,1.0
Trajectories/2022-02-04/338_RR220204A_940C_2108.bmp,338_RR220204A_940C_2108.bmp,Trajectories/2022-04-11/354_RR220411A_693C_1924.bmp,354_RR220411A_693C_1924.bmp,(√13 x √13),tie,Jiangang,,2026-01-05T15:46:32.595069,325.0,202.0,Confident,(√13 x √13),Trajectories/2022-02-04/338_RR220204A_940C_2108.bmp || Trajectories/2022-04-11/354_RR220411A_693C_1924.bmp,/content/rl_quantum_2026summer/data/original data/Trajectories/2022-02-04/338_RR220204A_940C_2108.bmp,/content/rl_quantum_2026summer/data/original data/Trajectories/2022-04-11/354_RR220411A_693C_1924.bmp,3,1.0
Trajectories/2022-04-11/443_RR220411A_303C_2007.bmp,443_RR220411A_303C_2007.bmp,Trajectories/2022-04-11/397_RR220411A_528C_1948.bmp,397_RR220411A_528C_1948.bmp,(√13 x √13),tie,AJ,,2025-12-12T00:18:11.173158,,,,(√13 x √13),Trajectories/2022-04-11/397_RR220411A_528C_1948.bmp || Trajectories/2022-04-11/443_RR220411A_303C_2007.bmp,/content/rl_quantum_2026summer/data/original data/Trajectories/2022-04-11/443_RR220411A_303C_2007.bmp,/content/rl_quantum_2026summer/data/original data/Trajectories/2022-04-11/397_RR220411A_528C_1948.bmp,3,1.0
Trajectories/2022-02-06/095_RR220206A_614C_1835.bmp,095_RR220206A_614C_1835.bmp,Trajectories/2022-02-06/195_RR220206A_944C_2101.bmp,195_RR220206A_944C_2101.bmp,c(6 x 2),not_apply,AJ,,2025-12-26T10:21:08.236795,210.0,199.0,Confident,c(6 x 2),Trajectories/2022-02-06/095_RR220206A_614C_1835.bmp || Trajectories/2022-02-06/195_RR220206A_944C_2101.bmp,/content/rl_quantum_2026summer/data/original data/Trajectories/2022-02-06/095_RR220206A_614C_1835.bmp,/content/rl_quantum_2026summer/data/original data/Trajectories/2022-02-06/195_RR220206A_944C_2101.bmp,2,1.0
Trajectories/2022-02-06/095_RR220206A_614C_1835.bmp,095_RR220206A_614C_1835.bmp,Trajectories/2022-02-06/195_RR220206A_944C_2101.bmp,195_RR220206A_944C_2101.bmp,Twinned(2 x 1),not_apply,AJ,,2025-12-26T10:21:14.217541,210.0,199.0,Confident,Twinned(2 x 1),Trajectories/2022-02-06/095_RR220206A_614C_1835.bmp || Trajectories/2022-02-06/195_RR220206A_944C_2101.bmp,/content/rl_quantum_2026summer/data/original data/Trajectories/2022-02-06/095_RR220206A_614C_1835.bmp,/content/rl_quantum_2026summer/data/original data/Trajectories/2022-02-06/195_RR220206A_944C_2101.bmp,1,1.0
Trajectories/2022-02-06/095_RR220206A_614C_1835.bmp,095_RR220206A_614C_1835.bmp,Trajectories/2022-02-06/195_RR220206A_944C_2101.bmp,195_RR220206A_944C_2101.bmp,HTR,2,AJ,,2025-12-26T10:21:21.079234,210.0,199.0,Confident,HTR,Trajectories/2022-02-06/095_RR220206A_614C_1835.bmp || Trajectories/2022-02-06/195_RR220206A_944C_2101.bmp,/content/rl_quantum_2026summer/data/original data/Trajectories/2022-02-06/095_RR220206A_614C_1835.bmp,/content/rl_quantum_2026summer/data/original data/Trajectories/2022-02-06/195_RR220206A_944C_2101.bmp,4,1.0
Trajectories/2022-02-06/095_RR220206A_614C_1835.bmp,095_RR220206A_614C_1835.bmp,Trajectories/2022-02-06/195_RR220206A_944C_2101.bmp,195_RR220206A_944C_2101.bmp,(1 x 1),1,AJ,,2025-12-26T10:21:27.714054,210.0,199.0,Confident,(1 x 1),Trajectories/2022-02-06/095_RR220206A_614C_1835.bmp || Trajectories/2022-02-06/195_RR220206A_944C_2101.bmp,/content/rl_quantum_2026summer/data/original data/Trajectories/2022-02-06/095_RR220206A_614C_1835.bmp,/content/rl_quantum_2026summer/data/original data/Trajectories/2022-02-06/195_RR220206A_944C_2101.bmp,0,1.0
Trajectories/2022-02-06/095_RR220206A_614C_1835.bmp,095_RR220206A_614C_1835.bmp,Trajectories/2022-02-06/195_RR220206A_944C_2101.bmp,195_RR220206A_944C_2101.bmp,(√13 x √13),not_apply,AJ,,2025-12-26T10:21:34.921390,210.0,199.0,Confident,(√13 x √13),Trajectories/2022-02-06/095_RR220206A_614C_1835.bmp || Trajectories/2022-02-06/195_RR220206A_944C_2101.bmp,/content/rl_quantum_2026summer/data/original data/Trajectories/2022-02-06/095_RR220206A_614C_1835.bmp,/content/rl_quantum_2026summer/data/original data/Trajectories/2022-02-06/195_RR220206A_944C_2101.bmp,3,1.0
Trajectories/2022-02-04/346_RR220204A_957C_2123.bmp,346_RR220204A_957C_2123.bmp,Trajectories/2022-02-04/103_RR220204A_408C_1733.bmp,103_RR220204A_408C_1733.bmp,c(6 x 2),not_apply,HL,,2025-12-15T20:53:00.219674,,,,c(6 x 2),Trajectories/2022-02-04/103_RR220204A_408C_1733.bmp || Trajectories/2022-02-04/346_RR220204A_957C_2123.bmp,/content/rl_quantum_2026summer/data/original data/Trajectories/2022-02-04/346_RR220204A_957C_2123.bmp,/content/rl_quantum_2026summer/data/original data/Trajectories/2022-02-04/103_RR220204A_408C_1733.bmp,2,1.0
Trajectories/2022-02-04/346_RR220204A_957C_2123.bmp,346_RR220204A_957C_2123.bmp,Trajectories/2022-02-04/103_RR220204A_408C_1733.bmp,103_RR220204A_408C_1733.bmp,HTR,not_apply,HL,,2025-12-15T20:53:01.364709,,,,HTR,Trajectories/2022-02-04/103_RR220204A_408C_1733.bmp || Trajectories/2022-02-04/346_RR220204A_957C_2123.bmp,/content/rl_quantum_2026summer/data/original data/Trajectories/2022-02-04/346_RR220204A_957C_2123.bmp,/content/rl_quantum_2026summer/data/original data/Trajectories/2022-02-04/103_RR220204A_408C_1733.bmp,4,1.0
Trajectories/2022-02-04/346_RR220204A_957C_2123.bmp,346_RR220204A_957C_2123.bmp,Trajectories/2022-02-04/103_RR220204A_408C_1733.bmp,103_RR220204A_408C_1733.bmp,(√13 x √13),2,HL,,2025-12-15T20:53:02.544973,,,,(√13 x √13),Trajectories/2022-02-04/103_RR220204A_408C_1733.bmp || Trajectories/2022-02-04/346_RR220204A_957C_2123.bmp,/content/rl_quantum_2026summer/data/original data/Trajectories/2022-02-04/346_RR220204A_957C_2123.bmp,/content/rl_quantum_2026summer/data/original data/Trajectories/2022-02-04/103_RR220204A_408C_1733.bmp,3,1.0
Trajectories/2022-02-04/346_RR220204A_957C_2123.bmp,346_RR220204A_957C_2123.bmp,Trajectories/2022-02-04/103_RR220204A_408C_1733.bmp,103_RR220204A_408C_1733.bmp,(1 x 1),not_apply,HL,,2025-12-15T20:53:03.640595,,,,(1 x 1),Trajectories/2022-02-04/103_RR220204A_408C_1733.bmp || Trajectories/2022-02-04/346_RR220204A_957C_2123.bmp,/content/rl_quantum_2026summer/data/original data/Trajectories/2022-02-04/346_RR220204A_957C_2123.bmp,/content/rl_quantum_2026summer/data/original data/Trajectories/2022-02-04/103_RR220204A_408C_1733.bmp,0,1.0
Trajectories/2022-02-04/346_RR220204A_957C_2123.bmp,346_RR220204A_957C_2123.bmp,Trajectories/2022-02-04/103_RR220204A_408C_1733.bmp,103_RR220204A_408C_1733.bmp,Twinned(2 x 1),tie,HL,,2025-12-15T20:53:05.043278,,,,Twinned(2 x 1),Trajectories/2022-02-04/103_RR220204A_408C_1733.bmp || Trajectories/2022-02-04/346_RR220204A_957C_2123.bmp,/content/rl_quantum_2026summer/data/original data/Trajectories/2022-02-04/346_RR220204A_957C_2123.bmp,/content/rl_quantum_2026summer/data/original data/Trajectories/2022-02-04/103_RR220204A_408C_1733.bmp,1,1.0
Trajectories/2022-04-11/129_RR220411A_590C_1601.bmp,129_RR220411A_590C_1601.bmp,Trajectories/2022-02-06/141_RR220206A_995C_1942.bmp,141_RR220206A_995C_1942.bmp,(1 x 1),1,HL,,2026-01-06T23:14:56.537843,290.0,311.0,Confident,(1 x 1),Trajectories/2022-02-06/141_RR220206A_995C_1942.bmp || Trajectories/2022-04-11/129_RR220411A_590C_1601.bmp,/content/rl_quantum_2026summer/data/original data/Trajectories/2022-04-11/129_RR220411A_590C_1601.bmp,/content/rl_quantum_2026summer/data/original data/Trajectories/2022-02-06/141_RR220206A_995C_1942.bmp,0,1.0
Trajectories/2022-04-11/129_RR220411A_590C_1601.bmp,129_RR220411A_590C_1601.bmp,Trajectories/2022-02-06/141_RR220206A_995C_1942.bmp,141_RR220206A_995C_1942.bmp,HTR,not_apply,HL,,2026-01-06T23:14:58.103906,290.0,311.0,Confident,HTR,Trajectories/2022-02-06/141_RR220206A_995C_1942.bmp || Trajectories/2022-04-11/129_RR220411A_590C_1601.bmp,/content/rl_quantum_2026summer/data/original data/Trajectories/2022-04-11/129_RR220411A_590C_1601.bmp,/content/rl_quantum_2026summer/data/original data/Trajectories/2022-02-06/141_RR220206A_995C_1942.bmp,4,1.0
Trajectories/2022-04-11/129_RR220411A_590C_1601.bmp,129_RR220411A_590C_1601.bmp,Trajectories/2022-02-06/141_RR220206A_995C_1942.bmp,141_RR220206A_995C_1942.bmp,Twinned(2 x 1),not_apply,HL,,2026-01-06T23:14:59.292000,290.0,311.0,Confident,Twinned(2 x 1),Trajectories/2022-02-06/141_RR220206A_995C_1942.bmp || Trajectories/2022-04-11/129_RR220411A_590C_1601.bmp,/content/rl_quantum_2026summer/data/original data/Trajectories/2022-04-11/129_RR220411A_590C_1601.bmp,/content/rl_quantum_2026summer/data/original data/Trajectories/2022-02-06/141_RR220206A_995C_1942.bmp,1,1.0
Trajectories/2022-04-11/129_RR220411A_590C_1601.bmp,129_RR220411A_590C_1601.bmp,Trajectories/2022-02-06/141_RR220206A_995C_1942.bmp,141_RR220206A_995C_1942.bmp,(√13 x √13),not_apply,HL,,2026-01-06T23:15:00.590700,290.0,311.0,Confident,(√13 x √13),Trajectories/2022-02-06/141_RR220206A_995C_1942.bmp || Trajectories/2022-04-11/129_RR220411A_590C_1601.bmp,/content/rl_quantum_2026summer/data/original data/Trajectories/2022-04-11/129_RR220411A_590C_1601.bmp,/content/rl_quantum_2026summer/data/original data/Trajectories/2022-02-06/141_RR220206A_995C_1942.bmp,3,1.0
Trajectories/2022-04-11/129_RR220411A_590C_1601.bmp,129_RR220411A_590C_1601.bmp,Trajectories/2022-02-06/141_RR220206A_995C_1942.bmp,141_RR220206A_995C_1942.bmp,c(6 x 2),2,HL,,2026-01-06T23:15:01.765259,290.0,311.0,Confident,c(6 x 2),Trajectories/2022-02-06/141_RR220206A_995C_1942.bmp || Trajectories/2022-04-11/129_RR220411A_590C_1601.bmp,/content/rl_quantum_2026summer/data/original data/Trajectories/2022-04-11/129_RR220411A_590C_1601.bmp,/content/rl_quantum_2026summer/data/original data/Trajectories/2022-02-06/141_RR220206A_995C_1942.bmp,2,1.0
Trajectories/2022-02-04/281_RR220204A_806C_2000.bmp,281_RR220204A_806C_2000.bmp,Trajectories/2022-04-11/322_RR220411A_818C_1902.bmp,322_RR220411A_818C_1902.bmp,(1 x 1),1,HL,,2026-01-05T23:22:03.879208,330.0,255.0,Confident,(1 x 1),Trajectories/2022-02-04/281_RR220204A_806C_2000.bmp || Trajectories/2022-04-11/322_RR220411A_818C_1902.bmp,/content/rl_quantum_2026summer/data/original data/Trajectories/2022-02-04/281_RR220204A_806C_2000.bmp,/content/rl_quantum_2026summer/data/original data/Trajectories/2022-04-11/322_RR220411A_818C_1902.bmp,0,1.0
Trajectories/2022-02-04/281_RR220204A_806C_2000.bmp,281_RR220204A_806C_2000.bmp,Trajectories/2022-04-11/322_RR220411A_818C_1902.bmp,322_RR220411A_818C_1902.bmp,Twinned(2 x 1),1,HL,,2026-01-05T23:22:05.075681,330.0,255.0,Confident,Twinned(2 x 1),Trajectories/2022-02-04/281_RR220204A_806C_2000.bmp || Trajectories/2022-04-11/322_RR220411A_818C_1902.bmp,/content/rl_quantum_2026summer/data/original data/Trajectories/2022-02-04/281_RR220204A_806C_2000.bmp,/content/rl_quantum_2026summer/data/original data/Trajectories/2022-04-11/322_RR220411A_818C_1902.bmp,1,1.0
Trajectories/2022-02-04/281_RR220204A_806C_2000.bmp,281_RR220204A_806C_2000.bmp,Trajectories/2022-04-11/322_RR220411A_818C_1902.bmp,322_RR220411A_818C_1902.bmp,HTR,not_apply,HL,,2026-01-05T23:22:06.302925,330.0,255.0,Confident,HTR,Trajectories/2022-02-04/281_RR220204A_806C_2000.bmp || Trajectories/2022-04-11/322_RR220411A_818C_1902.bmp,/content/rl_quantum_2026summer/data/original data/Trajectories/2022-02-04/281_RR220204A_806C_2000.bmp,/content/rl_quantum_2026summer/data/original data/Trajectories/2022-04-11/322_RR220411A_818C_1902.bmp,4,1.0
Trajectories/2022-02-04/281_RR220204A_806C_2000.bmp,281_RR220204A_806C_2000.bmp,Trajectories/2022-04-11/322_RR220411A_818C_1902.bmp,322_RR220411A_818C_1902.bmp,(√13 x √13),2,HL,,2026-01-05T23:22:07.203074,330.0,255.0,Confident,(√13 x √13),Trajectories/2022-02-04/281_RR220204A_806C_2000.bmp || Trajectories/2022-04-11/322_RR220411A_818C_1902.bmp,/content/rl_quantum_2026summer/data/original data/Trajectories/2022-02-04/281_RR220204A_806C_2000.bmp,/content/rl_quantum_2026summer/data/original data/Trajectories/2022-04-11/322_RR220411A_818C_1902.bmp,3,1.0
Trajectories/2022-02-04/281_RR220204A_806C_2000.bmp,281_RR220204A_806C_2000.bmp,Trajectories/2022-04-11/322_RR220411A_818C_1902.bmp,322_RR220411A_818C_1902.bmp,c(6 x 2),2,HL,,2026-01-05T23:22:08.233881,330.0,255.0,Confident,c(6 x 2),Trajectories/2022-02-04/281_RR220204A_806C_2000.bmp || Trajectories/2022-04-11/322_RR220411A_818C_1902.bmp,/content/rl_quantum_2026summer/data/original data/Trajectories/2022-02-04/281_RR220204A_806C_2000.bmp,/content/rl_quantum_2026summer/data/original data/Trajectories/2022-04-11/322_RR220411A_818C_1902.bmp,2,1.0
Trajectories/2022-02-06/163_RR220206A_1105C_2015.bmp,163_RR220206A_1105C_2015.bmp,Trajectories/2022-02-04/341_RR220204A_937C_2114.bmp,341_RR220204A_937C_2114.bmp,(√13 x √13),2,AJ,,2025-12-06 01:19:50,,,,(√13 x √13),Trajectories/2022-02-04/341_RR220204A_937C_2114.bmp || Trajectories/2022-02-06/163_RR220206A_1105C_2015.bmp,/content/rl_quantum_2026summer/data/original data/Trajectories/2022-02-06/163_RR220206A_1105C_2015.bmp,/content/rl_quantum_2026summer/data/original data/Trajectories/2022-02-04/341_RR220204A_937C_2114.bmp,3,1.0
Trajectories/2022-02-06/163_RR220206A_1105C_2015.bmp,163_RR220206A_1105C_2015.bmp,Trajectories/2022-02-04/341_RR220204A_937C_2114.bmp,341_RR220204A_937C_2114.bmp,HTR,1,AJ,,2025-12-06 01:19:50,,,,HTR,Trajectories/2022-02-04/341_RR220204A_937C_2114.bmp || Trajectories/2022-02-06/163_RR220206A_1105C_2015.bmp,/content/rl_quantum_2026summer/data/original data/Trajectories/2022-02-06/163_RR220206A_1105C_2015.bmp,/content/rl_quantum_2026summer/data/original data/Trajectories/2022-02-04/341_RR220204A_937C_2114.bmp,4,1.0
Trajectories/2022-02-06/271_RR220206A_425C_2242.bmp,271_RR220206A_425C_2242.bmp,Trajectories/2022-04-11/372_RR220411A_636C_1935.bmp,372_RR220411A_636C_1935.bmp,Twinned(2 x 1),not_apply,AJ,,2025-12-26T10:55:49.346388,218.0,220.0,Confident,Twinned(2 x 1),Trajectories/2022-02-06/271_RR220206A_425C_2242.bmp || Trajectories/2022-04-11/372_RR220411A_636C_1935.bmp,/content/rl_quantum_2026summer/data/original data/Trajectories/2022-02-06/271_RR220206A_425C_2242.bmp,/content/rl_quantum_2026summer/data/original data/Trajectories/2022-04-11/372_RR220411A_636C_1935.bmp,1,1.0
Trajectories/2022-02-06/271_RR220206A_425C_2242.bmp,271_RR220206A_425C_2242.bmp,Trajectories/2022-04-11/372_RR220411A_636C_1935.bmp,372_RR220411A_636C_1935.bmp,c(6 x 2),2,AJ,,2025-12-26T10:55:50.515210,218.0,220.0,Confident,c(6 x 2),Trajectories/2022-02-06/271_RR220206A_425C_2242.bmp || Trajectories/2022-04-11/372_RR220411A_636C_1935.bmp,/content/rl_quantum_2026summer/data/original data/Trajectories/2022-02-06/271_RR220206A_425C_2242.bmp,/content/rl_quantum_2026summer/data/original data/Trajectories/2022-04-11/372_RR220411A_636C_1935.bmp,2,1.0
Trajectories/2022-02-06/271_RR220206A_425C_2242.bmp,271_RR220206A_425C_2242.bmp,Trajectories/2022-04-11/372_RR220411A_636C_1935.bmp,372_RR220411A_636C_1935.bmp,(1 x 1),not_apply,AJ,,2025-12-26T10:55:51.570661,218.0,220.0,Confident,(1 x 1),Trajectories/2022-02-06/271_RR220206A_425C_2242.bmp || Trajectories/2022-04-11/372_RR220411A_636C_1935.bmp,/content/rl_quantum_2026summer/data/original data/Trajectories/2022-02-06/271_RR220206A_425C_2242.bmp,/content/rl_quantum_2026summer/data/original data/Trajectories/2022-04-11/372_RR220411A_636C_1935.bmp,0,1.0
Trajectories/2022-02-06/271_RR220206A_425C_2242.bmp,271_RR220206A_425C_2242.bmp,Trajectories/2022-04-11/372_RR220411A_636C_1935.bmp,372_RR220411A_636C_1935.bmp,(√13 x √13),2,AJ,,2025-12-26T10:55:52.728937,218.0,220.0,Confident,(√13 x √13),Trajectories/2022-02-06/271_RR220206A_425C_2242.bmp || Trajectories/2022-04-11/372_RR220411A_636C_1935.bmp,/content/rl_quantum_2026summer/data/original data/Trajectories/2022-02-06/271_RR220206A_425C_2242.bmp,/content/rl_quantum_2026summer/data/original data/Trajectories/2022-04-11/372_RR220411A_636C_1935.bmp,3,1.0
Trajectories/2022-02-06/055_RR220206A_239C_1742.bmp,055_RR220206A_239C_1742.bmp,Trajectories/2022-04-11/409_RR220411A_474C_1953.bmp,409_RR220411A_474C_1953.bmp,(1 x 1),2,SY,,2025-12-14 08:53:40,,,,(1 x 1),Trajectories/2022-02-06/055_RR220206A_239C_1742.bmp || Trajectories/2022-04-11/409_RR220411A_474C_1953.bmp,/content/rl_quantum_2026summer/data/original data/Trajectories/2022-02-06/055_RR220206A_239C_1742.bmp,/content/rl_quantum_2026summer/data/original data/Trajectories/2022-04-11/409_RR220411A_474C_1953.bmp,0,1.0
Trajectories/2022-02-06/055_RR220206A_239C_1742.bmp,055_RR220206A_239C_1742.bmp,Trajectories/2022-04-11/409_RR220411A_474C_1953.bmp,409_RR220411A_474C_1953.bmp,(√13 x √13),2,SY,,2025-12-14 08:53:40,,,,(√13 x √13),Trajectories/2022-02-06/055_RR220206A_239C_1742.bmp || Trajectories/2022-04-11/409_RR220411A_474C_1953.bmp,/content/rl_quantum_2026summer/data/original data/Trajectories/2022-02-06/055_RR220206A_239C_1742.bmp,/content/rl_quantum_2026summer/data/original data/Trajectories/2022-04-11/409_RR220411A_474C_1953.bmp,3,1.0
Trajectories/2022-02-06/055_RR220206A_239C_1742.bmp,055_RR220206A_239C_1742.bmp,Trajectories/2022-04-11/409_RR220411A_474C_1953.bmp,409_RR220411A_474C_1953.bmp,HTR,not_apply,SY,,2025-12-14 08:53:40,,,,HTR,Trajectories/2022-02-06/055_RR220206A_239C_1742.bmp || Trajectories/2022-04-11/409_RR220411A_474C_1953.bmp,/content/rl_quantum_2026summer/data/original data/Trajectories/2022-02-06/055_RR220206A_239C_1742.bmp,/content/rl_quantum_2026summer/data/original data/Trajectories/2022-04-11/409_RR220411A_474C_1953.bmp,4,1.0
Trajectories/2022-02-06/055_RR220206A_239C_1742.bmp,055_RR220206A_239C_1742.bmp,Trajectories/2022-04-11/409_RR220411A_474C_1953.bmp,409_RR220411A_474C_1953.bmp,c(6 x 2),2,SY,,2025-12-14 08:53:40,,,,c(6 x 2),Trajectories/2022-02-06/055_RR220206A_239C_1742.bmp || Trajectories/2022-04-11/409_RR220411A_474C_1953.bmp,/content/rl_quantum_2026summer/data/original data/Trajectories/2022-02-06/055_RR220206A_239C_1742.bmp,/content/rl_quantum_2026summer/data/original data/Trajectories/2022-04-11/409_RR220411A_474C_1953.bmp,2,1.0
Trajectories/2022-02-06/055_RR220206A_239C_1742.bmp,055_RR220206A_239C_1742.bmp,Trajectories/2022-04-11/409_RR220411A_474C_1953.bmp,409_RR220411A_474C_1953.bmp,Twinned(2 x 1),not_apply,SY,,2025-12-14 08:53:40,,,,Twinned(2 x 1),Trajectories/2022-02-06/055_RR220206A_239C_1742.bmp || Trajectories/2022-04-11/409_RR220411A_474C_1953.bmp,/content/rl_quantum_2026summer/data/original data/Trajectories/2022-02-06/055_RR220206A_239C_1742.bmp,/content/rl_quantum_2026summer/data/original data/Trajectories/2022-04-11/409_RR220411A_474C_1953.bmp,1,1.0
Trajectories/2022-02-04/335_RR220204A_940C_2102.bmp,335_RR220204A_940C_2102.bmp,Trajectories/2022-02-04/305_RR220204A_915C_2023.bmp,305_RR220204A_915C_2023.bmp,(1 x 1),tie,HL,,2026-01-06T21:46:37.691550,286.0,400.0,Confident,(1 x 1),Trajectories/2022-02-04/305_RR220204A_915C_2023.bmp || Trajectories/2022-02-04/335_RR220204A_940C_2102.bmp,/content/rl_quantum_2026summer/data/original data/Trajectories/2022-02-04/335_RR220204A_940C_2102.bmp,/content/rl_quantum_2026summer/data/original data/Trajectories/2022-02-04/305_RR220204A_915C_2023.bmp,0,1.0
Trajectories/2022-02-04/335_RR220204A_940C_2102.bmp,335_RR220204A_940C_2102.bmp,Trajectories/2022-02-04/305_RR220204A_915C_2023.bmp,305_RR220204A_915C_2023.bmp,c(6 x 2),not_apply,HL,,2026-01-06T21:46:38.462089,286.0,400.0,Confident,c(6 x 2),Trajectories/2022-02-04/305_RR220204A_915C_2023.bmp || Trajectories/2022-02-04/335_RR220204A_940C_2102.bmp,/content/rl_quantum_2026summer/data/original data/Trajectories/2022-02-04/335_RR220204A_940C_2102.bmp,/content/rl_quantum_2026summer/data/original data/Trajectories/2022-02-04/305_RR220204A_915C_2023.bmp,2,1.0
Trajectories/2022-02-04/335_RR220204A_940C_2102.bmp,335_RR220204A_940C_2102.bmp,Trajectories/2022-02-04/305_RR220204A_915C_2023.bmp,305_RR220204A_915C_2023.bmp,Twinned(2 x 1),tie,HL,,2026-01-06T21:46:39.186417,286.0,400.0,Confident,Twinned(2 x 1),Trajectories/2022-02-04/305_RR220204A_915C_2023.bmp || Trajectories/2022-02-04/335_RR220204A_940C_2102.bmp,/content/rl_quantum_2026summer/data/original data/Trajectories/2022-02-04/335_RR220204A_940C_2102.bmp,/content/rl_quantum_2026summer/data/original data/Trajectories/2022-02-04/305_RR220204A_915C_2023.bmp,1,1.0
Trajectories/2022-02-04/335_RR220204A_940C_2102.bmp,335_RR220204A_940C_2102.bmp,Trajectories/2022-02-04/305_RR220204A_915C_2023.bmp,305_RR220204A_915C_2023.bmp,HTR,not_apply,HL,,2026-01-06T21:46:40.027616,286.0,400.0,Confident,HTR,Trajectories/2022-02-04/305_RR220204A_915C_2023.bmp || Trajectories/2022-02-04/335_RR220204A_940C_2102.bmp,/content/rl_quantum_2026summer/data/original data/Trajectories/2022-02-04/335_RR220204A_940C_2102.bmp,/content/rl_quantum_2026summer/data/original data/Trajectories/2022-02-04/305_RR220204A_915C_2023.bmp,4,1.0
Trajectories/2022-02-04/335_RR220204A_940C_2102.bmp,335_RR220204A_940C_2102.bmp,Trajectories/2022-02-04/305_RR220204A_915C_2023.bmp,305_RR220204A_915C_2023.bmp,(√13 x √13),tie,HL,,2026-01-06T21:46:40.783501,286.0,400.0,Confident,(√13 x √13),Trajectories/2022-02-04/305_RR220204A_915C_2023.bmp || Trajectories/2022-02-04/335_RR220204A_940C_2102.bmp,/content/rl_quantum_2026summer/data/original data/Trajectories/2022-02-04/335_RR220204A_940C_2102.bmp,/content/rl_quantum_2026summer/data/original data/Trajectories/2022-02-04/305_RR220204A_915C_2023.bmp,3,1.0
Trajectories/2022-02-06/257_RR220206A_581C_2222.bmp,257_RR220206A_581C_2222.bmp,Trajectories/2022-02-04/379_RR220204A_937C_2315.bmp,379_RR220204A_937C_2315.bmp,c(6 x 2),2,AJ,,2025-12-11T15:16:13.622695,,,,c(6 x 2),Trajectories/2022-02-04/379_RR220204A_937C_2315.bmp || Trajectories/2022-02-06/257_RR220206A_581C_2222.bmp,/content/rl_quantum_2026summer/data/original data/Trajectories/2022-02-06/257_RR220206A_581C_2222.bmp,/content/rl_quantum_2026summer/data/original data/Trajectories/2022-02-04/379_RR220204A_937C_2315.bmp,2,1.0
Trajectories/2022-02-06/257_RR220206A_581C_2222.bmp,257_RR220206A_581C_2222.bmp,Trajectories/2022-02-04/379_RR220204A_937C_2315.bmp,379_RR220204A_937C_2315.bmp,HTR,1,AJ,,2025-12-11T15:16:14.437789,,,,HTR,Trajectories/2022-02-04/379_RR220204A_937C_2315.bmp || Trajectories/2022-02-06/257_RR220206A_581C_2222.bmp,/content/rl_quantum_2026summer/data/original data/Trajectories/2022-02-06/257_RR220206A_581C_2222.bmp,/content/rl_quantum_2026summer/data/original data/Trajectories/2022-02-04/379_RR220204A_937C_2315.bmp,4,1.0
Trajectories/2022-02-06/048_RR220206A_175C_1736.bmp,048_RR220206A_175C_1736.bmp,Trajectories/2022-04-11/189_RR220411A_822C_1703.bmp,189_RR220411A_822C_1703.bmp,HTR,not_apply,HL,,2026-01-06T21:47:08.538700,324.0,287.0,Confident,HTR,Trajectories/2022-02-06/048_RR220206A_175C_1736.bmp || Trajectories/2022-04-11/189_RR220411A_822C_1703.bmp,/content/rl_quantum_2026summer/data/original data/Trajectories/2022-02-06/048_RR220206A_175C_1736.bmp,/content/rl_quantum_2026summer/data/original data/Trajectories/2022-04-11/189_RR220411A_822C_1703.bmp,4,1.0
Trajectories/2022-02-06/048_RR220206A_175C_1736.bmp,048_RR220206A_175C_1736.bmp,Trajectories/2022-04-11/189_RR220411A_822C_1703.bmp,189_RR220411A_822C_1703.bmp,Twinned(2 x 1),not_apply,HL,,2026-01-06T21:47:09.296451,324.0,287.0,Confident,Twinned(2 x 1),Trajectories/2022-02-06/048_RR220206A_175C_1736.bmp || Trajectories/2022-04-11/189_RR220411A_822C_1703.bmp,/content/rl_quantum_2026summer/data/original data/Trajectories/2022-02-06/048_RR220206A_175C_1736.bmp,/content/rl_quantum_2026summer/data/original data/Trajectories/2022-04-11/189_RR220411A_822C_1703.bmp,1,1.0
Trajectories/2022-02-06/048_RR220206A_175C_1736.bmp,048_RR220206A_175C_1736.bmp,Trajectories/2022-04-11/189_RR220411A_822C_1703.bmp,189_RR220411A_822C_1703.bmp,(1 x 1),tie,HL,,2026-01-06T21:47:10.047898,324.0,287.0,Confident,(1 x 1),Trajectories/2022-02-06/048_RR220206A_175C_1736.bmp || Trajectories/2022-04-11/189_RR220411A_822C_1703.bmp,/content/rl_quantum_2026summer/data/original data/Trajectories/2022-02-06/048_RR220206A_175C_1736.bmp,/content/rl_quantum_2026summer/data/original data/Trajectories/2022-04-11/189_RR220411A_822C_1703.bmp,0,1.0
Trajectories/2022-02-06/048_RR220206A_175C_1736.bmp,048_RR220206A_175C_1736.bmp,Trajectories/2022-04-11/189_RR220411A_822C_1703.bmp,189_RR220411A_822C_1703.bmp,(√13 x √13),not_apply,HL,,2026-01-06T21:47:10.790309,324.0,287.0,Confident,(√13 x √13),Trajectories/2022-02-06/048_RR220206A_175C_1736.bmp || Trajectories/2022-04-11/189_RR220411A_822C_1703.bmp,/content/rl_quantum_2026summer/data/original data/Trajectories/2022-02-06/048_RR220206A_175C_1736.bmp,/content/rl_quantum_2026summer/data/original data/Trajectories/2022-04-11/189_RR220411A_822C_1703.bmp,3,1.0
Trajectories/2022-02-06/048_RR220206A_175C_1736.bmp,048_RR220206A_175C_1736.bmp,Trajectories/2022-04-11/189_RR220411A_822C_1703.bmp,189_RR220411A_822C_1703.bmp,c(6 x 2),not_apply,HL,,2026-01-06T21:47:11.586590,324.0,287.0,Confident,c(6 x 2),Trajectories/2022-02-06/048_RR220206A_175C_1736.bmp || Trajectories/2022-04-11/189_RR220411A_822C_1703.bmp,/content/rl_quantum_2026summer/data/original data/Trajectories/2022-02-06/048_RR220206A_175C_1736.bmp,/content/rl_quantum_2026summer/data/original data/Trajectories/2022-04-11/189_RR220411A_822C_1703.bmp,2,1.0
Trajectories/2022-04-11/036_RR220411A_313C_1443.bmp,036_RR220411A_313C_1443.bmp,Trajectories/2022-04-11/072_RR220411A_429C_1516.bmp,072_RR220411A_429C_1516.bmp,(1 x 1),tie,AJ,,2025-12-12T00:18:56.770269,,,,(1 x 1),Trajectories/2022-04-11/036_RR220411A_313C_1443.bmp || Trajectories/2022-04-11/072_RR220411A_429C_1516.bmp,/content/rl_quantum_2026summer/data/original data/Trajectories/2022-04-11/036_RR220411A_313C_1443.bmp,/content/rl_quantum_2026summer/data/original data/Trajectories/2022-04-11/072_RR220411A_429C_1516.bmp,0,1.0
Trajectories/2022-04-11/147_RR220411A_671C_1617.bmp,147_RR220411A_671C_1617.bmp,Trajectories/2022-02-04/184_RR220204A_576C_1826.bmp,184_RR220204A_576C_1826.bmp,(1 x 1),2,SY,,2025-12-14 08:53:40,,,,(1 x 1),Trajectories/2022-02-04/184_RR220204A_576C_1826.bmp || Trajectories/2022-04-11/147_RR220411A_671C_1617.bmp,/content/rl_quantum_2026summer/data/original data/Trajectories/2022-04-11/147_RR220411A_671C_1617.bmp,/content/rl_quantum_2026summer/data/original data/Trajectories/2022-02-04/184_RR220204A_576C_1826.bmp,0,1.0
Trajectories/2022-04-11/147_RR220411A_671C_1617.bmp,147_RR220411A_671C_1617.bmp,Trajectories/2022-02-04/184_RR220204A_576C_1826.bmp,184_RR220204A_576C_1826.bmp,c(6 x 2),not_apply,SY,,2025-12-14 08:53:40,,,,c(6 x 2),Trajectories/2022-02-04/184_RR220204A_576C_1826.bmp || Trajectories/2022-04-11/147_RR220411A_671C_1617.bmp,/content/rl_quantum_2026summer/data/original data/Trajectories/2022-04-11/147_RR220411A_671C_1617.bmp,/content/rl_quantum_2026summer/data/original data/Trajectories/2022-02-04/184_RR220204A_576C_1826.bmp,2,1.0
Trajectories/2022-04-11/147_RR220411A_671C_1617.bmp,147_RR220411A_671C_1617.bmp,Trajectories/2022-02-04/184_RR220204A_576C_1826.bmp,184_RR220204A_576C_1826.bmp,HTR,not_apply,SY,,2025-12-14 08:53:40,,,,HTR,Trajectories/2022-02-04/184_RR220204A_576C_1826.bmp || Trajectories/2022-04-11/147_RR220411A_671C_1617.bmp,/content/rl_quantum_2026summer/data/original data/Trajectories/2022-04-11/147_RR220411A_671C_1617.bmp,/content/rl_quantum_2026summer/data/original data/Trajectories/2022-02-04/184_RR220204A_576C_1826.bmp,4,1.0
Trajectories/2022-04-11/147_RR220411A_671C_1617.bmp,147_RR220411A_671C_1617.bmp,Trajectories/2022-02-04/184_RR220204A_576C_1826.bmp,184_RR220204A_576C_1826.bmp,Twinned(2 x 1),2,SY,,2025-12-14 08:53:40,,,,Twinned(2 x 1),Trajectories/2022-02-04/184_RR220204A_576C_1826.bmp || Trajectories/2022-04-11/147_RR220411A_671C_1617.bmp,/content/rl_quantum_2026summer/data/original data/Trajectories/2022-04-11/147_RR220411A_671C_1617.bmp,/content/rl_quantum_2026summer/data/original data/Trajectories/2022-02-04/184_RR220204A_576C_1826.bmp,1,1.0
Trajectories/2022-04-11/147_RR220411A_671C_1617.bmp,147_RR220411A_671C_1617.bmp,Trajectories/2022-02-04/184_RR220204A_576C_1826.bmp,184_RR220204A_576C_1826.bmp,(√13 x √13),2,SY,,2025-12-14 08:53:40,,,,(√13 x √13),Trajectories/2022-02-04/184_RR220204A_576C_1826.bmp || Trajectories/2022-04-11/147_RR220411A_671C_1617.bmp,/content/rl_quantum_2026summer/data/original data/Trajectories/2022-04-11/147_RR220411A_671C_1617.bmp,/content/rl_quantum_2026summer/data/original data/Trajectories/2022-02-04/184_RR220204A_576C_1826.bmp,3,1.0
Trajectories/2022-04-11/286_RR220411A_906C_1837.bmp,286_RR220411A_906C_1837.bmp,Trajectories/2022-02-06/189_RR220206A_971C_2054-01.bmp,189_RR220206A_971C_2054-01.bmp,c(6 x 2),1,Jiangang,,2026-01-05T15:50:44.454600,236.0,291.0,Confident,c(6 x 2),Trajectories/2022-02-06/189_RR220206A_971C_2054-01.bmp || Trajectories/2022-04-11/286_RR220411A_906C_1837.bmp,/content/rl_quantum_2026summer/data/original data/Trajectories/2022-04-11/286_RR220411A_906C_1837.bmp,/content/rl_quantum_2026summer/data/original data/Trajectories/2022-02-06/189_RR220206A_971C_2054-01.bmp,2,1.0
Trajectories/2022-04-11/286_RR220411A_906C_1837.bmp,286_RR220411A_906C_1837.bmp,Trajectories/2022-02-06/189_RR220206A_971C_2054-01.bmp,189_RR220206A_971C_2054-01.bmp,Twinned(2 x 1),not_apply,Jiangang,,2026-01-05T15:50:45.428709,236.0,291.0,Confident,Twinned(2 x 1),Trajectories/2022-02-06/189_RR220206A_971C_2054-01.bmp || Trajectories/2022-04-11/286_RR220411A_906C_1837.bmp,/content/rl_quantum_2026summer/data/original data/Trajectories/2022-04-11/286_RR220411A_906C_1837.bmp,/content/rl_quantum_2026summer/data/original data/Trajectories/2022-02-06/189_RR220206A_971C_2054-01.bmp,1,1.0
Trajectories/2022-04-11/286_RR220411A_906C_1837.bmp,286_RR220411A_906C_1837.bmp,Trajectories/2022-02-06/189_RR220206A_971C_2054-01.bmp,189_RR220206A_971C_2054-01.bmp,HTR,not_apply,Jiangang,,2026-01-05T15:50:46.347822,236.0,291.0,Confident,HTR,Trajectories/2022-02-06/189_RR220206A_971C_2054-01.bmp || Trajectories/2022-04-11/286_RR220411A_906C_1837.bmp,/content/rl_quantum_2026summer/data/original data/Trajectories/2022-04-11/286_RR220411A_906C_1837.bmp,/content/rl_quantum_2026summer/data/original data/Trajectories/2022-02-06/189_RR220206A_971C_2054-01.bmp,4,1.0
Trajectories/2022-04-11/286_RR220411A_906C_1837.bmp,286_RR220411A_906C_1837.bmp,Trajectories/2022-02-06/189_RR220206A_971C_2054-01.bmp,189_RR220206A_971C_2054-01.bmp,(1 x 1),not_apply,Jiangang,,2026-01-05T15:50:47.352058,236.0,291.0,Confident,(1 x 1),Trajectories/2022-02-06/189_RR220206A_971C_2054-01.bmp || Trajectories/2022-04-11/286_RR220411A_906C_1837.bmp,/content/rl_quantum_2026summer/data/original data/Trajectories/2022-04-11/286_RR220411A_906C_1837.bmp,/content/rl_quantum_2026summer/data/original data/Trajectories/2022-02-06/189_RR220206A_971C_2054-01.bmp,0,1.0
Trajectories/2022-04-11/286_RR220411A_906C_1837.bmp,286_RR220411A_906C_1837.bmp,Trajectories/2022-02-06/189_RR220206A_971C_2054-01.bmp,189_RR220206A_971C_2054-01.bmp,(√13 x √13),1,Jiangang,,2026-01-05T15:50:48.279817,236.0,291.0,Confident,(√13 x √13),Trajectories/2022-02-06/189_RR220206A_971C_2054-01.bmp || Trajectories/2022-04-11/286_RR220411A_906C_1837.bmp,/content/rl_quantum_2026summer/data/original data/Trajectories/2022-04-11/286_RR220411A_906C_1837.bmp,/content/rl_quantum_2026summer/data/original data/Trajectories/2022-02-06/189_RR220206A_971C_2054-01.bmp,3,1.0
Trajectories/2022-04-11/258_RR220411A_932C_1751.bmp,258_RR220411A_932C_1751.bmp,Trajectories/2022-04-11/246_RR220411A_915C_1741.bmp,246_RR220411A_915C_1741.bmp,(√13 x √13),tie,AJ,,2025-12-06 01:22:11,,,,(√13 x √13),Trajectories/2022-04-11/246_RR220411A_915C_1741.bmp || Trajectories/2022-04-11/258_RR220411A_932C_1751.bmp,/content/rl_quantum_2026summer/data/original data/Trajectories/2022-04-11/258_RR220411A_932C_1751.bmp,/content/rl_quantum_2026summer/data/original data/Trajectories/2022-04-11/246_RR220411A_915C_1741.bmp,3,1.0
Trajectories/2022-02-06/213_RR220206A_849C_2121.bmp,213_RR220206A_849C_2121.bmp,Trajectories/2022-04-11/104_RR220411A_501C_1540.bmp,104_RR220411A_501C_1540.bmp,HTR,1,AJ,,2025-12-11T15:20:02.844825,,,,HTR,Trajectories/2022-02-06/213_RR220206A_849C_2121.bmp || Trajectories/2022-04-11/104_RR220411A_501C_1540.bmp,/content/rl_quantum_2026summer/data/original data/Trajectories/2022-02-06/213_RR220206A_849C_2121.bmp,/content/rl_quantum_2026summer/data/original data/Trajectories/2022-04-11/104_RR220411A_501C_1540.bmp,4,1.0
Trajectories/2022-02-06/213_RR220206A_849C_2121.bmp,213_RR220206A_849C_2121.bmp,Trajectories/2022-04-11/104_RR220411A_501C_1540.bmp,104_RR220411A_501C_1540.bmp,(1 x 1),2,AJ,,2025-12-11T15:20:03.635506,,,,(1 x 1),Trajectories/2022-02-06/213_RR220206A_849C_2121.bmp || Trajectories/2022-04-11/104_RR220411A_501C_1540.bmp,/content/rl_quantum_2026summer/data/original data/Trajectories/2022-02-06/213_RR220206A_849C_2121.bmp,/content/rl_quantum_2026summer/data/original data/Trajectories/2022-04-11/104_RR220411A_501C_1540.bmp,0,1.0
Trajectories/2022-04-11/067_RR220411A_416C_1513-02.bmp,067_RR220411A_416C_1513-02.bmp,Trajectories/2022-02-06/097_RR220206A_654C_1837.bmp,097_RR220206A_654C_1837.bmp,HTR,not_apply,HL,,2026-01-02T22:18:06.296425,246.0,250.0,Confident,HTR,Trajectories/2022-02-06/097_RR220206A_654C_1837.bmp || Trajectories/2022-04-11/067_RR220411A_416C_1513-02.bmp,/content/rl_quantum_2026summer/data/original data/Trajectories/2022-04-11/067_RR220411A_416C_1513-02.bmp,/content/rl_quantum_2026summer/data/original data/Trajectories/2022-02-06/097_RR220206A_654C_1837.bmp,4,1.0
Trajectories/2022-04-11/067_RR220411A_416C_1513-02.bmp,067_RR220411A_416C_1513-02.bmp,Trajectories/2022-02-06/097_RR220206A_654C_1837.bmp,097_RR220206A_654C_1837.bmp,(√13 x √13),not_apply,HL,,2026-01-02T22:18:07.732904,246.0,250.0,Confident,(√13 x √13),Trajectories/2022-02-06/097_RR220206A_654C_1837.bmp || Trajectories/2022-04-11/067_RR220411A_416C_1513-02.bmp,/content/rl_quantum_2026summer/data/original data/Trajectories/2022-04-11/067_RR220411A_416C_1513-02.bmp,/content/rl_quantum_2026summer/data/original data/Trajectories/2022-02-06/097_RR220206A_654C_1837.bmp,3,1.0
Trajectories/2022-04-11/067_RR220411A_416C_1513-02.bmp,067_RR220411A_416C_1513-02.bmp,Trajectories/2022-02-06/097_RR220206A_654C_1837.bmp,097_RR220206A_654C_1837.bmp,c(6 x 2),not_apply,HL,,2026-01-02T22:18:08.941524,246.0,250.0,Confident,c(6 x 2),Trajectories/2022-02-06/097_RR220206A_654C_1837.bmp || Trajectories/2022-04-11/067_RR220411A_416C_1513-02.bmp,/content/rl_quantum_2026summer/data/original data/Trajectories/2022-04-11/067_RR220411A_416C_1513-02.bmp,/content/rl_quantum_2026summer/data/original data/Trajectories/2022-02-06/097_RR220206A_654C_1837.bmp,2,1.0
Trajectories/2022-04-11/067_RR220411A_416C_1513-02.bmp,067_RR220411A_416C_1513-02.bmp,Trajectories/2022-02-06/097_RR220206A_654C_1837.bmp,097_RR220206A_654C_1837.bmp,(1 x 1),1,HL,,2026-01-02T22:18:10.133502,246.0,250.0,Confident,(1 x 1),Trajectories/2022-02-06/097_RR220206A_654C_1837.bmp || Trajectories/2022-04-11/067_RR220411A_416C_1513-02.bmp,/content/rl_quantum_2026summer/data/original data/Trajectories/2022-04-11/067_RR220411A_416C_1513-02.bmp,/content/rl_quantum_2026summer/data/original data/Trajectories/2022-02-06/097_RR220206A_654C_1837.bmp,0,1.0
Trajectories/2022-04-11/067_RR220411A_416C_1513-02.bmp,067_RR220411A_416C_1513-02.bmp,Trajectories/2022-02-06/097_RR220206A_654C_1837.bmp,097_RR220206A_654C_1837.bmp,Twinned(2 x 1),not_apply,HL,,2026-01-02T22:18:11.436424,246.0,250.0,Confident,Twinned(2 x 1),Trajectories/2022-02-06/097_RR220206A_654C_1837.bmp || Trajectories/2022-04-11/067_RR220411A_416C_1513-02.bmp,/content/rl_quantum_2026summer/data/original data/Trajectories/2022-04-11/067_RR220411A_416C_1513-02.bmp,/content/rl_quantum_2026summer/data/original data/Trajectories/2022-02-06/097_RR220206A_654C_1837.bmp,1,1.0
Trajectories/2022-02-04/347_RR220204A_954C_2124.bmp,347_RR220204A_954C_2124.bmp,Trajectories/2022-02-04/106_RR220204A_430C_1736.bmp,106_RR220204A_430C_1736.bmp,(√13 x √13),tie,AJ,,2025-12-12T00:16:52.540382,,,,(√13 x √13),Trajectories/2022-02-04/106_RR220204A_430C_1736.bmp || Trajectories/2022-02-04/347_RR220204A_954C_2124.bmp,/content/rl_quantum_2026summer/data/original data/Trajectories/2022-02-04/347_RR220204A_954C_2124.bmp,/content/rl_quantum_2026summer/data/original data/Trajectories/2022-02-04/106_RR220204A_430C_1736.bmp,3,1.0
Trajectories/2022-02-04/230_RR220204A_695C_1902.bmp,230_RR220204A_695C_1902.bmp,Trajectories/2022-02-06/074_RR220206A_430C_1809.bmp,074_RR220206A_430C_1809.bmp,HTR,2,AJ,,2025-12-12T00:07:35.130088,,,,HTR,Trajectories/2022-02-04/230_RR220204A_695C_1902.bmp || Trajectories/2022-02-06/074_RR220206A_430C_1809.bmp,/content/rl_quantum_2026summer/data/original data/Trajectories/2022-02-04/230_RR220204A_695C_1902.bmp,/content/rl_quantum_2026summer/data/original data/Trajectories/2022-02-06/074_RR220206A_430C_1809.bmp,4,1.0
Trajectories/2022-02-04/230_RR220204A_695C_1902.bmp,230_RR220204A_695C_1902.bmp,Trajectories/2022-02-06/074_RR220206A_430C_1809.bmp,074_RR220206A_430C_1809.bmp,(√13 x √13),1,AJ,,2025-12-12T00:07:35.915228,,,,(√13 x √13),Trajectories/2022-02-04/230_RR220204A_695C_1902.bmp || Trajectories/2022-02-06/074_RR220206A_430C_1809.bmp,/content/rl_quantum_2026summer/data/original data/Trajectories/2022-02-04/230_RR220204A_695C_1902.bmp,/content/rl_quantum_2026summer/data/original data/Trajectories/2022-02-06/074_RR220206A_430C_1809.bmp,3,1.0
Trajectories/2022-02-04/303_RR220204A_917C_2021.bmp,303_RR220204A_917C_2021.bmp,Trajectories/2022-04-11/226_RR220411A_873C_1725.bmp,226_RR220411A_873C_1725.bmp,c(6 x 2),tie,AJ,,2025-12-26T08:12:58.531056,335.0,204.0,Confident,c(6 x 2),Trajectories/2022-02-04/303_RR220204A_917C_2021.bmp || Trajectories/2022-04-11/226_RR220411A_873C_1725.bmp,/content/rl_quantum_2026summer/data/original data/Trajectories/2022-02-04/303_RR220204A_917C_2021.bmp,/content/rl_quantum_2026summer/data/original data/Trajectories/2022-04-11/226_RR220411A_873C_1725.bmp,2,1.0
Trajectories/2022-02-04/303_RR220204A_917C_2021.bmp,303_RR220204A_917C_2021.bmp,Trajectories/2022-04-11/226_RR220411A_873C_1725.bmp,226_RR220411A_873C_1725.bmp,(√13 x √13),tie,AJ,,2025-12-26T08:12:59.493280,335.0,204.0,Confident,(√13 x √13),Trajectories/2022-02-04/303_RR220204A_917C_2021.bmp || Trajectories/2022-04-11/226_RR220411A_873C_1725.bmp,/content/rl_quantum_2026summer/data/original data/Trajectories/2022-02-04/303_RR220204A_917C_2021.bmp,/content/rl_quantum_2026summer/data/original data/Trajectories/2022-04-11/226_RR220411A_873C_1725.bmp,3,1.0
Trajectories/2022-02-04/303_RR220204A_917C_2021.bmp,303_RR220204A_917C_2021.bmp,Trajectories/2022-04-11/226_RR220411A_873C_1725.bmp,226_RR220411A_873C_1725.bmp,(1 x 1),not_apply,AJ,,2025-12-26T08:13:00.440229,335.0,204.0,Confident,(1 x 1),Trajectories/2022-02-04/303_RR220204A_917C_2021.bmp || Trajectories/2022-04-11/226_RR220411A_873C_1725.bmp,/content/rl_quantum_2026summer/data/original data/Trajectories/2022-02-04/303_RR220204A_917C_2021.bmp,/content/rl_quantum_2026summer/data/original data/Trajectories/2022-04-11/226_RR220411A_873C_1725.bmp,0,1.0
Trajectories/2022-02-04/303_RR220204A_917C_2021.bmp,303_RR220204A_917C_2021.bmp,Trajectories/2022-04-11/226_RR220411A_873C_1725.bmp,226_RR220411A_873C_1725.bmp,HTR,not_apply,AJ,,2025-12-26T08:13:01.588867,335.0,204.0,Confident,HTR,Trajectories/2022-02-04/303_RR220204A_917C_2021.bmp || Trajectories/2022-04-11/226_RR220411A_873C_1725.bmp,/content/rl_quantum_2026summer/data/original data/Trajectories/2022-02-04/303_RR220204A_917C_2021.bmp,/content/rl_quantum_2026summer/data/original data/Trajectories/2022-04-11/226_RR220411A_873C_1725.bmp,4,1.0
Trajectories/2022-02-04/303_RR220204A_917C_2021.bmp,303_RR220204A_917C_2021.bmp,Trajectories/2022-04-11/226_RR220411A_873C_1725.bmp,226_RR220411A_873C_1725.bmp,Twinned(2 x 1),not_apply,AJ,,2025-12-26T08:13:02.569286,335.0,204.0,Confident,Twinned(2 x 1),Trajectories/2022-02-04/303_RR220204A_917C_2021.bmp || Trajectories/2022-04-11/226_RR220411A_873C_1725.bmp,/content/rl_quantum_2026summer/data/original data/Trajectories/2022-02-04/303_RR220204A_917C_2021.bmp,/content/rl_quantum_2026summer/data/original data/Trajectories/2022-04-11/226_RR220411A_873C_1725.bmp,1,1.0
Trajectories/2022-02-04/342_RR220204A_941C_2115.bmp,342_RR220204A_941C_2115.bmp,Trajectories/2022-02-04/333_RR220204A_939C_2059.bmp,333_RR220204A_939C_2059.bmp,(√13 x √13),tie,AJ,,2025-12-12T00:10:07.572303,,,,(√13 x √13),Trajectories/2022-02-04/333_RR220204A_939C_2059.bmp || Trajectories/2022-02-04/342_RR220204A_941C_2115.bmp,/content/rl_quantum_2026summer/data/original data/Trajectories/2022-02-04/342_RR220204A_941C_2115.bmp,/content/rl_quantum_2026summer/data/original data/Trajectories/2022-02-04/333_RR220204A_939C_2059.bmp,3,1.0
Trajectories/2022-04-11/379_RR220411A_614C_1940.bmp,379_RR220411A_614C_1940.bmp,Trajectories/2022-02-06/273_RR220206A_423C_2243.bmp,273_RR220206A_423C_2243.bmp,HTR,2,AJ,,2025-12-06 01:19:39,,,,HTR,Trajectories/2022-02-06/273_RR220206A_423C_2243.bmp || Trajectories/2022-04-11/379_RR220411A_614C_1940.bmp,/content/rl_quantum_2026summer/data/original data/Trajectories/2022-04-11/379_RR220411A_614C_1940.bmp,/content/rl_quantum_2026summer/data/original data/Trajectories/2022-02-06/273_RR220206A_423C_2243.bmp,4,1.0
Trajectories/2022-04-11/379_RR220411A_614C_1940.bmp,379_RR220411A_614C_1940.bmp,Trajectories/2022-02-06/273_RR220206A_423C_2243.bmp,273_RR220206A_423C_2243.bmp,(√13 x √13),1,AJ,,2025-12-06 01:19:39,,,,(√13 x √13),Trajectories/2022-02-06/273_RR220206A_423C_2243.bmp || Trajectories/2022-04-11/379_RR220411A_614C_1940.bmp,/content/rl_quantum_2026summer/data/original data/Trajectories/2022-04-11/379_RR220411A_614C_1940.bmp,/content/rl_quantum_2026summer/data/original data/Trajectories/2022-02-06/273_RR220206A_423C_2243.bmp,3,1.0
Trajectories/2022-04-11/183_RR220411A_794C_1655.bmp,183_RR220411A_794C_1655.bmp,Trajectories/2022-04-11/226_RR220411A_873C_1725.bmp,226_RR220411A_873C_1725.bmp,c(6 x 2),2,SY,,2025-12-10T17:02:15.862234,,,,c(6 x 2),Trajectories/2022-04-11/183_RR220411A_794C_1655.bmp || Trajectories/2022-04-11/226_RR220411A_873C_1725.bmp,/content/rl_quantum_2026summer/data/original data/Trajectories/2022-04-11/183_RR220411A_794C_1655.bmp,/content/rl_quantum_2026summer/data/original data/Trajectories/2022-04-11/226_RR220411A_873C_1725.bmp,2,1.0
Trajectories/2022-04-11/183_RR220411A_794C_1655.bmp,183_RR220411A_794C_1655.bmp,Trajectories/2022-04-11/226_RR220411A_873C_1725.bmp,226_RR220411A_873C_1725.bmp,(√13 x √13),2,SY,,2025-12-10T17:02:16.573074,,,,(√13 x √13),Trajectories/2022-04-11/183_RR220411A_794C_1655.bmp || Trajectories/2022-04-11/226_RR220411A_873C_1725.bmp,/content/rl_quantum_2026summer/data/original data/Trajectories/2022-04-11/183_RR220411A_794C_1655.bmp,/content/rl_quantum_2026summer/data/original data/Trajectories/2022-04-11/226_RR220411A_873C_1725.bmp,3,1.0
Trajectories/2022-04-11/183_RR220411A_794C_1655.bmp,183_RR220411A_794C_1655.bmp,Trajectories/2022-04-11/226_RR220411A_873C_1725.bmp,226_RR220411A_873C_1725.bmp,(1 x 1),tie,SY,,2025-12-10T17:02:17.241921,,,,(1 x 1),Trajectories/2022-04-11/183_RR220411A_794C_1655.bmp || Trajectories/2022-04-11/226_RR220411A_873C_1725.bmp,/content/rl_quantum_2026summer/data/original data/Trajectories/2022-04-11/183_RR220411A_794C_1655.bmp,/content/rl_quantum_2026summer/data/original data/Trajectories/2022-04-11/226_RR220411A_873C_1725.bmp,0,1.0
Trajectories/2022-04-11/183_RR220411A_794C_1655.bmp,183_RR220411A_794C_1655.bmp,Trajectories/2022-04-11/226_RR220411A_873C_1725.bmp,226_RR220411A_873C_1725.bmp,Twinned(2 x 1),not_apply,SY,,2025-12-10T17:02:17.909252,,,,Twinned(2 x 1),Trajectories/2022-04-11/183_RR220411A_794C_1655.bmp || Trajectories/2022-04-11/226_RR220411A_873C_1725.bmp,/content/rl_quantum_2026summer/data/original data/Trajectories/2022-04-11/183_RR220411A_794C_1655.bmp,/content/rl_quantum_2026summer/data/original data/Trajectories/2022-04-11/226_RR220411A_873C_1725.bmp,1,1.0
Trajectories/2022-04-11/183_RR220411A_794C_1655.bmp,183_RR220411A_794C_1655.bmp,Trajectories/2022-04-11/226_RR220411A_873C_1725.bmp,226_RR220411A_873C_1725.bmp,HTR,not_apply,SY,,2025-12-10T17:02:18.571634,,,,HTR,Trajectories/2022-04-11/183_RR220411A_794C_1655.bmp || Trajectories/2022-04-11/226_RR220411A_873C_1725.bmp,/content/rl_quantum_2026summer/data/original data/Trajectories/2022-04-11/183_RR220411A_794C_1655.bmp,/content/rl_quantum_2026summer/data/original data/Trajectories/2022-04-11/226_RR220411A_873C_1725.bmp,4,1.0
Trajectories/2022-02-04/294_RR220204A_843C_2014.bmp,294_RR220204A_843C_2014.bmp,Trajectories/2022-02-06/140_RR220206A_993C_1941.bmp,140_RR220206A_993C_1941.bmp,(√13 x √13),1,AJ,,2025-12-12T00:11:31.731499,,,,(√13 x √13),Trajectories/2022-02-04/294_RR220204A_843C_2014.bmp || Trajectories/2022-02-06/140_RR220206A_993C_1941.bmp,/content/rl_quantum_2026summer/data/original data/Trajectories/2022-02-04/294_RR220204A_843C_2014.bmp,/content/rl_quantum_2026summer/data/original data/Trajectories/2022-02-06/140_RR220206A_993C_1941.bmp,3,1.0
Trajectories/2022-02-04/294_RR220204A_843C_2014.bmp,294_RR220204A_843C_2014.bmp,Trajectories/2022-02-06/140_RR220206A_993C_1941.bmp,140_RR220206A_993C_1941.bmp,HTR,2,AJ,,2025-12-12T00:11:32.525228,,,,HTR,Trajectories/2022-02-04/294_RR220204A_843C_2014.bmp || Trajectories/2022-02-06/140_RR220206A_993C_1941.bmp,/content/rl_quantum_2026summer/data/original data/Trajectories/2022-02-04/294_RR220204A_843C_2014.bmp,/content/rl_quantum_2026summer/data/original data/Trajectories/2022-02-06/140_RR220206A_993C_1941.bmp,4,1.0
Trajectories/2022-02-06/163_RR220206A_1105C_2015.bmp,163_RR220206A_1105C_2015.bmp,Trajectories/2022-02-06/249_RR220206A_638C_2210.bmp,249_RR220206A_638C_2210.bmp,HTR,tie,AJ,,2025-12-12T00:20:17.137865,,,,HTR,Trajectories/2022-02-06/163_RR220206A_1105C_2015.bmp || Trajectories/2022-02-06/249_RR220206A_638C_2210.bmp,/content/rl_quantum_2026summer/data/original data/Trajectories/2022-02-06/163_RR220206A_1105C_2015.bmp,/content/rl_quantum_2026summer/data/original data/Trajectories/2022-02-06/249_RR220206A_638C_2210.bmp,4,1.0
Trajectories/2022-02-04/152_RR220204A_488C_1805-02.bmp,152_RR220204A_488C_1805-02.bmp,Trajectories/2022-04-11/173_RR220411A_755C_1643.bmp,173_RR220411A_755C_1643.bmp,c(6 x 2),not_apply,Jiangang,,2026-01-05T15:47:01.574717,276.0,321.0,Confident,c(6 x 2),Trajectories/2022-02-04/152_RR220204A_488C_1805-02.bmp || Trajectories/2022-04-11/173_RR220411A_755C_1643.bmp,/content/rl_quantum_2026summer/data/original data/Trajectories/2022-02-04/152_RR220204A_488C_1805-02.bmp,/content/rl_quantum_2026summer/data/original data/Trajectories/2022-04-11/173_RR220411A_755C_1643.bmp,2,1.0
Trajectories/2022-02-04/152_RR220204A_488C_1805-02.bmp,152_RR220204A_488C_1805-02.bmp,Trajectories/2022-04-11/173_RR220411A_755C_1643.bmp,173_RR220411A_755C_1643.bmp,(1 x 1),2,Jiangang,,2026-01-05T15:47:02.726942,276.0,321.0,Confident,(1 x 1),Trajectories/2022-02-04/152_RR220204A_488C_1805-02.bmp || Trajectories/2022-04-11/173_RR220411A_755C_1643.bmp,/content/rl_quantum_2026summer/data/original data/Trajectories/2022-02-04/152_RR220204A_488C_1805-02.bmp,/content/rl_quantum_2026summer/data/original data/Trajectories/2022-04-11/173_RR220411A_755C_1643.bmp,0,1.0
Trajectories/2022-02-04/152_RR220204A_488C_1805-02.bmp,152_RR220204A_488C_1805-02.bmp,Trajectories/2022-04-11/173_RR220411A_755C_1643.bmp,173_RR220411A_755C_1643.bmp,HTR,not_apply,Jiangang,,2026-01-05T15:47:03.735044,276.0,321.0,Confident,HTR,Trajectories/2022-02-04/152_RR220204A_488C_1805-02.bmp || Trajectories/2022-04-11/173_RR220411A_755C_1643.bmp,/content/rl_quantum_2026summer/data/original data/Trajectories/2022-02-04/152_RR220204A_488C_1805-02.bmp,/content/rl_quantum_2026summer/data/original data/Trajectories/2022-04-11/173_RR220411A_755C_1643.bmp,4,1.0
Trajectories/2022-02-04/152_RR220204A_488C_1805-02.bmp,152_RR220204A_488C_1805-02.bmp,Trajectories/2022-04-11/173_RR220411A_755C_1643.bmp,173_RR220411A_755C_1643.bmp,Twinned(2 x 1),1,Jiangang,,2026-01-05T15:47:04.745549,276.0,321.0,Confident,Twinned(2 x 1),Trajectories/2022-02-04/152_RR220204A_488C_1805-02.bmp || Trajectories/2022-04-11/173_RR220411A_755C_1643.bmp,/content/rl_quantum_2026summer/data/original data/Trajectories/2022-02-04/152_RR220204A_488C_1805-02.bmp,/content/rl_quantum_2026summer/data/original data/Trajectories/2022-04-11/173_RR220411A_755C_1643.bmp,1,1.0
Trajectories/2022-02-04/152_RR220204A_488C_1805-02.bmp,152_RR220204A_488C_1805-02.bmp,Trajectories/2022-04-11/173_RR220411A_755C_1643.bmp,173_RR220411A_755C_1643.bmp,(√13 x √13),1,Jiangang,,2026-01-05T15:47:05.667741,276.0,321.0,Confident,(√13 x √13),Trajectories/2022-02-04/152_RR220204A_488C_1805-02.bmp || Trajectories/2022-04-11/173_RR220411A_755C_1643.bmp,/content/rl_quantum_2026summer/data/original data/Trajectories/2022-02-04/152_RR220204A_488C_1805-02.bmp,/content/rl_quantum_2026summer/data/original data/Trajectories/2022-04-11/173_RR220411A_755C_1643.bmp,3,1.0
Trajectories/2022-02-06/230_RR220206A_767C_2143.bmp,230_RR220206A_767C_2143.bmp,Trajectories/2022-02-04/001_RR220204A_933C_0006.bmp,001_RR220204A_933C_0006.bmp,(1 x 1),not_apply,HL,,2026-01-02T22:16:55.498005,200.0,368.0,Somewhat sure,(1 x 1),Trajectories/2022-02-04/001_RR220204A_933C_0006.bmp || Trajectories/2022-02-06/230_RR220206A_767C_2143.bmp,/content/rl_quantum_2026summer/data/original data/Trajectories/2022-02-06/230_RR220206A_767C_2143.bmp,/content/rl_quantum_2026summer/data/original data/Trajectories/2022-02-04/001_RR220204A_933C_0006.bmp,0,0.7
Trajectories/2022-02-06/230_RR220206A_767C_2143.bmp,230_RR220206A_767C_2143.bmp,Trajectories/2022-02-04/001_RR220204A_933C_0006.bmp,001_RR220204A_933C_0006.bmp,(√13 x √13),2,HL,,2026-01-02T22:16:57.327128,200.0,368.0,Somewhat sure,(√13 x √13),Trajectories/2022-02-04/001_RR220204A_933C_0006.bmp || Trajectories/2022-02-06/230_RR220206A_767C_2143.bmp,/content/rl_quantum_2026summer/data/original data/Trajectories/2022-02-06/230_RR220206A_767C_2143.bmp,/content/rl_quantum_2026summer/data/original data/Trajectories/2022-02-04/001_RR220204A_933C_0006.bmp,3,0.7
Trajectories/2022-02-06/230_RR220206A_767C_2143.bmp,230_RR220206A_767C_2143.bmp,Trajectories/2022-02-04/001_RR220204A_933C_0006.bmp,001_RR220204A_933C_0006.bmp,HTR,1,HL,,2026-01-02T22:16:58.510130,200.0,368.0,Somewhat sure,HTR,Trajectories/2022-02-04/001_RR220204A_933C_0006.bmp || Trajectories/2022-02-06/230_RR220206A_767C_2143.bmp,/content/rl_quantum_2026summer/data/original data/Trajectories/2022-02-06/230_RR220206A_767C_2143.bmp,/content/rl_quantum_2026summer/data/original data/Trajectories/2022-02-04/001_RR220204A_933C_0006.bmp,4,0.7
Trajectories/2022-02-06/230_RR220206A_767C_2143.bmp,230_RR220206A_767C_2143.bmp,Trajectories/2022-02-04/001_RR220204A_933C_0006.bmp,001_RR220204A_933C_0006.bmp,c(6 x 2),not_apply,HL,,2026-01-02T22:16:59.758522,200.0,368.0,Somewhat sure,c(6 x 2),Trajectories/2022-02-04/001_RR220204A_933C_0006.bmp || Trajectories/2022-02-06/230_RR220206A_767C_2143.bmp,/content/rl_quantum_2026summer/data/original data/Trajectories/2022-02-06/230_RR220206A_767C_2143.bmp,/content/rl_quantum_2026summer/data/original data/Trajectories/2022-02-04/001_RR220204A_933C_0006.bmp,2,0.7
Trajectories/2022-02-06/230_RR220206A_767C_2143.bmp,230_RR220206A_767C_2143.bmp,Trajectories/2022-02-04/001_RR220204A_933C_0006.bmp,001_RR220204A_933C_0006.bmp,Twinned(2 x 1),2,HL,,2026-01-02T22:17:01.044711,200.0,368.0,Somewhat sure,Twinned(2 x 1),Trajectories/2022-02-04/001_RR220204A_933C_0006.bmp || Trajectories/2022-02-06/230_RR220206A_767C_2143.bmp,/content/rl_quantum_2026summer/data/original data/Trajectories/2022-02-06/230_RR220206A_767C_2143.bmp,/content/rl_quantum_2026summer/data/original data/Trajectories/2022-02-04/001_RR220204A_933C_0006.bmp,1,0.7
Trajectories/2022-04-11/100_RR220411A_492C_1537.bmp,100_RR220411A_492C_1537.bmp,Trajectories/2022-02-04/159_RR220204A_501C_1809-01.bmp,159_RR220204A_501C_1809-01.bmp,Twinned(2 x 1),2,Jiangang,,2026-01-05T15:48:52.182908,305.0,327.0,Confident,Twinned(2 x 1),Trajectories/2022-02-04/159_RR220204A_501C_1809-01.bmp || Trajectories/2022-04-11/100_RR220411A_492C_1537.bmp,/content/rl_quantum_2026summer/data/original data/Trajectories/2022-04-11/100_RR220411A_492C_1537.bmp,/content/rl_quantum_2026summer/data/original data/Trajectories/2022-02-04/159_RR220204A_501C_1809-01.bmp,1,1.0
Trajectories/2022-04-11/100_RR220411A_492C_1537.bmp,100_RR220411A_492C_1537.bmp,Trajectories/2022-02-04/159_RR220204A_501C_1809-01.bmp,159_RR220204A_501C_1809-01.bmp,c(6 x 2),not_apply,Jiangang,,2026-01-05T15:48:53.139883,305.0,327.0,Confident,c(6 x 2),Trajectories/2022-02-04/159_RR220204A_501C_1809-01.bmp || Trajectories/2022-04-11/100_RR220411A_492C_1537.bmp,/content/rl_quantum_2026summer/data/original data/Trajectories/2022-04-11/100_RR220411A_492C_1537.bmp,/content/rl_quantum_2026summer/data/original data/Trajectories/2022-02-04/159_RR220204A_501C_1809-01.bmp,2,1.0
Trajectories/2022-04-11/100_RR220411A_492C_1537.bmp,100_RR220411A_492C_1537.bmp,Trajectories/2022-02-04/159_RR220204A_501C_1809-01.bmp,159_RR220204A_501C_1809-01.bmp,(1 x 1),1,Jiangang,,2026-01-05T15:48:54.039527,305.0,327.0,Confident,(1 x 1),Trajectories/2022-02-04/159_RR220204A_501C_1809-01.bmp || Trajectories/2022-04-11/100_RR220411A_492C_1537.bmp,/content/rl_quantum_2026summer/data/original data/Trajectories/2022-04-11/100_RR220411A_492C_1537.bmp,/content/rl_quantum_2026summer/data/original data/Trajectories/2022-02-04/159_RR220204A_501C_1809-01.bmp,0,1.0
Trajectories/2022-04-11/100_RR220411A_492C_1537.bmp,100_RR220411A_492C_1537.bmp,Trajectories/2022-02-04/159_RR220204A_501C_1809-01.bmp,159_RR220204A_501C_1809-01.bmp,HTR,not_apply,Jiangang,,2026-01-05T15:48:54.990813,305.0,327.0,Confident,HTR,Trajectories/2022-02-04/159_RR220204A_501C_1809-01.bmp || Trajectories/2022-04-11/100_RR220411A_492C_1537.bmp,/content/rl_quantum_2026summer/data/original data/Trajectories/2022-04-11/100_RR220411A_492C_1537.bmp,/content/rl_quantum_2026summer/data/original data/Trajectories/2022-02-04/159_RR220204A_501C_1809-01.bmp,4,1.0
Trajectories/2022-04-11/100_RR220411A_492C_1537.bmp,100_RR220411A_492C_1537.bmp,Trajectories/2022-02-04/159_RR220204A_501C_1809-01.bmp,159_RR220204A_501C_1809-01.bmp,(√13 x √13),2,Jiangang,,2026-01-05T15:48:55.985811,305.0,327.0,Confident,(√13 x √13),Trajectories/2022-02-04/159_RR220204A_501C_1809-01.bmp || Trajectories/2022-04-11/100_RR220411A_492C_1537.bmp,/content/rl_quantum_2026summer/data/original data/Trajectories/2022-04-11/100_RR220411A_492C_1537.bmp,/content/rl_quantum_2026summer/data/original data/Trajectories/2022-02-04/159_RR220204A_501C_1809-01.bmp,3,1.0
Trajectories/2022-02-06/191_RR220206A_960C_2056.bmp,191_RR220206A_960C_2056.bmp,Trajectories/2022-04-11/286_RR220411A_906C_1837.bmp,286_RR220411A_906C_1837.bmp,(√13 x √13),2,AJ,,2025-12-12T00:17:43.141133,,,,(√13 x √13),Trajectories/2022-02-06/191_RR220206A_960C_2056.bmp || Trajectories/2022-04-11/286_RR220411A_906C_1837.bmp,/content/rl_quantum_2026summer/data/original data/Trajectories/2022-02-06/191_RR220206A_960C_2056.bmp,/content/rl_quantum_2026summer/data/original data/Trajectories/2022-04-11/286_RR220411A_906C_1837.bmp,3,1.0
Trajectories/2022-02-06/191_RR220206A_960C_2056.bmp,191_RR220206A_960C_2056.bmp,Trajectories/2022-04-11/286_RR220411A_906C_1837.bmp,286_RR220411A_906C_1837.bmp,HTR,1,AJ,,2025-12-12T00:17:43.885005,,,,HTR,Trajectories/2022-02-06/191_RR220206A_960C_2056.bmp || Trajectories/2022-04-11/286_RR220411A_906C_1837.bmp,/content/rl_quantum_2026summer/data/original data/Trajectories/2022-02-06/191_RR220206A_960C_2056.bmp,/content/rl_quantum_2026summer/data/original data/Trajectories/2022-04-11/286_RR220411A_906C_1837.bmp,4,1.0
Trajectories/2022-04-11/330_RR220411A_762C_1910.bmp,330_RR220411A_762C_1910.bmp,Trajectories/2022-02-04/124_RR220204A_444C_1748.bmp,124_RR220204A_444C_1748.bmp,Twinned(2 x 1),2,HL,,2026-01-06T21:45:48.881523,286.0,284.0,Confident,Twinned(2 x 1),Trajectories/2022-02-04/124_RR220204A_444C_1748.bmp || Trajectories/2022-04-11/330_RR220411A_762C_1910.bmp,/content/rl_quantum_2026summer/data/original data/Trajectories/2022-04-11/330_RR220411A_762C_1910.bmp,/content/rl_quantum_2026summer/data/original data/Trajectories/2022-02-04/124_RR220204A_444C_1748.bmp,1,1.0
Trajectories/2022-04-11/330_RR220411A_762C_1910.bmp,330_RR220411A_762C_1910.bmp,Trajectories/2022-02-04/124_RR220204A_444C_1748.bmp,124_RR220204A_444C_1748.bmp,HTR,not_apply,HL,,2026-01-06T21:45:49.968279,286.0,284.0,Confident,HTR,Trajectories/2022-02-04/124_RR220204A_444C_1748.bmp || Trajectories/2022-04-11/330_RR220411A_762C_1910.bmp,/content/rl_quantum_2026summer/data/original data/Trajectories/2022-04-11/330_RR220411A_762C_1910.bmp,/content/rl_quantum_2026summer/data/original data/Trajectories/2022-02-04/124_RR220204A_444C_1748.bmp,4,1.0
Trajectories/2022-04-11/330_RR220411A_762C_1910.bmp,330_RR220411A_762C_1910.bmp,Trajectories/2022-02-04/124_RR220204A_444C_1748.bmp,124_RR220204A_444C_1748.bmp,(√13 x √13),1,HL,,2026-01-06T21:45:50.860061,286.0,284.0,Confident,(√13 x √13),Trajectories/2022-02-04/124_RR220204A_444C_1748.bmp || Trajectories/2022-04-11/330_RR220411A_762C_1910.bmp,/content/rl_quantum_2026summer/data/original data/Trajectories/2022-04-11/330_RR220411A_762C_1910.bmp,/content/rl_quantum_2026summer/data/original data/Trajectories/2022-02-04/124_RR220204A_444C_1748.bmp,3,1.0
Trajectories/2022-04-11/330_RR220411A_762C_1910.bmp,330_RR220411A_762C_1910.bmp,Trajectories/2022-02-04/124_RR220204A_444C_1748.bmp,124_RR220204A_444C_1748.bmp,c(6 x 2),1,HL,,2026-01-06T21:45:51.625776,286.0,284.0,Confident,c(6 x 2),Trajectories/2022-02-04/124_RR220204A_444C_1748.bmp || Trajectories/2022-04-11/330_RR220411A_762C_1910.bmp,/content/rl_quantum_2026summer/data/original data/Trajectories/2022-04-11/330_RR220411A_762C_1910.bmp,/content/rl_quantum_2026summer/data/original data/Trajectories/2022-02-04/124_RR220204A_444C_1748.bmp,2,1.0
Trajectories/2022-04-11/330_RR220411A_762C_1910.bmp,330_RR220411A_762C_1910.bmp,Trajectories/2022-02-04/124_RR220204A_444C_1748.bmp,124_RR220204A_444C_1748.bmp,(1 x 1),2,HL,,2026-01-06T21:45:52.380055,286.0,284.0,Confident,(1 x 1),Trajectories/2022-02-04/124_RR220204A_444C_1748.bmp || Trajectories/2022-04-11/330_RR220411A_762C_1910.bmp,/content/rl_quantum_2026summer/data/original data/Trajectories/2022-04-11/330_RR220411A_762C_1910.bmp,/content/rl_quantum_2026summer/data/original data/Trajectories/2022-02-04/124_RR220204A_444C_1748.bmp,0,1.0
Trajectories/2022-02-06/180_RR220206A_1031C_2041.bmp,180_RR220206A_1031C_2041.bmp,Trajectories/2022-04-11/277_RR220411A_936C_1828.bmp,277_RR220411A_936C_1828.bmp,(√13 x √13),2,AJ,,2025-12-12T00:09:09.670203,,,,(√13 x √13),Trajectories/2022-02-06/180_RR220206A_1031C_2041.bmp || Trajectories/2022-04-11/277_RR220411A_936C_1828.bmp,/content/rl_quantum_2026summer/data/original data/Trajectories/2022-02-06/180_RR220206A_1031C_2041.bmp,/content/rl_quantum_2026summer/data/original data/Trajectories/2022-04-11/277_RR220411A_936C_1828.bmp,3,1.0
Trajectories/2022-02-06/180_RR220206A_1031C_2041.bmp,180_RR220206A_1031C_2041.bmp,Trajectories/2022-04-11/277_RR220411A_936C_1828.bmp,277_RR220411A_936C_1828.bmp,HTR,1,AJ,,2025-12-12T00:09:10.571310,,,,HTR,Trajectories/2022-02-06/180_RR220206A_1031C_2041.bmp || Trajectories/2022-04-11/277_RR220411A_936C_1828.bmp,/content/rl_quantum_2026summer/data/original data/Trajectories/2022-02-06/180_RR220206A_1031C_2041.bmp,/content/rl_quantum_2026summer/data/original data/Trajectories/2022-04-11/277_RR220411A_936C_1828.bmp,4,1.0
Trajectories/2022-04-11/064_RR220411A_413C_1511.bmp,064_RR220411A_413C_1511.bmp,Trajectories/2022-02-04/241_RR220204A_736C_1911.bmp,241_RR220204A_736C_1911.bmp,(√13 x √13),2,HL,,2025-12-15T21:06:35.707478,,,,(√13 x √13),Trajectories/2022-02-04/241_RR220204A_736C_1911.bmp || Trajectories/2022-04-11/064_RR220411A_413C_1511.bmp,/content/rl_quantum_2026summer/data/original data/Trajectories/2022-04-11/064_RR220411A_413C_1511.bmp,/content/rl_quantum_2026summer/data/original data/Trajectories/2022-02-04/241_RR220204A_736C_1911.bmp,3,1.0
Trajectories/2022-04-11/064_RR220411A_413C_1511.bmp,064_RR220411A_413C_1511.bmp,Trajectories/2022-02-04/241_RR220204A_736C_1911.bmp,241_RR220204A_736C_1911.bmp,Twinned(2 x 1),2,HL,,2025-12-15T21:06:36.704032,,,,Twinned(2 x 1),Trajectories/2022-02-04/241_RR220204A_736C_1911.bmp || Trajectories/2022-04-11/064_RR220411A_413C_1511.bmp,/content/rl_quantum_2026summer/data/original data/Trajectories/2022-04-11/064_RR220411A_413C_1511.bmp,/content/rl_quantum_2026summer/data/original data/Trajectories/2022-02-04/241_RR220204A_736C_1911.bmp,1,1.0
Trajectories/2022-04-11/064_RR220411A_413C_1511.bmp,064_RR220411A_413C_1511.bmp,Trajectories/2022-02-04/241_RR220204A_736C_1911.bmp,241_RR220204A_736C_1911.bmp,(1 x 1),1,HL,,2025-12-15T21:06:37.658011,,,,(1 x 1),Trajectories/2022-02-04/241_RR220204A_736C_1911.bmp || Trajectories/2022-04-11/064_RR220411A_413C_1511.bmp,/content/rl_quantum_2026summer/data/original data/Trajectories/2022-04-11/064_RR220411A_413C_1511.bmp,/content/rl_quantum_2026summer/data/original data/Trajectories/2022-02-04/241_RR220204A_736C_1911.bmp,0,1.0
Trajectories/2022-04-11/064_RR220411A_413C_1511.bmp,064_RR220411A_413C_1511.bmp,Trajectories/2022-02-04/241_RR220204A_736C_1911.bmp,241_RR220204A_736C_1911.bmp,HTR,not_apply,HL,,2025-12-15T21:06:38.684716,,,,HTR,Trajectories/2022-02-04/241_RR220204A_736C_1911.bmp || Trajectories/2022-04-11/064_RR220411A_413C_1511.bmp,/content/rl_quantum_2026summer/data/original data/Trajectories/2022-04-11/064_RR220411A_413C_1511.bmp,/content/rl_quantum_2026summer/data/original data/Trajectories/2022-02-04/241_RR220204A_736C_1911.bmp,4,1.0
Trajectories/2022-04-11/064_RR220411A_413C_1511.bmp,064_RR220411A_413C_1511.bmp,Trajectories/2022-02-04/241_RR220204A_736C_1911.bmp,241_RR220204A_736C_1911.bmp,c(6 x 2),not_apply,HL,,2025-12-15T21:06:39.725807,,,,c(6 x 2),Trajectories/2022-02-04/241_RR220204A_736C_1911.bmp || Trajectories/2022-04-11/064_RR220411A_413C_1511.bmp,/content/rl_quantum_2026summer/data/original data/Trajectories/2022-04-11/064_RR220411A_413C_1511.bmp,/content/rl_quantum_2026summer/data/original data/Trajectories/2022-02-04/241_RR220204A_736C_1911.bmp,2,1.0
Trajectories/2022-02-06/241_RR220206A_692C_2157.bmp,241_RR220206A_692C_2157.bmp,Trajectories/2022-04-11/201_RR220411A_843C_1711-01.bmp,201_RR220411A_843C_1711-01.bmp,Twinned(2 x 1),not_apply,HL,,2026-01-06T21:51:01.638435,312.0,308.0,Confident,Twinned(2 x 1),Trajectories/2022-02-06/241_RR220206A_692C_2157.bmp || Trajectories/2022-04-11/201_RR220411A_843C_1711-01.bmp,/content/rl_quantum_2026summer/data/original data/Trajectories/2022-02-06/241_RR220206A_692C_2157.bmp,/content/rl_quantum_2026summer/data/original data/Trajectories/2022-04-11/201_RR220411A_843C_1711-01.bmp,1,1.0
Trajectories/2022-02-06/241_RR220206A_692C_2157.bmp,241_RR220206A_692C_2157.bmp,Trajectories/2022-04-11/201_RR220411A_843C_1711-01.bmp,201_RR220411A_843C_1711-01.bmp,(1 x 1),1,HL,,2026-01-06T21:51:02.759982,312.0,308.0,Confident,(1 x 1),Trajectories/2022-02-06/241_RR220206A_692C_2157.bmp || Trajectories/2022-04-11/201_RR220411A_843C_1711-01.bmp,/content/rl_quantum_2026summer/data/original data/Trajectories/2022-02-06/241_RR220206A_692C_2157.bmp,/content/rl_quantum_2026summer/data/original data/Trajectories/2022-04-11/201_RR220411A_843C_1711-01.bmp,0,1.0
Trajectories/2022-02-06/241_RR220206A_692C_2157.bmp,241_RR220206A_692C_2157.bmp,Trajectories/2022-04-11/201_RR220411A_843C_1711-01.bmp,201_RR220411A_843C_1711-01.bmp,(√13 x √13),2,HL,,2026-01-06T21:51:03.653875,312.0,308.0,Confident,(√13 x √13),Trajectories/2022-02-06/241_RR220206A_692C_2157.bmp || Trajectories/2022-04-11/201_RR220411A_843C_1711-01.bmp,/content/rl_quantum_2026summer/data/original data/Trajectories/2022-02-06/241_RR220206A_692C_2157.bmp,/content/rl_quantum_2026summer/data/original data/Trajectories/2022-04-11/201_RR220411A_843C_1711-01.bmp,3,1.0
Trajectories/2022-02-06/241_RR220206A_692C_2157.bmp,241_RR220206A_692C_2157.bmp,Trajectories/2022-04-11/201_RR220411A_843C_1711-01.bmp,201_RR220411A_843C_1711-01.bmp,HTR,1,HL,,2026-01-06T21:51:04.502073,312.0,308.0,Confident,HTR,Trajectories/2022-02-06/241_RR220206A_692C_2157.bmp || Trajectories/2022-04-11/201_RR220411A_843C_1711-01.bmp,/content/rl_quantum_2026summer/data/original data/Trajectories/2022-02-06/241_RR220206A_692C_2157.bmp,/content/rl_quantum_2026summer/data/original data/Trajectories/2022-04-11/201_RR220411A_843C_1711-01.bmp,4,1.0
Trajectories/2022-02-06/241_RR220206A_692C_2157.bmp,241_RR220206A_692C_2157.bmp,Trajectories/2022-04-11/201_RR220411A_843C_1711-01.bmp,201_RR220411A_843C_1711-01.bmp,c(6 x 2),not_apply,HL,,2026-01-06T21:51:05.408432,312.0,308.0,Confident,c(6 x 2),Trajectories/2022-02-06/241_RR220206A_692C_2157.bmp || Trajectories/2022-04-11/201_RR220411A_843C_1711-01.bmp,/content/rl_quantum_2026summer/data/original data/Trajectories/2022-02-06/241_RR220206A_692C_2157.bmp,/content/rl_quantum_2026summer/data/original data/Trajectories/2022-04-11/201_RR220411A_843C_1711-01.bmp,2,1.0
Trajectories/2022-02-06/037_RR220206A_165C_1722.bmp,037_RR220206A_165C_1722.bmp,Trajectories/2022-04-11/219_RR220411A_865C_1720.bmp,219_RR220411A_865C_1720.bmp,(√13 x √13),2,AJ,,2025-12-26T08:12:16.205371,147.0,209.0,Confident,(√13 x √13),Trajectories/2022-02-06/037_RR220206A_165C_1722.bmp || Trajectories/2022-04-11/219_RR220411A_865C_1720.bmp,/content/rl_quantum_2026summer/data/original data/Trajectories/2022-02-06/037_RR220206A_165C_1722.bmp,/content/rl_quantum_2026summer/data/original data/Trajectories/2022-04-11/219_RR220411A_865C_1720.bmp,3,1.0
Trajectories/2022-02-06/037_RR220206A_165C_1722.bmp,037_RR220206A_165C_1722.bmp,Trajectories/2022-04-11/219_RR220411A_865C_1720.bmp,219_RR220411A_865C_1720.bmp,c(6 x 2),2,AJ,,2025-12-26T08:12:17.241128,147.0,209.0,Confident,c(6 x 2),Trajectories/2022-02-06/037_RR220206A_165C_1722.bmp || Trajectories/2022-04-11/219_RR220411A_865C_1720.bmp,/content/rl_quantum_2026summer/data/original data/Trajectories/2022-02-06/037_RR220206A_165C_1722.bmp,/content/rl_quantum_2026summer/data/original data/Trajectories/2022-04-11/219_RR220411A_865C_1720.bmp,2,1.0
Trajectories/2022-02-06/037_RR220206A_165C_1722.bmp,037_RR220206A_165C_1722.bmp,Trajectories/2022-04-11/219_RR220411A_865C_1720.bmp,219_RR220411A_865C_1720.bmp,Twinned(2 x 1),not_apply,AJ,,2025-12-26T08:12:18.318322,147.0,209.0,Confident,Twinned(2 x 1),Trajectories/2022-02-06/037_RR220206A_165C_1722.bmp || Trajectories/2022-04-11/219_RR220411A_865C_1720.bmp,/content/rl_quantum_2026summer/data/original data/Trajectories/2022-02-06/037_RR220206A_165C_1722.bmp,/content/rl_quantum_2026summer/data/original data/Trajectories/2022-04-11/219_RR220411A_865C_1720.bmp,1,1.0
Trajectories/2022-02-06/037_RR220206A_165C_1722.bmp,037_RR220206A_165C_1722.bmp,Trajectories/2022-04-11/219_RR220411A_865C_1720.bmp,219_RR220411A_865C_1720.bmp,(1 x 1),1,AJ,,2025-12-26T08:12:19.509080,147.0,209.0,Confident,(1 x 1),Trajectories/2022-02-06/037_RR220206A_165C_1722.bmp || Trajectories/2022-04-11/219_RR220411A_865C_1720.bmp,/content/rl_quantum_2026summer/data/original data/Trajectories/2022-02-06/037_RR220206A_165C_1722.bmp,/content/rl_quantum_2026summer/data/original data/Trajectories/2022-04-11/219_RR220411A_865C_1720.bmp,0,1.0
Trajectories/2022-02-06/037_RR220206A_165C_1722.bmp,037_RR220206A_165C_1722.bmp,Trajectories/2022-04-11/219_RR220411A_865C_1720.bmp,219_RR220411A_865C_1720.bmp,HTR,not_apply,AJ,,2025-12-26T08:12:20.521106,147.0,209.0,Confident,HTR,Trajectories/2022-02-06/037_RR220206A_165C_1722.bmp || Trajectories/2022-04-11/219_RR220411A_865C_1720.bmp,/content/rl_quantum_2026summer/data/original data/Trajectories/2022-02-06/037_RR220206A_165C_1722.bmp,/content/rl_quantum_2026summer/data/original data/Trajectories/2022-04-11/219_RR220411A_865C_1720.bmp,4,1.0
Trajectories/2022-02-04/332_RR220204A_941C_2057.bmp,332_RR220204A_941C_2057.bmp,Trajectories/2022-02-04/295_RR220204A_882C_2015.bmp,295_RR220204A_882C_2015.bmp,(√13 x √13),1,HL,,2025-12-15T20:55:33.117354,,,,(√13 x √13),Trajectories/2022-02-04/295_RR220204A_882C_2015.bmp || Trajectories/2022-02-04/332_RR220204A_941C_2057.bmp,/content/rl_quantum_2026summer/data/original data/Trajectories/2022-02-04/332_RR220204A_941C_2057.bmp,/content/rl_quantum_2026summer/data/original data/Trajectories/2022-02-04/295_RR220204A_882C_2015.bmp,3,1.0
Trajectories/2022-02-04/332_RR220204A_941C_2057.bmp,332_RR220204A_941C_2057.bmp,Trajectories/2022-02-04/295_RR220204A_882C_2015.bmp,295_RR220204A_882C_2015.bmp,(1 x 1),not_apply,HL,,2025-12-15T20:55:34.456809,,,,(1 x 1),Trajectories/2022-02-04/295_RR220204A_882C_2015.bmp || Trajectories/2022-02-04/332_RR220204A_941C_2057.bmp,/content/rl_quantum_2026summer/data/original data/Trajectories/2022-02-04/332_RR220204A_941C_2057.bmp,/content/rl_quantum_2026summer/data/original data/Trajectories/2022-02-04/295_RR220204A_882C_2015.bmp,0,1.0
Trajectories/2022-02-04/332_RR220204A_941C_2057.bmp,332_RR220204A_941C_2057.bmp,Trajectories/2022-02-04/295_RR220204A_882C_2015.bmp,295_RR220204A_882C_2015.bmp,Twinned(2 x 1),1,HL,,2025-12-15T20:55:35.719314,,,,Twinned(2 x 1),Trajectories/2022-02-04/295_RR220204A_882C_2015.bmp || Trajectories/2022-02-04/332_RR220204A_941C_2057.bmp,/content/rl_quantum_2026summer/data/original data/Trajectories/2022-02-04/332_RR220204A_941C_2057.bmp,/content/rl_quantum_2026summer/data/original data/Trajectories/2022-02-04/295_RR220204A_882C_2015.bmp,1,1.0
Trajectories/2022-02-04/332_RR220204A_941C_2057.bmp,332_RR220204A_941C_2057.bmp,Trajectories/2022-02-04/295_RR220204A_882C_2015.bmp,295_RR220204A_882C_2015.bmp,c(6 x 2),not_apply,HL,,2025-12-15T20:55:36.996716,,,,c(6 x 2),Trajectories/2022-02-04/295_RR220204A_882C_2015.bmp || Trajectories/2022-02-04/332_RR220204A_941C_2057.bmp,/content/rl_quantum_2026summer/data/original data/Trajectories/2022-02-04/332_RR220204A_941C_2057.bmp,/content/rl_quantum_2026summer/data/original data/Trajectories/2022-02-04/295_RR220204A_882C_2015.bmp,2,1.0
Trajectories/2022-02-04/332_RR220204A_941C_2057.bmp,332_RR220204A_941C_2057.bmp,Trajectories/2022-02-04/295_RR220204A_882C_2015.bmp,295_RR220204A_882C_2015.bmp,HTR,not_apply,HL,,2025-12-15T20:55:38.113637,,,,HTR,Trajectories/2022-02-04/295_RR220204A_882C_2015.bmp || Trajectories/2022-02-04/332_RR220204A_941C_2057.bmp,/content/rl_quantum_2026summer/data/original data/Trajectories/2022-02-04/332_RR220204A_941C_2057.bmp,/content/rl_quantum_2026summer/data/original data/Trajectories/2022-02-04/295_RR220204A_882C_2015.bmp,4,1.0
Trajectories/2022-02-04/378_RR220204A_938C_2312.bmp,378_RR220204A_938C_2312.bmp,Trajectories/2022-02-06/229_RR220206A_766C_2141.bmp,229_RR220206A_766C_2141.bmp,HTR,2,AJ,,2025-12-12T00:22:55.632331,,,,HTR,Trajectories/2022-02-04/378_RR220204A_938C_2312.bmp || Trajectories/2022-02-06/229_RR220206A_766C_2141.bmp,/content/rl_quantum_2026summer/data/original data/Trajectories/2022-02-04/378_RR220204A_938C_2312.bmp,/content/rl_quantum_2026summer/data/original data/Trajectories/2022-02-06/229_RR220206A_766C_2141.bmp,4,1.0
Trajectories/2022-02-04/378_RR220204A_938C_2312.bmp,378_RR220204A_938C_2312.bmp,Trajectories/2022-02-06/229_RR220206A_766C_2141.bmp,229_RR220206A_766C_2141.bmp,(√13 x √13),1,AJ,,2025-12-12T00:22:56.345066,,,,(√13 x √13),Trajectories/2022-02-04/378_RR220204A_938C_2312.bmp || Trajectories/2022-02-06/229_RR220206A_766C_2141.bmp,/content/rl_quantum_2026summer/data/original data/Trajectories/2022-02-04/378_RR220204A_938C_2312.bmp,/content/rl_quantum_2026summer/data/original data/Trajectories/2022-02-06/229_RR220206A_766C_2141.bmp,3,1.0
