Image1_Path,Image1_Name,Image2_Path,Image2_Name,Reconstruction_Type,Winner,Labeler_Name,Notes,Created_At,Brightness_1,Brightness_2,Confidence,canonical_type,pair_id,resolved_img1,resolved_img2,type_idx,confidence_weight
Trajectories/2022-04-11/036_RR220411A_313C_1443.bmp,036_RR220411A_313C_1443.bmp,Trajectories/2022-04-11/072_RR220411A_429C_1516.bmp,072_RR220411A_429C_1516.bmp,(1 x 1),tie,AJ,,2025-12-12T00:18:56.770269,,,,(1 x 1),Trajectories/2022-04-11/036_RR220411A_313C_1443.bmp || Trajectories/2022-04-11/072_RR220411A_429C_1516.bmp,/content/rl_quantum_2026summer/data/original data/Trajectories/2022-04-11/036_RR220411A_313C_1443.bmp,/content/rl_quantum_2026summer/data/original data/Trajectories/2022-04-11/072_RR220411A_429C_1516.bmp,0,1.0
Trajectories/2022-02-04/044_RR220204A_348C_0157.bmp,044_RR220204A_348C_0157.bmp,Trajectories/2022-02-04/059_RR220204A_180C_0211.bmp,059_RR220204A_180C_0211.bmp,(1 x 1),1,SY,,2025-12-10T17:02:50.595070,,,,(1 x 1),Trajectories/2022-02-04/044_RR220204A_348C_0157.bmp || Trajectories/2022-02-04/059_RR220204A_180C_0211.bmp,/content/rl_quantum_2026summer/data/original data/Trajectories/2022-02-04/044_RR220204A_348C_0157.bmp,/content/rl_quantum_2026summer/data/original data/Trajectories/2022-02-04/059_RR220204A_180C_0211.bmp,0,1.0
Trajectories/2022-02-04/044_RR220204A_348C_0157.bmp,044_RR220204A_348C_0157.bmp,Trajectories/2022-02-04/059_RR220204A_180C_0211.bmp,059_RR220204A_180C_0211.bmp,(√13 x √13),1,SY,,2025-12-10T17:02:51.649320,,,,(√13 x √13),Trajectories/2022-02-04/044_RR220204A_348C_0157.bmp || Trajectories/2022-02-04/059_RR220204A_180C_0211.bmp,/content/rl_quantum_2026summer/data/original data/Trajectories/2022-02-04/044_RR220204A_348C_0157.bmp,/content/rl_quantum_2026summer/data/original data/Trajectories/2022-02-04/059_RR220204A_180C_0211.bmp,3,1.0
Trajectories/2022-02-04/044_RR220204A_348C_0157.bmp,044_RR220204A_348C_0157.bmp,Trajectories/2022-02-04/059_RR220204A_180C_0211.bmp,059_RR220204A_180C_0211.bmp,Twinned(2 x 1),1,SY,,2025-12-10T17:02:52.338417,,,,Twinned(2 x 1),Trajectories/2022-02-04/044_RR220204A_348C_0157.bmp || Trajectories/2022-02-04/059_RR220204A_180C_0211.bmp,/content/rl_quantum_2026summer/data/original data/Trajectories/2022-02-04/044_RR220204A_348C_0157.bmp,/content/rl_quantum_2026summer/data/original data/Trajectories/2022-02-04/059_RR220204A_180C_0211.bmp,1,1.0
Trajectories/2022-02-04/044_RR220204A_348C_0157.bmp,044_RR220204A_348C_0157.bmp,Trajectories/2022-02-04/059_RR220204A_180C_0211.bmp,059_RR220204A_180C_0211.bmp,HTR,not_apply,SY,,2025-12-10T17:02:53.031443,,,,HTR,Trajectories/2022-02-04/044_RR220204A_348C_0157.bmp || Trajectories/2022-02-04/059_RR220204A_180C_0211.bmp,/content/rl_quantum_2026summer/data/original data/Trajectories/2022-02-04/044_RR220204A_348C_0157.bmp,/content/rl_quantum_2026summer/data/original data/Trajectories/2022-02-04/059_RR220204A_180C_0211.bmp,4,1.0
Trajectories/2022-02-04/044_RR220204A_348C_0157.bmp,044_RR220204A_348C_0157.bmp,Trajectories/2022-02-04/059_RR220204A_180C_0211.bmp,059_RR220204A_180C_0211.bmp,c(6 x 2),not_apply,SY,,2025-12-10T17:02:53.743362,,,,c(6 x 2),Trajectories/2022-02-04/044_RR220204A_348C_0157.bmp || Trajectories/2022-02-04/059_RR220204A_180C_0211.bmp,/content/rl_quantum_2026summer/data/original data/Trajectories/2022-02-04/044_RR220204A_348C_0157.bmp,/content/rl_quantum_2026summer/data/original data/Trajectories/2022-02-04/059_RR220204A_180C_0211.bmp,2,1.0
Trajectories/2022-04-11/011_RR220411A_219C_1424.bmp,011_RR220411A_219C_1424.bmp,Trajectories/2022-02-06/016_RR220206A_165C_1704-03.bmp,016_RR220206A_165C_1704-03.bmp,Twinned(2 x 1),not_apply,SY,,2025-12-11T15:11:43.075851,,,,Twinned(2 x 1),Trajectories/2022-02-06/016_RR220206A_165C_1704-03.bmp || Trajectories/2022-04-11/011_RR220411A_219C_1424.bmp,/content/rl_quantum_2026summer/data/original data/Trajectories/2022-04-11/011_RR220411A_219C_1424.bmp,/content/rl_quantum_2026summer/data/original data/Trajectories/2022-02-06/016_RR220206A_165C_1704-03.bmp,1,1.0
Trajectories/2022-04-11/011_RR220411A_219C_1424.bmp,011_RR220411A_219C_1424.bmp,Trajectories/2022-02-06/016_RR220206A_165C_1704-03.bmp,016_RR220206A_165C_1704-03.bmp,HTR,1,SY,,2025-12-11T15:11:44.123863,,,,HTR,Trajectories/2022-02-06/016_RR220206A_165C_1704-03.bmp || Trajectories/2022-04-11/011_RR220411A_219C_1424.bmp,/content/rl_quantum_2026summer/data/original data/Trajectories/2022-04-11/011_RR220411A_219C_1424.bmp,/content/rl_quantum_2026summer/data/original data/Trajectories/2022-02-06/016_RR220206A_165C_1704-03.bmp,4,1.0
Trajectories/2022-04-11/011_RR220411A_219C_1424.bmp,011_RR220411A_219C_1424.bmp,Trajectories/2022-02-06/016_RR220206A_165C_1704-03.bmp,016_RR220206A_165C_1704-03.bmp,(1 x 1),1,SY,,2025-12-11T15:11:45.065479,,,,(1 x 1),Trajectories/2022-02-06/016_RR220206A_165C_1704-03.bmp || Trajectories/2022-04-11/011_RR220411A_219C_1424.bmp,/content/rl_quantum_2026summer/data/original data/Trajectories/2022-04-11/011_RR220411A_219C_1424.bmp,/content/rl_quantum_2026summer/data/original data/Trajectories/2022-02-06/016_RR220206A_165C_1704-03.bmp,0,1.0
Trajectories/2022-04-11/011_RR220411A_219C_1424.bmp,011_RR220411A_219C_1424.bmp,Trajectories/2022-02-06/016_RR220206A_165C_1704-03.bmp,016_RR220206A_165C_1704-03.bmp,c(6 x 2),not_apply,SY,,2025-12-11T15:11:45.779871,,,,c(6 x 2),Trajectories/2022-02-06/016_RR220206A_165C_1704-03.bmp || Trajectories/2022-04-11/011_RR220411A_219C_1424.bmp,/content/rl_quantum_2026summer/data/original data/Trajectories/2022-04-11/011_RR220411A_219C_1424.bmp,/content/rl_quantum_2026summer/data/original data/Trajectories/2022-02-06/016_RR220206A_165C_1704-03.bmp,2,1.0
Trajectories/2022-04-11/011_RR220411A_219C_1424.bmp,011_RR220411A_219C_1424.bmp,Trajectories/2022-02-06/016_RR220206A_165C_1704-03.bmp,016_RR220206A_165C_1704-03.bmp,(√13 x √13),not_apply,SY,,2025-12-11T15:11:46.484415,,,,(√13 x √13),Trajectories/2022-02-06/016_RR220206A_165C_1704-03.bmp || Trajectories/2022-04-11/011_RR220411A_219C_1424.bmp,/content/rl_quantum_2026summer/data/original data/Trajectories/2022-04-11/011_RR220411A_219C_1424.bmp,/content/rl_quantum_2026summer/data/original data/Trajectories/2022-02-06/016_RR220206A_165C_1704-03.bmp,3,1.0
Trajectories/2022-04-11/001_RR220411A_180C_1417-01.bmp,001_RR220411A_180C_1417-01.bmp,Trajectories/2022-04-11/051_RR220411A_370C_1500.bmp,051_RR220411A_370C_1500.bmp,(1 x 1),tie,AJ,,2025-12-12T00:17:07.694727,,,,(1 x 1),Trajectories/2022-04-11/001_RR220411A_180C_1417-01.bmp || Trajectories/2022-04-11/051_RR220411A_370C_1500.bmp,/content/rl_quantum_2026summer/data/original data/Trajectories/2022-04-11/001_RR220411A_180C_1417-01.bmp,/content/rl_quantum_2026summer/data/original data/Trajectories/2022-04-11/051_RR220411A_370C_1500.bmp,0,1.0
Trajectories/2022-02-06/163_RR220206A_1105C_2015.bmp,163_RR220206A_1105C_2015.bmp,Trajectories/2022-02-04/341_RR220204A_937C_2114.bmp,341_RR220204A_937C_2114.bmp,(√13 x √13),2,AJ,,2025-12-06 01:19:50,,,,(√13 x √13),Trajectories/2022-02-04/341_RR220204A_937C_2114.bmp || Trajectories/2022-02-06/163_RR220206A_1105C_2015.bmp,/content/rl_quantum_2026summer/data/original data/Trajectories/2022-02-06/163_RR220206A_1105C_2015.bmp,/content/rl_quantum_2026summer/data/original data/Trajectories/2022-02-04/341_RR220204A_937C_2114.bmp,3,1.0
Trajectories/2022-02-06/163_RR220206A_1105C_2015.bmp,163_RR220206A_1105C_2015.bmp,Trajectories/2022-02-04/341_RR220204A_937C_2114.bmp,341_RR220204A_937C_2114.bmp,HTR,1,AJ,,2025-12-06 01:19:50,,,,HTR,Trajectories/2022-02-04/341_RR220204A_937C_2114.bmp || Trajectories/2022-02-06/163_RR220206A_1105C_2015.bmp,/content/rl_quantum_2026summer/data/original data/Trajectories/2022-02-06/163_RR220206A_1105C_2015.bmp,/content/rl_quantum_2026summer/data/original data/Trajectories/2022-02-04/341_RR220204A_937C_2114.bmp,4,1.0
Trajectories/2022-04-11/064_RR220411A_413C_1511.bmp,064_RR220411A_413C_1511.bmp,Trajectories/2022-02-04/241_RR220204A_736C_1911.bmp,241_RR220204A_736C_1911.bmp,(√13 x √13),2,HL,,2025-12-15T21:06:35.707478,,,,(√13 x √13),Trajectories/2022-02-04/241_RR220204A_736C_1911.bmp || Trajectories/2022-04-11/064_RR220411A_413C_1511.bmp,/content/rl_quantum_2026summer/data/original data/Trajectories/2022-04-11/064_RR220411A_413C_1511.bmp,/content/rl_quantum_2026summer/data/original data/Trajectories/2022-02-04/241_RR220204A_736C_1911.bmp,3,1.0
Trajectories/2022-04-11/064_RR220411A_413C_1511.bmp,064_RR220411A_413C_1511.bmp,Trajectories/2022-02-04/241_RR220204A_736C_1911.bmp,241_RR220204A_736C_1911.bmp,Twinned(2 x 1),2,HL,,2025-12-15T21:06:36.704032,,,,Twinned(2 x 1),Trajectories/2022-02-04/241_RR220204A_736C_1911.bmp || Trajectories/2022-04-11/064_RR220411A_413C_1511.bmp,/content/rl_quantum_2026summer/data/original data/Trajectories/2022-04-11/064_RR220411A_413C_1511.bmp,/content/rl_quantum_2026summer/data/original data/Trajectories/2022-02-04/241_RR220204A_736C_1911.bmp,1,1.0
Trajectories/2022-04-11/064_RR220411A_413C_1511.bmp,064_RR220411A_413C_1511.bmp,Trajectories/2022-02-04/241_RR220204A_736C_1911.bmp,241_RR220204A_736C_1911.bmp,(1 x 1),1,HL,,2025-12-15T21:06:37.658011,,,,(1 x 1),Trajectories/2022-02-04/241_RR220204A_736C_1911.bmp || Trajectories/2022-04-11/064_RR220411A_413C_1511.bmp,/content/rl_quantum_2026summer/data/original data/Trajectories/2022-04-11/064_RR220411A_413C_1511.bmp,/content/rl_quantum_2026summer/data/original data/Trajectories/2022-02-04/241_RR220204A_736C_1911.bmp,0,1.0
Trajectories/2022-04-11/064_RR220411A_413C_1511.bmp,064_RR220411A_413C_1511.bmp,Trajectories/2022-02-04/241_RR220204A_736C_1911.bmp,241_RR220204A_736C_1911.bmp,HTR,not_apply,HL,,2025-12-15T21:06:38.684716,,,,HTR,Trajectories/2022-02-04/241_RR220204A_736C_1911.bmp || Trajectories/2022-04-11/064_RR220411A_413C_1511.bmp,/content/rl_quantum_2026summer/data/original data/Trajectories/2022-04-11/064_RR220411A_413C_1511.bmp,/content/rl_quantum_2026summer/data/original data/Trajectories/2022-02-04/241_RR220204A_736C_1911.bmp,4,1.0
Trajectories/2022-04-11/064_RR220411A_413C_1511.bmp,064_RR220411A_413C_1511.bmp,Trajectories/2022-02-04/241_RR220204A_736C_1911.bmp,241_RR220204A_736C_1911.bmp,c(6 x 2),not_apply,HL,,2025-12-15T21:06:39.725807,,,,c(6 x 2),Trajectories/2022-02-04/241_RR220204A_736C_1911.bmp || Trajectories/2022-04-11/064_RR220411A_413C_1511.bmp,/content/rl_quantum_2026summer/data/original data/Trajectories/2022-04-11/064_RR220411A_413C_1511.bmp,/content/rl_quantum_2026summer/data/original data/Trajectories/2022-02-04/241_RR220204A_736C_1911.bmp,2,1.0
Trajectories/2022-02-04/253_RR220204A_782C_1923.bmp,253_RR220204A_782C_1923.bmp,Trajectories/2022-02-06/262_RR220206A_540C_2228.bmp,262_RR220206A_540C_2228.bmp,Twinned(2 x 1),not_apply,AJ,,2025-12-26T08:13:53.511971,195.0,189.0,Confident,Twinned(2 x 1),Trajectories/2022-02-04/253_RR220204A_782C_1923.bmp || Trajectories/2022-02-06/262_RR220206A_540C_2228.bmp,/content/rl_quantum_2026summer/data/original data/Trajectories/2022-02-04/253_RR220204A_782C_1923.bmp,/content/rl_quantum_2026summer/data/original data/Trajectories/2022-02-06/262_RR220206A_540C_2228.bmp,1,1.0
Trajectories/2022-02-04/253_RR220204A_782C_1923.bmp,253_RR220204A_782C_1923.bmp,Trajectories/2022-02-06/262_RR220206A_540C_2228.bmp,262_RR220206A_540C_2228.bmp,(1 x 1),not_apply,AJ,,2025-12-26T08:13:54.489680,195.0,189.0,Confident,(1 x 1),Trajectories/2022-02-04/253_RR220204A_782C_1923.bmp || Trajectories/2022-02-06/262_RR220206A_540C_2228.bmp,/content/rl_quantum_2026summer/data/original data/Trajectories/2022-02-04/253_RR220204A_782C_1923.bmp,/content/rl_quantum_2026summer/data/original data/Trajectories/2022-02-06/262_RR220206A_540C_2228.bmp,0,1.0
Trajectories/2022-02-04/253_RR220204A_782C_1923.bmp,253_RR220204A_782C_1923.bmp,Trajectories/2022-02-06/262_RR220206A_540C_2228.bmp,262_RR220206A_540C_2228.bmp,c(6 x 2),1,AJ,,2025-12-26T08:13:55.345250,195.0,189.0,Confident,c(6 x 2),Trajectories/2022-02-04/253_RR220204A_782C_1923.bmp || Trajectories/2022-02-06/262_RR220206A_540C_2228.bmp,/content/rl_quantum_2026summer/data/original data/Trajectories/2022-02-04/253_RR220204A_782C_1923.bmp,/content/rl_quantum_2026summer/data/original data/Trajectories/2022-02-06/262_RR220206A_540C_2228.bmp,2,1.0
Trajectories/2022-02-04/253_RR220204A_782C_1923.bmp,253_RR220204A_782C_1923.bmp,Trajectories/2022-02-06/262_RR220206A_540C_2228.bmp,262_RR220206A_540C_2228.bmp,HTR,2,AJ,,2025-12-26T08:13:56.276916,195.0,189.0,Confident,HTR,Trajectories/2022-02-04/253_RR220204A_782C_1923.bmp || Trajectories/2022-02-06/262_RR220206A_540C_2228.bmp,/content/rl_quantum_2026summer/data/original data/Trajectories/2022-02-04/253_RR220204A_782C_1923.bmp,/content/rl_quantum_2026summer/data/original data/Trajectories/2022-02-06/262_RR220206A_540C_2228.bmp,4,1.0
Trajectories/2022-02-04/253_RR220204A_782C_1923.bmp,253_RR220204A_782C_1923.bmp,Trajectories/2022-02-06/262_RR220206A_540C_2228.bmp,262_RR220206A_540C_2228.bmp,(√13 x √13),1,AJ,,2025-12-26T08:13:57.216913,195.0,189.0,Confident,(√13 x √13),Trajectories/2022-02-04/253_RR220204A_782C_1923.bmp || Trajectories/2022-02-06/262_RR220206A_540C_2228.bmp,/content/rl_quantum_2026summer/data/original data/Trajectories/2022-02-04/253_RR220204A_782C_1923.bmp,/content/rl_quantum_2026summer/data/original data/Trajectories/2022-02-06/262_RR220206A_540C_2228.bmp,3,1.0
Trajectories/2022-02-04/213_RR220204A_668C_1847.bmp,213_RR220204A_668C_1847.bmp,Trajectories/2022-02-04/209_RR220204A_637C_1845.bmp,209_RR220204A_637C_1845.bmp,(√13 x √13),tie,HL,,2026-01-05T23:22:59.774545,274.0,280.0,Confident,(√13 x √13),Trajectories/2022-02-04/209_RR220204A_637C_1845.bmp || Trajectories/2022-02-04/213_RR220204A_668C_1847.bmp,/content/rl_quantum_2026summer/data/original data/Trajectories/2022-02-04/213_RR220204A_668C_1847.bmp,/content/rl_quantum_2026summer/data/original data/Trajectories/2022-02-04/209_RR220204A_637C_1845.bmp,3,1.0
Trajectories/2022-02-04/213_RR220204A_668C_1847.bmp,213_RR220204A_668C_1847.bmp,Trajectories/2022-02-04/209_RR220204A_637C_1845.bmp,209_RR220204A_637C_1845.bmp,HTR,not_apply,HL,,2026-01-05T23:23:00.787403,274.0,280.0,Confident,HTR,Trajectories/2022-02-04/209_RR220204A_637C_1845.bmp || Trajectories/2022-02-04/213_RR220204A_668C_1847.bmp,/content/rl_quantum_2026summer/data/original data/Trajectories/2022-02-04/213_RR220204A_668C_1847.bmp,/content/rl_quantum_2026summer/data/original data/Trajectories/2022-02-04/209_RR220204A_637C_1845.bmp,4,1.0
Trajectories/2022-02-04/213_RR220204A_668C_1847.bmp,213_RR220204A_668C_1847.bmp,Trajectories/2022-02-04/209_RR220204A_637C_1845.bmp,209_RR220204A_637C_1845.bmp,(1 x 1),tie,HL,,2026-01-05T23:23:01.841026,274.0,280.0,Confident,(1 x 1),Trajectories/2022-02-04/209_RR220204A_637C_1845.bmp || Trajectories/2022-02-04/213_RR220204A_668C_1847.bmp,/content/rl_quantum_2026summer/data/original data/Trajectories/2022-02-04/213_RR220204A_668C_1847.bmp,/content/rl_quantum_2026summer/data/original data/Trajectories/2022-02-04/209_RR220204A_637C_1845.bmp,0,1.0
Trajectories/2022-02-04/213_RR220204A_668C_1847.bmp,213_RR220204A_668C_1847.bmp,Trajectories/2022-02-04/209_RR220204A_637C_1845.bmp,209_RR220204A_637C_1845.bmp,c(6 x 2),not_apply,HL,,2026-01-05T23:23:02.901547,274.0,280.0,Confident,c(6 x 2),Trajectories/2022-02-04/209_RR220204A_637C_1845.bmp || Trajectories/2022-02-04/213_RR220204A_668C_1847.bmp,/content/rl_quantum_2026summer/data/original data/Trajectories/2022-02-04/213_RR220204A_668C_1847.bmp,/content/rl_quantum_2026summer/data/original data/Trajectories/2022-02-04/209_RR220204A_637C_1845.bmp,2,1.0
Trajectories/2022-02-04/213_RR220204A_668C_1847.bmp,213_RR220204A_668C_1847.bmp,Trajectories/2022-02-04/209_RR220204A_637C_1845.bmp,209_RR220204A_637C_1845.bmp,Twinned(2 x 1),tie,HL,,2026-01-05T23:23:04.075496,274.0,280.0,Confident,Twinned(2 x 1),Trajectories/2022-02-04/209_RR220204A_637C_1845.bmp || Trajectories/2022-02-04/213_RR220204A_668C_1847.bmp,/content/rl_quantum_2026summer/data/original data/Trajectories/2022-02-04/213_RR220204A_668C_1847.bmp,/content/rl_quantum_2026summer/data/original data/Trajectories/2022-02-04/209_RR220204A_637C_1845.bmp,1,1.0
Trajectories/2022-04-11/267_RR220411A_953C_1800.bmp,267_RR220411A_953C_1800.bmp,Trajectories/2022-04-11/271_RR220411A_951C_1811.bmp,271_RR220411A_951C_1811.bmp,(√13 x √13),tie,HL,,2026-01-06T21:50:10.897096,303.0,293.0,Confident,(√13 x √13),Trajectories/2022-04-11/267_RR220411A_953C_1800.bmp || Trajectories/2022-04-11/271_RR220411A_951C_1811.bmp,/content/rl_quantum_2026summer/data/original data/Trajectories/2022-04-11/267_RR220411A_953C_1800.bmp,/content/rl_quantum_2026summer/data/original data/Trajectories/2022-04-11/271_RR220411A_951C_1811.bmp,3,1.0
Trajectories/2022-04-11/267_RR220411A_953C_1800.bmp,267_RR220411A_953C_1800.bmp,Trajectories/2022-04-11/271_RR220411A_951C_1811.bmp,271_RR220411A_951C_1811.bmp,Twinned(2 x 1),not_apply,HL,,2026-01-06T21:50:11.763434,303.0,293.0,Confident,Twinned(2 x 1),Trajectories/2022-04-11/267_RR220411A_953C_1800.bmp || Trajectories/2022-04-11/271_RR220411A_951C_1811.bmp,/content/rl_quantum_2026summer/data/original data/Trajectories/2022-04-11/267_RR220411A_953C_1800.bmp,/content/rl_quantum_2026summer/data/original data/Trajectories/2022-04-11/271_RR220411A_951C_1811.bmp,1,1.0
Trajectories/2022-04-11/267_RR220411A_953C_1800.bmp,267_RR220411A_953C_1800.bmp,Trajectories/2022-04-11/271_RR220411A_951C_1811.bmp,271_RR220411A_951C_1811.bmp,c(6 x 2),tie,HL,,2026-01-06T21:50:12.689583,303.0,293.0,Confident,c(6 x 2),Trajectories/2022-04-11/267_RR220411A_953C_1800.bmp || Trajectories/2022-04-11/271_RR220411A_951C_1811.bmp,/content/rl_quantum_2026summer/data/original data/Trajectories/2022-04-11/267_RR220411A_953C_1800.bmp,/content/rl_quantum_2026summer/data/original data/Trajectories/2022-04-11/271_RR220411A_951C_1811.bmp,2,1.0
Trajectories/2022-04-11/267_RR220411A_953C_1800.bmp,267_RR220411A_953C_1800.bmp,Trajectories/2022-04-11/271_RR220411A_951C_1811.bmp,271_RR220411A_951C_1811.bmp,HTR,not_apply,HL,,2026-01-06T21:50:13.592211,303.0,293.0,Confident,HTR,Trajectories/2022-04-11/267_RR220411A_953C_1800.bmp || Trajectories/2022-04-11/271_RR220411A_951C_1811.bmp,/content/rl_quantum_2026summer/data/original data/Trajectories/2022-04-11/267_RR220411A_953C_1800.bmp,/content/rl_quantum_2026summer/data/original data/Trajectories/2022-04-11/271_RR220411A_951C_1811.bmp,4,1.0
Trajectories/2022-04-11/267_RR220411A_953C_1800.bmp,267_RR220411A_953C_1800.bmp,Trajectories/2022-04-11/271_RR220411A_951C_1811.bmp,271_RR220411A_951C_1811.bmp,(1 x 1),tie,HL,,2026-01-06T21:50:14.498986,303.0,293.0,Confident,(1 x 1),Trajectories/2022-04-11/267_RR220411A_953C_1800.bmp || Trajectories/2022-04-11/271_RR220411A_951C_1811.bmp,/content/rl_quantum_2026summer/data/original data/Trajectories/2022-04-11/267_RR220411A_953C_1800.bmp,/content/rl_quantum_2026summer/data/original data/Trajectories/2022-04-11/271_RR220411A_951C_1811.bmp,0,1.0
Trajectories/2022-02-06/077_RR220206A_461C_1813.bmp,077_RR220206A_461C_1813.bmp,Trajectories/2022-02-04/013_RR220204A_949C_0119.bmp,013_RR220204A_949C_0119.bmp,(√13 x √13),2,HL,,2025-12-15T20:55:48.977621,,,,(√13 x √13),Trajectories/2022-02-04/013_RR220204A_949C_0119.bmp || Trajectories/2022-02-06/077_RR220206A_461C_1813.bmp,/content/rl_quantum_2026summer/data/original data/Trajectories/2022-02-06/077_RR220206A_461C_1813.bmp,/content/rl_quantum_2026summer/data/original data/Trajectories/2022-02-04/013_RR220204A_949C_0119.bmp,3,1.0
Trajectories/2022-02-06/077_RR220206A_461C_1813.bmp,077_RR220206A_461C_1813.bmp,Trajectories/2022-02-04/013_RR220204A_949C_0119.bmp,013_RR220204A_949C_0119.bmp,(1 x 1),1,HL,,2025-12-15T20:55:49.946509,,,,(1 x 1),Trajectories/2022-02-04/013_RR220204A_949C_0119.bmp || Trajectories/2022-02-06/077_RR220206A_461C_1813.bmp,/content/rl_quantum_2026summer/data/original data/Trajectories/2022-02-06/077_RR220206A_461C_1813.bmp,/content/rl_quantum_2026summer/data/original data/Trajectories/2022-02-04/013_RR220204A_949C_0119.bmp,0,1.0
Trajectories/2022-02-06/077_RR220206A_461C_1813.bmp,077_RR220206A_461C_1813.bmp,Trajectories/2022-02-04/013_RR220204A_949C_0119.bmp,013_RR220204A_949C_0119.bmp,HTR,not_apply,HL,,2025-12-15T20:55:50.957856,,,,HTR,Trajectories/2022-02-04/013_RR220204A_949C_0119.bmp || Trajectories/2022-02-06/077_RR220206A_461C_1813.bmp,/content/rl_quantum_2026summer/data/original data/Trajectories/2022-02-06/077_RR220206A_461C_1813.bmp,/content/rl_quantum_2026summer/data/original data/Trajectories/2022-02-04/013_RR220204A_949C_0119.bmp,4,1.0
Trajectories/2022-02-06/077_RR220206A_461C_1813.bmp,077_RR220206A_461C_1813.bmp,Trajectories/2022-02-04/013_RR220204A_949C_0119.bmp,013_RR220204A_949C_0119.bmp,Twinned(2 x 1),2,HL,,2025-12-15T20:55:51.830799,,,,Twinned(2 x 1),Trajectories/2022-02-04/013_RR220204A_949C_0119.bmp || Trajectories/2022-02-06/077_RR220206A_461C_1813.bmp,/content/rl_quantum_2026summer/data/original data/Trajectories/2022-02-06/077_RR220206A_461C_1813.bmp,/content/rl_quantum_2026summer/data/original data/Trajectories/2022-02-04/013_RR220204A_949C_0119.bmp,1,1.0
Trajectories/2022-02-06/077_RR220206A_461C_1813.bmp,077_RR220206A_461C_1813.bmp,Trajectories/2022-02-04/013_RR220204A_949C_0119.bmp,013_RR220204A_949C_0119.bmp,c(6 x 2),not_apply,HL,,2025-12-15T20:55:52.755378,,,,c(6 x 2),Trajectories/2022-02-04/013_RR220204A_949C_0119.bmp || Trajectories/2022-02-06/077_RR220206A_461C_1813.bmp,/content/rl_quantum_2026summer/data/original data/Trajectories/2022-02-06/077_RR220206A_461C_1813.bmp,/content/rl_quantum_2026summer/data/original data/Trajectories/2022-02-04/013_RR220204A_949C_0119.bmp,2,1.0
Trajectories/2022-02-06/055_RR220206A_239C_1742.bmp,055_RR220206A_239C_1742.bmp,Trajectories/2022-04-11/409_RR220411A_474C_1953.bmp,409_RR220411A_474C_1953.bmp,(1 x 1),2,SY,,2025-12-14 08:53:40,,,,(1 x 1),Trajectories/2022-02-06/055_RR220206A_239C_1742.bmp || Trajectories/2022-04-11/409_RR220411A_474C_1953.bmp,/content/rl_quantum_2026summer/data/original data/Trajectories/2022-02-06/055_RR220206A_239C_1742.bmp,/content/rl_quantum_2026summer/data/original data/Trajectories/2022-04-11/409_RR220411A_474C_1953.bmp,0,1.0
Trajectories/2022-02-06/055_RR220206A_239C_1742.bmp,055_RR220206A_239C_1742.bmp,Trajectories/2022-04-11/409_RR220411A_474C_1953.bmp,409_RR220411A_474C_1953.bmp,(√13 x √13),2,SY,,2025-12-14 08:53:40,,,,(√13 x √13),Trajectories/2022-02-06/055_RR220206A_239C_1742.bmp || Trajectories/2022-04-11/409_RR220411A_474C_1953.bmp,/content/rl_quantum_2026summer/data/original data/Trajectories/2022-02-06/055_RR220206A_239C_1742.bmp,/content/rl_quantum_2026summer/data/original data/Trajectories/2022-04-11/409_RR220411A_474C_1953.bmp,3,1.0
Trajectories/2022-02-06/055_RR220206A_239C_1742.bmp,055_RR220206A_239C_1742.bmp,Trajectories/2022-04-11/409_RR220411A_474C_1953.bmp,409_RR220411A_474C_1953.bmp,HTR,not_apply,SY,,2025-12-14 08:53:40,,,,HTR,Trajectories/2022-02-06/055_RR220206A_239C_1742.bmp || Trajectories/2022-04-11/409_RR220411A_474C_1953.bmp,/content/rl_quantum_2026summer/data/original data/Trajectories/2022-02-06/055_RR220206A_239C_1742.bmp,/content/rl_quantum_2026summer/data/original data/Trajectories/2022-04-11/409_RR220411A_474C_1953.bmp,4,1.0
Trajectories/2022-02-06/055_RR220206A_239C_1742.bmp,055_RR220206A_239C_1742.bmp,Trajectories/2022-04-11/409_RR220411A_474C_1953.bmp,409_RR220411A_474C_1953.bmp,c(6 x 2),2,SY,,2025-12-14 08:53:40,,,,c(6 x 2),Trajectories/2022-02-06/055_RR220206A_239C_1742.bmp || Trajectories/2022-04-11/409_RR220411A_474C_1953.bmp,/content/rl_quantum_2026summer/data/original data/Trajectories/2022-02-06/055_RR220206A_239C_1742.bmp,/content/rl_quantum_2026summer/data/original data/Trajectories/2022-04-11/409_RR220411A_474C_1953.bmp,2,1.0
Trajectories/2022-02-06/055_RR220206A_239C_1742.bmp,055_RR220206A_239C_1742.bmp,Trajectories/2022-04-11/409_RR220411A_474C_1953.bmp,409_RR220411A_474C_1953.bmp,Twinned(2 x 1),not_apply,SY,,2025-12-14 08:53:40,,,,Twinned(2 x 1),Trajectories/2022-02-06/055_RR220206A_239C_1742.bmp || Trajectories/2022-04-11/409_RR220411A_474C_1953.bmp,/content/rl_quantum_2026summer/data/original data/Trajectories/2022-02-06/055_RR220206A_239C_1742.bmp,/content/rl_quantum_2026summer/data/original data/Trajectories/2022-04-11/409_RR220411A_474C_1953.bmp,1,1.0
Trajectories/2022-02-06/253_RR220206A_599C_2217.bmp,253_RR220206A_599C_2217.bmp,Trajectories/2022-02-06/124_RR220206A_894C_1924.bmp,124_RR220206A_894C_1924.bmp,(1 x 1),2,AJ,,2025-12-11T15:21:16.327688,,,,(1 x 1),Trajectories/2022-02-06/124_RR220206A_894C_1924.bmp || Trajectories/2022-02-06/253_RR220206A_599C_2217.bmp,/content/rl_quantum_2026summer/data/original data/Trajectories/2022-02-06/253_RR220206A_599C_2217.bmp,/content/rl_quantum_2026summer/data/original data/Trajectories/2022-02-06/124_RR220206A_894C_1924.bmp,0,1.0
Trajectories/2022-02-06/253_RR220206A_599C_2217.bmp,253_RR220206A_599C_2217.bmp,Trajectories/2022-02-06/124_RR220206A_894C_1924.bmp,124_RR220206A_894C_1924.bmp,HTR,1,AJ,,2025-12-11T15:21:17.024425,,,,HTR,Trajectories/2022-02-06/124_RR220206A_894C_1924.bmp || Trajectories/2022-02-06/253_RR220206A_599C_2217.bmp,/content/rl_quantum_2026summer/data/original data/Trajectories/2022-02-06/253_RR220206A_599C_2217.bmp,/content/rl_quantum_2026summer/data/original data/Trajectories/2022-02-06/124_RR220206A_894C_1924.bmp,4,1.0
Trajectories/2022-04-11/383_RR220411A_597C_1941.bmp,383_RR220411A_597C_1941.bmp,Trajectories/2022-02-04/097_RR220204A_405C_1727.bmp,097_RR220204A_405C_1727.bmp,c(6 x 2),1,SY,,2025-12-23T22:35:07.180457,259.0,240.0,Confident,c(6 x 2),Trajectories/2022-02-04/097_RR220204A_405C_1727.bmp || Trajectories/2022-04-11/383_RR220411A_597C_1941.bmp,/content/rl_quantum_2026summer/data/original data/Trajectories/2022-04-11/383_RR220411A_597C_1941.bmp,/content/rl_quantum_2026summer/data/original data/Trajectories/2022-02-04/097_RR220204A_405C_1727.bmp,2,1.0
Trajectories/2022-04-11/383_RR220411A_597C_1941.bmp,383_RR220411A_597C_1941.bmp,Trajectories/2022-02-04/097_RR220204A_405C_1727.bmp,097_RR220204A_405C_1727.bmp,(√13 x √13),1,SY,,2025-12-23T22:35:08.622839,259.0,240.0,Confident,(√13 x √13),Trajectories/2022-02-04/097_RR220204A_405C_1727.bmp || Trajectories/2022-04-11/383_RR220411A_597C_1941.bmp,/content/rl_quantum_2026summer/data/original data/Trajectories/2022-04-11/383_RR220411A_597C_1941.bmp,/content/rl_quantum_2026summer/data/original data/Trajectories/2022-02-04/097_RR220204A_405C_1727.bmp,3,1.0
Trajectories/2022-04-11/383_RR220411A_597C_1941.bmp,383_RR220411A_597C_1941.bmp,Trajectories/2022-02-04/097_RR220204A_405C_1727.bmp,097_RR220204A_405C_1727.bmp,Twinned(2 x 1),2,SY,,2025-12-23T22:35:10.000147,259.0,240.0,Confident,Twinned(2 x 1),Trajectories/2022-02-04/097_RR220204A_405C_1727.bmp || Trajectories/2022-04-11/383_RR220411A_597C_1941.bmp,/content/rl_quantum_2026summer/data/original data/Trajectories/2022-04-11/383_RR220411A_597C_1941.bmp,/content/rl_quantum_2026summer/data/original data/Trajectories/2022-02-04/097_RR220204A_405C_1727.bmp,1,1.0
Trajectories/2022-04-11/383_RR220411A_597C_1941.bmp,383_RR220411A_597C_1941.bmp,Trajectories/2022-02-04/097_RR220204A_405C_1727.bmp,097_RR220204A_405C_1727.bmp,HTR,not_apply,SY,,2025-12-23T22:35:11.299926,259.0,240.0,Confident,HTR,Trajectories/2022-02-04/097_RR220204A_405C_1727.bmp || Trajectories/2022-04-11/383_RR220411A_597C_1941.bmp,/content/rl_quantum_2026summer/data/original data/Trajectories/2022-04-11/383_RR220411A_597C_1941.bmp,/content/rl_quantum_2026summer/data/original data/Trajectories/2022-02-04/097_RR220204A_405C_1727.bmp,4,1.0
Trajectories/2022-04-11/383_RR220411A_597C_1941.bmp,383_RR220411A_597C_1941.bmp,Trajectories/2022-02-04/097_RR220204A_405C_1727.bmp,097_RR220204A_405C_1727.bmp,(1 x 1),1,SY,,2025-12-23T22:35:12.659627,259.0,240.0,Confident,(1 x 1),Trajectories/2022-02-04/097_RR220204A_405C_1727.bmp || Trajectories/2022-04-11/383_RR220411A_597C_1941.bmp,/content/rl_quantum_2026summer/data/original data/Trajectories/2022-04-11/383_RR220411A_597C_1941.bmp,/content/rl_quantum_2026summer/data/original data/Trajectories/2022-02-04/097_RR220204A_405C_1727.bmp,0,1.0
Trajectories/2022-02-04/034_RR220204A_655C_0142.bmp,034_RR220204A_655C_0142.bmp,Trajectories/2022-02-06/272_RR220206A_424C_2242.bmp,272_RR220206A_424C_2242.bmp,HTR,2,AJ,,2025-12-06 01:24:31,,,,HTR,Trajectories/2022-02-04/034_RR220204A_655C_0142.bmp || Trajectories/2022-02-06/272_RR220206A_424C_2242.bmp,/content/rl_quantum_2026summer/data/original data/Trajectories/2022-02-04/034_RR220204A_655C_0142.bmp,/content/rl_quantum_2026summer/data/original data/Trajectories/2022-02-06/272_RR220206A_424C_2242.bmp,4,1.0
Trajectories/2022-02-04/034_RR220204A_655C_0142.bmp,034_RR220204A_655C_0142.bmp,Trajectories/2022-02-06/272_RR220206A_424C_2242.bmp,272_RR220206A_424C_2242.bmp,c(6 x 2),1,AJ,,2025-12-06 01:24:31,,,,c(6 x 2),Trajectories/2022-02-04/034_RR220204A_655C_0142.bmp || Trajectories/2022-02-06/272_RR220206A_424C_2242.bmp,/content/rl_quantum_2026summer/data/original data/Trajectories/2022-02-04/034_RR220204A_655C_0142.bmp,/content/rl_quantum_2026summer/data/original data/Trajectories/2022-02-06/272_RR220206A_424C_2242.bmp,2,1.0
Trajectories/2022-04-11/030_RR220411A_291C_1437.bmp,030_RR220411A_291C_1437.bmp,Trajectories/2022-02-06/068_RR220206A_362C_1759.bmp,068_RR220206A_362C_1759.bmp,HTR,not_apply,SY,,2025-12-10T16:55:52.310990,,,,HTR,Trajectories/2022-02-06/068_RR220206A_362C_1759.bmp || Trajectories/2022-04-11/030_RR220411A_291C_1437.bmp,/content/rl_quantum_2026summer/data/original data/Trajectories/2022-04-11/030_RR220411A_291C_1437.bmp,/content/rl_quantum_2026summer/data/original data/Trajectories/2022-02-06/068_RR220206A_362C_1759.bmp,4,1.0
Trajectories/2022-04-11/030_RR220411A_291C_1437.bmp,030_RR220411A_291C_1437.bmp,Trajectories/2022-02-06/068_RR220206A_362C_1759.bmp,068_RR220206A_362C_1759.bmp,c(6 x 2),not_apply,SY,,2025-12-10T16:55:53.064524,,,,c(6 x 2),Trajectories/2022-02-06/068_RR220206A_362C_1759.bmp || Trajectories/2022-04-11/030_RR220411A_291C_1437.bmp,/content/rl_quantum_2026summer/data/original data/Trajectories/2022-04-11/030_RR220411A_291C_1437.bmp,/content/rl_quantum_2026summer/data/original data/Trajectories/2022-02-06/068_RR220206A_362C_1759.bmp,2,1.0
Trajectories/2022-04-11/030_RR220411A_291C_1437.bmp,030_RR220411A_291C_1437.bmp,Trajectories/2022-02-06/068_RR220206A_362C_1759.bmp,068_RR220206A_362C_1759.bmp,(√13 x √13),not_apply,SY,,2025-12-10T16:55:53.741160,,,,(√13 x √13),Trajectories/2022-02-06/068_RR220206A_362C_1759.bmp || Trajectories/2022-04-11/030_RR220411A_291C_1437.bmp,/content/rl_quantum_2026summer/data/original data/Trajectories/2022-04-11/030_RR220411A_291C_1437.bmp,/content/rl_quantum_2026summer/data/original data/Trajectories/2022-02-06/068_RR220206A_362C_1759.bmp,3,1.0
Trajectories/2022-04-11/030_RR220411A_291C_1437.bmp,030_RR220411A_291C_1437.bmp,Trajectories/2022-02-06/068_RR220206A_362C_1759.bmp,068_RR220206A_362C_1759.bmp,(1 x 1),1,SY,,2025-12-10T16:55:54.432756,,,,(1 x 1),Trajectories/2022-02-06/068_RR220206A_362C_1759.bmp || Trajectories/2022-04-11/030_RR220411A_291C_1437.bmp,/content/rl_quantum_2026summer/data/original data/Trajectories/2022-04-11/030_RR220411A_291C_1437.bmp,/content/rl_quantum_2026summer/data/original data/Trajectories/2022-02-06/068_RR220206A_362C_1759.bmp,0,1.0
Trajectories/2022-04-11/030_RR220411A_291C_1437.bmp,030_RR220411A_291C_1437.bmp,Trajectories/2022-02-06/068_RR220206A_362C_1759.bmp,068_RR220206A_362C_1759.bmp,Twinned(2 x 1),not_apply,SY,,2025-12-10T16:55:55.152158,,,,Twinned(2 x 1),Trajectories/2022-02-06/068_RR220206A_362C_1759.bmp || Trajectories/2022-04-11/030_RR220411A_291C_1437.bmp,/content/rl_quantum_2026summer/data/original data/Trajectories/2022-04-11/030_RR220411A_291C_1437.bmp,/content/rl_quantum_2026summer/data/original data/Trajectories/2022-02-06/068_RR220206A_362C_1759.bmp,1,1.0
Trajectories/2022-04-11/443_RR220411A_303C_2007.bmp,443_RR220411A_303C_2007.bmp,Trajectories/2022-04-11/397_RR220411A_528C_1948.bmp,397_RR220411A_528C_1948.bmp,(√13 x √13),tie,AJ,,2025-12-12T00:18:11.173158,,,,(√13 x √13),Trajectories/2022-04-11/397_RR220411A_528C_1948.bmp || Trajectories/2022-04-11/443_RR220411A_303C_2007.bmp,/content/rl_quantum_2026summer/data/original data/Trajectories/2022-04-11/443_RR220411A_303C_2007.bmp,/content/rl_quantum_2026summer/data/original data/Trajectories/2022-04-11/397_RR220411A_528C_1948.bmp,3,1.0
Trajectories/2022-02-06/247_RR220206A_657C_2207.bmp,247_RR220206A_657C_2207.bmp,Trajectories/2022-02-06/095_RR220206A_614C_1835.bmp,095_RR220206A_614C_1835.bmp,(1 x 1),2,AJ,,2025-12-26T08:11:46.388299,152.0,168.0,Confident,(1 x 1),Trajectories/2022-02-06/095_RR220206A_614C_1835.bmp || Trajectories/2022-02-06/247_RR220206A_657C_2207.bmp,/content/rl_quantum_2026summer/data/original data/Trajectories/2022-02-06/247_RR220206A_657C_2207.bmp,/content/rl_quantum_2026summer/data/original data/Trajectories/2022-02-06/095_RR220206A_614C_1835.bmp,0,1.0
Trajectories/2022-02-06/247_RR220206A_657C_2207.bmp,247_RR220206A_657C_2207.bmp,Trajectories/2022-02-06/095_RR220206A_614C_1835.bmp,095_RR220206A_614C_1835.bmp,Twinned(2 x 1),not_apply,AJ,,2025-12-26T08:11:47.746176,152.0,168.0,Confident,Twinned(2 x 1),Trajectories/2022-02-06/095_RR220206A_614C_1835.bmp || Trajectories/2022-02-06/247_RR220206A_657C_2207.bmp,/content/rl_quantum_2026summer/data/original data/Trajectories/2022-02-06/247_RR220206A_657C_2207.bmp,/content/rl_quantum_2026summer/data/original data/Trajectories/2022-02-06/095_RR220206A_614C_1835.bmp,1,1.0
Trajectories/2022-02-06/247_RR220206A_657C_2207.bmp,247_RR220206A_657C_2207.bmp,Trajectories/2022-02-06/095_RR220206A_614C_1835.bmp,095_RR220206A_614C_1835.bmp,c(6 x 2),not_apply,AJ,,2025-12-26T08:11:48.728063,152.0,168.0,Confident,c(6 x 2),Trajectories/2022-02-06/095_RR220206A_614C_1835.bmp || Trajectories/2022-02-06/247_RR220206A_657C_2207.bmp,/content/rl_quantum_2026summer/data/original data/Trajectories/2022-02-06/247_RR220206A_657C_2207.bmp,/content/rl_quantum_2026summer/data/original data/Trajectories/2022-02-06/095_RR220206A_614C_1835.bmp,2,1.0
Trajectories/2022-02-06/247_RR220206A_657C_2207.bmp,247_RR220206A_657C_2207.bmp,Trajectories/2022-02-06/095_RR220206A_614C_1835.bmp,095_RR220206A_614C_1835.bmp,(√13 x √13),not_apply,AJ,,2025-12-26T08:11:49.842298,152.0,168.0,Confident,(√13 x √13),Trajectories/2022-02-06/095_RR220206A_614C_1835.bmp || Trajectories/2022-02-06/247_RR220206A_657C_2207.bmp,/content/rl_quantum_2026summer/data/original data/Trajectories/2022-02-06/247_RR220206A_657C_2207.bmp,/content/rl_quantum_2026summer/data/original data/Trajectories/2022-02-06/095_RR220206A_614C_1835.bmp,3,1.0
Trajectories/2022-02-06/247_RR220206A_657C_2207.bmp,247_RR220206A_657C_2207.bmp,Trajectories/2022-02-06/095_RR220206A_614C_1835.bmp,095_RR220206A_614C_1835.bmp,HTR,1,AJ,,2025-12-26T08:11:50.799793,152.0,168.0,Confident,HTR,Trajectories/2022-02-06/095_RR220206A_614C_1835.bmp || Trajectories/2022-02-06/247_RR220206A_657C_2207.bmp,/content/rl_quantum_2026summer/data/original data/Trajectories/2022-02-06/247_RR220206A_657C_2207.bmp,/content/rl_quantum_2026summer/data/original data/Trajectories/2022-02-06/095_RR220206A_614C_1835.bmp,4,1.0
Trajectories/2022-04-11/111_RR220411A_536C_1546.bmp,111_RR220411A_536C_1546.bmp,Trajectories/2022-04-11/175_RR220411A_765C_1645.bmp,175_RR220411A_765C_1645.bmp,(√13 x √13),not_apply,Jiangang,,2026-01-05T15:49:28.098935,302.0,335.0,Confident,(√13 x √13),Trajectories/2022-04-11/111_RR220411A_536C_1546.bmp || Trajectories/2022-04-11/175_RR220411A_765C_1645.bmp,/content/rl_quantum_2026summer/data/original data/Trajectories/2022-04-11/111_RR220411A_536C_1546.bmp,/content/rl_quantum_2026summer/data/original data/Trajectories/2022-04-11/175_RR220411A_765C_1645.bmp,3,1.0
Trajectories/2022-04-11/111_RR220411A_536C_1546.bmp,111_RR220411A_536C_1546.bmp,Trajectories/2022-04-11/175_RR220411A_765C_1645.bmp,175_RR220411A_765C_1645.bmp,(1 x 1),tie,Jiangang,,2026-01-05T15:49:29.047838,302.0,335.0,Confident,(1 x 1),Trajectories/2022-04-11/111_RR220411A_536C_1546.bmp || Trajectories/2022-04-11/175_RR220411A_765C_1645.bmp,/content/rl_quantum_2026summer/data/original data/Trajectories/2022-04-11/111_RR220411A_536C_1546.bmp,/content/rl_quantum_2026summer/data/original data/Trajectories/2022-04-11/175_RR220411A_765C_1645.bmp,0,1.0
Trajectories/2022-04-11/111_RR220411A_536C_1546.bmp,111_RR220411A_536C_1546.bmp,Trajectories/2022-04-11/175_RR220411A_765C_1645.bmp,175_RR220411A_765C_1645.bmp,Twinned(2 x 1),not_apply,Jiangang,,2026-01-05T15:49:30.061380,302.0,335.0,Confident,Twinned(2 x 1),Trajectories/2022-04-11/111_RR220411A_536C_1546.bmp || Trajectories/2022-04-11/175_RR220411A_765C_1645.bmp,/content/rl_quantum_2026summer/data/original data/Trajectories/2022-04-11/111_RR220411A_536C_1546.bmp,/content/rl_quantum_2026summer/data/original data/Trajectories/2022-04-11/175_RR220411A_765C_1645.bmp,1,1.0
Trajectories/2022-04-11/111_RR220411A_536C_1546.bmp,111_RR220411A_536C_1546.bmp,Trajectories/2022-04-11/175_RR220411A_765C_1645.bmp,175_RR220411A_765C_1645.bmp,HTR,not_apply,Jiangang,,2026-01-05T15:49:30.891749,302.0,335.0,Confident,HTR,Trajectories/2022-04-11/111_RR220411A_536C_1546.bmp || Trajectories/2022-04-11/175_RR220411A_765C_1645.bmp,/content/rl_quantum_2026summer/data/original data/Trajectories/2022-04-11/111_RR220411A_536C_1546.bmp,/content/rl_quantum_2026summer/data/original data/Trajectories/2022-04-11/175_RR220411A_765C_1645.bmp,4,1.0
Trajectories/2022-02-04/320_RR220204A_915C_2039.bmp,320_RR220204A_915C_2039.bmp,Trajectories/2022-02-06/282_RR220206A_184C_2256.bmp,282_RR220206A_184C_2256.bmp,(√13 x √13),1,AJ,,2025-12-12T00:09:41.214684,,,,(√13 x √13),Trajectories/2022-02-04/320_RR220204A_915C_2039.bmp || Trajectories/2022-02-06/282_RR220206A_184C_2256.bmp,/content/rl_quantum_2026summer/data/original data/Trajectories/2022-02-04/320_RR220204A_915C_2039.bmp,/content/rl_quantum_2026summer/data/original data/Trajectories/2022-02-06/282_RR220206A_184C_2256.bmp,3,1.0
Trajectories/2022-02-04/320_RR220204A_915C_2039.bmp,320_RR220204A_915C_2039.bmp,Trajectories/2022-02-06/282_RR220206A_184C_2256.bmp,282_RR220206A_184C_2256.bmp,HTR,2,AJ,,2025-12-12T00:09:41.963238,,,,HTR,Trajectories/2022-02-04/320_RR220204A_915C_2039.bmp || Trajectories/2022-02-06/282_RR220206A_184C_2256.bmp,/content/rl_quantum_2026summer/data/original data/Trajectories/2022-02-04/320_RR220204A_915C_2039.bmp,/content/rl_quantum_2026summer/data/original data/Trajectories/2022-02-06/282_RR220206A_184C_2256.bmp,4,1.0
Trajectories/2022-02-04/063_RR220204A_165C_0215-03.bmp,063_RR220204A_165C_0215-03.bmp,Trajectories/2022-04-11/376_RR220411A_620C_1938.bmp,376_RR220411A_620C_1938.bmp,HTR,2,AJ,,2025-12-06 01:21:25,,,,HTR,Trajectories/2022-02-04/063_RR220204A_165C_0215-03.bmp || Trajectories/2022-04-11/376_RR220411A_620C_1938.bmp,/content/rl_quantum_2026summer/data/original data/Trajectories/2022-02-04/063_RR220204A_165C_0215-03.bmp,/content/rl_quantum_2026summer/data/original data/Trajectories/2022-04-11/376_RR220411A_620C_1938.bmp,4,1.0
Trajectories/2022-02-04/080_RR220204A_301C_1718.bmp,080_RR220204A_301C_1718.bmp,Trajectories/2022-02-04/076_RR220204A_299C_1713.bmp,076_RR220204A_299C_1713.bmp,(√13 x √13),tie,AJ,,2025-12-12T00:09:31.398149,,,,(√13 x √13),Trajectories/2022-02-04/076_RR220204A_299C_1713.bmp || Trajectories/2022-02-04/080_RR220204A_301C_1718.bmp,/content/rl_quantum_2026summer/data/original data/Trajectories/2022-02-04/080_RR220204A_301C_1718.bmp,/content/rl_quantum_2026summer/data/original data/Trajectories/2022-02-04/076_RR220204A_299C_1713.bmp,3,1.0
Trajectories/2022-04-11/233_RR220411A_889C_1731.bmp,233_RR220411A_889C_1731.bmp,Trajectories/2022-02-04/197_RR220204A_611C_1835.bmp,197_RR220204A_611C_1835.bmp,Twinned(2 x 1),tie,AJ,,2025-12-11T15:28:01.524582,,,,Twinned(2 x 1),Trajectories/2022-02-04/197_RR220204A_611C_1835.bmp || Trajectories/2022-04-11/233_RR220411A_889C_1731.bmp,/content/rl_quantum_2026summer/data/original data/Trajectories/2022-04-11/233_RR220411A_889C_1731.bmp,/content/rl_quantum_2026summer/data/original data/Trajectories/2022-02-04/197_RR220204A_611C_1835.bmp,1,1.0
Trajectories/2022-02-04/261_RR220204A_790C_1930.bmp,261_RR220204A_790C_1930.bmp,Trajectories/2022-02-04/024_RR220204A_927C_0130.bmp,024_RR220204A_927C_0130.bmp,HTR,not_apply,SY,,2025-12-14 08:53:40,,,,HTR,Trajectories/2022-02-04/024_RR220204A_927C_0130.bmp || Trajectories/2022-02-04/261_RR220204A_790C_1930.bmp,/content/rl_quantum_2026summer/data/original data/Trajectories/2022-02-04/261_RR220204A_790C_1930.bmp,/content/rl_quantum_2026summer/data/original data/Trajectories/2022-02-04/024_RR220204A_927C_0130.bmp,4,1.0
Trajectories/2022-02-04/261_RR220204A_790C_1930.bmp,261_RR220204A_790C_1930.bmp,Trajectories/2022-02-04/024_RR220204A_927C_0130.bmp,024_RR220204A_927C_0130.bmp,Twinned(2 x 1),tie,SY,,2025-12-14 08:53:40,,,,Twinned(2 x 1),Trajectories/2022-02-04/024_RR220204A_927C_0130.bmp || Trajectories/2022-02-04/261_RR220204A_790C_1930.bmp,/content/rl_quantum_2026summer/data/original data/Trajectories/2022-02-04/261_RR220204A_790C_1930.bmp,/content/rl_quantum_2026summer/data/original data/Trajectories/2022-02-04/024_RR220204A_927C_0130.bmp,1,1.0
Trajectories/2022-02-04/261_RR220204A_790C_1930.bmp,261_RR220204A_790C_1930.bmp,Trajectories/2022-02-04/024_RR220204A_927C_0130.bmp,024_RR220204A_927C_0130.bmp,c(6 x 2),not_apply,SY,,2025-12-14 08:53:40,,,,c(6 x 2),Trajectories/2022-02-04/024_RR220204A_927C_0130.bmp || Trajectories/2022-02-04/261_RR220204A_790C_1930.bmp,/content/rl_quantum_2026summer/data/original data/Trajectories/2022-02-04/261_RR220204A_790C_1930.bmp,/content/rl_quantum_2026summer/data/original data/Trajectories/2022-02-04/024_RR220204A_927C_0130.bmp,2,1.0
Trajectories/2022-02-04/261_RR220204A_790C_1930.bmp,261_RR220204A_790C_1930.bmp,Trajectories/2022-02-04/024_RR220204A_927C_0130.bmp,024_RR220204A_927C_0130.bmp,(1 x 1),2,SY,,2025-12-14 08:53:40,,,,(1 x 1),Trajectories/2022-02-04/024_RR220204A_927C_0130.bmp || Trajectories/2022-02-04/261_RR220204A_790C_1930.bmp,/content/rl_quantum_2026summer/data/original data/Trajectories/2022-02-04/261_RR220204A_790C_1930.bmp,/content/rl_quantum_2026summer/data/original data/Trajectories/2022-02-04/024_RR220204A_927C_0130.bmp,0,1.0
Trajectories/2022-04-11/028_RR220411A_291C_1436.bmp,028_RR220411A_291C_1436.bmp,Trajectories/2022-04-11/050_RR220411A_370C_1458.bmp,050_RR220411A_370C_1458.bmp,Twinned(2 x 1),not_apply,HL,,2025-12-15T20:54:23.304996,,,,Twinned(2 x 1),Trajectories/2022-04-11/028_RR220411A_291C_1436.bmp || Trajectories/2022-04-11/050_RR220411A_370C_1458.bmp,/content/rl_quantum_2026summer/data/original data/Trajectories/2022-04-11/028_RR220411A_291C_1436.bmp,/content/rl_quantum_2026summer/data/original data/Trajectories/2022-04-11/050_RR220411A_370C_1458.bmp,1,1.0
Trajectories/2022-04-11/028_RR220411A_291C_1436.bmp,028_RR220411A_291C_1436.bmp,Trajectories/2022-04-11/050_RR220411A_370C_1458.bmp,050_RR220411A_370C_1458.bmp,(1 x 1),tie,HL,,2025-12-15T20:54:24.541804,,,,(1 x 1),Trajectories/2022-04-11/028_RR220411A_291C_1436.bmp || Trajectories/2022-04-11/050_RR220411A_370C_1458.bmp,/content/rl_quantum_2026summer/data/original data/Trajectories/2022-04-11/028_RR220411A_291C_1436.bmp,/content/rl_quantum_2026summer/data/original data/Trajectories/2022-04-11/050_RR220411A_370C_1458.bmp,0,1.0
Trajectories/2022-04-11/028_RR220411A_291C_1436.bmp,028_RR220411A_291C_1436.bmp,Trajectories/2022-04-11/050_RR220411A_370C_1458.bmp,050_RR220411A_370C_1458.bmp,c(6 x 2),not_apply,HL,,2025-12-15T20:54:25.503680,,,,c(6 x 2),Trajectories/2022-04-11/028_RR220411A_291C_1436.bmp || Trajectories/2022-04-11/050_RR220411A_370C_1458.bmp,/content/rl_quantum_2026summer/data/original data/Trajectories/2022-04-11/028_RR220411A_291C_1436.bmp,/content/rl_quantum_2026summer/data/original data/Trajectories/2022-04-11/050_RR220411A_370C_1458.bmp,2,1.0
Trajectories/2022-04-11/028_RR220411A_291C_1436.bmp,028_RR220411A_291C_1436.bmp,Trajectories/2022-04-11/050_RR220411A_370C_1458.bmp,050_RR220411A_370C_1458.bmp,(√13 x √13),not_apply,HL,,2025-12-15T20:54:26.444863,,,,(√13 x √13),Trajectories/2022-04-11/028_RR220411A_291C_1436.bmp || Trajectories/2022-04-11/050_RR220411A_370C_1458.bmp,/content/rl_quantum_2026summer/data/original data/Trajectories/2022-04-11/028_RR220411A_291C_1436.bmp,/content/rl_quantum_2026summer/data/original data/Trajectories/2022-04-11/050_RR220411A_370C_1458.bmp,3,1.0
Trajectories/2022-04-11/028_RR220411A_291C_1436.bmp,028_RR220411A_291C_1436.bmp,Trajectories/2022-04-11/050_RR220411A_370C_1458.bmp,050_RR220411A_370C_1458.bmp,HTR,not_apply,HL,,2025-12-15T20:54:27.295559,,,,HTR,Trajectories/2022-04-11/028_RR220411A_291C_1436.bmp || Trajectories/2022-04-11/050_RR220411A_370C_1458.bmp,/content/rl_quantum_2026summer/data/original data/Trajectories/2022-04-11/028_RR220411A_291C_1436.bmp,/content/rl_quantum_2026summer/data/original data/Trajectories/2022-04-11/050_RR220411A_370C_1458.bmp,4,1.0
Trajectories/2022-02-06/048_RR220206A_175C_1736.bmp,048_RR220206A_175C_1736.bmp,Trajectories/2022-04-11/189_RR220411A_822C_1703.bmp,189_RR220411A_822C_1703.bmp,HTR,not_apply,HL,,2026-01-06T21:47:08.538700,324.0,287.0,Confident,HTR,Trajectories/2022-02-06/048_RR220206A_175C_1736.bmp || Trajectories/2022-04-11/189_RR220411A_822C_1703.bmp,/content/rl_quantum_2026summer/data/original data/Trajectories/2022-02-06/048_RR220206A_175C_1736.bmp,/content/rl_quantum_2026summer/data/original data/Trajectories/2022-04-11/189_RR220411A_822C_1703.bmp,4,1.0
Trajectories/2022-02-06/048_RR220206A_175C_1736.bmp,048_RR220206A_175C_1736.bmp,Trajectories/2022-04-11/189_RR220411A_822C_1703.bmp,189_RR220411A_822C_1703.bmp,Twinned(2 x 1),not_apply,HL,,2026-01-06T21:47:09.296451,324.0,287.0,Confident,Twinned(2 x 1),Trajectories/2022-02-06/048_RR220206A_175C_1736.bmp || Trajectories/2022-04-11/189_RR220411A_822C_1703.bmp,/content/rl_quantum_2026summer/data/original data/Trajectories/2022-02-06/048_RR220206A_175C_1736.bmp,/content/rl_quantum_2026summer/data/original data/Trajectories/2022-04-11/189_RR220411A_822C_1703.bmp,1,1.0
Trajectories/2022-02-06/048_RR220206A_175C_1736.bmp,048_RR220206A_175C_1736.bmp,Trajectories/2022-04-11/189_RR220411A_822C_1703.bmp,189_RR220411A_822C_1703.bmp,(1 x 1),tie,HL,,2026-01-06T21:47:10.047898,324.0,287.0,Confident,(1 x 1),Trajectories/2022-02-06/048_RR220206A_175C_1736.bmp || Trajectories/2022-04-11/189_RR220411A_822C_1703.bmp,/content/rl_quantum_2026summer/data/original data/Trajectories/2022-02-06/048_RR220206A_175C_1736.bmp,/content/rl_quantum_2026summer/data/original data/Trajectories/2022-04-11/189_RR220411A_822C_1703.bmp,0,1.0
Trajectories/2022-02-06/048_RR220206A_175C_1736.bmp,048_RR220206A_175C_1736.bmp,Trajectories/2022-04-11/189_RR220411A_822C_1703.bmp,189_RR220411A_822C_1703.bmp,(√13 x √13),not_apply,HL,,2026-01-06T21:47:10.790309,324.0,287.0,Confident,(√13 x √13),Trajectories/2022-02-06/048_RR220206A_175C_1736.bmp || Trajectories/2022-04-11/189_RR220411A_822C_1703.bmp,/content/rl_quantum_2026summer/data/original data/Trajectories/2022-02-06/048_RR220206A_175C_1736.bmp,/content/rl_quantum_2026summer/data/original data/Trajectories/2022-04-11/189_RR220411A_822C_1703.bmp,3,1.0
Trajectories/2022-02-06/048_RR220206A_175C_1736.bmp,048_RR220206A_175C_1736.bmp,Trajectories/2022-04-11/189_RR220411A_822C_1703.bmp,189_RR220411A_822C_1703.bmp,c(6 x 2),not_apply,HL,,2026-01-06T21:47:11.586590,324.0,287.0,Confident,c(6 x 2),Trajectories/2022-02-06/048_RR220206A_175C_1736.bmp || Trajectories/2022-04-11/189_RR220411A_822C_1703.bmp,/content/rl_quantum_2026summer/data/original data/Trajectories/2022-02-06/048_RR220206A_175C_1736.bmp,/content/rl_quantum_2026summer/data/original data/Trajectories/2022-04-11/189_RR220411A_822C_1703.bmp,2,1.0
Trajectories/2022-02-04/334_RR220204A_939C_2101.bmp,334_RR220204A_939C_2101.bmp,Trajectories/2022-04-11/386_RR220411A_580C_1943.bmp,386_RR220411A_580C_1943.bmp,(√13 x √13),2,HL,,2025-12-15T21:05:38.049744,,,,(√13 x √13),Trajectories/2022-02-04/334_RR220204A_939C_2101.bmp || Trajectories/2022-04-11/386_RR220411A_580C_1943.bmp,/content/rl_quantum_2026summer/data/original data/Trajectories/2022-02-04/334_RR220204A_939C_2101.bmp,/content/rl_quantum_2026summer/data/original data/Trajectories/2022-04-11/386_RR220411A_580C_1943.bmp,3,1.0
Trajectories/2022-02-04/334_RR220204A_939C_2101.bmp,334_RR220204A_939C_2101.bmp,Trajectories/2022-04-11/386_RR220411A_580C_1943.bmp,386_RR220411A_580C_1943.bmp,Twinned(2 x 1),1,HL,,2025-12-15T21:05:39.303491,,,,Twinned(2 x 1),Trajectories/2022-02-04/334_RR220204A_939C_2101.bmp || Trajectories/2022-04-11/386_RR220411A_580C_1943.bmp,/content/rl_quantum_2026summer/data/original data/Trajectories/2022-02-04/334_RR220204A_939C_2101.bmp,/content/rl_quantum_2026summer/data/original data/Trajectories/2022-04-11/386_RR220411A_580C_1943.bmp,1,1.0
Trajectories/2022-02-04/334_RR220204A_939C_2101.bmp,334_RR220204A_939C_2101.bmp,Trajectories/2022-04-11/386_RR220411A_580C_1943.bmp,386_RR220411A_580C_1943.bmp,(1 x 1),not_apply,HL,,2025-12-15T21:05:40.524589,,,,(1 x 1),Trajectories/2022-02-04/334_RR220204A_939C_2101.bmp || Trajectories/2022-04-11/386_RR220411A_580C_1943.bmp,/content/rl_quantum_2026summer/data/original data/Trajectories/2022-02-04/334_RR220204A_939C_2101.bmp,/content/rl_quantum_2026summer/data/original data/Trajectories/2022-04-11/386_RR220411A_580C_1943.bmp,0,1.0
Trajectories/2022-02-04/334_RR220204A_939C_2101.bmp,334_RR220204A_939C_2101.bmp,Trajectories/2022-04-11/386_RR220411A_580C_1943.bmp,386_RR220411A_580C_1943.bmp,c(6 x 2),2,HL,,2025-12-15T21:05:41.574937,,,,c(6 x 2),Trajectories/2022-02-04/334_RR220204A_939C_2101.bmp || Trajectories/2022-04-11/386_RR220411A_580C_1943.bmp,/content/rl_quantum_2026summer/data/original data/Trajectories/2022-02-04/334_RR220204A_939C_2101.bmp,/content/rl_quantum_2026summer/data/original data/Trajectories/2022-04-11/386_RR220411A_580C_1943.bmp,2,1.0
Trajectories/2022-02-04/334_RR220204A_939C_2101.bmp,334_RR220204A_939C_2101.bmp,Trajectories/2022-04-11/386_RR220411A_580C_1943.bmp,386_RR220411A_580C_1943.bmp,HTR,not_apply,HL,,2025-12-15T21:05:42.633171,,,,HTR,Trajectories/2022-02-04/334_RR220204A_939C_2101.bmp || Trajectories/2022-04-11/386_RR220411A_580C_1943.bmp,/content/rl_quantum_2026summer/data/original data/Trajectories/2022-02-04/334_RR220204A_939C_2101.bmp,/content/rl_quantum_2026summer/data/original data/Trajectories/2022-04-11/386_RR220411A_580C_1943.bmp,4,1.0
Trajectories/2022-02-04/194_RR220204A_610C_1832.bmp,194_RR220204A_610C_1832.bmp,Trajectories/2022-02-06/119_RR220206A_871C_1918.bmp,119_RR220206A_871C_1918.bmp,c(6 x 2),2,SY,,2025-12-10T17:00:00.739215,,,,c(6 x 2),Trajectories/2022-02-04/194_RR220204A_610C_1832.bmp || Trajectories/2022-02-06/119_RR220206A_871C_1918.bmp,/content/rl_quantum_2026summer/data/original data/Trajectories/2022-02-04/194_RR220204A_610C_1832.bmp,/content/rl_quantum_2026summer/data/original data/Trajectories/2022-02-06/119_RR220206A_871C_1918.bmp,2,1.0
Trajectories/2022-02-04/194_RR220204A_610C_1832.bmp,194_RR220204A_610C_1832.bmp,Trajectories/2022-02-06/119_RR220206A_871C_1918.bmp,119_RR220206A_871C_1918.bmp,Twinned(2 x 1),1,SY,,2025-12-10T17:00:01.408896,,,,Twinned(2 x 1),Trajectories/2022-02-04/194_RR220204A_610C_1832.bmp || Trajectories/2022-02-06/119_RR220206A_871C_1918.bmp,/content/rl_quantum_2026summer/data/original data/Trajectories/2022-02-04/194_RR220204A_610C_1832.bmp,/content/rl_quantum_2026summer/data/original data/Trajectories/2022-02-06/119_RR220206A_871C_1918.bmp,1,1.0
Trajectories/2022-02-04/194_RR220204A_610C_1832.bmp,194_RR220204A_610C_1832.bmp,Trajectories/2022-02-06/119_RR220206A_871C_1918.bmp,119_RR220206A_871C_1918.bmp,(√13 x √13),1,SY,,2025-12-10T17:00:02.074935,,,,(√13 x √13),Trajectories/2022-02-04/194_RR220204A_610C_1832.bmp || Trajectories/2022-02-06/119_RR220206A_871C_1918.bmp,/content/rl_quantum_2026summer/data/original data/Trajectories/2022-02-04/194_RR220204A_610C_1832.bmp,/content/rl_quantum_2026summer/data/original data/Trajectories/2022-02-06/119_RR220206A_871C_1918.bmp,3,1.0
Trajectories/2022-02-04/194_RR220204A_610C_1832.bmp,194_RR220204A_610C_1832.bmp,Trajectories/2022-02-06/119_RR220206A_871C_1918.bmp,119_RR220206A_871C_1918.bmp,HTR,2,SY,,2025-12-10T17:00:02.734149,,,,HTR,Trajectories/2022-02-04/194_RR220204A_610C_1832.bmp || Trajectories/2022-02-06/119_RR220206A_871C_1918.bmp,/content/rl_quantum_2026summer/data/original data/Trajectories/2022-02-04/194_RR220204A_610C_1832.bmp,/content/rl_quantum_2026summer/data/original data/Trajectories/2022-02-06/119_RR220206A_871C_1918.bmp,4,1.0
Trajectories/2022-02-04/194_RR220204A_610C_1832.bmp,194_RR220204A_610C_1832.bmp,Trajectories/2022-02-06/119_RR220206A_871C_1918.bmp,119_RR220206A_871C_1918.bmp,(1 x 1),1,SY,,2025-12-10T17:00:03.603690,,,,(1 x 1),Trajectories/2022-02-04/194_RR220204A_610C_1832.bmp || Trajectories/2022-02-06/119_RR220206A_871C_1918.bmp,/content/rl_quantum_2026summer/data/original data/Trajectories/2022-02-04/194_RR220204A_610C_1832.bmp,/content/rl_quantum_2026summer/data/original data/Trajectories/2022-02-06/119_RR220206A_871C_1918.bmp,0,1.0
Trajectories/2022-04-11/183_RR220411A_794C_1655.bmp,183_RR220411A_794C_1655.bmp,Trajectories/2022-04-11/226_RR220411A_873C_1725.bmp,226_RR220411A_873C_1725.bmp,c(6 x 2),2,SY,,2025-12-10T17:02:15.862234,,,,c(6 x 2),Trajectories/2022-04-11/183_RR220411A_794C_1655.bmp || Trajectories/2022-04-11/226_RR220411A_873C_1725.bmp,/content/rl_quantum_2026summer/data/original data/Trajectories/2022-04-11/183_RR220411A_794C_1655.bmp,/content/rl_quantum_2026summer/data/original data/Trajectories/2022-04-11/226_RR220411A_873C_1725.bmp,2,1.0
Trajectories/2022-04-11/183_RR220411A_794C_1655.bmp,183_RR220411A_794C_1655.bmp,Trajectories/2022-04-11/226_RR220411A_873C_1725.bmp,226_RR220411A_873C_1725.bmp,(√13 x √13),2,SY,,2025-12-10T17:02:16.573074,,,,(√13 x √13),Trajectories/2022-04-11/183_RR220411A_794C_1655.bmp || Trajectories/2022-04-11/226_RR220411A_873C_1725.bmp,/content/rl_quantum_2026summer/data/original data/Trajectories/2022-04-11/183_RR220411A_794C_1655.bmp,/content/rl_quantum_2026summer/data/original data/Trajectories/2022-04-11/226_RR220411A_873C_1725.bmp,3,1.0
Trajectories/2022-04-11/183_RR220411A_794C_1655.bmp,183_RR220411A_794C_1655.bmp,Trajectories/2022-04-11/226_RR220411A_873C_1725.bmp,226_RR220411A_873C_1725.bmp,(1 x 1),tie,SY,,2025-12-10T17:02:17.241921,,,,(1 x 1),Trajectories/2022-04-11/183_RR220411A_794C_1655.bmp || Trajectories/2022-04-11/226_RR220411A_873C_1725.bmp,/content/rl_quantum_2026summer/data/original data/Trajectories/2022-04-11/183_RR220411A_794C_1655.bmp,/content/rl_quantum_2026summer/data/original data/Trajectories/2022-04-11/226_RR220411A_873C_1725.bmp,0,1.0
Trajectories/2022-04-11/183_RR220411A_794C_1655.bmp,183_RR220411A_794C_1655.bmp,Trajectories/2022-04-11/226_RR220411A_873C_1725.bmp,226_RR220411A_873C_1725.bmp,Twinned(2 x 1),not_apply,SY,,2025-12-10T17:02:17.909252,,,,Twinned(2 x 1),Trajectories/2022-04-11/183_RR220411A_794C_1655.bmp || Trajectories/2022-04-11/226_RR220411A_873C_1725.bmp,/content/rl_quantum_2026summer/data/original data/Trajectories/2022-04-11/183_RR220411A_794C_1655.bmp,/content/rl_quantum_2026summer/data/original data/Trajectories/2022-04-11/226_RR220411A_873C_1725.bmp,1,1.0
Trajectories/2022-04-11/183_RR220411A_794C_1655.bmp,183_RR220411A_794C_1655.bmp,Trajectories/2022-04-11/226_RR220411A_873C_1725.bmp,226_RR220411A_873C_1725.bmp,HTR,not_apply,SY,,2025-12-10T17:02:18.571634,,,,HTR,Trajectories/2022-04-11/183_RR220411A_794C_1655.bmp || Trajectories/2022-04-11/226_RR220411A_873C_1725.bmp,/content/rl_quantum_2026summer/data/original data/Trajectories/2022-04-11/183_RR220411A_794C_1655.bmp,/content/rl_quantum_2026summer/data/original data/Trajectories/2022-04-11/226_RR220411A_873C_1725.bmp,4,1.0
Trajectories/2022-02-06/257_RR220206A_581C_2222.bmp,257_RR220206A_581C_2222.bmp,Trajectories/2022-02-04/379_RR220204A_937C_2315.bmp,379_RR220204A_937C_2315.bmp,c(6 x 2),2,AJ,,2025-12-11T15:16:13.622695,,,,c(6 x 2),Trajectories/2022-02-04/379_RR220204A_937C_2315.bmp || Trajectories/2022-02-06/257_RR220206A_581C_2222.bmp,/content/rl_quantum_2026summer/data/original data/Trajectories/2022-02-06/257_RR220206A_581C_2222.bmp,/content/rl_quantum_2026summer/data/original data/Trajectories/2022-02-04/379_RR220204A_937C_2315.bmp,2,1.0
Trajectories/2022-02-06/257_RR220206A_581C_2222.bmp,257_RR220206A_581C_2222.bmp,Trajectories/2022-02-04/379_RR220204A_937C_2315.bmp,379_RR220204A_937C_2315.bmp,HTR,1,AJ,,2025-12-11T15:16:14.437789,,,,HTR,Trajectories/2022-02-04/379_RR220204A_937C_2315.bmp || Trajectories/2022-02-06/257_RR220206A_581C_2222.bmp,/content/rl_quantum_2026summer/data/original data/Trajectories/2022-02-06/257_RR220206A_581C_2222.bmp,/content/rl_quantum_2026summer/data/original data/Trajectories/2022-02-04/379_RR220204A_937C_2315.bmp,4,1.0
Trajectories/2022-04-11/313_RR220411A_839C_1856.bmp,313_RR220411A_839C_1856.bmp,Trajectories/2022-02-06/125_RR220206A_887C_1925.bmp,125_RR220206A_887C_1925.bmp,c(6 x 2),2,SY,,2025-12-14 08:53:40,,,,c(6 x 2),Trajectories/2022-02-06/125_RR220206A_887C_1925.bmp || Trajectories/2022-04-11/313_RR220411A_839C_1856.bmp,/content/rl_quantum_2026summer/data/original data/Trajectories/2022-04-11/313_RR220411A_839C_1856.bmp,/content/rl_quantum_2026summer/data/original data/Trajectories/2022-02-06/125_RR220206A_887C_1925.bmp,2,1.0
Trajectories/2022-04-11/313_RR220411A_839C_1856.bmp,313_RR220411A_839C_1856.bmp,Trajectories/2022-02-06/125_RR220206A_887C_1925.bmp,125_RR220206A_887C_1925.bmp,HTR,not_apply,SY,,2025-12-14 08:53:40,,,,HTR,Trajectories/2022-02-06/125_RR220206A_887C_1925.bmp || Trajectories/2022-04-11/313_RR220411A_839C_1856.bmp,/content/rl_quantum_2026summer/data/original data/Trajectories/2022-04-11/313_RR220411A_839C_1856.bmp,/content/rl_quantum_2026summer/data/original data/Trajectories/2022-02-06/125_RR220206A_887C_1925.bmp,4,1.0
Trajectories/2022-04-11/313_RR220411A_839C_1856.bmp,313_RR220411A_839C_1856.bmp,Trajectories/2022-02-06/125_RR220206A_887C_1925.bmp,125_RR220206A_887C_1925.bmp,Twinned(2 x 1),not_apply,SY,,2025-12-14 08:53:40,,,,Twinned(2 x 1),Trajectories/2022-02-06/125_RR220206A_887C_1925.bmp || Trajectories/2022-04-11/313_RR220411A_839C_1856.bmp,/content/rl_quantum_2026summer/data/original data/Trajectories/2022-04-11/313_RR220411A_839C_1856.bmp,/content/rl_quantum_2026summer/data/original data/Trajectories/2022-02-06/125_RR220206A_887C_1925.bmp,1,1.0
Trajectories/2022-02-06/241_RR220206A_692C_2157.bmp,241_RR220206A_692C_2157.bmp,Trajectories/2022-04-11/201_RR220411A_843C_1711-01.bmp,201_RR220411A_843C_1711-01.bmp,Twinned(2 x 1),not_apply,HL,,2026-01-06T21:51:01.638435,312.0,308.0,Confident,Twinned(2 x 1),Trajectories/2022-02-06/241_RR220206A_692C_2157.bmp || Trajectories/2022-04-11/201_RR220411A_843C_1711-01.bmp,/content/rl_quantum_2026summer/data/original data/Trajectories/2022-02-06/241_RR220206A_692C_2157.bmp,/content/rl_quantum_2026summer/data/original data/Trajectories/2022-04-11/201_RR220411A_843C_1711-01.bmp,1,1.0
Trajectories/2022-02-06/241_RR220206A_692C_2157.bmp,241_RR220206A_692C_2157.bmp,Trajectories/2022-04-11/201_RR220411A_843C_1711-01.bmp,201_RR220411A_843C_1711-01.bmp,(1 x 1),1,HL,,2026-01-06T21:51:02.759982,312.0,308.0,Confident,(1 x 1),Trajectories/2022-02-06/241_RR220206A_692C_2157.bmp || Trajectories/2022-04-11/201_RR220411A_843C_1711-01.bmp,/content/rl_quantum_2026summer/data/original data/Trajectories/2022-02-06/241_RR220206A_692C_2157.bmp,/content/rl_quantum_2026summer/data/original data/Trajectories/2022-04-11/201_RR220411A_843C_1711-01.bmp,0,1.0
Trajectories/2022-02-06/241_RR220206A_692C_2157.bmp,241_RR220206A_692C_2157.bmp,Trajectories/2022-04-11/201_RR220411A_843C_1711-01.bmp,201_RR220411A_843C_1711-01.bmp,(√13 x √13),2,HL,,2026-01-06T21:51:03.653875,312.0,308.0,Confident,(√13 x √13),Trajectories/2022-02-06/241_RR220206A_692C_2157.bmp || Trajectories/2022-04-11/201_RR220411A_843C_1711-01.bmp,/content/rl_quantum_2026summer/data/original data/Trajectories/2022-02-06/241_RR220206A_692C_2157.bmp,/content/rl_quantum_2026summer/data/original data/Trajectories/2022-04-11/201_RR220411A_843C_1711-01.bmp,3,1.0
Trajectories/2022-02-06/241_RR220206A_692C_2157.bmp,241_RR220206A_692C_2157.bmp,Trajectories/2022-04-11/201_RR220411A_843C_1711-01.bmp,201_RR220411A_843C_1711-01.bmp,HTR,1,HL,,2026-01-06T21:51:04.502073,312.0,308.0,Confident,HTR,Trajectories/2022-02-06/241_RR220206A_692C_2157.bmp || Trajectories/2022-04-11/201_RR220411A_843C_1711-01.bmp,/content/rl_quantum_2026summer/data/original data/Trajectories/2022-02-06/241_RR220206A_692C_2157.bmp,/content/rl_quantum_2026summer/data/original data/Trajectories/2022-04-11/201_RR220411A_843C_1711-01.bmp,4,1.0
Trajectories/2022-02-06/241_RR220206A_692C_2157.bmp,241_RR220206A_692C_2157.bmp,Trajectories/2022-04-11/201_RR220411A_843C_1711-01.bmp,201_RR220411A_843C_1711-01.bmp,c(6 x 2),not_apply,HL,,2026-01-06T21:51:05.408432,312.0,308.0,Confident,c(6 x 2),Trajectories/2022-02-06/241_RR220206A_692C_2157.bmp || Trajectories/2022-04-11/201_RR220411A_843C_1711-01.bmp,/content/rl_quantum_2026summer/data/original data/Trajectories/2022-02-06/241_RR220206A_692C_2157.bmp,/content/rl_quantum_2026summer/data/original data/Trajectories/2022-04-11/201_RR220411A_843C_1711-01.bmp,2,1.0
Trajectories/2022-02-04/019_RR220204A_981C_0126-01.bmp,019_RR220204A_981C_0126-01.bmp,Trajectories/2022-04-11/035_RR220411A_314C_1442.bmp,035_RR220411A_314C_1442.bmp,HTR,not_apply,HL,,2025-12-15T21:30:24.362722,,,,HTR,Trajectories/2022-02-04/019_RR220204A_981C_0126-01.bmp || Trajectories/2022-04-11/035_RR220411A_314C_1442.bmp,/content/rl_quantum_2026summer/data/original data/Trajectories/2022-02-04/019_RR220204A_981C_0126-01.bmp,/content/rl_quantum_2026summer/data/original data/Trajectories/2022-04-11/035_RR220411A_314C_1442.bmp,4,1.0
Trajectories/2022-02-04/019_RR220204A_981C_0126-01.bmp,019_RR220204A_981C_0126-01.bmp,Trajectories/2022-04-11/035_RR220411A_314C_1442.bmp,035_RR220411A_314C_1442.bmp,Twinned(2 x 1),1,HL,,2025-12-15T21:30:25.772467,,,,Twinned(2 x 1),Trajectories/2022-02-04/019_RR220204A_981C_0126-01.bmp || Trajectories/2022-04-11/035_RR220411A_314C_1442.bmp,/content/rl_quantum_2026summer/data/original data/Trajectories/2022-02-04/019_RR220204A_981C_0126-01.bmp,/content/rl_quantum_2026summer/data/original data/Trajectories/2022-04-11/035_RR220411A_314C_1442.bmp,1,1.0
Trajectories/2022-02-04/019_RR220204A_981C_0126-01.bmp,019_RR220204A_981C_0126-01.bmp,Trajectories/2022-04-11/035_RR220411A_314C_1442.bmp,035_RR220411A_314C_1442.bmp,(1 x 1),2,HL,,2025-12-15T21:30:26.991611,,,,(1 x 1),Trajectories/2022-02-04/019_RR220204A_981C_0126-01.bmp || Trajectories/2022-04-11/035_RR220411A_314C_1442.bmp,/content/rl_quantum_2026summer/data/original data/Trajectories/2022-02-04/019_RR220204A_981C_0126-01.bmp,/content/rl_quantum_2026summer/data/original data/Trajectories/2022-04-11/035_RR220411A_314C_1442.bmp,0,1.0
Trajectories/2022-02-04/019_RR220204A_981C_0126-01.bmp,019_RR220204A_981C_0126-01.bmp,Trajectories/2022-04-11/035_RR220411A_314C_1442.bmp,035_RR220411A_314C_1442.bmp,c(6 x 2),not_apply,HL,,2025-12-15T21:30:28.219463,,,,c(6 x 2),Trajectories/2022-02-04/019_RR220204A_981C_0126-01.bmp || Trajectories/2022-04-11/035_RR220411A_314C_1442.bmp,/content/rl_quantum_2026summer/data/original data/Trajectories/2022-02-04/019_RR220204A_981C_0126-01.bmp,/content/rl_quantum_2026summer/data/original data/Trajectories/2022-04-11/035_RR220411A_314C_1442.bmp,2,1.0
Trajectories/2022-02-04/019_RR220204A_981C_0126-01.bmp,019_RR220204A_981C_0126-01.bmp,Trajectories/2022-04-11/035_RR220411A_314C_1442.bmp,035_RR220411A_314C_1442.bmp,(√13 x √13),1,HL,,2025-12-15T21:30:29.483515,,,,(√13 x √13),Trajectories/2022-02-04/019_RR220204A_981C_0126-01.bmp || Trajectories/2022-04-11/035_RR220411A_314C_1442.bmp,/content/rl_quantum_2026summer/data/original data/Trajectories/2022-02-04/019_RR220204A_981C_0126-01.bmp,/content/rl_quantum_2026summer/data/original data/Trajectories/2022-04-11/035_RR220411A_314C_1442.bmp,3,1.0
Trajectories/2022-04-11/108_RR220411A_507C_1543.bmp,108_RR220411A_507C_1543.bmp,Trajectories/2022-04-11/379_RR220411A_614C_1940.bmp,379_RR220411A_614C_1940.bmp,(1 x 1),1,AJ,,2025-12-12T00:23:19.860318,,,,(1 x 1),Trajectories/2022-04-11/108_RR220411A_507C_1543.bmp || Trajectories/2022-04-11/379_RR220411A_614C_1940.bmp,/content/rl_quantum_2026summer/data/original data/Trajectories/2022-04-11/108_RR220411A_507C_1543.bmp,/content/rl_quantum_2026summer/data/original data/Trajectories/2022-04-11/379_RR220411A_614C_1940.bmp,0,1.0
Trajectories/2022-04-11/108_RR220411A_507C_1543.bmp,108_RR220411A_507C_1543.bmp,Trajectories/2022-04-11/379_RR220411A_614C_1940.bmp,379_RR220411A_614C_1940.bmp,(√13 x √13),2,AJ,,2025-12-12T00:23:20.822037,,,,(√13 x √13),Trajectories/2022-04-11/108_RR220411A_507C_1543.bmp || Trajectories/2022-04-11/379_RR220411A_614C_1940.bmp,/content/rl_quantum_2026summer/data/original data/Trajectories/2022-04-11/108_RR220411A_507C_1543.bmp,/content/rl_quantum_2026summer/data/original data/Trajectories/2022-04-11/379_RR220411A_614C_1940.bmp,3,1.0
Trajectories/2022-02-06/058_RR220206A_249C_1745.bmp,058_RR220206A_249C_1745.bmp,Trajectories/2022-04-11/178_RR220411A_774C_1649.bmp,178_RR220411A_774C_1649.bmp,(1 x 1),2,AJ,,2025-12-06 01:18:28,,,,(1 x 1),Trajectories/2022-02-06/058_RR220206A_249C_1745.bmp || Trajectories/2022-04-11/178_RR220411A_774C_1649.bmp,/content/rl_quantum_2026summer/data/original data/Trajectories/2022-02-06/058_RR220206A_249C_1745.bmp,/content/rl_quantum_2026summer/data/original data/Trajectories/2022-04-11/178_RR220411A_774C_1649.bmp,0,1.0
Trajectories/2022-04-11/386_RR220411A_580C_1943.bmp,386_RR220411A_580C_1943.bmp,Trajectories/2022-04-11/278_RR220411A_932C_1829.bmp,278_RR220411A_932C_1829.bmp,Twinned(2 x 1),not_apply,AJ,,2025-12-26T10:54:57.090303,212.0,243.0,Confident,Twinned(2 x 1),Trajectories/2022-04-11/278_RR220411A_932C_1829.bmp || Trajectories/2022-04-11/386_RR220411A_580C_1943.bmp,/content/rl_quantum_2026summer/data/original data/Trajectories/2022-04-11/386_RR220411A_580C_1943.bmp,/content/rl_quantum_2026summer/data/original data/Trajectories/2022-04-11/278_RR220411A_932C_1829.bmp,1,1.0
Trajectories/2022-04-11/386_RR220411A_580C_1943.bmp,386_RR220411A_580C_1943.bmp,Trajectories/2022-04-11/278_RR220411A_932C_1829.bmp,278_RR220411A_932C_1829.bmp,(√13 x √13),tie,AJ,,2025-12-26T10:54:57.940859,212.0,243.0,Confident,(√13 x √13),Trajectories/2022-04-11/278_RR220411A_932C_1829.bmp || Trajectories/2022-04-11/386_RR220411A_580C_1943.bmp,/content/rl_quantum_2026summer/data/original data/Trajectories/2022-04-11/386_RR220411A_580C_1943.bmp,/content/rl_quantum_2026summer/data/original data/Trajectories/2022-04-11/278_RR220411A_932C_1829.bmp,3,1.0
Trajectories/2022-04-11/386_RR220411A_580C_1943.bmp,386_RR220411A_580C_1943.bmp,Trajectories/2022-04-11/278_RR220411A_932C_1829.bmp,278_RR220411A_932C_1829.bmp,HTR,not_apply,AJ,,2025-12-26T10:54:58.885493,212.0,243.0,Confident,HTR,Trajectories/2022-04-11/278_RR220411A_932C_1829.bmp || Trajectories/2022-04-11/386_RR220411A_580C_1943.bmp,/content/rl_quantum_2026summer/data/original data/Trajectories/2022-04-11/386_RR220411A_580C_1943.bmp,/content/rl_quantum_2026summer/data/original data/Trajectories/2022-04-11/278_RR220411A_932C_1829.bmp,4,1.0
Trajectories/2022-04-11/386_RR220411A_580C_1943.bmp,386_RR220411A_580C_1943.bmp,Trajectories/2022-04-11/278_RR220411A_932C_1829.bmp,278_RR220411A_932C_1829.bmp,c(6 x 2),tie,AJ,,2025-12-26T10:54:59.856663,212.0,243.0,Confident,c(6 x 2),Trajectories/2022-04-11/278_RR220411A_932C_1829.bmp || Trajectories/2022-04-11/386_RR220411A_580C_1943.bmp,/content/rl_quantum_2026summer/data/original data/Trajectories/2022-04-11/386_RR220411A_580C_1943.bmp,/content/rl_quantum_2026summer/data/original data/Trajectories/2022-04-11/278_RR220411A_932C_1829.bmp,2,1.0
Trajectories/2022-04-11/386_RR220411A_580C_1943.bmp,386_RR220411A_580C_1943.bmp,Trajectories/2022-04-11/278_RR220411A_932C_1829.bmp,278_RR220411A_932C_1829.bmp,(1 x 1),not_apply,AJ,,2025-12-26T10:55:00.739197,212.0,243.0,Confident,(1 x 1),Trajectories/2022-04-11/278_RR220411A_932C_1829.bmp || Trajectories/2022-04-11/386_RR220411A_580C_1943.bmp,/content/rl_quantum_2026summer/data/original data/Trajectories/2022-04-11/386_RR220411A_580C_1943.bmp,/content/rl_quantum_2026summer/data/original data/Trajectories/2022-04-11/278_RR220411A_932C_1829.bmp,0,1.0
Trajectories/2022-02-06/090_RR220206A_568C_1828.bmp,090_RR220206A_568C_1828.bmp,Trajectories/2022-04-11/149_RR220411A_676C_1619.bmp,149_RR220411A_676C_1619.bmp,Twinned(2 x 1),not_apply,AJ,,2025-12-26T08:43:42.692604,193.0,205.0,Confident,Twinned(2 x 1),Trajectories/2022-02-06/090_RR220206A_568C_1828.bmp || Trajectories/2022-04-11/149_RR220411A_676C_1619.bmp,/content/rl_quantum_2026summer/data/original data/Trajectories/2022-02-06/090_RR220206A_568C_1828.bmp,/content/rl_quantum_2026summer/data/original data/Trajectories/2022-04-11/149_RR220411A_676C_1619.bmp,1,1.0
Trajectories/2022-02-06/090_RR220206A_568C_1828.bmp,090_RR220206A_568C_1828.bmp,Trajectories/2022-04-11/149_RR220411A_676C_1619.bmp,149_RR220411A_676C_1619.bmp,c(6 x 2),not_apply,AJ,,2025-12-26T08:43:44.051930,193.0,205.0,Confident,c(6 x 2),Trajectories/2022-02-06/090_RR220206A_568C_1828.bmp || Trajectories/2022-04-11/149_RR220411A_676C_1619.bmp,/content/rl_quantum_2026summer/data/original data/Trajectories/2022-02-06/090_RR220206A_568C_1828.bmp,/content/rl_quantum_2026summer/data/original data/Trajectories/2022-04-11/149_RR220411A_676C_1619.bmp,2,1.0
Trajectories/2022-02-06/090_RR220206A_568C_1828.bmp,090_RR220206A_568C_1828.bmp,Trajectories/2022-04-11/149_RR220411A_676C_1619.bmp,149_RR220411A_676C_1619.bmp,(√13 x √13),not_apply,AJ,,2025-12-26T08:43:45.039194,193.0,205.0,Confident,(√13 x √13),Trajectories/2022-02-06/090_RR220206A_568C_1828.bmp || Trajectories/2022-04-11/149_RR220411A_676C_1619.bmp,/content/rl_quantum_2026summer/data/original data/Trajectories/2022-02-06/090_RR220206A_568C_1828.bmp,/content/rl_quantum_2026summer/data/original data/Trajectories/2022-04-11/149_RR220411A_676C_1619.bmp,3,1.0
Trajectories/2022-02-06/090_RR220206A_568C_1828.bmp,090_RR220206A_568C_1828.bmp,Trajectories/2022-04-11/149_RR220411A_676C_1619.bmp,149_RR220411A_676C_1619.bmp,(1 x 1),tie,AJ,,2025-12-26T08:43:45.922115,193.0,205.0,Confident,(1 x 1),Trajectories/2022-02-06/090_RR220206A_568C_1828.bmp || Trajectories/2022-04-11/149_RR220411A_676C_1619.bmp,/content/rl_quantum_2026summer/data/original data/Trajectories/2022-02-06/090_RR220206A_568C_1828.bmp,/content/rl_quantum_2026summer/data/original data/Trajectories/2022-04-11/149_RR220411A_676C_1619.bmp,0,1.0
Trajectories/2022-02-06/090_RR220206A_568C_1828.bmp,090_RR220206A_568C_1828.bmp,Trajectories/2022-04-11/149_RR220411A_676C_1619.bmp,149_RR220411A_676C_1619.bmp,HTR,not_apply,AJ,,2025-12-26T08:43:46.831986,193.0,205.0,Confident,HTR,Trajectories/2022-02-06/090_RR220206A_568C_1828.bmp || Trajectories/2022-04-11/149_RR220411A_676C_1619.bmp,/content/rl_quantum_2026summer/data/original data/Trajectories/2022-02-06/090_RR220206A_568C_1828.bmp,/content/rl_quantum_2026summer/data/original data/Trajectories/2022-04-11/149_RR220411A_676C_1619.bmp,4,1.0
Trajectories/2022-02-04/161_RR220204A_504C_1810.bmp,161_RR220204A_504C_1810.bmp,Trajectories/2022-02-04/160_RR220204A_501C_1809-02.bmp,160_RR220204A_501C_1809-02.bmp,(√13 x √13),tie,AJ,,2025-12-12T00:07:09.648751,,,,(√13 x √13),Trajectories/2022-02-04/160_RR220204A_501C_1809-02.bmp || Trajectories/2022-02-04/161_RR220204A_504C_1810.bmp,/content/rl_quantum_2026summer/data/original data/Trajectories/2022-02-04/161_RR220204A_504C_1810.bmp,/content/rl_quantum_2026summer/data/original data/Trajectories/2022-02-04/160_RR220204A_501C_1809-02.bmp,3,1.0
Trajectories/2022-02-06/068_RR220206A_362C_1759.bmp,068_RR220206A_362C_1759.bmp,Trajectories/2022-04-11/075_RR220411A_440C_1519.bmp,075_RR220411A_440C_1519.bmp,(1 x 1),2,SY,,2025-12-23T22:34:37.509154,252.0,251.0,Confident,(1 x 1),Trajectories/2022-02-06/068_RR220206A_362C_1759.bmp || Trajectories/2022-04-11/075_RR220411A_440C_1519.bmp,/content/rl_quantum_2026summer/data/original data/Trajectories/2022-02-06/068_RR220206A_362C_1759.bmp,/content/rl_quantum_2026summer/data/original data/Trajectories/2022-04-11/075_RR220411A_440C_1519.bmp,0,1.0
Trajectories/2022-02-06/068_RR220206A_362C_1759.bmp,068_RR220206A_362C_1759.bmp,Trajectories/2022-04-11/075_RR220411A_440C_1519.bmp,075_RR220411A_440C_1519.bmp,HTR,not_apply,SY,,2025-12-23T22:34:38.747588,252.0,251.0,Confident,HTR,Trajectories/2022-02-06/068_RR220206A_362C_1759.bmp || Trajectories/2022-04-11/075_RR220411A_440C_1519.bmp,/content/rl_quantum_2026summer/data/original data/Trajectories/2022-02-06/068_RR220206A_362C_1759.bmp,/content/rl_quantum_2026summer/data/original data/Trajectories/2022-04-11/075_RR220411A_440C_1519.bmp,4,1.0
Trajectories/2022-02-06/068_RR220206A_362C_1759.bmp,068_RR220206A_362C_1759.bmp,Trajectories/2022-04-11/075_RR220411A_440C_1519.bmp,075_RR220411A_440C_1519.bmp,Twinned(2 x 1),not_apply,SY,,2025-12-23T22:34:40.121540,252.0,251.0,Confident,Twinned(2 x 1),Trajectories/2022-02-06/068_RR220206A_362C_1759.bmp || Trajectories/2022-04-11/075_RR220411A_440C_1519.bmp,/content/rl_quantum_2026summer/data/original data/Trajectories/2022-02-06/068_RR220206A_362C_1759.bmp,/content/rl_quantum_2026summer/data/original data/Trajectories/2022-04-11/075_RR220411A_440C_1519.bmp,1,1.0
Trajectories/2022-02-06/068_RR220206A_362C_1759.bmp,068_RR220206A_362C_1759.bmp,Trajectories/2022-04-11/075_RR220411A_440C_1519.bmp,075_RR220411A_440C_1519.bmp,(√13 x √13),not_apply,SY,,2025-12-23T22:34:41.420550,252.0,251.0,Confident,(√13 x √13),Trajectories/2022-02-06/068_RR220206A_362C_1759.bmp || Trajectories/2022-04-11/075_RR220411A_440C_1519.bmp,/content/rl_quantum_2026summer/data/original data/Trajectories/2022-02-06/068_RR220206A_362C_1759.bmp,/content/rl_quantum_2026summer/data/original data/Trajectories/2022-04-11/075_RR220411A_440C_1519.bmp,3,1.0
Trajectories/2022-02-06/068_RR220206A_362C_1759.bmp,068_RR220206A_362C_1759.bmp,Trajectories/2022-04-11/075_RR220411A_440C_1519.bmp,075_RR220411A_440C_1519.bmp,c(6 x 2),not_apply,SY,,2025-12-23T22:34:42.520829,252.0,251.0,Confident,c(6 x 2),Trajectories/2022-02-06/068_RR220206A_362C_1759.bmp || Trajectories/2022-04-11/075_RR220411A_440C_1519.bmp,/content/rl_quantum_2026summer/data/original data/Trajectories/2022-02-06/068_RR220206A_362C_1759.bmp,/content/rl_quantum_2026summer/data/original data/Trajectories/2022-04-11/075_RR220411A_440C_1519.bmp,2,1.0
Trajectories/2022-02-06/137_RR220206A_982C_1937.bmp,137_RR220206A_982C_1937.bmp,Trajectories/2022-04-11/191_RR220411A_821C_1704.bmp,191_RR220411A_821C_1704.bmp,c(6 x 2),1,HL,,2026-01-06T21:41:32.149785,252.0,252.0,Confident,c(6 x 2),Trajectories/2022-02-06/137_RR220206A_982C_1937.bmp || Trajectories/2022-04-11/191_RR220411A_821C_1704.bmp,/content/rl_quantum_2026summer/data/original data/Trajectories/2022-02-06/137_RR220206A_982C_1937.bmp,/content/rl_quantum_2026summer/data/original data/Trajectories/2022-04-11/191_RR220411A_821C_1704.bmp,2,1.0
Trajectories/2022-02-06/137_RR220206A_982C_1937.bmp,137_RR220206A_982C_1937.bmp,Trajectories/2022-04-11/191_RR220411A_821C_1704.bmp,191_RR220411A_821C_1704.bmp,(1 x 1),1,HL,,2026-01-06T21:41:33.206052,252.0,252.0,Confident,(1 x 1),Trajectories/2022-02-06/137_RR220206A_982C_1937.bmp || Trajectories/2022-04-11/191_RR220411A_821C_1704.bmp,/content/rl_quantum_2026summer/data/original data/Trajectories/2022-02-06/137_RR220206A_982C_1937.bmp,/content/rl_quantum_2026summer/data/original data/Trajectories/2022-04-11/191_RR220411A_821C_1704.bmp,0,1.0
Trajectories/2022-02-06/137_RR220206A_982C_1937.bmp,137_RR220206A_982C_1937.bmp,Trajectories/2022-04-11/191_RR220411A_821C_1704.bmp,191_RR220411A_821C_1704.bmp,Twinned(2 x 1),not_apply,HL,,2026-01-06T21:41:34.001989,252.0,252.0,Confident,Twinned(2 x 1),Trajectories/2022-02-06/137_RR220206A_982C_1937.bmp || Trajectories/2022-04-11/191_RR220411A_821C_1704.bmp,/content/rl_quantum_2026summer/data/original data/Trajectories/2022-02-06/137_RR220206A_982C_1937.bmp,/content/rl_quantum_2026summer/data/original data/Trajectories/2022-04-11/191_RR220411A_821C_1704.bmp,1,1.0
Trajectories/2022-02-06/137_RR220206A_982C_1937.bmp,137_RR220206A_982C_1937.bmp,Trajectories/2022-04-11/191_RR220411A_821C_1704.bmp,191_RR220411A_821C_1704.bmp,HTR,not_apply,HL,,2026-01-06T21:41:34.801341,252.0,252.0,Confident,HTR,Trajectories/2022-02-06/137_RR220206A_982C_1937.bmp || Trajectories/2022-04-11/191_RR220411A_821C_1704.bmp,/content/rl_quantum_2026summer/data/original data/Trajectories/2022-02-06/137_RR220206A_982C_1937.bmp,/content/rl_quantum_2026summer/data/original data/Trajectories/2022-04-11/191_RR220411A_821C_1704.bmp,4,1.0
Trajectories/2022-02-06/137_RR220206A_982C_1937.bmp,137_RR220206A_982C_1937.bmp,Trajectories/2022-04-11/191_RR220411A_821C_1704.bmp,191_RR220411A_821C_1704.bmp,(√13 x √13),not_apply,HL,,2026-01-06T21:41:35.548672,252.0,252.0,Confident,(√13 x √13),Trajectories/2022-02-06/137_RR220206A_982C_1937.bmp || Trajectories/2022-04-11/191_RR220411A_821C_1704.bmp,/content/rl_quantum_2026summer/data/original data/Trajectories/2022-02-06/137_RR220206A_982C_1937.bmp,/content/rl_quantum_2026summer/data/original data/Trajectories/2022-04-11/191_RR220411A_821C_1704.bmp,3,1.0
Trajectories/2022-02-06/230_RR220206A_767C_2143.bmp,230_RR220206A_767C_2143.bmp,Trajectories/2022-02-04/001_RR220204A_933C_0006.bmp,001_RR220204A_933C_0006.bmp,(1 x 1),not_apply,HL,,2026-01-02T22:16:55.498005,200.0,368.0,Somewhat sure,(1 x 1),Trajectories/2022-02-04/001_RR220204A_933C_0006.bmp || Trajectories/2022-02-06/230_RR220206A_767C_2143.bmp,/content/rl_quantum_2026summer/data/original data/Trajectories/2022-02-06/230_RR220206A_767C_2143.bmp,/content/rl_quantum_2026summer/data/original data/Trajectories/2022-02-04/001_RR220204A_933C_0006.bmp,0,0.7
Trajectories/2022-02-06/230_RR220206A_767C_2143.bmp,230_RR220206A_767C_2143.bmp,Trajectories/2022-02-04/001_RR220204A_933C_0006.bmp,001_RR220204A_933C_0006.bmp,(√13 x √13),2,HL,,2026-01-02T22:16:57.327128,200.0,368.0,Somewhat sure,(√13 x √13),Trajectories/2022-02-04/001_RR220204A_933C_0006.bmp || Trajectories/2022-02-06/230_RR220206A_767C_2143.bmp,/content/rl_quantum_2026summer/data/original data/Trajectories/2022-02-06/230_RR220206A_767C_2143.bmp,/content/rl_quantum_2026summer/data/original data/Trajectories/2022-02-04/001_RR220204A_933C_0006.bmp,3,0.7
Trajectories/2022-02-06/230_RR220206A_767C_2143.bmp,230_RR220206A_767C_2143.bmp,Trajectories/2022-02-04/001_RR220204A_933C_0006.bmp,001_RR220204A_933C_0006.bmp,HTR,1,HL,,2026-01-02T22:16:58.510130,200.0,368.0,Somewhat sure,HTR,Trajectories/2022-02-04/001_RR220204A_933C_0006.bmp || Trajectories/2022-02-06/230_RR220206A_767C_2143.bmp,/content/rl_quantum_2026summer/data/original data/Trajectories/2022-02-06/230_RR220206A_767C_2143.bmp,/content/rl_quantum_2026summer/data/original data/Trajectories/2022-02-04/001_RR220204A_933C_0006.bmp,4,0.7
Trajectories/2022-02-06/230_RR220206A_767C_2143.bmp,230_RR220206A_767C_2143.bmp,Trajectories/2022-02-04/001_RR220204A_933C_0006.bmp,001_RR220204A_933C_0006.bmp,c(6 x 2),not_apply,HL,,2026-01-02T22:16:59.758522,200.0,368.0,Somewhat sure,c(6 x 2),Trajectories/2022-02-04/001_RR220204A_933C_0006.bmp || Trajectories/2022-02-06/230_RR220206A_767C_2143.bmp,/content/rl_quantum_2026summer/data/original data/Trajectories/2022-02-06/230_RR220206A_767C_2143.bmp,/content/rl_quantum_2026summer/data/original data/Trajectories/2022-02-04/001_RR220204A_933C_0006.bmp,2,0.7
Trajectories/2022-02-06/230_RR220206A_767C_2143.bmp,230_RR220206A_767C_2143.bmp,Trajectories/2022-02-04/001_RR220204A_933C_0006.bmp,001_RR220204A_933C_0006.bmp,Twinned(2 x 1),2,HL,,2026-01-02T22:17:01.044711,200.0,368.0,Somewhat sure,Twinned(2 x 1),Trajectories/2022-02-04/001_RR220204A_933C_0006.bmp || Trajectories/2022-02-06/230_RR220206A_767C_2143.bmp,/content/rl_quantum_2026summer/data/original data/Trajectories/2022-02-06/230_RR220206A_767C_2143.bmp,/content/rl_quantum_2026summer/data/original data/Trajectories/2022-02-04/001_RR220204A_933C_0006.bmp,1,0.7
Trajectories/2022-02-06/123_RR220206A_894C_1923.bmp,123_RR220206A_894C_1923.bmp,Trajectories/2022-02-04/117_RR220204A_445C_1740.bmp,117_RR220204A_445C_1740.bmp,c(6 x 2),2,AJ,,2025-12-06 01:24:55,,,,c(6 x 2),Trajectories/2022-02-04/117_RR220204A_445C_1740.bmp || Trajectories/2022-02-06/123_RR220206A_894C_1923.bmp,/content/rl_quantum_2026summer/data/original data/Trajectories/2022-02-06/123_RR220206A_894C_1923.bmp,/content/rl_quantum_2026summer/data/original data/Trajectories/2022-02-04/117_RR220204A_445C_1740.bmp,2,1.0
Trajectories/2022-02-06/123_RR220206A_894C_1923.bmp,123_RR220206A_894C_1923.bmp,Trajectories/2022-02-04/117_RR220204A_445C_1740.bmp,117_RR220204A_445C_1740.bmp,(1 x 1),1,AJ,,2025-12-06 01:24:55,,,,(1 x 1),Trajectories/2022-02-04/117_RR220204A_445C_1740.bmp || Trajectories/2022-02-06/123_RR220206A_894C_1923.bmp,/content/rl_quantum_2026summer/data/original data/Trajectories/2022-02-06/123_RR220206A_894C_1923.bmp,/content/rl_quantum_2026summer/data/original data/Trajectories/2022-02-04/117_RR220204A_445C_1740.bmp,0,1.0
Trajectories/2022-04-11/067_RR220411A_416C_1513-02.bmp,067_RR220411A_416C_1513-02.bmp,Trajectories/2022-02-06/097_RR220206A_654C_1837.bmp,097_RR220206A_654C_1837.bmp,HTR,not_apply,HL,,2026-01-02T22:18:06.296425,246.0,250.0,Confident,HTR,Trajectories/2022-02-06/097_RR220206A_654C_1837.bmp || Trajectories/2022-04-11/067_RR220411A_416C_1513-02.bmp,/content/rl_quantum_2026summer/data/original data/Trajectories/2022-04-11/067_RR220411A_416C_1513-02.bmp,/content/rl_quantum_2026summer/data/original data/Trajectories/2022-02-06/097_RR220206A_654C_1837.bmp,4,1.0
Trajectories/2022-04-11/067_RR220411A_416C_1513-02.bmp,067_RR220411A_416C_1513-02.bmp,Trajectories/2022-02-06/097_RR220206A_654C_1837.bmp,097_RR220206A_654C_1837.bmp,(√13 x √13),not_apply,HL,,2026-01-02T22:18:07.732904,246.0,250.0,Confident,(√13 x √13),Trajectories/2022-02-06/097_RR220206A_654C_1837.bmp || Trajectories/2022-04-11/067_RR220411A_416C_1513-02.bmp,/content/rl_quantum_2026summer/data/original data/Trajectories/2022-04-11/067_RR220411A_416C_1513-02.bmp,/content/rl_quantum_2026summer/data/original data/Trajectories/2022-02-06/097_RR220206A_654C_1837.bmp,3,1.0
Trajectories/2022-04-11/067_RR220411A_416C_1513-02.bmp,067_RR220411A_416C_1513-02.bmp,Trajectories/2022-02-06/097_RR220206A_654C_1837.bmp,097_RR220206A_654C_1837.bmp,c(6 x 2),not_apply,HL,,2026-01-02T22:18:08.941524,246.0,250.0,Confident,c(6 x 2),Trajectories/2022-02-06/097_RR220206A_654C_1837.bmp || Trajectories/2022-04-11/067_RR220411A_416C_1513-02.bmp,/content/rl_quantum_2026summer/data/original data/Trajectories/2022-04-11/067_RR220411A_416C_1513-02.bmp,/content/rl_quantum_2026summer/data/original data/Trajectories/2022-02-06/097_RR220206A_654C_1837.bmp,2,1.0
Trajectories/2022-04-11/067_RR220411A_416C_1513-02.bmp,067_RR220411A_416C_1513-02.bmp,Trajectories/2022-02-06/097_RR220206A_654C_1837.bmp,097_RR220206A_654C_1837.bmp,(1 x 1),1,HL,,2026-01-02T22:18:10.133502,246.0,250.0,Confident,(1 x 1),Trajectories/2022-02-06/097_RR220206A_654C_1837.bmp || Trajectories/2022-04-11/067_RR220411A_416C_1513-02.bmp,/content/rl_quantum_2026summer/data/original data/Trajectories/2022-04-11/067_RR220411A_416C_1513-02.bmp,/content/rl_quantum_2026summer/data/original data/Trajectories/2022-02-06/097_RR220206A_654C_1837.bmp,0,1.0
Trajectories/2022-04-11/067_RR220411A_416C_1513-02.bmp,067_RR220411A_416C_1513-02.bmp,Trajectories/2022-02-06/097_RR220206A_654C_1837.bmp,097_RR220206A_654C_1837.bmp,Twinned(2 x 1),not_apply,HL,,2026-01-02T22:18:11.436424,246.0,250.0,Confident,Twinned(2 x 1),Trajectories/2022-02-06/097_RR220206A_654C_1837.bmp || Trajectories/2022-04-11/067_RR220411A_416C_1513-02.bmp,/content/rl_quantum_2026summer/data/original data/Trajectories/2022-04-11/067_RR220411A_416C_1513-02.bmp,/content/rl_quantum_2026summer/data/original data/Trajectories/2022-02-06/097_RR220206A_654C_1837.bmp,1,1.0
Trajectories/2022-02-06/098_RR220206A_656C_1838.bmp,098_RR220206A_656C_1838.bmp,Trajectories/2022-02-04/192_RR220204A_607C_1831.bmp,192_RR220204A_607C_1831.bmp,(1 x 1),1,AJ,,2025-12-06 01:23:17,,,,(1 x 1),Trajectories/2022-02-04/192_RR220204A_607C_1831.bmp || Trajectories/2022-02-06/098_RR220206A_656C_1838.bmp,/content/rl_quantum_2026summer/data/original data/Trajectories/2022-02-06/098_RR220206A_656C_1838.bmp,/content/rl_quantum_2026summer/data/original data/Trajectories/2022-02-04/192_RR220204A_607C_1831.bmp,0,1.0
Trajectories/2022-02-06/098_RR220206A_656C_1838.bmp,098_RR220206A_656C_1838.bmp,Trajectories/2022-02-04/192_RR220204A_607C_1831.bmp,192_RR220204A_607C_1831.bmp,(√13 x √13),2,AJ,,2025-12-06 01:23:17,,,,(√13 x √13),Trajectories/2022-02-04/192_RR220204A_607C_1831.bmp || Trajectories/2022-02-06/098_RR220206A_656C_1838.bmp,/content/rl_quantum_2026summer/data/original data/Trajectories/2022-02-06/098_RR220206A_656C_1838.bmp,/content/rl_quantum_2026summer/data/original data/Trajectories/2022-02-04/192_RR220204A_607C_1831.bmp,3,1.0
Trajectories/2022-04-11/330_RR220411A_762C_1910.bmp,330_RR220411A_762C_1910.bmp,Trajectories/2022-02-04/124_RR220204A_444C_1748.bmp,124_RR220204A_444C_1748.bmp,Twinned(2 x 1),2,HL,,2026-01-06T21:45:48.881523,286.0,284.0,Confident,Twinned(2 x 1),Trajectories/2022-02-04/124_RR220204A_444C_1748.bmp || Trajectories/2022-04-11/330_RR220411A_762C_1910.bmp,/content/rl_quantum_2026summer/data/original data/Trajectories/2022-04-11/330_RR220411A_762C_1910.bmp,/content/rl_quantum_2026summer/data/original data/Trajectories/2022-02-04/124_RR220204A_444C_1748.bmp,1,1.0
Trajectories/2022-04-11/330_RR220411A_762C_1910.bmp,330_RR220411A_762C_1910.bmp,Trajectories/2022-02-04/124_RR220204A_444C_1748.bmp,124_RR220204A_444C_1748.bmp,HTR,not_apply,HL,,2026-01-06T21:45:49.968279,286.0,284.0,Confident,HTR,Trajectories/2022-02-04/124_RR220204A_444C_1748.bmp || Trajectories/2022-04-11/330_RR220411A_762C_1910.bmp,/content/rl_quantum_2026summer/data/original data/Trajectories/2022-04-11/330_RR220411A_762C_1910.bmp,/content/rl_quantum_2026summer/data/original data/Trajectories/2022-02-04/124_RR220204A_444C_1748.bmp,4,1.0
Trajectories/2022-04-11/330_RR220411A_762C_1910.bmp,330_RR220411A_762C_1910.bmp,Trajectories/2022-02-04/124_RR220204A_444C_1748.bmp,124_RR220204A_444C_1748.bmp,(√13 x √13),1,HL,,2026-01-06T21:45:50.860061,286.0,284.0,Confident,(√13 x √13),Trajectories/2022-02-04/124_RR220204A_444C_1748.bmp || Trajectories/2022-04-11/330_RR220411A_762C_1910.bmp,/content/rl_quantum_2026summer/data/original data/Trajectories/2022-04-11/330_RR220411A_762C_1910.bmp,/content/rl_quantum_2026summer/data/original data/Trajectories/2022-02-04/124_RR220204A_444C_1748.bmp,3,1.0
Trajectories/2022-04-11/330_RR220411A_762C_1910.bmp,330_RR220411A_762C_1910.bmp,Trajectories/2022-02-04/124_RR220204A_444C_1748.bmp,124_RR220204A_444C_1748.bmp,c(6 x 2),1,HL,,2026-01-06T21:45:51.625776,286.0,284.0,Confident,c(6 x 2),Trajectories/2022-02-04/124_RR220204A_444C_1748.bmp || Trajectories/2022-04-11/330_RR220411A_762C_1910.bmp,/content/rl_quantum_2026summer/data/original data/Trajectories/2022-04-11/330_RR220411A_762C_1910.bmp,/content/rl_quantum_2026summer/data/original data/Trajectories/2022-02-04/124_RR220204A_444C_1748.bmp,2,1.0
Trajectories/2022-04-11/330_RR220411A_762C_1910.bmp,330_RR220411A_762C_1910.bmp,Trajectories/2022-02-04/124_RR220204A_444C_1748.bmp,124_RR220204A_444C_1748.bmp,(1 x 1),2,HL,,2026-01-06T21:45:52.380055,286.0,284.0,Confident,(1 x 1),Trajectories/2022-02-04/124_RR220204A_444C_1748.bmp || Trajectories/2022-04-11/330_RR220411A_762C_1910.bmp,/content/rl_quantum_2026summer/data/original data/Trajectories/2022-04-11/330_RR220411A_762C_1910.bmp,/content/rl_quantum_2026summer/data/original data/Trajectories/2022-02-04/124_RR220204A_444C_1748.bmp,0,1.0
Trajectories/2022-02-04/037_RR220204A_579C_0146.bmp,037_RR220204A_579C_0146.bmp,Trajectories/2022-02-06/265_RR220206A_498C_2232.bmp,265_RR220206A_498C_2232.bmp,(1 x 1),2,HL,,2026-01-06T21:46:51.292847,275.0,293.0,Confident,(1 x 1),Trajectories/2022-02-04/037_RR220204A_579C_0146.bmp || Trajectories/2022-02-06/265_RR220206A_498C_2232.bmp,/content/rl_quantum_2026summer/data/original data/Trajectories/2022-02-04/037_RR220204A_579C_0146.bmp,/content/rl_quantum_2026summer/data/original data/Trajectories/2022-02-06/265_RR220206A_498C_2232.bmp,0,1.0
Trajectories/2022-02-04/037_RR220204A_579C_0146.bmp,037_RR220204A_579C_0146.bmp,Trajectories/2022-02-06/265_RR220206A_498C_2232.bmp,265_RR220206A_498C_2232.bmp,HTR,2,HL,,2026-01-06T21:46:52.065179,275.0,293.0,Confident,HTR,Trajectories/2022-02-04/037_RR220204A_579C_0146.bmp || Trajectories/2022-02-06/265_RR220206A_498C_2232.bmp,/content/rl_quantum_2026summer/data/original data/Trajectories/2022-02-04/037_RR220204A_579C_0146.bmp,/content/rl_quantum_2026summer/data/original data/Trajectories/2022-02-06/265_RR220206A_498C_2232.bmp,4,1.0
Trajectories/2022-02-04/037_RR220204A_579C_0146.bmp,037_RR220204A_579C_0146.bmp,Trajectories/2022-02-06/265_RR220206A_498C_2232.bmp,265_RR220206A_498C_2232.bmp,(√13 x √13),1,HL,,2026-01-06T21:46:52.819547,275.0,293.0,Confident,(√13 x √13),Trajectories/2022-02-04/037_RR220204A_579C_0146.bmp || Trajectories/2022-02-06/265_RR220206A_498C_2232.bmp,/content/rl_quantum_2026summer/data/original data/Trajectories/2022-02-04/037_RR220204A_579C_0146.bmp,/content/rl_quantum_2026summer/data/original data/Trajectories/2022-02-06/265_RR220206A_498C_2232.bmp,3,1.0
Trajectories/2022-02-04/037_RR220204A_579C_0146.bmp,037_RR220204A_579C_0146.bmp,Trajectories/2022-02-06/265_RR220206A_498C_2232.bmp,265_RR220206A_498C_2232.bmp,Twinned(2 x 1),1,HL,,2026-01-06T21:46:53.488815,275.0,293.0,Confident,Twinned(2 x 1),Trajectories/2022-02-04/037_RR220204A_579C_0146.bmp || Trajectories/2022-02-06/265_RR220206A_498C_2232.bmp,/content/rl_quantum_2026summer/data/original data/Trajectories/2022-02-04/037_RR220204A_579C_0146.bmp,/content/rl_quantum_2026summer/data/original data/Trajectories/2022-02-06/265_RR220206A_498C_2232.bmp,1,1.0
Trajectories/2022-02-04/037_RR220204A_579C_0146.bmp,037_RR220204A_579C_0146.bmp,Trajectories/2022-02-06/265_RR220206A_498C_2232.bmp,265_RR220206A_498C_2232.bmp,c(6 x 2),not_apply,HL,,2026-01-06T21:46:54.195729,275.0,293.0,Confident,c(6 x 2),Trajectories/2022-02-04/037_RR220204A_579C_0146.bmp || Trajectories/2022-02-06/265_RR220206A_498C_2232.bmp,/content/rl_quantum_2026summer/data/original data/Trajectories/2022-02-04/037_RR220204A_579C_0146.bmp,/content/rl_quantum_2026summer/data/original data/Trajectories/2022-02-06/265_RR220206A_498C_2232.bmp,2,1.0
Trajectories/2022-04-11/313_RR220411A_839C_1856.bmp,313_RR220411A_839C_1856.bmp,Trajectories/2022-02-04/148_RR220204A_480C_1804.bmp,148_RR220204A_480C_1804.bmp,HTR,not_apply,SY,,2025-12-10T16:55:08.391543,,,,HTR,Trajectories/2022-02-04/148_RR220204A_480C_1804.bmp || Trajectories/2022-04-11/313_RR220411A_839C_1856.bmp,/content/rl_quantum_2026summer/data/original data/Trajectories/2022-04-11/313_RR220411A_839C_1856.bmp,/content/rl_quantum_2026summer/data/original data/Trajectories/2022-02-04/148_RR220204A_480C_1804.bmp,4,1.0
Trajectories/2022-04-11/313_RR220411A_839C_1856.bmp,313_RR220411A_839C_1856.bmp,Trajectories/2022-02-04/148_RR220204A_480C_1804.bmp,148_RR220204A_480C_1804.bmp,(1 x 1),1,SY,,2025-12-10T16:55:09.183561,,,,(1 x 1),Trajectories/2022-02-04/148_RR220204A_480C_1804.bmp || Trajectories/2022-04-11/313_RR220411A_839C_1856.bmp,/content/rl_quantum_2026summer/data/original data/Trajectories/2022-04-11/313_RR220411A_839C_1856.bmp,/content/rl_quantum_2026summer/data/original data/Trajectories/2022-02-04/148_RR220204A_480C_1804.bmp,0,1.0
Trajectories/2022-04-11/313_RR220411A_839C_1856.bmp,313_RR220411A_839C_1856.bmp,Trajectories/2022-02-04/148_RR220204A_480C_1804.bmp,148_RR220204A_480C_1804.bmp,Twinned(2 x 1),2,SY,,2025-12-10T16:55:09.909640,,,,Twinned(2 x 1),Trajectories/2022-02-04/148_RR220204A_480C_1804.bmp || Trajectories/2022-04-11/313_RR220411A_839C_1856.bmp,/content/rl_quantum_2026summer/data/original data/Trajectories/2022-04-11/313_RR220411A_839C_1856.bmp,/content/rl_quantum_2026summer/data/original data/Trajectories/2022-02-04/148_RR220204A_480C_1804.bmp,1,1.0
Trajectories/2022-04-11/313_RR220411A_839C_1856.bmp,313_RR220411A_839C_1856.bmp,Trajectories/2022-02-04/148_RR220204A_480C_1804.bmp,148_RR220204A_480C_1804.bmp,c(6 x 2),1,SY,,2025-12-10T16:55:10.663841,,,,c(6 x 2),Trajectories/2022-02-04/148_RR220204A_480C_1804.bmp || Trajectories/2022-04-11/313_RR220411A_839C_1856.bmp,/content/rl_quantum_2026summer/data/original data/Trajectories/2022-04-11/313_RR220411A_839C_1856.bmp,/content/rl_quantum_2026summer/data/original data/Trajectories/2022-02-04/148_RR220204A_480C_1804.bmp,2,1.0
Trajectories/2022-04-11/313_RR220411A_839C_1856.bmp,313_RR220411A_839C_1856.bmp,Trajectories/2022-02-04/148_RR220204A_480C_1804.bmp,148_RR220204A_480C_1804.bmp,(√13 x √13),1,SY,,2025-12-10T16:55:11.342948,,,,(√13 x √13),Trajectories/2022-02-04/148_RR220204A_480C_1804.bmp || Trajectories/2022-04-11/313_RR220411A_839C_1856.bmp,/content/rl_quantum_2026summer/data/original data/Trajectories/2022-04-11/313_RR220411A_839C_1856.bmp,/content/rl_quantum_2026summer/data/original data/Trajectories/2022-02-04/148_RR220204A_480C_1804.bmp,3,1.0
Trajectories/2022-02-06/037_RR220206A_165C_1722.bmp,037_RR220206A_165C_1722.bmp,Trajectories/2022-04-11/219_RR220411A_865C_1720.bmp,219_RR220411A_865C_1720.bmp,(√13 x √13),2,AJ,,2025-12-26T08:12:16.205371,147.0,209.0,Confident,(√13 x √13),Trajectories/2022-02-06/037_RR220206A_165C_1722.bmp || Trajectories/2022-04-11/219_RR220411A_865C_1720.bmp,/content/rl_quantum_2026summer/data/original data/Trajectories/2022-02-06/037_RR220206A_165C_1722.bmp,/content/rl_quantum_2026summer/data/original data/Trajectories/2022-04-11/219_RR220411A_865C_1720.bmp,3,1.0
Trajectories/2022-02-06/037_RR220206A_165C_1722.bmp,037_RR220206A_165C_1722.bmp,Trajectories/2022-04-11/219_RR220411A_865C_1720.bmp,219_RR220411A_865C_1720.bmp,c(6 x 2),2,AJ,,2025-12-26T08:12:17.241128,147.0,209.0,Confident,c(6 x 2),Trajectories/2022-02-06/037_RR220206A_165C_1722.bmp || Trajectories/2022-04-11/219_RR220411A_865C_1720.bmp,/content/rl_quantum_2026summer/data/original data/Trajectories/2022-02-06/037_RR220206A_165C_1722.bmp,/content/rl_quantum_2026summer/data/original data/Trajectories/2022-04-11/219_RR220411A_865C_1720.bmp,2,1.0
Trajectories/2022-02-06/037_RR220206A_165C_1722.bmp,037_RR220206A_165C_1722.bmp,Trajectories/2022-04-11/219_RR220411A_865C_1720.bmp,219_RR220411A_865C_1720.bmp,Twinned(2 x 1),not_apply,AJ,,2025-12-26T08:12:18.318322,147.0,209.0,Confident,Twinned(2 x 1),Trajectories/2022-02-06/037_RR220206A_165C_1722.bmp || Trajectories/2022-04-11/219_RR220411A_865C_1720.bmp,/content/rl_quantum_2026summer/data/original data/Trajectories/2022-02-06/037_RR220206A_165C_1722.bmp,/content/rl_quantum_2026summer/data/original data/Trajectories/2022-04-11/219_RR220411A_865C_1720.bmp,1,1.0
Trajectories/2022-02-06/037_RR220206A_165C_1722.bmp,037_RR220206A_165C_1722.bmp,Trajectories/2022-04-11/219_RR220411A_865C_1720.bmp,219_RR220411A_865C_1720.bmp,(1 x 1),1,AJ,,2025-12-26T08:12:19.509080,147.0,209.0,Confident,(1 x 1),Trajectories/2022-02-06/037_RR220206A_165C_1722.bmp || Trajectories/2022-04-11/219_RR220411A_865C_1720.bmp,/content/rl_quantum_2026summer/data/original data/Trajectories/2022-02-06/037_RR220206A_165C_1722.bmp,/content/rl_quantum_2026summer/data/original data/Trajectories/2022-04-11/219_RR220411A_865C_1720.bmp,0,1.0
Trajectories/2022-02-06/037_RR220206A_165C_1722.bmp,037_RR220206A_165C_1722.bmp,Trajectories/2022-04-11/219_RR220411A_865C_1720.bmp,219_RR220411A_865C_1720.bmp,HTR,not_apply,AJ,,2025-12-26T08:12:20.521106,147.0,209.0,Confident,HTR,Trajectories/2022-02-06/037_RR220206A_165C_1722.bmp || Trajectories/2022-04-11/219_RR220411A_865C_1720.bmp,/content/rl_quantum_2026summer/data/original data/Trajectories/2022-02-06/037_RR220206A_165C_1722.bmp,/content/rl_quantum_2026summer/data/original data/Trajectories/2022-04-11/219_RR220411A_865C_1720.bmp,4,1.0
Trajectories/2022-02-06/180_RR220206A_1031C_2041.bmp,180_RR220206A_1031C_2041.bmp,Trajectories/2022-04-11/277_RR220411A_936C_1828.bmp,277_RR220411A_936C_1828.bmp,(√13 x √13),2,AJ,,2025-12-12T00:09:09.670203,,,,(√13 x √13),Trajectories/2022-02-06/180_RR220206A_1031C_2041.bmp || Trajectories/2022-04-11/277_RR220411A_936C_1828.bmp,/content/rl_quantum_2026summer/data/original data/Trajectories/2022-02-06/180_RR220206A_1031C_2041.bmp,/content/rl_quantum_2026summer/data/original data/Trajectories/2022-04-11/277_RR220411A_936C_1828.bmp,3,1.0
Trajectories/2022-02-06/180_RR220206A_1031C_2041.bmp,180_RR220206A_1031C_2041.bmp,Trajectories/2022-04-11/277_RR220411A_936C_1828.bmp,277_RR220411A_936C_1828.bmp,HTR,1,AJ,,2025-12-12T00:09:10.571310,,,,HTR,Trajectories/2022-02-06/180_RR220206A_1031C_2041.bmp || Trajectories/2022-04-11/277_RR220411A_936C_1828.bmp,/content/rl_quantum_2026summer/data/original data/Trajectories/2022-02-06/180_RR220206A_1031C_2041.bmp,/content/rl_quantum_2026summer/data/original data/Trajectories/2022-04-11/277_RR220411A_936C_1828.bmp,4,1.0
Trajectories/2022-04-11/332_RR220411A_756C_1911.bmp,332_RR220411A_756C_1911.bmp,Trajectories/2022-04-11/320_RR220411A_824C_1901.bmp,320_RR220411A_824C_1901.bmp,(√13 x √13),tie,AJ,,2025-12-06 01:22:26,,,,(√13 x √13),Trajectories/2022-04-11/320_RR220411A_824C_1901.bmp || Trajectories/2022-04-11/332_RR220411A_756C_1911.bmp,/content/rl_quantum_2026summer/data/original data/Trajectories/2022-04-11/332_RR220411A_756C_1911.bmp,/content/rl_quantum_2026summer/data/original data/Trajectories/2022-04-11/320_RR220411A_824C_1901.bmp,3,1.0
Trajectories/2022-04-11/258_RR220411A_932C_1751.bmp,258_RR220411A_932C_1751.bmp,Trajectories/2022-04-11/246_RR220411A_915C_1741.bmp,246_RR220411A_915C_1741.bmp,(√13 x √13),tie,AJ,,2025-12-06 01:22:11,,,,(√13 x √13),Trajectories/2022-04-11/246_RR220411A_915C_1741.bmp || Trajectories/2022-04-11/258_RR220411A_932C_1751.bmp,/content/rl_quantum_2026summer/data/original data/Trajectories/2022-04-11/258_RR220411A_932C_1751.bmp,/content/rl_quantum_2026summer/data/original data/Trajectories/2022-04-11/246_RR220411A_915C_1741.bmp,3,1.0
Trajectories/2022-04-11/437_RR220411A_345C_2004.bmp,437_RR220411A_345C_2004.bmp,Trajectories/2022-02-04/181_RR220204A_572C_1825.bmp,181_RR220204A_572C_1825.bmp,c(6 x 2),1,HL,,2025-12-15T21:07:11.235892,,,,c(6 x 2),Trajectories/2022-02-04/181_RR220204A_572C_1825.bmp || Trajectories/2022-04-11/437_RR220411A_345C_2004.bmp,/content/rl_quantum_2026summer/data/original data/Trajectories/2022-04-11/437_RR220411A_345C_2004.bmp,/content/rl_quantum_2026summer/data/original data/Trajectories/2022-02-04/181_RR220204A_572C_1825.bmp,2,1.0
Trajectories/2022-04-11/437_RR220411A_345C_2004.bmp,437_RR220411A_345C_2004.bmp,Trajectories/2022-02-04/181_RR220204A_572C_1825.bmp,181_RR220204A_572C_1825.bmp,HTR,not_apply,HL,,2025-12-15T21:07:12.137885,,,,HTR,Trajectories/2022-02-04/181_RR220204A_572C_1825.bmp || Trajectories/2022-04-11/437_RR220411A_345C_2004.bmp,/content/rl_quantum_2026summer/data/original data/Trajectories/2022-04-11/437_RR220411A_345C_2004.bmp,/content/rl_quantum_2026summer/data/original data/Trajectories/2022-02-04/181_RR220204A_572C_1825.bmp,4,1.0
Trajectories/2022-04-11/437_RR220411A_345C_2004.bmp,437_RR220411A_345C_2004.bmp,Trajectories/2022-02-04/181_RR220204A_572C_1825.bmp,181_RR220204A_572C_1825.bmp,(1 x 1),not_apply,HL,,2025-12-15T21:07:13.104534,,,,(1 x 1),Trajectories/2022-02-04/181_RR220204A_572C_1825.bmp || Trajectories/2022-04-11/437_RR220411A_345C_2004.bmp,/content/rl_quantum_2026summer/data/original data/Trajectories/2022-04-11/437_RR220411A_345C_2004.bmp,/content/rl_quantum_2026summer/data/original data/Trajectories/2022-02-04/181_RR220204A_572C_1825.bmp,0,1.0
Trajectories/2022-04-11/437_RR220411A_345C_2004.bmp,437_RR220411A_345C_2004.bmp,Trajectories/2022-02-04/181_RR220204A_572C_1825.bmp,181_RR220204A_572C_1825.bmp,(√13 x √13),1,HL,,2025-12-15T21:07:14.262371,,,,(√13 x √13),Trajectories/2022-02-04/181_RR220204A_572C_1825.bmp || Trajectories/2022-04-11/437_RR220411A_345C_2004.bmp,/content/rl_quantum_2026summer/data/original data/Trajectories/2022-04-11/437_RR220411A_345C_2004.bmp,/content/rl_quantum_2026summer/data/original data/Trajectories/2022-02-04/181_RR220204A_572C_1825.bmp,3,1.0
Trajectories/2022-04-11/437_RR220411A_345C_2004.bmp,437_RR220411A_345C_2004.bmp,Trajectories/2022-02-04/181_RR220204A_572C_1825.bmp,181_RR220204A_572C_1825.bmp,Twinned(2 x 1),2,HL,,2025-12-15T21:07:15.202419,,,,Twinned(2 x 1),Trajectories/2022-02-04/181_RR220204A_572C_1825.bmp || Trajectories/2022-04-11/437_RR220411A_345C_2004.bmp,/content/rl_quantum_2026summer/data/original data/Trajectories/2022-04-11/437_RR220411A_345C_2004.bmp,/content/rl_quantum_2026summer/data/original data/Trajectories/2022-02-04/181_RR220204A_572C_1825.bmp,1,1.0
Trajectories/2022-02-04/385_RR220204A_939C_2340.bmp,385_RR220204A_939C_2340.bmp,Trajectories/2022-02-06/171_RR220206A_1085C_2027.bmp,171_RR220206A_1085C_2027.bmp,HTR,2,AJ,,2025-12-12T00:20:02.531552,,,,HTR,Trajectories/2022-02-04/385_RR220204A_939C_2340.bmp || Trajectories/2022-02-06/171_RR220206A_1085C_2027.bmp,/content/rl_quantum_2026summer/data/original data/Trajectories/2022-02-04/385_RR220204A_939C_2340.bmp,/content/rl_quantum_2026summer/data/original data/Trajectories/2022-02-06/171_RR220206A_1085C_2027.bmp,4,1.0
Trajectories/2022-02-04/385_RR220204A_939C_2340.bmp,385_RR220204A_939C_2340.bmp,Trajectories/2022-02-06/171_RR220206A_1085C_2027.bmp,171_RR220206A_1085C_2027.bmp,(√13 x √13),1,AJ,,2025-12-12T00:20:03.262208,,,,(√13 x √13),Trajectories/2022-02-04/385_RR220204A_939C_2340.bmp || Trajectories/2022-02-06/171_RR220206A_1085C_2027.bmp,/content/rl_quantum_2026summer/data/original data/Trajectories/2022-02-04/385_RR220204A_939C_2340.bmp,/content/rl_quantum_2026summer/data/original data/Trajectories/2022-02-06/171_RR220206A_1085C_2027.bmp,3,1.0
Trajectories/2022-02-04/239_RR220204A_720C_1910.bmp,239_RR220204A_720C_1910.bmp,Trajectories/2022-04-11/154_RR220411A_696C_1624.bmp,154_RR220411A_696C_1624.bmp,(1 x 1),2,AJ,,2025-12-12T00:11:14.363974,,,,(1 x 1),Trajectories/2022-02-04/239_RR220204A_720C_1910.bmp || Trajectories/2022-04-11/154_RR220411A_696C_1624.bmp,/content/rl_quantum_2026summer/data/original data/Trajectories/2022-02-04/239_RR220204A_720C_1910.bmp,/content/rl_quantum_2026summer/data/original data/Trajectories/2022-04-11/154_RR220411A_696C_1624.bmp,0,1.0
Trajectories/2022-02-04/239_RR220204A_720C_1910.bmp,239_RR220204A_720C_1910.bmp,Trajectories/2022-04-11/154_RR220411A_696C_1624.bmp,154_RR220411A_696C_1624.bmp,(√13 x √13),1,AJ,,2025-12-12T00:11:15.187347,,,,(√13 x √13),Trajectories/2022-02-04/239_RR220204A_720C_1910.bmp || Trajectories/2022-04-11/154_RR220411A_696C_1624.bmp,/content/rl_quantum_2026summer/data/original data/Trajectories/2022-02-04/239_RR220204A_720C_1910.bmp,/content/rl_quantum_2026summer/data/original data/Trajectories/2022-04-11/154_RR220411A_696C_1624.bmp,3,1.0
Trajectories/2022-02-06/095_RR220206A_614C_1835.bmp,095_RR220206A_614C_1835.bmp,Trajectories/2022-02-06/195_RR220206A_944C_2101.bmp,195_RR220206A_944C_2101.bmp,c(6 x 2),not_apply,AJ,,2025-12-26T10:21:08.236795,210.0,199.0,Confident,c(6 x 2),Trajectories/2022-02-06/095_RR220206A_614C_1835.bmp || Trajectories/2022-02-06/195_RR220206A_944C_2101.bmp,/content/rl_quantum_2026summer/data/original data/Trajectories/2022-02-06/095_RR220206A_614C_1835.bmp,/content/rl_quantum_2026summer/data/original data/Trajectories/2022-02-06/195_RR220206A_944C_2101.bmp,2,1.0
Trajectories/2022-02-06/095_RR220206A_614C_1835.bmp,095_RR220206A_614C_1835.bmp,Trajectories/2022-02-06/195_RR220206A_944C_2101.bmp,195_RR220206A_944C_2101.bmp,Twinned(2 x 1),not_apply,AJ,,2025-12-26T10:21:14.217541,210.0,199.0,Confident,Twinned(2 x 1),Trajectories/2022-02-06/095_RR220206A_614C_1835.bmp || Trajectories/2022-02-06/195_RR220206A_944C_2101.bmp,/content/rl_quantum_2026summer/data/original data/Trajectories/2022-02-06/095_RR220206A_614C_1835.bmp,/content/rl_quantum_2026summer/data/original data/Trajectories/2022-02-06/195_RR220206A_944C_2101.bmp,1,1.0
Trajectories/2022-02-06/095_RR220206A_614C_1835.bmp,095_RR220206A_614C_1835.bmp,Trajectories/2022-02-06/195_RR220206A_944C_2101.bmp,195_RR220206A_944C_2101.bmp,HTR,2,AJ,,2025-12-26T10:21:21.079234,210.0,199.0,Confident,HTR,Trajectories/2022-02-06/095_RR220206A_614C_1835.bmp || Trajectories/2022-02-06/195_RR220206A_944C_2101.bmp,/content/rl_quantum_2026summer/data/original data/Trajectories/2022-02-06/095_RR220206A_614C_1835.bmp,/content/rl_quantum_2026summer/data/original data/Trajectories/2022-02-06/195_RR220206A_944C_2101.bmp,4,1.0
Trajectories/2022-02-06/095_RR220206A_614C_1835.bmp,095_RR220206A_614C_1835.bmp,Trajectories/2022-02-06/195_RR220206A_944C_2101.bmp,195_RR220206A_944C_2101.bmp,(1 x 1),1,AJ,,2025-12-26T10:21:27.714054,210.0,199.0,Confident,(1 x 1),Trajectories/2022-02-06/095_RR220206A_614C_1835.bmp || Trajectories/2022-02-06/195_RR220206A_944C_2101.bmp,/content/rl_quantum_2026summer/data/original data/Trajectories/2022-02-06/095_RR220206A_614C_1835.bmp,/content/rl_quantum_2026summer/data/original data/Trajectories/2022-02-06/195_RR220206A_944C_2101.bmp,0,1.0
Trajectories/2022-02-06/095_RR220206A_614C_1835.bmp,095_RR220206A_614C_1835.bmp,Trajectories/2022-02-06/195_RR220206A_944C_2101.bmp,195_RR220206A_944C_2101.bmp,(√13 x √13),not_apply,AJ,,2025-12-26T10:21:34.921390,210.0,199.0,Confident,(√13 x √13),Trajectories/2022-02-06/095_RR220206A_614C_1835.bmp || Trajectories/2022-02-06/195_RR220206A_944C_2101.bmp,/content/rl_quantum_2026summer/data/original data/Trajectories/2022-02-06/095_RR220206A_614C_1835.bmp,/content/rl_quantum_2026summer/data/original data/Trajectories/2022-02-06/195_RR220206A_944C_2101.bmp,3,1.0
Trajectories/2022-02-06/213_RR220206A_849C_2121.bmp,213_RR220206A_849C_2121.bmp,Trajectories/2022-04-11/104_RR220411A_501C_1540.bmp,104_RR220411A_501C_1540.bmp,HTR,1,AJ,,2025-12-11T15:20:02.844825,,,,HTR,Trajectories/2022-02-06/213_RR220206A_849C_2121.bmp || Trajectories/2022-04-11/104_RR220411A_501C_1540.bmp,/content/rl_quantum_2026summer/data/original data/Trajectories/2022-02-06/213_RR220206A_849C_2121.bmp,/content/rl_quantum_2026summer/data/original data/Trajectories/2022-04-11/104_RR220411A_501C_1540.bmp,4,1.0
Trajectories/2022-02-06/213_RR220206A_849C_2121.bmp,213_RR220206A_849C_2121.bmp,Trajectories/2022-04-11/104_RR220411A_501C_1540.bmp,104_RR220411A_501C_1540.bmp,(1 x 1),2,AJ,,2025-12-11T15:20:03.635506,,,,(1 x 1),Trajectories/2022-02-06/213_RR220206A_849C_2121.bmp || Trajectories/2022-04-11/104_RR220411A_501C_1540.bmp,/content/rl_quantum_2026summer/data/original data/Trajectories/2022-02-06/213_RR220206A_849C_2121.bmp,/content/rl_quantum_2026summer/data/original data/Trajectories/2022-04-11/104_RR220411A_501C_1540.bmp,0,1.0
Trajectories/2022-02-04/221_RR220204A_666C_1854.bmp,221_RR220204A_666C_1854.bmp,Trajectories/2022-04-11/358_RR220411A_677C_1926.bmp,358_RR220411A_677C_1926.bmp,(√13 x √13),2,HL,,2026-01-02T22:37:17.937343,249.0,291.0,Confident,(√13 x √13),Trajectories/2022-02-04/221_RR220204A_666C_1854.bmp || Trajectories/2022-04-11/358_RR220411A_677C_1926.bmp,/content/rl_quantum_2026summer/data/original data/Trajectories/2022-02-04/221_RR220204A_666C_1854.bmp,/content/rl_quantum_2026summer/data/original data/Trajectories/2022-04-11/358_RR220411A_677C_1926.bmp,3,1.0
Trajectories/2022-02-04/221_RR220204A_666C_1854.bmp,221_RR220204A_666C_1854.bmp,Trajectories/2022-04-11/358_RR220411A_677C_1926.bmp,358_RR220411A_677C_1926.bmp,c(6 x 2),2,HL,,2026-01-02T22:37:19.622291,249.0,291.0,Confident,c(6 x 2),Trajectories/2022-02-04/221_RR220204A_666C_1854.bmp || Trajectories/2022-04-11/358_RR220411A_677C_1926.bmp,/content/rl_quantum_2026summer/data/original data/Trajectories/2022-02-04/221_RR220204A_666C_1854.bmp,/content/rl_quantum_2026summer/data/original data/Trajectories/2022-04-11/358_RR220411A_677C_1926.bmp,2,1.0
Trajectories/2022-02-04/221_RR220204A_666C_1854.bmp,221_RR220204A_666C_1854.bmp,Trajectories/2022-04-11/358_RR220411A_677C_1926.bmp,358_RR220411A_677C_1926.bmp,HTR,not_apply,HL,,2026-01-02T22:37:20.894927,249.0,291.0,Confident,HTR,Trajectories/2022-02-04/221_RR220204A_666C_1854.bmp || Trajectories/2022-04-11/358_RR220411A_677C_1926.bmp,/content/rl_quantum_2026summer/data/original data/Trajectories/2022-02-04/221_RR220204A_666C_1854.bmp,/content/rl_quantum_2026summer/data/original data/Trajectories/2022-04-11/358_RR220411A_677C_1926.bmp,4,1.0
Trajectories/2022-02-04/221_RR220204A_666C_1854.bmp,221_RR220204A_666C_1854.bmp,Trajectories/2022-04-11/358_RR220411A_677C_1926.bmp,358_RR220411A_677C_1926.bmp,Twinned(2 x 1),1,HL,,2026-01-02T22:37:22.173621,249.0,291.0,Confident,Twinned(2 x 1),Trajectories/2022-02-04/221_RR220204A_666C_1854.bmp || Trajectories/2022-04-11/358_RR220411A_677C_1926.bmp,/content/rl_quantum_2026summer/data/original data/Trajectories/2022-02-04/221_RR220204A_666C_1854.bmp,/content/rl_quantum_2026summer/data/original data/Trajectories/2022-04-11/358_RR220411A_677C_1926.bmp,1,1.0
Trajectories/2022-02-04/221_RR220204A_666C_1854.bmp,221_RR220204A_666C_1854.bmp,Trajectories/2022-04-11/358_RR220411A_677C_1926.bmp,358_RR220411A_677C_1926.bmp,(1 x 1),2,HL,,2026-01-02T22:37:23.459411,249.0,291.0,Confident,(1 x 1),Trajectories/2022-02-04/221_RR220204A_666C_1854.bmp || Trajectories/2022-04-11/358_RR220411A_677C_1926.bmp,/content/rl_quantum_2026summer/data/original data/Trajectories/2022-02-04/221_RR220204A_666C_1854.bmp,/content/rl_quantum_2026summer/data/original data/Trajectories/2022-04-11/358_RR220411A_677C_1926.bmp,0,1.0
Trajectories/2022-02-04/221_RR220204A_666C_1854.bmp,221_RR220204A_666C_1854.bmp,Trajectories/2022-02-04/339_RR220204A_938C_2110.bmp,339_RR220204A_938C_2110.bmp,(√13 x √13),tie,AJ,,2025-12-12T00:16:20.231879,,,,(√13 x √13),Trajectories/2022-02-04/221_RR220204A_666C_1854.bmp || Trajectories/2022-02-04/339_RR220204A_938C_2110.bmp,/content/rl_quantum_2026summer/data/original data/Trajectories/2022-02-04/221_RR220204A_666C_1854.bmp,/content/rl_quantum_2026summer/data/original data/Trajectories/2022-02-04/339_RR220204A_938C_2110.bmp,3,1.0
Trajectories/2022-02-04/230_RR220204A_695C_1902.bmp,230_RR220204A_695C_1902.bmp,Trajectories/2022-02-06/074_RR220206A_430C_1809.bmp,074_RR220206A_430C_1809.bmp,HTR,2,AJ,,2025-12-12T00:07:35.130088,,,,HTR,Trajectories/2022-02-04/230_RR220204A_695C_1902.bmp || Trajectories/2022-02-06/074_RR220206A_430C_1809.bmp,/content/rl_quantum_2026summer/data/original data/Trajectories/2022-02-04/230_RR220204A_695C_1902.bmp,/content/rl_quantum_2026summer/data/original data/Trajectories/2022-02-06/074_RR220206A_430C_1809.bmp,4,1.0
Trajectories/2022-02-04/230_RR220204A_695C_1902.bmp,230_RR220204A_695C_1902.bmp,Trajectories/2022-02-06/074_RR220206A_430C_1809.bmp,074_RR220206A_430C_1809.bmp,(√13 x √13),1,AJ,,2025-12-12T00:07:35.915228,,,,(√13 x √13),Trajectories/2022-02-04/230_RR220204A_695C_1902.bmp || Trajectories/2022-02-06/074_RR220206A_430C_1809.bmp,/content/rl_quantum_2026summer/data/original data/Trajectories/2022-02-04/230_RR220204A_695C_1902.bmp,/content/rl_quantum_2026summer/data/original data/Trajectories/2022-02-06/074_RR220206A_430C_1809.bmp,3,1.0
Trajectories/2022-02-06/215_RR220206A_835C_2123.bmp,215_RR220206A_835C_2123.bmp,Trajectories/2022-04-11/140_RR220411A_647C_1612.bmp,140_RR220411A_647C_1612.bmp,HTR,1,AJ,,2025-12-12T00:16:35.915204,,,,HTR,Trajectories/2022-02-06/215_RR220206A_835C_2123.bmp || Trajectories/2022-04-11/140_RR220411A_647C_1612.bmp,/content/rl_quantum_2026summer/data/original data/Trajectories/2022-02-06/215_RR220206A_835C_2123.bmp,/content/rl_quantum_2026summer/data/original data/Trajectories/2022-04-11/140_RR220411A_647C_1612.bmp,4,1.0
Trajectories/2022-02-06/215_RR220206A_835C_2123.bmp,215_RR220206A_835C_2123.bmp,Trajectories/2022-04-11/140_RR220411A_647C_1612.bmp,140_RR220411A_647C_1612.bmp,(1 x 1),2,AJ,,2025-12-12T00:16:36.690209,,,,(1 x 1),Trajectories/2022-02-06/215_RR220206A_835C_2123.bmp || Trajectories/2022-04-11/140_RR220411A_647C_1612.bmp,/content/rl_quantum_2026summer/data/original data/Trajectories/2022-02-06/215_RR220206A_835C_2123.bmp,/content/rl_quantum_2026summer/data/original data/Trajectories/2022-04-11/140_RR220411A_647C_1612.bmp,0,1.0
Trajectories/2022-04-11/208_RR220411A_850C_1713-02.bmp,208_RR220411A_850C_1713-02.bmp,Trajectories/2022-02-04/229_RR220204A_696C_1901-02.bmp,229_RR220204A_696C_1901-02.bmp,(1 x 1),tie,AJ,,2025-12-11T15:22:44.998263,,,,(1 x 1),Trajectories/2022-02-04/229_RR220204A_696C_1901-02.bmp || Trajectories/2022-04-11/208_RR220411A_850C_1713-02.bmp,/content/rl_quantum_2026summer/data/original data/Trajectories/2022-04-11/208_RR220411A_850C_1713-02.bmp,/content/rl_quantum_2026summer/data/original data/Trajectories/2022-02-04/229_RR220204A_696C_1901-02.bmp,0,1.0
Trajectories/2022-02-04/338_RR220204A_940C_2108.bmp,338_RR220204A_940C_2108.bmp,Trajectories/2022-04-11/354_RR220411A_693C_1924.bmp,354_RR220411A_693C_1924.bmp,c(6 x 2),2,Jiangang,,2026-01-05T15:46:27.745309,325.0,202.0,Confident,c(6 x 2),Trajectories/2022-02-04/338_RR220204A_940C_2108.bmp || Trajectories/2022-04-11/354_RR220411A_693C_1924.bmp,/content/rl_quantum_2026summer/data/original data/Trajectories/2022-02-04/338_RR220204A_940C_2108.bmp,/content/rl_quantum_2026summer/data/original data/Trajectories/2022-04-11/354_RR220411A_693C_1924.bmp,2,1.0
Trajectories/2022-02-04/338_RR220204A_940C_2108.bmp,338_RR220204A_940C_2108.bmp,Trajectories/2022-04-11/354_RR220411A_693C_1924.bmp,354_RR220411A_693C_1924.bmp,Twinned(2 x 1),1,Jiangang,,2026-01-05T15:46:29.362949,325.0,202.0,Confident,Twinned(2 x 1),Trajectories/2022-02-04/338_RR220204A_940C_2108.bmp || Trajectories/2022-04-11/354_RR220411A_693C_1924.bmp,/content/rl_quantum_2026summer/data/original data/Trajectories/2022-02-04/338_RR220204A_940C_2108.bmp,/content/rl_quantum_2026summer/data/original data/Trajectories/2022-04-11/354_RR220411A_693C_1924.bmp,1,1.0
Trajectories/2022-02-04/338_RR220204A_940C_2108.bmp,338_RR220204A_940C_2108.bmp,Trajectories/2022-04-11/354_RR220411A_693C_1924.bmp,354_RR220411A_693C_1924.bmp,HTR,not_apply,Jiangang,,2026-01-05T15:46:30.755792,325.0,202.0,Confident,HTR,Trajectories/2022-02-04/338_RR220204A_940C_2108.bmp || Trajectories/2022-04-11/354_RR220411A_693C_1924.bmp,/content/rl_quantum_2026summer/data/original data/Trajectories/2022-02-04/338_RR220204A_940C_2108.bmp,/content/rl_quantum_2026summer/data/original data/Trajectories/2022-04-11/354_RR220411A_693C_1924.bmp,4,1.0
Trajectories/2022-02-04/338_RR220204A_940C_2108.bmp,338_RR220204A_940C_2108.bmp,Trajectories/2022-04-11/354_RR220411A_693C_1924.bmp,354_RR220411A_693C_1924.bmp,(1 x 1),not_apply,Jiangang,,2026-01-05T15:46:31.668455,325.0,202.0,Confident,(1 x 1),Trajectories/2022-02-04/338_RR220204A_940C_2108.bmp || Trajectories/2022-04-11/354_RR220411A_693C_1924.bmp,/content/rl_quantum_2026summer/data/original data/Trajectories/2022-02-04/338_RR220204A_940C_2108.bmp,/content/rl_quantum_2026summer/data/original data/Trajectories/2022-04-11/354_RR220411A_693C_1924.bmp,0,1.0
Trajectories/2022-02-04/338_RR220204A_940C_2108.bmp,338_RR220204A_940C_2108.bmp,Trajectories/2022-04-11/354_RR220411A_693C_1924.bmp,354_RR220411A_693C_1924.bmp,(√13 x √13),tie,Jiangang,,2026-01-05T15:46:32.595069,325.0,202.0,Confident,(√13 x √13),Trajectories/2022-02-04/338_RR220204A_940C_2108.bmp || Trajectories/2022-04-11/354_RR220411A_693C_1924.bmp,/content/rl_quantum_2026summer/data/original data/Trajectories/2022-02-04/338_RR220204A_940C_2108.bmp,/content/rl_quantum_2026summer/data/original data/Trajectories/2022-04-11/354_RR220411A_693C_1924.bmp,3,1.0
Trajectories/2022-04-11/066_RR220411A_416C_1513-01.bmp,066_RR220411A_416C_1513-01.bmp,Trajectories/2022-04-11/292_RR220411A_887C_1841.bmp,292_RR220411A_887C_1841.bmp,(√13 x √13),2,AJ,,2025-12-12T00:18:23.485168,,,,(√13 x √13),Trajectories/2022-04-11/066_RR220411A_416C_1513-01.bmp || Trajectories/2022-04-11/292_RR220411A_887C_1841.bmp,/content/rl_quantum_2026summer/data/original data/Trajectories/2022-04-11/066_RR220411A_416C_1513-01.bmp,/content/rl_quantum_2026summer/data/original data/Trajectories/2022-04-11/292_RR220411A_887C_1841.bmp,3,1.0
Trajectories/2022-04-11/066_RR220411A_416C_1513-01.bmp,066_RR220411A_416C_1513-01.bmp,Trajectories/2022-04-11/292_RR220411A_887C_1841.bmp,292_RR220411A_887C_1841.bmp,(1 x 1),1,AJ,,2025-12-12T00:18:24.201465,,,,(1 x 1),Trajectories/2022-04-11/066_RR220411A_416C_1513-01.bmp || Trajectories/2022-04-11/292_RR220411A_887C_1841.bmp,/content/rl_quantum_2026summer/data/original data/Trajectories/2022-04-11/066_RR220411A_416C_1513-01.bmp,/content/rl_quantum_2026summer/data/original data/Trajectories/2022-04-11/292_RR220411A_887C_1841.bmp,0,1.0
Trajectories/2022-02-04/385_RR220204A_939C_2340.bmp,385_RR220204A_939C_2340.bmp,Trajectories/2022-04-11/237_RR220411A_901C_1735.bmp,237_RR220411A_901C_1735.bmp,Twinned(2 x 1),not_apply,AJ,,2025-12-19T21:12:42.306726,190.0,202.0,Somewhat sure,Twinned(2 x 1),Trajectories/2022-02-04/385_RR220204A_939C_2340.bmp || Trajectories/2022-04-11/237_RR220411A_901C_1735.bmp,/content/rl_quantum_2026summer/data/original data/Trajectories/2022-02-04/385_RR220204A_939C_2340.bmp,/content/rl_quantum_2026summer/data/original data/Trajectories/2022-04-11/237_RR220411A_901C_1735.bmp,1,0.7
Trajectories/2022-02-04/385_RR220204A_939C_2340.bmp,385_RR220204A_939C_2340.bmp,Trajectories/2022-04-11/237_RR220411A_901C_1735.bmp,237_RR220411A_901C_1735.bmp,c(6 x 2),tie,AJ,,2025-12-19T21:12:43.432225,190.0,202.0,Somewhat sure,c(6 x 2),Trajectories/2022-02-04/385_RR220204A_939C_2340.bmp || Trajectories/2022-04-11/237_RR220411A_901C_1735.bmp,/content/rl_quantum_2026summer/data/original data/Trajectories/2022-02-04/385_RR220204A_939C_2340.bmp,/content/rl_quantum_2026summer/data/original data/Trajectories/2022-04-11/237_RR220411A_901C_1735.bmp,2,0.7
Trajectories/2022-02-04/385_RR220204A_939C_2340.bmp,385_RR220204A_939C_2340.bmp,Trajectories/2022-04-11/237_RR220411A_901C_1735.bmp,237_RR220411A_901C_1735.bmp,(1 x 1),not_apply,AJ,,2025-12-19T21:12:44.323391,190.0,202.0,Somewhat sure,(1 x 1),Trajectories/2022-02-04/385_RR220204A_939C_2340.bmp || Trajectories/2022-04-11/237_RR220411A_901C_1735.bmp,/content/rl_quantum_2026summer/data/original data/Trajectories/2022-02-04/385_RR220204A_939C_2340.bmp,/content/rl_quantum_2026summer/data/original data/Trajectories/2022-04-11/237_RR220411A_901C_1735.bmp,0,0.7
Trajectories/2022-02-04/385_RR220204A_939C_2340.bmp,385_RR220204A_939C_2340.bmp,Trajectories/2022-04-11/237_RR220411A_901C_1735.bmp,237_RR220411A_901C_1735.bmp,HTR,not_apply,AJ,,2025-12-19T21:12:45.359198,190.0,202.0,Somewhat sure,HTR,Trajectories/2022-02-04/385_RR220204A_939C_2340.bmp || Trajectories/2022-04-11/237_RR220411A_901C_1735.bmp,/content/rl_quantum_2026summer/data/original data/Trajectories/2022-02-04/385_RR220204A_939C_2340.bmp,/content/rl_quantum_2026summer/data/original data/Trajectories/2022-04-11/237_RR220411A_901C_1735.bmp,4,0.7
Trajectories/2022-02-04/385_RR220204A_939C_2340.bmp,385_RR220204A_939C_2340.bmp,Trajectories/2022-04-11/237_RR220411A_901C_1735.bmp,237_RR220411A_901C_1735.bmp,(√13 x √13),tie,AJ,,2025-12-19T21:12:46.700536,190.0,202.0,Somewhat sure,(√13 x √13),Trajectories/2022-02-04/385_RR220204A_939C_2340.bmp || Trajectories/2022-04-11/237_RR220411A_901C_1735.bmp,/content/rl_quantum_2026summer/data/original data/Trajectories/2022-02-04/385_RR220204A_939C_2340.bmp,/content/rl_quantum_2026summer/data/original data/Trajectories/2022-04-11/237_RR220411A_901C_1735.bmp,3,0.7
Trajectories/2022-04-11/113_RR220411A_539C_1548.bmp,113_RR220411A_539C_1548.bmp,Trajectories/2022-02-04/188_RR220204A_579C_1829.bmp,188_RR220204A_579C_1829.bmp,c(6 x 2),not_apply,SY,,2025-12-10T17:01:03.728361,,,,c(6 x 2),Trajectories/2022-02-04/188_RR220204A_579C_1829.bmp || Trajectories/2022-04-11/113_RR220411A_539C_1548.bmp,/content/rl_quantum_2026summer/data/original data/Trajectories/2022-04-11/113_RR220411A_539C_1548.bmp,/content/rl_quantum_2026summer/data/original data/Trajectories/2022-02-04/188_RR220204A_579C_1829.bmp,2,1.0
Trajectories/2022-04-11/113_RR220411A_539C_1548.bmp,113_RR220411A_539C_1548.bmp,Trajectories/2022-02-04/188_RR220204A_579C_1829.bmp,188_RR220204A_579C_1829.bmp,(1 x 1),tie,SY,,2025-12-10T17:01:04.465418,,,,(1 x 1),Trajectories/2022-02-04/188_RR220204A_579C_1829.bmp || Trajectories/2022-04-11/113_RR220411A_539C_1548.bmp,/content/rl_quantum_2026summer/data/original data/Trajectories/2022-04-11/113_RR220411A_539C_1548.bmp,/content/rl_quantum_2026summer/data/original data/Trajectories/2022-02-04/188_RR220204A_579C_1829.bmp,0,1.0
Trajectories/2022-04-11/113_RR220411A_539C_1548.bmp,113_RR220411A_539C_1548.bmp,Trajectories/2022-02-04/188_RR220204A_579C_1829.bmp,188_RR220204A_579C_1829.bmp,HTR,not_apply,SY,,2025-12-10T17:01:05.120488,,,,HTR,Trajectories/2022-02-04/188_RR220204A_579C_1829.bmp || Trajectories/2022-04-11/113_RR220411A_539C_1548.bmp,/content/rl_quantum_2026summer/data/original data/Trajectories/2022-04-11/113_RR220411A_539C_1548.bmp,/content/rl_quantum_2026summer/data/original data/Trajectories/2022-02-04/188_RR220204A_579C_1829.bmp,4,1.0
Trajectories/2022-04-11/113_RR220411A_539C_1548.bmp,113_RR220411A_539C_1548.bmp,Trajectories/2022-02-04/188_RR220204A_579C_1829.bmp,188_RR220204A_579C_1829.bmp,Twinned(2 x 1),2,SY,,2025-12-10T17:01:05.862160,,,,Twinned(2 x 1),Trajectories/2022-02-04/188_RR220204A_579C_1829.bmp || Trajectories/2022-04-11/113_RR220411A_539C_1548.bmp,/content/rl_quantum_2026summer/data/original data/Trajectories/2022-04-11/113_RR220411A_539C_1548.bmp,/content/rl_quantum_2026summer/data/original data/Trajectories/2022-02-04/188_RR220204A_579C_1829.bmp,1,1.0
Trajectories/2022-04-11/113_RR220411A_539C_1548.bmp,113_RR220411A_539C_1548.bmp,Trajectories/2022-02-04/188_RR220204A_579C_1829.bmp,188_RR220204A_579C_1829.bmp,(√13 x √13),2,SY,,2025-12-10T17:01:06.551693,,,,(√13 x √13),Trajectories/2022-02-04/188_RR220204A_579C_1829.bmp || Trajectories/2022-04-11/113_RR220411A_539C_1548.bmp,/content/rl_quantum_2026summer/data/original data/Trajectories/2022-04-11/113_RR220411A_539C_1548.bmp,/content/rl_quantum_2026summer/data/original data/Trajectories/2022-02-04/188_RR220204A_579C_1829.bmp,3,1.0
Trajectories/2022-04-11/183_RR220411A_794C_1655.bmp,183_RR220411A_794C_1655.bmp,Trajectories/2022-02-04/048_RR220204A_245C_0201.bmp,048_RR220204A_245C_0201.bmp,(√13 x √13),2,SY,,2025-12-10T16:56:27.896724,,,,(√13 x √13),Trajectories/2022-02-04/048_RR220204A_245C_0201.bmp || Trajectories/2022-04-11/183_RR220411A_794C_1655.bmp,/content/rl_quantum_2026summer/data/original data/Trajectories/2022-04-11/183_RR220411A_794C_1655.bmp,/content/rl_quantum_2026summer/data/original data/Trajectories/2022-02-04/048_RR220204A_245C_0201.bmp,3,1.0
Trajectories/2022-04-11/183_RR220411A_794C_1655.bmp,183_RR220411A_794C_1655.bmp,Trajectories/2022-02-04/048_RR220204A_245C_0201.bmp,048_RR220204A_245C_0201.bmp,c(6 x 2),not_apply,SY,,2025-12-10T16:56:28.616269,,,,c(6 x 2),Trajectories/2022-02-04/048_RR220204A_245C_0201.bmp || Trajectories/2022-04-11/183_RR220411A_794C_1655.bmp,/content/rl_quantum_2026summer/data/original data/Trajectories/2022-04-11/183_RR220411A_794C_1655.bmp,/content/rl_quantum_2026summer/data/original data/Trajectories/2022-02-04/048_RR220204A_245C_0201.bmp,2,1.0
Trajectories/2022-04-11/183_RR220411A_794C_1655.bmp,183_RR220411A_794C_1655.bmp,Trajectories/2022-02-04/048_RR220204A_245C_0201.bmp,048_RR220204A_245C_0201.bmp,(1 x 1),2,SY,,2025-12-10T16:56:29.359621,,,,(1 x 1),Trajectories/2022-02-04/048_RR220204A_245C_0201.bmp || Trajectories/2022-04-11/183_RR220411A_794C_1655.bmp,/content/rl_quantum_2026summer/data/original data/Trajectories/2022-04-11/183_RR220411A_794C_1655.bmp,/content/rl_quantum_2026summer/data/original data/Trajectories/2022-02-04/048_RR220204A_245C_0201.bmp,0,1.0
Trajectories/2022-04-11/183_RR220411A_794C_1655.bmp,183_RR220411A_794C_1655.bmp,Trajectories/2022-02-04/048_RR220204A_245C_0201.bmp,048_RR220204A_245C_0201.bmp,HTR,not_apply,SY,,2025-12-10T16:56:30.137612,,,,HTR,Trajectories/2022-02-04/048_RR220204A_245C_0201.bmp || Trajectories/2022-04-11/183_RR220411A_794C_1655.bmp,/content/rl_quantum_2026summer/data/original data/Trajectories/2022-04-11/183_RR220411A_794C_1655.bmp,/content/rl_quantum_2026summer/data/original data/Trajectories/2022-02-04/048_RR220204A_245C_0201.bmp,4,1.0
Trajectories/2022-04-11/183_RR220411A_794C_1655.bmp,183_RR220411A_794C_1655.bmp,Trajectories/2022-02-04/048_RR220204A_245C_0201.bmp,048_RR220204A_245C_0201.bmp,Twinned(2 x 1),2,SY,,2025-12-10T16:56:31.277603,,,,Twinned(2 x 1),Trajectories/2022-02-04/048_RR220204A_245C_0201.bmp || Trajectories/2022-04-11/183_RR220411A_794C_1655.bmp,/content/rl_quantum_2026summer/data/original data/Trajectories/2022-04-11/183_RR220411A_794C_1655.bmp,/content/rl_quantum_2026summer/data/original data/Trajectories/2022-02-04/048_RR220204A_245C_0201.bmp,1,1.0
Trajectories/2022-04-11/370_RR220411A_640C_1934.bmp,370_RR220411A_640C_1934.bmp,Trajectories/2022-02-06/036_RR220206A_165C_1721.bmp,036_RR220206A_165C_1721.bmp,c(6 x 2),1,HL,,2025-12-15T21:29:38.721946,,,,c(6 x 2),Trajectories/2022-02-06/036_RR220206A_165C_1721.bmp || Trajectories/2022-04-11/370_RR220411A_640C_1934.bmp,/content/rl_quantum_2026summer/data/original data/Trajectories/2022-04-11/370_RR220411A_640C_1934.bmp,/content/rl_quantum_2026summer/data/original data/Trajectories/2022-02-06/036_RR220206A_165C_1721.bmp,2,1.0
Trajectories/2022-04-11/370_RR220411A_640C_1934.bmp,370_RR220411A_640C_1934.bmp,Trajectories/2022-02-06/036_RR220206A_165C_1721.bmp,036_RR220206A_165C_1721.bmp,Twinned(2 x 1),not_apply,HL,,2025-12-15T21:29:39.496119,,,,Twinned(2 x 1),Trajectories/2022-02-06/036_RR220206A_165C_1721.bmp || Trajectories/2022-04-11/370_RR220411A_640C_1934.bmp,/content/rl_quantum_2026summer/data/original data/Trajectories/2022-04-11/370_RR220411A_640C_1934.bmp,/content/rl_quantum_2026summer/data/original data/Trajectories/2022-02-06/036_RR220206A_165C_1721.bmp,1,1.0
Trajectories/2022-04-11/370_RR220411A_640C_1934.bmp,370_RR220411A_640C_1934.bmp,Trajectories/2022-02-06/036_RR220206A_165C_1721.bmp,036_RR220206A_165C_1721.bmp,(1 x 1),2,HL,,2025-12-15T21:29:40.356698,,,,(1 x 1),Trajectories/2022-02-06/036_RR220206A_165C_1721.bmp || Trajectories/2022-04-11/370_RR220411A_640C_1934.bmp,/content/rl_quantum_2026summer/data/original data/Trajectories/2022-04-11/370_RR220411A_640C_1934.bmp,/content/rl_quantum_2026summer/data/original data/Trajectories/2022-02-06/036_RR220206A_165C_1721.bmp,0,1.0
Trajectories/2022-04-11/370_RR220411A_640C_1934.bmp,370_RR220411A_640C_1934.bmp,Trajectories/2022-02-06/036_RR220206A_165C_1721.bmp,036_RR220206A_165C_1721.bmp,HTR,not_apply,HL,,2025-12-15T21:29:59.675290,,,,HTR,Trajectories/2022-02-06/036_RR220206A_165C_1721.bmp || Trajectories/2022-04-11/370_RR220411A_640C_1934.bmp,/content/rl_quantum_2026summer/data/original data/Trajectories/2022-04-11/370_RR220411A_640C_1934.bmp,/content/rl_quantum_2026summer/data/original data/Trajectories/2022-02-06/036_RR220206A_165C_1721.bmp,4,1.0
Trajectories/2022-04-11/370_RR220411A_640C_1934.bmp,370_RR220411A_640C_1934.bmp,Trajectories/2022-02-06/036_RR220206A_165C_1721.bmp,036_RR220206A_165C_1721.bmp,(√13 x √13),1,HL,,2025-12-15T21:30:01.222676,,,,(√13 x √13),Trajectories/2022-02-06/036_RR220206A_165C_1721.bmp || Trajectories/2022-04-11/370_RR220411A_640C_1934.bmp,/content/rl_quantum_2026summer/data/original data/Trajectories/2022-04-11/370_RR220411A_640C_1934.bmp,/content/rl_quantum_2026summer/data/original data/Trajectories/2022-02-06/036_RR220206A_165C_1721.bmp,3,1.0
Trajectories/2022-04-11/439_RR220411A_330C_2005.bmp,439_RR220411A_330C_2005.bmp,Trajectories/2022-02-04/003_RR220204A_932C_0017.bmp,003_RR220204A_932C_0017.bmp,c(6 x 2),1,HL,,2026-01-06T21:40:19.381737,258.0,257.0,Confident,c(6 x 2),Trajectories/2022-02-04/003_RR220204A_932C_0017.bmp || Trajectories/2022-04-11/439_RR220411A_330C_2005.bmp,/content/rl_quantum_2026summer/data/original data/Trajectories/2022-04-11/439_RR220411A_330C_2005.bmp,/content/rl_quantum_2026summer/data/original data/Trajectories/2022-02-04/003_RR220204A_932C_0017.bmp,2,1.0
Trajectories/2022-04-11/439_RR220411A_330C_2005.bmp,439_RR220411A_330C_2005.bmp,Trajectories/2022-02-04/003_RR220204A_932C_0017.bmp,003_RR220204A_932C_0017.bmp,(√13 x √13),1,HL,,2026-01-06T21:40:20.591934,258.0,257.0,Confident,(√13 x √13),Trajectories/2022-02-04/003_RR220204A_932C_0017.bmp || Trajectories/2022-04-11/439_RR220411A_330C_2005.bmp,/content/rl_quantum_2026summer/data/original data/Trajectories/2022-04-11/439_RR220411A_330C_2005.bmp,/content/rl_quantum_2026summer/data/original data/Trajectories/2022-02-04/003_RR220204A_932C_0017.bmp,3,1.0
Trajectories/2022-04-11/439_RR220411A_330C_2005.bmp,439_RR220411A_330C_2005.bmp,Trajectories/2022-02-04/003_RR220204A_932C_0017.bmp,003_RR220204A_932C_0017.bmp,Twinned(2 x 1),2,HL,,2026-01-06T21:40:21.488602,258.0,257.0,Confident,Twinned(2 x 1),Trajectories/2022-02-04/003_RR220204A_932C_0017.bmp || Trajectories/2022-04-11/439_RR220411A_330C_2005.bmp,/content/rl_quantum_2026summer/data/original data/Trajectories/2022-04-11/439_RR220411A_330C_2005.bmp,/content/rl_quantum_2026summer/data/original data/Trajectories/2022-02-04/003_RR220204A_932C_0017.bmp,1,1.0
Trajectories/2022-04-11/439_RR220411A_330C_2005.bmp,439_RR220411A_330C_2005.bmp,Trajectories/2022-02-04/003_RR220204A_932C_0017.bmp,003_RR220204A_932C_0017.bmp,HTR,not_apply,HL,,2026-01-06T21:40:22.350885,258.0,257.0,Confident,HTR,Trajectories/2022-02-04/003_RR220204A_932C_0017.bmp || Trajectories/2022-04-11/439_RR220411A_330C_2005.bmp,/content/rl_quantum_2026summer/data/original data/Trajectories/2022-04-11/439_RR220411A_330C_2005.bmp,/content/rl_quantum_2026summer/data/original data/Trajectories/2022-02-04/003_RR220204A_932C_0017.bmp,4,1.0
Trajectories/2022-04-11/439_RR220411A_330C_2005.bmp,439_RR220411A_330C_2005.bmp,Trajectories/2022-02-04/003_RR220204A_932C_0017.bmp,003_RR220204A_932C_0017.bmp,(1 x 1),2,HL,,2026-01-06T21:40:23.086599,258.0,257.0,Confident,(1 x 1),Trajectories/2022-02-04/003_RR220204A_932C_0017.bmp || Trajectories/2022-04-11/439_RR220411A_330C_2005.bmp,/content/rl_quantum_2026summer/data/original data/Trajectories/2022-04-11/439_RR220411A_330C_2005.bmp,/content/rl_quantum_2026summer/data/original data/Trajectories/2022-02-04/003_RR220204A_932C_0017.bmp,0,1.0
Trajectories/2022-02-06/125_RR220206A_887C_1925.bmp,125_RR220206A_887C_1925.bmp,Trajectories/2022-04-11/226_RR220411A_873C_1725.bmp,226_RR220411A_873C_1725.bmp,(1 x 1),not_apply,HL,,2025-12-15T21:28:25.243130,,,,(1 x 1),Trajectories/2022-02-06/125_RR220206A_887C_1925.bmp || Trajectories/2022-04-11/226_RR220411A_873C_1725.bmp,/content/rl_quantum_2026summer/data/original data/Trajectories/2022-02-06/125_RR220206A_887C_1925.bmp,/content/rl_quantum_2026summer/data/original data/Trajectories/2022-04-11/226_RR220411A_873C_1725.bmp,0,1.0
Trajectories/2022-02-06/125_RR220206A_887C_1925.bmp,125_RR220206A_887C_1925.bmp,Trajectories/2022-04-11/226_RR220411A_873C_1725.bmp,226_RR220411A_873C_1725.bmp,Twinned(2 x 1),not_apply,HL,,2025-12-15T21:28:26.024255,,,,Twinned(2 x 1),Trajectories/2022-02-06/125_RR220206A_887C_1925.bmp || Trajectories/2022-04-11/226_RR220411A_873C_1725.bmp,/content/rl_quantum_2026summer/data/original data/Trajectories/2022-02-06/125_RR220206A_887C_1925.bmp,/content/rl_quantum_2026summer/data/original data/Trajectories/2022-04-11/226_RR220411A_873C_1725.bmp,1,1.0
Trajectories/2022-02-06/125_RR220206A_887C_1925.bmp,125_RR220206A_887C_1925.bmp,Trajectories/2022-04-11/226_RR220411A_873C_1725.bmp,226_RR220411A_873C_1725.bmp,(√13 x √13),tie,HL,,2025-12-15T21:28:26.785881,,,,(√13 x √13),Trajectories/2022-02-06/125_RR220206A_887C_1925.bmp || Trajectories/2022-04-11/226_RR220411A_873C_1725.bmp,/content/rl_quantum_2026summer/data/original data/Trajectories/2022-02-06/125_RR220206A_887C_1925.bmp,/content/rl_quantum_2026summer/data/original data/Trajectories/2022-04-11/226_RR220411A_873C_1725.bmp,3,1.0
Trajectories/2022-02-06/125_RR220206A_887C_1925.bmp,125_RR220206A_887C_1925.bmp,Trajectories/2022-04-11/226_RR220411A_873C_1725.bmp,226_RR220411A_873C_1725.bmp,HTR,not_apply,HL,,2025-12-15T21:28:27.664727,,,,HTR,Trajectories/2022-02-06/125_RR220206A_887C_1925.bmp || Trajectories/2022-04-11/226_RR220411A_873C_1725.bmp,/content/rl_quantum_2026summer/data/original data/Trajectories/2022-02-06/125_RR220206A_887C_1925.bmp,/content/rl_quantum_2026summer/data/original data/Trajectories/2022-04-11/226_RR220411A_873C_1725.bmp,4,1.0
Trajectories/2022-02-06/125_RR220206A_887C_1925.bmp,125_RR220206A_887C_1925.bmp,Trajectories/2022-04-11/226_RR220411A_873C_1725.bmp,226_RR220411A_873C_1725.bmp,c(6 x 2),2,HL,,2025-12-15T21:28:28.544500,,,,c(6 x 2),Trajectories/2022-02-06/125_RR220206A_887C_1925.bmp || Trajectories/2022-04-11/226_RR220411A_873C_1725.bmp,/content/rl_quantum_2026summer/data/original data/Trajectories/2022-02-06/125_RR220206A_887C_1925.bmp,/content/rl_quantum_2026summer/data/original data/Trajectories/2022-04-11/226_RR220411A_873C_1725.bmp,2,1.0
Trajectories/2022-02-04/093_RR220204A_397C_1722.bmp,093_RR220204A_397C_1722.bmp,Trajectories/2022-04-11/367_RR220411A_648C_1932.bmp,367_RR220411A_648C_1932.bmp,(1 x 1),1,AJ,,2025-12-11T15:15:49.686976,,,,(1 x 1),Trajectories/2022-02-04/093_RR220204A_397C_1722.bmp || Trajectories/2022-04-11/367_RR220411A_648C_1932.bmp,/content/rl_quantum_2026summer/data/original data/Trajectories/2022-02-04/093_RR220204A_397C_1722.bmp,/content/rl_quantum_2026summer/data/original data/Trajectories/2022-04-11/367_RR220411A_648C_1932.bmp,0,1.0
Trajectories/2022-02-04/093_RR220204A_397C_1722.bmp,093_RR220204A_397C_1722.bmp,Trajectories/2022-04-11/367_RR220411A_648C_1932.bmp,367_RR220411A_648C_1932.bmp,(√13 x √13),2,AJ,,2025-12-11T15:15:50.551998,,,,(√13 x √13),Trajectories/2022-02-04/093_RR220204A_397C_1722.bmp || Trajectories/2022-04-11/367_RR220411A_648C_1932.bmp,/content/rl_quantum_2026summer/data/original data/Trajectories/2022-02-04/093_RR220204A_397C_1722.bmp,/content/rl_quantum_2026summer/data/original data/Trajectories/2022-04-11/367_RR220411A_648C_1932.bmp,3,1.0
Trajectories/2022-04-11/387_RR220411A_578C_1943.bmp,387_RR220411A_578C_1943.bmp,Trajectories/2022-04-11/076_RR220411A_442C_1520.bmp,076_RR220411A_442C_1520.bmp,Twinned(2 x 1),not_apply,SY,,2025-12-10T17:01:38.885310,,,,Twinned(2 x 1),Trajectories/2022-04-11/076_RR220411A_442C_1520.bmp || Trajectories/2022-04-11/387_RR220411A_578C_1943.bmp,/content/rl_quantum_2026summer/data/original data/Trajectories/2022-04-11/387_RR220411A_578C_1943.bmp,/content/rl_quantum_2026summer/data/original data/Trajectories/2022-04-11/076_RR220411A_442C_1520.bmp,1,1.0
Trajectories/2022-04-11/387_RR220411A_578C_1943.bmp,387_RR220411A_578C_1943.bmp,Trajectories/2022-04-11/076_RR220411A_442C_1520.bmp,076_RR220411A_442C_1520.bmp,c(6 x 2),1,SY,,2025-12-10T17:01:39.593567,,,,c(6 x 2),Trajectories/2022-04-11/076_RR220411A_442C_1520.bmp || Trajectories/2022-04-11/387_RR220411A_578C_1943.bmp,/content/rl_quantum_2026summer/data/original data/Trajectories/2022-04-11/387_RR220411A_578C_1943.bmp,/content/rl_quantum_2026summer/data/original data/Trajectories/2022-04-11/076_RR220411A_442C_1520.bmp,2,1.0
Trajectories/2022-04-11/387_RR220411A_578C_1943.bmp,387_RR220411A_578C_1943.bmp,Trajectories/2022-04-11/076_RR220411A_442C_1520.bmp,076_RR220411A_442C_1520.bmp,(√13 x √13),1,SY,,2025-12-10T17:01:40.254501,,,,(√13 x √13),Trajectories/2022-04-11/076_RR220411A_442C_1520.bmp || Trajectories/2022-04-11/387_RR220411A_578C_1943.bmp,/content/rl_quantum_2026summer/data/original data/Trajectories/2022-04-11/387_RR220411A_578C_1943.bmp,/content/rl_quantum_2026summer/data/original data/Trajectories/2022-04-11/076_RR220411A_442C_1520.bmp,3,1.0
Trajectories/2022-04-11/387_RR220411A_578C_1943.bmp,387_RR220411A_578C_1943.bmp,Trajectories/2022-04-11/076_RR220411A_442C_1520.bmp,076_RR220411A_442C_1520.bmp,HTR,not_apply,SY,,2025-12-10T17:01:40.972197,,,,HTR,Trajectories/2022-04-11/076_RR220411A_442C_1520.bmp || Trajectories/2022-04-11/387_RR220411A_578C_1943.bmp,/content/rl_quantum_2026summer/data/original data/Trajectories/2022-04-11/387_RR220411A_578C_1943.bmp,/content/rl_quantum_2026summer/data/original data/Trajectories/2022-04-11/076_RR220411A_442C_1520.bmp,4,1.0
Trajectories/2022-04-11/387_RR220411A_578C_1943.bmp,387_RR220411A_578C_1943.bmp,Trajectories/2022-04-11/076_RR220411A_442C_1520.bmp,076_RR220411A_442C_1520.bmp,(1 x 1),tie,SY,,2025-12-10T17:01:41.638551,,,,(1 x 1),Trajectories/2022-04-11/076_RR220411A_442C_1520.bmp || Trajectories/2022-04-11/387_RR220411A_578C_1943.bmp,/content/rl_quantum_2026summer/data/original data/Trajectories/2022-04-11/387_RR220411A_578C_1943.bmp,/content/rl_quantum_2026summer/data/original data/Trajectories/2022-04-11/076_RR220411A_442C_1520.bmp,0,1.0
Trajectories/2022-04-11/227_RR220411A_877C_1726.bmp,227_RR220411A_877C_1726.bmp,Trajectories/2022-04-11/323_RR220411A_816C_1903.bmp,323_RR220411A_816C_1903.bmp,(1 x 1),tie,SY,,2025-12-10T16:53:04.584675,,,,(1 x 1),Trajectories/2022-04-11/227_RR220411A_877C_1726.bmp || Trajectories/2022-04-11/323_RR220411A_816C_1903.bmp,/content/rl_quantum_2026summer/data/original data/Trajectories/2022-04-11/227_RR220411A_877C_1726.bmp,/content/rl_quantum_2026summer/data/original data/Trajectories/2022-04-11/323_RR220411A_816C_1903.bmp,0,1.0
Trajectories/2022-04-11/227_RR220411A_877C_1726.bmp,227_RR220411A_877C_1726.bmp,Trajectories/2022-04-11/323_RR220411A_816C_1903.bmp,323_RR220411A_816C_1903.bmp,Twinned(2 x 1),not_apply,SY,,2025-12-10T16:53:05.371791,,,,Twinned(2 x 1),Trajectories/2022-04-11/227_RR220411A_877C_1726.bmp || Trajectories/2022-04-11/323_RR220411A_816C_1903.bmp,/content/rl_quantum_2026summer/data/original data/Trajectories/2022-04-11/227_RR220411A_877C_1726.bmp,/content/rl_quantum_2026summer/data/original data/Trajectories/2022-04-11/323_RR220411A_816C_1903.bmp,1,1.0
Trajectories/2022-04-11/227_RR220411A_877C_1726.bmp,227_RR220411A_877C_1726.bmp,Trajectories/2022-04-11/323_RR220411A_816C_1903.bmp,323_RR220411A_816C_1903.bmp,HTR,not_apply,SY,,2025-12-10T16:53:06.064212,,,,HTR,Trajectories/2022-04-11/227_RR220411A_877C_1726.bmp || Trajectories/2022-04-11/323_RR220411A_816C_1903.bmp,/content/rl_quantum_2026summer/data/original data/Trajectories/2022-04-11/227_RR220411A_877C_1726.bmp,/content/rl_quantum_2026summer/data/original data/Trajectories/2022-04-11/323_RR220411A_816C_1903.bmp,4,1.0
Trajectories/2022-04-11/227_RR220411A_877C_1726.bmp,227_RR220411A_877C_1726.bmp,Trajectories/2022-04-11/323_RR220411A_816C_1903.bmp,323_RR220411A_816C_1903.bmp,c(6 x 2),1,SY,,2025-12-10T16:53:06.771231,,,,c(6 x 2),Trajectories/2022-04-11/227_RR220411A_877C_1726.bmp || Trajectories/2022-04-11/323_RR220411A_816C_1903.bmp,/content/rl_quantum_2026summer/data/original data/Trajectories/2022-04-11/227_RR220411A_877C_1726.bmp,/content/rl_quantum_2026summer/data/original data/Trajectories/2022-04-11/323_RR220411A_816C_1903.bmp,2,1.0
Trajectories/2022-04-11/227_RR220411A_877C_1726.bmp,227_RR220411A_877C_1726.bmp,Trajectories/2022-04-11/323_RR220411A_816C_1903.bmp,323_RR220411A_816C_1903.bmp,(√13 x √13),2,SY,,2025-12-10T16:53:07.436978,,,,(√13 x √13),Trajectories/2022-04-11/227_RR220411A_877C_1726.bmp || Trajectories/2022-04-11/323_RR220411A_816C_1903.bmp,/content/rl_quantum_2026summer/data/original data/Trajectories/2022-04-11/227_RR220411A_877C_1726.bmp,/content/rl_quantum_2026summer/data/original data/Trajectories/2022-04-11/323_RR220411A_816C_1903.bmp,3,1.0
Trajectories/2022-02-04/133_RR220204A_467C_1754-01.bmp,133_RR220204A_467C_1754-01.bmp,Trajectories/2022-02-04/020_RR220204A_981C_0126-02.bmp,020_RR220204A_981C_0126-02.bmp,(1 x 1),2,AJ,,2025-12-11T15:22:36.381750,,,,(1 x 1),Trajectories/2022-02-04/020_RR220204A_981C_0126-02.bmp || Trajectories/2022-02-04/133_RR220204A_467C_1754-01.bmp,/content/rl_quantum_2026summer/data/original data/Trajectories/2022-02-04/133_RR220204A_467C_1754-01.bmp,/content/rl_quantum_2026summer/data/original data/Trajectories/2022-02-04/020_RR220204A_981C_0126-02.bmp,0,1.0
Trajectories/2022-02-04/133_RR220204A_467C_1754-01.bmp,133_RR220204A_467C_1754-01.bmp,Trajectories/2022-02-04/020_RR220204A_981C_0126-02.bmp,020_RR220204A_981C_0126-02.bmp,c(6 x 2),1,AJ,,2025-12-11T15:22:37.139293,,,,c(6 x 2),Trajectories/2022-02-04/020_RR220204A_981C_0126-02.bmp || Trajectories/2022-02-04/133_RR220204A_467C_1754-01.bmp,/content/rl_quantum_2026summer/data/original data/Trajectories/2022-02-04/133_RR220204A_467C_1754-01.bmp,/content/rl_quantum_2026summer/data/original data/Trajectories/2022-02-04/020_RR220204A_981C_0126-02.bmp,2,1.0
Trajectories/2022-02-04/128_RR220204A_459C_1753.bmp,128_RR220204A_459C_1753.bmp,Trajectories/2022-02-04/380_RR220204A_937C_2323.bmp,380_RR220204A_937C_2323.bmp,c(6 x 2),tie,AJ,,2025-12-26T10:52:55.360590,144.0,187.0,Confident,c(6 x 2),Trajectories/2022-02-04/128_RR220204A_459C_1753.bmp || Trajectories/2022-02-04/380_RR220204A_937C_2323.bmp,/content/rl_quantum_2026summer/data/original data/Trajectories/2022-02-04/128_RR220204A_459C_1753.bmp,/content/rl_quantum_2026summer/data/original data/Trajectories/2022-02-04/380_RR220204A_937C_2323.bmp,2,1.0
Trajectories/2022-02-04/128_RR220204A_459C_1753.bmp,128_RR220204A_459C_1753.bmp,Trajectories/2022-02-04/380_RR220204A_937C_2323.bmp,380_RR220204A_937C_2323.bmp,(√13 x √13),tie,AJ,,2025-12-26T10:52:56.666294,144.0,187.0,Confident,(√13 x √13),Trajectories/2022-02-04/128_RR220204A_459C_1753.bmp || Trajectories/2022-02-04/380_RR220204A_937C_2323.bmp,/content/rl_quantum_2026summer/data/original data/Trajectories/2022-02-04/128_RR220204A_459C_1753.bmp,/content/rl_quantum_2026summer/data/original data/Trajectories/2022-02-04/380_RR220204A_937C_2323.bmp,3,1.0
Trajectories/2022-02-04/128_RR220204A_459C_1753.bmp,128_RR220204A_459C_1753.bmp,Trajectories/2022-02-04/380_RR220204A_937C_2323.bmp,380_RR220204A_937C_2323.bmp,(1 x 1),not_apply,AJ,,2025-12-26T10:52:57.644448,144.0,187.0,Confident,(1 x 1),Trajectories/2022-02-04/128_RR220204A_459C_1753.bmp || Trajectories/2022-02-04/380_RR220204A_937C_2323.bmp,/content/rl_quantum_2026summer/data/original data/Trajectories/2022-02-04/128_RR220204A_459C_1753.bmp,/content/rl_quantum_2026summer/data/original data/Trajectories/2022-02-04/380_RR220204A_937C_2323.bmp,0,1.0
Trajectories/2022-02-04/128_RR220204A_459C_1753.bmp,128_RR220204A_459C_1753.bmp,Trajectories/2022-02-04/380_RR220204A_937C_2323.bmp,380_RR220204A_937C_2323.bmp,HTR,not_apply,AJ,,2025-12-26T10:52:58.583373,144.0,187.0,Confident,HTR,Trajectories/2022-02-04/128_RR220204A_459C_1753.bmp || Trajectories/2022-02-04/380_RR220204A_937C_2323.bmp,/content/rl_quantum_2026summer/data/original data/Trajectories/2022-02-04/128_RR220204A_459C_1753.bmp,/content/rl_quantum_2026summer/data/original data/Trajectories/2022-02-04/380_RR220204A_937C_2323.bmp,4,1.0
Trajectories/2022-02-04/128_RR220204A_459C_1753.bmp,128_RR220204A_459C_1753.bmp,Trajectories/2022-02-04/380_RR220204A_937C_2323.bmp,380_RR220204A_937C_2323.bmp,Twinned(2 x 1),not_apply,AJ,,2025-12-26T10:52:59.556915,144.0,187.0,Confident,Twinned(2 x 1),Trajectories/2022-02-04/128_RR220204A_459C_1753.bmp || Trajectories/2022-02-04/380_RR220204A_937C_2323.bmp,/content/rl_quantum_2026summer/data/original data/Trajectories/2022-02-04/128_RR220204A_459C_1753.bmp,/content/rl_quantum_2026summer/data/original data/Trajectories/2022-02-04/380_RR220204A_937C_2323.bmp,1,1.0
Trajectories/2022-04-11/069_RR220411A_428C_1515.bmp,069_RR220411A_428C_1515.bmp,Trajectories/2022-04-11/231_RR220411A_882C_1729.bmp,231_RR220411A_882C_1729.bmp,c(6 x 2),2,HL,,2026-01-06T21:46:10.429884,275.0,269.0,Confident,c(6 x 2),Trajectories/2022-04-11/069_RR220411A_428C_1515.bmp || Trajectories/2022-04-11/231_RR220411A_882C_1729.bmp,/content/rl_quantum_2026summer/data/original data/Trajectories/2022-04-11/069_RR220411A_428C_1515.bmp,/content/rl_quantum_2026summer/data/original data/Trajectories/2022-04-11/231_RR220411A_882C_1729.bmp,2,1.0
Trajectories/2022-04-11/069_RR220411A_428C_1515.bmp,069_RR220411A_428C_1515.bmp,Trajectories/2022-04-11/231_RR220411A_882C_1729.bmp,231_RR220411A_882C_1729.bmp,(1 x 1),1,HL,,2026-01-06T21:46:11.271237,275.0,269.0,Confident,(1 x 1),Trajectories/2022-04-11/069_RR220411A_428C_1515.bmp || Trajectories/2022-04-11/231_RR220411A_882C_1729.bmp,/content/rl_quantum_2026summer/data/original data/Trajectories/2022-04-11/069_RR220411A_428C_1515.bmp,/content/rl_quantum_2026summer/data/original data/Trajectories/2022-04-11/231_RR220411A_882C_1729.bmp,0,1.0
Trajectories/2022-04-11/069_RR220411A_428C_1515.bmp,069_RR220411A_428C_1515.bmp,Trajectories/2022-04-11/231_RR220411A_882C_1729.bmp,231_RR220411A_882C_1729.bmp,HTR,not_apply,HL,,2026-01-06T21:46:12.010319,275.0,269.0,Confident,HTR,Trajectories/2022-04-11/069_RR220411A_428C_1515.bmp || Trajectories/2022-04-11/231_RR220411A_882C_1729.bmp,/content/rl_quantum_2026summer/data/original data/Trajectories/2022-04-11/069_RR220411A_428C_1515.bmp,/content/rl_quantum_2026summer/data/original data/Trajectories/2022-04-11/231_RR220411A_882C_1729.bmp,4,1.0
Trajectories/2022-04-11/069_RR220411A_428C_1515.bmp,069_RR220411A_428C_1515.bmp,Trajectories/2022-04-11/231_RR220411A_882C_1729.bmp,231_RR220411A_882C_1729.bmp,Twinned(2 x 1),not_apply,HL,,2026-01-06T21:46:12.762298,275.0,269.0,Confident,Twinned(2 x 1),Trajectories/2022-04-11/069_RR220411A_428C_1515.bmp || Trajectories/2022-04-11/231_RR220411A_882C_1729.bmp,/content/rl_quantum_2026summer/data/original data/Trajectories/2022-04-11/069_RR220411A_428C_1515.bmp,/content/rl_quantum_2026summer/data/original data/Trajectories/2022-04-11/231_RR220411A_882C_1729.bmp,1,1.0
Trajectories/2022-04-11/069_RR220411A_428C_1515.bmp,069_RR220411A_428C_1515.bmp,Trajectories/2022-04-11/231_RR220411A_882C_1729.bmp,231_RR220411A_882C_1729.bmp,(√13 x √13),2,HL,,2026-01-06T21:46:13.440172,275.0,269.0,Confident,(√13 x √13),Trajectories/2022-04-11/069_RR220411A_428C_1515.bmp || Trajectories/2022-04-11/231_RR220411A_882C_1729.bmp,/content/rl_quantum_2026summer/data/original data/Trajectories/2022-04-11/069_RR220411A_428C_1515.bmp,/content/rl_quantum_2026summer/data/original data/Trajectories/2022-04-11/231_RR220411A_882C_1729.bmp,3,1.0
Trajectories/2022-02-04/178_RR220204A_544C_1822.bmp,178_RR220204A_544C_1822.bmp,Trajectories/2022-04-11/013_RR220411A_223C_1424.bmp,013_RR220411A_223C_1424.bmp,HTR,not_apply,AJ,,2025-12-26T08:14:13.684446,199.0,212.0,Confident,HTR,Trajectories/2022-02-04/178_RR220204A_544C_1822.bmp || Trajectories/2022-04-11/013_RR220411A_223C_1424.bmp,/content/rl_quantum_2026summer/data/original data/Trajectories/2022-02-04/178_RR220204A_544C_1822.bmp,/content/rl_quantum_2026summer/data/original data/Trajectories/2022-04-11/013_RR220411A_223C_1424.bmp,4,1.0
Trajectories/2022-02-04/178_RR220204A_544C_1822.bmp,178_RR220204A_544C_1822.bmp,Trajectories/2022-04-11/013_RR220411A_223C_1424.bmp,013_RR220411A_223C_1424.bmp,(1 x 1),2,AJ,,2025-12-26T08:14:14.751356,199.0,212.0,Confident,(1 x 1),Trajectories/2022-02-04/178_RR220204A_544C_1822.bmp || Trajectories/2022-04-11/013_RR220411A_223C_1424.bmp,/content/rl_quantum_2026summer/data/original data/Trajectories/2022-02-04/178_RR220204A_544C_1822.bmp,/content/rl_quantum_2026summer/data/original data/Trajectories/2022-04-11/013_RR220411A_223C_1424.bmp,0,1.0
Trajectories/2022-02-04/178_RR220204A_544C_1822.bmp,178_RR220204A_544C_1822.bmp,Trajectories/2022-04-11/013_RR220411A_223C_1424.bmp,013_RR220411A_223C_1424.bmp,c(6 x 2),1,AJ,,2025-12-26T08:14:15.730692,199.0,212.0,Confident,c(6 x 2),Trajectories/2022-02-04/178_RR220204A_544C_1822.bmp || Trajectories/2022-04-11/013_RR220411A_223C_1424.bmp,/content/rl_quantum_2026summer/data/original data/Trajectories/2022-02-04/178_RR220204A_544C_1822.bmp,/content/rl_quantum_2026summer/data/original data/Trajectories/2022-04-11/013_RR220411A_223C_1424.bmp,2,1.0
Trajectories/2022-02-04/178_RR220204A_544C_1822.bmp,178_RR220204A_544C_1822.bmp,Trajectories/2022-04-11/013_RR220411A_223C_1424.bmp,013_RR220411A_223C_1424.bmp,(√13 x √13),1,AJ,,2025-12-26T08:14:16.758954,199.0,212.0,Confident,(√13 x √13),Trajectories/2022-02-04/178_RR220204A_544C_1822.bmp || Trajectories/2022-04-11/013_RR220411A_223C_1424.bmp,/content/rl_quantum_2026summer/data/original data/Trajectories/2022-02-04/178_RR220204A_544C_1822.bmp,/content/rl_quantum_2026summer/data/original data/Trajectories/2022-04-11/013_RR220411A_223C_1424.bmp,3,1.0
Trajectories/2022-02-04/178_RR220204A_544C_1822.bmp,178_RR220204A_544C_1822.bmp,Trajectories/2022-04-11/013_RR220411A_223C_1424.bmp,013_RR220411A_223C_1424.bmp,Twinned(2 x 1),not_apply,AJ,,2025-12-26T08:14:17.759004,199.0,212.0,Confident,Twinned(2 x 1),Trajectories/2022-02-04/178_RR220204A_544C_1822.bmp || Trajectories/2022-04-11/013_RR220411A_223C_1424.bmp,/content/rl_quantum_2026summer/data/original data/Trajectories/2022-02-04/178_RR220204A_544C_1822.bmp,/content/rl_quantum_2026summer/data/original data/Trajectories/2022-04-11/013_RR220411A_223C_1424.bmp,1,1.0
