seed,strategy,pair_id,cluster,core_set_distance,uncertainty,vector_norm,source_state
42,random,Trajectories/2022-02-04/069_RR220204A_293C_1706.bmp || Trajectories/2022-02-06/147_RR220206A_1024C_1953.bmp,3,,,23.92970119548818,/content/quantum rheed codex/result/professor_validation/final_comparison/jobs/000_stage-final_comparison_epoch-3_seed-42_strategy-random_lambda-0p5_budget-100/job_state.json
42,random,Trajectories/2022-02-06/068_RR220206A_362C_1759.bmp || Trajectories/2022-04-11/030_RR220411A_291C_1437.bmp,4,,,22.148517078940934,/content/quantum rheed codex/result/professor_validation/final_comparison/jobs/000_stage-final_comparison_epoch-3_seed-42_strategy-random_lambda-0p5_budget-100/job_state.json
42,random,Trajectories/2022-02-04/262_RR220204A_793C_1932.bmp || Trajectories/2022-04-11/359_RR220411A_675C_1926.bmp,11,,,22.11523386178788,/content/quantum rheed codex/result/professor_validation/final_comparison/jobs/000_stage-final_comparison_epoch-3_seed-42_strategy-random_lambda-0p5_budget-100/job_state.json
42,random,Trajectories/2022-04-11/397_RR220411A_528C_1948.bmp || Trajectories/2022-04-11/443_RR220411A_303C_2007.bmp,5,,,24.564902413034304,/content/quantum rheed codex/result/professor_validation/final_comparison/jobs/000_stage-final_comparison_epoch-3_seed-42_strategy-random_lambda-0p5_budget-100/job_state.json
42,random,Trajectories/2022-04-11/111_RR220411A_536C_1546.bmp || Trajectories/2022-04-11/175_RR220411A_765C_1645.bmp,0,,,21.82765942522444,/content/quantum rheed codex/result/professor_validation/final_comparison/jobs/000_stage-final_comparison_epoch-3_seed-42_strategy-random_lambda-0p5_budget-100/job_state.json
42,random,Trajectories/2022-02-04/174_RR220204A_527C_1818.bmp || Trajectories/2022-04-11/164_RR220411A_724C_1635.bmp,6,,,23.478883447278147,/content/quantum rheed codex/result/professor_validation/final_comparison/jobs/000_stage-final_comparison_epoch-3_seed-42_strategy-random_lambda-0p5_budget-100/job_state.json
42,random,Trajectories/2022-02-04/097_RR220204A_405C_1727.bmp || Trajectories/2022-04-11/383_RR220411A_597C_1941.bmp,12,,,25.446279072733564,/content/quantum rheed codex/result/professor_validation/final_comparison/jobs/000_stage-final_comparison_epoch-3_seed-42_strategy-random_lambda-0p5_budget-100/job_state.json
42,random,Trajectories/2022-04-11/320_RR220411A_824C_1901.bmp || Trajectories/2022-04-11/332_RR220411A_756C_1911.bmp,12,,,24.31345657144823,/content/quantum rheed codex/result/professor_validation/final_comparison/jobs/000_stage-final_comparison_epoch-3_seed-42_strategy-random_lambda-0p5_budget-100/job_state.json
42,random,Trajectories/2022-02-04/022_RR220204A_981C_0127.bmp || Trajectories/2022-02-04/114_RR220204A_440C_1738.bmp,3,,,23.365252045833987,/content/quantum rheed codex/result/professor_validation/final_comparison/jobs/000_stage-final_comparison_epoch-3_seed-42_strategy-random_lambda-0p5_budget-100/job_state.json
42,random,Trajectories/2022-02-06/016_RR220206A_165C_1704-03.bmp || Trajectories/2022-04-11/011_RR220411A_219C_1424.bmp,14,,,20.986228723035666,/content/quantum rheed codex/result/professor_validation/final_comparison/jobs/000_stage-final_comparison_epoch-3_seed-42_strategy-random_lambda-0p5_budget-100/job_state.json
42,random,Trajectories/2022-02-04/219_RR220204A_668C_1852.bmp || Trajectories/2022-02-06/191_RR220206A_960C_2056.bmp,13,,,22.24439657881138,/content/quantum rheed codex/result/professor_validation/final_comparison/jobs/000_stage-final_comparison_epoch-3_seed-42_strategy-random_lambda-0p5_budget-100/job_state.json
42,random,Trajectories/2022-02-06/163_RR220206A_1105C_2015.bmp || Trajectories/2022-02-06/249_RR220206A_638C_2210.bmp,13,,,22.862240770335855,/content/quantum rheed codex/result/professor_validation/final_comparison/jobs/000_stage-final_comparison_epoch-3_seed-42_strategy-random_lambda-0p5_budget-100/job_state.json
42,random,Trajectories/2022-02-06/129_RR220206A_912C_1929.bmp || Trajectories/2022-04-11/217_RR220411A_857C_1718.bmp,18,,,24.972182421652967,/content/quantum rheed codex/result/professor_validation/final_comparison/jobs/000_stage-final_comparison_epoch-3_seed-42_strategy-random_lambda-0p5_budget-100/job_state.json
42,random,Trajectories/2022-02-04/117_RR220204A_445C_1740.bmp || Trajectories/2022-02-06/123_RR220206A_894C_1923.bmp,1,,,26.59835915073484,/content/quantum rheed codex/result/professor_validation/final_comparison/jobs/000_stage-final_comparison_epoch-3_seed-42_strategy-random_lambda-0p5_budget-100/job_state.json
42,random,Trajectories/2022-02-04/296_RR220204A_869C_2015.bmp || Trajectories/2022-04-11/009_RR220411A_206C_1423.bmp,2,,,25.101487844771786,/content/quantum rheed codex/result/professor_validation/final_comparison/jobs/000_stage-final_comparison_epoch-3_seed-42_strategy-random_lambda-0p5_budget-100/job_state.json
42,random,Trajectories/2022-02-04/309_RR220204A_911C_2027.bmp || Trajectories/2022-02-04/361_RR220204A_947C_2156.bmp,15,,,26.30930194627494,/content/quantum rheed codex/result/professor_validation/final_comparison/jobs/000_stage-final_comparison_epoch-3_seed-42_strategy-random_lambda-0p5_budget-100/job_state.json
42,random,Trajectories/2022-02-04/385_RR220204A_939C_2340.bmp || Trajectories/2022-02-06/171_RR220206A_1085C_2027.bmp,13,,,21.713980387453024,/content/quantum rheed codex/result/professor_validation/final_comparison/jobs/000_stage-final_comparison_epoch-3_seed-42_strategy-random_lambda-0p5_budget-100/job_state.json
42,random,Trajectories/2022-02-06/055_RR220206A_239C_1742.bmp || Trajectories/2022-04-11/409_RR220411A_474C_1953.bmp,5,,,23.128032207424038,/content/quantum rheed codex/result/professor_validation/final_comparison/jobs/000_stage-final_comparison_epoch-3_seed-42_strategy-random_lambda-0p5_budget-100/job_state.json
42,random,Trajectories/2022-04-11/227_RR220411A_877C_1726.bmp || Trajectories/2022-04-11/323_RR220411A_816C_1903.bmp,1,,,24.878343381267594,/content/quantum rheed codex/result/professor_validation/final_comparison/jobs/000_stage-final_comparison_epoch-3_seed-42_strategy-random_lambda-0p5_budget-100/job_state.json
42,random,Trajectories/2022-02-04/235_RR220204A_725C_1905.bmp || Trajectories/2022-02-06/068_RR220206A_362C_1759.bmp,0,,,21.32105650424058,/content/quantum rheed codex/result/professor_validation/final_comparison/jobs/000_stage-final_comparison_epoch-3_seed-42_strategy-random_lambda-0p5_budget-100/job_state.json
42,random,Trajectories/2022-04-11/138_RR220411A_635C_1610.bmp || Trajectories/2022-04-11/186_RR220411A_805C_1658.bmp,0,,,22.288611671364645,/content/quantum rheed codex/result/professor_validation/final_comparison/jobs/000_stage-final_comparison_epoch-3_seed-42_strategy-random_lambda-0p5_budget-100/job_state.json
42,random,Trajectories/2022-02-04/194_RR220204A_610C_1832.bmp || Trajectories/2022-02-06/119_RR220206A_871C_1918.bmp,6,,,24.256007349974343,/content/quantum rheed codex/result/professor_validation/final_comparison/jobs/000_stage-final_comparison_epoch-3_seed-42_strategy-random_lambda-0p5_budget-100/job_state.json
42,random,Trajectories/2022-02-04/048_RR220204A_245C_0201.bmp || Trajectories/2022-04-11/183_RR220411A_794C_1655.bmp,4,,,20.775367531816148,/content/quantum rheed codex/result/professor_validation/final_comparison/jobs/000_stage-final_comparison_epoch-3_seed-42_strategy-random_lambda-0p5_budget-100/job_state.json
42,random,Trajectories/2022-04-11/008_RR220411A_193C_1422.bmp || Trajectories/2022-04-11/093_RR220411A_482C_1531.bmp,9,,,23.003454162647913,/content/quantum rheed codex/result/professor_validation/final_comparison/jobs/000_stage-final_comparison_epoch-3_seed-42_strategy-random_lambda-0p5_budget-100/job_state.json
42,random,Trajectories/2022-02-04/029_RR220204A_808C_0135.bmp || Trajectories/2022-02-04/242_RR220204A_720C_1911.bmp,4,,,20.99896977179711,/content/quantum rheed codex/result/professor_validation/final_comparison/jobs/000_stage-final_comparison_epoch-3_seed-42_strategy-random_lambda-0p5_budget-100/job_state.json
42,random,Trajectories/2022-02-04/266_RR220204A_783C_1938.bmp || Trajectories/2022-02-04/356_RR220204A_949C_2144.bmp,15,,,27.13815947703496,/content/quantum rheed codex/result/professor_validation/final_comparison/jobs/000_stage-final_comparison_epoch-3_seed-42_strategy-random_lambda-0p5_budget-100/job_state.json
42,random,Trajectories/2022-04-11/108_RR220411A_507C_1543.bmp || Trajectories/2022-04-11/379_RR220411A_614C_1940.bmp,7,,,21.833313101458106,/content/quantum rheed codex/result/professor_validation/final_comparison/jobs/000_stage-final_comparison_epoch-3_seed-42_strategy-random_lambda-0p5_budget-100/job_state.json
42,random,Trajectories/2022-02-04/115_RR220204A_441C_1738.bmp || Trajectories/2022-02-06/152_RR220206A_1077C_2001-02.bmp,3,,,23.95715901858295,/content/quantum rheed codex/result/professor_validation/final_comparison/jobs/000_stage-final_comparison_epoch-3_seed-42_strategy-random_lambda-0p5_budget-100/job_state.json
42,random,Trajectories/2022-02-04/085_RR220204A_378C_1720.bmp || Trajectories/2022-02-04/328_RR220204A_946C_2053.bmp,18,,,23.259889390387887,/content/quantum rheed codex/result/professor_validation/final_comparison/jobs/000_stage-final_comparison_epoch-3_seed-42_strategy-random_lambda-0p5_budget-100/job_state.json
42,random,Trajectories/2022-02-04/170_RR220204A_536C_1818.bmp || Trajectories/2022-02-06/230_RR220206A_767C_2143.bmp,3,,,24.065747309486433,/content/quantum rheed codex/result/professor_validation/final_comparison/jobs/000_stage-final_comparison_epoch-3_seed-42_strategy-random_lambda-0p5_budget-100/job_state.json
42,random,Trajectories/2022-02-06/273_RR220206A_423C_2243.bmp || Trajectories/2022-04-11/379_RR220411A_614C_1940.bmp,10,,,22.910729830588078,/content/quantum rheed codex/result/professor_validation/final_comparison/jobs/000_stage-final_comparison_epoch-3_seed-42_strategy-random_lambda-0p5_budget-100/job_state.json
42,random,Trajectories/2022-02-04/188_RR220204A_579C_1829.bmp || Trajectories/2022-04-11/113_RR220411A_539C_1548.bmp,6,,,22.352315845208697,/content/quantum rheed codex/result/professor_validation/final_comparison/jobs/000_stage-final_comparison_epoch-3_seed-42_strategy-random_lambda-0p5_budget-100/job_state.json
42,random,Trajectories/2022-02-06/234_RR220206A_738C_2148.bmp || Trajectories/2022-04-11/375_RR220411A_617C_1938.bmp,10,,,23.01363324861712,/content/quantum rheed codex/result/professor_validation/final_comparison/jobs/000_stage-final_comparison_epoch-3_seed-42_strategy-random_lambda-0p5_budget-100/job_state.json
42,random,Trajectories/2022-02-06/049_RR220206A_205C_1737.bmp || Trajectories/2022-04-11/356_RR220411A_685C_1925.bmp,12,,,23.414565795258188,/content/quantum rheed codex/result/professor_validation/final_comparison/jobs/000_stage-final_comparison_epoch-3_seed-42_strategy-random_lambda-0p5_budget-100/job_state.json
42,random,Trajectories/2022-02-04/021_RR220204A_981C_0126-03.bmp || Trajectories/2022-04-11/225_RR220411A_873C_1724.bmp,3,,,22.725180404078415,/content/quantum rheed codex/result/professor_validation/final_comparison/jobs/000_stage-final_comparison_epoch-3_seed-42_strategy-random_lambda-0p5_budget-100/job_state.json
42,random,Trajectories/2022-02-04/148_RR220204A_480C_1804.bmp || Trajectories/2022-04-11/313_RR220411A_839C_1856.bmp,1,,,25.409224945048628,/content/quantum rheed codex/result/professor_validation/final_comparison/jobs/000_stage-final_comparison_epoch-3_seed-42_strategy-random_lambda-0p5_budget-100/job_state.json
42,random,Trajectories/2022-02-04/124_RR220204A_444C_1748.bmp || Trajectories/2022-04-11/330_RR220411A_762C_1910.bmp,12,,,25.74524134773142,/content/quantum rheed codex/result/professor_validation/final_comparison/jobs/000_stage-final_comparison_epoch-3_seed-42_strategy-random_lambda-0p5_budget-100/job_state.json
42,random,Trajectories/2022-02-04/189_RR220204A_578C_1830.bmp || Trajectories/2022-02-04/341_RR220204A_937C_2114.bmp,4,,,21.795587315703052,/content/quantum rheed codex/result/professor_validation/final_comparison/jobs/000_stage-final_comparison_epoch-3_seed-42_strategy-random_lambda-0p5_budget-100/job_state.json
42,random,Trajectories/2022-04-11/076_RR220411A_442C_1520.bmp || Trajectories/2022-04-11/387_RR220411A_578C_1943.bmp,7,,,21.79230174360432,/content/quantum rheed codex/result/professor_validation/final_comparison/jobs/000_stage-final_comparison_epoch-3_seed-42_strategy-random_lambda-0p5_budget-100/job_state.json
42,random,Trajectories/2022-02-04/034_RR220204A_655C_0142.bmp || Trajectories/2022-02-06/272_RR220206A_424C_2242.bmp,7,,,21.515952441793956,/content/quantum rheed codex/result/professor_validation/final_comparison/jobs/000_stage-final_comparison_epoch-3_seed-42_strategy-random_lambda-0p5_budget-100/job_state.json
42,random,Trajectories/2022-02-06/141_RR220206A_995C_1942.bmp || Trajectories/2022-04-11/129_RR220411A_590C_1601.bmp,4,,,22.270910649835255,/content/quantum rheed codex/result/professor_validation/final_comparison/jobs/000_stage-final_comparison_epoch-3_seed-42_strategy-random_lambda-0p5_budget-100/job_state.json
42,random,Trajectories/2022-02-04/003_RR220204A_932C_0017.bmp || Trajectories/2022-04-11/439_RR220411A_330C_2005.bmp,7,,,21.183323868603722,/content/quantum rheed codex/result/professor_validation/final_comparison/jobs/000_stage-final_comparison_epoch-3_seed-42_strategy-random_lambda-0p5_budget-100/job_state.json
42,random,Trajectories/2022-02-04/079_RR220204A_301C_1717.bmp || Trajectories/2022-02-04/329_RR220204A_946C_2054.bmp,18,,,23.283186369870183,/content/quantum rheed codex/result/professor_validation/final_comparison/jobs/000_stage-final_comparison_epoch-3_seed-42_strategy-random_lambda-0p5_budget-100/job_state.json
42,random,Trajectories/2022-04-11/047_RR220411A_350C_1454.bmp || Trajectories/2022-04-11/186_RR220411A_805C_1658.bmp,4,,,22.57997450996887,/content/quantum rheed codex/result/professor_validation/final_comparison/jobs/000_stage-final_comparison_epoch-3_seed-42_strategy-random_lambda-0p5_budget-100/job_state.json
42,random,Trajectories/2022-02-04/230_RR220204A_695C_1902.bmp || Trajectories/2022-02-06/074_RR220206A_430C_1809.bmp,0,,,21.09023292648527,/content/quantum rheed codex/result/professor_validation/final_comparison/jobs/000_stage-final_comparison_epoch-3_seed-42_strategy-random_lambda-0p5_budget-100/job_state.json
42,random,Trajectories/2022-02-04/076_RR220204A_299C_1713.bmp || Trajectories/2022-02-04/080_RR220204A_301C_1718.bmp,1,,,27.045370372112515,/content/quantum rheed codex/result/professor_validation/final_comparison/jobs/000_stage-final_comparison_epoch-3_seed-42_strategy-random_lambda-0p5_budget-100/job_state.json
42,random,Trajectories/2022-02-04/281_RR220204A_806C_2000.bmp || Trajectories/2022-04-11/322_RR220411A_818C_1902.bmp,17,,,22.63825881221061,/content/quantum rheed codex/result/professor_validation/final_comparison/jobs/000_stage-final_comparison_epoch-3_seed-42_strategy-random_lambda-0p5_budget-100/job_state.json
42,random,Trajectories/2022-02-06/189_RR220206A_971C_2054-01.bmp || Trajectories/2022-04-11/286_RR220411A_906C_1837.bmp,3,,,23.414364694453095,/content/quantum rheed codex/result/professor_validation/final_comparison/jobs/000_stage-final_comparison_epoch-3_seed-42_strategy-random_lambda-0p5_budget-100/job_state.json
42,random,Trajectories/2022-02-06/102_RR220206A_698C_1845.bmp || Trajectories/2022-04-11/183_RR220411A_794C_1655.bmp,0,,,22.85030612688132,/content/quantum rheed codex/result/professor_validation/final_comparison/jobs/000_stage-final_comparison_epoch-3_seed-42_strategy-random_lambda-0p5_budget-100/job_state.json
42,random,Trajectories/2022-02-04/019_RR220204A_981C_0126-01.bmp || Trajectories/2022-04-11/035_RR220411A_314C_1442.bmp,9,,,22.977106697218982,/content/quantum rheed codex/result/professor_validation/final_comparison/jobs/000_stage-final_comparison_epoch-3_seed-42_strategy-random_lambda-0p5_budget-100/job_state.json
42,random,Trajectories/2022-02-06/068_RR220206A_362C_1759.bmp || Trajectories/2022-04-11/075_RR220411A_440C_1519.bmp,0,,,21.975598363759104,/content/quantum rheed codex/result/professor_validation/final_comparison/jobs/000_stage-final_comparison_epoch-3_seed-42_strategy-random_lambda-0p5_budget-100/job_state.json
42,random,Trajectories/2022-02-04/152_RR220204A_488C_1805-02.bmp || Trajectories/2022-04-11/173_RR220411A_755C_1643.bmp,6,,,23.953474662147634,/content/quantum rheed codex/result/professor_validation/final_comparison/jobs/000_stage-final_comparison_epoch-3_seed-42_strategy-random_lambda-0p5_budget-100/job_state.json
42,random,Trajectories/2022-02-04/314_RR220204A_937C_2030.bmp || Trajectories/2022-04-11/081_RR220411A_453C_1523.bmp,16,,,22.67318124849301,/content/quantum rheed codex/result/professor_validation/final_comparison/jobs/000_stage-final_comparison_epoch-3_seed-42_strategy-random_lambda-0p5_budget-100/job_state.json
42,random,Trajectories/2022-02-04/106_RR220204A_430C_1736.bmp || Trajectories/2022-02-04/347_RR220204A_954C_2124.bmp,11,,,23.449836822295623,/content/quantum rheed codex/result/professor_validation/final_comparison/jobs/000_stage-final_comparison_epoch-3_seed-42_strategy-random_lambda-0p5_budget-100/job_state.json
42,random,Trajectories/2022-02-06/215_RR220206A_835C_2123.bmp || Trajectories/2022-04-11/140_RR220411A_647C_1612.bmp,8,,,22.492506553434566,/content/quantum rheed codex/result/professor_validation/final_comparison/jobs/000_stage-final_comparison_epoch-3_seed-42_strategy-random_lambda-0p5_budget-100/job_state.json
42,random,Trajectories/2022-04-11/343_RR220411A_722C_1918.bmp || Trajectories/2022-04-11/374_RR220411A_625C_1937.bmp,5,,,24.367209088244877,/content/quantum rheed codex/result/professor_validation/final_comparison/jobs/000_stage-final_comparison_epoch-3_seed-42_strategy-random_lambda-0p5_budget-100/job_state.json
42,random,Trajectories/2022-02-04/320_RR220204A_915C_2039.bmp || Trajectories/2022-02-06/282_RR220206A_184C_2256.bmp,18,,,23.021458268727642,/content/quantum rheed codex/result/professor_validation/final_comparison/jobs/000_stage-final_comparison_epoch-3_seed-42_strategy-random_lambda-0p5_budget-100/job_state.json
42,random,Trajectories/2022-02-04/139_RR220204A_470C_1758.bmp || Trajectories/2022-04-11/372_RR220411A_636C_1935.bmp,12,,,25.409035404670888,/content/quantum rheed codex/result/professor_validation/final_comparison/jobs/000_stage-final_comparison_epoch-3_seed-42_strategy-random_lambda-0p5_budget-100/job_state.json
42,random,Trajectories/2022-02-04/341_RR220204A_937C_2114.bmp || Trajectories/2022-02-06/163_RR220206A_1105C_2015.bmp,9,,,22.26163092309438,/content/quantum rheed codex/result/professor_validation/final_comparison/jobs/000_stage-final_comparison_epoch-3_seed-42_strategy-random_lambda-0p5_budget-100/job_state.json
42,random,Trajectories/2022-02-04/131_RR220204A_466C_1754.bmp || Trajectories/2022-04-11/204_RR220411A_851C_1712.bmp,1,,,25.8703051242687,/content/quantum rheed codex/result/professor_validation/final_comparison/jobs/000_stage-final_comparison_epoch-3_seed-42_strategy-random_lambda-0p5_budget-100/job_state.json
42,random,Trajectories/2022-02-06/090_RR220206A_568C_1828.bmp || Trajectories/2022-04-11/149_RR220411A_676C_1619.bmp,0,,,22.36463768626028,/content/quantum rheed codex/result/professor_validation/final_comparison/jobs/000_stage-final_comparison_epoch-3_seed-42_strategy-random_lambda-0p5_budget-100/job_state.json
42,random,Trajectories/2022-02-06/124_RR220206A_894C_1924.bmp || Trajectories/2022-02-06/253_RR220206A_599C_2217.bmp,3,,,24.257561005323222,/content/quantum rheed codex/result/professor_validation/final_comparison/jobs/000_stage-final_comparison_epoch-3_seed-42_strategy-random_lambda-0p5_budget-100/job_state.json
42,random,Trajectories/2022-02-06/095_RR220206A_614C_1835.bmp || Trajectories/2022-02-06/247_RR220206A_657C_2207.bmp,8,,,22.77326985830725,/content/quantum rheed codex/result/professor_validation/final_comparison/jobs/000_stage-final_comparison_epoch-3_seed-42_strategy-random_lambda-0p5_budget-100/job_state.json
42,random,Trajectories/2022-04-11/013_RR220411A_223C_1424.bmp || Trajectories/2022-04-11/306_RR220411A_857C_1850.bmp,11,,,22.55094263449832,/content/quantum rheed codex/result/professor_validation/final_comparison/jobs/000_stage-final_comparison_epoch-3_seed-42_strategy-random_lambda-0p5_budget-100/job_state.json
42,random,Trajectories/2022-02-06/080_RR220206A_490C_1816.bmp || Trajectories/2022-04-11/234_RR220411A_888C_1732.bmp,6,,,22.92890814233322,/content/quantum rheed codex/result/professor_validation/final_comparison/jobs/000_stage-final_comparison_epoch-3_seed-42_strategy-random_lambda-0p5_budget-100/job_state.json
42,random,Trajectories/2022-02-04/333_RR220204A_939C_2059.bmp || Trajectories/2022-02-04/342_RR220204A_941C_2115.bmp,9,,,21.01610876692342,/content/quantum rheed codex/result/professor_validation/final_comparison/jobs/000_stage-final_comparison_epoch-3_seed-42_strategy-random_lambda-0p5_budget-100/job_state.json
42,random,Trajectories/2022-02-04/338_RR220204A_940C_2108.bmp || Trajectories/2022-04-11/354_RR220411A_693C_1924.bmp,7,,,21.18890927583466,/content/quantum rheed codex/result/professor_validation/final_comparison/jobs/000_stage-final_comparison_epoch-3_seed-42_strategy-random_lambda-0p5_budget-100/job_state.json
42,random,Trajectories/2022-02-04/300_RR220204A_881C_2018.bmp || Trajectories/2022-02-06/195_RR220206A_944C_2101.bmp,16,,,23.500640246280167,/content/quantum rheed codex/result/professor_validation/final_comparison/jobs/000_stage-final_comparison_epoch-3_seed-42_strategy-random_lambda-0p5_budget-100/job_state.json
42,random,Trajectories/2022-02-06/265_RR220206A_498C_2232.bmp || Trajectories/2022-04-11/288_RR220411A_904C_1837.bmp,3,,,23.403042971487757,/content/quantum rheed codex/result/professor_validation/final_comparison/jobs/000_stage-final_comparison_epoch-3_seed-42_strategy-random_lambda-0p5_budget-100/job_state.json
42,random,Trajectories/2022-02-04/205_RR220204A_642C_1839-02.bmp || Trajectories/2022-02-04/337_RR220204A_938C_2106.bmp,4,,,21.165326641499057,/content/quantum rheed codex/result/professor_validation/final_comparison/jobs/000_stage-final_comparison_epoch-3_seed-42_strategy-random_lambda-0p5_budget-100/job_state.json
42,random,Trajectories/2022-02-04/194_RR220204A_610C_1832.bmp || Trajectories/2022-04-11/163_RR220411A_715C_1634.bmp,6,,,22.523029864673394,/content/quantum rheed codex/result/professor_validation/final_comparison/jobs/000_stage-final_comparison_epoch-3_seed-42_strategy-random_lambda-0p5_budget-100/job_state.json
42,random,Trajectories/2022-02-04/139_RR220204A_470C_1758.bmp || Trajectories/2022-04-11/094_RR220411A_484C_1532.bmp,6,,,23.554868798747727,/content/quantum rheed codex/result/professor_validation/final_comparison/jobs/000_stage-final_comparison_epoch-3_seed-42_strategy-random_lambda-0p5_budget-100/job_state.json
42,random,Trajectories/2022-02-04/378_RR220204A_938C_2312.bmp || Trajectories/2022-02-06/229_RR220206A_766C_2141.bmp,13,,,22.206620723382496,/content/quantum rheed codex/result/professor_validation/final_comparison/jobs/000_stage-final_comparison_epoch-3_seed-42_strategy-random_lambda-0p5_budget-100/job_state.json
42,random,Trajectories/2022-04-11/063_RR220411A_402C_1510.bmp || Trajectories/2022-04-11/268_RR220411A_952C_1801.bmp,4,,,23.157497526027612,/content/quantum rheed codex/result/professor_validation/final_comparison/jobs/000_stage-final_comparison_epoch-3_seed-42_strategy-random_lambda-0p5_budget-100/job_state.json
42,random,Trajectories/2022-04-11/246_RR220411A_915C_1741.bmp || Trajectories/2022-04-11/258_RR220411A_932C_1751.bmp,18,,,24.548024683414457,/content/quantum rheed codex/result/professor_validation/final_comparison/jobs/000_stage-final_comparison_epoch-3_seed-42_strategy-random_lambda-0p5_budget-100/job_state.json
42,random,Trajectories/2022-02-04/294_RR220204A_843C_2014.bmp || Trajectories/2022-02-06/140_RR220206A_993C_1941.bmp,2,,,24.15819383004333,/content/quantum rheed codex/result/professor_validation/final_comparison/jobs/000_stage-final_comparison_epoch-3_seed-42_strategy-random_lambda-0p5_budget-100/job_state.json
42,random,Trajectories/2022-04-11/036_RR220411A_313C_1443.bmp || Trajectories/2022-04-11/072_RR220411A_429C_1516.bmp,9,,,23.407529868236363,/content/quantum rheed codex/result/professor_validation/final_comparison/jobs/000_stage-final_comparison_epoch-3_seed-42_strategy-random_lambda-0p5_budget-100/job_state.json
42,random,Trajectories/2022-02-04/020_RR220204A_981C_0126-02.bmp || Trajectories/2022-02-04/133_RR220204A_467C_1754-01.bmp,3,,,23.34116116580148,/content/quantum rheed codex/result/professor_validation/final_comparison/jobs/000_stage-final_comparison_epoch-3_seed-42_strategy-random_lambda-0p5_budget-100/job_state.json
42,random,Trajectories/2022-02-04/126_RR220204A_443C_1750.bmp || Trajectories/2022-04-11/213_RR220411A_857C_1715.bmp,1,,,25.9594617839541,/content/quantum rheed codex/result/professor_validation/final_comparison/jobs/000_stage-final_comparison_epoch-3_seed-42_strategy-random_lambda-0p5_budget-100/job_state.json
42,random,Trajectories/2022-02-04/159_RR220204A_501C_1809-01.bmp || Trajectories/2022-04-11/100_RR220411A_492C_1537.bmp,6,,,23.192874980127996,/content/quantum rheed codex/result/professor_validation/final_comparison/jobs/000_stage-final_comparison_epoch-3_seed-42_strategy-random_lambda-0p5_budget-100/job_state.json
42,random,Trajectories/2022-02-06/273_RR220206A_423C_2243.bmp || Trajectories/2022-04-11/093_RR220411A_482C_1531.bmp,8,,,21.98390388369229,/content/quantum rheed codex/result/professor_validation/final_comparison/jobs/000_stage-final_comparison_epoch-3_seed-42_strategy-random_lambda-0p5_budget-100/job_state.json
42,random,Trajectories/2022-02-06/180_RR220206A_1031C_2041.bmp || Trajectories/2022-04-11/277_RR220411A_936C_1828.bmp,13,,,23.364457456981647,/content/quantum rheed codex/result/professor_validation/final_comparison/jobs/000_stage-final_comparison_epoch-3_seed-42_strategy-random_lambda-0p5_budget-100/job_state.json
42,random,Trajectories/2022-02-06/104_RR220206A_734C_1847.bmp || Trajectories/2022-02-06/207_RR220206A_875C_2114.bmp,8,,,23.382642579240215,/content/quantum rheed codex/result/professor_validation/final_comparison/jobs/000_stage-final_comparison_epoch-3_seed-42_strategy-random_lambda-0p5_budget-100/job_state.json
42,random,Trajectories/2022-02-04/037_RR220204A_579C_0146.bmp || Trajectories/2022-02-04/074_RR220204A_297C_1711.bmp,18,,,22.848479586330704,/content/quantum rheed codex/result/professor_validation/final_comparison/jobs/000_stage-final_comparison_epoch-3_seed-42_strategy-random_lambda-0p5_budget-100/job_state.json
42,random,Trajectories/2022-02-06/203_RR220206A_876C_2110-01.bmp || Trajectories/2022-04-11/394_RR220411A_546C_1946.bmp,10,,,23.003177410623632,/content/quantum rheed codex/result/professor_validation/final_comparison/jobs/000_stage-final_comparison_epoch-3_seed-42_strategy-random_lambda-0p5_budget-100/job_state.json
42,random,Trajectories/2022-02-04/160_RR220204A_501C_1809-02.bmp || Trajectories/2022-02-04/161_RR220204A_504C_1810.bmp,1,,,26.235935380005806,/content/quantum rheed codex/result/professor_validation/final_comparison/jobs/000_stage-final_comparison_epoch-3_seed-42_strategy-random_lambda-0p5_budget-100/job_state.json
42,random,Trajectories/2022-02-04/263_RR220204A_793C_1934.bmp || Trajectories/2022-04-11/042_RR220411A_331C_1448.bmp,2,,,24.843080675499426,/content/quantum rheed codex/result/professor_validation/final_comparison/jobs/000_stage-final_comparison_epoch-3_seed-42_strategy-random_lambda-0p5_budget-100/job_state.json
42,random,Trajectories/2022-02-06/037_RR220206A_165C_1722.bmp || Trajectories/2022-04-11/219_RR220411A_865C_1720.bmp,6,,,23.68822397759296,/content/quantum rheed codex/result/professor_validation/final_comparison/jobs/000_stage-final_comparison_epoch-3_seed-42_strategy-random_lambda-0p5_budget-100/job_state.json
42,random,Trajectories/2022-02-04/295_RR220204A_882C_2015.bmp || Trajectories/2022-02-04/332_RR220204A_941C_2057.bmp,16,,,22.044000251862595,/content/quantum rheed codex/result/professor_validation/final_comparison/jobs/000_stage-final_comparison_epoch-3_seed-42_strategy-random_lambda-0p5_budget-100/job_state.json
42,random,Trajectories/2022-02-04/049_RR220204A_218C_0201.bmp || Trajectories/2022-02-04/307_RR220204A_912C_2025.bmp,16,,,22.588759150205536,/content/quantum rheed codex/result/professor_validation/final_comparison/jobs/000_stage-final_comparison_epoch-3_seed-42_strategy-random_lambda-0p5_budget-100/job_state.json
42,random,Trajectories/2022-02-04/253_RR220204A_782C_1923.bmp || Trajectories/2022-02-06/262_RR220206A_540C_2228.bmp,9,,,22.751532700640563,/content/quantum rheed codex/result/professor_validation/final_comparison/jobs/000_stage-final_comparison_epoch-3_seed-42_strategy-random_lambda-0p5_budget-100/job_state.json
42,random,Trajectories/2022-02-04/385_RR220204A_939C_2340.bmp || Trajectories/2022-04-11/237_RR220411A_901C_1735.bmp,3,,,22.19670732588123,/content/quantum rheed codex/result/professor_validation/final_comparison/jobs/000_stage-final_comparison_epoch-3_seed-42_strategy-random_lambda-0p5_budget-100/job_state.json
42,random,Trajectories/2022-02-06/057_RR220206A_249C_1744.bmp || Trajectories/2022-02-06/154_RR220206A_1092C_2003-02.bmp,8,,,22.24514492988024,/content/quantum rheed codex/result/professor_validation/final_comparison/jobs/000_stage-final_comparison_epoch-3_seed-42_strategy-random_lambda-0p5_budget-100/job_state.json
42,random,Trajectories/2022-02-04/164_RR220204A_507C_1811.bmp || Trajectories/2022-02-06/074_RR220206A_430C_1809.bmp,6,,,23.552812340623927,/content/quantum rheed codex/result/professor_validation/final_comparison/jobs/000_stage-final_comparison_epoch-3_seed-42_strategy-random_lambda-0p5_budget-100/job_state.json
42,random,Trajectories/2022-02-04/239_RR220204A_720C_1910.bmp || Trajectories/2022-04-11/154_RR220411A_696C_1624.bmp,4,,,21.676816053497742,/content/quantum rheed codex/result/professor_validation/final_comparison/jobs/000_stage-final_comparison_epoch-3_seed-42_strategy-random_lambda-0p5_budget-100/job_state.json
42,random,Trajectories/2022-02-04/013_RR220204A_949C_0119.bmp || Trajectories/2022-02-06/077_RR220206A_461C_1813.bmp,4,,,21.312522082798882,/content/quantum rheed codex/result/professor_validation/final_comparison/jobs/000_stage-final_comparison_epoch-3_seed-42_strategy-random_lambda-0p5_budget-100/job_state.json
42,random,Trajectories/2022-02-06/241_RR220206A_692C_2157.bmp || Trajectories/2022-04-11/201_RR220411A_843C_1711-01.bmp,3,,,23.532526348636424,/content/quantum rheed codex/result/professor_validation/final_comparison/jobs/000_stage-final_comparison_epoch-3_seed-42_strategy-random_lambda-0p5_budget-100/job_state.json
42,random,Trajectories/2022-04-11/141_RR220411A_656C_1613.bmp || Trajectories/2022-04-11/203_RR220411A_843C_1711-03.bmp,6,,,22.995234310701953,/content/quantum rheed codex/result/professor_validation/final_comparison/jobs/000_stage-final_comparison_epoch-3_seed-42_strategy-random_lambda-0p5_budget-100/job_state.json
42,random,Trajectories/2022-02-04/156_RR220204A_490C_1808.bmp || Trajectories/2022-02-04/383_RR220204A_937C_2331.bmp,18,,,22.768354246196072,/content/quantum rheed codex/result/professor_validation/final_comparison/jobs/000_stage-final_comparison_epoch-3_seed-42_strategy-random_lambda-0p5_budget-100/job_state.json
42,random,Trajectories/2022-04-11/069_RR220411A_428C_1515.bmp || Trajectories/2022-04-11/231_RR220411A_882C_1729.bmp,8,,,23.10981009003381,/content/quantum rheed codex/result/professor_validation/final_comparison/jobs/000_stage-final_comparison_epoch-3_seed-42_strategy-random_lambda-0p5_budget-100/job_state.json
123,uncertainty_diversity,Trajectories/2022-02-04/266_RR220204A_783C_1938.bmp || Trajectories/2022-02-04/356_RR220204A_949C_2144.bmp,12,,0.6928496360778809,19.071127978010672,/content/quantum rheed codex/result/professor_validation/final_comparison/jobs/013_stage-final_comparison_epoch-3_seed-123_strategy-uncertainty_diversity_lambda-0p5_budget-100/job_state.json
123,uncertainty_diversity,Trajectories/2022-04-11/267_RR220411A_953C_1800.bmp || Trajectories/2022-04-11/271_RR220411A_951C_1811.bmp,15,,0.6931443214416504,18.19522285617846,/content/quantum rheed codex/result/professor_validation/final_comparison/jobs/013_stage-final_comparison_epoch-3_seed-123_strategy-uncertainty_diversity_lambda-0p5_budget-100/job_state.json
123,uncertainty_diversity,Trajectories/2022-04-11/397_RR220411A_528C_1948.bmp || Trajectories/2022-04-11/443_RR220411A_303C_2007.bmp,10,,0.6921683549880981,20.663411339742073,/content/quantum rheed codex/result/professor_validation/final_comparison/jobs/013_stage-final_comparison_epoch-3_seed-123_strategy-uncertainty_diversity_lambda-0p5_budget-100/job_state.json
123,uncertainty_diversity,Trajectories/2022-04-11/001_RR220411A_180C_1417-01.bmp || Trajectories/2022-04-11/051_RR220411A_370C_1500.bmp,17,,0.6923455595970154,18.866184386745523,/content/quantum rheed codex/result/professor_validation/final_comparison/jobs/013_stage-final_comparison_epoch-3_seed-123_strategy-uncertainty_diversity_lambda-0p5_budget-100/job_state.json
123,uncertainty_diversity,Trajectories/2022-04-11/323_RR220411A_816C_1903.bmp || Trajectories/2022-04-11/366_RR220411A_654C_1930.bmp,1,,0.6915085911750793,18.859781109415984,/content/quantum rheed codex/result/professor_validation/final_comparison/jobs/013_stage-final_comparison_epoch-3_seed-123_strategy-uncertainty_diversity_lambda-0p5_budget-100/job_state.json
123,uncertainty_diversity,Trajectories/2022-02-06/048_RR220206A_175C_1736.bmp || Trajectories/2022-04-11/189_RR220411A_822C_1703.bmp,3,,0.6927997469902039,17.948212350834435,/content/quantum rheed codex/result/professor_validation/final_comparison/jobs/013_stage-final_comparison_epoch-3_seed-123_strategy-uncertainty_diversity_lambda-0p5_budget-100/job_state.json
123,uncertainty_diversity,Trajectories/2022-02-04/209_RR220204A_637C_1845.bmp || Trajectories/2022-02-04/213_RR220204A_668C_1847.bmp,3,,0.6930572390556335,17.076230480901252,/content/quantum rheed codex/result/professor_validation/final_comparison/jobs/013_stage-final_comparison_epoch-3_seed-123_strategy-uncertainty_diversity_lambda-0p5_budget-100/job_state.json
123,uncertainty_diversity,Trajectories/2022-02-04/034_RR220204A_655C_0142.bmp || Trajectories/2022-02-06/272_RR220206A_424C_2242.bmp,0,,0.6918668746948242,17.88679644373024,/content/quantum rheed codex/result/professor_validation/final_comparison/jobs/013_stage-final_comparison_epoch-3_seed-123_strategy-uncertainty_diversity_lambda-0p5_budget-100/job_state.json
123,uncertainty_diversity,Trajectories/2022-02-04/205_RR220204A_642C_1839-02.bmp || Trajectories/2022-02-04/337_RR220204A_938C_2106.bmp,0,,0.6913529634475708,17.481586947297966,/content/quantum rheed codex/result/professor_validation/final_comparison/jobs/013_stage-final_comparison_epoch-3_seed-123_strategy-uncertainty_diversity_lambda-0p5_budget-100/job_state.json
123,uncertainty_diversity,Trajectories/2022-02-04/020_RR220204A_981C_0126-02.bmp || Trajectories/2022-04-11/088_RR220411A_459C_1527.bmp,6,,0.6929699778556824,18.7858277368378,/content/quantum rheed codex/result/professor_validation/final_comparison/jobs/013_stage-final_comparison_epoch-3_seed-123_strategy-uncertainty_diversity_lambda-0p5_budget-100/job_state.json
123,uncertainty_diversity,Trajectories/2022-02-04/001_RR220204A_933C_0006.bmp || Trajectories/2022-02-06/230_RR220206A_767C_2143.bmp,14,,0.6924750804901123,18.1648708434055,/content/quantum rheed codex/result/professor_validation/final_comparison/jobs/013_stage-final_comparison_epoch-3_seed-123_strategy-uncertainty_diversity_lambda-0p5_budget-100/job_state.json
123,uncertainty_diversity,Trajectories/2022-02-04/294_RR220204A_843C_2014.bmp || Trajectories/2022-02-06/140_RR220206A_993C_1941.bmp,2,,0.6909232139587402,19.047358515168007,/content/quantum rheed codex/result/professor_validation/final_comparison/jobs/013_stage-final_comparison_epoch-3_seed-123_strategy-uncertainty_diversity_lambda-0p5_budget-100/job_state.json
123,uncertainty_diversity,Trajectories/2022-02-04/296_RR220204A_869C_2015.bmp || Trajectories/2022-04-11/009_RR220411A_206C_1423.bmp,12,,0.6906035542488098,19.598011750223158,/content/quantum rheed codex/result/professor_validation/final_comparison/jobs/013_stage-final_comparison_epoch-3_seed-123_strategy-uncertainty_diversity_lambda-0p5_budget-100/job_state.json
123,uncertainty_diversity,Trajectories/2022-02-04/048_RR220204A_245C_0201.bmp || Trajectories/2022-04-11/183_RR220411A_794C_1655.bmp,6,,0.6902817487716675,18.596265483889468,/content/quantum rheed codex/result/professor_validation/final_comparison/jobs/013_stage-final_comparison_epoch-3_seed-123_strategy-uncertainty_diversity_lambda-0p5_budget-100/job_state.json
123,uncertainty_diversity,Trajectories/2022-04-11/036_RR220411A_313C_1443.bmp || Trajectories/2022-04-11/072_RR220411A_429C_1516.bmp,17,,0.6929370164871216,18.566066379759146,/content/quantum rheed codex/result/professor_validation/final_comparison/jobs/013_stage-final_comparison_epoch-3_seed-123_strategy-uncertainty_diversity_lambda-0p5_budget-100/job_state.json
123,uncertainty_diversity,Trajectories/2022-02-04/263_RR220204A_793C_1934.bmp || Trajectories/2022-04-11/042_RR220411A_331C_1448.bmp,2,,0.6913706660270691,18.46000003997935,/content/quantum rheed codex/result/professor_validation/final_comparison/jobs/013_stage-final_comparison_epoch-3_seed-123_strategy-uncertainty_diversity_lambda-0p5_budget-100/job_state.json
123,uncertainty_diversity,Trajectories/2022-02-04/117_RR220204A_445C_1740.bmp || Trajectories/2022-02-06/123_RR220206A_894C_1923.bmp,15,,0.6889409422874451,17.847889570487574,/content/quantum rheed codex/result/professor_validation/final_comparison/jobs/013_stage-final_comparison_epoch-3_seed-123_strategy-uncertainty_diversity_lambda-0p5_budget-100/job_state.json
123,uncertainty_diversity,Trajectories/2022-02-06/058_RR220206A_249C_1745.bmp || Trajectories/2022-04-11/178_RR220411A_774C_1649.bmp,16,,0.6929062008857727,17.938291338263664,/content/quantum rheed codex/result/professor_validation/final_comparison/jobs/013_stage-final_comparison_epoch-3_seed-123_strategy-uncertainty_diversity_lambda-0p5_budget-100/job_state.json
123,uncertainty_diversity,Trajectories/2022-02-04/076_RR220204A_299C_1713.bmp || Trajectories/2022-02-04/080_RR220204A_301C_1718.bmp,8,,0.6931465268135071,18.054176316245304,/content/quantum rheed codex/result/professor_validation/final_comparison/jobs/013_stage-final_comparison_epoch-3_seed-123_strategy-uncertainty_diversity_lambda-0p5_budget-100/job_state.json
123,uncertainty_diversity,Trajectories/2022-02-04/194_RR220204A_610C_1832.bmp || Trajectories/2022-02-06/119_RR220206A_871C_1918.bmp,3,,0.69288170337677,17.58616764733197,/content/quantum rheed codex/result/professor_validation/final_comparison/jobs/013_stage-final_comparison_epoch-3_seed-123_strategy-uncertainty_diversity_lambda-0p5_budget-100/job_state.json
123,uncertainty_diversity,Trajectories/2022-02-04/253_RR220204A_782C_1923.bmp || Trajectories/2022-02-06/262_RR220206A_540C_2228.bmp,14,,0.6912834644317627,17.570871333906464,/content/quantum rheed codex/result/professor_validation/final_comparison/jobs/013_stage-final_comparison_epoch-3_seed-123_strategy-uncertainty_diversity_lambda-0p5_budget-100/job_state.json
123,uncertainty_diversity,Trajectories/2022-04-11/320_RR220411A_824C_1901.bmp || Trajectories/2022-04-11/332_RR220411A_756C_1911.bmp,1,,0.6928362846374512,18.42159332404442,/content/quantum rheed codex/result/professor_validation/final_comparison/jobs/013_stage-final_comparison_epoch-3_seed-123_strategy-uncertainty_diversity_lambda-0p5_budget-100/job_state.json
123,uncertainty_diversity,Trajectories/2022-02-04/215_RR220204A_669C_1848.bmp || Trajectories/2022-04-11/120_RR220411A_555C_1553.bmp,16,,0.6929275393486023,17.494317640519345,/content/quantum rheed codex/result/professor_validation/final_comparison/jobs/013_stage-final_comparison_epoch-3_seed-123_strategy-uncertainty_diversity_lambda-0p5_budget-100/job_state.json
123,uncertainty_diversity,Trajectories/2022-02-04/219_RR220204A_668C_1852.bmp || Trajectories/2022-02-06/191_RR220206A_960C_2056.bmp,14,,0.6923069953918457,17.53290164297183,/content/quantum rheed codex/result/professor_validation/final_comparison/jobs/013_stage-final_comparison_epoch-3_seed-123_strategy-uncertainty_diversity_lambda-0p5_budget-100/job_state.json
123,uncertainty_diversity,Trajectories/2022-02-06/037_RR220206A_165C_1722.bmp || Trajectories/2022-04-11/219_RR220411A_865C_1720.bmp,13,,0.6889480352401733,18.149166213937033,/content/quantum rheed codex/result/professor_validation/final_comparison/jobs/013_stage-final_comparison_epoch-3_seed-123_strategy-uncertainty_diversity_lambda-0p5_budget-100/job_state.json
123,uncertainty_diversity,Trajectories/2022-02-04/324_RR220204A_913C_2047.bmp || Trajectories/2022-04-11/057_RR220411A_389C_1506-01.bmp,5,,0.6914330720901489,17.986927565985454,/content/quantum rheed codex/result/professor_validation/final_comparison/jobs/013_stage-final_comparison_epoch-3_seed-123_strategy-uncertainty_diversity_lambda-0p5_budget-100/job_state.json
123,uncertainty_diversity,Trajectories/2022-02-04/239_RR220204A_720C_1910.bmp || Trajectories/2022-04-11/154_RR220411A_696C_1624.bmp,16,,0.692238986492157,17.509874298161957,/content/quantum rheed codex/result/professor_validation/final_comparison/jobs/013_stage-final_comparison_epoch-3_seed-123_strategy-uncertainty_diversity_lambda-0p5_budget-100/job_state.json
123,uncertainty_diversity,Trajectories/2022-02-04/378_RR220204A_938C_2312.bmp || Trajectories/2022-02-06/229_RR220206A_766C_2141.bmp,14,,0.6922176480293274,17.966425124050737,/content/quantum rheed codex/result/professor_validation/final_comparison/jobs/013_stage-final_comparison_epoch-3_seed-123_strategy-uncertainty_diversity_lambda-0p5_budget-100/job_state.json
123,uncertainty_diversity,Trajectories/2022-04-11/203_RR220411A_843C_1711-03.bmp || Trajectories/2022-04-11/284_RR220411A_912C_1835.bmp,15,,0.6928735971450806,18.20403692063543,/content/quantum rheed codex/result/professor_validation/final_comparison/jobs/013_stage-final_comparison_epoch-3_seed-123_strategy-uncertainty_diversity_lambda-0p5_budget-100/job_state.json
123,uncertainty_diversity,Trajectories/2022-02-04/320_RR220204A_915C_2039.bmp || Trajectories/2022-02-06/282_RR220206A_184C_2256.bmp,9,,0.6907250285148621,17.51516122603527,/content/quantum rheed codex/result/professor_validation/final_comparison/jobs/013_stage-final_comparison_epoch-3_seed-123_strategy-uncertainty_diversity_lambda-0p5_budget-100/job_state.json
123,uncertainty_diversity,Trajectories/2022-02-04/241_RR220204A_736C_1911.bmp || Trajectories/2022-04-11/064_RR220411A_413C_1511.bmp,17,,0.6922785043716431,17.932973087582898,/content/quantum rheed codex/result/professor_validation/final_comparison/jobs/013_stage-final_comparison_epoch-3_seed-123_strategy-uncertainty_diversity_lambda-0p5_budget-100/job_state.json
123,uncertainty_diversity,Trajectories/2022-02-04/019_RR220204A_981C_0126-01.bmp || Trajectories/2022-04-11/035_RR220411A_314C_1442.bmp,17,,0.6923208236694336,18.954759658509637,/content/quantum rheed codex/result/professor_validation/final_comparison/jobs/013_stage-final_comparison_epoch-3_seed-123_strategy-uncertainty_diversity_lambda-0p5_budget-100/job_state.json
123,uncertainty_diversity,Trajectories/2022-02-06/057_RR220206A_249C_1744.bmp || Trajectories/2022-02-06/154_RR220206A_1092C_2003-02.bmp,16,,0.690713107585907,18.09485130114763,/content/quantum rheed codex/result/professor_validation/final_comparison/jobs/013_stage-final_comparison_epoch-3_seed-123_strategy-uncertainty_diversity_lambda-0p5_budget-100/job_state.json
123,uncertainty_diversity,Trajectories/2022-02-04/029_RR220204A_808C_0135.bmp || Trajectories/2022-02-04/242_RR220204A_720C_1911.bmp,5,,0.690462052822113,17.832702593647124,/content/quantum rheed codex/result/professor_validation/final_comparison/jobs/013_stage-final_comparison_epoch-3_seed-123_strategy-uncertainty_diversity_lambda-0p5_budget-100/job_state.json
123,uncertainty_diversity,Trajectories/2022-02-06/068_RR220206A_362C_1759.bmp || Trajectories/2022-04-11/030_RR220411A_291C_1437.bmp,6,,0.6925284266471863,18.362131496655547,/content/quantum rheed codex/result/professor_validation/final_comparison/jobs/013_stage-final_comparison_epoch-3_seed-123_strategy-uncertainty_diversity_lambda-0p5_budget-100/job_state.json
123,uncertainty_diversity,Trajectories/2022-04-11/064_RR220411A_413C_1511.bmp || Trajectories/2022-04-11/138_RR220411A_635C_1610.bmp,16,,0.6926869750022888,18.14333628066253,/content/quantum rheed codex/result/professor_validation/final_comparison/jobs/013_stage-final_comparison_epoch-3_seed-123_strategy-uncertainty_diversity_lambda-0p5_budget-100/job_state.json
123,uncertainty_diversity,Trajectories/2022-04-11/246_RR220411A_915C_1741.bmp || Trajectories/2022-04-11/258_RR220411A_932C_1751.bmp,8,,0.6930503249168396,18.342849128552043,/content/quantum rheed codex/result/professor_validation/final_comparison/jobs/013_stage-final_comparison_epoch-3_seed-123_strategy-uncertainty_diversity_lambda-0p5_budget-100/job_state.json
123,uncertainty_diversity,Trajectories/2022-02-04/160_RR220204A_501C_1809-02.bmp || Trajectories/2022-02-04/161_RR220204A_504C_1810.bmp,8,,0.6931465268135071,18.017017714696546,/content/quantum rheed codex/result/professor_validation/final_comparison/jobs/013_stage-final_comparison_epoch-3_seed-123_strategy-uncertainty_diversity_lambda-0p5_budget-100/job_state.json
123,uncertainty_diversity,Trajectories/2022-02-04/314_RR220204A_937C_2030.bmp || Trajectories/2022-04-11/081_RR220411A_453C_1523.bmp,12,,0.687269389629364,19.81834557640161,/content/quantum rheed codex/result/professor_validation/final_comparison/jobs/013_stage-final_comparison_epoch-3_seed-123_strategy-uncertainty_diversity_lambda-0p5_budget-100/job_state.json
123,uncertainty_diversity,Trajectories/2022-02-06/273_RR220206A_423C_2243.bmp || Trajectories/2022-04-11/093_RR220411A_482C_1531.bmp,0,,0.6924893260002136,17.76856464132834,/content/quantum rheed codex/result/professor_validation/final_comparison/jobs/013_stage-final_comparison_epoch-3_seed-123_strategy-uncertainty_diversity_lambda-0p5_budget-100/job_state.json
123,uncertainty_diversity,Trajectories/2022-02-04/013_RR220204A_949C_0119.bmp || Trajectories/2022-02-06/077_RR220206A_461C_1813.bmp,6,,0.6915615797042847,18.498478016212285,/content/quantum rheed codex/result/professor_validation/final_comparison/jobs/013_stage-final_comparison_epoch-3_seed-123_strategy-uncertainty_diversity_lambda-0p5_budget-100/job_state.json
123,uncertainty_diversity,Trajectories/2022-04-11/183_RR220411A_794C_1655.bmp || Trajectories/2022-04-11/226_RR220411A_873C_1725.bmp,13,,0.688496470451355,17.996661819967404,/content/quantum rheed codex/result/professor_validation/final_comparison/jobs/013_stage-final_comparison_epoch-3_seed-123_strategy-uncertainty_diversity_lambda-0p5_budget-100/job_state.json
123,uncertainty_diversity,Trajectories/2022-02-06/095_RR220206A_614C_1835.bmp || Trajectories/2022-02-06/247_RR220206A_657C_2207.bmp,14,,0.6924507021903992,17.965146357636886,/content/quantum rheed codex/result/professor_validation/final_comparison/jobs/013_stage-final_comparison_epoch-3_seed-123_strategy-uncertainty_diversity_lambda-0p5_budget-100/job_state.json
123,uncertainty_diversity,Trajectories/2022-02-04/085_RR220204A_378C_1720.bmp || Trajectories/2022-02-04/134_RR220204A_467C_1754-02.bmp,8,,0.6931447386741638,18.1702154663856,/content/quantum rheed codex/result/professor_validation/final_comparison/jobs/013_stage-final_comparison_epoch-3_seed-123_strategy-uncertainty_diversity_lambda-0p5_budget-100/job_state.json
123,uncertainty_diversity,Trajectories/2022-02-06/090_RR220206A_568C_1828.bmp || Trajectories/2022-04-11/149_RR220411A_676C_1619.bmp,16,,0.6931023001670837,18.101522231952416,/content/quantum rheed codex/result/professor_validation/final_comparison/jobs/013_stage-final_comparison_epoch-3_seed-123_strategy-uncertainty_diversity_lambda-0p5_budget-100/job_state.json
123,uncertainty_diversity,Trajectories/2022-04-11/063_RR220411A_402C_1510.bmp || Trajectories/2022-04-11/268_RR220411A_952C_1801.bmp,0,,0.6890968084335327,18.15516786056571,/content/quantum rheed codex/result/professor_validation/final_comparison/jobs/013_stage-final_comparison_epoch-3_seed-123_strategy-uncertainty_diversity_lambda-0p5_budget-100/job_state.json
123,uncertainty_diversity,Trajectories/2022-02-06/186_RR220206A_985C_2050.bmp || Trajectories/2022-02-06/251_RR220206A_619C_2214.bmp,14,,0.6930296421051025,17.833378071673213,/content/quantum rheed codex/result/professor_validation/final_comparison/jobs/013_stage-final_comparison_epoch-3_seed-123_strategy-uncertainty_diversity_lambda-0p5_budget-100/job_state.json
123,uncertainty_diversity,Trajectories/2022-02-04/124_RR220204A_444C_1748.bmp || Trajectories/2022-04-11/330_RR220411A_762C_1910.bmp,1,,0.6928637623786926,18.44339831324409,/content/quantum rheed codex/result/professor_validation/final_comparison/jobs/013_stage-final_comparison_epoch-3_seed-123_strategy-uncertainty_diversity_lambda-0p5_budget-100/job_state.json
123,uncertainty_diversity,Trajectories/2022-02-04/295_RR220204A_882C_2015.bmp || Trajectories/2022-02-04/332_RR220204A_941C_2057.bmp,12,,0.6865796446800232,19.020881453851857,/content/quantum rheed codex/result/professor_validation/final_comparison/jobs/013_stage-final_comparison_epoch-3_seed-123_strategy-uncertainty_diversity_lambda-0p5_budget-100/job_state.json
123,uncertainty_diversity,Trajectories/2022-02-06/215_RR220206A_835C_2123.bmp || Trajectories/2022-04-11/140_RR220411A_647C_1612.bmp,14,,0.6920795440673828,17.789050477868248,/content/quantum rheed codex/result/professor_validation/final_comparison/jobs/013_stage-final_comparison_epoch-3_seed-123_strategy-uncertainty_diversity_lambda-0p5_budget-100/job_state.json
123,uncertainty_diversity,Trajectories/2022-04-11/028_RR220411A_291C_1436.bmp || Trajectories/2022-04-11/050_RR220411A_370C_1458.bmp,17,,0.6930784583091736,18.66621207086177,/content/quantum rheed codex/result/professor_validation/final_comparison/jobs/013_stage-final_comparison_epoch-3_seed-123_strategy-uncertainty_diversity_lambda-0p5_budget-100/job_state.json
123,uncertainty_diversity,Trajectories/2022-02-04/188_RR220204A_579C_1829.bmp || Trajectories/2022-04-11/113_RR220411A_539C_1548.bmp,3,,0.6918918490409851,17.64579745013354,/content/quantum rheed codex/result/professor_validation/final_comparison/jobs/013_stage-final_comparison_epoch-3_seed-123_strategy-uncertainty_diversity_lambda-0p5_budget-100/job_state.json
123,uncertainty_diversity,Trajectories/2022-02-04/385_RR220204A_939C_2340.bmp || Trajectories/2022-02-06/171_RR220206A_1085C_2027.bmp,17,,0.6924623847007751,18.26091639485507,/content/quantum rheed codex/result/professor_validation/final_comparison/jobs/013_stage-final_comparison_epoch-3_seed-123_strategy-uncertainty_diversity_lambda-0p5_budget-100/job_state.json
123,uncertainty_diversity,Trajectories/2022-02-04/197_RR220204A_611C_1835.bmp || Trajectories/2022-04-11/233_RR220411A_889C_1731.bmp,15,,0.6902837157249451,17.837342796114307,/content/quantum rheed codex/result/professor_validation/final_comparison/jobs/013_stage-final_comparison_epoch-3_seed-123_strategy-uncertainty_diversity_lambda-0p5_budget-100/job_state.json
123,uncertainty_diversity,Trajectories/2022-02-04/300_RR220204A_881C_2018.bmp || Trajectories/2022-02-06/195_RR220206A_944C_2101.bmp,2,,0.6889162063598633,19.13681047818314,/content/quantum rheed codex/result/professor_validation/final_comparison/jobs/013_stage-final_comparison_epoch-3_seed-123_strategy-uncertainty_diversity_lambda-0p5_budget-100/job_state.json
123,uncertainty_diversity,Trajectories/2022-02-04/379_RR220204A_937C_2315.bmp || Trajectories/2022-02-06/257_RR220206A_581C_2222.bmp,14,,0.6924008727073669,17.797446514922935,/content/quantum rheed codex/result/professor_validation/final_comparison/jobs/013_stage-final_comparison_epoch-3_seed-123_strategy-uncertainty_diversity_lambda-0p5_budget-100/job_state.json
123,uncertainty_diversity,Trajectories/2022-04-11/053_RR220411A_374C_1502.bmp || Trajectories/2022-04-11/156_RR220411A_699C_1628.bmp,16,,0.6926364898681641,18.137768126902788,/content/quantum rheed codex/result/professor_validation/final_comparison/jobs/013_stage-final_comparison_epoch-3_seed-123_strategy-uncertainty_diversity_lambda-0p5_budget-100/job_state.json
123,uncertainty_diversity,Trajectories/2022-02-04/093_RR220204A_397C_1722.bmp || Trajectories/2022-04-11/367_RR220411A_648C_1932.bmp,1,,0.6909991502761841,18.750098311378324,/content/quantum rheed codex/result/professor_validation/final_comparison/jobs/013_stage-final_comparison_epoch-3_seed-123_strategy-uncertainty_diversity_lambda-0p5_budget-100/job_state.json
123,uncertainty_diversity,Trajectories/2022-02-04/196_RR220204A_611C_1834.bmp || Trajectories/2022-04-11/147_RR220411A_671C_1617.bmp,3,,0.6923141479492188,17.483617566777585,/content/quantum rheed codex/result/professor_validation/final_comparison/jobs/013_stage-final_comparison_epoch-3_seed-123_strategy-uncertainty_diversity_lambda-0p5_budget-100/job_state.json
123,uncertainty_diversity,Trajectories/2022-02-04/126_RR220204A_443C_1750.bmp || Trajectories/2022-04-11/213_RR220411A_857C_1715.bmp,8,,0.693045437335968,18.31092181325672,/content/quantum rheed codex/result/professor_validation/final_comparison/jobs/013_stage-final_comparison_epoch-3_seed-123_strategy-uncertainty_diversity_lambda-0p5_budget-100/job_state.json
123,uncertainty_diversity,Trajectories/2022-02-06/104_RR220206A_734C_1847.bmp || Trajectories/2022-02-06/207_RR220206A_875C_2114.bmp,14,,0.6923343539237976,18.12255605057155,/content/quantum rheed codex/result/professor_validation/final_comparison/jobs/013_stage-final_comparison_epoch-3_seed-123_strategy-uncertainty_diversity_lambda-0p5_budget-100/job_state.json
123,uncertainty_diversity,Trajectories/2022-04-11/141_RR220411A_656C_1613.bmp || Trajectories/2022-04-11/203_RR220411A_843C_1711-03.bmp,13,,0.6886825561523438,17.91187683122861,/content/quantum rheed codex/result/professor_validation/final_comparison/jobs/013_stage-final_comparison_epoch-3_seed-123_strategy-uncertainty_diversity_lambda-0p5_budget-100/job_state.json
123,uncertainty_diversity,Trajectories/2022-04-11/047_RR220411A_350C_1454.bmp || Trajectories/2022-04-11/186_RR220411A_805C_1658.bmp,16,,0.6912954449653625,18.13662189226206,/content/quantum rheed codex/result/professor_validation/final_comparison/jobs/013_stage-final_comparison_epoch-3_seed-123_strategy-uncertainty_diversity_lambda-0p5_budget-100/job_state.json
123,uncertainty_diversity,Trajectories/2022-04-11/008_RR220411A_193C_1422.bmp || Trajectories/2022-04-11/093_RR220411A_482C_1531.bmp,17,,0.691937267780304,18.574165014456927,/content/quantum rheed codex/result/professor_validation/final_comparison/jobs/013_stage-final_comparison_epoch-3_seed-123_strategy-uncertainty_diversity_lambda-0p5_budget-100/job_state.json
123,uncertainty_diversity,Trajectories/2022-04-11/227_RR220411A_877C_1726.bmp || Trajectories/2022-04-11/323_RR220411A_816C_1903.bmp,8,,0.6930994391441345,18.393235869020486,/content/quantum rheed codex/result/professor_validation/final_comparison/jobs/013_stage-final_comparison_epoch-3_seed-123_strategy-uncertainty_diversity_lambda-0p5_budget-100/job_state.json
123,uncertainty_diversity,Trajectories/2022-02-04/129_RR220204A_465C_1753.bmp || Trajectories/2022-04-11/243_RR220411A_909C_1739.bmp,8,,0.6930944323539734,18.30731525968773,/content/quantum rheed codex/result/professor_validation/final_comparison/jobs/013_stage-final_comparison_epoch-3_seed-123_strategy-uncertainty_diversity_lambda-0p5_budget-100/job_state.json
123,uncertainty_diversity,Trajectories/2022-02-04/148_RR220204A_480C_1804.bmp || Trajectories/2022-04-11/313_RR220411A_839C_1856.bmp,8,,0.6930490732192993,18.14232179633505,/content/quantum rheed codex/result/professor_validation/final_comparison/jobs/013_stage-final_comparison_epoch-3_seed-123_strategy-uncertainty_diversity_lambda-0p5_budget-100/job_state.json
123,uncertainty_diversity,Trajectories/2022-02-06/129_RR220206A_912C_1929.bmp || Trajectories/2022-04-11/217_RR220411A_857C_1718.bmp,15,,0.6859938502311707,17.85404939530431,/content/quantum rheed codex/result/professor_validation/final_comparison/jobs/013_stage-final_comparison_epoch-3_seed-123_strategy-uncertainty_diversity_lambda-0p5_budget-100/job_state.json
123,uncertainty_diversity,Trajectories/2022-02-04/206_RR220204A_641C_1841.bmp || Trajectories/2022-02-06/187_RR220206A_985C_2051.bmp,14,,0.6913787126541138,17.590767040452505,/content/quantum rheed codex/result/professor_validation/final_comparison/jobs/013_stage-final_comparison_epoch-3_seed-123_strategy-uncertainty_diversity_lambda-0p5_budget-100/job_state.json
123,uncertainty_diversity,Trajectories/2022-04-11/063_RR220411A_402C_1510.bmp || Trajectories/2022-04-11/131_RR220411A_606C_1603.bmp,16,,0.6926766633987427,18.184376657958797,/content/quantum rheed codex/result/professor_validation/final_comparison/jobs/013_stage-final_comparison_epoch-3_seed-123_strategy-uncertainty_diversity_lambda-0p5_budget-100/job_state.json
123,uncertainty_diversity,Trajectories/2022-02-06/265_RR220206A_498C_2232.bmp || Trajectories/2022-04-11/288_RR220411A_904C_1837.bmp,9,,0.6880080103874207,17.777523345441494,/content/quantum rheed codex/result/professor_validation/final_comparison/jobs/013_stage-final_comparison_epoch-3_seed-123_strategy-uncertainty_diversity_lambda-0p5_budget-100/job_state.json
123,uncertainty_diversity,Trajectories/2022-02-06/108_RR220206A_769C_1854.bmp || Trajectories/2022-02-06/199_RR220206A_940C_2106.bmp,14,,0.6922773718833923,18.12071705506176,/content/quantum rheed codex/result/professor_validation/final_comparison/jobs/013_stage-final_comparison_epoch-3_seed-123_strategy-uncertainty_diversity_lambda-0p5_budget-100/job_state.json
123,uncertainty_diversity,Trajectories/2022-02-06/125_RR220206A_887C_1925.bmp || Trajectories/2022-04-11/313_RR220411A_839C_1856.bmp,15,,0.688612163066864,17.781475764346983,/content/quantum rheed codex/result/professor_validation/final_comparison/jobs/013_stage-final_comparison_epoch-3_seed-123_strategy-uncertainty_diversity_lambda-0p5_budget-100/job_state.json
123,uncertainty_diversity,Trajectories/2022-02-04/174_RR220204A_527C_1818.bmp || Trajectories/2022-04-11/164_RR220411A_724C_1635.bmp,13,,0.6894218325614929,17.68261654946181,/content/quantum rheed codex/result/professor_validation/final_comparison/jobs/013_stage-final_comparison_epoch-3_seed-123_strategy-uncertainty_diversity_lambda-0p5_budget-100/job_state.json
123,uncertainty_diversity,Trajectories/2022-02-04/159_RR220204A_501C_1809-01.bmp || Trajectories/2022-04-11/100_RR220411A_492C_1537.bmp,13,,0.6888119578361511,17.861217424780648,/content/quantum rheed codex/result/professor_validation/final_comparison/jobs/013_stage-final_comparison_epoch-3_seed-123_strategy-uncertainty_diversity_lambda-0p5_budget-100/job_state.json
123,uncertainty_diversity,Trajectories/2022-02-04/194_RR220204A_610C_1832.bmp || Trajectories/2022-04-11/163_RR220411A_715C_1634.bmp,3,,0.6921011209487915,17.509473638546083,/content/quantum rheed codex/result/professor_validation/final_comparison/jobs/013_stage-final_comparison_epoch-3_seed-123_strategy-uncertainty_diversity_lambda-0p5_budget-100/job_state.json
123,uncertainty_diversity,Trajectories/2022-04-11/066_RR220411A_416C_1513-01.bmp || Trajectories/2022-04-11/292_RR220411A_887C_1841.bmp,4,,0.687675416469574,18.013844356732967,/content/quantum rheed codex/result/professor_validation/final_comparison/jobs/013_stage-final_comparison_epoch-3_seed-123_strategy-uncertainty_diversity_lambda-0p5_budget-100/job_state.json
123,uncertainty_diversity,Trajectories/2022-02-04/147_RR220204A_486C_1804.bmp || Trajectories/2022-04-11/363_RR220411A_661C_1929.bmp,1,,0.6908347010612488,18.679511513573463,/content/quantum rheed codex/result/professor_validation/final_comparison/jobs/013_stage-final_comparison_epoch-3_seed-123_strategy-uncertainty_diversity_lambda-0p5_budget-100/job_state.json
123,uncertainty_diversity,Trajectories/2022-02-04/305_RR220204A_915C_2023.bmp || Trajectories/2022-02-04/335_RR220204A_940C_2102.bmp,12,,0.6881361603736877,19.410377681937714,/content/quantum rheed codex/result/professor_validation/final_comparison/jobs/013_stage-final_comparison_epoch-3_seed-123_strategy-uncertainty_diversity_lambda-0p5_budget-100/job_state.json
123,uncertainty_diversity,Trajectories/2022-02-06/125_RR220206A_887C_1925.bmp || Trajectories/2022-04-11/226_RR220411A_873C_1725.bmp,15,,0.6882062554359436,17.96658966405657,/content/quantum rheed codex/result/professor_validation/final_comparison/jobs/013_stage-final_comparison_epoch-3_seed-123_strategy-uncertainty_diversity_lambda-0p5_budget-100/job_state.json
123,uncertainty_diversity,Trajectories/2022-02-06/049_RR220206A_205C_1737.bmp || Trajectories/2022-04-11/356_RR220411A_685C_1925.bmp,19,,0.6851747632026672,18.299901325174485,/content/quantum rheed codex/result/professor_validation/final_comparison/jobs/013_stage-final_comparison_epoch-3_seed-123_strategy-uncertainty_diversity_lambda-0p5_budget-100/job_state.json
123,uncertainty_diversity,Trajectories/2022-02-04/164_RR220204A_507C_1811.bmp || Trajectories/2022-02-06/074_RR220206A_430C_1809.bmp,3,,0.6858989596366882,17.778128603312584,/content/quantum rheed codex/result/professor_validation/final_comparison/jobs/013_stage-final_comparison_epoch-3_seed-123_strategy-uncertainty_diversity_lambda-0p5_budget-100/job_state.json
123,uncertainty_diversity,Trajectories/2022-02-04/178_RR220204A_544C_1822.bmp || Trajectories/2022-04-11/013_RR220411A_223C_1424.bmp,0,,0.6855638027191162,17.938214627787573,/content/quantum rheed codex/result/professor_validation/final_comparison/jobs/013_stage-final_comparison_epoch-3_seed-123_strategy-uncertainty_diversity_lambda-0p5_budget-100/job_state.json
123,uncertainty_diversity,Trajectories/2022-02-04/021_RR220204A_981C_0126-03.bmp || Trajectories/2022-04-11/225_RR220411A_873C_1724.bmp,4,,0.687468945980072,18.595882647231388,/content/quantum rheed codex/result/professor_validation/final_comparison/jobs/013_stage-final_comparison_epoch-3_seed-123_strategy-uncertainty_diversity_lambda-0p5_budget-100/job_state.json
123,uncertainty_diversity,Trajectories/2022-02-04/139_RR220204A_470C_1758.bmp || Trajectories/2022-04-11/372_RR220411A_636C_1935.bmp,1,,0.690861165523529,18.802119592148408,/content/quantum rheed codex/result/professor_validation/final_comparison/jobs/013_stage-final_comparison_epoch-3_seed-123_strategy-uncertainty_diversity_lambda-0p5_budget-100/job_state.json
123,uncertainty_diversity,Trajectories/2022-02-04/085_RR220204A_378C_1720.bmp || Trajectories/2022-02-04/328_RR220204A_946C_2053.bmp,4,,0.6877398490905762,17.77340747847999,/content/quantum rheed codex/result/professor_validation/final_comparison/jobs/013_stage-final_comparison_epoch-3_seed-123_strategy-uncertainty_diversity_lambda-0p5_budget-100/job_state.json
123,uncertainty_diversity,Trajectories/2022-02-04/229_RR220204A_696C_1901-02.bmp || Trajectories/2022-04-11/208_RR220411A_850C_1713-02.bmp,13,,0.6853473782539368,17.552617830849975,/content/quantum rheed codex/result/professor_validation/final_comparison/jobs/013_stage-final_comparison_epoch-3_seed-123_strategy-uncertainty_diversity_lambda-0p5_budget-100/job_state.json
123,uncertainty_diversity,Trajectories/2022-02-04/152_RR220204A_488C_1805-02.bmp || Trajectories/2022-04-11/173_RR220411A_755C_1643.bmp,13,,0.6880494356155396,17.76258943936875,/content/quantum rheed codex/result/professor_validation/final_comparison/jobs/013_stage-final_comparison_epoch-3_seed-123_strategy-uncertainty_diversity_lambda-0p5_budget-100/job_state.json
123,uncertainty_diversity,Trajectories/2022-02-04/170_RR220204A_536C_1818.bmp || Trajectories/2022-02-06/230_RR220206A_767C_2143.bmp,9,,0.6865918040275574,17.677780547061307,/content/quantum rheed codex/result/professor_validation/final_comparison/jobs/013_stage-final_comparison_epoch-3_seed-123_strategy-uncertainty_diversity_lambda-0p5_budget-100/job_state.json
123,uncertainty_diversity,Trajectories/2022-04-11/278_RR220411A_932C_1829.bmp || Trajectories/2022-04-11/386_RR220411A_580C_1943.bmp,1,,0.684941828250885,18.842806098556203,/content/quantum rheed codex/result/professor_validation/final_comparison/jobs/013_stage-final_comparison_epoch-3_seed-123_strategy-uncertainty_diversity_lambda-0p5_budget-100/job_state.json
123,uncertainty_diversity,Trajectories/2022-02-04/385_RR220204A_939C_2340.bmp || Trajectories/2022-04-11/237_RR220411A_901C_1735.bmp,4,,0.6853468418121338,18.155549317789852,/content/quantum rheed codex/result/professor_validation/final_comparison/jobs/013_stage-final_comparison_epoch-3_seed-123_strategy-uncertainty_diversity_lambda-0p5_budget-100/job_state.json
123,uncertainty_diversity,Trajectories/2022-02-04/189_RR220204A_578C_1830.bmp || Trajectories/2022-02-04/341_RR220204A_937C_2114.bmp,0,,0.688416063785553,17.611334345104236,/content/quantum rheed codex/result/professor_validation/final_comparison/jobs/013_stage-final_comparison_epoch-3_seed-123_strategy-uncertainty_diversity_lambda-0p5_budget-100/job_state.json
123,uncertainty_diversity,Trajectories/2022-04-11/069_RR220411A_428C_1515.bmp || Trajectories/2022-04-11/231_RR220411A_882C_1729.bmp,4,,0.6857529282569885,18.156166089838596,/content/quantum rheed codex/result/professor_validation/final_comparison/jobs/013_stage-final_comparison_epoch-3_seed-123_strategy-uncertainty_diversity_lambda-0p5_budget-100/job_state.json
123,uncertainty_diversity,Trajectories/2022-02-06/189_RR220206A_971C_2054-01.bmp || Trajectories/2022-04-11/286_RR220411A_906C_1837.bmp,9,,0.6867954134941101,17.966815631010796,/content/quantum rheed codex/result/professor_validation/final_comparison/jobs/013_stage-final_comparison_epoch-3_seed-123_strategy-uncertainty_diversity_lambda-0p5_budget-100/job_state.json
123,uncertainty_diversity,Trajectories/2022-02-04/139_RR220204A_470C_1758.bmp || Trajectories/2022-04-11/094_RR220411A_484C_1532.bmp,13,,0.6874299049377441,17.931244207410153,/content/quantum rheed codex/result/professor_validation/final_comparison/jobs/013_stage-final_comparison_epoch-3_seed-123_strategy-uncertainty_diversity_lambda-0p5_budget-100/job_state.json
123,uncertainty_diversity,Trajectories/2022-02-04/156_RR220204A_490C_1808.bmp || Trajectories/2022-02-04/383_RR220204A_937C_2331.bmp,4,,0.6871337294578552,17.88034796971601,/content/quantum rheed codex/result/professor_validation/final_comparison/jobs/013_stage-final_comparison_epoch-3_seed-123_strategy-uncertainty_diversity_lambda-0p5_budget-100/job_state.json
123,uncertainty_diversity,Trajectories/2022-02-06/241_RR220206A_692C_2157.bmp || Trajectories/2022-04-11/201_RR220411A_843C_1711-01.bmp,9,,0.6853224635124207,17.84894878246785,/content/quantum rheed codex/result/professor_validation/final_comparison/jobs/013_stage-final_comparison_epoch-3_seed-123_strategy-uncertainty_diversity_lambda-0p5_budget-100/job_state.json
123,uncertainty_diversity,Trajectories/2022-02-04/007_RR220204A_931C_0051.bmp || Trajectories/2022-04-11/291_RR220411A_888C_1840.bmp,0,,0.6830407977104187,18.237156898120297,/content/quantum rheed codex/result/professor_validation/final_comparison/jobs/013_stage-final_comparison_epoch-3_seed-123_strategy-uncertainty_diversity_lambda-0p5_budget-100/job_state.json
123,uncertainty_diversity,Trajectories/2022-02-04/319_RR220204A_918C_2037.bmp || Trajectories/2022-02-04/354_RR220204A_951C_2141.bmp,6,,0.6819753646850586,18.285363396469016,/content/quantum rheed codex/result/professor_validation/final_comparison/jobs/013_stage-final_comparison_epoch-3_seed-123_strategy-uncertainty_diversity_lambda-0p5_budget-100/job_state.json
123,uncertainty_diversity,Trajectories/2022-02-04/020_RR220204A_981C_0126-02.bmp || Trajectories/2022-02-04/133_RR220204A_467C_1754-01.bmp,4,,0.6869915127754211,18.37782063440064,/content/quantum rheed codex/result/professor_validation/final_comparison/jobs/013_stage-final_comparison_epoch-3_seed-123_strategy-uncertainty_diversity_lambda-0p5_budget-100/job_state.json
79,random,Trajectories/2022-02-06/191_RR220206A_960C_2056.bmp || Trajectories/2022-04-11/286_RR220411A_906C_1837.bmp,15,,,27.483529244011578,/content/quantum rheed codex/result/professor_validation/final_comparison/jobs/005_stage-final_comparison_epoch-3_seed-79_strategy-random_lambda-0p5_budget-100/job_state.json
79,random,Trajectories/2022-04-11/343_RR220411A_722C_1918.bmp || Trajectories/2022-04-11/374_RR220411A_625C_1937.bmp,16,,,38.03698137826756,/content/quantum rheed codex/result/professor_validation/final_comparison/jobs/005_stage-final_comparison_epoch-3_seed-79_strategy-random_lambda-0p5_budget-100/job_state.json
79,random,Trajectories/2022-04-11/138_RR220411A_635C_1610.bmp || Trajectories/2022-04-11/186_RR220411A_805C_1658.bmp,19,,,31.191436306317193,/content/quantum rheed codex/result/professor_validation/final_comparison/jobs/005_stage-final_comparison_epoch-3_seed-79_strategy-random_lambda-0p5_budget-100/job_state.json
79,random,Trajectories/2022-02-04/148_RR220204A_480C_1804.bmp || Trajectories/2022-04-11/313_RR220411A_839C_1856.bmp,16,,,39.04821246090542,/content/quantum rheed codex/result/professor_validation/final_comparison/jobs/005_stage-final_comparison_epoch-3_seed-79_strategy-random_lambda-0p5_budget-100/job_state.json
79,random,Trajectories/2022-02-04/085_RR220204A_378C_1720.bmp || Trajectories/2022-02-04/382_RR220204A_935C_2330.bmp,2,,,39.26144788310071,/content/quantum rheed codex/result/professor_validation/final_comparison/jobs/005_stage-final_comparison_epoch-3_seed-79_strategy-random_lambda-0p5_budget-100/job_state.json
79,random,Trajectories/2022-02-06/194_RR220206A_962C_2059.bmp || Trajectories/2022-04-11/293_RR220411A_882C_1842.bmp,6,,,27.8969123073183,/content/quantum rheed codex/result/professor_validation/final_comparison/jobs/005_stage-final_comparison_epoch-3_seed-79_strategy-random_lambda-0p5_budget-100/job_state.json
79,random,Trajectories/2022-02-04/034_RR220204A_655C_0142.bmp || Trajectories/2022-02-06/272_RR220206A_424C_2242.bmp,10,,,32.63216140109917,/content/quantum rheed codex/result/professor_validation/final_comparison/jobs/005_stage-final_comparison_epoch-3_seed-79_strategy-random_lambda-0p5_budget-100/job_state.json
79,random,Trajectories/2022-02-04/385_RR220204A_939C_2340.bmp || Trajectories/2022-04-11/237_RR220411A_901C_1735.bmp,8,,,37.697233967801935,/content/quantum rheed codex/result/professor_validation/final_comparison/jobs/005_stage-final_comparison_epoch-3_seed-79_strategy-random_lambda-0p5_budget-100/job_state.json
79,random,Trajectories/2022-02-04/294_RR220204A_843C_2014.bmp || Trajectories/2022-02-06/140_RR220206A_993C_1941.bmp,5,,,21.998158581438144,/content/quantum rheed codex/result/professor_validation/final_comparison/jobs/005_stage-final_comparison_epoch-3_seed-79_strategy-random_lambda-0p5_budget-100/job_state.json
79,random,Trajectories/2022-02-06/163_RR220206A_1105C_2015.bmp || Trajectories/2022-02-06/249_RR220206A_638C_2210.bmp,4,,,23.999682629455638,/content/quantum rheed codex/result/professor_validation/final_comparison/jobs/005_stage-final_comparison_epoch-3_seed-79_strategy-random_lambda-0p5_budget-100/job_state.json
79,random,Trajectories/2022-02-06/124_RR220206A_894C_1924.bmp || Trajectories/2022-02-06/253_RR220206A_599C_2217.bmp,10,,,31.16784867725602,/content/quantum rheed codex/result/professor_validation/final_comparison/jobs/005_stage-final_comparison_epoch-3_seed-79_strategy-random_lambda-0p5_budget-100/job_state.json
79,random,Trajectories/2022-02-06/265_RR220206A_498C_2232.bmp || Trajectories/2022-04-11/288_RR220411A_904C_1837.bmp,19,,,30.894415381495726,/content/quantum rheed codex/result/professor_validation/final_comparison/jobs/005_stage-final_comparison_epoch-3_seed-79_strategy-random_lambda-0p5_budget-100/job_state.json
79,random,Trajectories/2022-02-04/021_RR220204A_981C_0126-03.bmp || Trajectories/2022-04-11/225_RR220411A_873C_1724.bmp,8,,,36.17713815378916,/content/quantum rheed codex/result/professor_validation/final_comparison/jobs/005_stage-final_comparison_epoch-3_seed-79_strategy-random_lambda-0p5_budget-100/job_state.json
79,random,Trajectories/2022-02-06/163_RR220206A_1105C_2015.bmp || Trajectories/2022-04-11/417_RR220411A_427C_1956.bmp,17,,,30.38633973187016,/content/quantum rheed codex/result/professor_validation/final_comparison/jobs/005_stage-final_comparison_epoch-3_seed-79_strategy-random_lambda-0p5_budget-100/job_state.json
79,random,Trajectories/2022-02-06/037_RR220206A_165C_1722.bmp || Trajectories/2022-04-11/219_RR220411A_865C_1720.bmp,13,,,35.115238642918676,/content/quantum rheed codex/result/professor_validation/final_comparison/jobs/005_stage-final_comparison_epoch-3_seed-79_strategy-random_lambda-0p5_budget-100/job_state.json
79,random,Trajectories/2022-02-04/192_RR220204A_607C_1831.bmp || Trajectories/2022-02-06/098_RR220206A_656C_1838.bmp,19,,,32.157521572428486,/content/quantum rheed codex/result/professor_validation/final_comparison/jobs/005_stage-final_comparison_epoch-3_seed-79_strategy-random_lambda-0p5_budget-100/job_state.json
79,random,Trajectories/2022-02-04/148_RR220204A_480C_1804.bmp || Trajectories/2022-04-11/314_RR220411A_836C_1857.bmp,16,,,39.1808399285437,/content/quantum rheed codex/result/professor_validation/final_comparison/jobs/005_stage-final_comparison_epoch-3_seed-79_strategy-random_lambda-0p5_budget-100/job_state.json
79,random,Trajectories/2022-04-11/066_RR220411A_416C_1513-01.bmp || Trajectories/2022-04-11/292_RR220411A_887C_1841.bmp,19,,,29.89256112684955,/content/quantum rheed codex/result/professor_validation/final_comparison/jobs/005_stage-final_comparison_epoch-3_seed-79_strategy-random_lambda-0p5_budget-100/job_state.json
79,random,Trajectories/2022-02-04/221_RR220204A_666C_1854.bmp || Trajectories/2022-04-11/358_RR220411A_677C_1926.bmp,16,,,38.0896977771878,/content/quantum rheed codex/result/professor_validation/final_comparison/jobs/005_stage-final_comparison_epoch-3_seed-79_strategy-random_lambda-0p5_budget-100/job_state.json
79,random,Trajectories/2022-02-04/093_RR220204A_397C_1722.bmp || Trajectories/2022-04-11/367_RR220411A_648C_1932.bmp,9,,,40.1996625765298,/content/quantum rheed codex/result/professor_validation/final_comparison/jobs/005_stage-final_comparison_epoch-3_seed-79_strategy-random_lambda-0p5_budget-100/job_state.json
79,random,Trajectories/2022-02-04/079_RR220204A_301C_1717.bmp || Trajectories/2022-02-04/329_RR220204A_946C_2054.bmp,2,,,39.505533530820934,/content/quantum rheed codex/result/professor_validation/final_comparison/jobs/005_stage-final_comparison_epoch-3_seed-79_strategy-random_lambda-0p5_budget-100/job_state.json
79,random,Trajectories/2022-04-11/001_RR220411A_180C_1417-01.bmp || Trajectories/2022-04-11/051_RR220411A_370C_1500.bmp,4,,,23.6508138828061,/content/quantum rheed codex/result/professor_validation/final_comparison/jobs/005_stage-final_comparison_epoch-3_seed-79_strategy-random_lambda-0p5_budget-100/job_state.json
79,random,Trajectories/2022-02-04/266_RR220204A_783C_1938.bmp || Trajectories/2022-02-04/356_RR220204A_949C_2144.bmp,5,,,21.795784300723163,/content/quantum rheed codex/result/professor_validation/final_comparison/jobs/005_stage-final_comparison_epoch-3_seed-79_strategy-random_lambda-0p5_budget-100/job_state.json
79,random,Trajectories/2022-02-06/036_RR220206A_165C_1721.bmp || Trajectories/2022-04-11/370_RR220411A_640C_1934.bmp,11,,,34.077392713953564,/content/quantum rheed codex/result/professor_validation/final_comparison/jobs/005_stage-final_comparison_epoch-3_seed-79_strategy-random_lambda-0p5_budget-100/job_state.json
79,random,Trajectories/2022-04-11/065_RR220411A_414C_1512.bmp || Trajectories/2022-04-11/349_RR220411A_705C_1921.bmp,19,,,30.953301095178713,/content/quantum rheed codex/result/professor_validation/final_comparison/jobs/005_stage-final_comparison_epoch-3_seed-79_strategy-random_lambda-0p5_budget-100/job_state.json
79,random,Trajectories/2022-02-04/287_RR220204A_851C_2008.bmp || Trajectories/2022-04-11/409_RR220411A_474C_1953.bmp,12,,,28.024818097066294,/content/quantum rheed codex/result/professor_validation/final_comparison/jobs/005_stage-final_comparison_epoch-3_seed-79_strategy-random_lambda-0p5_budget-100/job_state.json
79,random,Trajectories/2022-02-04/194_RR220204A_610C_1832.bmp || Trajectories/2022-04-11/163_RR220411A_715C_1634.bmp,13,,,35.04667805838014,/content/quantum rheed codex/result/professor_validation/final_comparison/jobs/005_stage-final_comparison_epoch-3_seed-79_strategy-random_lambda-0p5_budget-100/job_state.json
79,random,Trajectories/2022-02-04/317_RR220204A_935C_2033.bmp || Trajectories/2022-02-06/250_RR220206A_621C_2212.bmp,5,,,22.183796287624144,/content/quantum rheed codex/result/professor_validation/final_comparison/jobs/005_stage-final_comparison_epoch-3_seed-79_strategy-random_lambda-0p5_budget-100/job_state.json
79,random,Trajectories/2022-02-04/106_RR220204A_430C_1736.bmp || Trajectories/2022-02-06/151_RR220206A_1077C_2001-01.bmp,10,,,31.902231504115406,/content/quantum rheed codex/result/professor_validation/final_comparison/jobs/005_stage-final_comparison_epoch-3_seed-79_strategy-random_lambda-0p5_budget-100/job_state.json
79,random,Trajectories/2022-02-04/049_RR220204A_218C_0201.bmp || Trajectories/2022-02-04/307_RR220204A_912C_2025.bmp,0,,,24.369213111000576,/content/quantum rheed codex/result/professor_validation/final_comparison/jobs/005_stage-final_comparison_epoch-3_seed-79_strategy-random_lambda-0p5_budget-100/job_state.json
79,random,Trajectories/2022-02-04/029_RR220204A_808C_0135.bmp || Trajectories/2022-02-04/242_RR220204A_720C_1911.bmp,13,,,35.99059954022967,/content/quantum rheed codex/result/professor_validation/final_comparison/jobs/005_stage-final_comparison_epoch-3_seed-79_strategy-random_lambda-0p5_budget-100/job_state.json
79,random,Trajectories/2022-02-06/095_RR220206A_614C_1835.bmp || Trajectories/2022-02-06/195_RR220206A_944C_2101.bmp,18,,,22.84843494560029,/content/quantum rheed codex/result/professor_validation/final_comparison/jobs/005_stage-final_comparison_epoch-3_seed-79_strategy-random_lambda-0p5_budget-100/job_state.json
79,random,Trajectories/2022-02-06/213_RR220206A_849C_2121.bmp || Trajectories/2022-04-11/104_RR220411A_501C_1540.bmp,4,,,25.000893424278736,/content/quantum rheed codex/result/professor_validation/final_comparison/jobs/005_stage-final_comparison_epoch-3_seed-79_strategy-random_lambda-0p5_budget-100/job_state.json
79,random,Trajectories/2022-02-04/229_RR220204A_696C_1901-02.bmp || Trajectories/2022-04-11/208_RR220411A_850C_1713-02.bmp,8,,,38.32672249036274,/content/quantum rheed codex/result/professor_validation/final_comparison/jobs/005_stage-final_comparison_epoch-3_seed-79_strategy-random_lambda-0p5_budget-100/job_state.json
79,random,Trajectories/2022-02-04/147_RR220204A_486C_1804.bmp || Trajectories/2022-04-11/363_RR220411A_661C_1929.bmp,9,,,40.048199729888005,/content/quantum rheed codex/result/professor_validation/final_comparison/jobs/005_stage-final_comparison_epoch-3_seed-79_strategy-random_lambda-0p5_budget-100/job_state.json
79,random,Trajectories/2022-02-06/141_RR220206A_995C_1942.bmp || Trajectories/2022-04-11/129_RR220411A_590C_1601.bmp,15,,,27.65282999335164,/content/quantum rheed codex/result/professor_validation/final_comparison/jobs/005_stage-final_comparison_epoch-3_seed-79_strategy-random_lambda-0p5_budget-100/job_state.json
79,random,Trajectories/2022-02-04/221_RR220204A_666C_1854.bmp || Trajectories/2022-02-04/339_RR220204A_938C_2110.bmp,13,,,36.21170195925034,/content/quantum rheed codex/result/professor_validation/final_comparison/jobs/005_stage-final_comparison_epoch-3_seed-79_strategy-random_lambda-0p5_budget-100/job_state.json
79,random,Trajectories/2022-02-06/180_RR220206A_1031C_2041.bmp || Trajectories/2022-04-11/277_RR220411A_936C_1828.bmp,15,,,26.87188053920909,/content/quantum rheed codex/result/professor_validation/final_comparison/jobs/005_stage-final_comparison_epoch-3_seed-79_strategy-random_lambda-0p5_budget-100/job_state.json
79,random,Trajectories/2022-04-11/397_RR220411A_528C_1948.bmp || Trajectories/2022-04-11/443_RR220411A_303C_2007.bmp,9,,,39.922824352071736,/content/quantum rheed codex/result/professor_validation/final_comparison/jobs/005_stage-final_comparison_epoch-3_seed-79_strategy-random_lambda-0p5_budget-100/job_state.json
79,random,Trajectories/2022-02-04/215_RR220204A_669C_1848.bmp || Trajectories/2022-04-11/120_RR220411A_555C_1553.bmp,1,,,33.98904989999726,/content/quantum rheed codex/result/professor_validation/final_comparison/jobs/005_stage-final_comparison_epoch-3_seed-79_strategy-random_lambda-0p5_budget-100/job_state.json
79,random,Trajectories/2022-02-06/132_RR220206A_959C_1932.bmp || Trajectories/2022-04-11/417_RR220411A_427C_1956.bmp,7,,,35.557758592243836,/content/quantum rheed codex/result/professor_validation/final_comparison/jobs/005_stage-final_comparison_epoch-3_seed-79_strategy-random_lambda-0p5_budget-100/job_state.json
79,random,Trajectories/2022-02-06/189_RR220206A_971C_2054-01.bmp || Trajectories/2022-04-11/286_RR220411A_906C_1837.bmp,15,,,27.472530877952057,/content/quantum rheed codex/result/professor_validation/final_comparison/jobs/005_stage-final_comparison_epoch-3_seed-79_strategy-random_lambda-0p5_budget-100/job_state.json
79,random,Trajectories/2022-02-04/295_RR220204A_882C_2015.bmp || Trajectories/2022-02-06/117_RR220206A_844C_1915.bmp,0,,,23.473065191399044,/content/quantum rheed codex/result/professor_validation/final_comparison/jobs/005_stage-final_comparison_epoch-3_seed-79_strategy-random_lambda-0p5_budget-100/job_state.json
79,random,Trajectories/2022-04-11/183_RR220411A_794C_1655.bmp || Trajectories/2022-04-11/226_RR220411A_873C_1725.bmp,13,,,35.810409315988686,/content/quantum rheed codex/result/professor_validation/final_comparison/jobs/005_stage-final_comparison_epoch-3_seed-79_strategy-random_lambda-0p5_budget-100/job_state.json
79,random,Trajectories/2022-02-04/085_RR220204A_378C_1720.bmp || Trajectories/2022-02-04/134_RR220204A_467C_1754-02.bmp,2,,,42.12859514856155,/content/quantum rheed codex/result/professor_validation/final_comparison/jobs/005_stage-final_comparison_epoch-3_seed-79_strategy-random_lambda-0p5_budget-100/job_state.json
79,random,Trajectories/2022-02-06/273_RR220206A_423C_2243.bmp || Trajectories/2022-04-11/379_RR220411A_614C_1940.bmp,11,,,33.11249998623525,/content/quantum rheed codex/result/professor_validation/final_comparison/jobs/005_stage-final_comparison_epoch-3_seed-79_strategy-random_lambda-0p5_budget-100/job_state.json
79,random,Trajectories/2022-02-04/333_RR220204A_939C_2059.bmp || Trajectories/2022-02-04/342_RR220204A_941C_2115.bmp,1,,,33.873444970681746,/content/quantum rheed codex/result/professor_validation/final_comparison/jobs/005_stage-final_comparison_epoch-3_seed-79_strategy-random_lambda-0p5_budget-100/job_state.json
79,random,Trajectories/2022-02-04/379_RR220204A_937C_2315.bmp || Trajectories/2022-02-06/257_RR220206A_581C_2222.bmp,10,,,31.951052715988265,/content/quantum rheed codex/result/professor_validation/final_comparison/jobs/005_stage-final_comparison_epoch-3_seed-79_strategy-random_lambda-0p5_budget-100/job_state.json
79,random,Trajectories/2022-02-04/174_RR220204A_527C_1818.bmp || Trajectories/2022-04-11/164_RR220411A_724C_1635.bmp,13,,,35.526588600535554,/content/quantum rheed codex/result/professor_validation/final_comparison/jobs/005_stage-final_comparison_epoch-3_seed-79_strategy-random_lambda-0p5_budget-100/job_state.json
79,random,Trajectories/2022-02-04/069_RR220204A_293C_1706.bmp || Trajectories/2022-02-06/147_RR220206A_1024C_1953.bmp,10,,,32.10110232320568,/content/quantum rheed codex/result/professor_validation/final_comparison/jobs/005_stage-final_comparison_epoch-3_seed-79_strategy-random_lambda-0p5_budget-100/job_state.json
79,random,Trajectories/2022-04-11/064_RR220411A_413C_1511.bmp || Trajectories/2022-04-11/138_RR220411A_635C_1610.bmp,15,,,27.232905363467907,/content/quantum rheed codex/result/professor_validation/final_comparison/jobs/005_stage-final_comparison_epoch-3_seed-79_strategy-random_lambda-0p5_budget-100/job_state.json
79,random,Trajectories/2022-02-06/048_RR220206A_175C_1736.bmp || Trajectories/2022-04-11/189_RR220411A_822C_1703.bmp,1,,,33.03763025382249,/content/quantum rheed codex/result/professor_validation/final_comparison/jobs/005_stage-final_comparison_epoch-3_seed-79_strategy-random_lambda-0p5_budget-100/job_state.json
79,random,Trajectories/2022-04-11/036_RR220411A_313C_1443.bmp || Trajectories/2022-04-11/072_RR220411A_429C_1516.bmp,4,,,24.618024263389643,/content/quantum rheed codex/result/professor_validation/final_comparison/jobs/005_stage-final_comparison_epoch-3_seed-79_strategy-random_lambda-0p5_budget-100/job_state.json
79,random,Trajectories/2022-02-06/203_RR220206A_876C_2110-01.bmp || Trajectories/2022-04-11/394_RR220411A_546C_1946.bmp,17,,,29.98618101364171,/content/quantum rheed codex/result/professor_validation/final_comparison/jobs/005_stage-final_comparison_epoch-3_seed-79_strategy-random_lambda-0p5_budget-100/job_state.json
79,random,Trajectories/2022-02-04/048_RR220204A_245C_0201.bmp || Trajectories/2022-02-04/192_RR220204A_607C_1831.bmp,13,,,36.28320717488797,/content/quantum rheed codex/result/professor_validation/final_comparison/jobs/005_stage-final_comparison_epoch-3_seed-79_strategy-random_lambda-0p5_budget-100/job_state.json
79,random,Trajectories/2022-02-04/007_RR220204A_931C_0051.bmp || Trajectories/2022-04-11/291_RR220411A_888C_1840.bmp,19,,,31.717480791662602,/content/quantum rheed codex/result/professor_validation/final_comparison/jobs/005_stage-final_comparison_epoch-3_seed-79_strategy-random_lambda-0p5_budget-100/job_state.json
79,random,Trajectories/2022-02-04/385_RR220204A_939C_2340.bmp || Trajectories/2022-02-06/171_RR220206A_1085C_2027.bmp,3,,,28.206300653693237,/content/quantum rheed codex/result/professor_validation/final_comparison/jobs/005_stage-final_comparison_epoch-3_seed-79_strategy-random_lambda-0p5_budget-100/job_state.json
79,random,Trajectories/2022-04-11/323_RR220411A_816C_1903.bmp || Trajectories/2022-04-11/366_RR220411A_654C_1930.bmp,16,,,37.4689035897242,/content/quantum rheed codex/result/professor_validation/final_comparison/jobs/005_stage-final_comparison_epoch-3_seed-79_strategy-random_lambda-0p5_budget-100/job_state.json
79,random,Trajectories/2022-02-04/219_RR220204A_668C_1852.bmp || Trajectories/2022-02-06/191_RR220206A_960C_2056.bmp,3,,,29.38511046775875,/content/quantum rheed codex/result/professor_validation/final_comparison/jobs/005_stage-final_comparison_epoch-3_seed-79_strategy-random_lambda-0p5_budget-100/job_state.json
79,random,Trajectories/2022-02-06/102_RR220206A_698C_1845.bmp || Trajectories/2022-04-11/183_RR220411A_794C_1655.bmp,15,,,27.591674354478272,/content/quantum rheed codex/result/professor_validation/final_comparison/jobs/005_stage-final_comparison_epoch-3_seed-79_strategy-random_lambda-0p5_budget-100/job_state.json
79,random,Trajectories/2022-02-04/129_RR220204A_465C_1753.bmp || Trajectories/2022-04-11/243_RR220411A_909C_1739.bmp,2,,,40.732213496906645,/content/quantum rheed codex/result/professor_validation/final_comparison/jobs/005_stage-final_comparison_epoch-3_seed-79_strategy-random_lambda-0p5_budget-100/job_state.json
79,random,Trajectories/2022-02-04/295_RR220204A_882C_2015.bmp || Trajectories/2022-02-04/332_RR220204A_941C_2057.bmp,12,,,26.386662700845232,/content/quantum rheed codex/result/professor_validation/final_comparison/jobs/005_stage-final_comparison_epoch-3_seed-79_strategy-random_lambda-0p5_budget-100/job_state.json
79,random,Trajectories/2022-02-04/001_RR220204A_933C_0006.bmp || Trajectories/2022-02-06/230_RR220206A_767C_2143.bmp,3,,,27.70948684430625,/content/quantum rheed codex/result/professor_validation/final_comparison/jobs/005_stage-final_comparison_epoch-3_seed-79_strategy-random_lambda-0p5_budget-100/job_state.json
79,random,Trajectories/2022-02-06/058_RR220206A_249C_1745.bmp || Trajectories/2022-04-11/178_RR220411A_774C_1649.bmp,19,,,30.8770130610916,/content/quantum rheed codex/result/professor_validation/final_comparison/jobs/005_stage-final_comparison_epoch-3_seed-79_strategy-random_lambda-0p5_budget-100/job_state.json
79,random,Trajectories/2022-02-04/307_RR220204A_912C_2025.bmp || Trajectories/2022-04-11/386_RR220411A_580C_1943.bmp,12,,,27.42746221711289,/content/quantum rheed codex/result/professor_validation/final_comparison/jobs/005_stage-final_comparison_epoch-3_seed-79_strategy-random_lambda-0p5_budget-100/job_state.json
79,random,Trajectories/2022-02-06/216_RR220206A_837C_2124.bmp || Trajectories/2022-04-11/419_RR220411A_415C_1957.bmp,17,,,30.434120307578386,/content/quantum rheed codex/result/professor_validation/final_comparison/jobs/005_stage-final_comparison_epoch-3_seed-79_strategy-random_lambda-0p5_budget-100/job_state.json
79,random,Trajectories/2022-02-06/049_RR220206A_205C_1737.bmp || Trajectories/2022-04-11/356_RR220411A_685C_1925.bmp,7,,,34.42211073117963,/content/quantum rheed codex/result/professor_validation/final_comparison/jobs/005_stage-final_comparison_epoch-3_seed-79_strategy-random_lambda-0p5_budget-100/job_state.json
79,random,Trajectories/2022-04-11/047_RR220411A_350C_1454.bmp || Trajectories/2022-04-11/186_RR220411A_805C_1658.bmp,3,,,28.20844608131797,/content/quantum rheed codex/result/professor_validation/final_comparison/jobs/005_stage-final_comparison_epoch-3_seed-79_strategy-random_lambda-0p5_budget-100/job_state.json
79,random,Trajectories/2022-02-04/152_RR220204A_488C_1805-02.bmp || Trajectories/2022-04-11/173_RR220411A_755C_1643.bmp,13,,,35.85462865955078,/content/quantum rheed codex/result/professor_validation/final_comparison/jobs/005_stage-final_comparison_epoch-3_seed-79_strategy-random_lambda-0p5_budget-100/job_state.json
79,random,Trajectories/2022-02-04/195_RR220204A_611C_1832.bmp || Trajectories/2022-02-04/320_RR220204A_915C_2039.bmp,2,,,40.605724180113775,/content/quantum rheed codex/result/professor_validation/final_comparison/jobs/005_stage-final_comparison_epoch-3_seed-79_strategy-random_lambda-0p5_budget-100/job_state.json
79,random,Trajectories/2022-02-06/095_RR220206A_614C_1835.bmp || Trajectories/2022-02-06/247_RR220206A_657C_2207.bmp,14,,,24.85364397180563,/content/quantum rheed codex/result/professor_validation/final_comparison/jobs/005_stage-final_comparison_epoch-3_seed-79_strategy-random_lambda-0p5_budget-100/job_state.json
79,random,Trajectories/2022-04-11/069_RR220411A_428C_1515.bmp || Trajectories/2022-04-11/231_RR220411A_882C_1729.bmp,10,,,32.599831966370175,/content/quantum rheed codex/result/professor_validation/final_comparison/jobs/005_stage-final_comparison_epoch-3_seed-79_strategy-random_lambda-0p5_budget-100/job_state.json
79,random,Trajectories/2022-02-04/044_RR220204A_348C_0157.bmp || Trajectories/2022-02-04/059_RR220204A_180C_0211.bmp,1,,,33.392326078584254,/content/quantum rheed codex/result/professor_validation/final_comparison/jobs/005_stage-final_comparison_epoch-3_seed-79_strategy-random_lambda-0p5_budget-100/job_state.json
79,random,Trajectories/2022-02-04/189_RR220204A_578C_1830.bmp || Trajectories/2022-02-04/341_RR220204A_937C_2114.bmp,13,,,36.441796497322045,/content/quantum rheed codex/result/professor_validation/final_comparison/jobs/005_stage-final_comparison_epoch-3_seed-79_strategy-random_lambda-0p5_budget-100/job_state.json
79,random,Trajectories/2022-02-04/156_RR220204A_490C_1808.bmp || Trajectories/2022-02-04/383_RR220204A_937C_2331.bmp,2,,,39.15633018589042,/content/quantum rheed codex/result/professor_validation/final_comparison/jobs/005_stage-final_comparison_epoch-3_seed-79_strategy-random_lambda-0p5_budget-100/job_state.json
79,random,Trajectories/2022-02-04/303_RR220204A_917C_2021.bmp || Trajectories/2022-04-11/226_RR220411A_873C_1725.bmp,12,,,27.65819203232649,/content/quantum rheed codex/result/professor_validation/final_comparison/jobs/005_stage-final_comparison_epoch-3_seed-79_strategy-random_lambda-0p5_budget-100/job_state.json
79,random,Trajectories/2022-02-04/230_RR220204A_695C_1902.bmp || Trajectories/2022-02-06/074_RR220206A_430C_1809.bmp,1,,,33.41267907146517,/content/quantum rheed codex/result/professor_validation/final_comparison/jobs/005_stage-final_comparison_epoch-3_seed-79_strategy-random_lambda-0p5_budget-100/job_state.json
79,random,Trajectories/2022-02-04/181_RR220204A_572C_1825.bmp || Trajectories/2022-04-11/437_RR220411A_345C_2004.bmp,9,,,40.6726482998663,/content/quantum rheed codex/result/professor_validation/final_comparison/jobs/005_stage-final_comparison_epoch-3_seed-79_strategy-random_lambda-0p5_budget-100/job_state.json
79,random,Trajectories/2022-02-04/184_RR220204A_576C_1826.bmp || Trajectories/2022-04-11/147_RR220411A_671C_1617.bmp,13,,,35.242739798215666,/content/quantum rheed codex/result/professor_validation/final_comparison/jobs/005_stage-final_comparison_epoch-3_seed-79_strategy-random_lambda-0p5_budget-100/job_state.json
79,random,Trajectories/2022-02-06/186_RR220206A_985C_2050.bmp || Trajectories/2022-02-06/251_RR220206A_619C_2214.bmp,4,,,23.894779594554528,/content/quantum rheed codex/result/professor_validation/final_comparison/jobs/005_stage-final_comparison_epoch-3_seed-79_strategy-random_lambda-0p5_budget-100/job_state.json
79,random,Trajectories/2022-04-11/203_RR220411A_843C_1711-03.bmp || Trajectories/2022-04-11/284_RR220411A_912C_1835.bmp,8,,,36.624455106784325,/content/quantum rheed codex/result/professor_validation/final_comparison/jobs/005_stage-final_comparison_epoch-3_seed-79_strategy-random_lambda-0p5_budget-100/job_state.json
79,random,Trajectories/2022-02-04/378_RR220204A_938C_2312.bmp || Trajectories/2022-02-06/229_RR220206A_766C_2141.bmp,3,,,29.72242173676783,/content/quantum rheed codex/result/professor_validation/final_comparison/jobs/005_stage-final_comparison_epoch-3_seed-79_strategy-random_lambda-0p5_budget-100/job_state.json
79,random,Trajectories/2022-02-06/241_RR220206A_692C_2157.bmp || Trajectories/2022-04-11/201_RR220411A_843C_1711-01.bmp,10,,,31.047517228794185,/content/quantum rheed codex/result/professor_validation/final_comparison/jobs/005_stage-final_comparison_epoch-3_seed-79_strategy-random_lambda-0p5_budget-100/job_state.json
79,random,Trajectories/2022-02-04/037_RR220204A_579C_0146.bmp || Trajectories/2022-02-04/074_RR220204A_297C_1711.bmp,2,,,38.970661602414594,/content/quantum rheed codex/result/professor_validation/final_comparison/jobs/005_stage-final_comparison_epoch-3_seed-79_strategy-random_lambda-0p5_budget-100/job_state.json
79,random,Trajectories/2022-02-04/097_RR220204A_405C_1727.bmp || Trajectories/2022-04-11/383_RR220411A_597C_1941.bmp,9,,,40.631509135056476,/content/quantum rheed codex/result/professor_validation/final_comparison/jobs/005_stage-final_comparison_epoch-3_seed-79_strategy-random_lambda-0p5_budget-100/job_state.json
79,random,Trajectories/2022-02-04/341_RR220204A_937C_2114.bmp || Trajectories/2022-02-06/163_RR220206A_1105C_2015.bmp,15,,,26.73308096354901,/content/quantum rheed codex/result/professor_validation/final_comparison/jobs/005_stage-final_comparison_epoch-3_seed-79_strategy-random_lambda-0p5_budget-100/job_state.json
79,random,Trajectories/2022-02-04/281_RR220204A_806C_2000.bmp || Trajectories/2022-04-11/322_RR220411A_818C_1902.bmp,12,,,26.90672834869541,/content/quantum rheed codex/result/professor_validation/final_comparison/jobs/005_stage-final_comparison_epoch-3_seed-79_strategy-random_lambda-0p5_budget-100/job_state.json
79,random,Trajectories/2022-02-06/055_RR220206A_239C_1742.bmp || Trajectories/2022-04-11/409_RR220411A_474C_1953.bmp,7,,,35.54854691607145,/content/quantum rheed codex/result/professor_validation/final_comparison/jobs/005_stage-final_comparison_epoch-3_seed-79_strategy-random_lambda-0p5_budget-100/job_state.json
79,random,Trajectories/2022-02-04/296_RR220204A_869C_2015.bmp || Trajectories/2022-04-11/009_RR220411A_206C_1423.bmp,5,,,20.86733972574099,/content/quantum rheed codex/result/professor_validation/final_comparison/jobs/005_stage-final_comparison_epoch-3_seed-79_strategy-random_lambda-0p5_budget-100/job_state.json
79,random,Trajectories/2022-02-04/159_RR220204A_501C_1809-01.bmp || Trajectories/2022-04-11/100_RR220411A_492C_1537.bmp,13,,,34.95122282095185,/content/quantum rheed codex/result/professor_validation/final_comparison/jobs/005_stage-final_comparison_epoch-3_seed-79_strategy-random_lambda-0p5_budget-100/job_state.json
79,random,Trajectories/2022-02-04/305_RR220204A_915C_2023.bmp || Trajectories/2022-02-04/335_RR220204A_940C_2102.bmp,0,,,25.8007487159684,/content/quantum rheed codex/result/professor_validation/final_comparison/jobs/005_stage-final_comparison_epoch-3_seed-79_strategy-random_lambda-0p5_budget-100/job_state.json
79,random,Trajectories/2022-02-06/271_RR220206A_425C_2242.bmp || Trajectories/2022-04-11/372_RR220411A_636C_1935.bmp,11,,,32.859918140344604,/content/quantum rheed codex/result/professor_validation/final_comparison/jobs/005_stage-final_comparison_epoch-3_seed-79_strategy-random_lambda-0p5_budget-100/job_state.json
79,random,Trajectories/2022-02-04/106_RR220204A_430C_1736.bmp || Trajectories/2022-02-04/347_RR220204A_954C_2124.bmp,1,,,34.08584156101801,/content/quantum rheed codex/result/professor_validation/final_comparison/jobs/005_stage-final_comparison_epoch-3_seed-79_strategy-random_lambda-0p5_budget-100/job_state.json
79,random,Trajectories/2022-02-06/104_RR220206A_734C_1847.bmp || Trajectories/2022-02-06/207_RR220206A_875C_2114.bmp,18,,,22.8981728405366,/content/quantum rheed codex/result/professor_validation/final_comparison/jobs/005_stage-final_comparison_epoch-3_seed-79_strategy-random_lambda-0p5_budget-100/job_state.json
79,random,Trajectories/2022-02-06/097_RR220206A_654C_1837.bmp || Trajectories/2022-04-11/067_RR220411A_416C_1513-02.bmp,14,,,24.68389989937625,/content/quantum rheed codex/result/professor_validation/final_comparison/jobs/005_stage-final_comparison_epoch-3_seed-79_strategy-random_lambda-0p5_budget-100/job_state.json
79,random,Trajectories/2022-02-04/020_RR220204A_981C_0126-02.bmp || Trajectories/2022-04-11/088_RR220411A_459C_1527.bmp,3,,,29.183758322987853,/content/quantum rheed codex/result/professor_validation/final_comparison/jobs/005_stage-final_comparison_epoch-3_seed-79_strategy-random_lambda-0p5_budget-100/job_state.json
79,random,Trajectories/2022-02-04/206_RR220204A_641C_1841.bmp || Trajectories/2022-02-06/187_RR220206A_985C_2051.bmp,3,,,29.878505594221906,/content/quantum rheed codex/result/professor_validation/final_comparison/jobs/005_stage-final_comparison_epoch-3_seed-79_strategy-random_lambda-0p5_budget-100/job_state.json
79,random,Trajectories/2022-04-11/001_RR220411A_180C_1417-01.bmp || Trajectories/2022-04-11/321_RR220411A_823C_1901.bmp,6,,,29.167836998411584,/content/quantum rheed codex/result/professor_validation/final_comparison/jobs/005_stage-final_comparison_epoch-3_seed-79_strategy-random_lambda-0p5_budget-100/job_state.json
79,random,Trajectories/2022-02-04/124_RR220204A_444C_1748.bmp || Trajectories/2022-04-11/330_RR220411A_762C_1910.bmp,9,,,39.53958934727012,/content/quantum rheed codex/result/professor_validation/final_comparison/jobs/005_stage-final_comparison_epoch-3_seed-79_strategy-random_lambda-0p5_budget-100/job_state.json
79,random,Trajectories/2022-02-04/194_RR220204A_610C_1832.bmp || Trajectories/2022-02-06/119_RR220206A_871C_1918.bmp,8,,,36.936491958450496,/content/quantum rheed codex/result/professor_validation/final_comparison/jobs/005_stage-final_comparison_epoch-3_seed-79_strategy-random_lambda-0p5_budget-100/job_state.json
123,cluster_diverse,Trajectories/2022-02-06/273_RR220206A_423C_2243.bmp || Trajectories/2022-04-11/093_RR220411A_482C_1531.bmp,0,,0.6924893260002136,17.76856464132834,/content/quantum rheed codex/result/professor_validation/final_comparison/jobs/012_stage-final_comparison_epoch-3_seed-123_strategy-cluster_diverse_lambda-0p5_budget-100/job_state.json
123,cluster_diverse,Trajectories/2022-02-04/034_RR220204A_655C_0142.bmp || Trajectories/2022-02-06/272_RR220206A_424C_2242.bmp,0,,0.6918668746948242,17.88679644373024,/content/quantum rheed codex/result/professor_validation/final_comparison/jobs/012_stage-final_comparison_epoch-3_seed-123_strategy-cluster_diverse_lambda-0p5_budget-100/job_state.json
123,cluster_diverse,Trajectories/2022-02-04/205_RR220204A_642C_1839-02.bmp || Trajectories/2022-02-04/337_RR220204A_938C_2106.bmp,0,,0.6913529634475708,17.481586947297966,/content/quantum rheed codex/result/professor_validation/final_comparison/jobs/012_stage-final_comparison_epoch-3_seed-123_strategy-cluster_diverse_lambda-0p5_budget-100/job_state.json
123,cluster_diverse,Trajectories/2022-04-11/063_RR220411A_402C_1510.bmp || Trajectories/2022-04-11/268_RR220411A_952C_1801.bmp,0,,0.6890968084335327,18.15516786056571,/content/quantum rheed codex/result/professor_validation/final_comparison/jobs/012_stage-final_comparison_epoch-3_seed-123_strategy-cluster_diverse_lambda-0p5_budget-100/job_state.json
123,cluster_diverse,Trajectories/2022-02-04/189_RR220204A_578C_1830.bmp || Trajectories/2022-02-04/341_RR220204A_937C_2114.bmp,0,,0.688416063785553,17.611334345104236,/content/quantum rheed codex/result/professor_validation/final_comparison/jobs/012_stage-final_comparison_epoch-3_seed-123_strategy-cluster_diverse_lambda-0p5_budget-100/job_state.json
123,cluster_diverse,Trajectories/2022-02-04/178_RR220204A_544C_1822.bmp || Trajectories/2022-04-11/013_RR220411A_223C_1424.bmp,0,,0.6855638027191162,17.938214627787573,/content/quantum rheed codex/result/professor_validation/final_comparison/jobs/012_stage-final_comparison_epoch-3_seed-123_strategy-cluster_diverse_lambda-0p5_budget-100/job_state.json
123,cluster_diverse,Trajectories/2022-02-04/007_RR220204A_931C_0051.bmp || Trajectories/2022-04-11/291_RR220411A_888C_1840.bmp,0,,0.6830407977104187,18.237156898120297,/content/quantum rheed codex/result/professor_validation/final_comparison/jobs/012_stage-final_comparison_epoch-3_seed-123_strategy-cluster_diverse_lambda-0p5_budget-100/job_state.json
123,cluster_diverse,Trajectories/2022-04-11/013_RR220411A_223C_1424.bmp || Trajectories/2022-04-11/306_RR220411A_857C_1850.bmp,0,,0.6829850077629089,17.99736924107199,/content/quantum rheed codex/result/professor_validation/final_comparison/jobs/012_stage-final_comparison_epoch-3_seed-123_strategy-cluster_diverse_lambda-0p5_budget-100/job_state.json
123,cluster_diverse,Trajectories/2022-02-04/124_RR220204A_444C_1748.bmp || Trajectories/2022-04-11/330_RR220411A_762C_1910.bmp,1,,0.6928637623786926,18.44339831324409,/content/quantum rheed codex/result/professor_validation/final_comparison/jobs/012_stage-final_comparison_epoch-3_seed-123_strategy-cluster_diverse_lambda-0p5_budget-100/job_state.json
123,cluster_diverse,Trajectories/2022-04-11/320_RR220411A_824C_1901.bmp || Trajectories/2022-04-11/332_RR220411A_756C_1911.bmp,1,,0.6928362846374512,18.42159332404442,/content/quantum rheed codex/result/professor_validation/final_comparison/jobs/012_stage-final_comparison_epoch-3_seed-123_strategy-cluster_diverse_lambda-0p5_budget-100/job_state.json
123,cluster_diverse,Trajectories/2022-04-11/323_RR220411A_816C_1903.bmp || Trajectories/2022-04-11/366_RR220411A_654C_1930.bmp,1,,0.6915085911750793,18.859781109415984,/content/quantum rheed codex/result/professor_validation/final_comparison/jobs/012_stage-final_comparison_epoch-3_seed-123_strategy-cluster_diverse_lambda-0p5_budget-100/job_state.json
123,cluster_diverse,Trajectories/2022-02-04/093_RR220204A_397C_1722.bmp || Trajectories/2022-04-11/367_RR220411A_648C_1932.bmp,1,,0.6909991502761841,18.750098311378324,/content/quantum rheed codex/result/professor_validation/final_comparison/jobs/012_stage-final_comparison_epoch-3_seed-123_strategy-cluster_diverse_lambda-0p5_budget-100/job_state.json
123,cluster_diverse,Trajectories/2022-02-04/139_RR220204A_470C_1758.bmp || Trajectories/2022-04-11/372_RR220411A_636C_1935.bmp,1,,0.690861165523529,18.802119592148408,/content/quantum rheed codex/result/professor_validation/final_comparison/jobs/012_stage-final_comparison_epoch-3_seed-123_strategy-cluster_diverse_lambda-0p5_budget-100/job_state.json
123,cluster_diverse,Trajectories/2022-02-04/147_RR220204A_486C_1804.bmp || Trajectories/2022-04-11/363_RR220411A_661C_1929.bmp,1,,0.6908347010612488,18.679511513573463,/content/quantum rheed codex/result/professor_validation/final_comparison/jobs/012_stage-final_comparison_epoch-3_seed-123_strategy-cluster_diverse_lambda-0p5_budget-100/job_state.json
123,cluster_diverse,Trajectories/2022-04-11/278_RR220411A_932C_1829.bmp || Trajectories/2022-04-11/386_RR220411A_580C_1943.bmp,1,,0.684941828250885,18.842806098556203,/content/quantum rheed codex/result/professor_validation/final_comparison/jobs/012_stage-final_comparison_epoch-3_seed-123_strategy-cluster_diverse_lambda-0p5_budget-100/job_state.json
123,cluster_diverse,Trajectories/2022-02-04/263_RR220204A_793C_1934.bmp || Trajectories/2022-04-11/042_RR220411A_331C_1448.bmp,2,,0.6913706660270691,18.46000003997935,/content/quantum rheed codex/result/professor_validation/final_comparison/jobs/012_stage-final_comparison_epoch-3_seed-123_strategy-cluster_diverse_lambda-0p5_budget-100/job_state.json
123,cluster_diverse,Trajectories/2022-02-04/294_RR220204A_843C_2014.bmp || Trajectories/2022-02-06/140_RR220206A_993C_1941.bmp,2,,0.6909232139587402,19.047358515168007,/content/quantum rheed codex/result/professor_validation/final_comparison/jobs/012_stage-final_comparison_epoch-3_seed-123_strategy-cluster_diverse_lambda-0p5_budget-100/job_state.json
123,cluster_diverse,Trajectories/2022-02-04/209_RR220204A_637C_1845.bmp || Trajectories/2022-02-04/213_RR220204A_668C_1847.bmp,3,,0.6930572390556335,17.076230480901252,/content/quantum rheed codex/result/professor_validation/final_comparison/jobs/012_stage-final_comparison_epoch-3_seed-123_strategy-cluster_diverse_lambda-0p5_budget-100/job_state.json
123,cluster_diverse,Trajectories/2022-02-04/194_RR220204A_610C_1832.bmp || Trajectories/2022-02-06/119_RR220206A_871C_1918.bmp,3,,0.69288170337677,17.58616764733197,/content/quantum rheed codex/result/professor_validation/final_comparison/jobs/012_stage-final_comparison_epoch-3_seed-123_strategy-cluster_diverse_lambda-0p5_budget-100/job_state.json
123,cluster_diverse,Trajectories/2022-02-06/048_RR220206A_175C_1736.bmp || Trajectories/2022-04-11/189_RR220411A_822C_1703.bmp,3,,0.6927997469902039,17.948212350834435,/content/quantum rheed codex/result/professor_validation/final_comparison/jobs/012_stage-final_comparison_epoch-3_seed-123_strategy-cluster_diverse_lambda-0p5_budget-100/job_state.json
123,cluster_diverse,Trajectories/2022-02-04/196_RR220204A_611C_1834.bmp || Trajectories/2022-04-11/147_RR220411A_671C_1617.bmp,3,,0.6923141479492188,17.483617566777585,/content/quantum rheed codex/result/professor_validation/final_comparison/jobs/012_stage-final_comparison_epoch-3_seed-123_strategy-cluster_diverse_lambda-0p5_budget-100/job_state.json
123,cluster_diverse,Trajectories/2022-02-04/194_RR220204A_610C_1832.bmp || Trajectories/2022-04-11/163_RR220411A_715C_1634.bmp,3,,0.6921011209487915,17.509473638546083,/content/quantum rheed codex/result/professor_validation/final_comparison/jobs/012_stage-final_comparison_epoch-3_seed-123_strategy-cluster_diverse_lambda-0p5_budget-100/job_state.json
123,cluster_diverse,Trajectories/2022-02-04/188_RR220204A_579C_1829.bmp || Trajectories/2022-04-11/113_RR220411A_539C_1548.bmp,3,,0.6918918490409851,17.64579745013354,/content/quantum rheed codex/result/professor_validation/final_comparison/jobs/012_stage-final_comparison_epoch-3_seed-123_strategy-cluster_diverse_lambda-0p5_budget-100/job_state.json
123,cluster_diverse,Trajectories/2022-02-04/085_RR220204A_378C_1720.bmp || Trajectories/2022-02-04/328_RR220204A_946C_2053.bmp,4,,0.6877398490905762,17.77340747847999,/content/quantum rheed codex/result/professor_validation/final_comparison/jobs/012_stage-final_comparison_epoch-3_seed-123_strategy-cluster_diverse_lambda-0p5_budget-100/job_state.json
123,cluster_diverse,Trajectories/2022-04-11/066_RR220411A_416C_1513-01.bmp || Trajectories/2022-04-11/292_RR220411A_887C_1841.bmp,4,,0.687675416469574,18.013844356732967,/content/quantum rheed codex/result/professor_validation/final_comparison/jobs/012_stage-final_comparison_epoch-3_seed-123_strategy-cluster_diverse_lambda-0p5_budget-100/job_state.json
123,cluster_diverse,Trajectories/2022-02-04/021_RR220204A_981C_0126-03.bmp || Trajectories/2022-04-11/225_RR220411A_873C_1724.bmp,4,,0.687468945980072,18.595882647231388,/content/quantum rheed codex/result/professor_validation/final_comparison/jobs/012_stage-final_comparison_epoch-3_seed-123_strategy-cluster_diverse_lambda-0p5_budget-100/job_state.json
123,cluster_diverse,Trajectories/2022-02-04/156_RR220204A_490C_1808.bmp || Trajectories/2022-02-04/383_RR220204A_937C_2331.bmp,4,,0.6871337294578552,17.88034796971601,/content/quantum rheed codex/result/professor_validation/final_comparison/jobs/012_stage-final_comparison_epoch-3_seed-123_strategy-cluster_diverse_lambda-0p5_budget-100/job_state.json
123,cluster_diverse,Trajectories/2022-02-04/020_RR220204A_981C_0126-02.bmp || Trajectories/2022-02-04/133_RR220204A_467C_1754-01.bmp,4,,0.6869915127754211,18.37782063440064,/content/quantum rheed codex/result/professor_validation/final_comparison/jobs/012_stage-final_comparison_epoch-3_seed-123_strategy-cluster_diverse_lambda-0p5_budget-100/job_state.json
123,cluster_diverse,Trajectories/2022-04-11/069_RR220411A_428C_1515.bmp || Trajectories/2022-04-11/231_RR220411A_882C_1729.bmp,4,,0.6857529282569885,18.156166089838596,/content/quantum rheed codex/result/professor_validation/final_comparison/jobs/012_stage-final_comparison_epoch-3_seed-123_strategy-cluster_diverse_lambda-0p5_budget-100/job_state.json
123,cluster_diverse,Trajectories/2022-02-04/324_RR220204A_913C_2047.bmp || Trajectories/2022-04-11/057_RR220411A_389C_1506-01.bmp,5,,0.6914330720901489,17.986927565985454,/content/quantum rheed codex/result/professor_validation/final_comparison/jobs/012_stage-final_comparison_epoch-3_seed-123_strategy-cluster_diverse_lambda-0p5_budget-100/job_state.json
123,cluster_diverse,Trajectories/2022-02-04/029_RR220204A_808C_0135.bmp || Trajectories/2022-02-04/242_RR220204A_720C_1911.bmp,5,,0.690462052822113,17.832702593647124,/content/quantum rheed codex/result/professor_validation/final_comparison/jobs/012_stage-final_comparison_epoch-3_seed-123_strategy-cluster_diverse_lambda-0p5_budget-100/job_state.json
123,cluster_diverse,Trajectories/2022-02-04/020_RR220204A_981C_0126-02.bmp || Trajectories/2022-04-11/088_RR220411A_459C_1527.bmp,6,,0.6929699778556824,18.7858277368378,/content/quantum rheed codex/result/professor_validation/final_comparison/jobs/012_stage-final_comparison_epoch-3_seed-123_strategy-cluster_diverse_lambda-0p5_budget-100/job_state.json
123,cluster_diverse,Trajectories/2022-02-06/068_RR220206A_362C_1759.bmp || Trajectories/2022-04-11/030_RR220411A_291C_1437.bmp,6,,0.6925284266471863,18.362131496655547,/content/quantum rheed codex/result/professor_validation/final_comparison/jobs/012_stage-final_comparison_epoch-3_seed-123_strategy-cluster_diverse_lambda-0p5_budget-100/job_state.json
123,cluster_diverse,Trajectories/2022-02-04/013_RR220204A_949C_0119.bmp || Trajectories/2022-02-06/077_RR220206A_461C_1813.bmp,6,,0.6915615797042847,18.498478016212285,/content/quantum rheed codex/result/professor_validation/final_comparison/jobs/012_stage-final_comparison_epoch-3_seed-123_strategy-cluster_diverse_lambda-0p5_budget-100/job_state.json
123,cluster_diverse,Trajectories/2022-02-04/048_RR220204A_245C_0201.bmp || Trajectories/2022-04-11/183_RR220411A_794C_1655.bmp,6,,0.6902817487716675,18.596265483889468,/content/quantum rheed codex/result/professor_validation/final_comparison/jobs/012_stage-final_comparison_epoch-3_seed-123_strategy-cluster_diverse_lambda-0p5_budget-100/job_state.json
123,cluster_diverse,Trajectories/2022-02-04/063_RR220204A_165C_0215-03.bmp || Trajectories/2022-04-11/376_RR220411A_620C_1938.bmp,7,,0.6741819977760315,20.118885853456675,/content/quantum rheed codex/result/professor_validation/final_comparison/jobs/012_stage-final_comparison_epoch-3_seed-123_strategy-cluster_diverse_lambda-0p5_budget-100/job_state.json
123,cluster_diverse,Trajectories/2022-02-04/160_RR220204A_501C_1809-02.bmp || Trajectories/2022-02-04/161_RR220204A_504C_1810.bmp,8,,0.6931465268135071,18.017017714696546,/content/quantum rheed codex/result/professor_validation/final_comparison/jobs/012_stage-final_comparison_epoch-3_seed-123_strategy-cluster_diverse_lambda-0p5_budget-100/job_state.json
123,cluster_diverse,Trajectories/2022-02-04/076_RR220204A_299C_1713.bmp || Trajectories/2022-02-04/080_RR220204A_301C_1718.bmp,8,,0.6931465268135071,18.054176316245304,/content/quantum rheed codex/result/professor_validation/final_comparison/jobs/012_stage-final_comparison_epoch-3_seed-123_strategy-cluster_diverse_lambda-0p5_budget-100/job_state.json
123,cluster_diverse,Trajectories/2022-02-04/085_RR220204A_378C_1720.bmp || Trajectories/2022-02-04/134_RR220204A_467C_1754-02.bmp,8,,0.6931447386741638,18.1702154663856,/content/quantum rheed codex/result/professor_validation/final_comparison/jobs/012_stage-final_comparison_epoch-3_seed-123_strategy-cluster_diverse_lambda-0p5_budget-100/job_state.json
123,cluster_diverse,Trajectories/2022-04-11/227_RR220411A_877C_1726.bmp || Trajectories/2022-04-11/323_RR220411A_816C_1903.bmp,8,,0.6930994391441345,18.393235869020486,/content/quantum rheed codex/result/professor_validation/final_comparison/jobs/012_stage-final_comparison_epoch-3_seed-123_strategy-cluster_diverse_lambda-0p5_budget-100/job_state.json
123,cluster_diverse,Trajectories/2022-02-04/129_RR220204A_465C_1753.bmp || Trajectories/2022-04-11/243_RR220411A_909C_1739.bmp,8,,0.6930944323539734,18.30731525968773,/content/quantum rheed codex/result/professor_validation/final_comparison/jobs/012_stage-final_comparison_epoch-3_seed-123_strategy-cluster_diverse_lambda-0p5_budget-100/job_state.json
123,cluster_diverse,Trajectories/2022-04-11/246_RR220411A_915C_1741.bmp || Trajectories/2022-04-11/258_RR220411A_932C_1751.bmp,8,,0.6930503249168396,18.342849128552043,/content/quantum rheed codex/result/professor_validation/final_comparison/jobs/012_stage-final_comparison_epoch-3_seed-123_strategy-cluster_diverse_lambda-0p5_budget-100/job_state.json
123,cluster_diverse,Trajectories/2022-02-04/148_RR220204A_480C_1804.bmp || Trajectories/2022-04-11/313_RR220411A_839C_1856.bmp,8,,0.6930490732192993,18.14232179633505,/content/quantum rheed codex/result/professor_validation/final_comparison/jobs/012_stage-final_comparison_epoch-3_seed-123_strategy-cluster_diverse_lambda-0p5_budget-100/job_state.json
123,cluster_diverse,Trajectories/2022-02-04/320_RR220204A_915C_2039.bmp || Trajectories/2022-02-06/282_RR220206A_184C_2256.bmp,9,,0.6907250285148621,17.51516122603527,/content/quantum rheed codex/result/professor_validation/final_comparison/jobs/012_stage-final_comparison_epoch-3_seed-123_strategy-cluster_diverse_lambda-0p5_budget-100/job_state.json
123,cluster_diverse,Trajectories/2022-02-06/265_RR220206A_498C_2232.bmp || Trajectories/2022-04-11/288_RR220411A_904C_1837.bmp,9,,0.6880080103874207,17.777523345441494,/content/quantum rheed codex/result/professor_validation/final_comparison/jobs/012_stage-final_comparison_epoch-3_seed-123_strategy-cluster_diverse_lambda-0p5_budget-100/job_state.json
123,cluster_diverse,Trajectories/2022-02-06/189_RR220206A_971C_2054-01.bmp || Trajectories/2022-04-11/286_RR220411A_906C_1837.bmp,9,,0.6867954134941101,17.966815631010796,/content/quantum rheed codex/result/professor_validation/final_comparison/jobs/012_stage-final_comparison_epoch-3_seed-123_strategy-cluster_diverse_lambda-0p5_budget-100/job_state.json
123,cluster_diverse,Trajectories/2022-02-06/191_RR220206A_960C_2056.bmp || Trajectories/2022-04-11/286_RR220411A_906C_1837.bmp,9,,0.6867011189460754,17.948253230894853,/content/quantum rheed codex/result/professor_validation/final_comparison/jobs/012_stage-final_comparison_epoch-3_seed-123_strategy-cluster_diverse_lambda-0p5_budget-100/job_state.json
123,cluster_diverse,Trajectories/2022-02-04/170_RR220204A_536C_1818.bmp || Trajectories/2022-02-06/230_RR220206A_767C_2143.bmp,9,,0.6865918040275574,17.677780547061307,/content/quantum rheed codex/result/professor_validation/final_comparison/jobs/012_stage-final_comparison_epoch-3_seed-123_strategy-cluster_diverse_lambda-0p5_budget-100/job_state.json
123,cluster_diverse,Trajectories/2022-02-06/241_RR220206A_692C_2157.bmp || Trajectories/2022-04-11/201_RR220411A_843C_1711-01.bmp,9,,0.6853224635124207,17.84894878246785,/content/quantum rheed codex/result/professor_validation/final_comparison/jobs/012_stage-final_comparison_epoch-3_seed-123_strategy-cluster_diverse_lambda-0p5_budget-100/job_state.json
123,cluster_diverse,Trajectories/2022-04-11/397_RR220411A_528C_1948.bmp || Trajectories/2022-04-11/443_RR220411A_303C_2007.bmp,10,,0.6921683549880981,20.663411339742073,/content/quantum rheed codex/result/professor_validation/final_comparison/jobs/012_stage-final_comparison_epoch-3_seed-123_strategy-cluster_diverse_lambda-0p5_budget-100/job_state.json
123,cluster_diverse,Trajectories/2022-04-11/108_RR220411A_507C_1543.bmp || Trajectories/2022-04-11/379_RR220411A_614C_1940.bmp,11,,0.6787234544754028,18.34339958145329,/content/quantum rheed codex/result/professor_validation/final_comparison/jobs/012_stage-final_comparison_epoch-3_seed-123_strategy-cluster_diverse_lambda-0p5_budget-100/job_state.json
123,cluster_diverse,Trajectories/2022-02-04/334_RR220204A_939C_2101.bmp || Trajectories/2022-04-11/386_RR220411A_580C_1943.bmp,11,,0.6738852858543396,18.300326548189144,/content/quantum rheed codex/result/professor_validation/final_comparison/jobs/012_stage-final_comparison_epoch-3_seed-123_strategy-cluster_diverse_lambda-0p5_budget-100/job_state.json
123,cluster_diverse,Trajectories/2022-04-11/076_RR220411A_442C_1520.bmp || Trajectories/2022-04-11/387_RR220411A_578C_1943.bmp,11,,0.6737921833992004,18.501312514139112,/content/quantum rheed codex/result/professor_validation/final_comparison/jobs/012_stage-final_comparison_epoch-3_seed-123_strategy-cluster_diverse_lambda-0p5_budget-100/job_state.json
123,cluster_diverse,Trajectories/2022-02-04/003_RR220204A_932C_0017.bmp || Trajectories/2022-04-11/439_RR220411A_330C_2005.bmp,11,,0.6593641638755798,18.92374508641318,/content/quantum rheed codex/result/professor_validation/final_comparison/jobs/012_stage-final_comparison_epoch-3_seed-123_strategy-cluster_diverse_lambda-0p5_budget-100/job_state.json
123,cluster_diverse,Trajectories/2022-02-04/266_RR220204A_783C_1938.bmp || Trajectories/2022-02-04/356_RR220204A_949C_2144.bmp,12,,0.6928496360778809,19.071127978010672,/content/quantum rheed codex/result/professor_validation/final_comparison/jobs/012_stage-final_comparison_epoch-3_seed-123_strategy-cluster_diverse_lambda-0p5_budget-100/job_state.json
123,cluster_diverse,Trajectories/2022-02-04/296_RR220204A_869C_2015.bmp || Trajectories/2022-04-11/009_RR220411A_206C_1423.bmp,12,,0.6906035542488098,19.598011750223158,/content/quantum rheed codex/result/professor_validation/final_comparison/jobs/012_stage-final_comparison_epoch-3_seed-123_strategy-cluster_diverse_lambda-0p5_budget-100/job_state.json
123,cluster_diverse,Trajectories/2022-02-04/305_RR220204A_915C_2023.bmp || Trajectories/2022-02-04/335_RR220204A_940C_2102.bmp,12,,0.6881361603736877,19.410377681937714,/content/quantum rheed codex/result/professor_validation/final_comparison/jobs/012_stage-final_comparison_epoch-3_seed-123_strategy-cluster_diverse_lambda-0p5_budget-100/job_state.json
123,cluster_diverse,Trajectories/2022-02-04/314_RR220204A_937C_2030.bmp || Trajectories/2022-04-11/081_RR220411A_453C_1523.bmp,12,,0.687269389629364,19.81834557640161,/content/quantum rheed codex/result/professor_validation/final_comparison/jobs/012_stage-final_comparison_epoch-3_seed-123_strategy-cluster_diverse_lambda-0p5_budget-100/job_state.json
123,cluster_diverse,Trajectories/2022-02-04/174_RR220204A_527C_1818.bmp || Trajectories/2022-04-11/164_RR220411A_724C_1635.bmp,13,,0.6894218325614929,17.68261654946181,/content/quantum rheed codex/result/professor_validation/final_comparison/jobs/012_stage-final_comparison_epoch-3_seed-123_strategy-cluster_diverse_lambda-0p5_budget-100/job_state.json
123,cluster_diverse,Trajectories/2022-02-06/037_RR220206A_165C_1722.bmp || Trajectories/2022-04-11/219_RR220411A_865C_1720.bmp,13,,0.6889480352401733,18.149166213937033,/content/quantum rheed codex/result/professor_validation/final_comparison/jobs/012_stage-final_comparison_epoch-3_seed-123_strategy-cluster_diverse_lambda-0p5_budget-100/job_state.json
123,cluster_diverse,Trajectories/2022-02-04/159_RR220204A_501C_1809-01.bmp || Trajectories/2022-04-11/100_RR220411A_492C_1537.bmp,13,,0.6888119578361511,17.861217424780648,/content/quantum rheed codex/result/professor_validation/final_comparison/jobs/012_stage-final_comparison_epoch-3_seed-123_strategy-cluster_diverse_lambda-0p5_budget-100/job_state.json
123,cluster_diverse,Trajectories/2022-04-11/141_RR220411A_656C_1613.bmp || Trajectories/2022-04-11/203_RR220411A_843C_1711-03.bmp,13,,0.6886825561523438,17.91187683122861,/content/quantum rheed codex/result/professor_validation/final_comparison/jobs/012_stage-final_comparison_epoch-3_seed-123_strategy-cluster_diverse_lambda-0p5_budget-100/job_state.json
123,cluster_diverse,Trajectories/2022-04-11/183_RR220411A_794C_1655.bmp || Trajectories/2022-04-11/226_RR220411A_873C_1725.bmp,13,,0.688496470451355,17.996661819967404,/content/quantum rheed codex/result/professor_validation/final_comparison/jobs/012_stage-final_comparison_epoch-3_seed-123_strategy-cluster_diverse_lambda-0p5_budget-100/job_state.json
123,cluster_diverse,Trajectories/2022-02-04/152_RR220204A_488C_1805-02.bmp || Trajectories/2022-04-11/173_RR220411A_755C_1643.bmp,13,,0.6880494356155396,17.76258943936875,/content/quantum rheed codex/result/professor_validation/final_comparison/jobs/012_stage-final_comparison_epoch-3_seed-123_strategy-cluster_diverse_lambda-0p5_budget-100/job_state.json
123,cluster_diverse,Trajectories/2022-02-04/139_RR220204A_470C_1758.bmp || Trajectories/2022-04-11/094_RR220411A_484C_1532.bmp,13,,0.6874299049377441,17.931244207410153,/content/quantum rheed codex/result/professor_validation/final_comparison/jobs/012_stage-final_comparison_epoch-3_seed-123_strategy-cluster_diverse_lambda-0p5_budget-100/job_state.json
123,cluster_diverse,Trajectories/2022-02-04/133_RR220204A_467C_1754-01.bmp || Trajectories/2022-04-11/088_RR220411A_459C_1527.bmp,13,,0.6867237091064453,17.965019254368126,/content/quantum rheed codex/result/professor_validation/final_comparison/jobs/012_stage-final_comparison_epoch-3_seed-123_strategy-cluster_diverse_lambda-0p5_budget-100/job_state.json
123,cluster_diverse,Trajectories/2022-02-06/186_RR220206A_985C_2050.bmp || Trajectories/2022-02-06/251_RR220206A_619C_2214.bmp,14,,0.6930296421051025,17.833378071673213,/content/quantum rheed codex/result/professor_validation/final_comparison/jobs/012_stage-final_comparison_epoch-3_seed-123_strategy-cluster_diverse_lambda-0p5_budget-100/job_state.json
123,cluster_diverse,Trajectories/2022-02-04/001_RR220204A_933C_0006.bmp || Trajectories/2022-02-06/230_RR220206A_767C_2143.bmp,14,,0.6924750804901123,18.1648708434055,/content/quantum rheed codex/result/professor_validation/final_comparison/jobs/012_stage-final_comparison_epoch-3_seed-123_strategy-cluster_diverse_lambda-0p5_budget-100/job_state.json
123,cluster_diverse,Trajectories/2022-02-06/095_RR220206A_614C_1835.bmp || Trajectories/2022-02-06/247_RR220206A_657C_2207.bmp,14,,0.6924507021903992,17.965146357636886,/content/quantum rheed codex/result/professor_validation/final_comparison/jobs/012_stage-final_comparison_epoch-3_seed-123_strategy-cluster_diverse_lambda-0p5_budget-100/job_state.json
123,cluster_diverse,Trajectories/2022-02-04/379_RR220204A_937C_2315.bmp || Trajectories/2022-02-06/257_RR220206A_581C_2222.bmp,14,,0.6924008727073669,17.797446514922935,/content/quantum rheed codex/result/professor_validation/final_comparison/jobs/012_stage-final_comparison_epoch-3_seed-123_strategy-cluster_diverse_lambda-0p5_budget-100/job_state.json
123,cluster_diverse,Trajectories/2022-02-06/104_RR220206A_734C_1847.bmp || Trajectories/2022-02-06/207_RR220206A_875C_2114.bmp,14,,0.6923343539237976,18.12255605057155,/content/quantum rheed codex/result/professor_validation/final_comparison/jobs/012_stage-final_comparison_epoch-3_seed-123_strategy-cluster_diverse_lambda-0p5_budget-100/job_state.json
123,cluster_diverse,Trajectories/2022-02-04/219_RR220204A_668C_1852.bmp || Trajectories/2022-02-06/191_RR220206A_960C_2056.bmp,14,,0.6923069953918457,17.53290164297183,/content/quantum rheed codex/result/professor_validation/final_comparison/jobs/012_stage-final_comparison_epoch-3_seed-123_strategy-cluster_diverse_lambda-0p5_budget-100/job_state.json
123,cluster_diverse,Trajectories/2022-02-06/108_RR220206A_769C_1854.bmp || Trajectories/2022-02-06/199_RR220206A_940C_2106.bmp,14,,0.6922773718833923,18.12071705506176,/content/quantum rheed codex/result/professor_validation/final_comparison/jobs/012_stage-final_comparison_epoch-3_seed-123_strategy-cluster_diverse_lambda-0p5_budget-100/job_state.json
123,cluster_diverse,Trajectories/2022-02-04/378_RR220204A_938C_2312.bmp || Trajectories/2022-02-06/229_RR220206A_766C_2141.bmp,14,,0.6922176480293274,17.966425124050737,/content/quantum rheed codex/result/professor_validation/final_comparison/jobs/012_stage-final_comparison_epoch-3_seed-123_strategy-cluster_diverse_lambda-0p5_budget-100/job_state.json
123,cluster_diverse,Trajectories/2022-02-06/215_RR220206A_835C_2123.bmp || Trajectories/2022-04-11/140_RR220411A_647C_1612.bmp,14,,0.6920795440673828,17.789050477868248,/content/quantum rheed codex/result/professor_validation/final_comparison/jobs/012_stage-final_comparison_epoch-3_seed-123_strategy-cluster_diverse_lambda-0p5_budget-100/job_state.json
123,cluster_diverse,Trajectories/2022-04-11/267_RR220411A_953C_1800.bmp || Trajectories/2022-04-11/271_RR220411A_951C_1811.bmp,15,,0.6931443214416504,18.19522285617846,/content/quantum rheed codex/result/professor_validation/final_comparison/jobs/012_stage-final_comparison_epoch-3_seed-123_strategy-cluster_diverse_lambda-0p5_budget-100/job_state.json
123,cluster_diverse,Trajectories/2022-04-11/203_RR220411A_843C_1711-03.bmp || Trajectories/2022-04-11/284_RR220411A_912C_1835.bmp,15,,0.6928735971450806,18.20403692063543,/content/quantum rheed codex/result/professor_validation/final_comparison/jobs/012_stage-final_comparison_epoch-3_seed-123_strategy-cluster_diverse_lambda-0p5_budget-100/job_state.json
123,cluster_diverse,Trajectories/2022-02-04/197_RR220204A_611C_1835.bmp || Trajectories/2022-04-11/233_RR220411A_889C_1731.bmp,15,,0.6902837157249451,17.837342796114307,/content/quantum rheed codex/result/professor_validation/final_comparison/jobs/012_stage-final_comparison_epoch-3_seed-123_strategy-cluster_diverse_lambda-0p5_budget-100/job_state.json
123,cluster_diverse,Trajectories/2022-02-04/117_RR220204A_445C_1740.bmp || Trajectories/2022-02-06/123_RR220206A_894C_1923.bmp,15,,0.6889409422874451,17.847889570487574,/content/quantum rheed codex/result/professor_validation/final_comparison/jobs/012_stage-final_comparison_epoch-3_seed-123_strategy-cluster_diverse_lambda-0p5_budget-100/job_state.json
123,cluster_diverse,Trajectories/2022-02-06/125_RR220206A_887C_1925.bmp || Trajectories/2022-04-11/313_RR220411A_839C_1856.bmp,15,,0.688612163066864,17.781475764346983,/content/quantum rheed codex/result/professor_validation/final_comparison/jobs/012_stage-final_comparison_epoch-3_seed-123_strategy-cluster_diverse_lambda-0p5_budget-100/job_state.json
123,cluster_diverse,Trajectories/2022-02-06/125_RR220206A_887C_1925.bmp || Trajectories/2022-04-11/226_RR220411A_873C_1725.bmp,15,,0.6882062554359436,17.96658966405657,/content/quantum rheed codex/result/professor_validation/final_comparison/jobs/012_stage-final_comparison_epoch-3_seed-123_strategy-cluster_diverse_lambda-0p5_budget-100/job_state.json
123,cluster_diverse,Trajectories/2022-02-06/129_RR220206A_912C_1929.bmp || Trajectories/2022-04-11/217_RR220411A_857C_1718.bmp,15,,0.6859938502311707,17.85404939530431,/content/quantum rheed codex/result/professor_validation/final_comparison/jobs/012_stage-final_comparison_epoch-3_seed-123_strategy-cluster_diverse_lambda-0p5_budget-100/job_state.json
123,cluster_diverse,Trajectories/2022-02-04/221_RR220204A_666C_1854.bmp || Trajectories/2022-04-11/358_RR220411A_677C_1926.bmp,15,,0.6796895265579224,17.803104237735795,/content/quantum rheed codex/result/professor_validation/final_comparison/jobs/012_stage-final_comparison_epoch-3_seed-123_strategy-cluster_diverse_lambda-0p5_budget-100/job_state.json
123,cluster_diverse,Trajectories/2022-02-06/090_RR220206A_568C_1828.bmp || Trajectories/2022-04-11/149_RR220411A_676C_1619.bmp,16,,0.6931023001670837,18.101522231952416,/content/quantum rheed codex/result/professor_validation/final_comparison/jobs/012_stage-final_comparison_epoch-3_seed-123_strategy-cluster_diverse_lambda-0p5_budget-100/job_state.json
123,cluster_diverse,Trajectories/2022-02-04/215_RR220204A_669C_1848.bmp || Trajectories/2022-04-11/120_RR220411A_555C_1553.bmp,16,,0.6929275393486023,17.494317640519345,/content/quantum rheed codex/result/professor_validation/final_comparison/jobs/012_stage-final_comparison_epoch-3_seed-123_strategy-cluster_diverse_lambda-0p5_budget-100/job_state.json
123,cluster_diverse,Trajectories/2022-02-06/058_RR220206A_249C_1745.bmp || Trajectories/2022-04-11/178_RR220411A_774C_1649.bmp,16,,0.6929062008857727,17.938291338263664,/content/quantum rheed codex/result/professor_validation/final_comparison/jobs/012_stage-final_comparison_epoch-3_seed-123_strategy-cluster_diverse_lambda-0p5_budget-100/job_state.json
123,cluster_diverse,Trajectories/2022-04-11/064_RR220411A_413C_1511.bmp || Trajectories/2022-04-11/138_RR220411A_635C_1610.bmp,16,,0.6926869750022888,18.14333628066253,/content/quantum rheed codex/result/professor_validation/final_comparison/jobs/012_stage-final_comparison_epoch-3_seed-123_strategy-cluster_diverse_lambda-0p5_budget-100/job_state.json
123,cluster_diverse,Trajectories/2022-04-11/063_RR220411A_402C_1510.bmp || Trajectories/2022-04-11/131_RR220411A_606C_1603.bmp,16,,0.6926766633987427,18.184376657958797,/content/quantum rheed codex/result/professor_validation/final_comparison/jobs/012_stage-final_comparison_epoch-3_seed-123_strategy-cluster_diverse_lambda-0p5_budget-100/job_state.json
123,cluster_diverse,Trajectories/2022-04-11/053_RR220411A_374C_1502.bmp || Trajectories/2022-04-11/156_RR220411A_699C_1628.bmp,16,,0.6926364898681641,18.137768126902788,/content/quantum rheed codex/result/professor_validation/final_comparison/jobs/012_stage-final_comparison_epoch-3_seed-123_strategy-cluster_diverse_lambda-0p5_budget-100/job_state.json
123,cluster_diverse,Trajectories/2022-02-04/239_RR220204A_720C_1910.bmp || Trajectories/2022-04-11/154_RR220411A_696C_1624.bmp,16,,0.692238986492157,17.509874298161957,/content/quantum rheed codex/result/professor_validation/final_comparison/jobs/012_stage-final_comparison_epoch-3_seed-123_strategy-cluster_diverse_lambda-0p5_budget-100/job_state.json
123,cluster_diverse,Trajectories/2022-04-11/047_RR220411A_350C_1454.bmp || Trajectories/2022-04-11/186_RR220411A_805C_1658.bmp,16,,0.6912954449653625,18.13662189226206,/content/quantum rheed codex/result/professor_validation/final_comparison/jobs/012_stage-final_comparison_epoch-3_seed-123_strategy-cluster_diverse_lambda-0p5_budget-100/job_state.json
123,cluster_diverse,Trajectories/2022-04-11/028_RR220411A_291C_1436.bmp || Trajectories/2022-04-11/050_RR220411A_370C_1458.bmp,17,,0.6930784583091736,18.66621207086177,/content/quantum rheed codex/result/professor_validation/final_comparison/jobs/012_stage-final_comparison_epoch-3_seed-123_strategy-cluster_diverse_lambda-0p5_budget-100/job_state.json
123,cluster_diverse,Trajectories/2022-04-11/036_RR220411A_313C_1443.bmp || Trajectories/2022-04-11/072_RR220411A_429C_1516.bmp,17,,0.6929370164871216,18.566066379759146,/content/quantum rheed codex/result/professor_validation/final_comparison/jobs/012_stage-final_comparison_epoch-3_seed-123_strategy-cluster_diverse_lambda-0p5_budget-100/job_state.json
123,cluster_diverse,Trajectories/2022-02-04/385_RR220204A_939C_2340.bmp || Trajectories/2022-02-06/171_RR220206A_1085C_2027.bmp,17,,0.6924623847007751,18.26091639485507,/content/quantum rheed codex/result/professor_validation/final_comparison/jobs/012_stage-final_comparison_epoch-3_seed-123_strategy-cluster_diverse_lambda-0p5_budget-100/job_state.json
123,cluster_diverse,Trajectories/2022-04-11/001_RR220411A_180C_1417-01.bmp || Trajectories/2022-04-11/051_RR220411A_370C_1500.bmp,17,,0.6923455595970154,18.866184386745523,/content/quantum rheed codex/result/professor_validation/final_comparison/jobs/012_stage-final_comparison_epoch-3_seed-123_strategy-cluster_diverse_lambda-0p5_budget-100/job_state.json
123,cluster_diverse,Trajectories/2022-02-04/019_RR220204A_981C_0126-01.bmp || Trajectories/2022-04-11/035_RR220411A_314C_1442.bmp,17,,0.6923208236694336,18.954759658509637,/content/quantum rheed codex/result/professor_validation/final_comparison/jobs/012_stage-final_comparison_epoch-3_seed-123_strategy-cluster_diverse_lambda-0p5_budget-100/job_state.json
123,cluster_diverse,Trajectories/2022-02-04/241_RR220204A_736C_1911.bmp || Trajectories/2022-04-11/064_RR220411A_413C_1511.bmp,17,,0.6922785043716431,17.932973087582898,/content/quantum rheed codex/result/professor_validation/final_comparison/jobs/012_stage-final_comparison_epoch-3_seed-123_strategy-cluster_diverse_lambda-0p5_budget-100/job_state.json
123,cluster_diverse,Trajectories/2022-02-06/271_RR220206A_425C_2242.bmp || Trajectories/2022-04-11/372_RR220411A_636C_1935.bmp,18,,0.6767165064811707,18.195179161885907,/content/quantum rheed codex/result/professor_validation/final_comparison/jobs/012_stage-final_comparison_epoch-3_seed-123_strategy-cluster_diverse_lambda-0p5_budget-100/job_state.json
123,cluster_diverse,Trajectories/2022-02-06/273_RR220206A_423C_2243.bmp || Trajectories/2022-04-11/379_RR220411A_614C_1940.bmp,18,,0.6747626662254333,18.23355572303522,/content/quantum rheed codex/result/professor_validation/final_comparison/jobs/012_stage-final_comparison_epoch-3_seed-123_strategy-cluster_diverse_lambda-0p5_budget-100/job_state.json
123,cluster_diverse,Trajectories/2022-02-06/234_RR220206A_738C_2148.bmp || Trajectories/2022-04-11/375_RR220411A_617C_1938.bmp,18,,0.6724786758422852,18.25945205247176,/content/quantum rheed codex/result/professor_validation/final_comparison/jobs/012_stage-final_comparison_epoch-3_seed-123_strategy-cluster_diverse_lambda-0p5_budget-100/job_state.json
123,core_set,Trajectories/2022-04-11/397_RR220411A_528C_1948.bmp || Trajectories/2022-04-11/443_RR220411A_303C_2007.bmp,10,5.2547393287343676,,20.663411339742073,/content/quantum rheed codex/result/professor_validation/final_comparison/jobs/014_stage-final_comparison_epoch-3_seed-123_strategy-core_set_lambda-0p5_budget-100/job_state.json
123,core_set,Trajectories/2022-02-04/063_RR220204A_165C_0215-03.bmp || Trajectories/2022-04-11/376_RR220411A_620C_1938.bmp,7,3.505213203354101,,20.118885853456675,/content/quantum rheed codex/result/professor_validation/final_comparison/jobs/014_stage-final_comparison_epoch-3_seed-123_strategy-core_set_lambda-0p5_budget-100/job_state.json
123,core_set,Trajectories/2022-02-04/266_RR220204A_783C_1938.bmp || Trajectories/2022-02-04/356_RR220204A_949C_2144.bmp,12,2.2309837286153207,,19.071127978010672,/content/quantum rheed codex/result/professor_validation/final_comparison/jobs/014_stage-final_comparison_epoch-3_seed-123_strategy-core_set_lambda-0p5_budget-100/job_state.json
123,core_set,Trajectories/2022-02-04/181_RR220204A_572C_1825.bmp || Trajectories/2022-04-11/437_RR220411A_345C_2004.bmp,1,2.1328789890459148,,18.928498813952313,/content/quantum rheed codex/result/professor_validation/final_comparison/jobs/014_stage-final_comparison_epoch-3_seed-123_strategy-core_set_lambda-0p5_budget-100/job_state.json
123,core_set,Trajectories/2022-02-06/055_RR220206A_239C_1742.bmp || Trajectories/2022-04-11/409_RR220411A_474C_1953.bmp,19,1.8078979702347353,,18.707886730330518,/content/quantum rheed codex/result/professor_validation/final_comparison/jobs/014_stage-final_comparison_epoch-3_seed-123_strategy-core_set_lambda-0p5_budget-100/job_state.json
123,core_set,Trajectories/2022-02-06/125_RR220206A_887C_1925.bmp || Trajectories/2022-04-11/313_RR220411A_839C_1856.bmp,15,1.676228464332057,,17.781475764346983,/content/quantum rheed codex/result/professor_validation/final_comparison/jobs/014_stage-final_comparison_epoch-3_seed-123_strategy-core_set_lambda-0p5_budget-100/job_state.json
123,core_set,Trajectories/2022-02-04/305_RR220204A_915C_2023.bmp || Trajectories/2022-02-04/335_RR220204A_940C_2102.bmp,12,1.5778735141722957,,19.410377681937714,/content/quantum rheed codex/result/professor_validation/final_comparison/jobs/014_stage-final_comparison_epoch-3_seed-123_strategy-core_set_lambda-0p5_budget-100/job_state.json
123,core_set,Trajectories/2022-04-11/267_RR220411A_953C_1800.bmp || Trajectories/2022-04-11/271_RR220411A_951C_1811.bmp,15,1.5141790678765352,,18.19522285617846,/content/quantum rheed codex/result/professor_validation/final_comparison/jobs/014_stage-final_comparison_epoch-3_seed-123_strategy-core_set_lambda-0p5_budget-100/job_state.json
123,core_set,Trajectories/2022-04-11/001_RR220411A_180C_1417-01.bmp || Trajectories/2022-04-11/051_RR220411A_370C_1500.bmp,17,1.5045172581419641,,18.866184386745523,/content/quantum rheed codex/result/professor_validation/final_comparison/jobs/014_stage-final_comparison_epoch-3_seed-123_strategy-core_set_lambda-0p5_budget-100/job_state.json
123,core_set,Trajectories/2022-02-04/303_RR220204A_917C_2021.bmp || Trajectories/2022-04-11/226_RR220411A_873C_1725.bmp,0,1.500264857865094,,19.000557538778523,/content/quantum rheed codex/result/professor_validation/final_comparison/jobs/014_stage-final_comparison_epoch-3_seed-123_strategy-core_set_lambda-0p5_budget-100/job_state.json
123,core_set,Trajectories/2022-02-06/037_RR220206A_165C_1722.bmp || Trajectories/2022-04-11/219_RR220411A_865C_1720.bmp,13,1.4870346202197684,,18.149166213937033,/content/quantum rheed codex/result/professor_validation/final_comparison/jobs/014_stage-final_comparison_epoch-3_seed-123_strategy-core_set_lambda-0p5_budget-100/job_state.json
123,core_set,Trajectories/2022-04-11/323_RR220411A_816C_1903.bmp || Trajectories/2022-04-11/366_RR220411A_654C_1930.bmp,1,1.4586927402150685,,18.859781109415984,/content/quantum rheed codex/result/professor_validation/final_comparison/jobs/014_stage-final_comparison_epoch-3_seed-123_strategy-core_set_lambda-0p5_budget-100/job_state.json
123,core_set,Trajectories/2022-02-04/003_RR220204A_932C_0017.bmp || Trajectories/2022-04-11/439_RR220411A_330C_2005.bmp,11,1.4340211000580376,,18.92374508641318,/content/quantum rheed codex/result/professor_validation/final_comparison/jobs/014_stage-final_comparison_epoch-3_seed-123_strategy-core_set_lambda-0p5_budget-100/job_state.json
123,core_set,Trajectories/2022-02-04/205_RR220204A_642C_1839-02.bmp || Trajectories/2022-02-04/337_RR220204A_938C_2106.bmp,0,1.3763740685581016,,17.481586947297966,/content/quantum rheed codex/result/professor_validation/final_comparison/jobs/014_stage-final_comparison_epoch-3_seed-123_strategy-core_set_lambda-0p5_budget-100/job_state.json
123,core_set,Trajectories/2022-02-04/034_RR220204A_655C_0142.bmp || Trajectories/2022-02-06/272_RR220206A_424C_2242.bmp,0,1.3762693773969514,,17.88679644373024,/content/quantum rheed codex/result/professor_validation/final_comparison/jobs/014_stage-final_comparison_epoch-3_seed-123_strategy-core_set_lambda-0p5_budget-100/job_state.json
123,core_set,Trajectories/2022-02-06/048_RR220206A_175C_1736.bmp || Trajectories/2022-04-11/189_RR220411A_822C_1703.bmp,3,1.349608934316376,,17.948212350834435,/content/quantum rheed codex/result/professor_validation/final_comparison/jobs/014_stage-final_comparison_epoch-3_seed-123_strategy-core_set_lambda-0p5_budget-100/job_state.json
123,core_set,Trajectories/2022-02-04/048_RR220204A_245C_0201.bmp || Trajectories/2022-04-11/183_RR220411A_794C_1655.bmp,6,1.3475028964479192,,18.596265483889468,/content/quantum rheed codex/result/professor_validation/final_comparison/jobs/014_stage-final_comparison_epoch-3_seed-123_strategy-core_set_lambda-0p5_budget-100/job_state.json
123,core_set,Trajectories/2022-02-04/294_RR220204A_843C_2014.bmp || Trajectories/2022-02-06/140_RR220206A_993C_1941.bmp,2,1.3474195978491355,,19.047358515168007,/content/quantum rheed codex/result/professor_validation/final_comparison/jobs/014_stage-final_comparison_epoch-3_seed-123_strategy-core_set_lambda-0p5_budget-100/job_state.json
123,core_set,Trajectories/2022-02-06/271_RR220206A_425C_2242.bmp || Trajectories/2022-04-11/372_RR220411A_636C_1935.bmp,18,1.2821573545520963,,18.195179161885907,/content/quantum rheed codex/result/professor_validation/final_comparison/jobs/014_stage-final_comparison_epoch-3_seed-123_strategy-core_set_lambda-0p5_budget-100/job_state.json
123,core_set,Trajectories/2022-02-06/206_RR220206A_875C_2113.bmp || Trajectories/2022-04-11/338_RR220411A_734C_1915.bmp,15,1.2608433472303333,,18.07138343080538,/content/quantum rheed codex/result/professor_validation/final_comparison/jobs/014_stage-final_comparison_epoch-3_seed-123_strategy-core_set_lambda-0p5_budget-100/job_state.json
123,core_set,Trajectories/2022-02-04/221_RR220204A_666C_1854.bmp || Trajectories/2022-04-11/358_RR220411A_677C_1926.bmp,15,1.254765461322069,,17.803104237735795,/content/quantum rheed codex/result/professor_validation/final_comparison/jobs/014_stage-final_comparison_epoch-3_seed-123_strategy-core_set_lambda-0p5_budget-100/job_state.json
123,core_set,Trajectories/2022-02-04/209_RR220204A_637C_1845.bmp || Trajectories/2022-02-04/213_RR220204A_668C_1847.bmp,3,1.2332925582815615,,17.076230480901252,/content/quantum rheed codex/result/professor_validation/final_comparison/jobs/014_stage-final_comparison_epoch-3_seed-123_strategy-core_set_lambda-0p5_budget-100/job_state.json
123,core_set,Trajectories/2022-04-11/183_RR220411A_794C_1655.bmp || Trajectories/2022-04-11/226_RR220411A_873C_1725.bmp,13,1.2227411203296161,,17.996661819967404,/content/quantum rheed codex/result/professor_validation/final_comparison/jobs/014_stage-final_comparison_epoch-3_seed-123_strategy-core_set_lambda-0p5_budget-100/job_state.json
123,core_set,Trajectories/2022-02-04/001_RR220204A_933C_0006.bmp || Trajectories/2022-02-06/230_RR220206A_767C_2143.bmp,14,1.2084516292427754,,18.1648708434055,/content/quantum rheed codex/result/professor_validation/final_comparison/jobs/014_stage-final_comparison_epoch-3_seed-123_strategy-core_set_lambda-0p5_budget-100/job_state.json
123,core_set,Trajectories/2022-02-04/263_RR220204A_793C_1934.bmp || Trajectories/2022-04-11/042_RR220411A_331C_1448.bmp,2,1.1707122239007461,,18.46000003997935,/content/quantum rheed codex/result/professor_validation/final_comparison/jobs/014_stage-final_comparison_epoch-3_seed-123_strategy-core_set_lambda-0p5_budget-100/job_state.json
123,core_set,Trajectories/2022-02-04/020_RR220204A_981C_0126-02.bmp || Trajectories/2022-04-11/088_RR220411A_459C_1527.bmp,6,1.1705179084972352,,18.7858277368378,/content/quantum rheed codex/result/professor_validation/final_comparison/jobs/014_stage-final_comparison_epoch-3_seed-123_strategy-core_set_lambda-0p5_budget-100/job_state.json
123,core_set,Trajectories/2022-02-04/029_RR220204A_808C_0135.bmp || Trajectories/2022-02-04/242_RR220204A_720C_1911.bmp,5,1.1519039734978431,,17.832702593647124,/content/quantum rheed codex/result/professor_validation/final_comparison/jobs/014_stage-final_comparison_epoch-3_seed-123_strategy-core_set_lambda-0p5_budget-100/job_state.json
123,core_set,Trajectories/2022-02-04/296_RR220204A_869C_2015.bmp || Trajectories/2022-04-11/009_RR220411A_206C_1423.bmp,12,1.14598105478262,,19.598011750223158,/content/quantum rheed codex/result/professor_validation/final_comparison/jobs/014_stage-final_comparison_epoch-3_seed-123_strategy-core_set_lambda-0p5_budget-100/job_state.json
123,core_set,Trajectories/2022-02-04/253_RR220204A_782C_1923.bmp || Trajectories/2022-02-06/262_RR220206A_540C_2228.bmp,14,1.1408776381711367,,17.570871333906464,/content/quantum rheed codex/result/professor_validation/final_comparison/jobs/014_stage-final_comparison_epoch-3_seed-123_strategy-core_set_lambda-0p5_budget-100/job_state.json
123,core_set,Trajectories/2022-02-04/320_RR220204A_915C_2039.bmp || Trajectories/2022-02-06/282_RR220206A_184C_2256.bmp,9,1.1391944874758193,,17.51516122603527,/content/quantum rheed codex/result/professor_validation/final_comparison/jobs/014_stage-final_comparison_epoch-3_seed-123_strategy-core_set_lambda-0p5_budget-100/job_state.json
123,core_set,Trajectories/2022-04-11/063_RR220411A_402C_1510.bmp || Trajectories/2022-04-11/268_RR220411A_952C_1801.bmp,0,1.1070987357560502,,18.15516786056571,/content/quantum rheed codex/result/professor_validation/final_comparison/jobs/014_stage-final_comparison_epoch-3_seed-123_strategy-core_set_lambda-0p5_budget-100/job_state.json
123,core_set,Trajectories/2022-02-04/324_RR220204A_913C_2047.bmp || Trajectories/2022-04-11/057_RR220411A_389C_1506-01.bmp,5,1.090788259706869,,17.986927565985454,/content/quantum rheed codex/result/professor_validation/final_comparison/jobs/014_stage-final_comparison_epoch-3_seed-123_strategy-core_set_lambda-0p5_budget-100/job_state.json
123,core_set,Trajectories/2022-02-06/057_RR220206A_249C_1744.bmp || Trajectories/2022-02-06/154_RR220206A_1092C_2003-02.bmp,16,1.0790419956013408,,18.09485130114763,/content/quantum rheed codex/result/professor_validation/final_comparison/jobs/014_stage-final_comparison_epoch-3_seed-123_strategy-core_set_lambda-0p5_budget-100/job_state.json
123,core_set,Trajectories/2022-02-04/334_RR220204A_939C_2101.bmp || Trajectories/2022-04-11/386_RR220411A_580C_1943.bmp,11,1.033795397689872,,18.300326548189144,/content/quantum rheed codex/result/professor_validation/final_comparison/jobs/014_stage-final_comparison_epoch-3_seed-123_strategy-core_set_lambda-0p5_budget-100/job_state.json
123,core_set,Trajectories/2022-02-04/314_RR220204A_937C_2030.bmp || Trajectories/2022-04-11/081_RR220411A_453C_1523.bmp,12,1.0090665761464765,,19.81834557640161,/content/quantum rheed codex/result/professor_validation/final_comparison/jobs/014_stage-final_comparison_epoch-3_seed-123_strategy-core_set_lambda-0p5_budget-100/job_state.json
123,core_set,Trajectories/2022-02-04/219_RR220204A_668C_1852.bmp || Trajectories/2022-02-06/191_RR220206A_960C_2056.bmp,14,1.0052982443811378,,17.53290164297183,/content/quantum rheed codex/result/professor_validation/final_comparison/jobs/014_stage-final_comparison_epoch-3_seed-123_strategy-core_set_lambda-0p5_budget-100/job_state.json
123,core_set,Trajectories/2022-04-11/278_RR220411A_932C_1829.bmp || Trajectories/2022-04-11/386_RR220411A_580C_1943.bmp,1,1.0009208274858468,,18.842806098556203,/content/quantum rheed codex/result/professor_validation/final_comparison/jobs/014_stage-final_comparison_epoch-3_seed-123_strategy-core_set_lambda-0p5_budget-100/job_state.json
123,core_set,Trajectories/2022-04-11/036_RR220411A_313C_1443.bmp || Trajectories/2022-04-11/072_RR220411A_429C_1516.bmp,17,0.9970999060555947,,18.566066379759146,/content/quantum rheed codex/result/professor_validation/final_comparison/jobs/014_stage-final_comparison_epoch-3_seed-123_strategy-core_set_lambda-0p5_budget-100/job_state.json
123,core_set,Trajectories/2022-02-04/239_RR220204A_720C_1910.bmp || Trajectories/2022-04-11/154_RR220411A_696C_1624.bmp,16,0.9885584668696213,,17.509874298161957,/content/quantum rheed codex/result/professor_validation/final_comparison/jobs/014_stage-final_comparison_epoch-3_seed-123_strategy-core_set_lambda-0p5_budget-100/job_state.json
123,core_set,Trajectories/2022-02-04/197_RR220204A_611C_1835.bmp || Trajectories/2022-04-11/233_RR220411A_889C_1731.bmp,15,0.9852371863431071,,17.837342796114307,/content/quantum rheed codex/result/professor_validation/final_comparison/jobs/014_stage-final_comparison_epoch-3_seed-123_strategy-core_set_lambda-0p5_budget-100/job_state.json
123,core_set,Trajectories/2022-02-04/378_RR220204A_938C_2312.bmp || Trajectories/2022-02-06/229_RR220206A_766C_2141.bmp,14,0.9763229452955312,,17.966425124050737,/content/quantum rheed codex/result/professor_validation/final_comparison/jobs/014_stage-final_comparison_epoch-3_seed-123_strategy-core_set_lambda-0p5_budget-100/job_state.json
123,core_set,Trajectories/2022-02-06/049_RR220206A_205C_1737.bmp || Trajectories/2022-04-11/356_RR220411A_685C_1925.bmp,19,0.9733829252224443,,18.299901325174485,/content/quantum rheed codex/result/professor_validation/final_comparison/jobs/014_stage-final_comparison_epoch-3_seed-123_strategy-core_set_lambda-0p5_budget-100/job_state.json
123,core_set,Trajectories/2022-02-06/058_RR220206A_249C_1745.bmp || Trajectories/2022-04-11/178_RR220411A_774C_1649.bmp,16,0.9665701814337171,,17.938291338263664,/content/quantum rheed codex/result/professor_validation/final_comparison/jobs/014_stage-final_comparison_epoch-3_seed-123_strategy-core_set_lambda-0p5_budget-100/job_state.json
123,core_set,Trajectories/2022-02-04/287_RR220204A_851C_2008.bmp || Trajectories/2022-04-11/409_RR220411A_474C_1953.bmp,11,0.9636389610984657,,18.814375436876517,/content/quantum rheed codex/result/professor_validation/final_comparison/jobs/014_stage-final_comparison_epoch-3_seed-123_strategy-core_set_lambda-0p5_budget-100/job_state.json
123,core_set,Trajectories/2022-02-04/159_RR220204A_501C_1809-01.bmp || Trajectories/2022-04-11/100_RR220411A_492C_1537.bmp,13,0.9628365841869,,17.861217424780648,/content/quantum rheed codex/result/professor_validation/final_comparison/jobs/014_stage-final_comparison_epoch-3_seed-123_strategy-core_set_lambda-0p5_budget-100/job_state.json
123,core_set,Trajectories/2022-02-04/194_RR220204A_610C_1832.bmp || Trajectories/2022-02-06/119_RR220206A_871C_1918.bmp,3,0.9474168498064852,,17.58616764733197,/content/quantum rheed codex/result/professor_validation/final_comparison/jobs/014_stage-final_comparison_epoch-3_seed-123_strategy-core_set_lambda-0p5_budget-100/job_state.json
123,core_set,Trajectories/2022-02-04/319_RR220204A_918C_2037.bmp || Trajectories/2022-02-04/354_RR220204A_951C_2141.bmp,6,0.945034359878682,,18.285363396469016,/content/quantum rheed codex/result/professor_validation/final_comparison/jobs/014_stage-final_comparison_epoch-3_seed-123_strategy-core_set_lambda-0p5_budget-100/job_state.json
123,core_set,Trajectories/2022-02-04/300_RR220204A_881C_2018.bmp || Trajectories/2022-02-06/195_RR220206A_944C_2101.bmp,2,0.9440529813326209,,19.13681047818314,/content/quantum rheed codex/result/professor_validation/final_comparison/jobs/014_stage-final_comparison_epoch-3_seed-123_strategy-core_set_lambda-0p5_budget-100/job_state.json
123,core_set,Trajectories/2022-02-04/076_RR220204A_299C_1713.bmp || Trajectories/2022-02-04/080_RR220204A_301C_1718.bmp,8,0.9417663258665481,,18.054176316245304,/content/quantum rheed codex/result/professor_validation/final_comparison/jobs/014_stage-final_comparison_epoch-3_seed-123_strategy-core_set_lambda-0p5_budget-100/job_state.json
123,core_set,Trajectories/2022-02-06/129_RR220206A_912C_1929.bmp || Trajectories/2022-04-11/217_RR220411A_857C_1718.bmp,15,0.9394275123419471,,17.85404939530431,/content/quantum rheed codex/result/professor_validation/final_comparison/jobs/014_stage-final_comparison_epoch-3_seed-123_strategy-core_set_lambda-0p5_budget-100/job_state.json
123,core_set,Trajectories/2022-02-04/215_RR220204A_669C_1848.bmp || Trajectories/2022-04-11/120_RR220411A_555C_1553.bmp,16,0.9376844185763562,,17.494317640519345,/content/quantum rheed codex/result/professor_validation/final_comparison/jobs/014_stage-final_comparison_epoch-3_seed-123_strategy-core_set_lambda-0p5_budget-100/job_state.json
123,core_set,Trajectories/2022-02-04/241_RR220204A_736C_1911.bmp || Trajectories/2022-04-11/064_RR220411A_413C_1511.bmp,17,0.9257702787955915,,17.932973087582898,/content/quantum rheed codex/result/professor_validation/final_comparison/jobs/014_stage-final_comparison_epoch-3_seed-123_strategy-core_set_lambda-0p5_budget-100/job_state.json
123,core_set,Trajectories/2022-02-04/007_RR220204A_931C_0051.bmp || Trajectories/2022-04-11/291_RR220411A_888C_1840.bmp,0,0.9253561088114635,,18.237156898120297,/content/quantum rheed codex/result/professor_validation/final_comparison/jobs/014_stage-final_comparison_epoch-3_seed-123_strategy-core_set_lambda-0p5_budget-100/job_state.json
123,core_set,Trajectories/2022-02-04/019_RR220204A_981C_0126-01.bmp || Trajectories/2022-04-11/035_RR220411A_314C_1442.bmp,17,0.9041366013505323,,18.954759658509637,/content/quantum rheed codex/result/professor_validation/final_comparison/jobs/014_stage-final_comparison_epoch-3_seed-123_strategy-core_set_lambda-0p5_budget-100/job_state.json
123,core_set,Trajectories/2022-02-04/124_RR220204A_444C_1748.bmp || Trajectories/2022-04-11/330_RR220411A_762C_1910.bmp,1,0.8815619506867207,,18.44339831324409,/content/quantum rheed codex/result/professor_validation/final_comparison/jobs/014_stage-final_comparison_epoch-3_seed-123_strategy-core_set_lambda-0p5_budget-100/job_state.json
123,core_set,Trajectories/2022-02-04/013_RR220204A_949C_0119.bmp || Trajectories/2022-02-06/077_RR220206A_461C_1813.bmp,6,0.8767443914636707,,18.498478016212285,/content/quantum rheed codex/result/professor_validation/final_comparison/jobs/014_stage-final_comparison_epoch-3_seed-123_strategy-core_set_lambda-0p5_budget-100/job_state.json
123,core_set,Trajectories/2022-02-04/178_RR220204A_544C_1822.bmp || Trajectories/2022-04-11/013_RR220411A_223C_1424.bmp,0,0.8644418094391471,,17.938214627787573,/content/quantum rheed codex/result/professor_validation/final_comparison/jobs/014_stage-final_comparison_epoch-3_seed-123_strategy-core_set_lambda-0p5_budget-100/job_state.json
123,core_set,Trajectories/2022-02-04/164_RR220204A_507C_1811.bmp || Trajectories/2022-02-06/074_RR220206A_430C_1809.bmp,3,0.8643637194497847,,17.778128603312584,/content/quantum rheed codex/result/professor_validation/final_comparison/jobs/014_stage-final_comparison_epoch-3_seed-123_strategy-core_set_lambda-0p5_budget-100/job_state.json
123,core_set,Trajectories/2022-02-04/229_RR220204A_696C_1901-02.bmp || Trajectories/2022-04-11/208_RR220411A_850C_1713-02.bmp,13,0.8630252475998273,,17.552617830849975,/content/quantum rheed codex/result/professor_validation/final_comparison/jobs/014_stage-final_comparison_epoch-3_seed-123_strategy-core_set_lambda-0p5_budget-100/job_state.json
123,core_set,Trajectories/2022-04-11/047_RR220411A_350C_1454.bmp || Trajectories/2022-04-11/186_RR220411A_805C_1658.bmp,16,0.848209986585737,,18.13662189226206,/content/quantum rheed codex/result/professor_validation/final_comparison/jobs/014_stage-final_comparison_epoch-3_seed-123_strategy-core_set_lambda-0p5_budget-100/job_state.json
123,core_set,Trajectories/2022-04-11/203_RR220411A_843C_1711-03.bmp || Trajectories/2022-04-11/284_RR220411A_912C_1835.bmp,15,0.8343345489294713,,18.20403692063543,/content/quantum rheed codex/result/professor_validation/final_comparison/jobs/014_stage-final_comparison_epoch-3_seed-123_strategy-core_set_lambda-0p5_budget-100/job_state.json
123,core_set,Trajectories/2022-02-06/216_RR220206A_837C_2124.bmp || Trajectories/2022-04-11/419_RR220411A_415C_1957.bmp,18,0.8317001206138884,,18.602689824532305,/content/quantum rheed codex/result/professor_validation/final_comparison/jobs/014_stage-final_comparison_epoch-3_seed-123_strategy-core_set_lambda-0p5_budget-100/job_state.json
123,core_set,Trajectories/2022-04-11/069_RR220411A_428C_1515.bmp || Trajectories/2022-04-11/231_RR220411A_882C_1729.bmp,4,0.8252730691841436,,18.156166089838596,/content/quantum rheed codex/result/professor_validation/final_comparison/jobs/014_stage-final_comparison_epoch-3_seed-123_strategy-core_set_lambda-0p5_budget-100/job_state.json
123,core_set,Trajectories/2022-02-06/158_RR220206A_1105C_2008.bmp || Trajectories/2022-04-11/357_RR220411A_684C_1925.bmp,9,0.8198394017255005,,18.204302135235043,/content/quantum rheed codex/result/professor_validation/final_comparison/jobs/014_stage-final_comparison_epoch-3_seed-123_strategy-core_set_lambda-0p5_budget-100/job_state.json
123,core_set,Trajectories/2022-02-06/068_RR220206A_362C_1759.bmp || Trajectories/2022-04-11/030_RR220411A_291C_1437.bmp,6,0.801013127826715,,18.362131496655547,/content/quantum rheed codex/result/professor_validation/final_comparison/jobs/014_stage-final_comparison_epoch-3_seed-123_strategy-core_set_lambda-0p5_budget-100/job_state.json
123,core_set,Trajectories/2022-02-06/265_RR220206A_498C_2232.bmp || Trajectories/2022-04-11/288_RR220411A_904C_1837.bmp,9,0.7852556218721315,,17.777523345441494,/content/quantum rheed codex/result/professor_validation/final_comparison/jobs/014_stage-final_comparison_epoch-3_seed-123_strategy-core_set_lambda-0p5_budget-100/job_state.json
123,core_set,Trajectories/2022-02-06/273_RR220206A_423C_2243.bmp || Trajectories/2022-04-11/093_RR220411A_482C_1531.bmp,0,0.7576811458561459,,17.76856464132834,/content/quantum rheed codex/result/professor_validation/final_comparison/jobs/014_stage-final_comparison_epoch-3_seed-123_strategy-core_set_lambda-0p5_budget-100/job_state.json
123,core_set,Trajectories/2022-02-04/152_RR220204A_488C_1805-02.bmp || Trajectories/2022-04-11/173_RR220411A_755C_1643.bmp,13,0.753876479903611,,17.76258943936875,/content/quantum rheed codex/result/professor_validation/final_comparison/jobs/014_stage-final_comparison_epoch-3_seed-123_strategy-core_set_lambda-0p5_budget-100/job_state.json
123,core_set,Trajectories/2022-04-11/246_RR220411A_915C_1741.bmp || Trajectories/2022-04-11/258_RR220411A_932C_1751.bmp,8,0.7174315157208693,,18.342849128552043,/content/quantum rheed codex/result/professor_validation/final_comparison/jobs/014_stage-final_comparison_epoch-3_seed-123_strategy-core_set_lambda-0p5_budget-100/job_state.json
123,core_set,Trajectories/2022-02-04/385_RR220204A_939C_2340.bmp || Trajectories/2022-04-11/237_RR220411A_901C_1735.bmp,4,0.7136806307167038,,18.155549317789852,/content/quantum rheed codex/result/professor_validation/final_comparison/jobs/014_stage-final_comparison_epoch-3_seed-123_strategy-core_set_lambda-0p5_budget-100/job_state.json
123,core_set,Trajectories/2022-02-06/215_RR220206A_835C_2123.bmp || Trajectories/2022-04-11/140_RR220411A_647C_1612.bmp,14,0.7021021013526777,,17.789050477868248,/content/quantum rheed codex/result/professor_validation/final_comparison/jobs/014_stage-final_comparison_epoch-3_seed-123_strategy-core_set_lambda-0p5_budget-100/job_state.json
123,core_set,Trajectories/2022-02-04/160_RR220204A_501C_1809-02.bmp || Trajectories/2022-02-04/161_RR220204A_504C_1810.bmp,8,0.7015210445652797,,18.017017714696546,/content/quantum rheed codex/result/professor_validation/final_comparison/jobs/014_stage-final_comparison_epoch-3_seed-123_strategy-core_set_lambda-0p5_budget-100/job_state.json
123,core_set,Trajectories/2022-02-04/117_RR220204A_445C_1740.bmp || Trajectories/2022-02-06/123_RR220206A_894C_1923.bmp,15,0.684296617411479,,17.847889570487574,/content/quantum rheed codex/result/professor_validation/final_comparison/jobs/014_stage-final_comparison_epoch-3_seed-123_strategy-core_set_lambda-0p5_budget-100/job_state.json
123,core_set,Trajectories/2022-02-04/295_RR220204A_882C_2015.bmp || Trajectories/2022-02-04/332_RR220204A_941C_2057.bmp,12,0.6528220788002786,,19.020881453851857,/content/quantum rheed codex/result/professor_validation/final_comparison/jobs/014_stage-final_comparison_epoch-3_seed-123_strategy-core_set_lambda-0p5_budget-100/job_state.json
123,core_set,Trajectories/2022-02-04/188_RR220204A_579C_1829.bmp || Trajectories/2022-04-11/113_RR220411A_539C_1548.bmp,3,0.6499846630858008,,17.64579745013354,/content/quantum rheed codex/result/professor_validation/final_comparison/jobs/014_stage-final_comparison_epoch-3_seed-123_strategy-core_set_lambda-0p5_budget-100/job_state.json
123,core_set,Trajectories/2022-02-04/021_RR220204A_981C_0126-03.bmp || Trajectories/2022-04-11/225_RR220411A_873C_1724.bmp,4,0.6490978763730687,,18.595882647231388,/content/quantum rheed codex/result/professor_validation/final_comparison/jobs/014_stage-final_comparison_epoch-3_seed-123_strategy-core_set_lambda-0p5_budget-100/job_state.json
123,core_set,Trajectories/2022-04-11/141_RR220411A_656C_1613.bmp || Trajectories/2022-04-11/203_RR220411A_843C_1711-03.bmp,13,0.6444702423816998,,17.91187683122861,/content/quantum rheed codex/result/professor_validation/final_comparison/jobs/014_stage-final_comparison_epoch-3_seed-123_strategy-core_set_lambda-0p5_budget-100/job_state.json
123,core_set,Trajectories/2022-02-06/095_RR220206A_614C_1835.bmp || Trajectories/2022-02-06/247_RR220206A_657C_2207.bmp,14,0.6384030824123672,,17.965146357636886,/content/quantum rheed codex/result/professor_validation/final_comparison/jobs/014_stage-final_comparison_epoch-3_seed-123_strategy-core_set_lambda-0p5_budget-100/job_state.json
123,core_set,Trajectories/2022-02-04/093_RR220204A_397C_1722.bmp || Trajectories/2022-04-11/367_RR220411A_648C_1932.bmp,1,0.6383279423841609,,18.750098311378324,/content/quantum rheed codex/result/professor_validation/final_comparison/jobs/014_stage-final_comparison_epoch-3_seed-123_strategy-core_set_lambda-0p5_budget-100/job_state.json
123,core_set,Trajectories/2022-02-04/170_RR220204A_536C_1818.bmp || Trajectories/2022-02-06/230_RR220206A_767C_2143.bmp,9,0.6297092662436669,,17.677780547061307,/content/quantum rheed codex/result/professor_validation/final_comparison/jobs/014_stage-final_comparison_epoch-3_seed-123_strategy-core_set_lambda-0p5_budget-100/job_state.json
123,core_set,Trajectories/2022-04-11/066_RR220411A_416C_1513-01.bmp || Trajectories/2022-04-11/292_RR220411A_887C_1841.bmp,4,0.60756422651902,,18.013844356732967,/content/quantum rheed codex/result/professor_validation/final_comparison/jobs/014_stage-final_comparison_epoch-3_seed-123_strategy-core_set_lambda-0p5_budget-100/job_state.json
123,core_set,Trajectories/2022-02-04/085_RR220204A_378C_1720.bmp || Trajectories/2022-02-04/134_RR220204A_467C_1754-02.bmp,8,0.6055272252747294,,18.1702154663856,/content/quantum rheed codex/result/professor_validation/final_comparison/jobs/014_stage-final_comparison_epoch-3_seed-123_strategy-core_set_lambda-0p5_budget-100/job_state.json
123,core_set,Trajectories/2022-02-06/125_RR220206A_887C_1925.bmp || Trajectories/2022-04-11/226_RR220411A_873C_1725.bmp,15,0.5986558889919327,,17.96658966405657,/content/quantum rheed codex/result/professor_validation/final_comparison/jobs/014_stage-final_comparison_epoch-3_seed-123_strategy-core_set_lambda-0p5_budget-100/job_state.json
123,core_set,Trajectories/2022-02-06/090_RR220206A_568C_1828.bmp || Trajectories/2022-04-11/149_RR220411A_676C_1619.bmp,16,0.59833896631441,,18.101522231952416,/content/quantum rheed codex/result/professor_validation/final_comparison/jobs/014_stage-final_comparison_epoch-3_seed-123_strategy-core_set_lambda-0p5_budget-100/job_state.json
123,core_set,Trajectories/2022-04-11/053_RR220411A_374C_1502.bmp || Trajectories/2022-04-11/156_RR220411A_699C_1628.bmp,16,0.5951834224343961,,18.137768126902788,/content/quantum rheed codex/result/professor_validation/final_comparison/jobs/014_stage-final_comparison_epoch-3_seed-123_strategy-core_set_lambda-0p5_budget-100/job_state.json
123,core_set,Trajectories/2022-02-06/186_RR220206A_985C_2050.bmp || Trajectories/2022-02-06/251_RR220206A_619C_2214.bmp,14,0.584417754085578,,17.833378071673213,/content/quantum rheed codex/result/professor_validation/final_comparison/jobs/014_stage-final_comparison_epoch-3_seed-123_strategy-core_set_lambda-0p5_budget-100/job_state.json
123,core_set,Trajectories/2022-04-11/320_RR220411A_824C_1901.bmp || Trajectories/2022-04-11/332_RR220411A_756C_1911.bmp,1,0.5809620785789406,,18.42159332404442,/content/quantum rheed codex/result/professor_validation/final_comparison/jobs/014_stage-final_comparison_epoch-3_seed-123_strategy-core_set_lambda-0p5_budget-100/job_state.json
123,core_set,Trajectories/2022-02-04/385_RR220204A_939C_2340.bmp || Trajectories/2022-02-06/171_RR220206A_1085C_2027.bmp,17,0.5723255537620312,,18.26091639485507,/content/quantum rheed codex/result/professor_validation/final_comparison/jobs/014_stage-final_comparison_epoch-3_seed-123_strategy-core_set_lambda-0p5_budget-100/job_state.json
123,core_set,Trajectories/2022-02-06/241_RR220206A_692C_2157.bmp || Trajectories/2022-04-11/201_RR220411A_843C_1711-01.bmp,9,0.5670279719145556,,17.84894878246785,/content/quantum rheed codex/result/professor_validation/final_comparison/jobs/014_stage-final_comparison_epoch-3_seed-123_strategy-core_set_lambda-0p5_budget-100/job_state.json
123,core_set,Trajectories/2022-02-06/234_RR220206A_738C_2148.bmp || Trajectories/2022-04-11/375_RR220411A_617C_1938.bmp,18,0.560347817904971,,18.25945205247176,/content/quantum rheed codex/result/professor_validation/final_comparison/jobs/014_stage-final_comparison_epoch-3_seed-123_strategy-core_set_lambda-0p5_budget-100/job_state.json
123,core_set,Trajectories/2022-02-04/085_RR220204A_378C_1720.bmp || Trajectories/2022-02-04/328_RR220204A_946C_2053.bmp,4,0.5395126182996176,,17.77340747847999,/content/quantum rheed codex/result/professor_validation/final_comparison/jobs/014_stage-final_comparison_epoch-3_seed-123_strategy-core_set_lambda-0p5_budget-100/job_state.json
123,core_set,Trajectories/2022-04-11/013_RR220411A_223C_1424.bmp || Trajectories/2022-04-11/306_RR220411A_857C_1850.bmp,0,0.5389974220736062,,17.99736924107199,/content/quantum rheed codex/result/professor_validation/final_comparison/jobs/014_stage-final_comparison_epoch-3_seed-123_strategy-core_set_lambda-0p5_budget-100/job_state.json
123,core_set,Trajectories/2022-04-11/076_RR220411A_442C_1520.bmp || Trajectories/2022-04-11/387_RR220411A_578C_1943.bmp,11,0.5031614733731941,,18.501312514139112,/content/quantum rheed codex/result/professor_validation/final_comparison/jobs/014_stage-final_comparison_epoch-3_seed-123_strategy-core_set_lambda-0p5_budget-100/job_state.json
123,core_set,Trajectories/2022-04-11/063_RR220411A_402C_1510.bmp || Trajectories/2022-04-11/131_RR220411A_606C_1603.bmp,16,0.49668329637818176,,18.184376657958797,/content/quantum rheed codex/result/professor_validation/final_comparison/jobs/014_stage-final_comparison_epoch-3_seed-123_strategy-core_set_lambda-0p5_budget-100/job_state.json
123,core_set,Trajectories/2022-04-11/028_RR220411A_291C_1436.bmp || Trajectories/2022-04-11/050_RR220411A_370C_1458.bmp,17,0.49394113266285694,,18.66621207086177,/content/quantum rheed codex/result/professor_validation/final_comparison/jobs/014_stage-final_comparison_epoch-3_seed-123_strategy-core_set_lambda-0p5_budget-100/job_state.json
123,core_set,Trajectories/2022-02-04/379_RR220204A_937C_2315.bmp || Trajectories/2022-02-06/257_RR220206A_581C_2222.bmp,14,0.47729050214130436,,17.797446514922935,/content/quantum rheed codex/result/professor_validation/final_comparison/jobs/014_stage-final_comparison_epoch-3_seed-123_strategy-core_set_lambda-0p5_budget-100/job_state.json
123,core_set,Trajectories/2022-02-04/174_RR220204A_527C_1818.bmp || Trajectories/2022-04-11/164_RR220411A_724C_1635.bmp,13,0.4663631705249382,,17.68261654946181,/content/quantum rheed codex/result/professor_validation/final_comparison/jobs/014_stage-final_comparison_epoch-3_seed-123_strategy-core_set_lambda-0p5_budget-100/job_state.json
123,core_set,Trajectories/2022-02-04/196_RR220204A_611C_1834.bmp || Trajectories/2022-04-11/147_RR220411A_671C_1617.bmp,3,0.46114372177774837,,17.483617566777585,/content/quantum rheed codex/result/professor_validation/final_comparison/jobs/014_stage-final_comparison_epoch-3_seed-123_strategy-core_set_lambda-0p5_budget-100/job_state.json
123,core_set,Trajectories/2022-02-06/189_RR220206A_971C_2054-01.bmp || Trajectories/2022-04-11/286_RR220411A_906C_1837.bmp,9,0.43846721686255785,,17.966815631010796,/content/quantum rheed codex/result/professor_validation/final_comparison/jobs/014_stage-final_comparison_epoch-3_seed-123_strategy-core_set_lambda-0p5_budget-100/job_state.json
123,core_set,Trajectories/2022-04-11/108_RR220411A_507C_1543.bmp || Trajectories/2022-04-11/379_RR220411A_614C_1940.bmp,11,0.3948471915750817,,18.34339958145329,/content/quantum rheed codex/result/professor_validation/final_comparison/jobs/014_stage-final_comparison_epoch-3_seed-123_strategy-core_set_lambda-0p5_budget-100/job_state.json
79,uncertainty_diversity,Trajectories/2022-04-11/397_RR220411A_528C_1948.bmp || Trajectories/2022-04-11/443_RR220411A_303C_2007.bmp,9,,0.6931126713752747,39.922824352071736,/content/quantum rheed codex/result/professor_validation/final_comparison/jobs/008_stage-final_comparison_epoch-3_seed-79_strategy-uncertainty_diversity_lambda-0p5_budget-100/job_state.json
79,uncertainty_diversity,Trajectories/2022-02-04/266_RR220204A_783C_1938.bmp || Trajectories/2022-02-04/356_RR220204A_949C_2144.bmp,5,,0.6870631575584412,21.795784300723163,/content/quantum rheed codex/result/professor_validation/final_comparison/jobs/008_stage-final_comparison_epoch-3_seed-79_strategy-uncertainty_diversity_lambda-0p5_budget-100/job_state.json
79,uncertainty_diversity,Trajectories/2022-04-11/001_RR220411A_180C_1417-01.bmp || Trajectories/2022-04-11/051_RR220411A_370C_1500.bmp,4,,0.6925994753837585,23.6508138828061,/content/quantum rheed codex/result/professor_validation/final_comparison/jobs/008_stage-final_comparison_epoch-3_seed-79_strategy-uncertainty_diversity_lambda-0p5_budget-100/job_state.json
79,uncertainty_diversity,Trajectories/2022-02-04/097_RR220204A_405C_1727.bmp || Trajectories/2022-04-11/383_RR220411A_597C_1941.bmp,9,,0.6915056705474854,40.631509135056476,/content/quantum rheed codex/result/professor_validation/final_comparison/jobs/008_stage-final_comparison_epoch-3_seed-79_strategy-uncertainty_diversity_lambda-0p5_budget-100/job_state.json
79,uncertainty_diversity,Trajectories/2022-02-06/095_RR220206A_614C_1835.bmp || Trajectories/2022-02-06/247_RR220206A_657C_2207.bmp,14,,0.6919869780540466,24.85364397180563,/content/quantum rheed codex/result/professor_validation/final_comparison/jobs/008_stage-final_comparison_epoch-3_seed-79_strategy-uncertainty_diversity_lambda-0p5_budget-100/job_state.json
79,uncertainty_diversity,Trajectories/2022-02-04/044_RR220204A_348C_0157.bmp || Trajectories/2022-02-04/059_RR220204A_180C_0211.bmp,1,,0.6922570466995239,33.392326078584254,/content/quantum rheed codex/result/professor_validation/final_comparison/jobs/008_stage-final_comparison_epoch-3_seed-79_strategy-uncertainty_diversity_lambda-0p5_budget-100/job_state.json
79,uncertainty_diversity,Trajectories/2022-02-06/163_RR220206A_1105C_2015.bmp || Trajectories/2022-02-06/249_RR220206A_638C_2210.bmp,4,,0.6895317435264587,23.999682629455638,/content/quantum rheed codex/result/professor_validation/final_comparison/jobs/008_stage-final_comparison_epoch-3_seed-79_strategy-uncertainty_diversity_lambda-0p5_budget-100/job_state.json
79,uncertainty_diversity,Trajectories/2022-04-11/343_RR220411A_722C_1918.bmp || Trajectories/2022-04-11/374_RR220411A_625C_1937.bmp,16,,0.6930082440376282,38.03698137826756,/content/quantum rheed codex/result/professor_validation/final_comparison/jobs/008_stage-final_comparison_epoch-3_seed-79_strategy-uncertainty_diversity_lambda-0p5_budget-100/job_state.json
79,uncertainty_diversity,Trajectories/2022-02-06/058_RR220206A_249C_1745.bmp || Trajectories/2022-04-11/178_RR220411A_774C_1649.bmp,19,,0.6931173801422119,30.8770130610916,/content/quantum rheed codex/result/professor_validation/final_comparison/jobs/008_stage-final_comparison_epoch-3_seed-79_strategy-uncertainty_diversity_lambda-0p5_budget-100/job_state.json
79,uncertainty_diversity,Trajectories/2022-04-11/267_RR220411A_953C_1800.bmp || Trajectories/2022-04-11/271_RR220411A_951C_1811.bmp,1,,0.6930703520774841,33.68372024162559,/content/quantum rheed codex/result/professor_validation/final_comparison/jobs/008_stage-final_comparison_epoch-3_seed-79_strategy-uncertainty_diversity_lambda-0p5_budget-100/job_state.json
79,uncertainty_diversity,Trajectories/2022-02-04/333_RR220204A_939C_2059.bmp || Trajectories/2022-02-04/342_RR220204A_941C_2115.bmp,1,,0.6906479001045227,33.873444970681746,/content/quantum rheed codex/result/professor_validation/final_comparison/jobs/008_stage-final_comparison_epoch-3_seed-79_strategy-uncertainty_diversity_lambda-0p5_budget-100/job_state.json
79,uncertainty_diversity,Trajectories/2022-02-06/125_RR220206A_887C_1925.bmp || Trajectories/2022-04-11/313_RR220411A_839C_1856.bmp,7,,0.6926897168159485,35.725484766221705,/content/quantum rheed codex/result/professor_validation/final_comparison/jobs/008_stage-final_comparison_epoch-3_seed-79_strategy-uncertainty_diversity_lambda-0p5_budget-100/job_state.json
79,uncertainty_diversity,Trajectories/2022-02-04/334_RR220204A_939C_2101.bmp || Trajectories/2022-04-11/386_RR220411A_580C_1943.bmp,16,,0.6920778155326843,37.754412609292764,/content/quantum rheed codex/result/professor_validation/final_comparison/jobs/008_stage-final_comparison_epoch-3_seed-79_strategy-uncertainty_diversity_lambda-0p5_budget-100/job_state.json
79,uncertainty_diversity,Trajectories/2022-04-11/246_RR220411A_915C_1741.bmp || Trajectories/2022-04-11/258_RR220411A_932C_1751.bmp,8,,0.6930348873138428,37.814689888806285,/content/quantum rheed codex/result/professor_validation/final_comparison/jobs/008_stage-final_comparison_epoch-3_seed-79_strategy-uncertainty_diversity_lambda-0p5_budget-100/job_state.json
79,uncertainty_diversity,Trajectories/2022-02-04/229_RR220204A_696C_1901-02.bmp || Trajectories/2022-04-11/208_RR220411A_850C_1713-02.bmp,8,,0.6923686861991882,38.32672249036274,/content/quantum rheed codex/result/professor_validation/final_comparison/jobs/008_stage-final_comparison_epoch-3_seed-79_strategy-uncertainty_diversity_lambda-0p5_budget-100/job_state.json
79,uncertainty_diversity,Trajectories/2022-02-04/029_RR220204A_808C_0135.bmp || Trajectories/2022-02-04/242_RR220204A_720C_1911.bmp,13,,0.6930658221244812,35.99059954022967,/content/quantum rheed codex/result/professor_validation/final_comparison/jobs/008_stage-final_comparison_epoch-3_seed-79_strategy-uncertainty_diversity_lambda-0p5_budget-100/job_state.json
79,uncertainty_diversity,Trajectories/2022-02-06/097_RR220206A_654C_1837.bmp || Trajectories/2022-04-11/067_RR220411A_416C_1513-02.bmp,14,,0.6926760673522949,24.68389989937625,/content/quantum rheed codex/result/professor_validation/final_comparison/jobs/008_stage-final_comparison_epoch-3_seed-79_strategy-uncertainty_diversity_lambda-0p5_budget-100/job_state.json
79,uncertainty_diversity,Trajectories/2022-02-06/048_RR220206A_175C_1736.bmp || Trajectories/2022-04-11/189_RR220411A_822C_1703.bmp,1,,0.6918078064918518,33.03763025382249,/content/quantum rheed codex/result/professor_validation/final_comparison/jobs/008_stage-final_comparison_epoch-3_seed-79_strategy-uncertainty_diversity_lambda-0p5_budget-100/job_state.json
79,uncertainty_diversity,Trajectories/2022-02-04/079_RR220204A_301C_1717.bmp || Trajectories/2022-02-04/329_RR220204A_946C_2054.bmp,2,,0.6912443041801453,39.505533530820934,/content/quantum rheed codex/result/professor_validation/final_comparison/jobs/008_stage-final_comparison_epoch-3_seed-79_strategy-uncertainty_diversity_lambda-0p5_budget-100/job_state.json
79,uncertainty_diversity,Trajectories/2022-02-04/221_RR220204A_666C_1854.bmp || Trajectories/2022-02-04/339_RR220204A_938C_2110.bmp,13,,0.6916214823722839,36.21170195925034,/content/quantum rheed codex/result/professor_validation/final_comparison/jobs/008_stage-final_comparison_epoch-3_seed-79_strategy-uncertainty_diversity_lambda-0p5_budget-100/job_state.json
79,uncertainty_diversity,Trajectories/2022-02-04/338_RR220204A_940C_2108.bmp || Trajectories/2022-04-11/354_RR220411A_693C_1924.bmp,7,,0.6915075182914734,35.827902483057116,/content/quantum rheed codex/result/professor_validation/final_comparison/jobs/008_stage-final_comparison_epoch-3_seed-79_strategy-uncertainty_diversity_lambda-0p5_budget-100/job_state.json
79,uncertainty_diversity,Trajectories/2022-04-11/203_RR220411A_843C_1711-03.bmp || Trajectories/2022-04-11/284_RR220411A_912C_1835.bmp,8,,0.6906986236572266,36.624455106784325,/content/quantum rheed codex/result/professor_validation/final_comparison/jobs/008_stage-final_comparison_epoch-3_seed-79_strategy-uncertainty_diversity_lambda-0p5_budget-100/job_state.json
79,uncertainty_diversity,Trajectories/2022-02-04/124_RR220204A_444C_1748.bmp || Trajectories/2022-04-11/330_RR220411A_762C_1910.bmp,9,,0.6900176405906677,39.53958934727012,/content/quantum rheed codex/result/professor_validation/final_comparison/jobs/008_stage-final_comparison_epoch-3_seed-79_strategy-uncertainty_diversity_lambda-0p5_budget-100/job_state.json
79,uncertainty_diversity,Trajectories/2022-02-04/385_RR220204A_939C_2340.bmp || Trajectories/2022-04-11/237_RR220411A_901C_1735.bmp,8,,0.6912458539009094,37.697233967801935,/content/quantum rheed codex/result/professor_validation/final_comparison/jobs/008_stage-final_comparison_epoch-3_seed-79_strategy-uncertainty_diversity_lambda-0p5_budget-100/job_state.json
79,uncertainty_diversity,Trajectories/2022-04-11/138_RR220411A_635C_1610.bmp || Trajectories/2022-04-11/186_RR220411A_805C_1658.bmp,19,,0.6922714710235596,31.191436306317193,/content/quantum rheed codex/result/professor_validation/final_comparison/jobs/008_stage-final_comparison_epoch-3_seed-79_strategy-uncertainty_diversity_lambda-0p5_budget-100/job_state.json
79,uncertainty_diversity,Trajectories/2022-04-11/036_RR220411A_313C_1443.bmp || Trajectories/2022-04-11/072_RR220411A_429C_1516.bmp,4,,0.6915512084960938,24.618024263389643,/content/quantum rheed codex/result/professor_validation/final_comparison/jobs/008_stage-final_comparison_epoch-3_seed-79_strategy-uncertainty_diversity_lambda-0p5_budget-100/job_state.json
79,uncertainty_diversity,Trajectories/2022-02-04/195_RR220204A_611C_1832.bmp || Trajectories/2022-02-04/320_RR220204A_915C_2039.bmp,2,,0.6930529475212097,40.605724180113775,/content/quantum rheed codex/result/professor_validation/final_comparison/jobs/008_stage-final_comparison_epoch-3_seed-79_strategy-uncertainty_diversity_lambda-0p5_budget-100/job_state.json
79,uncertainty_diversity,Trajectories/2022-04-11/323_RR220411A_816C_1903.bmp || Trajectories/2022-04-11/366_RR220411A_654C_1930.bmp,16,,0.6929173469543457,37.4689035897242,/content/quantum rheed codex/result/professor_validation/final_comparison/jobs/008_stage-final_comparison_epoch-3_seed-79_strategy-uncertainty_diversity_lambda-0p5_budget-100/job_state.json
79,uncertainty_diversity,Trajectories/2022-02-04/007_RR220204A_931C_0051.bmp || Trajectories/2022-04-11/291_RR220411A_888C_1840.bmp,19,,0.6882239580154419,31.717480791662602,/content/quantum rheed codex/result/professor_validation/final_comparison/jobs/008_stage-final_comparison_epoch-3_seed-79_strategy-uncertainty_diversity_lambda-0p5_budget-100/job_state.json
79,uncertainty_diversity,Trajectories/2022-02-04/221_RR220204A_666C_1854.bmp || Trajectories/2022-04-11/358_RR220411A_677C_1926.bmp,16,,0.6924839019775391,38.0896977771878,/content/quantum rheed codex/result/professor_validation/final_comparison/jobs/008_stage-final_comparison_epoch-3_seed-79_strategy-uncertainty_diversity_lambda-0p5_budget-100/job_state.json
79,uncertainty_diversity,Trajectories/2022-02-06/049_RR220206A_205C_1737.bmp || Trajectories/2022-04-11/356_RR220411A_685C_1925.bmp,7,,0.6890798807144165,34.42211073117963,/content/quantum rheed codex/result/professor_validation/final_comparison/jobs/008_stage-final_comparison_epoch-3_seed-79_strategy-uncertainty_diversity_lambda-0p5_budget-100/job_state.json
79,uncertainty_diversity,Trajectories/2022-02-04/181_RR220204A_572C_1825.bmp || Trajectories/2022-04-11/437_RR220411A_345C_2004.bmp,9,,0.69184809923172,40.6726482998663,/content/quantum rheed codex/result/professor_validation/final_comparison/jobs/008_stage-final_comparison_epoch-3_seed-79_strategy-uncertainty_diversity_lambda-0p5_budget-100/job_state.json
79,uncertainty_diversity,Trajectories/2022-02-04/037_RR220204A_579C_0146.bmp || Trajectories/2022-02-04/074_RR220204A_297C_1711.bmp,2,,0.6894966959953308,38.970661602414594,/content/quantum rheed codex/result/professor_validation/final_comparison/jobs/008_stage-final_comparison_epoch-3_seed-79_strategy-uncertainty_diversity_lambda-0p5_budget-100/job_state.json
79,uncertainty_diversity,Trajectories/2022-02-04/020_RR220204A_981C_0126-02.bmp || Trajectories/2022-04-11/088_RR220411A_459C_1527.bmp,3,,0.6910324096679688,29.183758322987853,/content/quantum rheed codex/result/professor_validation/final_comparison/jobs/008_stage-final_comparison_epoch-3_seed-79_strategy-uncertainty_diversity_lambda-0p5_budget-100/job_state.json
79,uncertainty_diversity,Trajectories/2022-02-04/085_RR220204A_378C_1720.bmp || Trajectories/2022-02-04/134_RR220204A_467C_1754-02.bmp,2,,0.6931418776512146,42.12859514856155,/content/quantum rheed codex/result/professor_validation/final_comparison/jobs/008_stage-final_comparison_epoch-3_seed-79_strategy-uncertainty_diversity_lambda-0p5_budget-100/job_state.json
79,uncertainty_diversity,Trajectories/2022-02-06/265_RR220206A_498C_2232.bmp || Trajectories/2022-04-11/288_RR220411A_904C_1837.bmp,19,,0.6853225827217102,30.894415381495726,/content/quantum rheed codex/result/professor_validation/final_comparison/jobs/008_stage-final_comparison_epoch-3_seed-79_strategy-uncertainty_diversity_lambda-0p5_budget-100/job_state.json
79,uncertainty_diversity,Trajectories/2022-02-04/147_RR220204A_486C_1804.bmp || Trajectories/2022-04-11/363_RR220411A_661C_1929.bmp,9,,0.6912246942520142,40.048199729888005,/content/quantum rheed codex/result/professor_validation/final_comparison/jobs/008_stage-final_comparison_epoch-3_seed-79_strategy-uncertainty_diversity_lambda-0p5_budget-100/job_state.json
79,uncertainty_diversity,Trajectories/2022-02-04/148_RR220204A_480C_1804.bmp || Trajectories/2022-04-11/313_RR220411A_839C_1856.bmp,16,,0.6898798942565918,39.04821246090542,/content/quantum rheed codex/result/professor_validation/final_comparison/jobs/008_stage-final_comparison_epoch-3_seed-79_strategy-uncertainty_diversity_lambda-0p5_budget-100/job_state.json
79,uncertainty_diversity,Trajectories/2022-02-04/129_RR220204A_465C_1753.bmp || Trajectories/2022-04-11/243_RR220411A_909C_1739.bmp,2,,0.6924424171447754,40.732213496906645,/content/quantum rheed codex/result/professor_validation/final_comparison/jobs/008_stage-final_comparison_epoch-3_seed-79_strategy-uncertainty_diversity_lambda-0p5_budget-100/job_state.json
79,uncertainty_diversity,Trajectories/2022-02-06/055_RR220206A_239C_1742.bmp || Trajectories/2022-04-11/409_RR220411A_474C_1953.bmp,7,,0.686414361000061,35.54854691607145,/content/quantum rheed codex/result/professor_validation/final_comparison/jobs/008_stage-final_comparison_epoch-3_seed-79_strategy-uncertainty_diversity_lambda-0p5_budget-100/job_state.json
79,uncertainty_diversity,Trajectories/2022-02-04/194_RR220204A_610C_1832.bmp || Trajectories/2022-02-06/119_RR220206A_871C_1918.bmp,8,,0.6875041127204895,36.936491958450496,/content/quantum rheed codex/result/professor_validation/final_comparison/jobs/008_stage-final_comparison_epoch-3_seed-79_strategy-uncertainty_diversity_lambda-0p5_budget-100/job_state.json
79,uncertainty_diversity,Trajectories/2022-02-04/021_RR220204A_981C_0126-03.bmp || Trajectories/2022-04-11/225_RR220411A_873C_1724.bmp,8,,0.6840195059776306,36.17713815378916,/content/quantum rheed codex/result/professor_validation/final_comparison/jobs/008_stage-final_comparison_epoch-3_seed-79_strategy-uncertainty_diversity_lambda-0p5_budget-100/job_state.json
79,uncertainty_diversity,Trajectories/2022-02-06/141_RR220206A_995C_1942.bmp || Trajectories/2022-04-11/129_RR220411A_590C_1601.bmp,15,,0.6884428262710571,27.65282999335164,/content/quantum rheed codex/result/professor_validation/final_comparison/jobs/008_stage-final_comparison_epoch-3_seed-79_strategy-uncertainty_diversity_lambda-0p5_budget-100/job_state.json
79,uncertainty_diversity,Trajectories/2022-04-11/183_RR220411A_794C_1655.bmp || Trajectories/2022-04-11/226_RR220411A_873C_1725.bmp,13,,0.6867024302482605,35.810409315988686,/content/quantum rheed codex/result/professor_validation/final_comparison/jobs/008_stage-final_comparison_epoch-3_seed-79_strategy-uncertainty_diversity_lambda-0p5_budget-100/job_state.json
79,uncertainty_diversity,Trajectories/2022-02-04/003_RR220204A_932C_0017.bmp || Trajectories/2022-04-11/439_RR220411A_330C_2005.bmp,7,,0.6865314841270447,35.98050812269098,/content/quantum rheed codex/result/professor_validation/final_comparison/jobs/008_stage-final_comparison_epoch-3_seed-79_strategy-uncertainty_diversity_lambda-0p5_budget-100/job_state.json
79,uncertainty_diversity,Trajectories/2022-02-06/124_RR220206A_894C_1924.bmp || Trajectories/2022-02-06/253_RR220206A_599C_2217.bmp,10,,0.6828898787498474,31.16784867725602,/content/quantum rheed codex/result/professor_validation/final_comparison/jobs/008_stage-final_comparison_epoch-3_seed-79_strategy-uncertainty_diversity_lambda-0p5_budget-100/job_state.json
79,uncertainty_diversity,Trajectories/2022-02-06/129_RR220206A_912C_1929.bmp || Trajectories/2022-04-11/217_RR220411A_857C_1718.bmp,8,,0.6887238621711731,37.361075895211066,/content/quantum rheed codex/result/professor_validation/final_comparison/jobs/008_stage-final_comparison_epoch-3_seed-79_strategy-uncertainty_diversity_lambda-0p5_budget-100/job_state.json
79,uncertainty_diversity,Trajectories/2022-02-06/132_RR220206A_959C_1932.bmp || Trajectories/2022-04-11/417_RR220411A_427C_1956.bmp,7,,0.6853137016296387,35.557758592243836,/content/quantum rheed codex/result/professor_validation/final_comparison/jobs/008_stage-final_comparison_epoch-3_seed-79_strategy-uncertainty_diversity_lambda-0p5_budget-100/job_state.json
79,uncertainty_diversity,Trajectories/2022-02-04/093_RR220204A_397C_1722.bmp || Trajectories/2022-04-11/367_RR220411A_648C_1932.bmp,9,,0.6912193894386292,40.1996625765298,/content/quantum rheed codex/result/professor_validation/final_comparison/jobs/008_stage-final_comparison_epoch-3_seed-79_strategy-uncertainty_diversity_lambda-0p5_budget-100/job_state.json
79,uncertainty_diversity,Trajectories/2022-02-04/085_RR220204A_378C_1720.bmp || Trajectories/2022-02-04/328_RR220204A_946C_2053.bmp,2,,0.6912715435028076,39.636475219232715,/content/quantum rheed codex/result/professor_validation/final_comparison/jobs/008_stage-final_comparison_epoch-3_seed-79_strategy-uncertainty_diversity_lambda-0p5_budget-100/job_state.json
79,uncertainty_diversity,Trajectories/2022-02-04/156_RR220204A_490C_1808.bmp || Trajectories/2022-02-04/383_RR220204A_937C_2331.bmp,2,,0.6896764636039734,39.15633018589042,/content/quantum rheed codex/result/professor_validation/final_comparison/jobs/008_stage-final_comparison_epoch-3_seed-79_strategy-uncertainty_diversity_lambda-0p5_budget-100/job_state.json
79,uncertainty_diversity,Trajectories/2022-02-04/215_RR220204A_669C_1848.bmp || Trajectories/2022-04-11/120_RR220411A_555C_1553.bmp,1,,0.6856502890586853,33.98904989999726,/content/quantum rheed codex/result/professor_validation/final_comparison/jobs/008_stage-final_comparison_epoch-3_seed-79_strategy-uncertainty_diversity_lambda-0p5_budget-100/job_state.json
79,uncertainty_diversity,Trajectories/2022-02-06/037_RR220206A_165C_1722.bmp || Trajectories/2022-04-11/219_RR220411A_865C_1720.bmp,13,,0.6832296252250671,35.115238642918676,/content/quantum rheed codex/result/professor_validation/final_comparison/jobs/008_stage-final_comparison_epoch-3_seed-79_strategy-uncertainty_diversity_lambda-0p5_budget-100/job_state.json
79,uncertainty_diversity,Trajectories/2022-02-04/085_RR220204A_378C_1720.bmp || Trajectories/2022-02-04/382_RR220204A_935C_2330.bmp,2,,0.6899010539054871,39.26144788310071,/content/quantum rheed codex/result/professor_validation/final_comparison/jobs/008_stage-final_comparison_epoch-3_seed-79_strategy-uncertainty_diversity_lambda-0p5_budget-100/job_state.json
79,uncertainty_diversity,Trajectories/2022-02-04/048_RR220204A_245C_0201.bmp || Trajectories/2022-02-04/192_RR220204A_607C_1831.bmp,13,,0.6843441724777222,36.28320717488797,/content/quantum rheed codex/result/professor_validation/final_comparison/jobs/008_stage-final_comparison_epoch-3_seed-79_strategy-uncertainty_diversity_lambda-0p5_budget-100/job_state.json
79,uncertainty_diversity,Trajectories/2022-02-04/148_RR220204A_480C_1804.bmp || Trajectories/2022-04-11/314_RR220411A_836C_1857.bmp,16,,0.6901314854621887,39.1808399285437,/content/quantum rheed codex/result/professor_validation/final_comparison/jobs/008_stage-final_comparison_epoch-3_seed-79_strategy-uncertainty_diversity_lambda-0p5_budget-100/job_state.json
79,uncertainty_diversity,Trajectories/2022-02-06/102_RR220206A_698C_1845.bmp || Trajectories/2022-04-11/183_RR220411A_794C_1655.bmp,15,,0.6848928332328796,27.591674354478272,/content/quantum rheed codex/result/professor_validation/final_comparison/jobs/008_stage-final_comparison_epoch-3_seed-79_strategy-uncertainty_diversity_lambda-0p5_budget-100/job_state.json
79,uncertainty_diversity,Trajectories/2022-02-06/036_RR220206A_165C_1721.bmp || Trajectories/2022-04-11/370_RR220411A_640C_1934.bmp,11,,0.6866470575332642,34.077392713953564,/content/quantum rheed codex/result/professor_validation/final_comparison/jobs/008_stage-final_comparison_epoch-3_seed-79_strategy-uncertainty_diversity_lambda-0p5_budget-100/job_state.json
79,uncertainty_diversity,Trajectories/2022-02-04/230_RR220204A_695C_1902.bmp || Trajectories/2022-02-06/074_RR220206A_430C_1809.bmp,1,,0.6894930601119995,33.41267907146517,/content/quantum rheed codex/result/professor_validation/final_comparison/jobs/008_stage-final_comparison_epoch-3_seed-79_strategy-uncertainty_diversity_lambda-0p5_budget-100/job_state.json
79,uncertainty_diversity,Trajectories/2022-04-11/064_RR220411A_413C_1511.bmp || Trajectories/2022-04-11/138_RR220411A_635C_1610.bmp,15,,0.6878131628036499,27.232905363467907,/content/quantum rheed codex/result/professor_validation/final_comparison/jobs/008_stage-final_comparison_epoch-3_seed-79_strategy-uncertainty_diversity_lambda-0p5_budget-100/job_state.json
79,uncertainty_diversity,Trajectories/2022-02-06/095_RR220206A_614C_1835.bmp || Trajectories/2022-02-06/195_RR220206A_944C_2101.bmp,18,,0.6865903735160828,22.84843494560029,/content/quantum rheed codex/result/professor_validation/final_comparison/jobs/008_stage-final_comparison_epoch-3_seed-79_strategy-uncertainty_diversity_lambda-0p5_budget-100/job_state.json
79,uncertainty_diversity,Trajectories/2022-02-06/271_RR220206A_425C_2242.bmp || Trajectories/2022-04-11/372_RR220411A_636C_1935.bmp,11,,0.6791130304336548,32.859918140344604,/content/quantum rheed codex/result/professor_validation/final_comparison/jobs/008_stage-final_comparison_epoch-3_seed-79_strategy-uncertainty_diversity_lambda-0p5_budget-100/job_state.json
79,uncertainty_diversity,Trajectories/2022-02-04/194_RR220204A_610C_1832.bmp || Trajectories/2022-04-11/163_RR220411A_715C_1634.bmp,13,,0.6827130317687988,35.04667805838014,/content/quantum rheed codex/result/professor_validation/final_comparison/jobs/008_stage-final_comparison_epoch-3_seed-79_strategy-uncertainty_diversity_lambda-0p5_budget-100/job_state.json
79,uncertainty_diversity,Trajectories/2022-02-04/034_RR220204A_655C_0142.bmp || Trajectories/2022-02-06/272_RR220206A_424C_2242.bmp,10,,0.6813141703605652,32.63216140109917,/content/quantum rheed codex/result/professor_validation/final_comparison/jobs/008_stage-final_comparison_epoch-3_seed-79_strategy-uncertainty_diversity_lambda-0p5_budget-100/job_state.json
79,uncertainty_diversity,Trajectories/2022-02-06/104_RR220206A_734C_1847.bmp || Trajectories/2022-02-06/207_RR220206A_875C_2114.bmp,18,,0.6868386268615723,22.8981728405366,/content/quantum rheed codex/result/professor_validation/final_comparison/jobs/008_stage-final_comparison_epoch-3_seed-79_strategy-uncertainty_diversity_lambda-0p5_budget-100/job_state.json
79,uncertainty_diversity,Trajectories/2022-02-04/189_RR220204A_578C_1830.bmp || Trajectories/2022-02-04/341_RR220204A_937C_2114.bmp,13,,0.6862550973892212,36.441796497322045,/content/quantum rheed codex/result/professor_validation/final_comparison/jobs/008_stage-final_comparison_epoch-3_seed-79_strategy-uncertainty_diversity_lambda-0p5_budget-100/job_state.json
79,uncertainty_diversity,Trajectories/2022-02-06/186_RR220206A_985C_2050.bmp || Trajectories/2022-02-06/251_RR220206A_619C_2214.bmp,4,,0.686465859413147,23.894779594554528,/content/quantum rheed codex/result/professor_validation/final_comparison/jobs/008_stage-final_comparison_epoch-3_seed-79_strategy-uncertainty_diversity_lambda-0p5_budget-100/job_state.json
79,uncertainty_diversity,Trajectories/2022-04-11/066_RR220411A_416C_1513-01.bmp || Trajectories/2022-04-11/292_RR220411A_887C_1841.bmp,19,,0.6796005368232727,29.89256112684955,/content/quantum rheed codex/result/professor_validation/final_comparison/jobs/008_stage-final_comparison_epoch-3_seed-79_strategy-uncertainty_diversity_lambda-0p5_budget-100/job_state.json
79,uncertainty_diversity,Trajectories/2022-02-06/080_RR220206A_490C_1816.bmp || Trajectories/2022-04-11/234_RR220411A_888C_1732.bmp,1,,0.681736946105957,34.323154231062645,/content/quantum rheed codex/result/professor_validation/final_comparison/jobs/008_stage-final_comparison_epoch-3_seed-79_strategy-uncertainty_diversity_lambda-0p5_budget-100/job_state.json
79,uncertainty_diversity,Trajectories/2022-02-04/296_RR220204A_869C_2015.bmp || Trajectories/2022-04-11/009_RR220411A_206C_1423.bmp,5,,0.6744465231895447,20.86733972574099,/content/quantum rheed codex/result/professor_validation/final_comparison/jobs/008_stage-final_comparison_epoch-3_seed-79_strategy-uncertainty_diversity_lambda-0p5_budget-100/job_state.json
79,uncertainty_diversity,Trajectories/2022-02-04/241_RR220204A_736C_1911.bmp || Trajectories/2022-04-11/064_RR220411A_413C_1511.bmp,3,,0.6818471550941467,29.205082170421516,/content/quantum rheed codex/result/professor_validation/final_comparison/jobs/008_stage-final_comparison_epoch-3_seed-79_strategy-uncertainty_diversity_lambda-0p5_budget-100/job_state.json
79,uncertainty_diversity,Trajectories/2022-04-11/047_RR220411A_350C_1454.bmp || Trajectories/2022-04-11/186_RR220411A_805C_1658.bmp,3,,0.6786185503005981,28.20844608131797,/content/quantum rheed codex/result/professor_validation/final_comparison/jobs/008_stage-final_comparison_epoch-3_seed-79_strategy-uncertainty_diversity_lambda-0p5_budget-100/job_state.json
79,uncertainty_diversity,Trajectories/2022-04-11/100_RR220411A_492C_1537.bmp || Trajectories/2022-04-11/363_RR220411A_661C_1929.bmp,11,,0.6834694147109985,33.023940148254674,/content/quantum rheed codex/result/professor_validation/final_comparison/jobs/008_stage-final_comparison_epoch-3_seed-79_strategy-uncertainty_diversity_lambda-0p5_budget-100/job_state.json
79,uncertainty_diversity,Trajectories/2022-02-04/320_RR220204A_915C_2039.bmp || Trajectories/2022-02-06/282_RR220206A_184C_2256.bmp,11,,0.6746136546134949,34.08040272654427,/content/quantum rheed codex/result/professor_validation/final_comparison/jobs/008_stage-final_comparison_epoch-3_seed-79_strategy-uncertainty_diversity_lambda-0p5_budget-100/job_state.json
79,uncertainty_diversity,Trajectories/2022-02-04/152_RR220204A_488C_1805-02.bmp || Trajectories/2022-04-11/173_RR220411A_755C_1643.bmp,13,,0.6807653903961182,35.85462865955078,/content/quantum rheed codex/result/professor_validation/final_comparison/jobs/008_stage-final_comparison_epoch-3_seed-79_strategy-uncertainty_diversity_lambda-0p5_budget-100/job_state.json
79,uncertainty_diversity,Trajectories/2022-02-04/379_RR220204A_937C_2315.bmp || Trajectories/2022-02-06/257_RR220206A_581C_2222.bmp,10,,0.6809176802635193,31.951052715988265,/content/quantum rheed codex/result/professor_validation/final_comparison/jobs/008_stage-final_comparison_epoch-3_seed-79_strategy-uncertainty_diversity_lambda-0p5_budget-100/job_state.json
79,uncertainty_diversity,Trajectories/2022-02-06/213_RR220206A_849C_2121.bmp || Trajectories/2022-04-11/104_RR220411A_501C_1540.bmp,4,,0.6788148880004883,25.000893424278736,/content/quantum rheed codex/result/professor_validation/final_comparison/jobs/008_stage-final_comparison_epoch-3_seed-79_strategy-uncertainty_diversity_lambda-0p5_budget-100/job_state.json
79,uncertainty_diversity,Trajectories/2022-02-04/184_RR220204A_576C_1826.bmp || Trajectories/2022-04-11/147_RR220411A_671C_1617.bmp,13,,0.6819488406181335,35.242739798215666,/content/quantum rheed codex/result/professor_validation/final_comparison/jobs/008_stage-final_comparison_epoch-3_seed-79_strategy-uncertainty_diversity_lambda-0p5_budget-100/job_state.json
79,uncertainty_diversity,Trajectories/2022-04-11/065_RR220411A_414C_1512.bmp || Trajectories/2022-04-11/349_RR220411A_705C_1921.bmp,19,,0.6734368205070496,30.953301095178713,/content/quantum rheed codex/result/professor_validation/final_comparison/jobs/008_stage-final_comparison_epoch-3_seed-79_strategy-uncertainty_diversity_lambda-0p5_budget-100/job_state.json
79,uncertainty_diversity,Trajectories/2022-02-04/188_RR220204A_579C_1829.bmp || Trajectories/2022-04-11/113_RR220411A_539C_1548.bmp,13,,0.6807939410209656,35.033750071943594,/content/quantum rheed codex/result/professor_validation/final_comparison/jobs/008_stage-final_comparison_epoch-3_seed-79_strategy-uncertainty_diversity_lambda-0p5_budget-100/job_state.json
79,uncertainty_diversity,Trajectories/2022-02-04/174_RR220204A_527C_1818.bmp || Trajectories/2022-04-11/164_RR220411A_724C_1635.bmp,13,,0.6809701323509216,35.526588600535554,/content/quantum rheed codex/result/professor_validation/final_comparison/jobs/008_stage-final_comparison_epoch-3_seed-79_strategy-uncertainty_diversity_lambda-0p5_budget-100/job_state.json
79,uncertainty_diversity,Trajectories/2022-02-04/341_RR220204A_937C_2114.bmp || Trajectories/2022-02-06/163_RR220206A_1105C_2015.bmp,15,,0.6739097833633423,26.73308096354901,/content/quantum rheed codex/result/professor_validation/final_comparison/jobs/008_stage-final_comparison_epoch-3_seed-79_strategy-uncertainty_diversity_lambda-0p5_budget-100/job_state.json
79,uncertainty_diversity,Trajectories/2022-02-04/022_RR220204A_981C_0127.bmp || Trajectories/2022-02-04/114_RR220204A_440C_1738.bmp,8,,0.6800886988639832,36.68368199603616,/content/quantum rheed codex/result/professor_validation/final_comparison/jobs/008_stage-final_comparison_epoch-3_seed-79_strategy-uncertainty_diversity_lambda-0p5_budget-100/job_state.json
79,uncertainty_diversity,Trajectories/2022-02-06/273_RR220206A_423C_2243.bmp || Trajectories/2022-04-11/379_RR220411A_614C_1940.bmp,11,,0.6780040860176086,33.11249998623525,/content/quantum rheed codex/result/professor_validation/final_comparison/jobs/008_stage-final_comparison_epoch-3_seed-79_strategy-uncertainty_diversity_lambda-0p5_budget-100/job_state.json
79,uncertainty_diversity,Trajectories/2022-02-04/159_RR220204A_501C_1809-01.bmp || Trajectories/2022-04-11/100_RR220411A_492C_1537.bmp,13,,0.6755668520927429,34.95122282095185,/content/quantum rheed codex/result/professor_validation/final_comparison/jobs/008_stage-final_comparison_epoch-3_seed-79_strategy-uncertainty_diversity_lambda-0p5_budget-100/job_state.json
79,uncertainty_diversity,Trajectories/2022-02-04/103_RR220204A_408C_1733.bmp || Trajectories/2022-02-04/346_RR220204A_957C_2123.bmp,1,,0.6713678240776062,34.43018635461667,/content/quantum rheed codex/result/professor_validation/final_comparison/jobs/008_stage-final_comparison_epoch-3_seed-79_strategy-uncertainty_diversity_lambda-0p5_budget-100/job_state.json
79,uncertainty_diversity,Trajectories/2022-02-04/001_RR220204A_933C_0006.bmp || Trajectories/2022-02-06/230_RR220206A_767C_2143.bmp,3,,0.6727420091629028,27.70948684430625,/content/quantum rheed codex/result/professor_validation/final_comparison/jobs/008_stage-final_comparison_epoch-3_seed-79_strategy-uncertainty_diversity_lambda-0p5_budget-100/job_state.json
79,uncertainty_diversity,Trajectories/2022-04-11/069_RR220411A_428C_1515.bmp || Trajectories/2022-04-11/231_RR220411A_882C_1729.bmp,10,,0.66839998960495,32.599831966370175,/content/quantum rheed codex/result/professor_validation/final_comparison/jobs/008_stage-final_comparison_epoch-3_seed-79_strategy-uncertainty_diversity_lambda-0p5_budget-100/job_state.json
79,uncertainty_diversity,Trajectories/2022-02-04/192_RR220204A_607C_1831.bmp || Trajectories/2022-02-06/098_RR220206A_656C_1838.bmp,19,,0.6653184294700623,32.157521572428486,/content/quantum rheed codex/result/professor_validation/final_comparison/jobs/008_stage-final_comparison_epoch-3_seed-79_strategy-uncertainty_diversity_lambda-0p5_budget-100/job_state.json
79,uncertainty_diversity,Trajectories/2022-02-06/180_RR220206A_1031C_2041.bmp || Trajectories/2022-04-11/277_RR220411A_936C_1828.bmp,15,,0.6662335395812988,26.87188053920909,/content/quantum rheed codex/result/professor_validation/final_comparison/jobs/008_stage-final_comparison_epoch-3_seed-79_strategy-uncertainty_diversity_lambda-0p5_budget-100/job_state.json
79,uncertainty_diversity,Trajectories/2022-02-04/324_RR220204A_913C_2047.bmp || Trajectories/2022-04-11/057_RR220411A_389C_1506-01.bmp,10,,0.6649377942085266,31.689940572576504,/content/quantum rheed codex/result/professor_validation/final_comparison/jobs/008_stage-final_comparison_epoch-3_seed-79_strategy-uncertainty_diversity_lambda-0p5_budget-100/job_state.json
79,uncertainty_diversity,Trajectories/2022-02-04/294_RR220204A_843C_2014.bmp || Trajectories/2022-02-06/140_RR220206A_993C_1941.bmp,5,,0.6627978086471558,21.998158581438144,/content/quantum rheed codex/result/professor_validation/final_comparison/jobs/008_stage-final_comparison_epoch-3_seed-79_strategy-uncertainty_diversity_lambda-0p5_budget-100/job_state.json
79,uncertainty_diversity,Trajectories/2022-02-04/106_RR220204A_430C_1736.bmp || Trajectories/2022-02-04/347_RR220204A_954C_2124.bmp,1,,0.6696104407310486,34.08584156101801,/content/quantum rheed codex/result/professor_validation/final_comparison/jobs/008_stage-final_comparison_epoch-3_seed-79_strategy-uncertainty_diversity_lambda-0p5_budget-100/job_state.json
79,uncertainty_diversity,Trajectories/2022-02-06/241_RR220206A_692C_2157.bmp || Trajectories/2022-04-11/201_RR220411A_843C_1711-01.bmp,10,,0.6639819741249084,31.047517228794185,/content/quantum rheed codex/result/professor_validation/final_comparison/jobs/008_stage-final_comparison_epoch-3_seed-79_strategy-uncertainty_diversity_lambda-0p5_budget-100/job_state.json
79,uncertainty_diversity,Trajectories/2022-02-04/287_RR220204A_851C_2008.bmp || Trajectories/2022-04-11/409_RR220411A_474C_1953.bmp,12,,0.6171597242355347,28.024818097066294,/content/quantum rheed codex/result/professor_validation/final_comparison/jobs/008_stage-final_comparison_epoch-3_seed-79_strategy-uncertainty_diversity_lambda-0p5_budget-100/job_state.json
79,uncertainty_diversity,Trajectories/2022-02-04/378_RR220204A_938C_2312.bmp || Trajectories/2022-02-06/229_RR220206A_766C_2141.bmp,3,,0.6594910025596619,29.72242173676783,/content/quantum rheed codex/result/professor_validation/final_comparison/jobs/008_stage-final_comparison_epoch-3_seed-79_strategy-uncertainty_diversity_lambda-0p5_budget-100/job_state.json
79,uncertainty_diversity,Trajectories/2022-02-04/049_RR220204A_218C_0201.bmp || Trajectories/2022-02-04/307_RR220204A_912C_2025.bmp,0,,0.6294159293174744,24.369213111000576,/content/quantum rheed codex/result/professor_validation/final_comparison/jobs/008_stage-final_comparison_epoch-3_seed-79_strategy-uncertainty_diversity_lambda-0p5_budget-100/job_state.json
79,uncertainty_diversity,Trajectories/2022-02-04/295_RR220204A_882C_2015.bmp || Trajectories/2022-02-04/332_RR220204A_941C_2057.bmp,12,,0.6149179339408875,26.386662700845232,/content/quantum rheed codex/result/professor_validation/final_comparison/jobs/008_stage-final_comparison_epoch-3_seed-79_strategy-uncertainty_diversity_lambda-0p5_budget-100/job_state.json
79,uncertainty_diversity,Trajectories/2022-02-04/319_RR220204A_918C_2037.bmp || Trajectories/2022-02-04/354_RR220204A_951C_2141.bmp,19,,0.6487370729446411,29.934919440527004,/content/quantum rheed codex/result/professor_validation/final_comparison/jobs/008_stage-final_comparison_epoch-3_seed-79_strategy-uncertainty_diversity_lambda-0p5_budget-100/job_state.json
79,uncertainty_diversity,Trajectories/2022-02-06/234_RR220206A_738C_2148.bmp || Trajectories/2022-04-11/375_RR220411A_617C_1938.bmp,17,,0.6592151522636414,30.40798287927579,/content/quantum rheed codex/result/professor_validation/final_comparison/jobs/008_stage-final_comparison_epoch-3_seed-79_strategy-uncertainty_diversity_lambda-0p5_budget-100/job_state.json
42,uncertainty_diversity,Trajectories/2022-04-11/397_RR220411A_528C_1948.bmp || Trajectories/2022-04-11/443_RR220411A_303C_2007.bmp,5,,0.6923730969429016,24.564902413034304,/content/quantum rheed codex/result/professor_validation/final_comparison/jobs/003_stage-final_comparison_epoch-3_seed-42_strategy-uncertainty_diversity_lambda-0p5_budget-100/job_state.json
42,uncertainty_diversity,Trajectories/2022-02-04/266_RR220204A_783C_1938.bmp || Trajectories/2022-02-04/356_RR220204A_949C_2144.bmp,15,,0.6921690106391907,27.13815947703496,/content/quantum rheed codex/result/professor_validation/final_comparison/jobs/003_stage-final_comparison_epoch-3_seed-42_strategy-uncertainty_diversity_lambda-0p5_budget-100/job_state.json
42,uncertainty_diversity,Trajectories/2022-02-06/048_RR220206A_175C_1736.bmp || Trajectories/2022-04-11/189_RR220411A_822C_1703.bmp,6,,0.6912764310836792,23.26040868709185,/content/quantum rheed codex/result/professor_validation/final_comparison/jobs/003_stage-final_comparison_epoch-3_seed-42_strategy-uncertainty_diversity_lambda-0p5_budget-100/job_state.json
42,uncertainty_diversity,Trajectories/2022-02-04/309_RR220204A_911C_2027.bmp || Trajectories/2022-02-04/361_RR220204A_947C_2156.bmp,15,,0.6886054873466492,26.30930194627494,/content/quantum rheed codex/result/professor_validation/final_comparison/jobs/003_stage-final_comparison_epoch-3_seed-42_strategy-uncertainty_diversity_lambda-0p5_budget-100/job_state.json
42,uncertainty_diversity,Trajectories/2022-02-04/296_RR220204A_869C_2015.bmp || Trajectories/2022-04-11/009_RR220411A_206C_1423.bmp,2,,0.6841011643409729,25.101487844771786,/content/quantum rheed codex/result/professor_validation/final_comparison/jobs/003_stage-final_comparison_epoch-3_seed-42_strategy-uncertainty_diversity_lambda-0p5_budget-100/job_state.json
42,uncertainty_diversity,Trajectories/2022-02-04/049_RR220204A_218C_0201.bmp || Trajectories/2022-02-04/307_RR220204A_912C_2025.bmp,16,,0.6762418746948242,22.588759150205536,/content/quantum rheed codex/result/professor_validation/final_comparison/jobs/003_stage-final_comparison_epoch-3_seed-42_strategy-uncertainty_diversity_lambda-0p5_budget-100/job_state.json
42,uncertainty_diversity,Trajectories/2022-04-11/343_RR220411A_722C_1918.bmp || Trajectories/2022-04-11/374_RR220411A_625C_1937.bmp,5,,0.6929072737693787,24.367209088244877,/content/quantum rheed codex/result/professor_validation/final_comparison/jobs/003_stage-final_comparison_epoch-3_seed-42_strategy-uncertainty_diversity_lambda-0p5_budget-100/job_state.json
42,uncertainty_diversity,Trajectories/2022-02-06/090_RR220206A_568C_1828.bmp || Trajectories/2022-04-11/149_RR220411A_676C_1619.bmp,0,,0.6922594308853149,22.36463768626028,/content/quantum rheed codex/result/professor_validation/final_comparison/jobs/003_stage-final_comparison_epoch-3_seed-42_strategy-uncertainty_diversity_lambda-0p5_budget-100/job_state.json
42,uncertainty_diversity,Trajectories/2022-02-04/341_RR220204A_937C_2114.bmp || Trajectories/2022-02-06/163_RR220206A_1105C_2015.bmp,9,,0.687511682510376,22.26163092309438,/content/quantum rheed codex/result/professor_validation/final_comparison/jobs/003_stage-final_comparison_epoch-3_seed-42_strategy-uncertainty_diversity_lambda-0p5_budget-100/job_state.json
42,uncertainty_diversity,Trajectories/2022-02-04/194_RR220204A_610C_1832.bmp || Trajectories/2022-02-06/119_RR220206A_871C_1918.bmp,6,,0.6926506757736206,24.256007349974343,/content/quantum rheed codex/result/professor_validation/final_comparison/jobs/003_stage-final_comparison_epoch-3_seed-42_strategy-uncertainty_diversity_lambda-0p5_budget-100/job_state.json
42,uncertainty_diversity,Trajectories/2022-02-04/294_RR220204A_843C_2014.bmp || Trajectories/2022-02-06/140_RR220206A_993C_1941.bmp,2,,0.6563394665718079,24.15819383004333,/content/quantum rheed codex/result/professor_validation/final_comparison/jobs/003_stage-final_comparison_epoch-3_seed-42_strategy-uncertainty_diversity_lambda-0p5_budget-100/job_state.json
42,uncertainty_diversity,Trajectories/2022-02-04/019_RR220204A_981C_0126-01.bmp || Trajectories/2022-04-11/035_RR220411A_314C_1442.bmp,9,,0.6880951523780823,22.977106697218982,/content/quantum rheed codex/result/professor_validation/final_comparison/jobs/003_stage-final_comparison_epoch-3_seed-42_strategy-uncertainty_diversity_lambda-0p5_budget-100/job_state.json
42,uncertainty_diversity,Trajectories/2022-02-04/221_RR220204A_666C_1854.bmp || Trajectories/2022-02-04/339_RR220204A_938C_2110.bmp,4,,0.6823691725730896,20.88319920768229,/content/quantum rheed codex/result/professor_validation/final_comparison/jobs/003_stage-final_comparison_epoch-3_seed-42_strategy-uncertainty_diversity_lambda-0p5_budget-100/job_state.json
42,uncertainty_diversity,Trajectories/2022-02-06/037_RR220206A_165C_1722.bmp || Trajectories/2022-04-11/219_RR220411A_865C_1720.bmp,6,,0.6905664801597595,23.68822397759296,/content/quantum rheed codex/result/professor_validation/final_comparison/jobs/003_stage-final_comparison_epoch-3_seed-42_strategy-uncertainty_diversity_lambda-0p5_budget-100/job_state.json
42,uncertainty_diversity,Trajectories/2022-02-06/058_RR220206A_249C_1745.bmp || Trajectories/2022-04-11/178_RR220411A_774C_1649.bmp,6,,0.6800381541252136,22.53544162696559,/content/quantum rheed codex/result/professor_validation/final_comparison/jobs/003_stage-final_comparison_epoch-3_seed-42_strategy-uncertainty_diversity_lambda-0p5_budget-100/job_state.json
42,uncertainty_diversity,Trajectories/2022-04-11/246_RR220411A_915C_1741.bmp || Trajectories/2022-04-11/258_RR220411A_932C_1751.bmp,18,,0.6929470300674438,24.548024683414457,/content/quantum rheed codex/result/professor_validation/final_comparison/jobs/003_stage-final_comparison_epoch-3_seed-42_strategy-uncertainty_diversity_lambda-0p5_budget-100/job_state.json
42,uncertainty_diversity,Trajectories/2022-04-11/320_RR220411A_824C_1901.bmp || Trajectories/2022-04-11/332_RR220411A_756C_1911.bmp,12,,0.6926867961883545,24.31345657144823,/content/quantum rheed codex/result/professor_validation/final_comparison/jobs/003_stage-final_comparison_epoch-3_seed-42_strategy-uncertainty_diversity_lambda-0p5_budget-100/job_state.json
42,uncertainty_diversity,Trajectories/2022-04-11/138_RR220411A_635C_1610.bmp || Trajectories/2022-04-11/186_RR220411A_805C_1658.bmp,0,,0.6876935958862305,22.288611671364645,/content/quantum rheed codex/result/professor_validation/final_comparison/jobs/003_stage-final_comparison_epoch-3_seed-42_strategy-uncertainty_diversity_lambda-0p5_budget-100/job_state.json
42,uncertainty_diversity,Trajectories/2022-02-04/076_RR220204A_299C_1713.bmp || Trajectories/2022-02-04/080_RR220204A_301C_1718.bmp,1,,0.6931349039077759,27.045370372112515,/content/quantum rheed codex/result/professor_validation/final_comparison/jobs/003_stage-final_comparison_epoch-3_seed-42_strategy-uncertainty_diversity_lambda-0p5_budget-100/job_state.json
42,uncertainty_diversity,Trajectories/2022-02-06/141_RR220206A_995C_1942.bmp || Trajectories/2022-04-11/129_RR220411A_590C_1601.bmp,4,,0.6747611165046692,22.270910649835255,/content/quantum rheed codex/result/professor_validation/final_comparison/jobs/003_stage-final_comparison_epoch-3_seed-42_strategy-uncertainty_diversity_lambda-0p5_budget-100/job_state.json
42,uncertainty_diversity,Trajectories/2022-02-04/333_RR220204A_939C_2059.bmp || Trajectories/2022-02-04/342_RR220204A_941C_2115.bmp,9,,0.6662817597389221,21.01610876692342,/content/quantum rheed codex/result/professor_validation/final_comparison/jobs/003_stage-final_comparison_epoch-3_seed-42_strategy-uncertainty_diversity_lambda-0p5_budget-100/job_state.json
42,uncertainty_diversity,Trajectories/2022-04-11/323_RR220411A_816C_1903.bmp || Trajectories/2022-04-11/366_RR220411A_654C_1930.bmp,12,,0.6919394731521606,24.376322043453303,/content/quantum rheed codex/result/professor_validation/final_comparison/jobs/003_stage-final_comparison_epoch-3_seed-42_strategy-uncertainty_diversity_lambda-0p5_budget-100/job_state.json
42,uncertainty_diversity,Trajectories/2022-02-04/320_RR220204A_915C_2039.bmp || Trajectories/2022-02-06/282_RR220206A_184C_2256.bmp,18,,0.6764714121818542,23.021458268727642,/content/quantum rheed codex/result/professor_validation/final_comparison/jobs/003_stage-final_comparison_epoch-3_seed-42_strategy-uncertainty_diversity_lambda-0p5_budget-100/job_state.json
42,uncertainty_diversity,Trajectories/2022-02-04/314_RR220204A_937C_2030.bmp || Trajectories/2022-04-11/081_RR220411A_453C_1523.bmp,16,,0.6574434041976929,22.67318124849301,/content/quantum rheed codex/result/professor_validation/final_comparison/jobs/003_stage-final_comparison_epoch-3_seed-42_strategy-uncertainty_diversity_lambda-0p5_budget-100/job_state.json
42,uncertainty_diversity,Trajectories/2022-02-04/124_RR220204A_444C_1748.bmp || Trajectories/2022-04-11/330_RR220411A_762C_1910.bmp,12,,0.6925504803657532,25.74524134773142,/content/quantum rheed codex/result/professor_validation/final_comparison/jobs/003_stage-final_comparison_epoch-3_seed-42_strategy-uncertainty_diversity_lambda-0p5_budget-100/job_state.json
42,uncertainty_diversity,Trajectories/2022-04-11/111_RR220411A_536C_1546.bmp || Trajectories/2022-04-11/175_RR220411A_765C_1645.bmp,0,,0.6926507353782654,21.82765942522444,/content/quantum rheed codex/result/professor_validation/final_comparison/jobs/003_stage-final_comparison_epoch-3_seed-42_strategy-uncertainty_diversity_lambda-0p5_budget-100/job_state.json
42,uncertainty_diversity,Trajectories/2022-02-04/117_RR220204A_445C_1740.bmp || Trajectories/2022-02-06/123_RR220206A_894C_1923.bmp,1,,0.6898975372314453,26.59835915073484,/content/quantum rheed codex/result/professor_validation/final_comparison/jobs/003_stage-final_comparison_epoch-3_seed-42_strategy-uncertainty_diversity_lambda-0p5_budget-100/job_state.json
42,uncertainty_diversity,Trajectories/2022-02-06/273_RR220206A_423C_2243.bmp || Trajectories/2022-04-11/093_RR220411A_482C_1531.bmp,8,,0.680992066860199,21.98390388369229,/content/quantum rheed codex/result/professor_validation/final_comparison/jobs/003_stage-final_comparison_epoch-3_seed-42_strategy-uncertainty_diversity_lambda-0p5_budget-100/job_state.json
42,uncertainty_diversity,Trajectories/2022-04-11/238_RR220411A_905C_1736.bmp || Trajectories/2022-04-11/319_RR220411A_828C_1900.bmp,1,,0.6926150321960449,24.691383813855563,/content/quantum rheed codex/result/professor_validation/final_comparison/jobs/003_stage-final_comparison_epoch-3_seed-42_strategy-uncertainty_diversity_lambda-0p5_budget-100/job_state.json
42,uncertainty_diversity,Trajectories/2022-04-11/036_RR220411A_313C_1443.bmp || Trajectories/2022-04-11/072_RR220411A_429C_1516.bmp,9,,0.6893340349197388,23.407529868236363,/content/quantum rheed codex/result/professor_validation/final_comparison/jobs/003_stage-final_comparison_epoch-3_seed-42_strategy-uncertainty_diversity_lambda-0p5_budget-100/job_state.json
42,uncertainty_diversity,Trajectories/2022-02-06/129_RR220206A_912C_1929.bmp || Trajectories/2022-04-11/217_RR220411A_857C_1718.bmp,18,,0.6894927024841309,24.972182421652967,/content/quantum rheed codex/result/professor_validation/final_comparison/jobs/003_stage-final_comparison_epoch-3_seed-42_strategy-uncertainty_diversity_lambda-0p5_budget-100/job_state.json
42,uncertainty_diversity,Trajectories/2022-02-04/034_RR220204A_655C_0142.bmp || Trajectories/2022-02-06/272_RR220206A_424C_2242.bmp,7,,0.6881579160690308,21.515952441793956,/content/quantum rheed codex/result/professor_validation/final_comparison/jobs/003_stage-final_comparison_epoch-3_seed-42_strategy-uncertainty_diversity_lambda-0p5_budget-100/job_state.json
42,uncertainty_diversity,Trajectories/2022-02-06/163_RR220206A_1105C_2015.bmp || Trajectories/2022-02-06/249_RR220206A_638C_2210.bmp,13,,0.6836246848106384,22.862240770335855,/content/quantum rheed codex/result/professor_validation/final_comparison/jobs/003_stage-final_comparison_epoch-3_seed-42_strategy-uncertainty_diversity_lambda-0p5_budget-100/job_state.json
42,uncertainty_diversity,Trajectories/2022-02-04/013_RR220204A_949C_0119.bmp || Trajectories/2022-02-06/077_RR220206A_461C_1813.bmp,4,,0.6853818297386169,21.312522082798882,/content/quantum rheed codex/result/professor_validation/final_comparison/jobs/003_stage-final_comparison_epoch-3_seed-42_strategy-uncertainty_diversity_lambda-0p5_budget-100/job_state.json
42,uncertainty_diversity,Trajectories/2022-02-04/378_RR220204A_938C_2312.bmp || Trajectories/2022-02-06/229_RR220206A_766C_2141.bmp,13,,0.6863523721694946,22.206620723382496,/content/quantum rheed codex/result/professor_validation/final_comparison/jobs/003_stage-final_comparison_epoch-3_seed-42_strategy-uncertainty_diversity_lambda-0p5_budget-100/job_state.json
42,uncertainty_diversity,Trajectories/2022-04-11/183_RR220411A_794C_1655.bmp || Trajectories/2022-04-11/226_RR220411A_873C_1725.bmp,6,,0.678469717502594,23.48584061301237,/content/quantum rheed codex/result/professor_validation/final_comparison/jobs/003_stage-final_comparison_epoch-3_seed-42_strategy-uncertainty_diversity_lambda-0p5_budget-100/job_state.json
42,uncertainty_diversity,Trajectories/2022-02-04/263_RR220204A_793C_1934.bmp || Trajectories/2022-04-11/042_RR220411A_331C_1448.bmp,2,,0.6792077422142029,24.843080675499426,/content/quantum rheed codex/result/professor_validation/final_comparison/jobs/003_stage-final_comparison_epoch-3_seed-42_strategy-uncertainty_diversity_lambda-0p5_budget-100/job_state.json
42,uncertainty_diversity,Trajectories/2022-02-06/055_RR220206A_239C_1742.bmp || Trajectories/2022-04-11/409_RR220411A_474C_1953.bmp,5,,0.6796600222587585,23.128032207424038,/content/quantum rheed codex/result/professor_validation/final_comparison/jobs/003_stage-final_comparison_epoch-3_seed-42_strategy-uncertainty_diversity_lambda-0p5_budget-100/job_state.json
42,uncertainty_diversity,Trajectories/2022-02-04/024_RR220204A_927C_0130.bmp || Trajectories/2022-02-04/261_RR220204A_790C_1930.bmp,9,,0.6594241261482239,23.50657085176891,/content/quantum rheed codex/result/professor_validation/final_comparison/jobs/003_stage-final_comparison_epoch-3_seed-42_strategy-uncertainty_diversity_lambda-0p5_budget-100/job_state.json
42,uncertainty_diversity,Trajectories/2022-02-04/131_RR220204A_466C_1754.bmp || Trajectories/2022-04-11/204_RR220411A_851C_1712.bmp,1,,0.6889158487319946,25.8703051242687,/content/quantum rheed codex/result/professor_validation/final_comparison/jobs/003_stage-final_comparison_epoch-3_seed-42_strategy-uncertainty_diversity_lambda-0p5_budget-100/job_state.json
42,uncertainty_diversity,Trajectories/2022-02-04/219_RR220204A_668C_1852.bmp || Trajectories/2022-02-06/191_RR220206A_960C_2056.bmp,13,,0.6866176724433899,22.24439657881138,/content/quantum rheed codex/result/professor_validation/final_comparison/jobs/003_stage-final_comparison_epoch-3_seed-42_strategy-uncertainty_diversity_lambda-0p5_budget-100/job_state.json
42,uncertainty_diversity,Trajectories/2022-02-06/102_RR220206A_698C_1845.bmp || Trajectories/2022-04-11/183_RR220411A_794C_1655.bmp,0,,0.6886780858039856,22.85030612688132,/content/quantum rheed codex/result/professor_validation/final_comparison/jobs/003_stage-final_comparison_epoch-3_seed-42_strategy-uncertainty_diversity_lambda-0p5_budget-100/job_state.json
42,uncertainty_diversity,Trajectories/2022-02-06/215_RR220206A_835C_2123.bmp || Trajectories/2022-04-11/140_RR220411A_647C_1612.bmp,8,,0.6849180459976196,22.492506553434566,/content/quantum rheed codex/result/professor_validation/final_comparison/jobs/003_stage-final_comparison_epoch-3_seed-42_strategy-uncertainty_diversity_lambda-0p5_budget-100/job_state.json
42,uncertainty_diversity,Trajectories/2022-02-04/160_RR220204A_501C_1809-02.bmp || Trajectories/2022-02-04/161_RR220204A_504C_1810.bmp,1,,0.6931449770927429,26.235935380005806,/content/quantum rheed codex/result/professor_validation/final_comparison/jobs/003_stage-final_comparison_epoch-3_seed-42_strategy-uncertainty_diversity_lambda-0p5_budget-100/job_state.json
42,uncertainty_diversity,Trajectories/2022-02-06/124_RR220206A_894C_1924.bmp || Trajectories/2022-02-06/253_RR220206A_599C_2217.bmp,3,,0.6724120378494263,24.257561005323222,/content/quantum rheed codex/result/professor_validation/final_comparison/jobs/003_stage-final_comparison_epoch-3_seed-42_strategy-uncertainty_diversity_lambda-0p5_budget-100/job_state.json
42,uncertainty_diversity,Trajectories/2022-02-04/317_RR220204A_935C_2033.bmp || Trajectories/2022-02-06/250_RR220206A_621C_2212.bmp,16,,0.6306546330451965,22.571307584220413,/content/quantum rheed codex/result/professor_validation/final_comparison/jobs/003_stage-final_comparison_epoch-3_seed-42_strategy-uncertainty_diversity_lambda-0p5_budget-100/job_state.json
42,uncertainty_diversity,Trajectories/2022-02-06/180_RR220206A_1031C_2041.bmp || Trajectories/2022-04-11/277_RR220411A_936C_1828.bmp,13,,0.6736951470375061,23.364457456981647,/content/quantum rheed codex/result/professor_validation/final_comparison/jobs/003_stage-final_comparison_epoch-3_seed-42_strategy-uncertainty_diversity_lambda-0p5_budget-100/job_state.json
42,uncertainty_diversity,Trajectories/2022-02-04/097_RR220204A_405C_1727.bmp || Trajectories/2022-04-11/383_RR220411A_597C_1941.bmp,12,,0.6915292143821716,25.446279072733564,/content/quantum rheed codex/result/professor_validation/final_comparison/jobs/003_stage-final_comparison_epoch-3_seed-42_strategy-uncertainty_diversity_lambda-0p5_budget-100/job_state.json
42,uncertainty_diversity,Trajectories/2022-02-06/095_RR220206A_614C_1835.bmp || Trajectories/2022-02-06/247_RR220206A_657C_2207.bmp,8,,0.6876974105834961,22.77326985830725,/content/quantum rheed codex/result/professor_validation/final_comparison/jobs/003_stage-final_comparison_epoch-3_seed-42_strategy-uncertainty_diversity_lambda-0p5_budget-100/job_state.json
42,uncertainty_diversity,Trajectories/2022-04-11/141_RR220411A_656C_1613.bmp || Trajectories/2022-04-11/203_RR220411A_843C_1711-03.bmp,6,,0.6717095971107483,22.995234310701953,/content/quantum rheed codex/result/professor_validation/final_comparison/jobs/003_stage-final_comparison_epoch-3_seed-42_strategy-uncertainty_diversity_lambda-0p5_budget-100/job_state.json
42,uncertainty_diversity,Trajectories/2022-02-04/385_RR220204A_939C_2340.bmp || Trajectories/2022-02-06/171_RR220206A_1085C_2027.bmp,13,,0.690349280834198,21.713980387453024,/content/quantum rheed codex/result/professor_validation/final_comparison/jobs/003_stage-final_comparison_epoch-3_seed-42_strategy-uncertainty_diversity_lambda-0p5_budget-100/job_state.json
42,uncertainty_diversity,Trajectories/2022-02-04/230_RR220204A_695C_1902.bmp || Trajectories/2022-02-06/074_RR220206A_430C_1809.bmp,0,,0.6722796559333801,21.09023292648527,/content/quantum rheed codex/result/professor_validation/final_comparison/jobs/003_stage-final_comparison_epoch-3_seed-42_strategy-uncertainty_diversity_lambda-0p5_budget-100/job_state.json
42,uncertainty_diversity,Trajectories/2022-02-04/085_RR220204A_378C_1720.bmp || Trajectories/2022-02-04/134_RR220204A_467C_1754-02.bmp,1,,0.6931449174880981,26.930232687290747,/content/quantum rheed codex/result/professor_validation/final_comparison/jobs/003_stage-final_comparison_epoch-3_seed-42_strategy-uncertainty_diversity_lambda-0p5_budget-100/job_state.json
42,uncertainty_diversity,Trajectories/2022-02-04/164_RR220204A_507C_1811.bmp || Trajectories/2022-02-06/074_RR220206A_430C_1809.bmp,6,,0.6788052320480347,23.552812340623927,/content/quantum rheed codex/result/professor_validation/final_comparison/jobs/003_stage-final_comparison_epoch-3_seed-42_strategy-uncertainty_diversity_lambda-0p5_budget-100/job_state.json
42,uncertainty_diversity,Trajectories/2022-02-06/097_RR220206A_654C_1837.bmp || Trajectories/2022-04-11/067_RR220411A_416C_1513-02.bmp,4,,0.6767597794532776,22.796558657544036,/content/quantum rheed codex/result/professor_validation/final_comparison/jobs/003_stage-final_comparison_epoch-3_seed-42_strategy-uncertainty_diversity_lambda-0p5_budget-100/job_state.json
42,uncertainty_diversity,Trajectories/2022-02-06/049_RR220206A_205C_1737.bmp || Trajectories/2022-04-11/356_RR220411A_685C_1925.bmp,12,,0.685172438621521,23.414565795258188,/content/quantum rheed codex/result/professor_validation/final_comparison/jobs/003_stage-final_comparison_epoch-3_seed-42_strategy-uncertainty_diversity_lambda-0p5_budget-100/job_state.json
42,uncertainty_diversity,Trajectories/2022-02-04/239_RR220204A_720C_1910.bmp || Trajectories/2022-04-11/154_RR220411A_696C_1624.bmp,4,,0.6768999695777893,21.676816053497742,/content/quantum rheed codex/result/professor_validation/final_comparison/jobs/003_stage-final_comparison_epoch-3_seed-42_strategy-uncertainty_diversity_lambda-0p5_budget-100/job_state.json
42,uncertainty_diversity,Trajectories/2022-02-06/265_RR220206A_498C_2232.bmp || Trajectories/2022-04-11/288_RR220411A_904C_1837.bmp,3,,0.6812180876731873,23.403042971487757,/content/quantum rheed codex/result/professor_validation/final_comparison/jobs/003_stage-final_comparison_epoch-3_seed-42_strategy-uncertainty_diversity_lambda-0p5_budget-100/job_state.json
42,uncertainty_diversity,Trajectories/2022-04-11/227_RR220411A_877C_1726.bmp || Trajectories/2022-04-11/323_RR220411A_816C_1903.bmp,1,,0.6924399733543396,24.878343381267594,/content/quantum rheed codex/result/professor_validation/final_comparison/jobs/003_stage-final_comparison_epoch-3_seed-42_strategy-uncertainty_diversity_lambda-0p5_budget-100/job_state.json
42,uncertainty_diversity,Trajectories/2022-02-04/139_RR220204A_470C_1758.bmp || Trajectories/2022-04-11/372_RR220411A_636C_1935.bmp,12,,0.6917364001274109,25.409035404670888,/content/quantum rheed codex/result/professor_validation/final_comparison/jobs/003_stage-final_comparison_epoch-3_seed-42_strategy-uncertainty_diversity_lambda-0p5_budget-100/job_state.json
42,uncertainty_diversity,Trajectories/2022-02-04/126_RR220204A_443C_1750.bmp || Trajectories/2022-04-11/213_RR220411A_857C_1715.bmp,1,,0.6896770596504211,25.9594617839541,/content/quantum rheed codex/result/professor_validation/final_comparison/jobs/003_stage-final_comparison_epoch-3_seed-42_strategy-uncertainty_diversity_lambda-0p5_budget-100/job_state.json
42,uncertainty_diversity,Trajectories/2022-02-04/205_RR220204A_642C_1839-02.bmp || Trajectories/2022-02-04/337_RR220204A_938C_2106.bmp,4,,0.6641209125518799,21.165326641499057,/content/quantum rheed codex/result/professor_validation/final_comparison/jobs/003_stage-final_comparison_epoch-3_seed-42_strategy-uncertainty_diversity_lambda-0p5_budget-100/job_state.json
42,uncertainty_diversity,Trajectories/2022-02-04/300_RR220204A_881C_2018.bmp || Trajectories/2022-02-06/195_RR220206A_944C_2101.bmp,16,,0.6393160223960876,23.500640246280167,/content/quantum rheed codex/result/professor_validation/final_comparison/jobs/003_stage-final_comparison_epoch-3_seed-42_strategy-uncertainty_diversity_lambda-0p5_budget-100/job_state.json
42,uncertainty_diversity,Trajectories/2022-02-04/148_RR220204A_480C_1804.bmp || Trajectories/2022-04-11/313_RR220411A_839C_1856.bmp,1,,0.6925778985023499,25.409224945048628,/content/quantum rheed codex/result/professor_validation/final_comparison/jobs/003_stage-final_comparison_epoch-3_seed-42_strategy-uncertainty_diversity_lambda-0p5_budget-100/job_state.json
42,uncertainty_diversity,Trajectories/2022-02-04/385_RR220204A_939C_2340.bmp || Trajectories/2022-04-11/237_RR220411A_901C_1735.bmp,3,,0.6495855450630188,22.19670732588123,/content/quantum rheed codex/result/professor_validation/final_comparison/jobs/003_stage-final_comparison_epoch-3_seed-42_strategy-uncertainty_diversity_lambda-0p5_budget-100/job_state.json
42,uncertainty_diversity,Trajectories/2022-04-11/063_RR220411A_402C_1510.bmp || Trajectories/2022-04-11/268_RR220411A_952C_1801.bmp,4,,0.6532324552536011,23.157497526027612,/content/quantum rheed codex/result/professor_validation/final_comparison/jobs/003_stage-final_comparison_epoch-3_seed-42_strategy-uncertainty_diversity_lambda-0p5_budget-100/job_state.json
42,uncertainty_diversity,Trajectories/2022-02-04/188_RR220204A_579C_1829.bmp || Trajectories/2022-04-11/113_RR220411A_539C_1548.bmp,6,,0.6758280992507935,22.352315845208697,/content/quantum rheed codex/result/professor_validation/final_comparison/jobs/003_stage-final_comparison_epoch-3_seed-42_strategy-uncertainty_diversity_lambda-0p5_budget-100/job_state.json
42,uncertainty_diversity,Trajectories/2022-02-06/104_RR220206A_734C_1847.bmp || Trajectories/2022-02-06/207_RR220206A_875C_2114.bmp,8,,0.6873448491096497,23.382642579240215,/content/quantum rheed codex/result/professor_validation/final_comparison/jobs/003_stage-final_comparison_epoch-3_seed-42_strategy-uncertainty_diversity_lambda-0p5_budget-100/job_state.json
42,uncertainty_diversity,Trajectories/2022-02-04/037_RR220204A_579C_0146.bmp || Trajectories/2022-02-04/074_RR220204A_297C_1711.bmp,18,,0.6649156212806702,22.848479586330704,/content/quantum rheed codex/result/professor_validation/final_comparison/jobs/003_stage-final_comparison_epoch-3_seed-42_strategy-uncertainty_diversity_lambda-0p5_budget-100/job_state.json
42,uncertainty_diversity,Trajectories/2022-02-04/029_RR220204A_808C_0135.bmp || Trajectories/2022-02-04/242_RR220204A_720C_1911.bmp,4,,0.6584815979003906,20.99896977179711,/content/quantum rheed codex/result/professor_validation/final_comparison/jobs/003_stage-final_comparison_epoch-3_seed-42_strategy-uncertainty_diversity_lambda-0p5_budget-100/job_state.json
42,uncertainty_diversity,Trajectories/2022-02-04/048_RR220204A_245C_0201.bmp || Trajectories/2022-04-11/183_RR220411A_794C_1655.bmp,4,,0.6478106379508972,20.775367531816148,/content/quantum rheed codex/result/professor_validation/final_comparison/jobs/003_stage-final_comparison_epoch-3_seed-42_strategy-uncertainty_diversity_lambda-0p5_budget-100/job_state.json
42,uncertainty_diversity,Trajectories/2022-02-06/016_RR220206A_165C_1704-03.bmp || Trajectories/2022-04-11/011_RR220411A_219C_1424.bmp,14,,0.6092067956924438,20.986228723035666,/content/quantum rheed codex/result/professor_validation/final_comparison/jobs/003_stage-final_comparison_epoch-3_seed-42_strategy-uncertainty_diversity_lambda-0p5_budget-100/job_state.json
42,uncertainty_diversity,Trajectories/2022-02-06/241_RR220206A_692C_2157.bmp || Trajectories/2022-04-11/201_RR220411A_843C_1711-01.bmp,3,,0.6605700850486755,23.532526348636424,/content/quantum rheed codex/result/professor_validation/final_comparison/jobs/003_stage-final_comparison_epoch-3_seed-42_strategy-uncertainty_diversity_lambda-0p5_budget-100/job_state.json
42,uncertainty_diversity,Trajectories/2022-04-11/008_RR220411A_193C_1422.bmp || Trajectories/2022-04-11/093_RR220411A_482C_1531.bmp,9,,0.6649039387702942,23.003454162647913,/content/quantum rheed codex/result/professor_validation/final_comparison/jobs/003_stage-final_comparison_epoch-3_seed-42_strategy-uncertainty_diversity_lambda-0p5_budget-100/job_state.json
42,uncertainty_diversity,Trajectories/2022-02-06/137_RR220206A_982C_1937.bmp || Trajectories/2022-04-11/191_RR220411A_821C_1704.bmp,8,,0.6485568284988403,23.1849858606405,/content/quantum rheed codex/result/professor_validation/final_comparison/jobs/003_stage-final_comparison_epoch-3_seed-42_strategy-uncertainty_diversity_lambda-0p5_budget-100/job_state.json
42,uncertainty_diversity,Trajectories/2022-02-04/184_RR220204A_576C_1826.bmp || Trajectories/2022-04-11/147_RR220411A_671C_1617.bmp,6,,0.6706840991973877,22.791264990014167,/content/quantum rheed codex/result/professor_validation/final_comparison/jobs/003_stage-final_comparison_epoch-3_seed-42_strategy-uncertainty_diversity_lambda-0p5_budget-100/job_state.json
42,uncertainty_diversity,Trajectories/2022-02-04/174_RR220204A_527C_1818.bmp || Trajectories/2022-04-11/164_RR220411A_724C_1635.bmp,6,,0.6617878079414368,23.478883447278147,/content/quantum rheed codex/result/professor_validation/final_comparison/jobs/003_stage-final_comparison_epoch-3_seed-42_strategy-uncertainty_diversity_lambda-0p5_budget-100/job_state.json
42,uncertainty_diversity,Trajectories/2022-02-04/194_RR220204A_610C_1832.bmp || Trajectories/2022-04-11/163_RR220411A_715C_1634.bmp,6,,0.6798955798149109,22.523029864673394,/content/quantum rheed codex/result/professor_validation/final_comparison/jobs/003_stage-final_comparison_epoch-3_seed-42_strategy-uncertainty_diversity_lambda-0p5_budget-100/job_state.json
42,uncertainty_diversity,Trajectories/2022-02-04/305_RR220204A_915C_2023.bmp || Trajectories/2022-02-04/335_RR220204A_940C_2102.bmp,16,,0.6464694142341614,22.02735415928937,/content/quantum rheed codex/result/professor_validation/final_comparison/jobs/003_stage-final_comparison_epoch-3_seed-42_strategy-uncertainty_diversity_lambda-0p5_budget-100/job_state.json
42,uncertainty_diversity,Trajectories/2022-04-11/108_RR220411A_507C_1543.bmp || Trajectories/2022-04-11/379_RR220411A_614C_1940.bmp,7,,0.6363406181335449,21.833313101458106,/content/quantum rheed codex/result/professor_validation/final_comparison/jobs/003_stage-final_comparison_epoch-3_seed-42_strategy-uncertainty_diversity_lambda-0p5_budget-100/job_state.json
42,uncertainty_diversity,Trajectories/2022-02-06/057_RR220206A_249C_1744.bmp || Trajectories/2022-02-06/154_RR220206A_1092C_2003-02.bmp,8,,0.6331785321235657,22.24514492988024,/content/quantum rheed codex/result/professor_validation/final_comparison/jobs/003_stage-final_comparison_epoch-3_seed-42_strategy-uncertainty_diversity_lambda-0p5_budget-100/job_state.json
42,uncertainty_diversity,Trajectories/2022-02-06/080_RR220206A_490C_1816.bmp || Trajectories/2022-04-11/234_RR220411A_888C_1732.bmp,6,,0.6580897569656372,22.92890814233322,/content/quantum rheed codex/result/professor_validation/final_comparison/jobs/003_stage-final_comparison_epoch-3_seed-42_strategy-uncertainty_diversity_lambda-0p5_budget-100/job_state.json
42,uncertainty_diversity,Trajectories/2022-02-04/085_RR220204A_378C_1720.bmp || Trajectories/2022-02-04/328_RR220204A_946C_2053.bmp,18,,0.6606195569038391,23.259889390387887,/content/quantum rheed codex/result/professor_validation/final_comparison/jobs/003_stage-final_comparison_epoch-3_seed-42_strategy-uncertainty_diversity_lambda-0p5_budget-100/job_state.json
42,uncertainty_diversity,Trajectories/2022-02-04/152_RR220204A_488C_1805-02.bmp || Trajectories/2022-04-11/173_RR220411A_755C_1643.bmp,6,,0.6595005989074707,23.953474662147634,/content/quantum rheed codex/result/professor_validation/final_comparison/jobs/003_stage-final_comparison_epoch-3_seed-42_strategy-uncertainty_diversity_lambda-0p5_budget-100/job_state.json
42,uncertainty_diversity,Trajectories/2022-02-06/068_RR220206A_362C_1759.bmp || Trajectories/2022-04-11/075_RR220411A_440C_1519.bmp,0,,0.6395955085754395,21.975598363759104,/content/quantum rheed codex/result/professor_validation/final_comparison/jobs/003_stage-final_comparison_epoch-3_seed-42_strategy-uncertainty_diversity_lambda-0p5_budget-100/job_state.json
42,uncertainty_diversity,Trajectories/2022-02-06/206_RR220206A_875C_2113.bmp || Trajectories/2022-04-11/338_RR220411A_734C_1915.bmp,10,,0.6296746134757996,23.276308184361554,/content/quantum rheed codex/result/professor_validation/final_comparison/jobs/003_stage-final_comparison_epoch-3_seed-42_strategy-uncertainty_diversity_lambda-0p5_budget-100/job_state.json
42,uncertainty_diversity,Trajectories/2022-02-04/170_RR220204A_536C_1818.bmp || Trajectories/2022-02-06/230_RR220206A_767C_2143.bmp,3,,0.6489011645317078,24.065747309486433,/content/quantum rheed codex/result/professor_validation/final_comparison/jobs/003_stage-final_comparison_epoch-3_seed-42_strategy-uncertainty_diversity_lambda-0p5_budget-100/job_state.json
42,uncertainty_diversity,Trajectories/2022-02-04/334_RR220204A_939C_2101.bmp || Trajectories/2022-04-11/386_RR220411A_580C_1943.bmp,7,,0.6306466460227966,21.361342382241766,/content/quantum rheed codex/result/professor_validation/final_comparison/jobs/003_stage-final_comparison_epoch-3_seed-42_strategy-uncertainty_diversity_lambda-0p5_budget-100/job_state.json
42,uncertainty_diversity,Trajectories/2022-02-04/159_RR220204A_501C_1809-01.bmp || Trajectories/2022-04-11/100_RR220411A_492C_1537.bmp,6,,0.6481395959854126,23.192874980127996,/content/quantum rheed codex/result/professor_validation/final_comparison/jobs/003_stage-final_comparison_epoch-3_seed-42_strategy-uncertainty_diversity_lambda-0p5_budget-100/job_state.json
42,uncertainty_diversity,Trajectories/2022-02-06/189_RR220206A_971C_2054-01.bmp || Trajectories/2022-04-11/286_RR220411A_906C_1837.bmp,3,,0.6618502140045166,23.414364694453095,/content/quantum rheed codex/result/professor_validation/final_comparison/jobs/003_stage-final_comparison_epoch-3_seed-42_strategy-uncertainty_diversity_lambda-0p5_budget-100/job_state.json
42,uncertainty_diversity,Trajectories/2022-02-04/156_RR220204A_490C_1808.bmp || Trajectories/2022-02-04/383_RR220204A_937C_2331.bmp,18,,0.6502949595451355,22.768354246196072,/content/quantum rheed codex/result/professor_validation/final_comparison/jobs/003_stage-final_comparison_epoch-3_seed-42_strategy-uncertainty_diversity_lambda-0p5_budget-100/job_state.json
42,uncertainty_diversity,Trajectories/2022-02-04/079_RR220204A_301C_1717.bmp || Trajectories/2022-02-04/329_RR220204A_946C_2054.bmp,18,,0.6579764485359192,23.283186369870183,/content/quantum rheed codex/result/professor_validation/final_comparison/jobs/003_stage-final_comparison_epoch-3_seed-42_strategy-uncertainty_diversity_lambda-0p5_budget-100/job_state.json
42,uncertainty_diversity,Trajectories/2022-02-04/021_RR220204A_981C_0126-03.bmp || Trajectories/2022-04-11/225_RR220411A_873C_1724.bmp,3,,0.6183668375015259,22.725180404078415,/content/quantum rheed codex/result/professor_validation/final_comparison/jobs/003_stage-final_comparison_epoch-3_seed-42_strategy-uncertainty_diversity_lambda-0p5_budget-100/job_state.json
42,uncertainty_diversity,Trajectories/2022-04-11/047_RR220411A_350C_1454.bmp || Trajectories/2022-04-11/186_RR220411A_805C_1658.bmp,4,,0.6335878968238831,22.57997450996887,/content/quantum rheed codex/result/professor_validation/final_comparison/jobs/003_stage-final_comparison_epoch-3_seed-42_strategy-uncertainty_diversity_lambda-0p5_budget-100/job_state.json
42,uncertainty_diversity,Trajectories/2022-02-04/253_RR220204A_782C_1923.bmp || Trajectories/2022-02-06/262_RR220206A_540C_2228.bmp,9,,0.6272095441818237,22.751532700640563,/content/quantum rheed codex/result/professor_validation/final_comparison/jobs/003_stage-final_comparison_epoch-3_seed-42_strategy-uncertainty_diversity_lambda-0p5_budget-100/job_state.json
42,uncertainty_diversity,Trajectories/2022-02-06/273_RR220206A_423C_2243.bmp || Trajectories/2022-04-11/379_RR220411A_614C_1940.bmp,10,,0.6506932377815247,22.910729830588078,/content/quantum rheed codex/result/professor_validation/final_comparison/jobs/003_stage-final_comparison_epoch-3_seed-42_strategy-uncertainty_diversity_lambda-0p5_budget-100/job_state.json
42,uncertainty_diversity,Trajectories/2022-02-06/234_RR220206A_738C_2148.bmp || Trajectories/2022-04-11/375_RR220411A_617C_1938.bmp,10,,0.6266245245933533,23.01363324861712,/content/quantum rheed codex/result/professor_validation/final_comparison/jobs/003_stage-final_comparison_epoch-3_seed-42_strategy-uncertainty_diversity_lambda-0p5_budget-100/job_state.json
42,uncertainty_diversity,Trajectories/2022-02-04/235_RR220204A_725C_1905.bmp || Trajectories/2022-02-06/068_RR220206A_362C_1759.bmp,0,,0.6414770483970642,21.32105650424058,/content/quantum rheed codex/result/professor_validation/final_comparison/jobs/003_stage-final_comparison_epoch-3_seed-42_strategy-uncertainty_diversity_lambda-0p5_budget-100/job_state.json
42,uncertainty_diversity,Trajectories/2022-04-11/069_RR220411A_428C_1515.bmp || Trajectories/2022-04-11/231_RR220411A_882C_1729.bmp,8,,0.6173194050788879,23.10981009003381,/content/quantum rheed codex/result/professor_validation/final_comparison/jobs/003_stage-final_comparison_epoch-3_seed-42_strategy-uncertainty_diversity_lambda-0p5_budget-100/job_state.json
42,uncertainty_diversity,Trajectories/2022-02-04/338_RR220204A_940C_2108.bmp || Trajectories/2022-04-11/354_RR220411A_693C_1924.bmp,7,,0.599399745464325,21.18890927583466,/content/quantum rheed codex/result/professor_validation/final_comparison/jobs/003_stage-final_comparison_epoch-3_seed-42_strategy-uncertainty_diversity_lambda-0p5_budget-100/job_state.json
42,cluster_diverse,Trajectories/2022-04-11/111_RR220411A_536C_1546.bmp || Trajectories/2022-04-11/175_RR220411A_765C_1645.bmp,0,,0.6926507353782654,21.82765942522444,/content/quantum rheed codex/result/professor_validation/final_comparison/jobs/002_stage-final_comparison_epoch-3_seed-42_strategy-cluster_diverse_lambda-0p5_budget-100/job_state.json
42,cluster_diverse,Trajectories/2022-02-06/090_RR220206A_568C_1828.bmp || Trajectories/2022-04-11/149_RR220411A_676C_1619.bmp,0,,0.6922594308853149,22.36463768626028,/content/quantum rheed codex/result/professor_validation/final_comparison/jobs/002_stage-final_comparison_epoch-3_seed-42_strategy-cluster_diverse_lambda-0p5_budget-100/job_state.json
42,cluster_diverse,Trajectories/2022-02-06/102_RR220206A_698C_1845.bmp || Trajectories/2022-04-11/183_RR220411A_794C_1655.bmp,0,,0.6886780858039856,22.85030612688132,/content/quantum rheed codex/result/professor_validation/final_comparison/jobs/002_stage-final_comparison_epoch-3_seed-42_strategy-cluster_diverse_lambda-0p5_budget-100/job_state.json
42,cluster_diverse,Trajectories/2022-04-11/138_RR220411A_635C_1610.bmp || Trajectories/2022-04-11/186_RR220411A_805C_1658.bmp,0,,0.6876935958862305,22.288611671364645,/content/quantum rheed codex/result/professor_validation/final_comparison/jobs/002_stage-final_comparison_epoch-3_seed-42_strategy-cluster_diverse_lambda-0p5_budget-100/job_state.json
42,cluster_diverse,Trajectories/2022-02-04/230_RR220204A_695C_1902.bmp || Trajectories/2022-02-06/074_RR220206A_430C_1809.bmp,0,,0.6722796559333801,21.09023292648527,/content/quantum rheed codex/result/professor_validation/final_comparison/jobs/002_stage-final_comparison_epoch-3_seed-42_strategy-cluster_diverse_lambda-0p5_budget-100/job_state.json
42,cluster_diverse,Trajectories/2022-02-04/235_RR220204A_725C_1905.bmp || Trajectories/2022-02-06/068_RR220206A_362C_1759.bmp,0,,0.6414770483970642,21.32105650424058,/content/quantum rheed codex/result/professor_validation/final_comparison/jobs/002_stage-final_comparison_epoch-3_seed-42_strategy-cluster_diverse_lambda-0p5_budget-100/job_state.json
42,cluster_diverse,Trajectories/2022-02-04/160_RR220204A_501C_1809-02.bmp || Trajectories/2022-02-04/161_RR220204A_504C_1810.bmp,1,,0.6931449770927429,26.235935380005806,/content/quantum rheed codex/result/professor_validation/final_comparison/jobs/002_stage-final_comparison_epoch-3_seed-42_strategy-cluster_diverse_lambda-0p5_budget-100/job_state.json
42,cluster_diverse,Trajectories/2022-02-04/085_RR220204A_378C_1720.bmp || Trajectories/2022-02-04/134_RR220204A_467C_1754-02.bmp,1,,0.6931449174880981,26.930232687290747,/content/quantum rheed codex/result/professor_validation/final_comparison/jobs/002_stage-final_comparison_epoch-3_seed-42_strategy-cluster_diverse_lambda-0p5_budget-100/job_state.json
42,cluster_diverse,Trajectories/2022-02-04/076_RR220204A_299C_1713.bmp || Trajectories/2022-02-04/080_RR220204A_301C_1718.bmp,1,,0.6931349039077759,27.045370372112515,/content/quantum rheed codex/result/professor_validation/final_comparison/jobs/002_stage-final_comparison_epoch-3_seed-42_strategy-cluster_diverse_lambda-0p5_budget-100/job_state.json
42,cluster_diverse,Trajectories/2022-04-11/238_RR220411A_905C_1736.bmp || Trajectories/2022-04-11/319_RR220411A_828C_1900.bmp,1,,0.6926150321960449,24.691383813855563,/content/quantum rheed codex/result/professor_validation/final_comparison/jobs/002_stage-final_comparison_epoch-3_seed-42_strategy-cluster_diverse_lambda-0p5_budget-100/job_state.json
42,cluster_diverse,Trajectories/2022-02-04/148_RR220204A_480C_1804.bmp || Trajectories/2022-04-11/313_RR220411A_839C_1856.bmp,1,,0.6925778985023499,25.409224945048628,/content/quantum rheed codex/result/professor_validation/final_comparison/jobs/002_stage-final_comparison_epoch-3_seed-42_strategy-cluster_diverse_lambda-0p5_budget-100/job_state.json
42,cluster_diverse,Trajectories/2022-04-11/227_RR220411A_877C_1726.bmp || Trajectories/2022-04-11/323_RR220411A_816C_1903.bmp,1,,0.6924399733543396,24.878343381267594,/content/quantum rheed codex/result/professor_validation/final_comparison/jobs/002_stage-final_comparison_epoch-3_seed-42_strategy-cluster_diverse_lambda-0p5_budget-100/job_state.json
42,cluster_diverse,Trajectories/2022-02-04/117_RR220204A_445C_1740.bmp || Trajectories/2022-02-06/123_RR220206A_894C_1923.bmp,1,,0.6898975372314453,26.59835915073484,/content/quantum rheed codex/result/professor_validation/final_comparison/jobs/002_stage-final_comparison_epoch-3_seed-42_strategy-cluster_diverse_lambda-0p5_budget-100/job_state.json
42,cluster_diverse,Trajectories/2022-02-04/126_RR220204A_443C_1750.bmp || Trajectories/2022-04-11/213_RR220411A_857C_1715.bmp,1,,0.6896770596504211,25.9594617839541,/content/quantum rheed codex/result/professor_validation/final_comparison/jobs/002_stage-final_comparison_epoch-3_seed-42_strategy-cluster_diverse_lambda-0p5_budget-100/job_state.json
42,cluster_diverse,Trajectories/2022-02-04/296_RR220204A_869C_2015.bmp || Trajectories/2022-04-11/009_RR220411A_206C_1423.bmp,2,,0.6841011643409729,25.101487844771786,/content/quantum rheed codex/result/professor_validation/final_comparison/jobs/002_stage-final_comparison_epoch-3_seed-42_strategy-cluster_diverse_lambda-0p5_budget-100/job_state.json
42,cluster_diverse,Trajectories/2022-02-04/263_RR220204A_793C_1934.bmp || Trajectories/2022-04-11/042_RR220411A_331C_1448.bmp,2,,0.6792077422142029,24.843080675499426,/content/quantum rheed codex/result/professor_validation/final_comparison/jobs/002_stage-final_comparison_epoch-3_seed-42_strategy-cluster_diverse_lambda-0p5_budget-100/job_state.json
42,cluster_diverse,Trajectories/2022-02-06/265_RR220206A_498C_2232.bmp || Trajectories/2022-04-11/288_RR220411A_904C_1837.bmp,3,,0.6812180876731873,23.403042971487757,/content/quantum rheed codex/result/professor_validation/final_comparison/jobs/002_stage-final_comparison_epoch-3_seed-42_strategy-cluster_diverse_lambda-0p5_budget-100/job_state.json
42,cluster_diverse,Trajectories/2022-02-06/124_RR220206A_894C_1924.bmp || Trajectories/2022-02-06/253_RR220206A_599C_2217.bmp,3,,0.6724120378494263,24.257561005323222,/content/quantum rheed codex/result/professor_validation/final_comparison/jobs/002_stage-final_comparison_epoch-3_seed-42_strategy-cluster_diverse_lambda-0p5_budget-100/job_state.json
42,cluster_diverse,Trajectories/2022-02-06/189_RR220206A_971C_2054-01.bmp || Trajectories/2022-04-11/286_RR220411A_906C_1837.bmp,3,,0.6618502140045166,23.414364694453095,/content/quantum rheed codex/result/professor_validation/final_comparison/jobs/002_stage-final_comparison_epoch-3_seed-42_strategy-cluster_diverse_lambda-0p5_budget-100/job_state.json
42,cluster_diverse,Trajectories/2022-02-06/241_RR220206A_692C_2157.bmp || Trajectories/2022-04-11/201_RR220411A_843C_1711-01.bmp,3,,0.6605700850486755,23.532526348636424,/content/quantum rheed codex/result/professor_validation/final_comparison/jobs/002_stage-final_comparison_epoch-3_seed-42_strategy-cluster_diverse_lambda-0p5_budget-100/job_state.json
42,cluster_diverse,Trajectories/2022-02-04/385_RR220204A_939C_2340.bmp || Trajectories/2022-04-11/237_RR220411A_901C_1735.bmp,3,,0.6495855450630188,22.19670732588123,/content/quantum rheed codex/result/professor_validation/final_comparison/jobs/002_stage-final_comparison_epoch-3_seed-42_strategy-cluster_diverse_lambda-0p5_budget-100/job_state.json
42,cluster_diverse,Trajectories/2022-02-04/170_RR220204A_536C_1818.bmp || Trajectories/2022-02-06/230_RR220206A_767C_2143.bmp,3,,0.6489011645317078,24.065747309486433,/content/quantum rheed codex/result/professor_validation/final_comparison/jobs/002_stage-final_comparison_epoch-3_seed-42_strategy-cluster_diverse_lambda-0p5_budget-100/job_state.json
42,cluster_diverse,Trajectories/2022-02-04/021_RR220204A_981C_0126-03.bmp || Trajectories/2022-04-11/225_RR220411A_873C_1724.bmp,3,,0.6183668375015259,22.725180404078415,/content/quantum rheed codex/result/professor_validation/final_comparison/jobs/002_stage-final_comparison_epoch-3_seed-42_strategy-cluster_diverse_lambda-0p5_budget-100/job_state.json
42,cluster_diverse,Trajectories/2022-02-04/069_RR220204A_293C_1706.bmp || Trajectories/2022-02-06/147_RR220206A_1024C_1953.bmp,3,,0.6106871962547302,23.92970119548818,/content/quantum rheed codex/result/professor_validation/final_comparison/jobs/002_stage-final_comparison_epoch-3_seed-42_strategy-cluster_diverse_lambda-0p5_budget-100/job_state.json
42,cluster_diverse,Trajectories/2022-02-04/115_RR220204A_441C_1738.bmp || Trajectories/2022-02-06/152_RR220206A_1077C_2001-02.bmp,3,,0.6054951548576355,23.95715901858295,/content/quantum rheed codex/result/professor_validation/final_comparison/jobs/002_stage-final_comparison_epoch-3_seed-42_strategy-cluster_diverse_lambda-0p5_budget-100/job_state.json
42,cluster_diverse,Trajectories/2022-02-04/013_RR220204A_949C_0119.bmp || Trajectories/2022-02-06/077_RR220206A_461C_1813.bmp,4,,0.6853818297386169,21.312522082798882,/content/quantum rheed codex/result/professor_validation/final_comparison/jobs/002_stage-final_comparison_epoch-3_seed-42_strategy-cluster_diverse_lambda-0p5_budget-100/job_state.json
42,cluster_diverse,Trajectories/2022-02-04/221_RR220204A_666C_1854.bmp || Trajectories/2022-02-04/339_RR220204A_938C_2110.bmp,4,,0.6823691725730896,20.88319920768229,/content/quantum rheed codex/result/professor_validation/final_comparison/jobs/002_stage-final_comparison_epoch-3_seed-42_strategy-cluster_diverse_lambda-0p5_budget-100/job_state.json
42,cluster_diverse,Trajectories/2022-02-04/239_RR220204A_720C_1910.bmp || Trajectories/2022-04-11/154_RR220411A_696C_1624.bmp,4,,0.6768999695777893,21.676816053497742,/content/quantum rheed codex/result/professor_validation/final_comparison/jobs/002_stage-final_comparison_epoch-3_seed-42_strategy-cluster_diverse_lambda-0p5_budget-100/job_state.json
42,cluster_diverse,Trajectories/2022-02-06/097_RR220206A_654C_1837.bmp || Trajectories/2022-04-11/067_RR220411A_416C_1513-02.bmp,4,,0.6767597794532776,22.796558657544036,/content/quantum rheed codex/result/professor_validation/final_comparison/jobs/002_stage-final_comparison_epoch-3_seed-42_strategy-cluster_diverse_lambda-0p5_budget-100/job_state.json
42,cluster_diverse,Trajectories/2022-02-06/141_RR220206A_995C_1942.bmp || Trajectories/2022-04-11/129_RR220411A_590C_1601.bmp,4,,0.6747611165046692,22.270910649835255,/content/quantum rheed codex/result/professor_validation/final_comparison/jobs/002_stage-final_comparison_epoch-3_seed-42_strategy-cluster_diverse_lambda-0p5_budget-100/job_state.json
42,cluster_diverse,Trajectories/2022-02-04/205_RR220204A_642C_1839-02.bmp || Trajectories/2022-02-04/337_RR220204A_938C_2106.bmp,4,,0.6641209125518799,21.165326641499057,/content/quantum rheed codex/result/professor_validation/final_comparison/jobs/002_stage-final_comparison_epoch-3_seed-42_strategy-cluster_diverse_lambda-0p5_budget-100/job_state.json
42,cluster_diverse,Trajectories/2022-02-04/029_RR220204A_808C_0135.bmp || Trajectories/2022-02-04/242_RR220204A_720C_1911.bmp,4,,0.6584815979003906,20.99896977179711,/content/quantum rheed codex/result/professor_validation/final_comparison/jobs/002_stage-final_comparison_epoch-3_seed-42_strategy-cluster_diverse_lambda-0p5_budget-100/job_state.json
42,cluster_diverse,Trajectories/2022-04-11/063_RR220411A_402C_1510.bmp || Trajectories/2022-04-11/268_RR220411A_952C_1801.bmp,4,,0.6532324552536011,23.157497526027612,/content/quantum rheed codex/result/professor_validation/final_comparison/jobs/002_stage-final_comparison_epoch-3_seed-42_strategy-cluster_diverse_lambda-0p5_budget-100/job_state.json
42,cluster_diverse,Trajectories/2022-02-04/048_RR220204A_245C_0201.bmp || Trajectories/2022-04-11/183_RR220411A_794C_1655.bmp,4,,0.6478106379508972,20.775367531816148,/content/quantum rheed codex/result/professor_validation/final_comparison/jobs/002_stage-final_comparison_epoch-3_seed-42_strategy-cluster_diverse_lambda-0p5_budget-100/job_state.json
42,cluster_diverse,Trajectories/2022-04-11/047_RR220411A_350C_1454.bmp || Trajectories/2022-04-11/186_RR220411A_805C_1658.bmp,4,,0.6335878968238831,22.57997450996887,/content/quantum rheed codex/result/professor_validation/final_comparison/jobs/002_stage-final_comparison_epoch-3_seed-42_strategy-cluster_diverse_lambda-0p5_budget-100/job_state.json
42,cluster_diverse,Trajectories/2022-04-11/343_RR220411A_722C_1918.bmp || Trajectories/2022-04-11/374_RR220411A_625C_1937.bmp,5,,0.6929072737693787,24.367209088244877,/content/quantum rheed codex/result/professor_validation/final_comparison/jobs/002_stage-final_comparison_epoch-3_seed-42_strategy-cluster_diverse_lambda-0p5_budget-100/job_state.json
42,cluster_diverse,Trajectories/2022-04-11/397_RR220411A_528C_1948.bmp || Trajectories/2022-04-11/443_RR220411A_303C_2007.bmp,5,,0.6923730969429016,24.564902413034304,/content/quantum rheed codex/result/professor_validation/final_comparison/jobs/002_stage-final_comparison_epoch-3_seed-42_strategy-cluster_diverse_lambda-0p5_budget-100/job_state.json
42,cluster_diverse,Trajectories/2022-02-04/194_RR220204A_610C_1832.bmp || Trajectories/2022-02-06/119_RR220206A_871C_1918.bmp,6,,0.6926506757736206,24.256007349974343,/content/quantum rheed codex/result/professor_validation/final_comparison/jobs/002_stage-final_comparison_epoch-3_seed-42_strategy-cluster_diverse_lambda-0p5_budget-100/job_state.json
42,cluster_diverse,Trajectories/2022-02-06/048_RR220206A_175C_1736.bmp || Trajectories/2022-04-11/189_RR220411A_822C_1703.bmp,6,,0.6912764310836792,23.26040868709185,/content/quantum rheed codex/result/professor_validation/final_comparison/jobs/002_stage-final_comparison_epoch-3_seed-42_strategy-cluster_diverse_lambda-0p5_budget-100/job_state.json
42,cluster_diverse,Trajectories/2022-02-06/037_RR220206A_165C_1722.bmp || Trajectories/2022-04-11/219_RR220411A_865C_1720.bmp,6,,0.6905664801597595,23.68822397759296,/content/quantum rheed codex/result/professor_validation/final_comparison/jobs/002_stage-final_comparison_epoch-3_seed-42_strategy-cluster_diverse_lambda-0p5_budget-100/job_state.json
42,cluster_diverse,Trajectories/2022-02-06/058_RR220206A_249C_1745.bmp || Trajectories/2022-04-11/178_RR220411A_774C_1649.bmp,6,,0.6800381541252136,22.53544162696559,/content/quantum rheed codex/result/professor_validation/final_comparison/jobs/002_stage-final_comparison_epoch-3_seed-42_strategy-cluster_diverse_lambda-0p5_budget-100/job_state.json
42,cluster_diverse,Trajectories/2022-02-04/194_RR220204A_610C_1832.bmp || Trajectories/2022-04-11/163_RR220411A_715C_1634.bmp,6,,0.6798955798149109,22.523029864673394,/content/quantum rheed codex/result/professor_validation/final_comparison/jobs/002_stage-final_comparison_epoch-3_seed-42_strategy-cluster_diverse_lambda-0p5_budget-100/job_state.json
42,cluster_diverse,Trajectories/2022-02-04/164_RR220204A_507C_1811.bmp || Trajectories/2022-02-06/074_RR220206A_430C_1809.bmp,6,,0.6788052320480347,23.552812340623927,/content/quantum rheed codex/result/professor_validation/final_comparison/jobs/002_stage-final_comparison_epoch-3_seed-42_strategy-cluster_diverse_lambda-0p5_budget-100/job_state.json
42,cluster_diverse,Trajectories/2022-04-11/183_RR220411A_794C_1655.bmp || Trajectories/2022-04-11/226_RR220411A_873C_1725.bmp,6,,0.678469717502594,23.48584061301237,/content/quantum rheed codex/result/professor_validation/final_comparison/jobs/002_stage-final_comparison_epoch-3_seed-42_strategy-cluster_diverse_lambda-0p5_budget-100/job_state.json
42,cluster_diverse,Trajectories/2022-02-04/188_RR220204A_579C_1829.bmp || Trajectories/2022-04-11/113_RR220411A_539C_1548.bmp,6,,0.6758280992507935,22.352315845208697,/content/quantum rheed codex/result/professor_validation/final_comparison/jobs/002_stage-final_comparison_epoch-3_seed-42_strategy-cluster_diverse_lambda-0p5_budget-100/job_state.json
42,cluster_diverse,Trajectories/2022-04-11/141_RR220411A_656C_1613.bmp || Trajectories/2022-04-11/203_RR220411A_843C_1711-03.bmp,6,,0.6717095971107483,22.995234310701953,/content/quantum rheed codex/result/professor_validation/final_comparison/jobs/002_stage-final_comparison_epoch-3_seed-42_strategy-cluster_diverse_lambda-0p5_budget-100/job_state.json
42,cluster_diverse,Trajectories/2022-02-04/184_RR220204A_576C_1826.bmp || Trajectories/2022-04-11/147_RR220411A_671C_1617.bmp,6,,0.6706840991973877,22.791264990014167,/content/quantum rheed codex/result/professor_validation/final_comparison/jobs/002_stage-final_comparison_epoch-3_seed-42_strategy-cluster_diverse_lambda-0p5_budget-100/job_state.json
42,cluster_diverse,Trajectories/2022-02-04/174_RR220204A_527C_1818.bmp || Trajectories/2022-04-11/164_RR220411A_724C_1635.bmp,6,,0.6617878079414368,23.478883447278147,/content/quantum rheed codex/result/professor_validation/final_comparison/jobs/002_stage-final_comparison_epoch-3_seed-42_strategy-cluster_diverse_lambda-0p5_budget-100/job_state.json
42,cluster_diverse,Trajectories/2022-02-04/152_RR220204A_488C_1805-02.bmp || Trajectories/2022-04-11/173_RR220411A_755C_1643.bmp,6,,0.6595005989074707,23.953474662147634,/content/quantum rheed codex/result/professor_validation/final_comparison/jobs/002_stage-final_comparison_epoch-3_seed-42_strategy-cluster_diverse_lambda-0p5_budget-100/job_state.json
42,cluster_diverse,Trajectories/2022-02-06/080_RR220206A_490C_1816.bmp || Trajectories/2022-04-11/234_RR220411A_888C_1732.bmp,6,,0.6580897569656372,22.92890814233322,/content/quantum rheed codex/result/professor_validation/final_comparison/jobs/002_stage-final_comparison_epoch-3_seed-42_strategy-cluster_diverse_lambda-0p5_budget-100/job_state.json
42,cluster_diverse,Trajectories/2022-02-04/034_RR220204A_655C_0142.bmp || Trajectories/2022-02-06/272_RR220206A_424C_2242.bmp,7,,0.6881579160690308,21.515952441793956,/content/quantum rheed codex/result/professor_validation/final_comparison/jobs/002_stage-final_comparison_epoch-3_seed-42_strategy-cluster_diverse_lambda-0p5_budget-100/job_state.json
42,cluster_diverse,Trajectories/2022-04-11/108_RR220411A_507C_1543.bmp || Trajectories/2022-04-11/379_RR220411A_614C_1940.bmp,7,,0.6363406181335449,21.833313101458106,/content/quantum rheed codex/result/professor_validation/final_comparison/jobs/002_stage-final_comparison_epoch-3_seed-42_strategy-cluster_diverse_lambda-0p5_budget-100/job_state.json
42,cluster_diverse,Trajectories/2022-02-04/334_RR220204A_939C_2101.bmp || Trajectories/2022-04-11/386_RR220411A_580C_1943.bmp,7,,0.6306466460227966,21.361342382241766,/content/quantum rheed codex/result/professor_validation/final_comparison/jobs/002_stage-final_comparison_epoch-3_seed-42_strategy-cluster_diverse_lambda-0p5_budget-100/job_state.json
42,cluster_diverse,Trajectories/2022-02-04/338_RR220204A_940C_2108.bmp || Trajectories/2022-04-11/354_RR220411A_693C_1924.bmp,7,,0.599399745464325,21.18890927583466,/content/quantum rheed codex/result/professor_validation/final_comparison/jobs/002_stage-final_comparison_epoch-3_seed-42_strategy-cluster_diverse_lambda-0p5_budget-100/job_state.json
42,cluster_diverse,Trajectories/2022-04-11/076_RR220411A_442C_1520.bmp || Trajectories/2022-04-11/387_RR220411A_578C_1943.bmp,7,,0.5979456901550293,21.79230174360432,/content/quantum rheed codex/result/professor_validation/final_comparison/jobs/002_stage-final_comparison_epoch-3_seed-42_strategy-cluster_diverse_lambda-0p5_budget-100/job_state.json
42,cluster_diverse,Trajectories/2022-02-06/095_RR220206A_614C_1835.bmp || Trajectories/2022-02-06/247_RR220206A_657C_2207.bmp,8,,0.6876974105834961,22.77326985830725,/content/quantum rheed codex/result/professor_validation/final_comparison/jobs/002_stage-final_comparison_epoch-3_seed-42_strategy-cluster_diverse_lambda-0p5_budget-100/job_state.json
42,cluster_diverse,Trajectories/2022-02-06/104_RR220206A_734C_1847.bmp || Trajectories/2022-02-06/207_RR220206A_875C_2114.bmp,8,,0.6873448491096497,23.382642579240215,/content/quantum rheed codex/result/professor_validation/final_comparison/jobs/002_stage-final_comparison_epoch-3_seed-42_strategy-cluster_diverse_lambda-0p5_budget-100/job_state.json
42,cluster_diverse,Trajectories/2022-02-06/215_RR220206A_835C_2123.bmp || Trajectories/2022-04-11/140_RR220411A_647C_1612.bmp,8,,0.6849180459976196,22.492506553434566,/content/quantum rheed codex/result/professor_validation/final_comparison/jobs/002_stage-final_comparison_epoch-3_seed-42_strategy-cluster_diverse_lambda-0p5_budget-100/job_state.json
42,cluster_diverse,Trajectories/2022-02-06/273_RR220206A_423C_2243.bmp || Trajectories/2022-04-11/093_RR220411A_482C_1531.bmp,8,,0.680992066860199,21.98390388369229,/content/quantum rheed codex/result/professor_validation/final_comparison/jobs/002_stage-final_comparison_epoch-3_seed-42_strategy-cluster_diverse_lambda-0p5_budget-100/job_state.json
42,cluster_diverse,Trajectories/2022-02-06/137_RR220206A_982C_1937.bmp || Trajectories/2022-04-11/191_RR220411A_821C_1704.bmp,8,,0.6485568284988403,23.1849858606405,/content/quantum rheed codex/result/professor_validation/final_comparison/jobs/002_stage-final_comparison_epoch-3_seed-42_strategy-cluster_diverse_lambda-0p5_budget-100/job_state.json
42,cluster_diverse,Trajectories/2022-02-06/057_RR220206A_249C_1744.bmp || Trajectories/2022-02-06/154_RR220206A_1092C_2003-02.bmp,8,,0.6331785321235657,22.24514492988024,/content/quantum rheed codex/result/professor_validation/final_comparison/jobs/002_stage-final_comparison_epoch-3_seed-42_strategy-cluster_diverse_lambda-0p5_budget-100/job_state.json
42,cluster_diverse,Trajectories/2022-04-11/036_RR220411A_313C_1443.bmp || Trajectories/2022-04-11/072_RR220411A_429C_1516.bmp,9,,0.6893340349197388,23.407529868236363,/content/quantum rheed codex/result/professor_validation/final_comparison/jobs/002_stage-final_comparison_epoch-3_seed-42_strategy-cluster_diverse_lambda-0p5_budget-100/job_state.json
42,cluster_diverse,Trajectories/2022-02-04/019_RR220204A_981C_0126-01.bmp || Trajectories/2022-04-11/035_RR220411A_314C_1442.bmp,9,,0.6880951523780823,22.977106697218982,/content/quantum rheed codex/result/professor_validation/final_comparison/jobs/002_stage-final_comparison_epoch-3_seed-42_strategy-cluster_diverse_lambda-0p5_budget-100/job_state.json
42,cluster_diverse,Trajectories/2022-02-04/341_RR220204A_937C_2114.bmp || Trajectories/2022-02-06/163_RR220206A_1105C_2015.bmp,9,,0.687511682510376,22.26163092309438,/content/quantum rheed codex/result/professor_validation/final_comparison/jobs/002_stage-final_comparison_epoch-3_seed-42_strategy-cluster_diverse_lambda-0p5_budget-100/job_state.json
42,cluster_diverse,Trajectories/2022-02-04/333_RR220204A_939C_2059.bmp || Trajectories/2022-02-04/342_RR220204A_941C_2115.bmp,9,,0.6662817597389221,21.01610876692342,/content/quantum rheed codex/result/professor_validation/final_comparison/jobs/002_stage-final_comparison_epoch-3_seed-42_strategy-cluster_diverse_lambda-0p5_budget-100/job_state.json
42,cluster_diverse,Trajectories/2022-04-11/008_RR220411A_193C_1422.bmp || Trajectories/2022-04-11/093_RR220411A_482C_1531.bmp,9,,0.6649039387702942,23.003454162647913,/content/quantum rheed codex/result/professor_validation/final_comparison/jobs/002_stage-final_comparison_epoch-3_seed-42_strategy-cluster_diverse_lambda-0p5_budget-100/job_state.json
42,cluster_diverse,Trajectories/2022-02-04/024_RR220204A_927C_0130.bmp || Trajectories/2022-02-04/261_RR220204A_790C_1930.bmp,9,,0.6594241261482239,23.50657085176891,/content/quantum rheed codex/result/professor_validation/final_comparison/jobs/002_stage-final_comparison_epoch-3_seed-42_strategy-cluster_diverse_lambda-0p5_budget-100/job_state.json
42,cluster_diverse,Trajectories/2022-02-06/273_RR220206A_423C_2243.bmp || Trajectories/2022-04-11/379_RR220411A_614C_1940.bmp,10,,0.6506932377815247,22.910729830588078,/content/quantum rheed codex/result/professor_validation/final_comparison/jobs/002_stage-final_comparison_epoch-3_seed-42_strategy-cluster_diverse_lambda-0p5_budget-100/job_state.json
42,cluster_diverse,Trajectories/2022-02-06/206_RR220206A_875C_2113.bmp || Trajectories/2022-04-11/338_RR220411A_734C_1915.bmp,10,,0.6296746134757996,23.276308184361554,/content/quantum rheed codex/result/professor_validation/final_comparison/jobs/002_stage-final_comparison_epoch-3_seed-42_strategy-cluster_diverse_lambda-0p5_budget-100/job_state.json
42,cluster_diverse,Trajectories/2022-02-06/234_RR220206A_738C_2148.bmp || Trajectories/2022-04-11/375_RR220411A_617C_1938.bmp,10,,0.6266245245933533,23.01363324861712,/content/quantum rheed codex/result/professor_validation/final_comparison/jobs/002_stage-final_comparison_epoch-3_seed-42_strategy-cluster_diverse_lambda-0p5_budget-100/job_state.json
42,cluster_diverse,Trajectories/2022-04-11/013_RR220411A_223C_1424.bmp || Trajectories/2022-04-11/306_RR220411A_857C_1850.bmp,11,,0.572035014629364,22.55094263449832,/content/quantum rheed codex/result/professor_validation/final_comparison/jobs/002_stage-final_comparison_epoch-3_seed-42_strategy-cluster_diverse_lambda-0p5_budget-100/job_state.json
42,cluster_diverse,Trajectories/2022-04-11/001_RR220411A_180C_1417-01.bmp || Trajectories/2022-04-11/321_RR220411A_823C_1901.bmp,11,,0.5460521578788757,22.509538983536043,/content/quantum rheed codex/result/professor_validation/final_comparison/jobs/002_stage-final_comparison_epoch-3_seed-42_strategy-cluster_diverse_lambda-0p5_budget-100/job_state.json
42,cluster_diverse,Trajectories/2022-02-04/106_RR220204A_430C_1736.bmp || Trajectories/2022-02-04/347_RR220204A_954C_2124.bmp,11,,0.5312724113464355,23.449836822295623,/content/quantum rheed codex/result/professor_validation/final_comparison/jobs/002_stage-final_comparison_epoch-3_seed-42_strategy-cluster_diverse_lambda-0p5_budget-100/job_state.json
42,cluster_diverse,Trajectories/2022-04-11/320_RR220411A_824C_1901.bmp || Trajectories/2022-04-11/332_RR220411A_756C_1911.bmp,12,,0.6926867961883545,24.31345657144823,/content/quantum rheed codex/result/professor_validation/final_comparison/jobs/002_stage-final_comparison_epoch-3_seed-42_strategy-cluster_diverse_lambda-0p5_budget-100/job_state.json
42,cluster_diverse,Trajectories/2022-02-04/124_RR220204A_444C_1748.bmp || Trajectories/2022-04-11/330_RR220411A_762C_1910.bmp,12,,0.6925504803657532,25.74524134773142,/content/quantum rheed codex/result/professor_validation/final_comparison/jobs/002_stage-final_comparison_epoch-3_seed-42_strategy-cluster_diverse_lambda-0p5_budget-100/job_state.json
42,cluster_diverse,Trajectories/2022-04-11/323_RR220411A_816C_1903.bmp || Trajectories/2022-04-11/366_RR220411A_654C_1930.bmp,12,,0.6919394731521606,24.376322043453303,/content/quantum rheed codex/result/professor_validation/final_comparison/jobs/002_stage-final_comparison_epoch-3_seed-42_strategy-cluster_diverse_lambda-0p5_budget-100/job_state.json
42,cluster_diverse,Trajectories/2022-02-04/139_RR220204A_470C_1758.bmp || Trajectories/2022-04-11/372_RR220411A_636C_1935.bmp,12,,0.6917364001274109,25.409035404670888,/content/quantum rheed codex/result/professor_validation/final_comparison/jobs/002_stage-final_comparison_epoch-3_seed-42_strategy-cluster_diverse_lambda-0p5_budget-100/job_state.json
42,cluster_diverse,Trajectories/2022-02-04/097_RR220204A_405C_1727.bmp || Trajectories/2022-04-11/383_RR220411A_597C_1941.bmp,12,,0.6915292143821716,25.446279072733564,/content/quantum rheed codex/result/professor_validation/final_comparison/jobs/002_stage-final_comparison_epoch-3_seed-42_strategy-cluster_diverse_lambda-0p5_budget-100/job_state.json
42,cluster_diverse,Trajectories/2022-02-04/385_RR220204A_939C_2340.bmp || Trajectories/2022-02-06/171_RR220206A_1085C_2027.bmp,13,,0.690349280834198,21.713980387453024,/content/quantum rheed codex/result/professor_validation/final_comparison/jobs/002_stage-final_comparison_epoch-3_seed-42_strategy-cluster_diverse_lambda-0p5_budget-100/job_state.json
42,cluster_diverse,Trajectories/2022-02-04/219_RR220204A_668C_1852.bmp || Trajectories/2022-02-06/191_RR220206A_960C_2056.bmp,13,,0.6866176724433899,22.24439657881138,/content/quantum rheed codex/result/professor_validation/final_comparison/jobs/002_stage-final_comparison_epoch-3_seed-42_strategy-cluster_diverse_lambda-0p5_budget-100/job_state.json
42,cluster_diverse,Trajectories/2022-02-04/378_RR220204A_938C_2312.bmp || Trajectories/2022-02-06/229_RR220206A_766C_2141.bmp,13,,0.6863523721694946,22.206620723382496,/content/quantum rheed codex/result/professor_validation/final_comparison/jobs/002_stage-final_comparison_epoch-3_seed-42_strategy-cluster_diverse_lambda-0p5_budget-100/job_state.json
42,cluster_diverse,Trajectories/2022-02-06/163_RR220206A_1105C_2015.bmp || Trajectories/2022-02-06/249_RR220206A_638C_2210.bmp,13,,0.6836246848106384,22.862240770335855,/content/quantum rheed codex/result/professor_validation/final_comparison/jobs/002_stage-final_comparison_epoch-3_seed-42_strategy-cluster_diverse_lambda-0p5_budget-100/job_state.json
42,cluster_diverse,Trajectories/2022-02-06/016_RR220206A_165C_1704-03.bmp || Trajectories/2022-04-11/011_RR220411A_219C_1424.bmp,14,,0.6092067956924438,20.986228723035666,/content/quantum rheed codex/result/professor_validation/final_comparison/jobs/002_stage-final_comparison_epoch-3_seed-42_strategy-cluster_diverse_lambda-0p5_budget-100/job_state.json
42,cluster_diverse,Trajectories/2022-02-04/266_RR220204A_783C_1938.bmp || Trajectories/2022-02-04/356_RR220204A_949C_2144.bmp,15,,0.6921690106391907,27.13815947703496,/content/quantum rheed codex/result/professor_validation/final_comparison/jobs/002_stage-final_comparison_epoch-3_seed-42_strategy-cluster_diverse_lambda-0p5_budget-100/job_state.json
42,cluster_diverse,Trajectories/2022-02-04/309_RR220204A_911C_2027.bmp || Trajectories/2022-02-04/361_RR220204A_947C_2156.bmp,15,,0.6886054873466492,26.30930194627494,/content/quantum rheed codex/result/professor_validation/final_comparison/jobs/002_stage-final_comparison_epoch-3_seed-42_strategy-cluster_diverse_lambda-0p5_budget-100/job_state.json
42,cluster_diverse,Trajectories/2022-02-04/049_RR220204A_218C_0201.bmp || Trajectories/2022-02-04/307_RR220204A_912C_2025.bmp,16,,0.6762418746948242,22.588759150205536,/content/quantum rheed codex/result/professor_validation/final_comparison/jobs/002_stage-final_comparison_epoch-3_seed-42_strategy-cluster_diverse_lambda-0p5_budget-100/job_state.json
42,cluster_diverse,Trajectories/2022-02-04/314_RR220204A_937C_2030.bmp || Trajectories/2022-04-11/081_RR220411A_453C_1523.bmp,16,,0.6574434041976929,22.67318124849301,/content/quantum rheed codex/result/professor_validation/final_comparison/jobs/002_stage-final_comparison_epoch-3_seed-42_strategy-cluster_diverse_lambda-0p5_budget-100/job_state.json
42,cluster_diverse,Trajectories/2022-02-04/305_RR220204A_915C_2023.bmp || Trajectories/2022-02-04/335_RR220204A_940C_2102.bmp,16,,0.6464694142341614,22.02735415928937,/content/quantum rheed codex/result/professor_validation/final_comparison/jobs/002_stage-final_comparison_epoch-3_seed-42_strategy-cluster_diverse_lambda-0p5_budget-100/job_state.json
42,cluster_diverse,Trajectories/2022-02-04/300_RR220204A_881C_2018.bmp || Trajectories/2022-02-06/195_RR220206A_944C_2101.bmp,16,,0.6393160223960876,23.500640246280167,/content/quantum rheed codex/result/professor_validation/final_comparison/jobs/002_stage-final_comparison_epoch-3_seed-42_strategy-cluster_diverse_lambda-0p5_budget-100/job_state.json
42,cluster_diverse,Trajectories/2022-02-04/317_RR220204A_935C_2033.bmp || Trajectories/2022-02-06/250_RR220206A_621C_2212.bmp,16,,0.6306546330451965,22.571307584220413,/content/quantum rheed codex/result/professor_validation/final_comparison/jobs/002_stage-final_comparison_epoch-3_seed-42_strategy-cluster_diverse_lambda-0p5_budget-100/job_state.json
42,cluster_diverse,Trajectories/2022-02-04/303_RR220204A_917C_2021.bmp || Trajectories/2022-04-11/226_RR220411A_873C_1725.bmp,17,,0.541639506816864,22.366826118477476,/content/quantum rheed codex/result/professor_validation/final_comparison/jobs/002_stage-final_comparison_epoch-3_seed-42_strategy-cluster_diverse_lambda-0p5_budget-100/job_state.json
42,cluster_diverse,Trajectories/2022-02-04/319_RR220204A_918C_2037.bmp || Trajectories/2022-02-04/354_RR220204A_951C_2141.bmp,17,,0.5272847414016724,22.80189651856441,/content/quantum rheed codex/result/professor_validation/final_comparison/jobs/002_stage-final_comparison_epoch-3_seed-42_strategy-cluster_diverse_lambda-0p5_budget-100/job_state.json
42,cluster_diverse,Trajectories/2022-04-11/246_RR220411A_915C_1741.bmp || Trajectories/2022-04-11/258_RR220411A_932C_1751.bmp,18,,0.6929470300674438,24.548024683414457,/content/quantum rheed codex/result/professor_validation/final_comparison/jobs/002_stage-final_comparison_epoch-3_seed-42_strategy-cluster_diverse_lambda-0p5_budget-100/job_state.json
42,cluster_diverse,Trajectories/2022-02-06/129_RR220206A_912C_1929.bmp || Trajectories/2022-04-11/217_RR220411A_857C_1718.bmp,18,,0.6894927024841309,24.972182421652967,/content/quantum rheed codex/result/professor_validation/final_comparison/jobs/002_stage-final_comparison_epoch-3_seed-42_strategy-cluster_diverse_lambda-0p5_budget-100/job_state.json
42,cluster_diverse,Trajectories/2022-02-04/320_RR220204A_915C_2039.bmp || Trajectories/2022-02-06/282_RR220206A_184C_2256.bmp,18,,0.6764714121818542,23.021458268727642,/content/quantum rheed codex/result/professor_validation/final_comparison/jobs/002_stage-final_comparison_epoch-3_seed-42_strategy-cluster_diverse_lambda-0p5_budget-100/job_state.json
42,cluster_diverse,Trajectories/2022-02-04/037_RR220204A_579C_0146.bmp || Trajectories/2022-02-04/074_RR220204A_297C_1711.bmp,18,,0.6649156212806702,22.848479586330704,/content/quantum rheed codex/result/professor_validation/final_comparison/jobs/002_stage-final_comparison_epoch-3_seed-42_strategy-cluster_diverse_lambda-0p5_budget-100/job_state.json
42,cluster_diverse,Trajectories/2022-02-04/085_RR220204A_378C_1720.bmp || Trajectories/2022-02-04/328_RR220204A_946C_2053.bmp,18,,0.6606195569038391,23.259889390387887,/content/quantum rheed codex/result/professor_validation/final_comparison/jobs/002_stage-final_comparison_epoch-3_seed-42_strategy-cluster_diverse_lambda-0p5_budget-100/job_state.json
42,cluster_diverse,Trajectories/2022-02-04/079_RR220204A_301C_1717.bmp || Trajectories/2022-02-04/329_RR220204A_946C_2054.bmp,18,,0.6579764485359192,23.283186369870183,/content/quantum rheed codex/result/professor_validation/final_comparison/jobs/002_stage-final_comparison_epoch-3_seed-42_strategy-cluster_diverse_lambda-0p5_budget-100/job_state.json
42,cluster_diverse,Trajectories/2022-02-04/307_RR220204A_912C_2025.bmp || Trajectories/2022-04-11/386_RR220411A_580C_1943.bmp,19,,0.5178370475769043,21.623398097699738,/content/quantum rheed codex/result/professor_validation/final_comparison/jobs/002_stage-final_comparison_epoch-3_seed-42_strategy-cluster_diverse_lambda-0p5_budget-100/job_state.json
42,cluster_diverse,Trajectories/2022-02-04/131_RR220204A_466C_1754.bmp || Trajectories/2022-04-11/204_RR220411A_851C_1712.bmp,1,,0.6889158487319946,25.8703051242687,/content/quantum rheed codex/result/professor_validation/final_comparison/jobs/002_stage-final_comparison_epoch-3_seed-42_strategy-cluster_diverse_lambda-0p5_budget-100/job_state.json
79,cluster_diverse,Trajectories/2022-02-04/295_RR220204A_882C_2015.bmp || Trajectories/2022-02-06/117_RR220206A_844C_1915.bmp,0,,0.6444259881973267,23.473065191399044,/content/quantum rheed codex/result/professor_validation/final_comparison/jobs/007_stage-final_comparison_epoch-3_seed-79_strategy-cluster_diverse_lambda-0p5_budget-100/job_state.json
79,cluster_diverse,Trajectories/2022-02-04/049_RR220204A_218C_0201.bmp || Trajectories/2022-02-04/307_RR220204A_912C_2025.bmp,0,,0.6294159293174744,24.369213111000576,/content/quantum rheed codex/result/professor_validation/final_comparison/jobs/007_stage-final_comparison_epoch-3_seed-79_strategy-cluster_diverse_lambda-0p5_budget-100/job_state.json
79,cluster_diverse,Trajectories/2022-04-11/267_RR220411A_953C_1800.bmp || Trajectories/2022-04-11/271_RR220411A_951C_1811.bmp,1,,0.6930703520774841,33.68372024162559,/content/quantum rheed codex/result/professor_validation/final_comparison/jobs/007_stage-final_comparison_epoch-3_seed-79_strategy-cluster_diverse_lambda-0p5_budget-100/job_state.json
79,cluster_diverse,Trajectories/2022-02-04/044_RR220204A_348C_0157.bmp || Trajectories/2022-02-04/059_RR220204A_180C_0211.bmp,1,,0.6922570466995239,33.392326078584254,/content/quantum rheed codex/result/professor_validation/final_comparison/jobs/007_stage-final_comparison_epoch-3_seed-79_strategy-cluster_diverse_lambda-0p5_budget-100/job_state.json
79,cluster_diverse,Trajectories/2022-02-06/048_RR220206A_175C_1736.bmp || Trajectories/2022-04-11/189_RR220411A_822C_1703.bmp,1,,0.6918078064918518,33.03763025382249,/content/quantum rheed codex/result/professor_validation/final_comparison/jobs/007_stage-final_comparison_epoch-3_seed-79_strategy-cluster_diverse_lambda-0p5_budget-100/job_state.json
79,cluster_diverse,Trajectories/2022-02-04/333_RR220204A_939C_2059.bmp || Trajectories/2022-02-04/342_RR220204A_941C_2115.bmp,1,,0.6906479001045227,33.873444970681746,/content/quantum rheed codex/result/professor_validation/final_comparison/jobs/007_stage-final_comparison_epoch-3_seed-79_strategy-cluster_diverse_lambda-0p5_budget-100/job_state.json
79,cluster_diverse,Trajectories/2022-02-04/230_RR220204A_695C_1902.bmp || Trajectories/2022-02-06/074_RR220206A_430C_1809.bmp,1,,0.6894930601119995,33.41267907146517,/content/quantum rheed codex/result/professor_validation/final_comparison/jobs/007_stage-final_comparison_epoch-3_seed-79_strategy-cluster_diverse_lambda-0p5_budget-100/job_state.json
79,cluster_diverse,Trajectories/2022-02-04/215_RR220204A_669C_1848.bmp || Trajectories/2022-04-11/120_RR220411A_555C_1553.bmp,1,,0.6856502890586853,33.98904989999726,/content/quantum rheed codex/result/professor_validation/final_comparison/jobs/007_stage-final_comparison_epoch-3_seed-79_strategy-cluster_diverse_lambda-0p5_budget-100/job_state.json
79,cluster_diverse,Trajectories/2022-02-06/080_RR220206A_490C_1816.bmp || Trajectories/2022-04-11/234_RR220411A_888C_1732.bmp,1,,0.681736946105957,34.323154231062645,/content/quantum rheed codex/result/professor_validation/final_comparison/jobs/007_stage-final_comparison_epoch-3_seed-79_strategy-cluster_diverse_lambda-0p5_budget-100/job_state.json
79,cluster_diverse,Trajectories/2022-02-04/103_RR220204A_408C_1733.bmp || Trajectories/2022-02-04/346_RR220204A_957C_2123.bmp,1,,0.6713678240776062,34.43018635461667,/content/quantum rheed codex/result/professor_validation/final_comparison/jobs/007_stage-final_comparison_epoch-3_seed-79_strategy-cluster_diverse_lambda-0p5_budget-100/job_state.json
79,cluster_diverse,Trajectories/2022-02-04/085_RR220204A_378C_1720.bmp || Trajectories/2022-02-04/134_RR220204A_467C_1754-02.bmp,2,,0.6931418776512146,42.12859514856155,/content/quantum rheed codex/result/professor_validation/final_comparison/jobs/007_stage-final_comparison_epoch-3_seed-79_strategy-cluster_diverse_lambda-0p5_budget-100/job_state.json
79,cluster_diverse,Trajectories/2022-02-04/195_RR220204A_611C_1832.bmp || Trajectories/2022-02-04/320_RR220204A_915C_2039.bmp,2,,0.6930529475212097,40.605724180113775,/content/quantum rheed codex/result/professor_validation/final_comparison/jobs/007_stage-final_comparison_epoch-3_seed-79_strategy-cluster_diverse_lambda-0p5_budget-100/job_state.json
79,cluster_diverse,Trajectories/2022-02-04/129_RR220204A_465C_1753.bmp || Trajectories/2022-04-11/243_RR220411A_909C_1739.bmp,2,,0.6924424171447754,40.732213496906645,/content/quantum rheed codex/result/professor_validation/final_comparison/jobs/007_stage-final_comparison_epoch-3_seed-79_strategy-cluster_diverse_lambda-0p5_budget-100/job_state.json
79,cluster_diverse,Trajectories/2022-02-04/085_RR220204A_378C_1720.bmp || Trajectories/2022-02-04/328_RR220204A_946C_2053.bmp,2,,0.6912715435028076,39.636475219232715,/content/quantum rheed codex/result/professor_validation/final_comparison/jobs/007_stage-final_comparison_epoch-3_seed-79_strategy-cluster_diverse_lambda-0p5_budget-100/job_state.json
79,cluster_diverse,Trajectories/2022-02-04/079_RR220204A_301C_1717.bmp || Trajectories/2022-02-04/329_RR220204A_946C_2054.bmp,2,,0.6912443041801453,39.505533530820934,/content/quantum rheed codex/result/professor_validation/final_comparison/jobs/007_stage-final_comparison_epoch-3_seed-79_strategy-cluster_diverse_lambda-0p5_budget-100/job_state.json
79,cluster_diverse,Trajectories/2022-02-04/085_RR220204A_378C_1720.bmp || Trajectories/2022-02-04/382_RR220204A_935C_2330.bmp,2,,0.6899010539054871,39.26144788310071,/content/quantum rheed codex/result/professor_validation/final_comparison/jobs/007_stage-final_comparison_epoch-3_seed-79_strategy-cluster_diverse_lambda-0p5_budget-100/job_state.json
79,cluster_diverse,Trajectories/2022-02-04/156_RR220204A_490C_1808.bmp || Trajectories/2022-02-04/383_RR220204A_937C_2331.bmp,2,,0.6896764636039734,39.15633018589042,/content/quantum rheed codex/result/professor_validation/final_comparison/jobs/007_stage-final_comparison_epoch-3_seed-79_strategy-cluster_diverse_lambda-0p5_budget-100/job_state.json
79,cluster_diverse,Trajectories/2022-02-04/020_RR220204A_981C_0126-02.bmp || Trajectories/2022-04-11/088_RR220411A_459C_1527.bmp,3,,0.6910324096679688,29.183758322987853,/content/quantum rheed codex/result/professor_validation/final_comparison/jobs/007_stage-final_comparison_epoch-3_seed-79_strategy-cluster_diverse_lambda-0p5_budget-100/job_state.json
79,cluster_diverse,Trajectories/2022-02-04/241_RR220204A_736C_1911.bmp || Trajectories/2022-04-11/064_RR220411A_413C_1511.bmp,3,,0.6818471550941467,29.205082170421516,/content/quantum rheed codex/result/professor_validation/final_comparison/jobs/007_stage-final_comparison_epoch-3_seed-79_strategy-cluster_diverse_lambda-0p5_budget-100/job_state.json
79,cluster_diverse,Trajectories/2022-04-11/047_RR220411A_350C_1454.bmp || Trajectories/2022-04-11/186_RR220411A_805C_1658.bmp,3,,0.6786185503005981,28.20844608131797,/content/quantum rheed codex/result/professor_validation/final_comparison/jobs/007_stage-final_comparison_epoch-3_seed-79_strategy-cluster_diverse_lambda-0p5_budget-100/job_state.json
79,cluster_diverse,Trajectories/2022-02-04/001_RR220204A_933C_0006.bmp || Trajectories/2022-02-06/230_RR220206A_767C_2143.bmp,3,,0.6727420091629028,27.70948684430625,/content/quantum rheed codex/result/professor_validation/final_comparison/jobs/007_stage-final_comparison_epoch-3_seed-79_strategy-cluster_diverse_lambda-0p5_budget-100/job_state.json
79,cluster_diverse,Trajectories/2022-02-04/385_RR220204A_939C_2340.bmp || Trajectories/2022-02-06/171_RR220206A_1085C_2027.bmp,3,,0.6619443297386169,28.206300653693237,/content/quantum rheed codex/result/professor_validation/final_comparison/jobs/007_stage-final_comparison_epoch-3_seed-79_strategy-cluster_diverse_lambda-0p5_budget-100/job_state.json
79,cluster_diverse,Trajectories/2022-02-04/378_RR220204A_938C_2312.bmp || Trajectories/2022-02-06/229_RR220206A_766C_2141.bmp,3,,0.6594910025596619,29.72242173676783,/content/quantum rheed codex/result/professor_validation/final_comparison/jobs/007_stage-final_comparison_epoch-3_seed-79_strategy-cluster_diverse_lambda-0p5_budget-100/job_state.json
79,cluster_diverse,Trajectories/2022-02-04/219_RR220204A_668C_1852.bmp || Trajectories/2022-02-06/191_RR220206A_960C_2056.bmp,3,,0.6481807231903076,29.38511046775875,/content/quantum rheed codex/result/professor_validation/final_comparison/jobs/007_stage-final_comparison_epoch-3_seed-79_strategy-cluster_diverse_lambda-0p5_budget-100/job_state.json
79,cluster_diverse,Trajectories/2022-04-11/001_RR220411A_180C_1417-01.bmp || Trajectories/2022-04-11/051_RR220411A_370C_1500.bmp,4,,0.6925994753837585,23.6508138828061,/content/quantum rheed codex/result/professor_validation/final_comparison/jobs/007_stage-final_comparison_epoch-3_seed-79_strategy-cluster_diverse_lambda-0p5_budget-100/job_state.json
79,cluster_diverse,Trajectories/2022-04-11/036_RR220411A_313C_1443.bmp || Trajectories/2022-04-11/072_RR220411A_429C_1516.bmp,4,,0.6915512084960938,24.618024263389643,/content/quantum rheed codex/result/professor_validation/final_comparison/jobs/007_stage-final_comparison_epoch-3_seed-79_strategy-cluster_diverse_lambda-0p5_budget-100/job_state.json
79,cluster_diverse,Trajectories/2022-02-06/163_RR220206A_1105C_2015.bmp || Trajectories/2022-02-06/249_RR220206A_638C_2210.bmp,4,,0.6895317435264587,23.999682629455638,/content/quantum rheed codex/result/professor_validation/final_comparison/jobs/007_stage-final_comparison_epoch-3_seed-79_strategy-cluster_diverse_lambda-0p5_budget-100/job_state.json
79,cluster_diverse,Trajectories/2022-02-06/186_RR220206A_985C_2050.bmp || Trajectories/2022-02-06/251_RR220206A_619C_2214.bmp,4,,0.686465859413147,23.894779594554528,/content/quantum rheed codex/result/professor_validation/final_comparison/jobs/007_stage-final_comparison_epoch-3_seed-79_strategy-cluster_diverse_lambda-0p5_budget-100/job_state.json
79,cluster_diverse,Trajectories/2022-02-04/266_RR220204A_783C_1938.bmp || Trajectories/2022-02-04/356_RR220204A_949C_2144.bmp,5,,0.6870631575584412,21.795784300723163,/content/quantum rheed codex/result/professor_validation/final_comparison/jobs/007_stage-final_comparison_epoch-3_seed-79_strategy-cluster_diverse_lambda-0p5_budget-100/job_state.json
79,cluster_diverse,Trajectories/2022-02-04/296_RR220204A_869C_2015.bmp || Trajectories/2022-04-11/009_RR220411A_206C_1423.bmp,5,,0.6744465231895447,20.86733972574099,/content/quantum rheed codex/result/professor_validation/final_comparison/jobs/007_stage-final_comparison_epoch-3_seed-79_strategy-cluster_diverse_lambda-0p5_budget-100/job_state.json
79,cluster_diverse,Trajectories/2022-02-04/294_RR220204A_843C_2014.bmp || Trajectories/2022-02-06/140_RR220206A_993C_1941.bmp,5,,0.6627978086471558,21.998158581438144,/content/quantum rheed codex/result/professor_validation/final_comparison/jobs/007_stage-final_comparison_epoch-3_seed-79_strategy-cluster_diverse_lambda-0p5_budget-100/job_state.json
79,cluster_diverse,Trajectories/2022-04-11/001_RR220411A_180C_1417-01.bmp || Trajectories/2022-04-11/321_RR220411A_823C_1901.bmp,6,,0.6662163138389587,29.167836998411584,/content/quantum rheed codex/result/professor_validation/final_comparison/jobs/007_stage-final_comparison_epoch-3_seed-79_strategy-cluster_diverse_lambda-0p5_budget-100/job_state.json
79,cluster_diverse,Trajectories/2022-02-06/194_RR220206A_962C_2059.bmp || Trajectories/2022-04-11/293_RR220411A_882C_1842.bmp,6,,0.6579926609992981,27.8969123073183,/content/quantum rheed codex/result/professor_validation/final_comparison/jobs/007_stage-final_comparison_epoch-3_seed-79_strategy-cluster_diverse_lambda-0p5_budget-100/job_state.json
79,cluster_diverse,Trajectories/2022-02-06/125_RR220206A_887C_1925.bmp || Trajectories/2022-04-11/313_RR220411A_839C_1856.bmp,7,,0.6926897168159485,35.725484766221705,/content/quantum rheed codex/result/professor_validation/final_comparison/jobs/007_stage-final_comparison_epoch-3_seed-79_strategy-cluster_diverse_lambda-0p5_budget-100/job_state.json
79,cluster_diverse,Trajectories/2022-02-04/338_RR220204A_940C_2108.bmp || Trajectories/2022-04-11/354_RR220411A_693C_1924.bmp,7,,0.6915075182914734,35.827902483057116,/content/quantum rheed codex/result/professor_validation/final_comparison/jobs/007_stage-final_comparison_epoch-3_seed-79_strategy-cluster_diverse_lambda-0p5_budget-100/job_state.json
79,cluster_diverse,Trajectories/2022-02-06/049_RR220206A_205C_1737.bmp || Trajectories/2022-04-11/356_RR220411A_685C_1925.bmp,7,,0.6890798807144165,34.42211073117963,/content/quantum rheed codex/result/professor_validation/final_comparison/jobs/007_stage-final_comparison_epoch-3_seed-79_strategy-cluster_diverse_lambda-0p5_budget-100/job_state.json
79,cluster_diverse,Trajectories/2022-02-04/003_RR220204A_932C_0017.bmp || Trajectories/2022-04-11/439_RR220411A_330C_2005.bmp,7,,0.6865314841270447,35.98050812269098,/content/quantum rheed codex/result/professor_validation/final_comparison/jobs/007_stage-final_comparison_epoch-3_seed-79_strategy-cluster_diverse_lambda-0p5_budget-100/job_state.json
79,cluster_diverse,Trajectories/2022-02-06/055_RR220206A_239C_1742.bmp || Trajectories/2022-04-11/409_RR220411A_474C_1953.bmp,7,,0.686414361000061,35.54854691607145,/content/quantum rheed codex/result/professor_validation/final_comparison/jobs/007_stage-final_comparison_epoch-3_seed-79_strategy-cluster_diverse_lambda-0p5_budget-100/job_state.json
79,cluster_diverse,Trajectories/2022-04-11/246_RR220411A_915C_1741.bmp || Trajectories/2022-04-11/258_RR220411A_932C_1751.bmp,8,,0.6930348873138428,37.814689888806285,/content/quantum rheed codex/result/professor_validation/final_comparison/jobs/007_stage-final_comparison_epoch-3_seed-79_strategy-cluster_diverse_lambda-0p5_budget-100/job_state.json
79,cluster_diverse,Trajectories/2022-02-04/229_RR220204A_696C_1901-02.bmp || Trajectories/2022-04-11/208_RR220411A_850C_1713-02.bmp,8,,0.6923686861991882,38.32672249036274,/content/quantum rheed codex/result/professor_validation/final_comparison/jobs/007_stage-final_comparison_epoch-3_seed-79_strategy-cluster_diverse_lambda-0p5_budget-100/job_state.json
79,cluster_diverse,Trajectories/2022-02-04/385_RR220204A_939C_2340.bmp || Trajectories/2022-04-11/237_RR220411A_901C_1735.bmp,8,,0.6912458539009094,37.697233967801935,/content/quantum rheed codex/result/professor_validation/final_comparison/jobs/007_stage-final_comparison_epoch-3_seed-79_strategy-cluster_diverse_lambda-0p5_budget-100/job_state.json
79,cluster_diverse,Trajectories/2022-04-11/203_RR220411A_843C_1711-03.bmp || Trajectories/2022-04-11/284_RR220411A_912C_1835.bmp,8,,0.6906986236572266,36.624455106784325,/content/quantum rheed codex/result/professor_validation/final_comparison/jobs/007_stage-final_comparison_epoch-3_seed-79_strategy-cluster_diverse_lambda-0p5_budget-100/job_state.json
79,cluster_diverse,Trajectories/2022-02-06/129_RR220206A_912C_1929.bmp || Trajectories/2022-04-11/217_RR220411A_857C_1718.bmp,8,,0.6887238621711731,37.361075895211066,/content/quantum rheed codex/result/professor_validation/final_comparison/jobs/007_stage-final_comparison_epoch-3_seed-79_strategy-cluster_diverse_lambda-0p5_budget-100/job_state.json
79,cluster_diverse,Trajectories/2022-02-04/194_RR220204A_610C_1832.bmp || Trajectories/2022-02-06/119_RR220206A_871C_1918.bmp,8,,0.6875041127204895,36.936491958450496,/content/quantum rheed codex/result/professor_validation/final_comparison/jobs/007_stage-final_comparison_epoch-3_seed-79_strategy-cluster_diverse_lambda-0p5_budget-100/job_state.json
79,cluster_diverse,Trajectories/2022-02-04/021_RR220204A_981C_0126-03.bmp || Trajectories/2022-04-11/225_RR220411A_873C_1724.bmp,8,,0.6840195059776306,36.17713815378916,/content/quantum rheed codex/result/professor_validation/final_comparison/jobs/007_stage-final_comparison_epoch-3_seed-79_strategy-cluster_diverse_lambda-0p5_budget-100/job_state.json
79,cluster_diverse,Trajectories/2022-04-11/397_RR220411A_528C_1948.bmp || Trajectories/2022-04-11/443_RR220411A_303C_2007.bmp,9,,0.6931126713752747,39.922824352071736,/content/quantum rheed codex/result/professor_validation/final_comparison/jobs/007_stage-final_comparison_epoch-3_seed-79_strategy-cluster_diverse_lambda-0p5_budget-100/job_state.json
79,cluster_diverse,Trajectories/2022-02-04/181_RR220204A_572C_1825.bmp || Trajectories/2022-04-11/437_RR220411A_345C_2004.bmp,9,,0.69184809923172,40.6726482998663,/content/quantum rheed codex/result/professor_validation/final_comparison/jobs/007_stage-final_comparison_epoch-3_seed-79_strategy-cluster_diverse_lambda-0p5_budget-100/job_state.json
79,cluster_diverse,Trajectories/2022-02-04/097_RR220204A_405C_1727.bmp || Trajectories/2022-04-11/383_RR220411A_597C_1941.bmp,9,,0.6915056705474854,40.631509135056476,/content/quantum rheed codex/result/professor_validation/final_comparison/jobs/007_stage-final_comparison_epoch-3_seed-79_strategy-cluster_diverse_lambda-0p5_budget-100/job_state.json
79,cluster_diverse,Trajectories/2022-02-04/147_RR220204A_486C_1804.bmp || Trajectories/2022-04-11/363_RR220411A_661C_1929.bmp,9,,0.6912246942520142,40.048199729888005,/content/quantum rheed codex/result/professor_validation/final_comparison/jobs/007_stage-final_comparison_epoch-3_seed-79_strategy-cluster_diverse_lambda-0p5_budget-100/job_state.json
79,cluster_diverse,Trajectories/2022-02-04/093_RR220204A_397C_1722.bmp || Trajectories/2022-04-11/367_RR220411A_648C_1932.bmp,9,,0.6912193894386292,40.1996625765298,/content/quantum rheed codex/result/professor_validation/final_comparison/jobs/007_stage-final_comparison_epoch-3_seed-79_strategy-cluster_diverse_lambda-0p5_budget-100/job_state.json
79,cluster_diverse,Trajectories/2022-02-06/124_RR220206A_894C_1924.bmp || Trajectories/2022-02-06/253_RR220206A_599C_2217.bmp,10,,0.6828898787498474,31.16784867725602,/content/quantum rheed codex/result/professor_validation/final_comparison/jobs/007_stage-final_comparison_epoch-3_seed-79_strategy-cluster_diverse_lambda-0p5_budget-100/job_state.json
79,cluster_diverse,Trajectories/2022-02-04/034_RR220204A_655C_0142.bmp || Trajectories/2022-02-06/272_RR220206A_424C_2242.bmp,10,,0.6813141703605652,32.63216140109917,/content/quantum rheed codex/result/professor_validation/final_comparison/jobs/007_stage-final_comparison_epoch-3_seed-79_strategy-cluster_diverse_lambda-0p5_budget-100/job_state.json
79,cluster_diverse,Trajectories/2022-02-04/379_RR220204A_937C_2315.bmp || Trajectories/2022-02-06/257_RR220206A_581C_2222.bmp,10,,0.6809176802635193,31.951052715988265,/content/quantum rheed codex/result/professor_validation/final_comparison/jobs/007_stage-final_comparison_epoch-3_seed-79_strategy-cluster_diverse_lambda-0p5_budget-100/job_state.json
79,cluster_diverse,Trajectories/2022-04-11/069_RR220411A_428C_1515.bmp || Trajectories/2022-04-11/231_RR220411A_882C_1729.bmp,10,,0.66839998960495,32.599831966370175,/content/quantum rheed codex/result/professor_validation/final_comparison/jobs/007_stage-final_comparison_epoch-3_seed-79_strategy-cluster_diverse_lambda-0p5_budget-100/job_state.json
79,cluster_diverse,Trajectories/2022-02-04/324_RR220204A_913C_2047.bmp || Trajectories/2022-04-11/057_RR220411A_389C_1506-01.bmp,10,,0.6649377942085266,31.689940572576504,/content/quantum rheed codex/result/professor_validation/final_comparison/jobs/007_stage-final_comparison_epoch-3_seed-79_strategy-cluster_diverse_lambda-0p5_budget-100/job_state.json
79,cluster_diverse,Trajectories/2022-02-06/241_RR220206A_692C_2157.bmp || Trajectories/2022-04-11/201_RR220411A_843C_1711-01.bmp,10,,0.6639819741249084,31.047517228794185,/content/quantum rheed codex/result/professor_validation/final_comparison/jobs/007_stage-final_comparison_epoch-3_seed-79_strategy-cluster_diverse_lambda-0p5_budget-100/job_state.json
79,cluster_diverse,Trajectories/2022-02-04/069_RR220204A_293C_1706.bmp || Trajectories/2022-02-06/147_RR220206A_1024C_1953.bmp,10,,0.6493823528289795,32.10110232320568,/content/quantum rheed codex/result/professor_validation/final_comparison/jobs/007_stage-final_comparison_epoch-3_seed-79_strategy-cluster_diverse_lambda-0p5_budget-100/job_state.json
79,cluster_diverse,Trajectories/2022-02-04/106_RR220204A_430C_1736.bmp || Trajectories/2022-02-06/151_RR220206A_1077C_2001-01.bmp,10,,0.6452888250350952,31.902231504115406,/content/quantum rheed codex/result/professor_validation/final_comparison/jobs/007_stage-final_comparison_epoch-3_seed-79_strategy-cluster_diverse_lambda-0p5_budget-100/job_state.json
79,cluster_diverse,Trajectories/2022-02-06/036_RR220206A_165C_1721.bmp || Trajectories/2022-04-11/370_RR220411A_640C_1934.bmp,11,,0.6866470575332642,34.077392713953564,/content/quantum rheed codex/result/professor_validation/final_comparison/jobs/007_stage-final_comparison_epoch-3_seed-79_strategy-cluster_diverse_lambda-0p5_budget-100/job_state.json
79,cluster_diverse,Trajectories/2022-04-11/100_RR220411A_492C_1537.bmp || Trajectories/2022-04-11/363_RR220411A_661C_1929.bmp,11,,0.6834694147109985,33.023940148254674,/content/quantum rheed codex/result/professor_validation/final_comparison/jobs/007_stage-final_comparison_epoch-3_seed-79_strategy-cluster_diverse_lambda-0p5_budget-100/job_state.json
79,cluster_diverse,Trajectories/2022-02-06/271_RR220206A_425C_2242.bmp || Trajectories/2022-04-11/372_RR220411A_636C_1935.bmp,11,,0.6791130304336548,32.859918140344604,/content/quantum rheed codex/result/professor_validation/final_comparison/jobs/007_stage-final_comparison_epoch-3_seed-79_strategy-cluster_diverse_lambda-0p5_budget-100/job_state.json
79,cluster_diverse,Trajectories/2022-02-06/273_RR220206A_423C_2243.bmp || Trajectories/2022-04-11/379_RR220411A_614C_1940.bmp,11,,0.6780040860176086,33.11249998623525,/content/quantum rheed codex/result/professor_validation/final_comparison/jobs/007_stage-final_comparison_epoch-3_seed-79_strategy-cluster_diverse_lambda-0p5_budget-100/job_state.json
79,cluster_diverse,Trajectories/2022-02-04/281_RR220204A_806C_2000.bmp || Trajectories/2022-04-11/322_RR220411A_818C_1902.bmp,12,,0.6446452140808105,26.90672834869541,/content/quantum rheed codex/result/professor_validation/final_comparison/jobs/007_stage-final_comparison_epoch-3_seed-79_strategy-cluster_diverse_lambda-0p5_budget-100/job_state.json
79,cluster_diverse,Trajectories/2022-02-04/287_RR220204A_851C_2008.bmp || Trajectories/2022-04-11/409_RR220411A_474C_1953.bmp,12,,0.6171597242355347,28.024818097066294,/content/quantum rheed codex/result/professor_validation/final_comparison/jobs/007_stage-final_comparison_epoch-3_seed-79_strategy-cluster_diverse_lambda-0p5_budget-100/job_state.json
79,cluster_diverse,Trajectories/2022-02-04/295_RR220204A_882C_2015.bmp || Trajectories/2022-02-04/332_RR220204A_941C_2057.bmp,12,,0.6149179339408875,26.386662700845232,/content/quantum rheed codex/result/professor_validation/final_comparison/jobs/007_stage-final_comparison_epoch-3_seed-79_strategy-cluster_diverse_lambda-0p5_budget-100/job_state.json
79,cluster_diverse,Trajectories/2022-02-04/307_RR220204A_912C_2025.bmp || Trajectories/2022-04-11/386_RR220411A_580C_1943.bmp,12,,0.5991426706314087,27.42746221711289,/content/quantum rheed codex/result/professor_validation/final_comparison/jobs/007_stage-final_comparison_epoch-3_seed-79_strategy-cluster_diverse_lambda-0p5_budget-100/job_state.json
79,cluster_diverse,Trajectories/2022-02-04/029_RR220204A_808C_0135.bmp || Trajectories/2022-02-04/242_RR220204A_720C_1911.bmp,13,,0.6930658221244812,35.99059954022967,/content/quantum rheed codex/result/professor_validation/final_comparison/jobs/007_stage-final_comparison_epoch-3_seed-79_strategy-cluster_diverse_lambda-0p5_budget-100/job_state.json
79,cluster_diverse,Trajectories/2022-02-04/221_RR220204A_666C_1854.bmp || Trajectories/2022-02-04/339_RR220204A_938C_2110.bmp,13,,0.6916214823722839,36.21170195925034,/content/quantum rheed codex/result/professor_validation/final_comparison/jobs/007_stage-final_comparison_epoch-3_seed-79_strategy-cluster_diverse_lambda-0p5_budget-100/job_state.json
79,cluster_diverse,Trajectories/2022-04-11/183_RR220411A_794C_1655.bmp || Trajectories/2022-04-11/226_RR220411A_873C_1725.bmp,13,,0.6867024302482605,35.810409315988686,/content/quantum rheed codex/result/professor_validation/final_comparison/jobs/007_stage-final_comparison_epoch-3_seed-79_strategy-cluster_diverse_lambda-0p5_budget-100/job_state.json
79,cluster_diverse,Trajectories/2022-02-04/189_RR220204A_578C_1830.bmp || Trajectories/2022-02-04/341_RR220204A_937C_2114.bmp,13,,0.6862550973892212,36.441796497322045,/content/quantum rheed codex/result/professor_validation/final_comparison/jobs/007_stage-final_comparison_epoch-3_seed-79_strategy-cluster_diverse_lambda-0p5_budget-100/job_state.json
79,cluster_diverse,Trajectories/2022-02-04/048_RR220204A_245C_0201.bmp || Trajectories/2022-02-04/192_RR220204A_607C_1831.bmp,13,,0.6843441724777222,36.28320717488797,/content/quantum rheed codex/result/professor_validation/final_comparison/jobs/007_stage-final_comparison_epoch-3_seed-79_strategy-cluster_diverse_lambda-0p5_budget-100/job_state.json
79,cluster_diverse,Trajectories/2022-02-06/037_RR220206A_165C_1722.bmp || Trajectories/2022-04-11/219_RR220411A_865C_1720.bmp,13,,0.6832296252250671,35.115238642918676,/content/quantum rheed codex/result/professor_validation/final_comparison/jobs/007_stage-final_comparison_epoch-3_seed-79_strategy-cluster_diverse_lambda-0p5_budget-100/job_state.json
79,cluster_diverse,Trajectories/2022-02-04/194_RR220204A_610C_1832.bmp || Trajectories/2022-04-11/163_RR220411A_715C_1634.bmp,13,,0.6827130317687988,35.04667805838014,/content/quantum rheed codex/result/professor_validation/final_comparison/jobs/007_stage-final_comparison_epoch-3_seed-79_strategy-cluster_diverse_lambda-0p5_budget-100/job_state.json
79,cluster_diverse,Trajectories/2022-02-04/184_RR220204A_576C_1826.bmp || Trajectories/2022-04-11/147_RR220411A_671C_1617.bmp,13,,0.6819488406181335,35.242739798215666,/content/quantum rheed codex/result/professor_validation/final_comparison/jobs/007_stage-final_comparison_epoch-3_seed-79_strategy-cluster_diverse_lambda-0p5_budget-100/job_state.json
79,cluster_diverse,Trajectories/2022-02-04/174_RR220204A_527C_1818.bmp || Trajectories/2022-04-11/164_RR220411A_724C_1635.bmp,13,,0.6809701323509216,35.526588600535554,/content/quantum rheed codex/result/professor_validation/final_comparison/jobs/007_stage-final_comparison_epoch-3_seed-79_strategy-cluster_diverse_lambda-0p5_budget-100/job_state.json
79,cluster_diverse,Trajectories/2022-02-04/188_RR220204A_579C_1829.bmp || Trajectories/2022-04-11/113_RR220411A_539C_1548.bmp,13,,0.6807939410209656,35.033750071943594,/content/quantum rheed codex/result/professor_validation/final_comparison/jobs/007_stage-final_comparison_epoch-3_seed-79_strategy-cluster_diverse_lambda-0p5_budget-100/job_state.json
79,cluster_diverse,Trajectories/2022-02-06/097_RR220206A_654C_1837.bmp || Trajectories/2022-04-11/067_RR220411A_416C_1513-02.bmp,14,,0.6926760673522949,24.68389989937625,/content/quantum rheed codex/result/professor_validation/final_comparison/jobs/007_stage-final_comparison_epoch-3_seed-79_strategy-cluster_diverse_lambda-0p5_budget-100/job_state.json
79,cluster_diverse,Trajectories/2022-02-06/095_RR220206A_614C_1835.bmp || Trajectories/2022-02-06/247_RR220206A_657C_2207.bmp,14,,0.6919869780540466,24.85364397180563,/content/quantum rheed codex/result/professor_validation/final_comparison/jobs/007_stage-final_comparison_epoch-3_seed-79_strategy-cluster_diverse_lambda-0p5_budget-100/job_state.json
79,cluster_diverse,Trajectories/2022-02-06/141_RR220206A_995C_1942.bmp || Trajectories/2022-04-11/129_RR220411A_590C_1601.bmp,15,,0.6884428262710571,27.65282999335164,/content/quantum rheed codex/result/professor_validation/final_comparison/jobs/007_stage-final_comparison_epoch-3_seed-79_strategy-cluster_diverse_lambda-0p5_budget-100/job_state.json
79,cluster_diverse,Trajectories/2022-04-11/064_RR220411A_413C_1511.bmp || Trajectories/2022-04-11/138_RR220411A_635C_1610.bmp,15,,0.6878131628036499,27.232905363467907,/content/quantum rheed codex/result/professor_validation/final_comparison/jobs/007_stage-final_comparison_epoch-3_seed-79_strategy-cluster_diverse_lambda-0p5_budget-100/job_state.json
79,cluster_diverse,Trajectories/2022-02-06/102_RR220206A_698C_1845.bmp || Trajectories/2022-04-11/183_RR220411A_794C_1655.bmp,15,,0.6848928332328796,27.591674354478272,/content/quantum rheed codex/result/professor_validation/final_comparison/jobs/007_stage-final_comparison_epoch-3_seed-79_strategy-cluster_diverse_lambda-0p5_budget-100/job_state.json
79,cluster_diverse,Trajectories/2022-02-04/341_RR220204A_937C_2114.bmp || Trajectories/2022-02-06/163_RR220206A_1105C_2015.bmp,15,,0.6739097833633423,26.73308096354901,/content/quantum rheed codex/result/professor_validation/final_comparison/jobs/007_stage-final_comparison_epoch-3_seed-79_strategy-cluster_diverse_lambda-0p5_budget-100/job_state.json
79,cluster_diverse,Trajectories/2022-02-06/180_RR220206A_1031C_2041.bmp || Trajectories/2022-04-11/277_RR220411A_936C_1828.bmp,15,,0.6662335395812988,26.87188053920909,/content/quantum rheed codex/result/professor_validation/final_comparison/jobs/007_stage-final_comparison_epoch-3_seed-79_strategy-cluster_diverse_lambda-0p5_budget-100/job_state.json
79,cluster_diverse,Trajectories/2022-02-06/191_RR220206A_960C_2056.bmp || Trajectories/2022-04-11/286_RR220411A_906C_1837.bmp,15,,0.6612386107444763,27.483529244011578,/content/quantum rheed codex/result/professor_validation/final_comparison/jobs/007_stage-final_comparison_epoch-3_seed-79_strategy-cluster_diverse_lambda-0p5_budget-100/job_state.json
79,cluster_diverse,Trajectories/2022-04-11/343_RR220411A_722C_1918.bmp || Trajectories/2022-04-11/374_RR220411A_625C_1937.bmp,16,,0.6930082440376282,38.03698137826756,/content/quantum rheed codex/result/professor_validation/final_comparison/jobs/007_stage-final_comparison_epoch-3_seed-79_strategy-cluster_diverse_lambda-0p5_budget-100/job_state.json
79,cluster_diverse,Trajectories/2022-04-11/323_RR220411A_816C_1903.bmp || Trajectories/2022-04-11/366_RR220411A_654C_1930.bmp,16,,0.6929173469543457,37.4689035897242,/content/quantum rheed codex/result/professor_validation/final_comparison/jobs/007_stage-final_comparison_epoch-3_seed-79_strategy-cluster_diverse_lambda-0p5_budget-100/job_state.json
79,cluster_diverse,Trajectories/2022-02-04/221_RR220204A_666C_1854.bmp || Trajectories/2022-04-11/358_RR220411A_677C_1926.bmp,16,,0.6924839019775391,38.0896977771878,/content/quantum rheed codex/result/professor_validation/final_comparison/jobs/007_stage-final_comparison_epoch-3_seed-79_strategy-cluster_diverse_lambda-0p5_budget-100/job_state.json
79,cluster_diverse,Trajectories/2022-02-04/334_RR220204A_939C_2101.bmp || Trajectories/2022-04-11/386_RR220411A_580C_1943.bmp,16,,0.6920778155326843,37.754412609292764,/content/quantum rheed codex/result/professor_validation/final_comparison/jobs/007_stage-final_comparison_epoch-3_seed-79_strategy-cluster_diverse_lambda-0p5_budget-100/job_state.json
79,cluster_diverse,Trajectories/2022-02-04/148_RR220204A_480C_1804.bmp || Trajectories/2022-04-11/314_RR220411A_836C_1857.bmp,16,,0.6901314854621887,39.1808399285437,/content/quantum rheed codex/result/professor_validation/final_comparison/jobs/007_stage-final_comparison_epoch-3_seed-79_strategy-cluster_diverse_lambda-0p5_budget-100/job_state.json
79,cluster_diverse,Trajectories/2022-02-06/234_RR220206A_738C_2148.bmp || Trajectories/2022-04-11/375_RR220411A_617C_1938.bmp,17,,0.6592151522636414,30.40798287927579,/content/quantum rheed codex/result/professor_validation/final_comparison/jobs/007_stage-final_comparison_epoch-3_seed-79_strategy-cluster_diverse_lambda-0p5_budget-100/job_state.json
79,cluster_diverse,Trajectories/2022-02-06/163_RR220206A_1105C_2015.bmp || Trajectories/2022-04-11/417_RR220411A_427C_1956.bmp,17,,0.6519489288330078,30.38633973187016,/content/quantum rheed codex/result/professor_validation/final_comparison/jobs/007_stage-final_comparison_epoch-3_seed-79_strategy-cluster_diverse_lambda-0p5_budget-100/job_state.json
79,cluster_diverse,Trajectories/2022-02-06/216_RR220206A_837C_2124.bmp || Trajectories/2022-04-11/419_RR220411A_415C_1957.bmp,17,,0.6473819613456726,30.434120307578386,/content/quantum rheed codex/result/professor_validation/final_comparison/jobs/007_stage-final_comparison_epoch-3_seed-79_strategy-cluster_diverse_lambda-0p5_budget-100/job_state.json
79,cluster_diverse,Trajectories/2022-02-06/104_RR220206A_734C_1847.bmp || Trajectories/2022-02-06/207_RR220206A_875C_2114.bmp,18,,0.6868386268615723,22.8981728405366,/content/quantum rheed codex/result/professor_validation/final_comparison/jobs/007_stage-final_comparison_epoch-3_seed-79_strategy-cluster_diverse_lambda-0p5_budget-100/job_state.json
79,cluster_diverse,Trajectories/2022-02-06/095_RR220206A_614C_1835.bmp || Trajectories/2022-02-06/195_RR220206A_944C_2101.bmp,18,,0.6865903735160828,22.84843494560029,/content/quantum rheed codex/result/professor_validation/final_comparison/jobs/007_stage-final_comparison_epoch-3_seed-79_strategy-cluster_diverse_lambda-0p5_budget-100/job_state.json
79,cluster_diverse,Trajectories/2022-02-06/058_RR220206A_249C_1745.bmp || Trajectories/2022-04-11/178_RR220411A_774C_1649.bmp,19,,0.6931173801422119,30.8770130610916,/content/quantum rheed codex/result/professor_validation/final_comparison/jobs/007_stage-final_comparison_epoch-3_seed-79_strategy-cluster_diverse_lambda-0p5_budget-100/job_state.json
79,cluster_diverse,Trajectories/2022-04-11/138_RR220411A_635C_1610.bmp || Trajectories/2022-04-11/186_RR220411A_805C_1658.bmp,19,,0.6922714710235596,31.191436306317193,/content/quantum rheed codex/result/professor_validation/final_comparison/jobs/007_stage-final_comparison_epoch-3_seed-79_strategy-cluster_diverse_lambda-0p5_budget-100/job_state.json
79,cluster_diverse,Trajectories/2022-02-04/007_RR220204A_931C_0051.bmp || Trajectories/2022-04-11/291_RR220411A_888C_1840.bmp,19,,0.6882239580154419,31.717480791662602,/content/quantum rheed codex/result/professor_validation/final_comparison/jobs/007_stage-final_comparison_epoch-3_seed-79_strategy-cluster_diverse_lambda-0p5_budget-100/job_state.json
79,cluster_diverse,Trajectories/2022-02-06/265_RR220206A_498C_2232.bmp || Trajectories/2022-04-11/288_RR220411A_904C_1837.bmp,19,,0.6853225827217102,30.894415381495726,/content/quantum rheed codex/result/professor_validation/final_comparison/jobs/007_stage-final_comparison_epoch-3_seed-79_strategy-cluster_diverse_lambda-0p5_budget-100/job_state.json
79,cluster_diverse,Trajectories/2022-04-11/066_RR220411A_416C_1513-01.bmp || Trajectories/2022-04-11/292_RR220411A_887C_1841.bmp,19,,0.6796005368232727,29.89256112684955,/content/quantum rheed codex/result/professor_validation/final_comparison/jobs/007_stage-final_comparison_epoch-3_seed-79_strategy-cluster_diverse_lambda-0p5_budget-100/job_state.json
79,cluster_diverse,Trajectories/2022-04-11/065_RR220411A_414C_1512.bmp || Trajectories/2022-04-11/349_RR220411A_705C_1921.bmp,19,,0.6734368205070496,30.953301095178713,/content/quantum rheed codex/result/professor_validation/final_comparison/jobs/007_stage-final_comparison_epoch-3_seed-79_strategy-cluster_diverse_lambda-0p5_budget-100/job_state.json
123,random,Trajectories/2022-04-11/076_RR220411A_442C_1520.bmp || Trajectories/2022-04-11/387_RR220411A_578C_1943.bmp,11,,,18.501312514139112,/content/quantum rheed codex/result/professor_validation/final_comparison/jobs/010_stage-final_comparison_epoch-3_seed-123_strategy-random_lambda-0p5_budget-100/job_state.json
123,random,Trajectories/2022-02-06/216_RR220206A_837C_2124.bmp || Trajectories/2022-04-11/419_RR220411A_415C_1957.bmp,18,,,18.602689824532305,/content/quantum rheed codex/result/professor_validation/final_comparison/jobs/010_stage-final_comparison_epoch-3_seed-123_strategy-random_lambda-0p5_budget-100/job_state.json
123,random,Trajectories/2022-02-04/133_RR220204A_467C_1754-01.bmp || Trajectories/2022-04-11/088_RR220411A_459C_1527.bmp,13,,,17.965019254368126,/content/quantum rheed codex/result/professor_validation/final_comparison/jobs/010_stage-final_comparison_epoch-3_seed-123_strategy-random_lambda-0p5_budget-100/job_state.json
123,random,Trajectories/2022-02-04/034_RR220204A_655C_0142.bmp || Trajectories/2022-02-06/272_RR220206A_424C_2242.bmp,0,,,17.88679644373024,/content/quantum rheed codex/result/professor_validation/final_comparison/jobs/010_stage-final_comparison_epoch-3_seed-123_strategy-random_lambda-0p5_budget-100/job_state.json
123,random,Trajectories/2022-02-04/378_RR220204A_938C_2312.bmp || Trajectories/2022-02-06/229_RR220206A_766C_2141.bmp,14,,,17.966425124050737,/content/quantum rheed codex/result/professor_validation/final_comparison/jobs/010_stage-final_comparison_epoch-3_seed-123_strategy-random_lambda-0p5_budget-100/job_state.json
123,random,Trajectories/2022-02-04/300_RR220204A_881C_2018.bmp || Trajectories/2022-02-06/195_RR220206A_944C_2101.bmp,2,,,19.13681047818314,/content/quantum rheed codex/result/professor_validation/final_comparison/jobs/010_stage-final_comparison_epoch-3_seed-123_strategy-random_lambda-0p5_budget-100/job_state.json
123,random,Trajectories/2022-04-11/064_RR220411A_413C_1511.bmp || Trajectories/2022-04-11/138_RR220411A_635C_1610.bmp,16,,,18.14333628066253,/content/quantum rheed codex/result/professor_validation/final_comparison/jobs/010_stage-final_comparison_epoch-3_seed-123_strategy-random_lambda-0p5_budget-100/job_state.json
123,random,Trajectories/2022-02-06/068_RR220206A_362C_1759.bmp || Trajectories/2022-04-11/030_RR220411A_291C_1437.bmp,6,,,18.362131496655547,/content/quantum rheed codex/result/professor_validation/final_comparison/jobs/010_stage-final_comparison_epoch-3_seed-123_strategy-random_lambda-0p5_budget-100/job_state.json
123,random,Trajectories/2022-04-11/183_RR220411A_794C_1655.bmp || Trajectories/2022-04-11/226_RR220411A_873C_1725.bmp,13,,,17.996661819967404,/content/quantum rheed codex/result/professor_validation/final_comparison/jobs/010_stage-final_comparison_epoch-3_seed-123_strategy-random_lambda-0p5_budget-100/job_state.json
123,random,Trajectories/2022-04-11/267_RR220411A_953C_1800.bmp || Trajectories/2022-04-11/271_RR220411A_951C_1811.bmp,15,,,18.19522285617846,/content/quantum rheed codex/result/professor_validation/final_comparison/jobs/010_stage-final_comparison_epoch-3_seed-123_strategy-random_lambda-0p5_budget-100/job_state.json
123,random,Trajectories/2022-02-04/253_RR220204A_782C_1923.bmp || Trajectories/2022-02-06/262_RR220206A_540C_2228.bmp,14,,,17.570871333906464,/content/quantum rheed codex/result/professor_validation/final_comparison/jobs/010_stage-final_comparison_epoch-3_seed-123_strategy-random_lambda-0p5_budget-100/job_state.json
123,random,Trajectories/2022-04-11/320_RR220411A_824C_1901.bmp || Trajectories/2022-04-11/332_RR220411A_756C_1911.bmp,1,,,18.42159332404442,/content/quantum rheed codex/result/professor_validation/final_comparison/jobs/010_stage-final_comparison_epoch-3_seed-123_strategy-random_lambda-0p5_budget-100/job_state.json
123,random,Trajectories/2022-02-04/295_RR220204A_882C_2015.bmp || Trajectories/2022-02-04/332_RR220204A_941C_2057.bmp,12,,,19.020881453851857,/content/quantum rheed codex/result/professor_validation/final_comparison/jobs/010_stage-final_comparison_epoch-3_seed-123_strategy-random_lambda-0p5_budget-100/job_state.json
123,random,Trajectories/2022-02-04/106_RR220204A_430C_1736.bmp || Trajectories/2022-02-04/347_RR220204A_954C_2124.bmp,0,,,17.90467181764387,/content/quantum rheed codex/result/professor_validation/final_comparison/jobs/010_stage-final_comparison_epoch-3_seed-123_strategy-random_lambda-0p5_budget-100/job_state.json
123,random,Trajectories/2022-02-04/152_RR220204A_488C_1805-02.bmp || Trajectories/2022-04-11/173_RR220411A_755C_1643.bmp,13,,,17.76258943936875,/content/quantum rheed codex/result/professor_validation/final_comparison/jobs/010_stage-final_comparison_epoch-3_seed-123_strategy-random_lambda-0p5_budget-100/job_state.json
123,random,Trajectories/2022-02-06/241_RR220206A_692C_2157.bmp || Trajectories/2022-04-11/201_RR220411A_843C_1711-01.bmp,9,,,17.84894878246785,/content/quantum rheed codex/result/professor_validation/final_comparison/jobs/010_stage-final_comparison_epoch-3_seed-123_strategy-random_lambda-0p5_budget-100/job_state.json
123,random,Trajectories/2022-02-04/385_RR220204A_939C_2340.bmp || Trajectories/2022-04-11/237_RR220411A_901C_1735.bmp,4,,,18.155549317789852,/content/quantum rheed codex/result/professor_validation/final_comparison/jobs/010_stage-final_comparison_epoch-3_seed-123_strategy-random_lambda-0p5_budget-100/job_state.json
123,random,Trajectories/2022-02-04/320_RR220204A_915C_2039.bmp || Trajectories/2022-02-06/282_RR220206A_184C_2256.bmp,9,,,17.51516122603527,/content/quantum rheed codex/result/professor_validation/final_comparison/jobs/010_stage-final_comparison_epoch-3_seed-123_strategy-random_lambda-0p5_budget-100/job_state.json
123,random,Trajectories/2022-04-11/028_RR220411A_291C_1436.bmp || Trajectories/2022-04-11/050_RR220411A_370C_1458.bmp,17,,,18.66621207086177,/content/quantum rheed codex/result/professor_validation/final_comparison/jobs/010_stage-final_comparison_epoch-3_seed-123_strategy-random_lambda-0p5_budget-100/job_state.json
123,random,Trajectories/2022-04-11/203_RR220411A_843C_1711-03.bmp || Trajectories/2022-04-11/284_RR220411A_912C_1835.bmp,15,,,18.20403692063543,/content/quantum rheed codex/result/professor_validation/final_comparison/jobs/010_stage-final_comparison_epoch-3_seed-123_strategy-random_lambda-0p5_budget-100/job_state.json
123,random,Trajectories/2022-04-11/323_RR220411A_816C_1903.bmp || Trajectories/2022-04-11/366_RR220411A_654C_1930.bmp,1,,,18.859781109415984,/content/quantum rheed codex/result/professor_validation/final_comparison/jobs/010_stage-final_comparison_epoch-3_seed-123_strategy-random_lambda-0p5_budget-100/job_state.json
123,random,Trajectories/2022-02-06/108_RR220206A_769C_1854.bmp || Trajectories/2022-02-06/199_RR220206A_940C_2106.bmp,14,,,18.12071705506176,/content/quantum rheed codex/result/professor_validation/final_comparison/jobs/010_stage-final_comparison_epoch-3_seed-123_strategy-random_lambda-0p5_budget-100/job_state.json
123,random,Trajectories/2022-02-04/196_RR220204A_611C_1834.bmp || Trajectories/2022-04-11/147_RR220411A_671C_1617.bmp,3,,,17.483617566777585,/content/quantum rheed codex/result/professor_validation/final_comparison/jobs/010_stage-final_comparison_epoch-3_seed-123_strategy-random_lambda-0p5_budget-100/job_state.json
123,random,Trajectories/2022-02-04/048_RR220204A_245C_0201.bmp || Trajectories/2022-04-11/183_RR220411A_794C_1655.bmp,6,,,18.596265483889468,/content/quantum rheed codex/result/professor_validation/final_comparison/jobs/010_stage-final_comparison_epoch-3_seed-123_strategy-random_lambda-0p5_budget-100/job_state.json
123,random,Trajectories/2022-02-06/057_RR220206A_249C_1744.bmp || Trajectories/2022-02-06/154_RR220206A_1092C_2003-02.bmp,16,,,18.09485130114763,/content/quantum rheed codex/result/professor_validation/final_comparison/jobs/010_stage-final_comparison_epoch-3_seed-123_strategy-random_lambda-0p5_budget-100/job_state.json
123,random,Trajectories/2022-02-04/194_RR220204A_610C_1832.bmp || Trajectories/2022-02-06/119_RR220206A_871C_1918.bmp,3,,,17.58616764733197,/content/quantum rheed codex/result/professor_validation/final_comparison/jobs/010_stage-final_comparison_epoch-3_seed-123_strategy-random_lambda-0p5_budget-100/job_state.json
123,random,Trajectories/2022-02-04/305_RR220204A_915C_2023.bmp || Trajectories/2022-02-04/335_RR220204A_940C_2102.bmp,12,,,19.410377681937714,/content/quantum rheed codex/result/professor_validation/final_comparison/jobs/010_stage-final_comparison_epoch-3_seed-123_strategy-random_lambda-0p5_budget-100/job_state.json
123,random,Trajectories/2022-02-04/159_RR220204A_501C_1809-01.bmp || Trajectories/2022-04-11/100_RR220411A_492C_1537.bmp,13,,,17.861217424780648,/content/quantum rheed codex/result/professor_validation/final_comparison/jobs/010_stage-final_comparison_epoch-3_seed-123_strategy-random_lambda-0p5_budget-100/job_state.json
123,random,Trajectories/2022-02-04/139_RR220204A_470C_1758.bmp || Trajectories/2022-04-11/372_RR220411A_636C_1935.bmp,1,,,18.802119592148408,/content/quantum rheed codex/result/professor_validation/final_comparison/jobs/010_stage-final_comparison_epoch-3_seed-123_strategy-random_lambda-0p5_budget-100/job_state.json
123,random,Trajectories/2022-04-11/008_RR220411A_193C_1422.bmp || Trajectories/2022-04-11/093_RR220411A_482C_1531.bmp,17,,,18.574165014456927,/content/quantum rheed codex/result/professor_validation/final_comparison/jobs/010_stage-final_comparison_epoch-3_seed-123_strategy-random_lambda-0p5_budget-100/job_state.json
123,random,Trajectories/2022-02-04/117_RR220204A_445C_1740.bmp || Trajectories/2022-02-06/123_RR220206A_894C_1923.bmp,15,,,17.847889570487574,/content/quantum rheed codex/result/professor_validation/final_comparison/jobs/010_stage-final_comparison_epoch-3_seed-123_strategy-random_lambda-0p5_budget-100/job_state.json
123,random,Trajectories/2022-04-11/278_RR220411A_932C_1829.bmp || Trajectories/2022-04-11/386_RR220411A_580C_1943.bmp,1,,,18.842806098556203,/content/quantum rheed codex/result/professor_validation/final_comparison/jobs/010_stage-final_comparison_epoch-3_seed-123_strategy-random_lambda-0p5_budget-100/job_state.json
123,random,Trajectories/2022-02-06/206_RR220206A_875C_2113.bmp || Trajectories/2022-04-11/338_RR220411A_734C_1915.bmp,15,,,18.07138343080538,/content/quantum rheed codex/result/professor_validation/final_comparison/jobs/010_stage-final_comparison_epoch-3_seed-123_strategy-random_lambda-0p5_budget-100/job_state.json
123,random,Trajectories/2022-02-04/303_RR220204A_917C_2021.bmp || Trajectories/2022-04-11/226_RR220411A_873C_1725.bmp,0,,,19.000557538778523,/content/quantum rheed codex/result/professor_validation/final_comparison/jobs/010_stage-final_comparison_epoch-3_seed-123_strategy-random_lambda-0p5_budget-100/job_state.json
123,random,Trajectories/2022-02-04/263_RR220204A_793C_1934.bmp || Trajectories/2022-04-11/042_RR220411A_331C_1448.bmp,2,,,18.46000003997935,/content/quantum rheed codex/result/professor_validation/final_comparison/jobs/010_stage-final_comparison_epoch-3_seed-123_strategy-random_lambda-0p5_budget-100/job_state.json
123,random,Trajectories/2022-02-04/241_RR220204A_736C_1911.bmp || Trajectories/2022-04-11/064_RR220411A_413C_1511.bmp,17,,,17.932973087582898,/content/quantum rheed codex/result/professor_validation/final_comparison/jobs/010_stage-final_comparison_epoch-3_seed-123_strategy-random_lambda-0p5_budget-100/job_state.json
123,random,Trajectories/2022-02-06/271_RR220206A_425C_2242.bmp || Trajectories/2022-04-11/372_RR220411A_636C_1935.bmp,18,,,18.195179161885907,/content/quantum rheed codex/result/professor_validation/final_comparison/jobs/010_stage-final_comparison_epoch-3_seed-123_strategy-random_lambda-0p5_budget-100/job_state.json
123,random,Trajectories/2022-04-11/108_RR220411A_507C_1543.bmp || Trajectories/2022-04-11/379_RR220411A_614C_1940.bmp,11,,,18.34339958145329,/content/quantum rheed codex/result/professor_validation/final_comparison/jobs/010_stage-final_comparison_epoch-3_seed-123_strategy-random_lambda-0p5_budget-100/job_state.json
123,random,Trajectories/2022-02-06/191_RR220206A_960C_2056.bmp || Trajectories/2022-04-11/286_RR220411A_906C_1837.bmp,9,,,17.948253230894853,/content/quantum rheed codex/result/professor_validation/final_comparison/jobs/010_stage-final_comparison_epoch-3_seed-123_strategy-random_lambda-0p5_budget-100/job_state.json
123,random,Trajectories/2022-02-04/294_RR220204A_843C_2014.bmp || Trajectories/2022-02-06/140_RR220206A_993C_1941.bmp,2,,,19.047358515168007,/content/quantum rheed codex/result/professor_validation/final_comparison/jobs/010_stage-final_comparison_epoch-3_seed-123_strategy-random_lambda-0p5_budget-100/job_state.json
123,random,Trajectories/2022-02-04/020_RR220204A_981C_0126-02.bmp || Trajectories/2022-02-04/133_RR220204A_467C_1754-01.bmp,4,,,18.37782063440064,/content/quantum rheed codex/result/professor_validation/final_comparison/jobs/010_stage-final_comparison_epoch-3_seed-123_strategy-random_lambda-0p5_budget-100/job_state.json
123,random,Trajectories/2022-02-06/055_RR220206A_239C_1742.bmp || Trajectories/2022-04-11/409_RR220411A_474C_1953.bmp,19,,,18.707886730330518,/content/quantum rheed codex/result/professor_validation/final_comparison/jobs/010_stage-final_comparison_epoch-3_seed-123_strategy-random_lambda-0p5_budget-100/job_state.json
123,random,Trajectories/2022-02-04/147_RR220204A_486C_1804.bmp || Trajectories/2022-04-11/363_RR220411A_661C_1929.bmp,1,,,18.679511513573463,/content/quantum rheed codex/result/professor_validation/final_comparison/jobs/010_stage-final_comparison_epoch-3_seed-123_strategy-random_lambda-0p5_budget-100/job_state.json
123,random,Trajectories/2022-02-06/048_RR220206A_175C_1736.bmp || Trajectories/2022-04-11/189_RR220411A_822C_1703.bmp,3,,,17.948212350834435,/content/quantum rheed codex/result/professor_validation/final_comparison/jobs/010_stage-final_comparison_epoch-3_seed-123_strategy-random_lambda-0p5_budget-100/job_state.json
123,random,Trajectories/2022-02-04/148_RR220204A_480C_1804.bmp || Trajectories/2022-04-11/313_RR220411A_839C_1856.bmp,8,,,18.14232179633505,/content/quantum rheed codex/result/professor_validation/final_comparison/jobs/010_stage-final_comparison_epoch-3_seed-123_strategy-random_lambda-0p5_budget-100/job_state.json
123,random,Trajectories/2022-02-04/197_RR220204A_611C_1835.bmp || Trajectories/2022-04-11/233_RR220411A_889C_1731.bmp,15,,,17.837342796114307,/content/quantum rheed codex/result/professor_validation/final_comparison/jobs/010_stage-final_comparison_epoch-3_seed-123_strategy-random_lambda-0p5_budget-100/job_state.json
123,random,Trajectories/2022-02-04/206_RR220204A_641C_1841.bmp || Trajectories/2022-02-06/187_RR220206A_985C_2051.bmp,14,,,17.590767040452505,/content/quantum rheed codex/result/professor_validation/final_comparison/jobs/010_stage-final_comparison_epoch-3_seed-123_strategy-random_lambda-0p5_budget-100/job_state.json
123,random,Trajectories/2022-02-04/287_RR220204A_851C_2008.bmp || Trajectories/2022-04-11/409_RR220411A_474C_1953.bmp,11,,,18.814375436876517,/content/quantum rheed codex/result/professor_validation/final_comparison/jobs/010_stage-final_comparison_epoch-3_seed-123_strategy-random_lambda-0p5_budget-100/job_state.json
123,random,Trajectories/2022-02-06/095_RR220206A_614C_1835.bmp || Trajectories/2022-02-06/247_RR220206A_657C_2207.bmp,14,,,17.965146357636886,/content/quantum rheed codex/result/professor_validation/final_comparison/jobs/010_stage-final_comparison_epoch-3_seed-123_strategy-random_lambda-0p5_budget-100/job_state.json
123,random,Trajectories/2022-02-06/049_RR220206A_205C_1737.bmp || Trajectories/2022-04-11/356_RR220411A_685C_1925.bmp,19,,,18.299901325174485,/content/quantum rheed codex/result/professor_validation/final_comparison/jobs/010_stage-final_comparison_epoch-3_seed-123_strategy-random_lambda-0p5_budget-100/job_state.json
123,random,Trajectories/2022-02-04/160_RR220204A_501C_1809-02.bmp || Trajectories/2022-02-04/161_RR220204A_504C_1810.bmp,8,,,18.017017714696546,/content/quantum rheed codex/result/professor_validation/final_comparison/jobs/010_stage-final_comparison_epoch-3_seed-123_strategy-random_lambda-0p5_budget-100/job_state.json
123,random,Trajectories/2022-02-04/029_RR220204A_808C_0135.bmp || Trajectories/2022-02-04/242_RR220204A_720C_1911.bmp,5,,,17.832702593647124,/content/quantum rheed codex/result/professor_validation/final_comparison/jobs/010_stage-final_comparison_epoch-3_seed-123_strategy-random_lambda-0p5_budget-100/job_state.json
123,random,Trajectories/2022-04-11/246_RR220411A_915C_1741.bmp || Trajectories/2022-04-11/258_RR220411A_932C_1751.bmp,8,,,18.342849128552043,/content/quantum rheed codex/result/professor_validation/final_comparison/jobs/010_stage-final_comparison_epoch-3_seed-123_strategy-random_lambda-0p5_budget-100/job_state.json
123,random,Trajectories/2022-02-04/215_RR220204A_669C_1848.bmp || Trajectories/2022-04-11/120_RR220411A_555C_1553.bmp,16,,,17.494317640519345,/content/quantum rheed codex/result/professor_validation/final_comparison/jobs/010_stage-final_comparison_epoch-3_seed-123_strategy-random_lambda-0p5_budget-100/job_state.json
123,random,Trajectories/2022-02-04/007_RR220204A_931C_0051.bmp || Trajectories/2022-04-11/291_RR220411A_888C_1840.bmp,0,,,18.237156898120297,/content/quantum rheed codex/result/professor_validation/final_comparison/jobs/010_stage-final_comparison_epoch-3_seed-123_strategy-random_lambda-0p5_budget-100/job_state.json
123,random,Trajectories/2022-04-11/063_RR220411A_402C_1510.bmp || Trajectories/2022-04-11/268_RR220411A_952C_1801.bmp,0,,,18.15516786056571,/content/quantum rheed codex/result/professor_validation/final_comparison/jobs/010_stage-final_comparison_epoch-3_seed-123_strategy-random_lambda-0p5_budget-100/job_state.json
123,random,Trajectories/2022-02-04/076_RR220204A_299C_1713.bmp || Trajectories/2022-02-04/080_RR220204A_301C_1718.bmp,8,,,18.054176316245304,/content/quantum rheed codex/result/professor_validation/final_comparison/jobs/010_stage-final_comparison_epoch-3_seed-123_strategy-random_lambda-0p5_budget-100/job_state.json
123,random,Trajectories/2022-02-06/058_RR220206A_249C_1745.bmp || Trajectories/2022-04-11/178_RR220411A_774C_1649.bmp,16,,,17.938291338263664,/content/quantum rheed codex/result/professor_validation/final_comparison/jobs/010_stage-final_comparison_epoch-3_seed-123_strategy-random_lambda-0p5_budget-100/job_state.json
123,random,Trajectories/2022-02-04/093_RR220204A_397C_1722.bmp || Trajectories/2022-04-11/367_RR220411A_648C_1932.bmp,1,,,18.750098311378324,/content/quantum rheed codex/result/professor_validation/final_comparison/jobs/010_stage-final_comparison_epoch-3_seed-123_strategy-random_lambda-0p5_budget-100/job_state.json
123,random,Trajectories/2022-02-04/319_RR220204A_918C_2037.bmp || Trajectories/2022-02-04/354_RR220204A_951C_2141.bmp,6,,,18.285363396469016,/content/quantum rheed codex/result/professor_validation/final_comparison/jobs/010_stage-final_comparison_epoch-3_seed-123_strategy-random_lambda-0p5_budget-100/job_state.json
123,random,Trajectories/2022-02-04/324_RR220204A_913C_2047.bmp || Trajectories/2022-04-11/057_RR220411A_389C_1506-01.bmp,5,,,17.986927565985454,/content/quantum rheed codex/result/professor_validation/final_comparison/jobs/010_stage-final_comparison_epoch-3_seed-123_strategy-random_lambda-0p5_budget-100/job_state.json
123,random,Trajectories/2022-02-04/221_RR220204A_666C_1854.bmp || Trajectories/2022-04-11/358_RR220411A_677C_1926.bmp,15,,,17.803104237735795,/content/quantum rheed codex/result/professor_validation/final_comparison/jobs/010_stage-final_comparison_epoch-3_seed-123_strategy-random_lambda-0p5_budget-100/job_state.json
123,random,Trajectories/2022-02-04/013_RR220204A_949C_0119.bmp || Trajectories/2022-02-06/077_RR220206A_461C_1813.bmp,6,,,18.498478016212285,/content/quantum rheed codex/result/professor_validation/final_comparison/jobs/010_stage-final_comparison_epoch-3_seed-123_strategy-random_lambda-0p5_budget-100/job_state.json
123,random,Trajectories/2022-02-04/164_RR220204A_507C_1811.bmp || Trajectories/2022-02-06/074_RR220206A_430C_1809.bmp,3,,,17.778128603312584,/content/quantum rheed codex/result/professor_validation/final_comparison/jobs/010_stage-final_comparison_epoch-3_seed-123_strategy-random_lambda-0p5_budget-100/job_state.json
123,random,Trajectories/2022-02-06/125_RR220206A_887C_1925.bmp || Trajectories/2022-04-11/226_RR220411A_873C_1725.bmp,15,,,17.96658966405657,/content/quantum rheed codex/result/professor_validation/final_comparison/jobs/010_stage-final_comparison_epoch-3_seed-123_strategy-random_lambda-0p5_budget-100/job_state.json
123,random,Trajectories/2022-02-04/174_RR220204A_527C_1818.bmp || Trajectories/2022-04-11/164_RR220411A_724C_1635.bmp,13,,,17.68261654946181,/content/quantum rheed codex/result/professor_validation/final_comparison/jobs/010_stage-final_comparison_epoch-3_seed-123_strategy-random_lambda-0p5_budget-100/job_state.json
123,random,Trajectories/2022-02-06/125_RR220206A_887C_1925.bmp || Trajectories/2022-04-11/313_RR220411A_839C_1856.bmp,15,,,17.781475764346983,/content/quantum rheed codex/result/professor_validation/final_comparison/jobs/010_stage-final_comparison_epoch-3_seed-123_strategy-random_lambda-0p5_budget-100/job_state.json
123,random,Trajectories/2022-02-06/186_RR220206A_985C_2050.bmp || Trajectories/2022-02-06/251_RR220206A_619C_2214.bmp,14,,,17.833378071673213,/content/quantum rheed codex/result/professor_validation/final_comparison/jobs/010_stage-final_comparison_epoch-3_seed-123_strategy-random_lambda-0p5_budget-100/job_state.json
123,random,Trajectories/2022-02-06/189_RR220206A_971C_2054-01.bmp || Trajectories/2022-04-11/286_RR220411A_906C_1837.bmp,9,,,17.966815631010796,/content/quantum rheed codex/result/professor_validation/final_comparison/jobs/010_stage-final_comparison_epoch-3_seed-123_strategy-random_lambda-0p5_budget-100/job_state.json
123,random,Trajectories/2022-02-04/085_RR220204A_378C_1720.bmp || Trajectories/2022-02-04/134_RR220204A_467C_1754-02.bmp,8,,,18.1702154663856,/content/quantum rheed codex/result/professor_validation/final_comparison/jobs/010_stage-final_comparison_epoch-3_seed-123_strategy-random_lambda-0p5_budget-100/job_state.json
123,random,Trajectories/2022-02-06/273_RR220206A_423C_2243.bmp || Trajectories/2022-04-11/379_RR220411A_614C_1940.bmp,18,,,18.23355572303522,/content/quantum rheed codex/result/professor_validation/final_comparison/jobs/010_stage-final_comparison_epoch-3_seed-123_strategy-random_lambda-0p5_budget-100/job_state.json
123,random,Trajectories/2022-04-11/013_RR220411A_223C_1424.bmp || Trajectories/2022-04-11/306_RR220411A_857C_1850.bmp,0,,,17.99736924107199,/content/quantum rheed codex/result/professor_validation/final_comparison/jobs/010_stage-final_comparison_epoch-3_seed-123_strategy-random_lambda-0p5_budget-100/job_state.json
123,random,Trajectories/2022-02-06/158_RR220206A_1105C_2008.bmp || Trajectories/2022-04-11/357_RR220411A_684C_1925.bmp,9,,,18.204302135235043,/content/quantum rheed codex/result/professor_validation/final_comparison/jobs/010_stage-final_comparison_epoch-3_seed-123_strategy-random_lambda-0p5_budget-100/job_state.json
123,random,Trajectories/2022-02-06/037_RR220206A_165C_1722.bmp || Trajectories/2022-04-11/219_RR220411A_865C_1720.bmp,13,,,18.149166213937033,/content/quantum rheed codex/result/professor_validation/final_comparison/jobs/010_stage-final_comparison_epoch-3_seed-123_strategy-random_lambda-0p5_budget-100/job_state.json
123,random,Trajectories/2022-02-04/139_RR220204A_470C_1758.bmp || Trajectories/2022-04-11/094_RR220411A_484C_1532.bmp,13,,,17.931244207410153,/content/quantum rheed codex/result/professor_validation/final_comparison/jobs/010_stage-final_comparison_epoch-3_seed-123_strategy-random_lambda-0p5_budget-100/job_state.json
123,random,Trajectories/2022-02-04/205_RR220204A_642C_1839-02.bmp || Trajectories/2022-02-04/337_RR220204A_938C_2106.bmp,0,,,17.481586947297966,/content/quantum rheed codex/result/professor_validation/final_comparison/jobs/010_stage-final_comparison_epoch-3_seed-123_strategy-random_lambda-0p5_budget-100/job_state.json
123,random,Trajectories/2022-02-04/194_RR220204A_610C_1832.bmp || Trajectories/2022-04-11/163_RR220411A_715C_1634.bmp,3,,,17.509473638546083,/content/quantum rheed codex/result/professor_validation/final_comparison/jobs/010_stage-final_comparison_epoch-3_seed-123_strategy-random_lambda-0p5_budget-100/job_state.json
123,random,Trajectories/2022-02-04/019_RR220204A_981C_0126-01.bmp || Trajectories/2022-04-11/035_RR220411A_314C_1442.bmp,17,,,18.954759658509637,/content/quantum rheed codex/result/professor_validation/final_comparison/jobs/010_stage-final_comparison_epoch-3_seed-123_strategy-random_lambda-0p5_budget-100/job_state.json
123,random,Trajectories/2022-02-04/063_RR220204A_165C_0215-03.bmp || Trajectories/2022-04-11/376_RR220411A_620C_1938.bmp,7,,,20.118885853456675,/content/quantum rheed codex/result/professor_validation/final_comparison/jobs/010_stage-final_comparison_epoch-3_seed-123_strategy-random_lambda-0p5_budget-100/job_state.json
123,random,Trajectories/2022-02-06/265_RR220206A_498C_2232.bmp || Trajectories/2022-04-11/288_RR220411A_904C_1837.bmp,9,,,17.777523345441494,/content/quantum rheed codex/result/professor_validation/final_comparison/jobs/010_stage-final_comparison_epoch-3_seed-123_strategy-random_lambda-0p5_budget-100/job_state.json
123,random,Trajectories/2022-02-06/273_RR220206A_423C_2243.bmp || Trajectories/2022-04-11/093_RR220411A_482C_1531.bmp,0,,,17.76856464132834,/content/quantum rheed codex/result/professor_validation/final_comparison/jobs/010_stage-final_comparison_epoch-3_seed-123_strategy-random_lambda-0p5_budget-100/job_state.json
123,random,Trajectories/2022-02-04/156_RR220204A_490C_1808.bmp || Trajectories/2022-02-04/383_RR220204A_937C_2331.bmp,4,,,17.88034796971601,/content/quantum rheed codex/result/professor_validation/final_comparison/jobs/010_stage-final_comparison_epoch-3_seed-123_strategy-random_lambda-0p5_budget-100/job_state.json
123,random,Trajectories/2022-02-06/090_RR220206A_568C_1828.bmp || Trajectories/2022-04-11/149_RR220411A_676C_1619.bmp,16,,,18.101522231952416,/content/quantum rheed codex/result/professor_validation/final_comparison/jobs/010_stage-final_comparison_epoch-3_seed-123_strategy-random_lambda-0p5_budget-100/job_state.json
123,random,Trajectories/2022-02-04/020_RR220204A_981C_0126-02.bmp || Trajectories/2022-04-11/088_RR220411A_459C_1527.bmp,6,,,18.7858277368378,/content/quantum rheed codex/result/professor_validation/final_comparison/jobs/010_stage-final_comparison_epoch-3_seed-123_strategy-random_lambda-0p5_budget-100/job_state.json
123,random,Trajectories/2022-02-06/234_RR220206A_738C_2148.bmp || Trajectories/2022-04-11/375_RR220411A_617C_1938.bmp,18,,,18.25945205247176,/content/quantum rheed codex/result/professor_validation/final_comparison/jobs/010_stage-final_comparison_epoch-3_seed-123_strategy-random_lambda-0p5_budget-100/job_state.json
123,random,Trajectories/2022-02-04/229_RR220204A_696C_1901-02.bmp || Trajectories/2022-04-11/208_RR220411A_850C_1713-02.bmp,13,,,17.552617830849975,/content/quantum rheed codex/result/professor_validation/final_comparison/jobs/010_stage-final_comparison_epoch-3_seed-123_strategy-random_lambda-0p5_budget-100/job_state.json
123,random,Trajectories/2022-04-11/397_RR220411A_528C_1948.bmp || Trajectories/2022-04-11/443_RR220411A_303C_2007.bmp,10,,,20.663411339742073,/content/quantum rheed codex/result/professor_validation/final_comparison/jobs/010_stage-final_comparison_epoch-3_seed-123_strategy-random_lambda-0p5_budget-100/job_state.json
123,random,Trajectories/2022-04-11/036_RR220411A_313C_1443.bmp || Trajectories/2022-04-11/072_RR220411A_429C_1516.bmp,17,,,18.566066379759146,/content/quantum rheed codex/result/professor_validation/final_comparison/jobs/010_stage-final_comparison_epoch-3_seed-123_strategy-random_lambda-0p5_budget-100/job_state.json
123,random,Trajectories/2022-02-04/181_RR220204A_572C_1825.bmp || Trajectories/2022-04-11/437_RR220411A_345C_2004.bmp,1,,,18.928498813952313,/content/quantum rheed codex/result/professor_validation/final_comparison/jobs/010_stage-final_comparison_epoch-3_seed-123_strategy-random_lambda-0p5_budget-100/job_state.json
123,random,Trajectories/2022-02-06/129_RR220206A_912C_1929.bmp || Trajectories/2022-04-11/217_RR220411A_857C_1718.bmp,15,,,17.85404939530431,/content/quantum rheed codex/result/professor_validation/final_comparison/jobs/010_stage-final_comparison_epoch-3_seed-123_strategy-random_lambda-0p5_budget-100/job_state.json
123,random,Trajectories/2022-02-04/003_RR220204A_932C_0017.bmp || Trajectories/2022-04-11/439_RR220411A_330C_2005.bmp,11,,,18.92374508641318,/content/quantum rheed codex/result/professor_validation/final_comparison/jobs/010_stage-final_comparison_epoch-3_seed-123_strategy-random_lambda-0p5_budget-100/job_state.json
123,random,Trajectories/2022-02-04/296_RR220204A_869C_2015.bmp || Trajectories/2022-04-11/009_RR220411A_206C_1423.bmp,12,,,19.598011750223158,/content/quantum rheed codex/result/professor_validation/final_comparison/jobs/010_stage-final_comparison_epoch-3_seed-123_strategy-random_lambda-0p5_budget-100/job_state.json
123,random,Trajectories/2022-02-04/126_RR220204A_443C_1750.bmp || Trajectories/2022-04-11/213_RR220411A_857C_1715.bmp,8,,,18.31092181325672,/content/quantum rheed codex/result/professor_validation/final_comparison/jobs/010_stage-final_comparison_epoch-3_seed-123_strategy-random_lambda-0p5_budget-100/job_state.json
123,random,Trajectories/2022-02-04/209_RR220204A_637C_1845.bmp || Trajectories/2022-02-04/213_RR220204A_668C_1847.bmp,3,,,17.076230480901252,/content/quantum rheed codex/result/professor_validation/final_comparison/jobs/010_stage-final_comparison_epoch-3_seed-123_strategy-random_lambda-0p5_budget-100/job_state.json
123,random,Trajectories/2022-02-04/385_RR220204A_939C_2340.bmp || Trajectories/2022-02-06/171_RR220206A_1085C_2027.bmp,17,,,18.26091639485507,/content/quantum rheed codex/result/professor_validation/final_comparison/jobs/010_stage-final_comparison_epoch-3_seed-123_strategy-random_lambda-0p5_budget-100/job_state.json
123,random,Trajectories/2022-02-04/129_RR220204A_465C_1753.bmp || Trajectories/2022-04-11/243_RR220411A_909C_1739.bmp,8,,,18.30731525968773,/content/quantum rheed codex/result/professor_validation/final_comparison/jobs/010_stage-final_comparison_epoch-3_seed-123_strategy-random_lambda-0p5_budget-100/job_state.json
123,random,Trajectories/2022-04-11/227_RR220411A_877C_1726.bmp || Trajectories/2022-04-11/323_RR220411A_816C_1903.bmp,8,,,18.393235869020486,/content/quantum rheed codex/result/professor_validation/final_comparison/jobs/010_stage-final_comparison_epoch-3_seed-123_strategy-random_lambda-0p5_budget-100/job_state.json
123,random,Trajectories/2022-02-04/188_RR220204A_579C_1829.bmp || Trajectories/2022-04-11/113_RR220411A_539C_1548.bmp,3,,,17.64579745013354,/content/quantum rheed codex/result/professor_validation/final_comparison/jobs/010_stage-final_comparison_epoch-3_seed-123_strategy-random_lambda-0p5_budget-100/job_state.json
123,random,Trajectories/2022-02-04/001_RR220204A_933C_0006.bmp || Trajectories/2022-02-06/230_RR220206A_767C_2143.bmp,14,,,18.1648708434055,/content/quantum rheed codex/result/professor_validation/final_comparison/jobs/010_stage-final_comparison_epoch-3_seed-123_strategy-random_lambda-0p5_budget-100/job_state.json
123,random,Trajectories/2022-02-06/215_RR220206A_835C_2123.bmp || Trajectories/2022-04-11/140_RR220411A_647C_1612.bmp,14,,,17.789050477868248,/content/quantum rheed codex/result/professor_validation/final_comparison/jobs/010_stage-final_comparison_epoch-3_seed-123_strategy-random_lambda-0p5_budget-100/job_state.json
79,core_set,Trajectories/2022-02-04/307_RR220204A_912C_2025.bmp || Trajectories/2022-04-11/386_RR220411A_580C_1943.bmp,12,5.813641349871177,,27.42746221711289,/content/quantum rheed codex/result/professor_validation/final_comparison/jobs/009_stage-final_comparison_epoch-3_seed-79_strategy-core_set_lambda-0p5_budget-100/job_state.json
79,core_set,Trajectories/2022-04-11/397_RR220411A_528C_1948.bmp || Trajectories/2022-04-11/443_RR220411A_303C_2007.bmp,9,4.1727788517385305,,39.922824352071736,/content/quantum rheed codex/result/professor_validation/final_comparison/jobs/009_stage-final_comparison_epoch-3_seed-79_strategy-core_set_lambda-0p5_budget-100/job_state.json
79,core_set,Trajectories/2022-02-04/049_RR220204A_218C_0201.bmp || Trajectories/2022-02-04/307_RR220204A_912C_2025.bmp,0,3.586944014460305,,24.369213111000576,/content/quantum rheed codex/result/professor_validation/final_comparison/jobs/009_stage-final_comparison_epoch-3_seed-79_strategy-core_set_lambda-0p5_budget-100/job_state.json
79,core_set,Trajectories/2022-02-04/303_RR220204A_917C_2021.bmp || Trajectories/2022-04-11/226_RR220411A_873C_1725.bmp,12,3.41825984128833,,27.65819203232649,/content/quantum rheed codex/result/professor_validation/final_comparison/jobs/009_stage-final_comparison_epoch-3_seed-79_strategy-core_set_lambda-0p5_budget-100/job_state.json
79,core_set,Trajectories/2022-02-04/266_RR220204A_783C_1938.bmp || Trajectories/2022-02-04/356_RR220204A_949C_2144.bmp,5,3.212739722785335,,21.795784300723163,/content/quantum rheed codex/result/professor_validation/final_comparison/jobs/009_stage-final_comparison_epoch-3_seed-79_strategy-core_set_lambda-0p5_budget-100/job_state.json
79,core_set,Trajectories/2022-02-04/281_RR220204A_806C_2000.bmp || Trajectories/2022-04-11/322_RR220411A_818C_1902.bmp,12,2.8367642274580507,,26.90672834869541,/content/quantum rheed codex/result/professor_validation/final_comparison/jobs/009_stage-final_comparison_epoch-3_seed-79_strategy-core_set_lambda-0p5_budget-100/job_state.json
79,core_set,Trajectories/2022-02-04/319_RR220204A_918C_2037.bmp || Trajectories/2022-02-04/354_RR220204A_951C_2141.bmp,19,2.6184616360405766,,29.934919440527004,/content/quantum rheed codex/result/professor_validation/final_comparison/jobs/009_stage-final_comparison_epoch-3_seed-79_strategy-core_set_lambda-0p5_budget-100/job_state.json
79,core_set,Trajectories/2022-02-04/097_RR220204A_405C_1727.bmp || Trajectories/2022-04-11/383_RR220411A_597C_1941.bmp,9,2.486181966097735,,40.631509135056476,/content/quantum rheed codex/result/professor_validation/final_comparison/jobs/009_stage-final_comparison_epoch-3_seed-79_strategy-core_set_lambda-0p5_budget-100/job_state.json
79,core_set,Trajectories/2022-04-11/001_RR220411A_180C_1417-01.bmp || Trajectories/2022-04-11/051_RR220411A_370C_1500.bmp,4,2.4655807754344026,,23.6508138828061,/content/quantum rheed codex/result/professor_validation/final_comparison/jobs/009_stage-final_comparison_epoch-3_seed-79_strategy-core_set_lambda-0p5_budget-100/job_state.json
79,core_set,Trajectories/2022-02-06/186_RR220206A_985C_2050.bmp || Trajectories/2022-02-06/251_RR220206A_619C_2214.bmp,4,2.379587186280233,,23.894779594554528,/content/quantum rheed codex/result/professor_validation/final_comparison/jobs/009_stage-final_comparison_epoch-3_seed-79_strategy-core_set_lambda-0p5_budget-100/job_state.json
79,core_set,Trajectories/2022-02-06/095_RR220206A_614C_1835.bmp || Trajectories/2022-02-06/247_RR220206A_657C_2207.bmp,14,2.33821889711303,,24.85364397180563,/content/quantum rheed codex/result/professor_validation/final_comparison/jobs/009_stage-final_comparison_epoch-3_seed-79_strategy-core_set_lambda-0p5_budget-100/job_state.json
79,core_set,Trajectories/2022-02-04/295_RR220204A_882C_2015.bmp || Trajectories/2022-02-04/332_RR220204A_941C_2057.bmp,12,2.291184605015483,,26.386662700845232,/content/quantum rheed codex/result/professor_validation/final_comparison/jobs/009_stage-final_comparison_epoch-3_seed-79_strategy-core_set_lambda-0p5_budget-100/job_state.json
79,core_set,Trajectories/2022-02-04/295_RR220204A_882C_2015.bmp || Trajectories/2022-02-06/117_RR220206A_844C_1915.bmp,0,2.172036888687459,,23.473065191399044,/content/quantum rheed codex/result/professor_validation/final_comparison/jobs/009_stage-final_comparison_epoch-3_seed-79_strategy-core_set_lambda-0p5_budget-100/job_state.json
79,core_set,Trajectories/2022-02-04/296_RR220204A_869C_2015.bmp || Trajectories/2022-04-11/009_RR220411A_206C_1423.bmp,5,2.0885516224948564,,20.86733972574099,/content/quantum rheed codex/result/professor_validation/final_comparison/jobs/009_stage-final_comparison_epoch-3_seed-79_strategy-core_set_lambda-0p5_budget-100/job_state.json
79,core_set,Trajectories/2022-02-04/320_RR220204A_915C_2039.bmp || Trajectories/2022-02-06/282_RR220206A_184C_2256.bmp,11,2.055563573452485,,34.08040272654427,/content/quantum rheed codex/result/professor_validation/final_comparison/jobs/009_stage-final_comparison_epoch-3_seed-79_strategy-core_set_lambda-0p5_budget-100/job_state.json
79,core_set,Trajectories/2022-02-04/378_RR220204A_938C_2312.bmp || Trajectories/2022-02-06/229_RR220206A_766C_2141.bmp,3,1.940487954176445,,29.72242173676783,/content/quantum rheed codex/result/professor_validation/final_comparison/jobs/009_stage-final_comparison_epoch-3_seed-79_strategy-core_set_lambda-0p5_budget-100/job_state.json
79,core_set,Trajectories/2022-02-04/044_RR220204A_348C_0157.bmp || Trajectories/2022-02-04/059_RR220204A_180C_0211.bmp,1,1.9395647030836807,,33.392326078584254,/content/quantum rheed codex/result/professor_validation/final_comparison/jobs/009_stage-final_comparison_epoch-3_seed-79_strategy-core_set_lambda-0p5_budget-100/job_state.json
79,core_set,Trajectories/2022-02-04/333_RR220204A_939C_2059.bmp || Trajectories/2022-02-04/342_RR220204A_941C_2115.bmp,1,1.920698623364232,,33.873444970681746,/content/quantum rheed codex/result/professor_validation/final_comparison/jobs/009_stage-final_comparison_epoch-3_seed-79_strategy-core_set_lambda-0p5_budget-100/job_state.json
79,core_set,Trajectories/2022-02-04/287_RR220204A_851C_2008.bmp || Trajectories/2022-04-11/409_RR220411A_474C_1953.bmp,12,1.8945093942373963,,28.024818097066294,/content/quantum rheed codex/result/professor_validation/final_comparison/jobs/009_stage-final_comparison_epoch-3_seed-79_strategy-core_set_lambda-0p5_budget-100/job_state.json
79,core_set,Trajectories/2022-04-11/343_RR220411A_722C_1918.bmp || Trajectories/2022-04-11/374_RR220411A_625C_1937.bmp,16,1.8010429969751198,,38.03698137826756,/content/quantum rheed codex/result/professor_validation/final_comparison/jobs/009_stage-final_comparison_epoch-3_seed-79_strategy-core_set_lambda-0p5_budget-100/job_state.json
79,core_set,Trajectories/2022-04-11/183_RR220411A_794C_1655.bmp || Trajectories/2022-04-11/226_RR220411A_873C_1725.bmp,13,1.7965951133922646,,35.810409315988686,/content/quantum rheed codex/result/professor_validation/final_comparison/jobs/009_stage-final_comparison_epoch-3_seed-79_strategy-core_set_lambda-0p5_budget-100/job_state.json
79,core_set,Trajectories/2022-02-06/058_RR220206A_249C_1745.bmp || Trajectories/2022-04-11/178_RR220411A_774C_1649.bmp,19,1.7580629288826568,,30.8770130610916,/content/quantum rheed codex/result/professor_validation/final_comparison/jobs/009_stage-final_comparison_epoch-3_seed-79_strategy-core_set_lambda-0p5_budget-100/job_state.json
79,core_set,Trajectories/2022-02-06/241_RR220206A_692C_2157.bmp || Trajectories/2022-04-11/201_RR220411A_843C_1711-01.bmp,10,1.7150916009800392,,31.047517228794185,/content/quantum rheed codex/result/professor_validation/final_comparison/jobs/009_stage-final_comparison_epoch-3_seed-79_strategy-core_set_lambda-0p5_budget-100/job_state.json
79,core_set,Trajectories/2022-02-06/216_RR220206A_837C_2124.bmp || Trajectories/2022-04-11/419_RR220411A_415C_1957.bmp,17,1.6920454652133776,,30.434120307578386,/content/quantum rheed codex/result/professor_validation/final_comparison/jobs/009_stage-final_comparison_epoch-3_seed-79_strategy-core_set_lambda-0p5_budget-100/job_state.json
79,core_set,Trajectories/2022-02-04/021_RR220204A_981C_0126-03.bmp || Trajectories/2022-04-11/225_RR220411A_873C_1724.bmp,8,1.6901306328963923,,36.17713815378916,/content/quantum rheed codex/result/professor_validation/final_comparison/jobs/009_stage-final_comparison_epoch-3_seed-79_strategy-core_set_lambda-0p5_budget-100/job_state.json
79,core_set,Trajectories/2022-02-04/294_RR220204A_843C_2014.bmp || Trajectories/2022-02-06/140_RR220206A_993C_1941.bmp,5,1.675797486873283,,21.998158581438144,/content/quantum rheed codex/result/professor_validation/final_comparison/jobs/009_stage-final_comparison_epoch-3_seed-79_strategy-core_set_lambda-0p5_budget-100/job_state.json
79,core_set,Trajectories/2022-02-06/273_RR220206A_423C_2243.bmp || Trajectories/2022-04-11/379_RR220411A_614C_1940.bmp,11,1.6739308581193562,,33.11249998623525,/content/quantum rheed codex/result/professor_validation/final_comparison/jobs/009_stage-final_comparison_epoch-3_seed-79_strategy-core_set_lambda-0p5_budget-100/job_state.json
79,core_set,Trajectories/2022-04-11/267_RR220411A_953C_1800.bmp || Trajectories/2022-04-11/271_RR220411A_951C_1811.bmp,1,1.6506634599746253,,33.68372024162559,/content/quantum rheed codex/result/professor_validation/final_comparison/jobs/009_stage-final_comparison_epoch-3_seed-79_strategy-core_set_lambda-0p5_budget-100/job_state.json
79,core_set,Trajectories/2022-02-04/334_RR220204A_939C_2101.bmp || Trajectories/2022-04-11/386_RR220411A_580C_1943.bmp,16,1.6505840588266496,,37.754412609292764,/content/quantum rheed codex/result/professor_validation/final_comparison/jobs/009_stage-final_comparison_epoch-3_seed-79_strategy-core_set_lambda-0p5_budget-100/job_state.json
79,core_set,Trajectories/2022-02-04/192_RR220204A_607C_1831.bmp || Trajectories/2022-02-06/098_RR220206A_656C_1838.bmp,19,1.641298488721849,,32.157521572428486,/content/quantum rheed codex/result/professor_validation/final_comparison/jobs/009_stage-final_comparison_epoch-3_seed-79_strategy-core_set_lambda-0p5_budget-100/job_state.json
79,core_set,Trajectories/2022-04-11/065_RR220411A_414C_1512.bmp || Trajectories/2022-04-11/349_RR220411A_705C_1921.bmp,19,1.6156001798644912,,30.953301095178713,/content/quantum rheed codex/result/professor_validation/final_comparison/jobs/009_stage-final_comparison_epoch-3_seed-79_strategy-core_set_lambda-0p5_budget-100/job_state.json
79,core_set,Trajectories/2022-02-04/324_RR220204A_913C_2047.bmp || Trajectories/2022-04-11/057_RR220411A_389C_1506-01.bmp,10,1.5798530685195693,,31.689940572576504,/content/quantum rheed codex/result/professor_validation/final_comparison/jobs/009_stage-final_comparison_epoch-3_seed-79_strategy-core_set_lambda-0p5_budget-100/job_state.json
79,core_set,Trajectories/2022-02-06/125_RR220206A_887C_1925.bmp || Trajectories/2022-04-11/313_RR220411A_839C_1856.bmp,7,1.571998956017042,,35.725484766221705,/content/quantum rheed codex/result/professor_validation/final_comparison/jobs/009_stage-final_comparison_epoch-3_seed-79_strategy-core_set_lambda-0p5_budget-100/job_state.json
79,core_set,Trajectories/2022-02-06/265_RR220206A_498C_2232.bmp || Trajectories/2022-04-11/288_RR220411A_904C_1837.bmp,19,1.5695127793342418,,30.894415381495726,/content/quantum rheed codex/result/professor_validation/final_comparison/jobs/009_stage-final_comparison_epoch-3_seed-79_strategy-core_set_lambda-0p5_budget-100/job_state.json
79,core_set,Trajectories/2022-04-11/069_RR220411A_428C_1515.bmp || Trajectories/2022-04-11/231_RR220411A_882C_1729.bmp,10,1.5445303491220372,,32.599831966370175,/content/quantum rheed codex/result/professor_validation/final_comparison/jobs/009_stage-final_comparison_epoch-3_seed-79_strategy-core_set_lambda-0p5_budget-100/job_state.json
79,core_set,Trajectories/2022-02-04/341_RR220204A_937C_2114.bmp || Trajectories/2022-02-06/163_RR220206A_1105C_2015.bmp,15,1.5101131563844032,,26.73308096354901,/content/quantum rheed codex/result/professor_validation/final_comparison/jobs/009_stage-final_comparison_epoch-3_seed-79_strategy-core_set_lambda-0p5_budget-100/job_state.json
79,core_set,Trajectories/2022-02-04/048_RR220204A_245C_0201.bmp || Trajectories/2022-02-04/192_RR220204A_607C_1831.bmp,13,1.4518776432520966,,36.28320717488797,/content/quantum rheed codex/result/professor_validation/final_comparison/jobs/009_stage-final_comparison_epoch-3_seed-79_strategy-core_set_lambda-0p5_budget-100/job_state.json
79,core_set,Trajectories/2022-02-04/007_RR220204A_931C_0051.bmp || Trajectories/2022-04-11/291_RR220411A_888C_1840.bmp,19,1.4465148846067526,,31.717480791662602,/content/quantum rheed codex/result/professor_validation/final_comparison/jobs/009_stage-final_comparison_epoch-3_seed-79_strategy-core_set_lambda-0p5_budget-100/job_state.json
79,core_set,Trajectories/2022-04-11/047_RR220411A_350C_1454.bmp || Trajectories/2022-04-11/186_RR220411A_805C_1658.bmp,3,1.4391476263755199,,28.20844608131797,/content/quantum rheed codex/result/professor_validation/final_comparison/jobs/009_stage-final_comparison_epoch-3_seed-79_strategy-core_set_lambda-0p5_budget-100/job_state.json
79,core_set,Trajectories/2022-02-04/305_RR220204A_915C_2023.bmp || Trajectories/2022-02-04/335_RR220204A_940C_2102.bmp,0,1.4360775213178016,,25.8007487159684,/content/quantum rheed codex/result/professor_validation/final_comparison/jobs/009_stage-final_comparison_epoch-3_seed-79_strategy-core_set_lambda-0p5_budget-100/job_state.json
79,core_set,Trajectories/2022-04-11/246_RR220411A_915C_1741.bmp || Trajectories/2022-04-11/258_RR220411A_932C_1751.bmp,8,1.4339363761455268,,37.814689888806285,/content/quantum rheed codex/result/professor_validation/final_comparison/jobs/009_stage-final_comparison_epoch-3_seed-79_strategy-core_set_lambda-0p5_budget-100/job_state.json
79,core_set,Trajectories/2022-02-04/317_RR220204A_935C_2033.bmp || Trajectories/2022-02-06/250_RR220206A_621C_2212.bmp,5,1.4021251299922777,,22.183796287624144,/content/quantum rheed codex/result/professor_validation/final_comparison/jobs/009_stage-final_comparison_epoch-3_seed-79_strategy-core_set_lambda-0p5_budget-100/job_state.json
79,core_set,Trajectories/2022-02-04/124_RR220204A_444C_1748.bmp || Trajectories/2022-04-11/330_RR220411A_762C_1910.bmp,9,1.398273542416489,,39.53958934727012,/content/quantum rheed codex/result/professor_validation/final_comparison/jobs/009_stage-final_comparison_epoch-3_seed-79_strategy-core_set_lambda-0p5_budget-100/job_state.json
79,core_set,Trajectories/2022-02-04/079_RR220204A_301C_1717.bmp || Trajectories/2022-02-04/329_RR220204A_946C_2054.bmp,2,1.3811912812603104,,39.505533530820934,/content/quantum rheed codex/result/professor_validation/final_comparison/jobs/009_stage-final_comparison_epoch-3_seed-79_strategy-core_set_lambda-0p5_budget-100/job_state.json
79,core_set,Trajectories/2022-04-11/066_RR220411A_416C_1513-01.bmp || Trajectories/2022-04-11/292_RR220411A_887C_1841.bmp,19,1.3746987256212553,,29.89256112684955,/content/quantum rheed codex/result/professor_validation/final_comparison/jobs/009_stage-final_comparison_epoch-3_seed-79_strategy-core_set_lambda-0p5_budget-100/job_state.json
79,core_set,Trajectories/2022-02-06/055_RR220206A_239C_1742.bmp || Trajectories/2022-04-11/409_RR220411A_474C_1953.bmp,7,1.3683727344308614,,35.54854691607145,/content/quantum rheed codex/result/professor_validation/final_comparison/jobs/009_stage-final_comparison_epoch-3_seed-79_strategy-core_set_lambda-0p5_budget-100/job_state.json
79,core_set,Trajectories/2022-02-04/229_RR220204A_696C_1901-02.bmp || Trajectories/2022-04-11/208_RR220411A_850C_1713-02.bmp,8,1.3626090413947187,,38.32672249036274,/content/quantum rheed codex/result/professor_validation/final_comparison/jobs/009_stage-final_comparison_epoch-3_seed-79_strategy-core_set_lambda-0p5_budget-100/job_state.json
79,core_set,Trajectories/2022-02-06/048_RR220206A_175C_1736.bmp || Trajectories/2022-04-11/189_RR220411A_822C_1703.bmp,1,1.3497519047087692,,33.03763025382249,/content/quantum rheed codex/result/professor_validation/final_comparison/jobs/009_stage-final_comparison_epoch-3_seed-79_strategy-core_set_lambda-0p5_budget-100/job_state.json
79,core_set,Trajectories/2022-02-06/189_RR220206A_971C_2054-01.bmp || Trajectories/2022-04-11/286_RR220411A_906C_1837.bmp,15,1.3334853811090246,,27.472530877952057,/content/quantum rheed codex/result/professor_validation/final_comparison/jobs/009_stage-final_comparison_epoch-3_seed-79_strategy-core_set_lambda-0p5_budget-100/job_state.json
79,core_set,Trajectories/2022-02-06/124_RR220206A_894C_1924.bmp || Trajectories/2022-02-06/253_RR220206A_599C_2217.bmp,10,1.325875653094693,,31.16784867725602,/content/quantum rheed codex/result/professor_validation/final_comparison/jobs/009_stage-final_comparison_epoch-3_seed-79_strategy-core_set_lambda-0p5_budget-100/job_state.json
79,core_set,Trajectories/2022-02-06/037_RR220206A_165C_1722.bmp || Trajectories/2022-04-11/219_RR220411A_865C_1720.bmp,13,1.3202814163878482,,35.115238642918676,/content/quantum rheed codex/result/professor_validation/final_comparison/jobs/009_stage-final_comparison_epoch-3_seed-79_strategy-core_set_lambda-0p5_budget-100/job_state.json
79,core_set,Trajectories/2022-02-06/049_RR220206A_205C_1737.bmp || Trajectories/2022-04-11/356_RR220411A_685C_1925.bmp,7,1.2881641237157266,,34.42211073117963,/content/quantum rheed codex/result/professor_validation/final_comparison/jobs/009_stage-final_comparison_epoch-3_seed-79_strategy-core_set_lambda-0p5_budget-100/job_state.json
79,core_set,Trajectories/2022-02-06/097_RR220206A_654C_1837.bmp || Trajectories/2022-04-11/067_RR220411A_416C_1513-02.bmp,14,1.28677726118947,,24.68389989937625,/content/quantum rheed codex/result/professor_validation/final_comparison/jobs/009_stage-final_comparison_epoch-3_seed-79_strategy-core_set_lambda-0p5_budget-100/job_state.json
79,core_set,Trajectories/2022-02-04/221_RR220204A_666C_1854.bmp || Trajectories/2022-02-04/339_RR220204A_938C_2110.bmp,13,1.2494313424672667,,36.21170195925034,/content/quantum rheed codex/result/professor_validation/final_comparison/jobs/009_stage-final_comparison_epoch-3_seed-79_strategy-core_set_lambda-0p5_budget-100/job_state.json
79,core_set,Trajectories/2022-02-04/338_RR220204A_940C_2108.bmp || Trajectories/2022-04-11/354_RR220411A_693C_1924.bmp,7,1.2202541271607108,,35.827902483057116,/content/quantum rheed codex/result/professor_validation/final_comparison/jobs/009_stage-final_comparison_epoch-3_seed-79_strategy-core_set_lambda-0p5_budget-100/job_state.json
79,core_set,Trajectories/2022-02-04/103_RR220204A_408C_1733.bmp || Trajectories/2022-02-04/346_RR220204A_957C_2123.bmp,1,1.207531798377707,,34.43018635461667,/content/quantum rheed codex/result/professor_validation/final_comparison/jobs/009_stage-final_comparison_epoch-3_seed-79_strategy-core_set_lambda-0p5_budget-100/job_state.json
79,core_set,Trajectories/2022-02-04/385_RR220204A_939C_2340.bmp || Trajectories/2022-04-11/237_RR220411A_901C_1735.bmp,8,1.2046801263497582,,37.697233967801935,/content/quantum rheed codex/result/professor_validation/final_comparison/jobs/009_stage-final_comparison_epoch-3_seed-79_strategy-core_set_lambda-0p5_budget-100/job_state.json
79,core_set,Trajectories/2022-02-04/034_RR220204A_655C_0142.bmp || Trajectories/2022-02-06/272_RR220206A_424C_2242.bmp,10,1.2023536813913738,,32.63216140109917,/content/quantum rheed codex/result/professor_validation/final_comparison/jobs/009_stage-final_comparison_epoch-3_seed-79_strategy-core_set_lambda-0p5_budget-100/job_state.json
79,core_set,Trajectories/2022-02-04/219_RR220204A_668C_1852.bmp || Trajectories/2022-02-06/191_RR220206A_960C_2056.bmp,3,1.2012396983303282,,29.38511046775875,/content/quantum rheed codex/result/professor_validation/final_comparison/jobs/009_stage-final_comparison_epoch-3_seed-79_strategy-core_set_lambda-0p5_budget-100/job_state.json
79,core_set,Trajectories/2022-04-11/203_RR220411A_843C_1711-03.bmp || Trajectories/2022-04-11/284_RR220411A_912C_1835.bmp,8,1.1965056665957536,,36.624455106784325,/content/quantum rheed codex/result/professor_validation/final_comparison/jobs/009_stage-final_comparison_epoch-3_seed-79_strategy-core_set_lambda-0p5_budget-100/job_state.json
79,core_set,Trajectories/2022-02-04/194_RR220204A_610C_1832.bmp || Trajectories/2022-02-06/119_RR220206A_871C_1918.bmp,8,1.1907527819903467,,36.936491958450496,/content/quantum rheed codex/result/professor_validation/final_comparison/jobs/009_stage-final_comparison_epoch-3_seed-79_strategy-core_set_lambda-0p5_budget-100/job_state.json
79,core_set,Trajectories/2022-02-06/132_RR220206A_959C_1932.bmp || Trajectories/2022-04-11/417_RR220411A_427C_1956.bmp,7,1.1899305210074704,,35.557758592243836,/content/quantum rheed codex/result/professor_validation/final_comparison/jobs/009_stage-final_comparison_epoch-3_seed-79_strategy-core_set_lambda-0p5_budget-100/job_state.json
79,core_set,Trajectories/2022-04-11/036_RR220411A_313C_1443.bmp || Trajectories/2022-04-11/072_RR220411A_429C_1516.bmp,4,1.1599860529276114,,24.618024263389643,/content/quantum rheed codex/result/professor_validation/final_comparison/jobs/009_stage-final_comparison_epoch-3_seed-79_strategy-core_set_lambda-0p5_budget-100/job_state.json
79,core_set,Trajectories/2022-02-04/003_RR220204A_932C_0017.bmp || Trajectories/2022-04-11/439_RR220411A_330C_2005.bmp,7,1.1560035265441366,,35.98050812269098,/content/quantum rheed codex/result/professor_validation/final_comparison/jobs/009_stage-final_comparison_epoch-3_seed-79_strategy-core_set_lambda-0p5_budget-100/job_state.json
79,core_set,Trajectories/2022-02-04/037_RR220204A_579C_0146.bmp || Trajectories/2022-02-04/074_RR220204A_297C_1711.bmp,2,1.1552807988658365,,38.970661602414594,/content/quantum rheed codex/result/professor_validation/final_comparison/jobs/009_stage-final_comparison_epoch-3_seed-79_strategy-core_set_lambda-0p5_budget-100/job_state.json
79,core_set,Trajectories/2022-02-04/029_RR220204A_808C_0135.bmp || Trajectories/2022-02-04/242_RR220204A_720C_1911.bmp,13,1.1370248286762954,,35.99059954022967,/content/quantum rheed codex/result/professor_validation/final_comparison/jobs/009_stage-final_comparison_epoch-3_seed-79_strategy-core_set_lambda-0p5_budget-100/job_state.json
79,core_set,Trajectories/2022-02-04/184_RR220204A_576C_1826.bmp || Trajectories/2022-04-11/147_RR220411A_671C_1617.bmp,13,1.124359305122099,,35.242739798215666,/content/quantum rheed codex/result/professor_validation/final_comparison/jobs/009_stage-final_comparison_epoch-3_seed-79_strategy-core_set_lambda-0p5_budget-100/job_state.json
79,core_set,Trajectories/2022-02-06/213_RR220206A_849C_2121.bmp || Trajectories/2022-04-11/104_RR220411A_501C_1540.bmp,4,1.075256701013747,,25.000893424278736,/content/quantum rheed codex/result/professor_validation/final_comparison/jobs/009_stage-final_comparison_epoch-3_seed-79_strategy-core_set_lambda-0p5_budget-100/job_state.json
79,core_set,Trajectories/2022-04-11/138_RR220411A_635C_1610.bmp || Trajectories/2022-04-11/186_RR220411A_805C_1658.bmp,19,1.063666352306818,,31.191436306317193,/content/quantum rheed codex/result/professor_validation/final_comparison/jobs/009_stage-final_comparison_epoch-3_seed-79_strategy-core_set_lambda-0p5_budget-100/job_state.json
79,core_set,Trajectories/2022-02-04/215_RR220204A_669C_1848.bmp || Trajectories/2022-04-11/120_RR220411A_555C_1553.bmp,1,1.061518874064747,,33.98904989999726,/content/quantum rheed codex/result/professor_validation/final_comparison/jobs/009_stage-final_comparison_epoch-3_seed-79_strategy-core_set_lambda-0p5_budget-100/job_state.json
79,core_set,Trajectories/2022-02-06/180_RR220206A_1031C_2041.bmp || Trajectories/2022-04-11/277_RR220411A_936C_1828.bmp,15,1.0364912661834158,,26.87188053920909,/content/quantum rheed codex/result/professor_validation/final_comparison/jobs/009_stage-final_comparison_epoch-3_seed-79_strategy-core_set_lambda-0p5_budget-100/job_state.json
79,core_set,Trajectories/2022-02-06/080_RR220206A_490C_1816.bmp || Trajectories/2022-04-11/234_RR220411A_888C_1732.bmp,1,1.0094301967874797,,34.323154231062645,/content/quantum rheed codex/result/professor_validation/final_comparison/jobs/009_stage-final_comparison_epoch-3_seed-79_strategy-core_set_lambda-0p5_budget-100/job_state.json
79,core_set,Trajectories/2022-02-06/141_RR220206A_995C_1942.bmp || Trajectories/2022-04-11/129_RR220411A_590C_1601.bmp,15,1.00725491452278,,27.65282999335164,/content/quantum rheed codex/result/professor_validation/final_comparison/jobs/009_stage-final_comparison_epoch-3_seed-79_strategy-core_set_lambda-0p5_budget-100/job_state.json
79,core_set,Trajectories/2022-02-04/001_RR220204A_933C_0006.bmp || Trajectories/2022-02-06/230_RR220206A_767C_2143.bmp,3,0.9884220988337661,,27.70948684430625,/content/quantum rheed codex/result/professor_validation/final_comparison/jobs/009_stage-final_comparison_epoch-3_seed-79_strategy-core_set_lambda-0p5_budget-100/job_state.json
79,core_set,Trajectories/2022-02-06/102_RR220206A_698C_1845.bmp || Trajectories/2022-04-11/183_RR220411A_794C_1655.bmp,15,0.9761752917880621,,27.591674354478272,/content/quantum rheed codex/result/professor_validation/final_comparison/jobs/009_stage-final_comparison_epoch-3_seed-79_strategy-core_set_lambda-0p5_budget-100/job_state.json
79,core_set,Trajectories/2022-02-04/241_RR220204A_736C_1911.bmp || Trajectories/2022-04-11/064_RR220411A_413C_1511.bmp,3,0.9554379857288449,,29.205082170421516,/content/quantum rheed codex/result/professor_validation/final_comparison/jobs/009_stage-final_comparison_epoch-3_seed-79_strategy-core_set_lambda-0p5_budget-100/job_state.json
79,core_set,Trajectories/2022-02-04/020_RR220204A_981C_0126-02.bmp || Trajectories/2022-04-11/088_RR220411A_459C_1527.bmp,3,0.9240581849893088,,29.183758322987853,/content/quantum rheed codex/result/professor_validation/final_comparison/jobs/009_stage-final_comparison_epoch-3_seed-79_strategy-core_set_lambda-0p5_budget-100/job_state.json
79,core_set,Trajectories/2022-02-04/221_RR220204A_666C_1854.bmp || Trajectories/2022-04-11/358_RR220411A_677C_1926.bmp,16,0.9113616172452422,,38.0896977771878,/content/quantum rheed codex/result/professor_validation/final_comparison/jobs/009_stage-final_comparison_epoch-3_seed-79_strategy-core_set_lambda-0p5_budget-100/job_state.json
79,core_set,Trajectories/2022-02-06/206_RR220206A_875C_2113.bmp || Trajectories/2022-04-11/338_RR220411A_734C_1915.bmp,6,0.8946722112634129,,28.87442508273882,/content/quantum rheed codex/result/professor_validation/final_comparison/jobs/009_stage-final_comparison_epoch-3_seed-79_strategy-core_set_lambda-0p5_budget-100/job_state.json
79,core_set,Trajectories/2022-02-04/148_RR220204A_480C_1804.bmp || Trajectories/2022-04-11/313_RR220411A_839C_1856.bmp,16,0.8937151832938977,,39.04821246090542,/content/quantum rheed codex/result/professor_validation/final_comparison/jobs/009_stage-final_comparison_epoch-3_seed-79_strategy-core_set_lambda-0p5_budget-100/job_state.json
79,core_set,Trajectories/2022-02-04/195_RR220204A_611C_1832.bmp || Trajectories/2022-02-04/320_RR220204A_915C_2039.bmp,2,0.8866666265243198,,40.605724180113775,/content/quantum rheed codex/result/professor_validation/final_comparison/jobs/009_stage-final_comparison_epoch-3_seed-79_strategy-core_set_lambda-0p5_budget-100/job_state.json
79,core_set,Trajectories/2022-04-11/323_RR220411A_816C_1903.bmp || Trajectories/2022-04-11/366_RR220411A_654C_1930.bmp,16,0.8688086469574284,,37.4689035897242,/content/quantum rheed codex/result/professor_validation/final_comparison/jobs/009_stage-final_comparison_epoch-3_seed-79_strategy-core_set_lambda-0p5_budget-100/job_state.json
79,core_set,Trajectories/2022-02-04/379_RR220204A_937C_2315.bmp || Trajectories/2022-02-06/257_RR220206A_581C_2222.bmp,10,0.8481626819458087,,31.951052715988265,/content/quantum rheed codex/result/professor_validation/final_comparison/jobs/009_stage-final_comparison_epoch-3_seed-79_strategy-core_set_lambda-0p5_budget-100/job_state.json
79,core_set,Trajectories/2022-02-04/181_RR220204A_572C_1825.bmp || Trajectories/2022-04-11/437_RR220411A_345C_2004.bmp,9,0.8300206067793382,,40.6726482998663,/content/quantum rheed codex/result/professor_validation/final_comparison/jobs/009_stage-final_comparison_epoch-3_seed-79_strategy-core_set_lambda-0p5_budget-100/job_state.json
79,core_set,Trajectories/2022-02-04/152_RR220204A_488C_1805-02.bmp || Trajectories/2022-04-11/173_RR220411A_755C_1643.bmp,13,0.8148618209949967,,35.85462865955078,/content/quantum rheed codex/result/professor_validation/final_comparison/jobs/009_stage-final_comparison_epoch-3_seed-79_strategy-core_set_lambda-0p5_budget-100/job_state.json
79,core_set,Trajectories/2022-02-04/385_RR220204A_939C_2340.bmp || Trajectories/2022-02-06/171_RR220206A_1085C_2027.bmp,3,0.7583140354955741,,28.206300653693237,/content/quantum rheed codex/result/professor_validation/final_comparison/jobs/009_stage-final_comparison_epoch-3_seed-79_strategy-core_set_lambda-0p5_budget-100/job_state.json
79,core_set,Trajectories/2022-04-11/001_RR220411A_180C_1417-01.bmp || Trajectories/2022-04-11/321_RR220411A_823C_1901.bmp,6,0.753694511393389,,29.167836998411584,/content/quantum rheed codex/result/professor_validation/final_comparison/jobs/009_stage-final_comparison_epoch-3_seed-79_strategy-core_set_lambda-0p5_budget-100/job_state.json
79,core_set,Trajectories/2022-02-06/163_RR220206A_1105C_2015.bmp || Trajectories/2022-04-11/417_RR220411A_427C_1956.bmp,17,0.7444155687684254,,30.38633973187016,/content/quantum rheed codex/result/professor_validation/final_comparison/jobs/009_stage-final_comparison_epoch-3_seed-79_strategy-core_set_lambda-0p5_budget-100/job_state.json
79,core_set,Trajectories/2022-02-04/147_RR220204A_486C_1804.bmp || Trajectories/2022-04-11/363_RR220411A_661C_1929.bmp,9,0.7106262748750439,,40.048199729888005,/content/quantum rheed codex/result/professor_validation/final_comparison/jobs/009_stage-final_comparison_epoch-3_seed-79_strategy-core_set_lambda-0p5_budget-100/job_state.json
79,core_set,Trajectories/2022-02-04/069_RR220204A_293C_1706.bmp || Trajectories/2022-02-06/147_RR220206A_1024C_1953.bmp,10,0.7056814072123789,,32.10110232320568,/content/quantum rheed codex/result/professor_validation/final_comparison/jobs/009_stage-final_comparison_epoch-3_seed-79_strategy-core_set_lambda-0p5_budget-100/job_state.json
79,core_set,Trajectories/2022-02-06/129_RR220206A_912C_1929.bmp || Trajectories/2022-04-11/217_RR220411A_857C_1718.bmp,8,0.6974290382638679,,37.361075895211066,/content/quantum rheed codex/result/professor_validation/final_comparison/jobs/009_stage-final_comparison_epoch-3_seed-79_strategy-core_set_lambda-0p5_budget-100/job_state.json
79,core_set,Trajectories/2022-02-06/036_RR220206A_165C_1721.bmp || Trajectories/2022-04-11/370_RR220411A_640C_1934.bmp,11,0.6812125966614807,,34.077392713953564,/content/quantum rheed codex/result/professor_validation/final_comparison/jobs/009_stage-final_comparison_epoch-3_seed-79_strategy-core_set_lambda-0p5_budget-100/job_state.json
79,core_set,Trajectories/2022-04-11/100_RR220411A_492C_1537.bmp || Trajectories/2022-04-11/363_RR220411A_661C_1929.bmp,11,0.6677314187636298,,33.023940148254674,/content/quantum rheed codex/result/professor_validation/final_comparison/jobs/009_stage-final_comparison_epoch-3_seed-79_strategy-core_set_lambda-0p5_budget-100/job_state.json
79,core_set,Trajectories/2022-02-06/203_RR220206A_876C_2110-01.bmp || Trajectories/2022-04-11/394_RR220411A_546C_1946.bmp,17,0.6236081762057576,,29.98618101364171,/content/quantum rheed codex/result/professor_validation/final_comparison/jobs/009_stage-final_comparison_epoch-3_seed-79_strategy-core_set_lambda-0p5_budget-100/job_state.json
79,core_set,Trajectories/2022-02-04/206_RR220204A_641C_1841.bmp || Trajectories/2022-02-06/187_RR220206A_985C_2051.bmp,3,0.6037743044788222,,29.878505594221906,/content/quantum rheed codex/result/professor_validation/final_comparison/jobs/009_stage-final_comparison_epoch-3_seed-79_strategy-core_set_lambda-0p5_budget-100/job_state.json
79,core_set,Trajectories/2022-02-06/194_RR220206A_962C_2059.bmp || Trajectories/2022-04-11/293_RR220411A_882C_1842.bmp,6,0.5730775930238879,,27.8969123073183,/content/quantum rheed codex/result/professor_validation/final_comparison/jobs/009_stage-final_comparison_epoch-3_seed-79_strategy-core_set_lambda-0p5_budget-100/job_state.json
79,core_set,Trajectories/2022-02-04/115_RR220204A_441C_1738.bmp || Trajectories/2022-02-06/152_RR220206A_1077C_2001-02.bmp,10,0.5398758254386009,,31.717055837364345,/content/quantum rheed codex/result/professor_validation/final_comparison/jobs/009_stage-final_comparison_epoch-3_seed-79_strategy-core_set_lambda-0p5_budget-100/job_state.json
79,core_set,Trajectories/2022-02-06/234_RR220206A_738C_2148.bmp || Trajectories/2022-04-11/375_RR220411A_617C_1938.bmp,17,0.5305070500599466,,30.40798287927579,/content/quantum rheed codex/result/professor_validation/final_comparison/jobs/009_stage-final_comparison_epoch-3_seed-79_strategy-core_set_lambda-0p5_budget-100/job_state.json
79,core_set,Trajectories/2022-02-06/095_RR220206A_614C_1835.bmp || Trajectories/2022-02-06/195_RR220206A_944C_2101.bmp,18,0.5252075832833071,,22.84843494560029,/content/quantum rheed codex/result/professor_validation/final_comparison/jobs/009_stage-final_comparison_epoch-3_seed-79_strategy-core_set_lambda-0p5_budget-100/job_state.json
79,core_set,Trajectories/2022-02-04/129_RR220204A_465C_1753.bmp || Trajectories/2022-04-11/243_RR220411A_909C_1739.bmp,2,0.517388815813701,,40.732213496906645,/content/quantum rheed codex/result/professor_validation/final_comparison/jobs/009_stage-final_comparison_epoch-3_seed-79_strategy-core_set_lambda-0p5_budget-100/job_state.json
42,uncertainty,Trajectories/2022-02-04/160_RR220204A_501C_1809-02.bmp || Trajectories/2022-02-04/161_RR220204A_504C_1810.bmp,1,,0.6931449770927429,26.235935380005806,/content/quantum rheed codex/result/professor_validation/final_comparison/jobs/001_stage-final_comparison_epoch-3_seed-42_strategy-uncertainty_lambda-0p5_budget-100/job_state.json
42,uncertainty,Trajectories/2022-02-04/085_RR220204A_378C_1720.bmp || Trajectories/2022-02-04/134_RR220204A_467C_1754-02.bmp,1,,0.6931449174880981,26.930232687290747,/content/quantum rheed codex/result/professor_validation/final_comparison/jobs/001_stage-final_comparison_epoch-3_seed-42_strategy-uncertainty_lambda-0p5_budget-100/job_state.json
42,uncertainty,Trajectories/2022-02-04/076_RR220204A_299C_1713.bmp || Trajectories/2022-02-04/080_RR220204A_301C_1718.bmp,1,,0.6931349039077759,27.045370372112515,/content/quantum rheed codex/result/professor_validation/final_comparison/jobs/001_stage-final_comparison_epoch-3_seed-42_strategy-uncertainty_lambda-0p5_budget-100/job_state.json
42,uncertainty,Trajectories/2022-04-11/246_RR220411A_915C_1741.bmp || Trajectories/2022-04-11/258_RR220411A_932C_1751.bmp,18,,0.6929470300674438,24.548024683414457,/content/quantum rheed codex/result/professor_validation/final_comparison/jobs/001_stage-final_comparison_epoch-3_seed-42_strategy-uncertainty_lambda-0p5_budget-100/job_state.json
42,uncertainty,Trajectories/2022-04-11/343_RR220411A_722C_1918.bmp || Trajectories/2022-04-11/374_RR220411A_625C_1937.bmp,5,,0.6929072737693787,24.367209088244877,/content/quantum rheed codex/result/professor_validation/final_comparison/jobs/001_stage-final_comparison_epoch-3_seed-42_strategy-uncertainty_lambda-0p5_budget-100/job_state.json
42,uncertainty,Trajectories/2022-04-11/320_RR220411A_824C_1901.bmp || Trajectories/2022-04-11/332_RR220411A_756C_1911.bmp,12,,0.6926867961883545,24.31345657144823,/content/quantum rheed codex/result/professor_validation/final_comparison/jobs/001_stage-final_comparison_epoch-3_seed-42_strategy-uncertainty_lambda-0p5_budget-100/job_state.json
42,uncertainty,Trajectories/2022-04-11/111_RR220411A_536C_1546.bmp || Trajectories/2022-04-11/175_RR220411A_765C_1645.bmp,0,,0.6926507353782654,21.82765942522444,/content/quantum rheed codex/result/professor_validation/final_comparison/jobs/001_stage-final_comparison_epoch-3_seed-42_strategy-uncertainty_lambda-0p5_budget-100/job_state.json
42,uncertainty,Trajectories/2022-02-04/194_RR220204A_610C_1832.bmp || Trajectories/2022-02-06/119_RR220206A_871C_1918.bmp,6,,0.6926506757736206,24.256007349974343,/content/quantum rheed codex/result/professor_validation/final_comparison/jobs/001_stage-final_comparison_epoch-3_seed-42_strategy-uncertainty_lambda-0p5_budget-100/job_state.json
42,uncertainty,Trajectories/2022-04-11/238_RR220411A_905C_1736.bmp || Trajectories/2022-04-11/319_RR220411A_828C_1900.bmp,1,,0.6926150321960449,24.691383813855563,/content/quantum rheed codex/result/professor_validation/final_comparison/jobs/001_stage-final_comparison_epoch-3_seed-42_strategy-uncertainty_lambda-0p5_budget-100/job_state.json
42,uncertainty,Trajectories/2022-02-04/148_RR220204A_480C_1804.bmp || Trajectories/2022-04-11/313_RR220411A_839C_1856.bmp,1,,0.6925778985023499,25.409224945048628,/content/quantum rheed codex/result/professor_validation/final_comparison/jobs/001_stage-final_comparison_epoch-3_seed-42_strategy-uncertainty_lambda-0p5_budget-100/job_state.json
42,uncertainty,Trajectories/2022-02-04/124_RR220204A_444C_1748.bmp || Trajectories/2022-04-11/330_RR220411A_762C_1910.bmp,12,,0.6925504803657532,25.74524134773142,/content/quantum rheed codex/result/professor_validation/final_comparison/jobs/001_stage-final_comparison_epoch-3_seed-42_strategy-uncertainty_lambda-0p5_budget-100/job_state.json
42,uncertainty,Trajectories/2022-04-11/227_RR220411A_877C_1726.bmp || Trajectories/2022-04-11/323_RR220411A_816C_1903.bmp,1,,0.6924399733543396,24.878343381267594,/content/quantum rheed codex/result/professor_validation/final_comparison/jobs/001_stage-final_comparison_epoch-3_seed-42_strategy-uncertainty_lambda-0p5_budget-100/job_state.json
42,uncertainty,Trajectories/2022-04-11/397_RR220411A_528C_1948.bmp || Trajectories/2022-04-11/443_RR220411A_303C_2007.bmp,5,,0.6923730969429016,24.564902413034304,/content/quantum rheed codex/result/professor_validation/final_comparison/jobs/001_stage-final_comparison_epoch-3_seed-42_strategy-uncertainty_lambda-0p5_budget-100/job_state.json
42,uncertainty,Trajectories/2022-02-06/090_RR220206A_568C_1828.bmp || Trajectories/2022-04-11/149_RR220411A_676C_1619.bmp,0,,0.6922594308853149,22.36463768626028,/content/quantum rheed codex/result/professor_validation/final_comparison/jobs/001_stage-final_comparison_epoch-3_seed-42_strategy-uncertainty_lambda-0p5_budget-100/job_state.json
42,uncertainty,Trajectories/2022-02-04/266_RR220204A_783C_1938.bmp || Trajectories/2022-02-04/356_RR220204A_949C_2144.bmp,15,,0.6921690106391907,27.13815947703496,/content/quantum rheed codex/result/professor_validation/final_comparison/jobs/001_stage-final_comparison_epoch-3_seed-42_strategy-uncertainty_lambda-0p5_budget-100/job_state.json
42,uncertainty,Trajectories/2022-04-11/323_RR220411A_816C_1903.bmp || Trajectories/2022-04-11/366_RR220411A_654C_1930.bmp,12,,0.6919394731521606,24.376322043453303,/content/quantum rheed codex/result/professor_validation/final_comparison/jobs/001_stage-final_comparison_epoch-3_seed-42_strategy-uncertainty_lambda-0p5_budget-100/job_state.json
42,uncertainty,Trajectories/2022-02-04/139_RR220204A_470C_1758.bmp || Trajectories/2022-04-11/372_RR220411A_636C_1935.bmp,12,,0.6917364001274109,25.409035404670888,/content/quantum rheed codex/result/professor_validation/final_comparison/jobs/001_stage-final_comparison_epoch-3_seed-42_strategy-uncertainty_lambda-0p5_budget-100/job_state.json
42,uncertainty,Trajectories/2022-02-04/097_RR220204A_405C_1727.bmp || Trajectories/2022-04-11/383_RR220411A_597C_1941.bmp,12,,0.6915292143821716,25.446279072733564,/content/quantum rheed codex/result/professor_validation/final_comparison/jobs/001_stage-final_comparison_epoch-3_seed-42_strategy-uncertainty_lambda-0p5_budget-100/job_state.json
42,uncertainty,Trajectories/2022-02-06/048_RR220206A_175C_1736.bmp || Trajectories/2022-04-11/189_RR220411A_822C_1703.bmp,6,,0.6912764310836792,23.26040868709185,/content/quantum rheed codex/result/professor_validation/final_comparison/jobs/001_stage-final_comparison_epoch-3_seed-42_strategy-uncertainty_lambda-0p5_budget-100/job_state.json
42,uncertainty,Trajectories/2022-02-06/037_RR220206A_165C_1722.bmp || Trajectories/2022-04-11/219_RR220411A_865C_1720.bmp,6,,0.6905664801597595,23.68822397759296,/content/quantum rheed codex/result/professor_validation/final_comparison/jobs/001_stage-final_comparison_epoch-3_seed-42_strategy-uncertainty_lambda-0p5_budget-100/job_state.json
42,uncertainty,Trajectories/2022-02-04/385_RR220204A_939C_2340.bmp || Trajectories/2022-02-06/171_RR220206A_1085C_2027.bmp,13,,0.690349280834198,21.713980387453024,/content/quantum rheed codex/result/professor_validation/final_comparison/jobs/001_stage-final_comparison_epoch-3_seed-42_strategy-uncertainty_lambda-0p5_budget-100/job_state.json
42,uncertainty,Trajectories/2022-02-04/117_RR220204A_445C_1740.bmp || Trajectories/2022-02-06/123_RR220206A_894C_1923.bmp,1,,0.6898975372314453,26.59835915073484,/content/quantum rheed codex/result/professor_validation/final_comparison/jobs/001_stage-final_comparison_epoch-3_seed-42_strategy-uncertainty_lambda-0p5_budget-100/job_state.json
42,uncertainty,Trajectories/2022-02-04/126_RR220204A_443C_1750.bmp || Trajectories/2022-04-11/213_RR220411A_857C_1715.bmp,1,,0.6896770596504211,25.9594617839541,/content/quantum rheed codex/result/professor_validation/final_comparison/jobs/001_stage-final_comparison_epoch-3_seed-42_strategy-uncertainty_lambda-0p5_budget-100/job_state.json
42,uncertainty,Trajectories/2022-02-06/129_RR220206A_912C_1929.bmp || Trajectories/2022-04-11/217_RR220411A_857C_1718.bmp,18,,0.6894927024841309,24.972182421652967,/content/quantum rheed codex/result/professor_validation/final_comparison/jobs/001_stage-final_comparison_epoch-3_seed-42_strategy-uncertainty_lambda-0p5_budget-100/job_state.json
42,uncertainty,Trajectories/2022-04-11/036_RR220411A_313C_1443.bmp || Trajectories/2022-04-11/072_RR220411A_429C_1516.bmp,9,,0.6893340349197388,23.407529868236363,/content/quantum rheed codex/result/professor_validation/final_comparison/jobs/001_stage-final_comparison_epoch-3_seed-42_strategy-uncertainty_lambda-0p5_budget-100/job_state.json
42,uncertainty,Trajectories/2022-02-04/131_RR220204A_466C_1754.bmp || Trajectories/2022-04-11/204_RR220411A_851C_1712.bmp,1,,0.6889158487319946,25.8703051242687,/content/quantum rheed codex/result/professor_validation/final_comparison/jobs/001_stage-final_comparison_epoch-3_seed-42_strategy-uncertainty_lambda-0p5_budget-100/job_state.json
42,uncertainty,Trajectories/2022-02-06/102_RR220206A_698C_1845.bmp || Trajectories/2022-04-11/183_RR220411A_794C_1655.bmp,0,,0.6886780858039856,22.85030612688132,/content/quantum rheed codex/result/professor_validation/final_comparison/jobs/001_stage-final_comparison_epoch-3_seed-42_strategy-uncertainty_lambda-0p5_budget-100/job_state.json
42,uncertainty,Trajectories/2022-02-04/309_RR220204A_911C_2027.bmp || Trajectories/2022-02-04/361_RR220204A_947C_2156.bmp,15,,0.6886054873466492,26.30930194627494,/content/quantum rheed codex/result/professor_validation/final_comparison/jobs/001_stage-final_comparison_epoch-3_seed-42_strategy-uncertainty_lambda-0p5_budget-100/job_state.json
42,uncertainty,Trajectories/2022-02-04/034_RR220204A_655C_0142.bmp || Trajectories/2022-02-06/272_RR220206A_424C_2242.bmp,7,,0.6881579160690308,21.515952441793956,/content/quantum rheed codex/result/professor_validation/final_comparison/jobs/001_stage-final_comparison_epoch-3_seed-42_strategy-uncertainty_lambda-0p5_budget-100/job_state.json
42,uncertainty,Trajectories/2022-02-04/019_RR220204A_981C_0126-01.bmp || Trajectories/2022-04-11/035_RR220411A_314C_1442.bmp,9,,0.6880951523780823,22.977106697218982,/content/quantum rheed codex/result/professor_validation/final_comparison/jobs/001_stage-final_comparison_epoch-3_seed-42_strategy-uncertainty_lambda-0p5_budget-100/job_state.json
42,uncertainty,Trajectories/2022-02-06/095_RR220206A_614C_1835.bmp || Trajectories/2022-02-06/247_RR220206A_657C_2207.bmp,8,,0.6876974105834961,22.77326985830725,/content/quantum rheed codex/result/professor_validation/final_comparison/jobs/001_stage-final_comparison_epoch-3_seed-42_strategy-uncertainty_lambda-0p5_budget-100/job_state.json
42,uncertainty,Trajectories/2022-04-11/138_RR220411A_635C_1610.bmp || Trajectories/2022-04-11/186_RR220411A_805C_1658.bmp,0,,0.6876935958862305,22.288611671364645,/content/quantum rheed codex/result/professor_validation/final_comparison/jobs/001_stage-final_comparison_epoch-3_seed-42_strategy-uncertainty_lambda-0p5_budget-100/job_state.json
42,uncertainty,Trajectories/2022-02-04/341_RR220204A_937C_2114.bmp || Trajectories/2022-02-06/163_RR220206A_1105C_2015.bmp,9,,0.687511682510376,22.26163092309438,/content/quantum rheed codex/result/professor_validation/final_comparison/jobs/001_stage-final_comparison_epoch-3_seed-42_strategy-uncertainty_lambda-0p5_budget-100/job_state.json
42,uncertainty,Trajectories/2022-02-06/104_RR220206A_734C_1847.bmp || Trajectories/2022-02-06/207_RR220206A_875C_2114.bmp,8,,0.6873448491096497,23.382642579240215,/content/quantum rheed codex/result/professor_validation/final_comparison/jobs/001_stage-final_comparison_epoch-3_seed-42_strategy-uncertainty_lambda-0p5_budget-100/job_state.json
42,uncertainty,Trajectories/2022-02-04/219_RR220204A_668C_1852.bmp || Trajectories/2022-02-06/191_RR220206A_960C_2056.bmp,13,,0.6866176724433899,22.24439657881138,/content/quantum rheed codex/result/professor_validation/final_comparison/jobs/001_stage-final_comparison_epoch-3_seed-42_strategy-uncertainty_lambda-0p5_budget-100/job_state.json
42,uncertainty,Trajectories/2022-02-04/378_RR220204A_938C_2312.bmp || Trajectories/2022-02-06/229_RR220206A_766C_2141.bmp,13,,0.6863523721694946,22.206620723382496,/content/quantum rheed codex/result/professor_validation/final_comparison/jobs/001_stage-final_comparison_epoch-3_seed-42_strategy-uncertainty_lambda-0p5_budget-100/job_state.json
42,uncertainty,Trajectories/2022-02-04/013_RR220204A_949C_0119.bmp || Trajectories/2022-02-06/077_RR220206A_461C_1813.bmp,4,,0.6853818297386169,21.312522082798882,/content/quantum rheed codex/result/professor_validation/final_comparison/jobs/001_stage-final_comparison_epoch-3_seed-42_strategy-uncertainty_lambda-0p5_budget-100/job_state.json
42,uncertainty,Trajectories/2022-02-06/049_RR220206A_205C_1737.bmp || Trajectories/2022-04-11/356_RR220411A_685C_1925.bmp,12,,0.685172438621521,23.414565795258188,/content/quantum rheed codex/result/professor_validation/final_comparison/jobs/001_stage-final_comparison_epoch-3_seed-42_strategy-uncertainty_lambda-0p5_budget-100/job_state.json
42,uncertainty,Trajectories/2022-02-06/215_RR220206A_835C_2123.bmp || Trajectories/2022-04-11/140_RR220411A_647C_1612.bmp,8,,0.6849180459976196,22.492506553434566,/content/quantum rheed codex/result/professor_validation/final_comparison/jobs/001_stage-final_comparison_epoch-3_seed-42_strategy-uncertainty_lambda-0p5_budget-100/job_state.json
42,uncertainty,Trajectories/2022-02-04/296_RR220204A_869C_2015.bmp || Trajectories/2022-04-11/009_RR220411A_206C_1423.bmp,2,,0.6841011643409729,25.101487844771786,/content/quantum rheed codex/result/professor_validation/final_comparison/jobs/001_stage-final_comparison_epoch-3_seed-42_strategy-uncertainty_lambda-0p5_budget-100/job_state.json
42,uncertainty,Trajectories/2022-02-06/163_RR220206A_1105C_2015.bmp || Trajectories/2022-02-06/249_RR220206A_638C_2210.bmp,13,,0.6836246848106384,22.862240770335855,/content/quantum rheed codex/result/professor_validation/final_comparison/jobs/001_stage-final_comparison_epoch-3_seed-42_strategy-uncertainty_lambda-0p5_budget-100/job_state.json
42,uncertainty,Trajectories/2022-02-04/221_RR220204A_666C_1854.bmp || Trajectories/2022-02-04/339_RR220204A_938C_2110.bmp,4,,0.6823691725730896,20.88319920768229,/content/quantum rheed codex/result/professor_validation/final_comparison/jobs/001_stage-final_comparison_epoch-3_seed-42_strategy-uncertainty_lambda-0p5_budget-100/job_state.json
42,uncertainty,Trajectories/2022-02-06/265_RR220206A_498C_2232.bmp || Trajectories/2022-04-11/288_RR220411A_904C_1837.bmp,3,,0.6812180876731873,23.403042971487757,/content/quantum rheed codex/result/professor_validation/final_comparison/jobs/001_stage-final_comparison_epoch-3_seed-42_strategy-uncertainty_lambda-0p5_budget-100/job_state.json
42,uncertainty,Trajectories/2022-02-06/273_RR220206A_423C_2243.bmp || Trajectories/2022-04-11/093_RR220411A_482C_1531.bmp,8,,0.680992066860199,21.98390388369229,/content/quantum rheed codex/result/professor_validation/final_comparison/jobs/001_stage-final_comparison_epoch-3_seed-42_strategy-uncertainty_lambda-0p5_budget-100/job_state.json
42,uncertainty,Trajectories/2022-02-06/058_RR220206A_249C_1745.bmp || Trajectories/2022-04-11/178_RR220411A_774C_1649.bmp,6,,0.6800381541252136,22.53544162696559,/content/quantum rheed codex/result/professor_validation/final_comparison/jobs/001_stage-final_comparison_epoch-3_seed-42_strategy-uncertainty_lambda-0p5_budget-100/job_state.json
42,uncertainty,Trajectories/2022-02-04/194_RR220204A_610C_1832.bmp || Trajectories/2022-04-11/163_RR220411A_715C_1634.bmp,6,,0.6798955798149109,22.523029864673394,/content/quantum rheed codex/result/professor_validation/final_comparison/jobs/001_stage-final_comparison_epoch-3_seed-42_strategy-uncertainty_lambda-0p5_budget-100/job_state.json
42,uncertainty,Trajectories/2022-02-06/055_RR220206A_239C_1742.bmp || Trajectories/2022-04-11/409_RR220411A_474C_1953.bmp,5,,0.6796600222587585,23.128032207424038,/content/quantum rheed codex/result/professor_validation/final_comparison/jobs/001_stage-final_comparison_epoch-3_seed-42_strategy-uncertainty_lambda-0p5_budget-100/job_state.json
42,uncertainty,Trajectories/2022-02-04/263_RR220204A_793C_1934.bmp || Trajectories/2022-04-11/042_RR220411A_331C_1448.bmp,2,,0.6792077422142029,24.843080675499426,/content/quantum rheed codex/result/professor_validation/final_comparison/jobs/001_stage-final_comparison_epoch-3_seed-42_strategy-uncertainty_lambda-0p5_budget-100/job_state.json
42,uncertainty,Trajectories/2022-02-04/164_RR220204A_507C_1811.bmp || Trajectories/2022-02-06/074_RR220206A_430C_1809.bmp,6,,0.6788052320480347,23.552812340623927,/content/quantum rheed codex/result/professor_validation/final_comparison/jobs/001_stage-final_comparison_epoch-3_seed-42_strategy-uncertainty_lambda-0p5_budget-100/job_state.json
42,uncertainty,Trajectories/2022-04-11/183_RR220411A_794C_1655.bmp || Trajectories/2022-04-11/226_RR220411A_873C_1725.bmp,6,,0.678469717502594,23.48584061301237,/content/quantum rheed codex/result/professor_validation/final_comparison/jobs/001_stage-final_comparison_epoch-3_seed-42_strategy-uncertainty_lambda-0p5_budget-100/job_state.json
42,uncertainty,Trajectories/2022-02-04/239_RR220204A_720C_1910.bmp || Trajectories/2022-04-11/154_RR220411A_696C_1624.bmp,4,,0.6768999695777893,21.676816053497742,/content/quantum rheed codex/result/professor_validation/final_comparison/jobs/001_stage-final_comparison_epoch-3_seed-42_strategy-uncertainty_lambda-0p5_budget-100/job_state.json
42,uncertainty,Trajectories/2022-02-06/097_RR220206A_654C_1837.bmp || Trajectories/2022-04-11/067_RR220411A_416C_1513-02.bmp,4,,0.6767597794532776,22.796558657544036,/content/quantum rheed codex/result/professor_validation/final_comparison/jobs/001_stage-final_comparison_epoch-3_seed-42_strategy-uncertainty_lambda-0p5_budget-100/job_state.json
42,uncertainty,Trajectories/2022-02-04/320_RR220204A_915C_2039.bmp || Trajectories/2022-02-06/282_RR220206A_184C_2256.bmp,18,,0.6764714121818542,23.021458268727642,/content/quantum rheed codex/result/professor_validation/final_comparison/jobs/001_stage-final_comparison_epoch-3_seed-42_strategy-uncertainty_lambda-0p5_budget-100/job_state.json
42,uncertainty,Trajectories/2022-02-04/049_RR220204A_218C_0201.bmp || Trajectories/2022-02-04/307_RR220204A_912C_2025.bmp,16,,0.6762418746948242,22.588759150205536,/content/quantum rheed codex/result/professor_validation/final_comparison/jobs/001_stage-final_comparison_epoch-3_seed-42_strategy-uncertainty_lambda-0p5_budget-100/job_state.json
42,uncertainty,Trajectories/2022-02-04/188_RR220204A_579C_1829.bmp || Trajectories/2022-04-11/113_RR220411A_539C_1548.bmp,6,,0.6758280992507935,22.352315845208697,/content/quantum rheed codex/result/professor_validation/final_comparison/jobs/001_stage-final_comparison_epoch-3_seed-42_strategy-uncertainty_lambda-0p5_budget-100/job_state.json
42,uncertainty,Trajectories/2022-02-06/141_RR220206A_995C_1942.bmp || Trajectories/2022-04-11/129_RR220411A_590C_1601.bmp,4,,0.6747611165046692,22.270910649835255,/content/quantum rheed codex/result/professor_validation/final_comparison/jobs/001_stage-final_comparison_epoch-3_seed-42_strategy-uncertainty_lambda-0p5_budget-100/job_state.json
42,uncertainty,Trajectories/2022-02-06/180_RR220206A_1031C_2041.bmp || Trajectories/2022-04-11/277_RR220411A_936C_1828.bmp,13,,0.6736951470375061,23.364457456981647,/content/quantum rheed codex/result/professor_validation/final_comparison/jobs/001_stage-final_comparison_epoch-3_seed-42_strategy-uncertainty_lambda-0p5_budget-100/job_state.json
42,uncertainty,Trajectories/2022-02-06/124_RR220206A_894C_1924.bmp || Trajectories/2022-02-06/253_RR220206A_599C_2217.bmp,3,,0.6724120378494263,24.257561005323222,/content/quantum rheed codex/result/professor_validation/final_comparison/jobs/001_stage-final_comparison_epoch-3_seed-42_strategy-uncertainty_lambda-0p5_budget-100/job_state.json
42,uncertainty,Trajectories/2022-02-04/230_RR220204A_695C_1902.bmp || Trajectories/2022-02-06/074_RR220206A_430C_1809.bmp,0,,0.6722796559333801,21.09023292648527,/content/quantum rheed codex/result/professor_validation/final_comparison/jobs/001_stage-final_comparison_epoch-3_seed-42_strategy-uncertainty_lambda-0p5_budget-100/job_state.json
42,uncertainty,Trajectories/2022-04-11/141_RR220411A_656C_1613.bmp || Trajectories/2022-04-11/203_RR220411A_843C_1711-03.bmp,6,,0.6717095971107483,22.995234310701953,/content/quantum rheed codex/result/professor_validation/final_comparison/jobs/001_stage-final_comparison_epoch-3_seed-42_strategy-uncertainty_lambda-0p5_budget-100/job_state.json
42,uncertainty,Trajectories/2022-02-04/184_RR220204A_576C_1826.bmp || Trajectories/2022-04-11/147_RR220411A_671C_1617.bmp,6,,0.6706840991973877,22.791264990014167,/content/quantum rheed codex/result/professor_validation/final_comparison/jobs/001_stage-final_comparison_epoch-3_seed-42_strategy-uncertainty_lambda-0p5_budget-100/job_state.json
42,uncertainty,Trajectories/2022-02-04/333_RR220204A_939C_2059.bmp || Trajectories/2022-02-04/342_RR220204A_941C_2115.bmp,9,,0.6662817597389221,21.01610876692342,/content/quantum rheed codex/result/professor_validation/final_comparison/jobs/001_stage-final_comparison_epoch-3_seed-42_strategy-uncertainty_lambda-0p5_budget-100/job_state.json
42,uncertainty,Trajectories/2022-02-04/037_RR220204A_579C_0146.bmp || Trajectories/2022-02-04/074_RR220204A_297C_1711.bmp,18,,0.6649156212806702,22.848479586330704,/content/quantum rheed codex/result/professor_validation/final_comparison/jobs/001_stage-final_comparison_epoch-3_seed-42_strategy-uncertainty_lambda-0p5_budget-100/job_state.json
42,uncertainty,Trajectories/2022-04-11/008_RR220411A_193C_1422.bmp || Trajectories/2022-04-11/093_RR220411A_482C_1531.bmp,9,,0.6649039387702942,23.003454162647913,/content/quantum rheed codex/result/professor_validation/final_comparison/jobs/001_stage-final_comparison_epoch-3_seed-42_strategy-uncertainty_lambda-0p5_budget-100/job_state.json
42,uncertainty,Trajectories/2022-02-04/205_RR220204A_642C_1839-02.bmp || Trajectories/2022-02-04/337_RR220204A_938C_2106.bmp,4,,0.6641209125518799,21.165326641499057,/content/quantum rheed codex/result/professor_validation/final_comparison/jobs/001_stage-final_comparison_epoch-3_seed-42_strategy-uncertainty_lambda-0p5_budget-100/job_state.json
42,uncertainty,Trajectories/2022-02-06/189_RR220206A_971C_2054-01.bmp || Trajectories/2022-04-11/286_RR220411A_906C_1837.bmp,3,,0.6618502140045166,23.414364694453095,/content/quantum rheed codex/result/professor_validation/final_comparison/jobs/001_stage-final_comparison_epoch-3_seed-42_strategy-uncertainty_lambda-0p5_budget-100/job_state.json
42,uncertainty,Trajectories/2022-02-04/174_RR220204A_527C_1818.bmp || Trajectories/2022-04-11/164_RR220411A_724C_1635.bmp,6,,0.6617878079414368,23.478883447278147,/content/quantum rheed codex/result/professor_validation/final_comparison/jobs/001_stage-final_comparison_epoch-3_seed-42_strategy-uncertainty_lambda-0p5_budget-100/job_state.json
42,uncertainty,Trajectories/2022-02-04/085_RR220204A_378C_1720.bmp || Trajectories/2022-02-04/328_RR220204A_946C_2053.bmp,18,,0.6606195569038391,23.259889390387887,/content/quantum rheed codex/result/professor_validation/final_comparison/jobs/001_stage-final_comparison_epoch-3_seed-42_strategy-uncertainty_lambda-0p5_budget-100/job_state.json
42,uncertainty,Trajectories/2022-02-06/241_RR220206A_692C_2157.bmp || Trajectories/2022-04-11/201_RR220411A_843C_1711-01.bmp,3,,0.6605700850486755,23.532526348636424,/content/quantum rheed codex/result/professor_validation/final_comparison/jobs/001_stage-final_comparison_epoch-3_seed-42_strategy-uncertainty_lambda-0p5_budget-100/job_state.json
42,uncertainty,Trajectories/2022-02-04/152_RR220204A_488C_1805-02.bmp || Trajectories/2022-04-11/173_RR220411A_755C_1643.bmp,6,,0.6595005989074707,23.953474662147634,/content/quantum rheed codex/result/professor_validation/final_comparison/jobs/001_stage-final_comparison_epoch-3_seed-42_strategy-uncertainty_lambda-0p5_budget-100/job_state.json
42,uncertainty,Trajectories/2022-02-04/024_RR220204A_927C_0130.bmp || Trajectories/2022-02-04/261_RR220204A_790C_1930.bmp,9,,0.6594241261482239,23.50657085176891,/content/quantum rheed codex/result/professor_validation/final_comparison/jobs/001_stage-final_comparison_epoch-3_seed-42_strategy-uncertainty_lambda-0p5_budget-100/job_state.json
42,uncertainty,Trajectories/2022-02-04/029_RR220204A_808C_0135.bmp || Trajectories/2022-02-04/242_RR220204A_720C_1911.bmp,4,,0.6584815979003906,20.99896977179711,/content/quantum rheed codex/result/professor_validation/final_comparison/jobs/001_stage-final_comparison_epoch-3_seed-42_strategy-uncertainty_lambda-0p5_budget-100/job_state.json
42,uncertainty,Trajectories/2022-02-06/080_RR220206A_490C_1816.bmp || Trajectories/2022-04-11/234_RR220411A_888C_1732.bmp,6,,0.6580897569656372,22.92890814233322,/content/quantum rheed codex/result/professor_validation/final_comparison/jobs/001_stage-final_comparison_epoch-3_seed-42_strategy-uncertainty_lambda-0p5_budget-100/job_state.json
42,uncertainty,Trajectories/2022-02-04/079_RR220204A_301C_1717.bmp || Trajectories/2022-02-04/329_RR220204A_946C_2054.bmp,18,,0.6579764485359192,23.283186369870183,/content/quantum rheed codex/result/professor_validation/final_comparison/jobs/001_stage-final_comparison_epoch-3_seed-42_strategy-uncertainty_lambda-0p5_budget-100/job_state.json
42,uncertainty,Trajectories/2022-02-04/314_RR220204A_937C_2030.bmp || Trajectories/2022-04-11/081_RR220411A_453C_1523.bmp,16,,0.6574434041976929,22.67318124849301,/content/quantum rheed codex/result/professor_validation/final_comparison/jobs/001_stage-final_comparison_epoch-3_seed-42_strategy-uncertainty_lambda-0p5_budget-100/job_state.json
42,uncertainty,Trajectories/2022-02-04/294_RR220204A_843C_2014.bmp || Trajectories/2022-02-06/140_RR220206A_993C_1941.bmp,2,,0.6563394665718079,24.15819383004333,/content/quantum rheed codex/result/professor_validation/final_comparison/jobs/001_stage-final_comparison_epoch-3_seed-42_strategy-uncertainty_lambda-0p5_budget-100/job_state.json
42,uncertainty,Trajectories/2022-04-11/063_RR220411A_402C_1510.bmp || Trajectories/2022-04-11/268_RR220411A_952C_1801.bmp,4,,0.6532324552536011,23.157497526027612,/content/quantum rheed codex/result/professor_validation/final_comparison/jobs/001_stage-final_comparison_epoch-3_seed-42_strategy-uncertainty_lambda-0p5_budget-100/job_state.json
42,uncertainty,Trajectories/2022-02-06/273_RR220206A_423C_2243.bmp || Trajectories/2022-04-11/379_RR220411A_614C_1940.bmp,10,,0.6506932377815247,22.910729830588078,/content/quantum rheed codex/result/professor_validation/final_comparison/jobs/001_stage-final_comparison_epoch-3_seed-42_strategy-uncertainty_lambda-0p5_budget-100/job_state.json
42,uncertainty,Trajectories/2022-02-04/156_RR220204A_490C_1808.bmp || Trajectories/2022-02-04/383_RR220204A_937C_2331.bmp,18,,0.6502949595451355,22.768354246196072,/content/quantum rheed codex/result/professor_validation/final_comparison/jobs/001_stage-final_comparison_epoch-3_seed-42_strategy-uncertainty_lambda-0p5_budget-100/job_state.json
42,uncertainty,Trajectories/2022-02-04/385_RR220204A_939C_2340.bmp || Trajectories/2022-04-11/237_RR220411A_901C_1735.bmp,3,,0.6495855450630188,22.19670732588123,/content/quantum rheed codex/result/professor_validation/final_comparison/jobs/001_stage-final_comparison_epoch-3_seed-42_strategy-uncertainty_lambda-0p5_budget-100/job_state.json
42,uncertainty,Trajectories/2022-02-04/170_RR220204A_536C_1818.bmp || Trajectories/2022-02-06/230_RR220206A_767C_2143.bmp,3,,0.6489011645317078,24.065747309486433,/content/quantum rheed codex/result/professor_validation/final_comparison/jobs/001_stage-final_comparison_epoch-3_seed-42_strategy-uncertainty_lambda-0p5_budget-100/job_state.json
42,uncertainty,Trajectories/2022-02-06/137_RR220206A_982C_1937.bmp || Trajectories/2022-04-11/191_RR220411A_821C_1704.bmp,8,,0.6485568284988403,23.1849858606405,/content/quantum rheed codex/result/professor_validation/final_comparison/jobs/001_stage-final_comparison_epoch-3_seed-42_strategy-uncertainty_lambda-0p5_budget-100/job_state.json
42,uncertainty,Trajectories/2022-02-04/159_RR220204A_501C_1809-01.bmp || Trajectories/2022-04-11/100_RR220411A_492C_1537.bmp,6,,0.6481395959854126,23.192874980127996,/content/quantum rheed codex/result/professor_validation/final_comparison/jobs/001_stage-final_comparison_epoch-3_seed-42_strategy-uncertainty_lambda-0p5_budget-100/job_state.json
42,uncertainty,Trajectories/2022-02-04/048_RR220204A_245C_0201.bmp || Trajectories/2022-04-11/183_RR220411A_794C_1655.bmp,4,,0.6478106379508972,20.775367531816148,/content/quantum rheed codex/result/professor_validation/final_comparison/jobs/001_stage-final_comparison_epoch-3_seed-42_strategy-uncertainty_lambda-0p5_budget-100/job_state.json
42,uncertainty,Trajectories/2022-02-04/305_RR220204A_915C_2023.bmp || Trajectories/2022-02-04/335_RR220204A_940C_2102.bmp,16,,0.6464694142341614,22.02735415928937,/content/quantum rheed codex/result/professor_validation/final_comparison/jobs/001_stage-final_comparison_epoch-3_seed-42_strategy-uncertainty_lambda-0p5_budget-100/job_state.json
42,uncertainty,Trajectories/2022-02-04/235_RR220204A_725C_1905.bmp || Trajectories/2022-02-06/068_RR220206A_362C_1759.bmp,0,,0.6414770483970642,21.32105650424058,/content/quantum rheed codex/result/professor_validation/final_comparison/jobs/001_stage-final_comparison_epoch-3_seed-42_strategy-uncertainty_lambda-0p5_budget-100/job_state.json
42,uncertainty,Trajectories/2022-02-06/068_RR220206A_362C_1759.bmp || Trajectories/2022-04-11/075_RR220411A_440C_1519.bmp,0,,0.6395955085754395,21.975598363759104,/content/quantum rheed codex/result/professor_validation/final_comparison/jobs/001_stage-final_comparison_epoch-3_seed-42_strategy-uncertainty_lambda-0p5_budget-100/job_state.json
42,uncertainty,Trajectories/2022-02-04/300_RR220204A_881C_2018.bmp || Trajectories/2022-02-06/195_RR220206A_944C_2101.bmp,16,,0.6393160223960876,23.500640246280167,/content/quantum rheed codex/result/professor_validation/final_comparison/jobs/001_stage-final_comparison_epoch-3_seed-42_strategy-uncertainty_lambda-0p5_budget-100/job_state.json
42,uncertainty,Trajectories/2022-04-11/108_RR220411A_507C_1543.bmp || Trajectories/2022-04-11/379_RR220411A_614C_1940.bmp,7,,0.6363406181335449,21.833313101458106,/content/quantum rheed codex/result/professor_validation/final_comparison/jobs/001_stage-final_comparison_epoch-3_seed-42_strategy-uncertainty_lambda-0p5_budget-100/job_state.json
42,uncertainty,Trajectories/2022-04-11/047_RR220411A_350C_1454.bmp || Trajectories/2022-04-11/186_RR220411A_805C_1658.bmp,4,,0.6335878968238831,22.57997450996887,/content/quantum rheed codex/result/professor_validation/final_comparison/jobs/001_stage-final_comparison_epoch-3_seed-42_strategy-uncertainty_lambda-0p5_budget-100/job_state.json
42,uncertainty,Trajectories/2022-02-06/057_RR220206A_249C_1744.bmp || Trajectories/2022-02-06/154_RR220206A_1092C_2003-02.bmp,8,,0.6331785321235657,22.24514492988024,/content/quantum rheed codex/result/professor_validation/final_comparison/jobs/001_stage-final_comparison_epoch-3_seed-42_strategy-uncertainty_lambda-0p5_budget-100/job_state.json
42,uncertainty,Trajectories/2022-02-04/139_RR220204A_470C_1758.bmp || Trajectories/2022-04-11/094_RR220411A_484C_1532.bmp,6,,0.6315571069717407,23.554868798747727,/content/quantum rheed codex/result/professor_validation/final_comparison/jobs/001_stage-final_comparison_epoch-3_seed-42_strategy-uncertainty_lambda-0p5_budget-100/job_state.json
42,uncertainty,Trajectories/2022-02-04/317_RR220204A_935C_2033.bmp || Trajectories/2022-02-06/250_RR220206A_621C_2212.bmp,16,,0.6306546330451965,22.571307584220413,/content/quantum rheed codex/result/professor_validation/final_comparison/jobs/001_stage-final_comparison_epoch-3_seed-42_strategy-uncertainty_lambda-0p5_budget-100/job_state.json
42,uncertainty,Trajectories/2022-02-04/334_RR220204A_939C_2101.bmp || Trajectories/2022-04-11/386_RR220411A_580C_1943.bmp,7,,0.6306466460227966,21.361342382241766,/content/quantum rheed codex/result/professor_validation/final_comparison/jobs/001_stage-final_comparison_epoch-3_seed-42_strategy-uncertainty_lambda-0p5_budget-100/job_state.json
42,uncertainty,Trajectories/2022-02-06/206_RR220206A_875C_2113.bmp || Trajectories/2022-04-11/338_RR220411A_734C_1915.bmp,10,,0.6296746134757996,23.276308184361554,/content/quantum rheed codex/result/professor_validation/final_comparison/jobs/001_stage-final_comparison_epoch-3_seed-42_strategy-uncertainty_lambda-0p5_budget-100/job_state.json
42,uncertainty,Trajectories/2022-02-04/253_RR220204A_782C_1923.bmp || Trajectories/2022-02-06/262_RR220206A_540C_2228.bmp,9,,0.6272095441818237,22.751532700640563,/content/quantum rheed codex/result/professor_validation/final_comparison/jobs/001_stage-final_comparison_epoch-3_seed-42_strategy-uncertainty_lambda-0p5_budget-100/job_state.json
42,uncertainty,Trajectories/2022-02-06/234_RR220206A_738C_2148.bmp || Trajectories/2022-04-11/375_RR220411A_617C_1938.bmp,10,,0.6266245245933533,23.01363324861712,/content/quantum rheed codex/result/professor_validation/final_comparison/jobs/001_stage-final_comparison_epoch-3_seed-42_strategy-uncertainty_lambda-0p5_budget-100/job_state.json
42,uncertainty,Trajectories/2022-02-06/203_RR220206A_876C_2110-01.bmp || Trajectories/2022-04-11/394_RR220411A_546C_1946.bmp,10,,0.6223049163818359,23.003177410623632,/content/quantum rheed codex/result/professor_validation/final_comparison/jobs/001_stage-final_comparison_epoch-3_seed-42_strategy-uncertainty_lambda-0p5_budget-100/job_state.json
42,uncertainty,Trajectories/2022-02-04/133_RR220204A_467C_1754-01.bmp || Trajectories/2022-04-11/088_RR220411A_459C_1527.bmp,6,,0.6222653985023499,23.529114623744427,/content/quantum rheed codex/result/professor_validation/final_comparison/jobs/001_stage-final_comparison_epoch-3_seed-42_strategy-uncertainty_lambda-0p5_budget-100/job_state.json
42,uncertainty,Trajectories/2022-02-04/021_RR220204A_981C_0126-03.bmp || Trajectories/2022-04-11/225_RR220411A_873C_1724.bmp,3,,0.6183668375015259,22.725180404078415,/content/quantum rheed codex/result/professor_validation/final_comparison/jobs/001_stage-final_comparison_epoch-3_seed-42_strategy-uncertainty_lambda-0p5_budget-100/job_state.json
42,core_set,Trajectories/2022-02-04/309_RR220204A_911C_2027.bmp || Trajectories/2022-02-04/361_RR220204A_947C_2156.bmp,15,9.734650994223506,,26.30930194627494,/content/quantum rheed codex/result/professor_validation/final_comparison/jobs/004_stage-final_comparison_epoch-3_seed-42_strategy-core_set_lambda-0p5_budget-100/job_state.json
42,core_set,Trajectories/2022-02-04/266_RR220204A_783C_1938.bmp || Trajectories/2022-02-04/356_RR220204A_949C_2144.bmp,15,5.287097681440305,,27.13815947703496,/content/quantum rheed codex/result/professor_validation/final_comparison/jobs/004_stage-final_comparison_epoch-3_seed-42_strategy-core_set_lambda-0p5_budget-100/job_state.json
42,core_set,Trajectories/2022-02-04/049_RR220204A_218C_0201.bmp || Trajectories/2022-02-04/307_RR220204A_912C_2025.bmp,16,5.2843052245278255,,22.588759150205536,/content/quantum rheed codex/result/professor_validation/final_comparison/jobs/004_stage-final_comparison_epoch-3_seed-42_strategy-core_set_lambda-0p5_budget-100/job_state.json
42,core_set,Trajectories/2022-02-06/016_RR220206A_165C_1704-03.bmp || Trajectories/2022-04-11/011_RR220411A_219C_1424.bmp,14,4.894345756095657,,20.986228723035666,/content/quantum rheed codex/result/professor_validation/final_comparison/jobs/004_stage-final_comparison_epoch-3_seed-42_strategy-core_set_lambda-0p5_budget-100/job_state.json
42,core_set,Trajectories/2022-02-04/317_RR220204A_935C_2033.bmp || Trajectories/2022-02-06/250_RR220206A_621C_2212.bmp,16,4.598921138950685,,22.571307584220413,/content/quantum rheed codex/result/professor_validation/final_comparison/jobs/004_stage-final_comparison_epoch-3_seed-42_strategy-core_set_lambda-0p5_budget-100/job_state.json
42,core_set,Trajectories/2022-04-11/397_RR220411A_528C_1948.bmp || Trajectories/2022-04-11/443_RR220411A_303C_2007.bmp,5,4.479472001813638,,24.564902413034304,/content/quantum rheed codex/result/professor_validation/final_comparison/jobs/004_stage-final_comparison_epoch-3_seed-42_strategy-core_set_lambda-0p5_budget-100/job_state.json
42,core_set,Trajectories/2022-02-06/048_RR220206A_175C_1736.bmp || Trajectories/2022-04-11/189_RR220411A_822C_1703.bmp,6,3.853434346029702,,23.26040868709185,/content/quantum rheed codex/result/professor_validation/final_comparison/jobs/004_stage-final_comparison_epoch-3_seed-42_strategy-core_set_lambda-0p5_budget-100/job_state.json
42,core_set,Trajectories/2022-02-04/303_RR220204A_917C_2021.bmp || Trajectories/2022-04-11/226_RR220411A_873C_1725.bmp,17,3.7630318440492903,,22.366826118477476,/content/quantum rheed codex/result/professor_validation/final_comparison/jobs/004_stage-final_comparison_epoch-3_seed-42_strategy-core_set_lambda-0p5_budget-100/job_state.json
42,core_set,Trajectories/2022-02-04/294_RR220204A_843C_2014.bmp || Trajectories/2022-02-06/140_RR220206A_993C_1941.bmp,2,3.507011969458601,,24.15819383004333,/content/quantum rheed codex/result/professor_validation/final_comparison/jobs/004_stage-final_comparison_epoch-3_seed-42_strategy-core_set_lambda-0p5_budget-100/job_state.json
42,core_set,Trajectories/2022-02-04/296_RR220204A_869C_2015.bmp || Trajectories/2022-04-11/009_RR220411A_206C_1423.bmp,2,3.3027109590105885,,25.101487844771786,/content/quantum rheed codex/result/professor_validation/final_comparison/jobs/004_stage-final_comparison_epoch-3_seed-42_strategy-core_set_lambda-0p5_budget-100/job_state.json
42,core_set,Trajectories/2022-02-04/262_RR220204A_793C_1932.bmp || Trajectories/2022-04-11/359_RR220411A_675C_1926.bmp,11,3.145843532825368,,22.11523386178788,/content/quantum rheed codex/result/professor_validation/final_comparison/jobs/004_stage-final_comparison_epoch-3_seed-42_strategy-core_set_lambda-0p5_budget-100/job_state.json
42,core_set,Trajectories/2022-02-04/295_RR220204A_882C_2015.bmp || Trajectories/2022-02-04/332_RR220204A_941C_2057.bmp,16,3.0698472854810626,,22.044000251862595,/content/quantum rheed codex/result/professor_validation/final_comparison/jobs/004_stage-final_comparison_epoch-3_seed-42_strategy-core_set_lambda-0p5_budget-100/job_state.json
42,core_set,Trajectories/2022-02-04/319_RR220204A_918C_2037.bmp || Trajectories/2022-02-04/354_RR220204A_951C_2141.bmp,17,3.0563431226521116,,22.80189651856441,/content/quantum rheed codex/result/professor_validation/final_comparison/jobs/004_stage-final_comparison_epoch-3_seed-42_strategy-core_set_lambda-0p5_budget-100/job_state.json
42,core_set,Trajectories/2022-02-04/333_RR220204A_939C_2059.bmp || Trajectories/2022-02-04/342_RR220204A_941C_2115.bmp,9,2.8516387268340293,,21.01610876692342,/content/quantum rheed codex/result/professor_validation/final_comparison/jobs/004_stage-final_comparison_epoch-3_seed-42_strategy-core_set_lambda-0p5_budget-100/job_state.json
42,core_set,Trajectories/2022-04-11/343_RR220411A_722C_1918.bmp || Trajectories/2022-04-11/374_RR220411A_625C_1937.bmp,5,2.835287776061606,,24.367209088244877,/content/quantum rheed codex/result/professor_validation/final_comparison/jobs/004_stage-final_comparison_epoch-3_seed-42_strategy-core_set_lambda-0p5_budget-100/job_state.json
42,core_set,Trajectories/2022-02-04/253_RR220204A_782C_1923.bmp || Trajectories/2022-02-06/262_RR220206A_540C_2228.bmp,9,2.5628285677723732,,22.751532700640563,/content/quantum rheed codex/result/professor_validation/final_comparison/jobs/004_stage-final_comparison_epoch-3_seed-42_strategy-core_set_lambda-0p5_budget-100/job_state.json
42,core_set,Trajectories/2022-02-06/102_RR220206A_698C_1845.bmp || Trajectories/2022-04-11/183_RR220411A_794C_1655.bmp,0,2.4617732002393,,22.85030612688132,/content/quantum rheed codex/result/professor_validation/final_comparison/jobs/004_stage-final_comparison_epoch-3_seed-42_strategy-core_set_lambda-0p5_budget-100/job_state.json
42,core_set,Trajectories/2022-02-04/003_RR220204A_932C_0017.bmp || Trajectories/2022-04-11/439_RR220411A_330C_2005.bmp,7,2.414835962887423,,21.183323868603722,/content/quantum rheed codex/result/professor_validation/final_comparison/jobs/004_stage-final_comparison_epoch-3_seed-42_strategy-core_set_lambda-0p5_budget-100/job_state.json
42,core_set,Trajectories/2022-02-04/300_RR220204A_881C_2018.bmp || Trajectories/2022-02-06/195_RR220206A_944C_2101.bmp,16,2.41338425119322,,23.500640246280167,/content/quantum rheed codex/result/professor_validation/final_comparison/jobs/004_stage-final_comparison_epoch-3_seed-42_strategy-core_set_lambda-0p5_budget-100/job_state.json
42,core_set,Trajectories/2022-02-04/152_RR220204A_488C_1805-02.bmp || Trajectories/2022-04-11/173_RR220411A_755C_1643.bmp,6,2.393455713796829,,23.953474662147634,/content/quantum rheed codex/result/professor_validation/final_comparison/jobs/004_stage-final_comparison_epoch-3_seed-42_strategy-core_set_lambda-0p5_budget-100/job_state.json
42,core_set,Trajectories/2022-02-04/048_RR220204A_245C_0201.bmp || Trajectories/2022-04-11/183_RR220411A_794C_1655.bmp,4,2.362813843501366,,20.775367531816148,/content/quantum rheed codex/result/professor_validation/final_comparison/jobs/004_stage-final_comparison_epoch-3_seed-42_strategy-core_set_lambda-0p5_budget-100/job_state.json
42,core_set,Trajectories/2022-02-04/307_RR220204A_912C_2025.bmp || Trajectories/2022-04-11/386_RR220411A_580C_1943.bmp,19,2.208258166352476,,21.623398097699738,/content/quantum rheed codex/result/professor_validation/final_comparison/jobs/004_stage-final_comparison_epoch-3_seed-42_strategy-core_set_lambda-0p5_budget-100/job_state.json
42,core_set,Trajectories/2022-02-06/057_RR220206A_249C_1744.bmp || Trajectories/2022-02-06/154_RR220206A_1092C_2003-02.bmp,8,2.1809768525236444,,22.24514492988024,/content/quantum rheed codex/result/professor_validation/final_comparison/jobs/004_stage-final_comparison_epoch-3_seed-42_strategy-core_set_lambda-0p5_budget-100/job_state.json
42,core_set,Trajectories/2022-02-04/024_RR220204A_927C_0130.bmp || Trajectories/2022-02-04/261_RR220204A_790C_1930.bmp,9,2.172139114262748,,23.50657085176891,/content/quantum rheed codex/result/professor_validation/final_comparison/jobs/004_stage-final_comparison_epoch-3_seed-42_strategy-core_set_lambda-0p5_budget-100/job_state.json
42,core_set,Trajectories/2022-02-06/058_RR220206A_249C_1745.bmp || Trajectories/2022-04-11/178_RR220411A_774C_1649.bmp,6,2.0733956171735675,,22.53544162696559,/content/quantum rheed codex/result/professor_validation/final_comparison/jobs/004_stage-final_comparison_epoch-3_seed-42_strategy-core_set_lambda-0p5_budget-100/job_state.json
42,core_set,Trajectories/2022-02-06/141_RR220206A_995C_1942.bmp || Trajectories/2022-04-11/129_RR220411A_590C_1601.bmp,4,2.0553252739234056,,22.270910649835255,/content/quantum rheed codex/result/professor_validation/final_comparison/jobs/004_stage-final_comparison_epoch-3_seed-42_strategy-core_set_lambda-0p5_budget-100/job_state.json
42,core_set,Trajectories/2022-02-04/338_RR220204A_940C_2108.bmp || Trajectories/2022-04-11/354_RR220411A_693C_1924.bmp,7,2.029970606640505,,21.18890927583466,/content/quantum rheed codex/result/professor_validation/final_comparison/jobs/004_stage-final_comparison_epoch-3_seed-42_strategy-core_set_lambda-0p5_budget-100/job_state.json
42,core_set,Trajectories/2022-02-04/019_RR220204A_981C_0126-01.bmp || Trajectories/2022-04-11/035_RR220411A_314C_1442.bmp,9,2.002298300154198,,22.977106697218982,/content/quantum rheed codex/result/professor_validation/final_comparison/jobs/004_stage-final_comparison_epoch-3_seed-42_strategy-core_set_lambda-0p5_budget-100/job_state.json
42,core_set,Trajectories/2022-02-04/133_RR220204A_467C_1754-01.bmp || Trajectories/2022-04-11/088_RR220411A_459C_1527.bmp,6,1.9702891461572358,,23.529114623744427,/content/quantum rheed codex/result/professor_validation/final_comparison/jobs/004_stage-final_comparison_epoch-3_seed-42_strategy-core_set_lambda-0p5_budget-100/job_state.json
42,core_set,Trajectories/2022-02-04/385_RR220204A_939C_2340.bmp || Trajectories/2022-04-11/237_RR220411A_901C_1735.bmp,3,1.9221613380479003,,22.19670732588123,/content/quantum rheed codex/result/professor_validation/final_comparison/jobs/004_stage-final_comparison_epoch-3_seed-42_strategy-core_set_lambda-0p5_budget-100/job_state.json
42,core_set,Trajectories/2022-04-11/111_RR220411A_536C_1546.bmp || Trajectories/2022-04-11/175_RR220411A_765C_1645.bmp,0,1.918143758934814,,21.82765942522444,/content/quantum rheed codex/result/professor_validation/final_comparison/jobs/004_stage-final_comparison_epoch-3_seed-42_strategy-core_set_lambda-0p5_budget-100/job_state.json
42,core_set,Trajectories/2022-02-06/068_RR220206A_362C_1759.bmp || Trajectories/2022-04-11/030_RR220411A_291C_1437.bmp,4,1.8967972014160275,,22.148517078940934,/content/quantum rheed codex/result/professor_validation/final_comparison/jobs/004_stage-final_comparison_epoch-3_seed-42_strategy-core_set_lambda-0p5_budget-100/job_state.json
42,core_set,Trajectories/2022-02-04/320_RR220204A_915C_2039.bmp || Trajectories/2022-02-06/282_RR220206A_184C_2256.bmp,18,1.8791585484493278,,23.021458268727642,/content/quantum rheed codex/result/professor_validation/final_comparison/jobs/004_stage-final_comparison_epoch-3_seed-42_strategy-core_set_lambda-0p5_budget-100/job_state.json
42,core_set,Trajectories/2022-02-04/281_RR220204A_806C_2000.bmp || Trajectories/2022-04-11/322_RR220411A_818C_1902.bmp,17,1.8751702795803726,,22.63825881221061,/content/quantum rheed codex/result/professor_validation/final_comparison/jobs/004_stage-final_comparison_epoch-3_seed-42_strategy-core_set_lambda-0p5_budget-100/job_state.json
42,core_set,Trajectories/2022-02-04/021_RR220204A_981C_0126-03.bmp || Trajectories/2022-04-11/225_RR220411A_873C_1724.bmp,3,1.8492583316159499,,22.725180404078415,/content/quantum rheed codex/result/professor_validation/final_comparison/jobs/004_stage-final_comparison_epoch-3_seed-42_strategy-core_set_lambda-0p5_budget-100/job_state.json
42,core_set,Trajectories/2022-04-11/108_RR220411A_507C_1543.bmp || Trajectories/2022-04-11/379_RR220411A_614C_1940.bmp,7,1.8203866100433523,,21.833313101458106,/content/quantum rheed codex/result/professor_validation/final_comparison/jobs/004_stage-final_comparison_epoch-3_seed-42_strategy-core_set_lambda-0p5_budget-100/job_state.json
42,core_set,Trajectories/2022-02-04/314_RR220204A_937C_2030.bmp || Trajectories/2022-04-11/081_RR220411A_453C_1523.bmp,16,1.7809492916679792,,22.67318124849301,/content/quantum rheed codex/result/professor_validation/final_comparison/jobs/004_stage-final_comparison_epoch-3_seed-42_strategy-core_set_lambda-0p5_budget-100/job_state.json
42,core_set,Trajectories/2022-02-04/221_RR220204A_666C_1854.bmp || Trajectories/2022-02-04/339_RR220204A_938C_2110.bmp,4,1.7758612090897736,,20.88319920768229,/content/quantum rheed codex/result/professor_validation/final_comparison/jobs/004_stage-final_comparison_epoch-3_seed-42_strategy-core_set_lambda-0p5_budget-100/job_state.json
42,core_set,Trajectories/2022-02-06/037_RR220206A_165C_1722.bmp || Trajectories/2022-04-11/219_RR220411A_865C_1720.bmp,6,1.7448169852739757,,23.68822397759296,/content/quantum rheed codex/result/professor_validation/final_comparison/jobs/004_stage-final_comparison_epoch-3_seed-42_strategy-core_set_lambda-0p5_budget-100/job_state.json
42,core_set,Trajectories/2022-04-11/138_RR220411A_635C_1610.bmp || Trajectories/2022-04-11/186_RR220411A_805C_1658.bmp,0,1.6567290773172587,,22.288611671364645,/content/quantum rheed codex/result/professor_validation/final_comparison/jobs/004_stage-final_comparison_epoch-3_seed-42_strategy-core_set_lambda-0p5_budget-100/job_state.json
42,core_set,Trajectories/2022-04-11/063_RR220411A_402C_1510.bmp || Trajectories/2022-04-11/268_RR220411A_952C_1801.bmp,4,1.651993647770747,,23.157497526027612,/content/quantum rheed codex/result/professor_validation/final_comparison/jobs/004_stage-final_comparison_epoch-3_seed-42_strategy-core_set_lambda-0p5_budget-100/job_state.json
42,core_set,Trajectories/2022-02-06/206_RR220206A_875C_2113.bmp || Trajectories/2022-04-11/338_RR220411A_734C_1915.bmp,10,1.6307878778549596,,23.276308184361554,/content/quantum rheed codex/result/professor_validation/final_comparison/jobs/004_stage-final_comparison_epoch-3_seed-42_strategy-core_set_lambda-0p5_budget-100/job_state.json
42,core_set,Trajectories/2022-02-06/080_RR220206A_490C_1816.bmp || Trajectories/2022-04-11/234_RR220411A_888C_1732.bmp,6,1.6168996209647657,,22.92890814233322,/content/quantum rheed codex/result/professor_validation/final_comparison/jobs/004_stage-final_comparison_epoch-3_seed-42_strategy-core_set_lambda-0p5_budget-100/job_state.json
42,core_set,Trajectories/2022-02-04/106_RR220204A_430C_1736.bmp || Trajectories/2022-02-04/347_RR220204A_954C_2124.bmp,11,1.613466886049192,,23.449836822295623,/content/quantum rheed codex/result/professor_validation/final_comparison/jobs/004_stage-final_comparison_epoch-3_seed-42_strategy-core_set_lambda-0p5_budget-100/job_state.json
42,core_set,Trajectories/2022-02-06/137_RR220206A_982C_1937.bmp || Trajectories/2022-04-11/191_RR220411A_821C_1704.bmp,8,1.5979574393163398,,23.1849858606405,/content/quantum rheed codex/result/professor_validation/final_comparison/jobs/004_stage-final_comparison_epoch-3_seed-42_strategy-core_set_lambda-0p5_budget-100/job_state.json
42,core_set,Trajectories/2022-02-06/273_RR220206A_423C_2243.bmp || Trajectories/2022-04-11/093_RR220411A_482C_1531.bmp,8,1.5930864439014416,,21.98390388369229,/content/quantum rheed codex/result/professor_validation/final_comparison/jobs/004_stage-final_comparison_epoch-3_seed-42_strategy-core_set_lambda-0p5_budget-100/job_state.json
42,core_set,Trajectories/2022-02-04/334_RR220204A_939C_2101.bmp || Trajectories/2022-04-11/386_RR220411A_580C_1943.bmp,7,1.5646115875837192,,21.361342382241766,/content/quantum rheed codex/result/professor_validation/final_comparison/jobs/004_stage-final_comparison_epoch-3_seed-42_strategy-core_set_lambda-0p5_budget-100/job_state.json
42,core_set,Trajectories/2022-04-11/246_RR220411A_915C_1741.bmp || Trajectories/2022-04-11/258_RR220411A_932C_1751.bmp,18,1.5464087692750448,,24.548024683414457,/content/quantum rheed codex/result/professor_validation/final_comparison/jobs/004_stage-final_comparison_epoch-3_seed-42_strategy-core_set_lambda-0p5_budget-100/job_state.json
42,core_set,Trajectories/2022-04-11/320_RR220411A_824C_1901.bmp || Trajectories/2022-04-11/332_RR220411A_756C_1911.bmp,12,1.5341788713363114,,24.31345657144823,/content/quantum rheed codex/result/professor_validation/final_comparison/jobs/004_stage-final_comparison_epoch-3_seed-42_strategy-core_set_lambda-0p5_budget-100/job_state.json
42,core_set,Trajectories/2022-02-06/124_RR220206A_894C_1924.bmp || Trajectories/2022-02-06/253_RR220206A_599C_2217.bmp,3,1.5230728487045024,,24.257561005323222,/content/quantum rheed codex/result/professor_validation/final_comparison/jobs/004_stage-final_comparison_epoch-3_seed-42_strategy-core_set_lambda-0p5_budget-100/job_state.json
42,core_set,Trajectories/2022-04-11/001_RR220411A_180C_1417-01.bmp || Trajectories/2022-04-11/321_RR220411A_823C_1901.bmp,11,1.496916423495345,,22.509538983536043,/content/quantum rheed codex/result/professor_validation/final_comparison/jobs/004_stage-final_comparison_epoch-3_seed-42_strategy-core_set_lambda-0p5_budget-100/job_state.json
42,core_set,Trajectories/2022-02-04/263_RR220204A_793C_1934.bmp || Trajectories/2022-04-11/042_RR220411A_331C_1448.bmp,2,1.49577763705631,,24.843080675499426,/content/quantum rheed codex/result/professor_validation/final_comparison/jobs/004_stage-final_comparison_epoch-3_seed-42_strategy-core_set_lambda-0p5_budget-100/job_state.json
42,core_set,Trajectories/2022-02-04/341_RR220204A_937C_2114.bmp || Trajectories/2022-02-06/163_RR220206A_1105C_2015.bmp,9,1.4780357653052627,,22.26163092309438,/content/quantum rheed codex/result/professor_validation/final_comparison/jobs/004_stage-final_comparison_epoch-3_seed-42_strategy-core_set_lambda-0p5_budget-100/job_state.json
42,core_set,Trajectories/2022-04-11/076_RR220411A_442C_1520.bmp || Trajectories/2022-04-11/387_RR220411A_578C_1943.bmp,7,1.4683596815760196,,21.79230174360432,/content/quantum rheed codex/result/professor_validation/final_comparison/jobs/004_stage-final_comparison_epoch-3_seed-42_strategy-core_set_lambda-0p5_budget-100/job_state.json
42,core_set,Trajectories/2022-02-06/180_RR220206A_1031C_2041.bmp || Trajectories/2022-04-11/277_RR220411A_936C_1828.bmp,13,1.4675591666101968,,23.364457456981647,/content/quantum rheed codex/result/professor_validation/final_comparison/jobs/004_stage-final_comparison_epoch-3_seed-42_strategy-core_set_lambda-0p5_budget-100/job_state.json
42,core_set,Trajectories/2022-02-04/076_RR220204A_299C_1713.bmp || Trajectories/2022-02-04/080_RR220204A_301C_1718.bmp,1,1.4618401485861099,,27.045370372112515,/content/quantum rheed codex/result/professor_validation/final_comparison/jobs/004_stage-final_comparison_epoch-3_seed-42_strategy-core_set_lambda-0p5_budget-100/job_state.json
42,core_set,Trajectories/2022-02-04/230_RR220204A_695C_1902.bmp || Trajectories/2022-02-06/074_RR220206A_430C_1809.bmp,0,1.4534713242969828,,21.09023292648527,/content/quantum rheed codex/result/professor_validation/final_comparison/jobs/004_stage-final_comparison_epoch-3_seed-42_strategy-core_set_lambda-0p5_budget-100/job_state.json
42,core_set,Trajectories/2022-02-04/205_RR220204A_642C_1839-02.bmp || Trajectories/2022-02-04/337_RR220204A_938C_2106.bmp,4,1.447915704019547,,21.165326641499057,/content/quantum rheed codex/result/professor_validation/final_comparison/jobs/004_stage-final_comparison_epoch-3_seed-42_strategy-core_set_lambda-0p5_budget-100/job_state.json
42,core_set,Trajectories/2022-02-04/022_RR220204A_981C_0127.bmp || Trajectories/2022-02-04/114_RR220204A_440C_1738.bmp,3,1.4338672169115791,,23.365252045833987,/content/quantum rheed codex/result/professor_validation/final_comparison/jobs/004_stage-final_comparison_epoch-3_seed-42_strategy-core_set_lambda-0p5_budget-100/job_state.json
42,core_set,Trajectories/2022-04-11/069_RR220411A_428C_1515.bmp || Trajectories/2022-04-11/231_RR220411A_882C_1729.bmp,8,1.3952273112864904,,23.10981009003381,/content/quantum rheed codex/result/professor_validation/final_comparison/jobs/004_stage-final_comparison_epoch-3_seed-42_strategy-core_set_lambda-0p5_budget-100/job_state.json
42,core_set,Trajectories/2022-02-06/163_RR220206A_1105C_2015.bmp || Trajectories/2022-02-06/249_RR220206A_638C_2210.bmp,13,1.385104619051989,,22.862240770335855,/content/quantum rheed codex/result/professor_validation/final_comparison/jobs/004_stage-final_comparison_epoch-3_seed-42_strategy-core_set_lambda-0p5_budget-100/job_state.json
42,core_set,Trajectories/2022-02-06/055_RR220206A_239C_1742.bmp || Trajectories/2022-04-11/409_RR220411A_474C_1953.bmp,5,1.382998471398944,,23.128032207424038,/content/quantum rheed codex/result/professor_validation/final_comparison/jobs/004_stage-final_comparison_epoch-3_seed-42_strategy-core_set_lambda-0p5_budget-100/job_state.json
42,core_set,Trajectories/2022-02-04/029_RR220204A_808C_0135.bmp || Trajectories/2022-02-04/242_RR220204A_720C_1911.bmp,4,1.3633984786225244,,20.99896977179711,/content/quantum rheed codex/result/professor_validation/final_comparison/jobs/004_stage-final_comparison_epoch-3_seed-42_strategy-core_set_lambda-0p5_budget-100/job_state.json
42,core_set,Trajectories/2022-04-11/323_RR220411A_816C_1903.bmp || Trajectories/2022-04-11/366_RR220411A_654C_1930.bmp,12,1.2980916539795386,,24.376322043453303,/content/quantum rheed codex/result/professor_validation/final_comparison/jobs/004_stage-final_comparison_epoch-3_seed-42_strategy-core_set_lambda-0p5_budget-100/job_state.json
42,core_set,Trajectories/2022-02-04/305_RR220204A_915C_2023.bmp || Trajectories/2022-02-04/335_RR220204A_940C_2102.bmp,16,1.2964980197507674,,22.02735415928937,/content/quantum rheed codex/result/professor_validation/final_comparison/jobs/004_stage-final_comparison_epoch-3_seed-42_strategy-core_set_lambda-0p5_budget-100/job_state.json
42,core_set,Trajectories/2022-02-06/234_RR220206A_738C_2148.bmp || Trajectories/2022-04-11/375_RR220411A_617C_1938.bmp,10,1.28450866635237,,23.01363324861712,/content/quantum rheed codex/result/professor_validation/final_comparison/jobs/004_stage-final_comparison_epoch-3_seed-42_strategy-core_set_lambda-0p5_budget-100/job_state.json
42,core_set,Trajectories/2022-02-04/013_RR220204A_949C_0119.bmp || Trajectories/2022-02-06/077_RR220206A_461C_1813.bmp,4,1.2834965492147608,,21.312522082798882,/content/quantum rheed codex/result/professor_validation/final_comparison/jobs/004_stage-final_comparison_epoch-3_seed-42_strategy-core_set_lambda-0p5_budget-100/job_state.json
42,core_set,Trajectories/2022-02-04/034_RR220204A_655C_0142.bmp || Trajectories/2022-02-06/272_RR220206A_424C_2242.bmp,7,1.2826356293622707,,21.515952441793956,/content/quantum rheed codex/result/professor_validation/final_comparison/jobs/004_stage-final_comparison_epoch-3_seed-42_strategy-core_set_lambda-0p5_budget-100/job_state.json
42,core_set,Trajectories/2022-02-04/194_RR220204A_610C_1832.bmp || Trajectories/2022-02-06/119_RR220206A_871C_1918.bmp,6,1.2650597010542306,,24.256007349974343,/content/quantum rheed codex/result/professor_validation/final_comparison/jobs/004_stage-final_comparison_epoch-3_seed-42_strategy-core_set_lambda-0p5_budget-100/job_state.json
42,core_set,Trajectories/2022-02-06/068_RR220206A_362C_1759.bmp || Trajectories/2022-04-11/075_RR220411A_440C_1519.bmp,0,1.263813718879003,,21.975598363759104,/content/quantum rheed codex/result/professor_validation/final_comparison/jobs/004_stage-final_comparison_epoch-3_seed-42_strategy-core_set_lambda-0p5_budget-100/job_state.json
42,core_set,Trajectories/2022-02-04/117_RR220204A_445C_1740.bmp || Trajectories/2022-02-06/123_RR220206A_894C_1923.bmp,1,1.2620086125009795,,26.59835915073484,/content/quantum rheed codex/result/professor_validation/final_comparison/jobs/004_stage-final_comparison_epoch-3_seed-42_strategy-core_set_lambda-0p5_budget-100/job_state.json
42,core_set,Trajectories/2022-04-11/036_RR220411A_313C_1443.bmp || Trajectories/2022-04-11/072_RR220411A_429C_1516.bmp,9,1.253792612938193,,23.407529868236363,/content/quantum rheed codex/result/professor_validation/final_comparison/jobs/004_stage-final_comparison_epoch-3_seed-42_strategy-core_set_lambda-0p5_budget-100/job_state.json
42,core_set,Trajectories/2022-02-04/378_RR220204A_938C_2312.bmp || Trajectories/2022-02-06/229_RR220206A_766C_2141.bmp,13,1.2398207802286634,,22.206620723382496,/content/quantum rheed codex/result/professor_validation/final_comparison/jobs/004_stage-final_comparison_epoch-3_seed-42_strategy-core_set_lambda-0p5_budget-100/job_state.json
42,core_set,Trajectories/2022-04-11/047_RR220411A_350C_1454.bmp || Trajectories/2022-04-11/186_RR220411A_805C_1658.bmp,4,1.2391672343919733,,22.57997450996887,/content/quantum rheed codex/result/professor_validation/final_comparison/jobs/004_stage-final_comparison_epoch-3_seed-42_strategy-core_set_lambda-0p5_budget-100/job_state.json
42,core_set,Trajectories/2022-02-04/124_RR220204A_444C_1748.bmp || Trajectories/2022-04-11/330_RR220411A_762C_1910.bmp,12,1.2328006294765042,,25.74524134773142,/content/quantum rheed codex/result/professor_validation/final_comparison/jobs/004_stage-final_comparison_epoch-3_seed-42_strategy-core_set_lambda-0p5_budget-100/job_state.json
42,core_set,Trajectories/2022-02-06/129_RR220206A_912C_1929.bmp || Trajectories/2022-04-11/217_RR220411A_857C_1718.bmp,18,1.2309720356793246,,24.972182421652967,/content/quantum rheed codex/result/professor_validation/final_comparison/jobs/004_stage-final_comparison_epoch-3_seed-42_strategy-core_set_lambda-0p5_budget-100/job_state.json
42,core_set,Trajectories/2022-02-06/241_RR220206A_692C_2157.bmp || Trajectories/2022-04-11/201_RR220411A_843C_1711-01.bmp,3,1.1675245823462737,,23.532526348636424,/content/quantum rheed codex/result/professor_validation/final_comparison/jobs/004_stage-final_comparison_epoch-3_seed-42_strategy-core_set_lambda-0p5_budget-100/job_state.json
42,core_set,Trajectories/2022-02-06/097_RR220206A_654C_1837.bmp || Trajectories/2022-04-11/067_RR220411A_416C_1513-02.bmp,4,1.1466685958520089,,22.796558657544036,/content/quantum rheed codex/result/professor_validation/final_comparison/jobs/004_stage-final_comparison_epoch-3_seed-42_strategy-core_set_lambda-0p5_budget-100/job_state.json
42,core_set,Trajectories/2022-04-11/238_RR220411A_905C_1736.bmp || Trajectories/2022-04-11/319_RR220411A_828C_1900.bmp,1,1.1401348900754693,,24.691383813855563,/content/quantum rheed codex/result/professor_validation/final_comparison/jobs/004_stage-final_comparison_epoch-3_seed-42_strategy-core_set_lambda-0p5_budget-100/job_state.json
42,core_set,Trajectories/2022-02-04/037_RR220204A_579C_0146.bmp || Trajectories/2022-02-04/074_RR220204A_297C_1711.bmp,18,1.127486204184838,,22.848479586330704,/content/quantum rheed codex/result/professor_validation/final_comparison/jobs/004_stage-final_comparison_epoch-3_seed-42_strategy-core_set_lambda-0p5_budget-100/job_state.json
42,core_set,Trajectories/2022-04-11/141_RR220411A_656C_1613.bmp || Trajectories/2022-04-11/203_RR220411A_843C_1711-03.bmp,6,1.1225264237724437,,22.995234310701953,/content/quantum rheed codex/result/professor_validation/final_comparison/jobs/004_stage-final_comparison_epoch-3_seed-42_strategy-core_set_lambda-0p5_budget-100/job_state.json
42,core_set,Trajectories/2022-02-06/215_RR220206A_835C_2123.bmp || Trajectories/2022-04-11/140_RR220411A_647C_1612.bmp,8,1.1181669307558522,,22.492506553434566,/content/quantum rheed codex/result/professor_validation/final_comparison/jobs/004_stage-final_comparison_epoch-3_seed-42_strategy-core_set_lambda-0p5_budget-100/job_state.json
42,core_set,Trajectories/2022-02-04/164_RR220204A_507C_1811.bmp || Trajectories/2022-02-06/074_RR220206A_430C_1809.bmp,6,1.108488957290569,,23.552812340623927,/content/quantum rheed codex/result/professor_validation/final_comparison/jobs/004_stage-final_comparison_epoch-3_seed-42_strategy-core_set_lambda-0p5_budget-100/job_state.json
42,core_set,Trajectories/2022-04-11/013_RR220411A_223C_1424.bmp || Trajectories/2022-04-11/306_RR220411A_857C_1850.bmp,11,1.1079066436450553,,22.55094263449832,/content/quantum rheed codex/result/professor_validation/final_comparison/jobs/004_stage-final_comparison_epoch-3_seed-42_strategy-core_set_lambda-0p5_budget-100/job_state.json
42,core_set,Trajectories/2022-02-04/239_RR220204A_720C_1910.bmp || Trajectories/2022-04-11/154_RR220411A_696C_1624.bmp,4,1.1068771575074285,,21.676816053497742,/content/quantum rheed codex/result/professor_validation/final_comparison/jobs/004_stage-final_comparison_epoch-3_seed-42_strategy-core_set_lambda-0p5_budget-100/job_state.json
42,core_set,Trajectories/2022-02-04/189_RR220204A_578C_1830.bmp || Trajectories/2022-02-04/341_RR220204A_937C_2114.bmp,4,1.1038096885655952,,21.795587315703052,/content/quantum rheed codex/result/professor_validation/final_comparison/jobs/004_stage-final_comparison_epoch-3_seed-42_strategy-core_set_lambda-0p5_budget-100/job_state.json
42,core_set,Trajectories/2022-02-04/219_RR220204A_668C_1852.bmp || Trajectories/2022-02-06/191_RR220206A_960C_2056.bmp,13,1.1012821512289668,,22.24439657881138,/content/quantum rheed codex/result/professor_validation/final_comparison/jobs/004_stage-final_comparison_epoch-3_seed-42_strategy-core_set_lambda-0p5_budget-100/job_state.json
42,core_set,Trajectories/2022-02-04/131_RR220204A_466C_1754.bmp || Trajectories/2022-04-11/204_RR220411A_851C_1712.bmp,1,1.0188039062956091,,25.8703051242687,/content/quantum rheed codex/result/professor_validation/final_comparison/jobs/004_stage-final_comparison_epoch-3_seed-42_strategy-core_set_lambda-0p5_budget-100/job_state.json
42,core_set,Trajectories/2022-02-06/090_RR220206A_568C_1828.bmp || Trajectories/2022-04-11/149_RR220411A_676C_1619.bmp,0,0.9811663103694822,,22.36463768626028,/content/quantum rheed codex/result/professor_validation/final_comparison/jobs/004_stage-final_comparison_epoch-3_seed-42_strategy-core_set_lambda-0p5_budget-100/job_state.json
42,core_set,Trajectories/2022-04-11/008_RR220411A_193C_1422.bmp || Trajectories/2022-04-11/093_RR220411A_482C_1531.bmp,9,0.9704207784179516,,23.003454162647913,/content/quantum rheed codex/result/professor_validation/final_comparison/jobs/004_stage-final_comparison_epoch-3_seed-42_strategy-core_set_lambda-0p5_budget-100/job_state.json
42,core_set,Trajectories/2022-02-04/159_RR220204A_501C_1809-01.bmp || Trajectories/2022-04-11/100_RR220411A_492C_1537.bmp,6,0.9278671749851746,,23.192874980127996,/content/quantum rheed codex/result/professor_validation/final_comparison/jobs/004_stage-final_comparison_epoch-3_seed-42_strategy-core_set_lambda-0p5_budget-100/job_state.json
42,core_set,Trajectories/2022-02-04/069_RR220204A_293C_1706.bmp || Trajectories/2022-02-06/147_RR220206A_1024C_1953.bmp,3,0.9168759262035776,,23.92970119548818,/content/quantum rheed codex/result/professor_validation/final_comparison/jobs/004_stage-final_comparison_epoch-3_seed-42_strategy-core_set_lambda-0p5_budget-100/job_state.json
42,core_set,Trajectories/2022-04-11/183_RR220411A_794C_1655.bmp || Trajectories/2022-04-11/226_RR220411A_873C_1725.bmp,6,0.8932454237862575,,23.48584061301237,/content/quantum rheed codex/result/professor_validation/final_comparison/jobs/004_stage-final_comparison_epoch-3_seed-42_strategy-core_set_lambda-0p5_budget-100/job_state.json
42,core_set,Trajectories/2022-02-04/079_RR220204A_301C_1717.bmp || Trajectories/2022-02-04/329_RR220204A_946C_2054.bmp,18,0.8919710899283793,,23.283186369870183,/content/quantum rheed codex/result/professor_validation/final_comparison/jobs/004_stage-final_comparison_epoch-3_seed-42_strategy-core_set_lambda-0p5_budget-100/job_state.json
42,core_set,Trajectories/2022-02-06/095_RR220206A_614C_1835.bmp || Trajectories/2022-02-06/247_RR220206A_657C_2207.bmp,8,0.8732814568773293,,22.77326985830725,/content/quantum rheed codex/result/professor_validation/final_comparison/jobs/004_stage-final_comparison_epoch-3_seed-42_strategy-core_set_lambda-0p5_budget-100/job_state.json
42,core_set,Trajectories/2022-02-06/265_RR220206A_498C_2232.bmp || Trajectories/2022-04-11/288_RR220411A_904C_1837.bmp,3,0.8619687026361906,,23.403042971487757,/content/quantum rheed codex/result/professor_validation/final_comparison/jobs/004_stage-final_comparison_epoch-3_seed-42_strategy-core_set_lambda-0p5_budget-100/job_state.json
42,core_set,Trajectories/2022-02-04/174_RR220204A_527C_1818.bmp || Trajectories/2022-04-11/164_RR220411A_724C_1635.bmp,6,0.8174934042134562,,23.478883447278147,/content/quantum rheed codex/result/professor_validation/final_comparison/jobs/004_stage-final_comparison_epoch-3_seed-42_strategy-core_set_lambda-0p5_budget-100/job_state.json
42,core_set,Trajectories/2022-02-04/170_RR220204A_536C_1818.bmp || Trajectories/2022-02-06/230_RR220206A_767C_2143.bmp,3,0.8157322659660137,,24.065747309486433,/content/quantum rheed codex/result/professor_validation/final_comparison/jobs/004_stage-final_comparison_epoch-3_seed-42_strategy-core_set_lambda-0p5_budget-100/job_state.json
42,core_set,Trajectories/2022-02-06/049_RR220206A_205C_1737.bmp || Trajectories/2022-04-11/356_RR220411A_685C_1925.bmp,12,0.7963581628158801,,23.414565795258188,/content/quantum rheed codex/result/professor_validation/final_comparison/jobs/004_stage-final_comparison_epoch-3_seed-42_strategy-core_set_lambda-0p5_budget-100/job_state.json
42,core_set,Trajectories/2022-02-04/184_RR220204A_576C_1826.bmp || Trajectories/2022-04-11/147_RR220411A_671C_1617.bmp,6,0.7844913211203305,,22.791264990014167,/content/quantum rheed codex/result/professor_validation/final_comparison/jobs/004_stage-final_comparison_epoch-3_seed-42_strategy-core_set_lambda-0p5_budget-100/job_state.json
123,uncertainty,Trajectories/2022-02-04/160_RR220204A_501C_1809-02.bmp || Trajectories/2022-02-04/161_RR220204A_504C_1810.bmp,8,,0.6931465268135071,18.017017714696546,/content/quantum rheed codex/result/professor_validation/final_comparison/jobs/011_stage-final_comparison_epoch-3_seed-123_strategy-uncertainty_lambda-0p5_budget-100/job_state.json
123,uncertainty,Trajectories/2022-02-04/076_RR220204A_299C_1713.bmp || Trajectories/2022-02-04/080_RR220204A_301C_1718.bmp,8,,0.6931465268135071,18.054176316245304,/content/quantum rheed codex/result/professor_validation/final_comparison/jobs/011_stage-final_comparison_epoch-3_seed-123_strategy-uncertainty_lambda-0p5_budget-100/job_state.json
123,uncertainty,Trajectories/2022-02-04/085_RR220204A_378C_1720.bmp || Trajectories/2022-02-04/134_RR220204A_467C_1754-02.bmp,8,,0.6931447386741638,18.1702154663856,/content/quantum rheed codex/result/professor_validation/final_comparison/jobs/011_stage-final_comparison_epoch-3_seed-123_strategy-uncertainty_lambda-0p5_budget-100/job_state.json
123,uncertainty,Trajectories/2022-04-11/267_RR220411A_953C_1800.bmp || Trajectories/2022-04-11/271_RR220411A_951C_1811.bmp,15,,0.6931443214416504,18.19522285617846,/content/quantum rheed codex/result/professor_validation/final_comparison/jobs/011_stage-final_comparison_epoch-3_seed-123_strategy-uncertainty_lambda-0p5_budget-100/job_state.json
123,uncertainty,Trajectories/2022-02-06/090_RR220206A_568C_1828.bmp || Trajectories/2022-04-11/149_RR220411A_676C_1619.bmp,16,,0.6931023001670837,18.101522231952416,/content/quantum rheed codex/result/professor_validation/final_comparison/jobs/011_stage-final_comparison_epoch-3_seed-123_strategy-uncertainty_lambda-0p5_budget-100/job_state.json
123,uncertainty,Trajectories/2022-04-11/227_RR220411A_877C_1726.bmp || Trajectories/2022-04-11/323_RR220411A_816C_1903.bmp,8,,0.6930994391441345,18.393235869020486,/content/quantum rheed codex/result/professor_validation/final_comparison/jobs/011_stage-final_comparison_epoch-3_seed-123_strategy-uncertainty_lambda-0p5_budget-100/job_state.json
123,uncertainty,Trajectories/2022-02-04/129_RR220204A_465C_1753.bmp || Trajectories/2022-04-11/243_RR220411A_909C_1739.bmp,8,,0.6930944323539734,18.30731525968773,/content/quantum rheed codex/result/professor_validation/final_comparison/jobs/011_stage-final_comparison_epoch-3_seed-123_strategy-uncertainty_lambda-0p5_budget-100/job_state.json
123,uncertainty,Trajectories/2022-04-11/028_RR220411A_291C_1436.bmp || Trajectories/2022-04-11/050_RR220411A_370C_1458.bmp,17,,0.6930784583091736,18.66621207086177,/content/quantum rheed codex/result/professor_validation/final_comparison/jobs/011_stage-final_comparison_epoch-3_seed-123_strategy-uncertainty_lambda-0p5_budget-100/job_state.json
123,uncertainty,Trajectories/2022-02-04/209_RR220204A_637C_1845.bmp || Trajectories/2022-02-04/213_RR220204A_668C_1847.bmp,3,,0.6930572390556335,17.076230480901252,/content/quantum rheed codex/result/professor_validation/final_comparison/jobs/011_stage-final_comparison_epoch-3_seed-123_strategy-uncertainty_lambda-0p5_budget-100/job_state.json
123,uncertainty,Trajectories/2022-04-11/246_RR220411A_915C_1741.bmp || Trajectories/2022-04-11/258_RR220411A_932C_1751.bmp,8,,0.6930503249168396,18.342849128552043,/content/quantum rheed codex/result/professor_validation/final_comparison/jobs/011_stage-final_comparison_epoch-3_seed-123_strategy-uncertainty_lambda-0p5_budget-100/job_state.json
123,uncertainty,Trajectories/2022-02-04/148_RR220204A_480C_1804.bmp || Trajectories/2022-04-11/313_RR220411A_839C_1856.bmp,8,,0.6930490732192993,18.14232179633505,/content/quantum rheed codex/result/professor_validation/final_comparison/jobs/011_stage-final_comparison_epoch-3_seed-123_strategy-uncertainty_lambda-0p5_budget-100/job_state.json
123,uncertainty,Trajectories/2022-02-04/126_RR220204A_443C_1750.bmp || Trajectories/2022-04-11/213_RR220411A_857C_1715.bmp,8,,0.693045437335968,18.31092181325672,/content/quantum rheed codex/result/professor_validation/final_comparison/jobs/011_stage-final_comparison_epoch-3_seed-123_strategy-uncertainty_lambda-0p5_budget-100/job_state.json
123,uncertainty,Trajectories/2022-02-06/186_RR220206A_985C_2050.bmp || Trajectories/2022-02-06/251_RR220206A_619C_2214.bmp,14,,0.6930296421051025,17.833378071673213,/content/quantum rheed codex/result/professor_validation/final_comparison/jobs/011_stage-final_comparison_epoch-3_seed-123_strategy-uncertainty_lambda-0p5_budget-100/job_state.json
123,uncertainty,Trajectories/2022-02-04/020_RR220204A_981C_0126-02.bmp || Trajectories/2022-04-11/088_RR220411A_459C_1527.bmp,6,,0.6929699778556824,18.7858277368378,/content/quantum rheed codex/result/professor_validation/final_comparison/jobs/011_stage-final_comparison_epoch-3_seed-123_strategy-uncertainty_lambda-0p5_budget-100/job_state.json
123,uncertainty,Trajectories/2022-04-11/036_RR220411A_313C_1443.bmp || Trajectories/2022-04-11/072_RR220411A_429C_1516.bmp,17,,0.6929370164871216,18.566066379759146,/content/quantum rheed codex/result/professor_validation/final_comparison/jobs/011_stage-final_comparison_epoch-3_seed-123_strategy-uncertainty_lambda-0p5_budget-100/job_state.json
123,uncertainty,Trajectories/2022-02-04/215_RR220204A_669C_1848.bmp || Trajectories/2022-04-11/120_RR220411A_555C_1553.bmp,16,,0.6929275393486023,17.494317640519345,/content/quantum rheed codex/result/professor_validation/final_comparison/jobs/011_stage-final_comparison_epoch-3_seed-123_strategy-uncertainty_lambda-0p5_budget-100/job_state.json
123,uncertainty,Trajectories/2022-02-06/058_RR220206A_249C_1745.bmp || Trajectories/2022-04-11/178_RR220411A_774C_1649.bmp,16,,0.6929062008857727,17.938291338263664,/content/quantum rheed codex/result/professor_validation/final_comparison/jobs/011_stage-final_comparison_epoch-3_seed-123_strategy-uncertainty_lambda-0p5_budget-100/job_state.json
123,uncertainty,Trajectories/2022-02-04/194_RR220204A_610C_1832.bmp || Trajectories/2022-02-06/119_RR220206A_871C_1918.bmp,3,,0.69288170337677,17.58616764733197,/content/quantum rheed codex/result/professor_validation/final_comparison/jobs/011_stage-final_comparison_epoch-3_seed-123_strategy-uncertainty_lambda-0p5_budget-100/job_state.json
123,uncertainty,Trajectories/2022-04-11/203_RR220411A_843C_1711-03.bmp || Trajectories/2022-04-11/284_RR220411A_912C_1835.bmp,15,,0.6928735971450806,18.20403692063543,/content/quantum rheed codex/result/professor_validation/final_comparison/jobs/011_stage-final_comparison_epoch-3_seed-123_strategy-uncertainty_lambda-0p5_budget-100/job_state.json
123,uncertainty,Trajectories/2022-02-04/124_RR220204A_444C_1748.bmp || Trajectories/2022-04-11/330_RR220411A_762C_1910.bmp,1,,0.6928637623786926,18.44339831324409,/content/quantum rheed codex/result/professor_validation/final_comparison/jobs/011_stage-final_comparison_epoch-3_seed-123_strategy-uncertainty_lambda-0p5_budget-100/job_state.json
123,uncertainty,Trajectories/2022-02-04/266_RR220204A_783C_1938.bmp || Trajectories/2022-02-04/356_RR220204A_949C_2144.bmp,12,,0.6928496360778809,19.071127978010672,/content/quantum rheed codex/result/professor_validation/final_comparison/jobs/011_stage-final_comparison_epoch-3_seed-123_strategy-uncertainty_lambda-0p5_budget-100/job_state.json
123,uncertainty,Trajectories/2022-04-11/320_RR220411A_824C_1901.bmp || Trajectories/2022-04-11/332_RR220411A_756C_1911.bmp,1,,0.6928362846374512,18.42159332404442,/content/quantum rheed codex/result/professor_validation/final_comparison/jobs/011_stage-final_comparison_epoch-3_seed-123_strategy-uncertainty_lambda-0p5_budget-100/job_state.json
123,uncertainty,Trajectories/2022-02-06/048_RR220206A_175C_1736.bmp || Trajectories/2022-04-11/189_RR220411A_822C_1703.bmp,3,,0.6927997469902039,17.948212350834435,/content/quantum rheed codex/result/professor_validation/final_comparison/jobs/011_stage-final_comparison_epoch-3_seed-123_strategy-uncertainty_lambda-0p5_budget-100/job_state.json
123,uncertainty,Trajectories/2022-04-11/064_RR220411A_413C_1511.bmp || Trajectories/2022-04-11/138_RR220411A_635C_1610.bmp,16,,0.6926869750022888,18.14333628066253,/content/quantum rheed codex/result/professor_validation/final_comparison/jobs/011_stage-final_comparison_epoch-3_seed-123_strategy-uncertainty_lambda-0p5_budget-100/job_state.json
123,uncertainty,Trajectories/2022-04-11/063_RR220411A_402C_1510.bmp || Trajectories/2022-04-11/131_RR220411A_606C_1603.bmp,16,,0.6926766633987427,18.184376657958797,/content/quantum rheed codex/result/professor_validation/final_comparison/jobs/011_stage-final_comparison_epoch-3_seed-123_strategy-uncertainty_lambda-0p5_budget-100/job_state.json
123,uncertainty,Trajectories/2022-04-11/053_RR220411A_374C_1502.bmp || Trajectories/2022-04-11/156_RR220411A_699C_1628.bmp,16,,0.6926364898681641,18.137768126902788,/content/quantum rheed codex/result/professor_validation/final_comparison/jobs/011_stage-final_comparison_epoch-3_seed-123_strategy-uncertainty_lambda-0p5_budget-100/job_state.json
123,uncertainty,Trajectories/2022-02-06/068_RR220206A_362C_1759.bmp || Trajectories/2022-04-11/030_RR220411A_291C_1437.bmp,6,,0.6925284266471863,18.362131496655547,/content/quantum rheed codex/result/professor_validation/final_comparison/jobs/011_stage-final_comparison_epoch-3_seed-123_strategy-uncertainty_lambda-0p5_budget-100/job_state.json
123,uncertainty,Trajectories/2022-02-06/273_RR220206A_423C_2243.bmp || Trajectories/2022-04-11/093_RR220411A_482C_1531.bmp,0,,0.6924893260002136,17.76856464132834,/content/quantum rheed codex/result/professor_validation/final_comparison/jobs/011_stage-final_comparison_epoch-3_seed-123_strategy-uncertainty_lambda-0p5_budget-100/job_state.json
123,uncertainty,Trajectories/2022-02-04/001_RR220204A_933C_0006.bmp || Trajectories/2022-02-06/230_RR220206A_767C_2143.bmp,14,,0.6924750804901123,18.1648708434055,/content/quantum rheed codex/result/professor_validation/final_comparison/jobs/011_stage-final_comparison_epoch-3_seed-123_strategy-uncertainty_lambda-0p5_budget-100/job_state.json
123,uncertainty,Trajectories/2022-02-04/385_RR220204A_939C_2340.bmp || Trajectories/2022-02-06/171_RR220206A_1085C_2027.bmp,17,,0.6924623847007751,18.26091639485507,/content/quantum rheed codex/result/professor_validation/final_comparison/jobs/011_stage-final_comparison_epoch-3_seed-123_strategy-uncertainty_lambda-0p5_budget-100/job_state.json
123,uncertainty,Trajectories/2022-02-06/095_RR220206A_614C_1835.bmp || Trajectories/2022-02-06/247_RR220206A_657C_2207.bmp,14,,0.6924507021903992,17.965146357636886,/content/quantum rheed codex/result/professor_validation/final_comparison/jobs/011_stage-final_comparison_epoch-3_seed-123_strategy-uncertainty_lambda-0p5_budget-100/job_state.json
123,uncertainty,Trajectories/2022-02-04/379_RR220204A_937C_2315.bmp || Trajectories/2022-02-06/257_RR220206A_581C_2222.bmp,14,,0.6924008727073669,17.797446514922935,/content/quantum rheed codex/result/professor_validation/final_comparison/jobs/011_stage-final_comparison_epoch-3_seed-123_strategy-uncertainty_lambda-0p5_budget-100/job_state.json
123,uncertainty,Trajectories/2022-04-11/001_RR220411A_180C_1417-01.bmp || Trajectories/2022-04-11/051_RR220411A_370C_1500.bmp,17,,0.6923455595970154,18.866184386745523,/content/quantum rheed codex/result/professor_validation/final_comparison/jobs/011_stage-final_comparison_epoch-3_seed-123_strategy-uncertainty_lambda-0p5_budget-100/job_state.json
123,uncertainty,Trajectories/2022-02-06/104_RR220206A_734C_1847.bmp || Trajectories/2022-02-06/207_RR220206A_875C_2114.bmp,14,,0.6923343539237976,18.12255605057155,/content/quantum rheed codex/result/professor_validation/final_comparison/jobs/011_stage-final_comparison_epoch-3_seed-123_strategy-uncertainty_lambda-0p5_budget-100/job_state.json
123,uncertainty,Trajectories/2022-02-04/019_RR220204A_981C_0126-01.bmp || Trajectories/2022-04-11/035_RR220411A_314C_1442.bmp,17,,0.6923208236694336,18.954759658509637,/content/quantum rheed codex/result/professor_validation/final_comparison/jobs/011_stage-final_comparison_epoch-3_seed-123_strategy-uncertainty_lambda-0p5_budget-100/job_state.json
123,uncertainty,Trajectories/2022-02-04/196_RR220204A_611C_1834.bmp || Trajectories/2022-04-11/147_RR220411A_671C_1617.bmp,3,,0.6923141479492188,17.483617566777585,/content/quantum rheed codex/result/professor_validation/final_comparison/jobs/011_stage-final_comparison_epoch-3_seed-123_strategy-uncertainty_lambda-0p5_budget-100/job_state.json
123,uncertainty,Trajectories/2022-02-04/219_RR220204A_668C_1852.bmp || Trajectories/2022-02-06/191_RR220206A_960C_2056.bmp,14,,0.6923069953918457,17.53290164297183,/content/quantum rheed codex/result/professor_validation/final_comparison/jobs/011_stage-final_comparison_epoch-3_seed-123_strategy-uncertainty_lambda-0p5_budget-100/job_state.json
123,uncertainty,Trajectories/2022-02-04/241_RR220204A_736C_1911.bmp || Trajectories/2022-04-11/064_RR220411A_413C_1511.bmp,17,,0.6922785043716431,17.932973087582898,/content/quantum rheed codex/result/professor_validation/final_comparison/jobs/011_stage-final_comparison_epoch-3_seed-123_strategy-uncertainty_lambda-0p5_budget-100/job_state.json
123,uncertainty,Trajectories/2022-02-06/108_RR220206A_769C_1854.bmp || Trajectories/2022-02-06/199_RR220206A_940C_2106.bmp,14,,0.6922773718833923,18.12071705506176,/content/quantum rheed codex/result/professor_validation/final_comparison/jobs/011_stage-final_comparison_epoch-3_seed-123_strategy-uncertainty_lambda-0p5_budget-100/job_state.json
123,uncertainty,Trajectories/2022-02-04/239_RR220204A_720C_1910.bmp || Trajectories/2022-04-11/154_RR220411A_696C_1624.bmp,16,,0.692238986492157,17.509874298161957,/content/quantum rheed codex/result/professor_validation/final_comparison/jobs/011_stage-final_comparison_epoch-3_seed-123_strategy-uncertainty_lambda-0p5_budget-100/job_state.json
123,uncertainty,Trajectories/2022-02-04/378_RR220204A_938C_2312.bmp || Trajectories/2022-02-06/229_RR220206A_766C_2141.bmp,14,,0.6922176480293274,17.966425124050737,/content/quantum rheed codex/result/professor_validation/final_comparison/jobs/011_stage-final_comparison_epoch-3_seed-123_strategy-uncertainty_lambda-0p5_budget-100/job_state.json
123,uncertainty,Trajectories/2022-04-11/397_RR220411A_528C_1948.bmp || Trajectories/2022-04-11/443_RR220411A_303C_2007.bmp,10,,0.6921683549880981,20.663411339742073,/content/quantum rheed codex/result/professor_validation/final_comparison/jobs/011_stage-final_comparison_epoch-3_seed-123_strategy-uncertainty_lambda-0p5_budget-100/job_state.json
123,uncertainty,Trajectories/2022-02-04/194_RR220204A_610C_1832.bmp || Trajectories/2022-04-11/163_RR220411A_715C_1634.bmp,3,,0.6921011209487915,17.509473638546083,/content/quantum rheed codex/result/professor_validation/final_comparison/jobs/011_stage-final_comparison_epoch-3_seed-123_strategy-uncertainty_lambda-0p5_budget-100/job_state.json
123,uncertainty,Trajectories/2022-02-06/215_RR220206A_835C_2123.bmp || Trajectories/2022-04-11/140_RR220411A_647C_1612.bmp,14,,0.6920795440673828,17.789050477868248,/content/quantum rheed codex/result/professor_validation/final_comparison/jobs/011_stage-final_comparison_epoch-3_seed-123_strategy-uncertainty_lambda-0p5_budget-100/job_state.json
123,uncertainty,Trajectories/2022-04-11/008_RR220411A_193C_1422.bmp || Trajectories/2022-04-11/093_RR220411A_482C_1531.bmp,17,,0.691937267780304,18.574165014456927,/content/quantum rheed codex/result/professor_validation/final_comparison/jobs/011_stage-final_comparison_epoch-3_seed-123_strategy-uncertainty_lambda-0p5_budget-100/job_state.json
123,uncertainty,Trajectories/2022-02-04/188_RR220204A_579C_1829.bmp || Trajectories/2022-04-11/113_RR220411A_539C_1548.bmp,3,,0.6918918490409851,17.64579745013354,/content/quantum rheed codex/result/professor_validation/final_comparison/jobs/011_stage-final_comparison_epoch-3_seed-123_strategy-uncertainty_lambda-0p5_budget-100/job_state.json
123,uncertainty,Trajectories/2022-02-04/034_RR220204A_655C_0142.bmp || Trajectories/2022-02-06/272_RR220206A_424C_2242.bmp,0,,0.6918668746948242,17.88679644373024,/content/quantum rheed codex/result/professor_validation/final_comparison/jobs/011_stage-final_comparison_epoch-3_seed-123_strategy-uncertainty_lambda-0p5_budget-100/job_state.json
123,uncertainty,Trajectories/2022-02-04/013_RR220204A_949C_0119.bmp || Trajectories/2022-02-06/077_RR220206A_461C_1813.bmp,6,,0.6915615797042847,18.498478016212285,/content/quantum rheed codex/result/professor_validation/final_comparison/jobs/011_stage-final_comparison_epoch-3_seed-123_strategy-uncertainty_lambda-0p5_budget-100/job_state.json
123,uncertainty,Trajectories/2022-04-11/323_RR220411A_816C_1903.bmp || Trajectories/2022-04-11/366_RR220411A_654C_1930.bmp,1,,0.6915085911750793,18.859781109415984,/content/quantum rheed codex/result/professor_validation/final_comparison/jobs/011_stage-final_comparison_epoch-3_seed-123_strategy-uncertainty_lambda-0p5_budget-100/job_state.json
123,uncertainty,Trajectories/2022-02-04/324_RR220204A_913C_2047.bmp || Trajectories/2022-04-11/057_RR220411A_389C_1506-01.bmp,5,,0.6914330720901489,17.986927565985454,/content/quantum rheed codex/result/professor_validation/final_comparison/jobs/011_stage-final_comparison_epoch-3_seed-123_strategy-uncertainty_lambda-0p5_budget-100/job_state.json
123,uncertainty,Trajectories/2022-02-04/206_RR220204A_641C_1841.bmp || Trajectories/2022-02-06/187_RR220206A_985C_2051.bmp,14,,0.6913787126541138,17.590767040452505,/content/quantum rheed codex/result/professor_validation/final_comparison/jobs/011_stage-final_comparison_epoch-3_seed-123_strategy-uncertainty_lambda-0p5_budget-100/job_state.json
123,uncertainty,Trajectories/2022-02-04/263_RR220204A_793C_1934.bmp || Trajectories/2022-04-11/042_RR220411A_331C_1448.bmp,2,,0.6913706660270691,18.46000003997935,/content/quantum rheed codex/result/professor_validation/final_comparison/jobs/011_stage-final_comparison_epoch-3_seed-123_strategy-uncertainty_lambda-0p5_budget-100/job_state.json
123,uncertainty,Trajectories/2022-02-04/205_RR220204A_642C_1839-02.bmp || Trajectories/2022-02-04/337_RR220204A_938C_2106.bmp,0,,0.6913529634475708,17.481586947297966,/content/quantum rheed codex/result/professor_validation/final_comparison/jobs/011_stage-final_comparison_epoch-3_seed-123_strategy-uncertainty_lambda-0p5_budget-100/job_state.json
123,uncertainty,Trajectories/2022-04-11/047_RR220411A_350C_1454.bmp || Trajectories/2022-04-11/186_RR220411A_805C_1658.bmp,16,,0.6912954449653625,18.13662189226206,/content/quantum rheed codex/result/professor_validation/final_comparison/jobs/011_stage-final_comparison_epoch-3_seed-123_strategy-uncertainty_lambda-0p5_budget-100/job_state.json
123,uncertainty,Trajectories/2022-02-04/253_RR220204A_782C_1923.bmp || Trajectories/2022-02-06/262_RR220206A_540C_2228.bmp,14,,0.6912834644317627,17.570871333906464,/content/quantum rheed codex/result/professor_validation/final_comparison/jobs/011_stage-final_comparison_epoch-3_seed-123_strategy-uncertainty_lambda-0p5_budget-100/job_state.json
123,uncertainty,Trajectories/2022-02-04/093_RR220204A_397C_1722.bmp || Trajectories/2022-04-11/367_RR220411A_648C_1932.bmp,1,,0.6909991502761841,18.750098311378324,/content/quantum rheed codex/result/professor_validation/final_comparison/jobs/011_stage-final_comparison_epoch-3_seed-123_strategy-uncertainty_lambda-0p5_budget-100/job_state.json
123,uncertainty,Trajectories/2022-02-04/294_RR220204A_843C_2014.bmp || Trajectories/2022-02-06/140_RR220206A_993C_1941.bmp,2,,0.6909232139587402,19.047358515168007,/content/quantum rheed codex/result/professor_validation/final_comparison/jobs/011_stage-final_comparison_epoch-3_seed-123_strategy-uncertainty_lambda-0p5_budget-100/job_state.json
123,uncertainty,Trajectories/2022-02-04/139_RR220204A_470C_1758.bmp || Trajectories/2022-04-11/372_RR220411A_636C_1935.bmp,1,,0.690861165523529,18.802119592148408,/content/quantum rheed codex/result/professor_validation/final_comparison/jobs/011_stage-final_comparison_epoch-3_seed-123_strategy-uncertainty_lambda-0p5_budget-100/job_state.json
123,uncertainty,Trajectories/2022-02-04/147_RR220204A_486C_1804.bmp || Trajectories/2022-04-11/363_RR220411A_661C_1929.bmp,1,,0.6908347010612488,18.679511513573463,/content/quantum rheed codex/result/professor_validation/final_comparison/jobs/011_stage-final_comparison_epoch-3_seed-123_strategy-uncertainty_lambda-0p5_budget-100/job_state.json
123,uncertainty,Trajectories/2022-02-04/320_RR220204A_915C_2039.bmp || Trajectories/2022-02-06/282_RR220206A_184C_2256.bmp,9,,0.6907250285148621,17.51516122603527,/content/quantum rheed codex/result/professor_validation/final_comparison/jobs/011_stage-final_comparison_epoch-3_seed-123_strategy-uncertainty_lambda-0p5_budget-100/job_state.json
123,uncertainty,Trajectories/2022-02-06/057_RR220206A_249C_1744.bmp || Trajectories/2022-02-06/154_RR220206A_1092C_2003-02.bmp,16,,0.690713107585907,18.09485130114763,/content/quantum rheed codex/result/professor_validation/final_comparison/jobs/011_stage-final_comparison_epoch-3_seed-123_strategy-uncertainty_lambda-0p5_budget-100/job_state.json
123,uncertainty,Trajectories/2022-02-04/296_RR220204A_869C_2015.bmp || Trajectories/2022-04-11/009_RR220411A_206C_1423.bmp,12,,0.6906035542488098,19.598011750223158,/content/quantum rheed codex/result/professor_validation/final_comparison/jobs/011_stage-final_comparison_epoch-3_seed-123_strategy-uncertainty_lambda-0p5_budget-100/job_state.json
123,uncertainty,Trajectories/2022-02-04/029_RR220204A_808C_0135.bmp || Trajectories/2022-02-04/242_RR220204A_720C_1911.bmp,5,,0.690462052822113,17.832702593647124,/content/quantum rheed codex/result/professor_validation/final_comparison/jobs/011_stage-final_comparison_epoch-3_seed-123_strategy-uncertainty_lambda-0p5_budget-100/job_state.json
123,uncertainty,Trajectories/2022-02-04/197_RR220204A_611C_1835.bmp || Trajectories/2022-04-11/233_RR220411A_889C_1731.bmp,15,,0.6902837157249451,17.837342796114307,/content/quantum rheed codex/result/professor_validation/final_comparison/jobs/011_stage-final_comparison_epoch-3_seed-123_strategy-uncertainty_lambda-0p5_budget-100/job_state.json
123,uncertainty,Trajectories/2022-02-04/048_RR220204A_245C_0201.bmp || Trajectories/2022-04-11/183_RR220411A_794C_1655.bmp,6,,0.6902817487716675,18.596265483889468,/content/quantum rheed codex/result/professor_validation/final_comparison/jobs/011_stage-final_comparison_epoch-3_seed-123_strategy-uncertainty_lambda-0p5_budget-100/job_state.json
123,uncertainty,Trajectories/2022-02-04/174_RR220204A_527C_1818.bmp || Trajectories/2022-04-11/164_RR220411A_724C_1635.bmp,13,,0.6894218325614929,17.68261654946181,/content/quantum rheed codex/result/professor_validation/final_comparison/jobs/011_stage-final_comparison_epoch-3_seed-123_strategy-uncertainty_lambda-0p5_budget-100/job_state.json
123,uncertainty,Trajectories/2022-04-11/063_RR220411A_402C_1510.bmp || Trajectories/2022-04-11/268_RR220411A_952C_1801.bmp,0,,0.6890968084335327,18.15516786056571,/content/quantum rheed codex/result/professor_validation/final_comparison/jobs/011_stage-final_comparison_epoch-3_seed-123_strategy-uncertainty_lambda-0p5_budget-100/job_state.json
123,uncertainty,Trajectories/2022-02-06/037_RR220206A_165C_1722.bmp || Trajectories/2022-04-11/219_RR220411A_865C_1720.bmp,13,,0.6889480352401733,18.149166213937033,/content/quantum rheed codex/result/professor_validation/final_comparison/jobs/011_stage-final_comparison_epoch-3_seed-123_strategy-uncertainty_lambda-0p5_budget-100/job_state.json
123,uncertainty,Trajectories/2022-02-04/117_RR220204A_445C_1740.bmp || Trajectories/2022-02-06/123_RR220206A_894C_1923.bmp,15,,0.6889409422874451,17.847889570487574,/content/quantum rheed codex/result/professor_validation/final_comparison/jobs/011_stage-final_comparison_epoch-3_seed-123_strategy-uncertainty_lambda-0p5_budget-100/job_state.json
123,uncertainty,Trajectories/2022-02-04/300_RR220204A_881C_2018.bmp || Trajectories/2022-02-06/195_RR220206A_944C_2101.bmp,2,,0.6889162063598633,19.13681047818314,/content/quantum rheed codex/result/professor_validation/final_comparison/jobs/011_stage-final_comparison_epoch-3_seed-123_strategy-uncertainty_lambda-0p5_budget-100/job_state.json
123,uncertainty,Trajectories/2022-02-04/159_RR220204A_501C_1809-01.bmp || Trajectories/2022-04-11/100_RR220411A_492C_1537.bmp,13,,0.6888119578361511,17.861217424780648,/content/quantum rheed codex/result/professor_validation/final_comparison/jobs/011_stage-final_comparison_epoch-3_seed-123_strategy-uncertainty_lambda-0p5_budget-100/job_state.json
123,uncertainty,Trajectories/2022-04-11/141_RR220411A_656C_1613.bmp || Trajectories/2022-04-11/203_RR220411A_843C_1711-03.bmp,13,,0.6886825561523438,17.91187683122861,/content/quantum rheed codex/result/professor_validation/final_comparison/jobs/011_stage-final_comparison_epoch-3_seed-123_strategy-uncertainty_lambda-0p5_budget-100/job_state.json
123,uncertainty,Trajectories/2022-02-06/125_RR220206A_887C_1925.bmp || Trajectories/2022-04-11/313_RR220411A_839C_1856.bmp,15,,0.688612163066864,17.781475764346983,/content/quantum rheed codex/result/professor_validation/final_comparison/jobs/011_stage-final_comparison_epoch-3_seed-123_strategy-uncertainty_lambda-0p5_budget-100/job_state.json
123,uncertainty,Trajectories/2022-04-11/183_RR220411A_794C_1655.bmp || Trajectories/2022-04-11/226_RR220411A_873C_1725.bmp,13,,0.688496470451355,17.996661819967404,/content/quantum rheed codex/result/professor_validation/final_comparison/jobs/011_stage-final_comparison_epoch-3_seed-123_strategy-uncertainty_lambda-0p5_budget-100/job_state.json
123,uncertainty,Trajectories/2022-02-04/189_RR220204A_578C_1830.bmp || Trajectories/2022-02-04/341_RR220204A_937C_2114.bmp,0,,0.688416063785553,17.611334345104236,/content/quantum rheed codex/result/professor_validation/final_comparison/jobs/011_stage-final_comparison_epoch-3_seed-123_strategy-uncertainty_lambda-0p5_budget-100/job_state.json
123,uncertainty,Trajectories/2022-02-06/125_RR220206A_887C_1925.bmp || Trajectories/2022-04-11/226_RR220411A_873C_1725.bmp,15,,0.6882062554359436,17.96658966405657,/content/quantum rheed codex/result/professor_validation/final_comparison/jobs/011_stage-final_comparison_epoch-3_seed-123_strategy-uncertainty_lambda-0p5_budget-100/job_state.json
123,uncertainty,Trajectories/2022-02-04/305_RR220204A_915C_2023.bmp || Trajectories/2022-02-04/335_RR220204A_940C_2102.bmp,12,,0.6881361603736877,19.410377681937714,/content/quantum rheed codex/result/professor_validation/final_comparison/jobs/011_stage-final_comparison_epoch-3_seed-123_strategy-uncertainty_lambda-0p5_budget-100/job_state.json
123,uncertainty,Trajectories/2022-02-04/152_RR220204A_488C_1805-02.bmp || Trajectories/2022-04-11/173_RR220411A_755C_1643.bmp,13,,0.6880494356155396,17.76258943936875,/content/quantum rheed codex/result/professor_validation/final_comparison/jobs/011_stage-final_comparison_epoch-3_seed-123_strategy-uncertainty_lambda-0p5_budget-100/job_state.json
123,uncertainty,Trajectories/2022-02-06/265_RR220206A_498C_2232.bmp || Trajectories/2022-04-11/288_RR220411A_904C_1837.bmp,9,,0.6880080103874207,17.777523345441494,/content/quantum rheed codex/result/professor_validation/final_comparison/jobs/011_stage-final_comparison_epoch-3_seed-123_strategy-uncertainty_lambda-0p5_budget-100/job_state.json
123,uncertainty,Trajectories/2022-02-04/085_RR220204A_378C_1720.bmp || Trajectories/2022-02-04/328_RR220204A_946C_2053.bmp,4,,0.6877398490905762,17.77340747847999,/content/quantum rheed codex/result/professor_validation/final_comparison/jobs/011_stage-final_comparison_epoch-3_seed-123_strategy-uncertainty_lambda-0p5_budget-100/job_state.json
123,uncertainty,Trajectories/2022-04-11/066_RR220411A_416C_1513-01.bmp || Trajectories/2022-04-11/292_RR220411A_887C_1841.bmp,4,,0.687675416469574,18.013844356732967,/content/quantum rheed codex/result/professor_validation/final_comparison/jobs/011_stage-final_comparison_epoch-3_seed-123_strategy-uncertainty_lambda-0p5_budget-100/job_state.json
123,uncertainty,Trajectories/2022-02-04/021_RR220204A_981C_0126-03.bmp || Trajectories/2022-04-11/225_RR220411A_873C_1724.bmp,4,,0.687468945980072,18.595882647231388,/content/quantum rheed codex/result/professor_validation/final_comparison/jobs/011_stage-final_comparison_epoch-3_seed-123_strategy-uncertainty_lambda-0p5_budget-100/job_state.json
123,uncertainty,Trajectories/2022-02-04/139_RR220204A_470C_1758.bmp || Trajectories/2022-04-11/094_RR220411A_484C_1532.bmp,13,,0.6874299049377441,17.931244207410153,/content/quantum rheed codex/result/professor_validation/final_comparison/jobs/011_stage-final_comparison_epoch-3_seed-123_strategy-uncertainty_lambda-0p5_budget-100/job_state.json
123,uncertainty,Trajectories/2022-02-04/314_RR220204A_937C_2030.bmp || Trajectories/2022-04-11/081_RR220411A_453C_1523.bmp,12,,0.687269389629364,19.81834557640161,/content/quantum rheed codex/result/professor_validation/final_comparison/jobs/011_stage-final_comparison_epoch-3_seed-123_strategy-uncertainty_lambda-0p5_budget-100/job_state.json
123,uncertainty,Trajectories/2022-02-04/156_RR220204A_490C_1808.bmp || Trajectories/2022-02-04/383_RR220204A_937C_2331.bmp,4,,0.6871337294578552,17.88034796971601,/content/quantum rheed codex/result/professor_validation/final_comparison/jobs/011_stage-final_comparison_epoch-3_seed-123_strategy-uncertainty_lambda-0p5_budget-100/job_state.json
123,uncertainty,Trajectories/2022-02-04/020_RR220204A_981C_0126-02.bmp || Trajectories/2022-02-04/133_RR220204A_467C_1754-01.bmp,4,,0.6869915127754211,18.37782063440064,/content/quantum rheed codex/result/professor_validation/final_comparison/jobs/011_stage-final_comparison_epoch-3_seed-123_strategy-uncertainty_lambda-0p5_budget-100/job_state.json
123,uncertainty,Trajectories/2022-02-06/189_RR220206A_971C_2054-01.bmp || Trajectories/2022-04-11/286_RR220411A_906C_1837.bmp,9,,0.6867954134941101,17.966815631010796,/content/quantum rheed codex/result/professor_validation/final_comparison/jobs/011_stage-final_comparison_epoch-3_seed-123_strategy-uncertainty_lambda-0p5_budget-100/job_state.json
123,uncertainty,Trajectories/2022-02-04/133_RR220204A_467C_1754-01.bmp || Trajectories/2022-04-11/088_RR220411A_459C_1527.bmp,13,,0.6867237091064453,17.965019254368126,/content/quantum rheed codex/result/professor_validation/final_comparison/jobs/011_stage-final_comparison_epoch-3_seed-123_strategy-uncertainty_lambda-0p5_budget-100/job_state.json
123,uncertainty,Trajectories/2022-02-06/191_RR220206A_960C_2056.bmp || Trajectories/2022-04-11/286_RR220411A_906C_1837.bmp,9,,0.6867011189460754,17.948253230894853,/content/quantum rheed codex/result/professor_validation/final_comparison/jobs/011_stage-final_comparison_epoch-3_seed-123_strategy-uncertainty_lambda-0p5_budget-100/job_state.json
123,uncertainty,Trajectories/2022-02-04/170_RR220204A_536C_1818.bmp || Trajectories/2022-02-06/230_RR220206A_767C_2143.bmp,9,,0.6865918040275574,17.677780547061307,/content/quantum rheed codex/result/professor_validation/final_comparison/jobs/011_stage-final_comparison_epoch-3_seed-123_strategy-uncertainty_lambda-0p5_budget-100/job_state.json
123,uncertainty,Trajectories/2022-02-04/295_RR220204A_882C_2015.bmp || Trajectories/2022-02-04/332_RR220204A_941C_2057.bmp,12,,0.6865796446800232,19.020881453851857,/content/quantum rheed codex/result/professor_validation/final_comparison/jobs/011_stage-final_comparison_epoch-3_seed-123_strategy-uncertainty_lambda-0p5_budget-100/job_state.json
123,uncertainty,Trajectories/2022-02-06/129_RR220206A_912C_1929.bmp || Trajectories/2022-04-11/217_RR220411A_857C_1718.bmp,15,,0.6859938502311707,17.85404939530431,/content/quantum rheed codex/result/professor_validation/final_comparison/jobs/011_stage-final_comparison_epoch-3_seed-123_strategy-uncertainty_lambda-0p5_budget-100/job_state.json
123,uncertainty,Trajectories/2022-02-04/164_RR220204A_507C_1811.bmp || Trajectories/2022-02-06/074_RR220206A_430C_1809.bmp,3,,0.6858989596366882,17.778128603312584,/content/quantum rheed codex/result/professor_validation/final_comparison/jobs/011_stage-final_comparison_epoch-3_seed-123_strategy-uncertainty_lambda-0p5_budget-100/job_state.json
123,uncertainty,Trajectories/2022-04-11/069_RR220411A_428C_1515.bmp || Trajectories/2022-04-11/231_RR220411A_882C_1729.bmp,4,,0.6857529282569885,18.156166089838596,/content/quantum rheed codex/result/professor_validation/final_comparison/jobs/011_stage-final_comparison_epoch-3_seed-123_strategy-uncertainty_lambda-0p5_budget-100/job_state.json
123,uncertainty,Trajectories/2022-02-04/178_RR220204A_544C_1822.bmp || Trajectories/2022-04-11/013_RR220411A_223C_1424.bmp,0,,0.6855638027191162,17.938214627787573,/content/quantum rheed codex/result/professor_validation/final_comparison/jobs/011_stage-final_comparison_epoch-3_seed-123_strategy-uncertainty_lambda-0p5_budget-100/job_state.json
123,uncertainty,Trajectories/2022-02-04/229_RR220204A_696C_1901-02.bmp || Trajectories/2022-04-11/208_RR220411A_850C_1713-02.bmp,13,,0.6853473782539368,17.552617830849975,/content/quantum rheed codex/result/professor_validation/final_comparison/jobs/011_stage-final_comparison_epoch-3_seed-123_strategy-uncertainty_lambda-0p5_budget-100/job_state.json
123,uncertainty,Trajectories/2022-02-04/385_RR220204A_939C_2340.bmp || Trajectories/2022-04-11/237_RR220411A_901C_1735.bmp,4,,0.6853468418121338,18.155549317789852,/content/quantum rheed codex/result/professor_validation/final_comparison/jobs/011_stage-final_comparison_epoch-3_seed-123_strategy-uncertainty_lambda-0p5_budget-100/job_state.json
123,uncertainty,Trajectories/2022-02-06/241_RR220206A_692C_2157.bmp || Trajectories/2022-04-11/201_RR220411A_843C_1711-01.bmp,9,,0.6853224635124207,17.84894878246785,/content/quantum rheed codex/result/professor_validation/final_comparison/jobs/011_stage-final_comparison_epoch-3_seed-123_strategy-uncertainty_lambda-0p5_budget-100/job_state.json
123,uncertainty,Trajectories/2022-02-06/049_RR220206A_205C_1737.bmp || Trajectories/2022-04-11/356_RR220411A_685C_1925.bmp,19,,0.6851747632026672,18.299901325174485,/content/quantum rheed codex/result/professor_validation/final_comparison/jobs/011_stage-final_comparison_epoch-3_seed-123_strategy-uncertainty_lambda-0p5_budget-100/job_state.json
123,uncertainty,Trajectories/2022-04-11/278_RR220411A_932C_1829.bmp || Trajectories/2022-04-11/386_RR220411A_580C_1943.bmp,1,,0.684941828250885,18.842806098556203,/content/quantum rheed codex/result/professor_validation/final_comparison/jobs/011_stage-final_comparison_epoch-3_seed-123_strategy-uncertainty_lambda-0p5_budget-100/job_state.json
79,uncertainty,Trajectories/2022-02-04/085_RR220204A_378C_1720.bmp || Trajectories/2022-02-04/134_RR220204A_467C_1754-02.bmp,2,,0.6931418776512146,42.12859514856155,/content/quantum rheed codex/result/professor_validation/final_comparison/jobs/006_stage-final_comparison_epoch-3_seed-79_strategy-uncertainty_lambda-0p5_budget-100/job_state.json
79,uncertainty,Trajectories/2022-02-06/058_RR220206A_249C_1745.bmp || Trajectories/2022-04-11/178_RR220411A_774C_1649.bmp,19,,0.6931173801422119,30.8770130610916,/content/quantum rheed codex/result/professor_validation/final_comparison/jobs/006_stage-final_comparison_epoch-3_seed-79_strategy-uncertainty_lambda-0p5_budget-100/job_state.json
79,uncertainty,Trajectories/2022-04-11/397_RR220411A_528C_1948.bmp || Trajectories/2022-04-11/443_RR220411A_303C_2007.bmp,9,,0.6931126713752747,39.922824352071736,/content/quantum rheed codex/result/professor_validation/final_comparison/jobs/006_stage-final_comparison_epoch-3_seed-79_strategy-uncertainty_lambda-0p5_budget-100/job_state.json
79,uncertainty,Trajectories/2022-04-11/267_RR220411A_953C_1800.bmp || Trajectories/2022-04-11/271_RR220411A_951C_1811.bmp,1,,0.6930703520774841,33.68372024162559,/content/quantum rheed codex/result/professor_validation/final_comparison/jobs/006_stage-final_comparison_epoch-3_seed-79_strategy-uncertainty_lambda-0p5_budget-100/job_state.json
79,uncertainty,Trajectories/2022-02-04/029_RR220204A_808C_0135.bmp || Trajectories/2022-02-04/242_RR220204A_720C_1911.bmp,13,,0.6930658221244812,35.99059954022967,/content/quantum rheed codex/result/professor_validation/final_comparison/jobs/006_stage-final_comparison_epoch-3_seed-79_strategy-uncertainty_lambda-0p5_budget-100/job_state.json
79,uncertainty,Trajectories/2022-02-04/195_RR220204A_611C_1832.bmp || Trajectories/2022-02-04/320_RR220204A_915C_2039.bmp,2,,0.6930529475212097,40.605724180113775,/content/quantum rheed codex/result/professor_validation/final_comparison/jobs/006_stage-final_comparison_epoch-3_seed-79_strategy-uncertainty_lambda-0p5_budget-100/job_state.json
79,uncertainty,Trajectories/2022-04-11/246_RR220411A_915C_1741.bmp || Trajectories/2022-04-11/258_RR220411A_932C_1751.bmp,8,,0.6930348873138428,37.814689888806285,/content/quantum rheed codex/result/professor_validation/final_comparison/jobs/006_stage-final_comparison_epoch-3_seed-79_strategy-uncertainty_lambda-0p5_budget-100/job_state.json
79,uncertainty,Trajectories/2022-04-11/343_RR220411A_722C_1918.bmp || Trajectories/2022-04-11/374_RR220411A_625C_1937.bmp,16,,0.6930082440376282,38.03698137826756,/content/quantum rheed codex/result/professor_validation/final_comparison/jobs/006_stage-final_comparison_epoch-3_seed-79_strategy-uncertainty_lambda-0p5_budget-100/job_state.json
79,uncertainty,Trajectories/2022-04-11/323_RR220411A_816C_1903.bmp || Trajectories/2022-04-11/366_RR220411A_654C_1930.bmp,16,,0.6929173469543457,37.4689035897242,/content/quantum rheed codex/result/professor_validation/final_comparison/jobs/006_stage-final_comparison_epoch-3_seed-79_strategy-uncertainty_lambda-0p5_budget-100/job_state.json
79,uncertainty,Trajectories/2022-02-06/125_RR220206A_887C_1925.bmp || Trajectories/2022-04-11/313_RR220411A_839C_1856.bmp,7,,0.6926897168159485,35.725484766221705,/content/quantum rheed codex/result/professor_validation/final_comparison/jobs/006_stage-final_comparison_epoch-3_seed-79_strategy-uncertainty_lambda-0p5_budget-100/job_state.json
79,uncertainty,Trajectories/2022-02-06/097_RR220206A_654C_1837.bmp || Trajectories/2022-04-11/067_RR220411A_416C_1513-02.bmp,14,,0.6926760673522949,24.68389989937625,/content/quantum rheed codex/result/professor_validation/final_comparison/jobs/006_stage-final_comparison_epoch-3_seed-79_strategy-uncertainty_lambda-0p5_budget-100/job_state.json
79,uncertainty,Trajectories/2022-04-11/001_RR220411A_180C_1417-01.bmp || Trajectories/2022-04-11/051_RR220411A_370C_1500.bmp,4,,0.6925994753837585,23.6508138828061,/content/quantum rheed codex/result/professor_validation/final_comparison/jobs/006_stage-final_comparison_epoch-3_seed-79_strategy-uncertainty_lambda-0p5_budget-100/job_state.json
79,uncertainty,Trajectories/2022-02-04/221_RR220204A_666C_1854.bmp || Trajectories/2022-04-11/358_RR220411A_677C_1926.bmp,16,,0.6924839019775391,38.0896977771878,/content/quantum rheed codex/result/professor_validation/final_comparison/jobs/006_stage-final_comparison_epoch-3_seed-79_strategy-uncertainty_lambda-0p5_budget-100/job_state.json
79,uncertainty,Trajectories/2022-02-04/129_RR220204A_465C_1753.bmp || Trajectories/2022-04-11/243_RR220411A_909C_1739.bmp,2,,0.6924424171447754,40.732213496906645,/content/quantum rheed codex/result/professor_validation/final_comparison/jobs/006_stage-final_comparison_epoch-3_seed-79_strategy-uncertainty_lambda-0p5_budget-100/job_state.json
79,uncertainty,Trajectories/2022-02-04/229_RR220204A_696C_1901-02.bmp || Trajectories/2022-04-11/208_RR220411A_850C_1713-02.bmp,8,,0.6923686861991882,38.32672249036274,/content/quantum rheed codex/result/professor_validation/final_comparison/jobs/006_stage-final_comparison_epoch-3_seed-79_strategy-uncertainty_lambda-0p5_budget-100/job_state.json
79,uncertainty,Trajectories/2022-04-11/138_RR220411A_635C_1610.bmp || Trajectories/2022-04-11/186_RR220411A_805C_1658.bmp,19,,0.6922714710235596,31.191436306317193,/content/quantum rheed codex/result/professor_validation/final_comparison/jobs/006_stage-final_comparison_epoch-3_seed-79_strategy-uncertainty_lambda-0p5_budget-100/job_state.json
79,uncertainty,Trajectories/2022-02-04/044_RR220204A_348C_0157.bmp || Trajectories/2022-02-04/059_RR220204A_180C_0211.bmp,1,,0.6922570466995239,33.392326078584254,/content/quantum rheed codex/result/professor_validation/final_comparison/jobs/006_stage-final_comparison_epoch-3_seed-79_strategy-uncertainty_lambda-0p5_budget-100/job_state.json
79,uncertainty,Trajectories/2022-02-04/334_RR220204A_939C_2101.bmp || Trajectories/2022-04-11/386_RR220411A_580C_1943.bmp,16,,0.6920778155326843,37.754412609292764,/content/quantum rheed codex/result/professor_validation/final_comparison/jobs/006_stage-final_comparison_epoch-3_seed-79_strategy-uncertainty_lambda-0p5_budget-100/job_state.json
79,uncertainty,Trajectories/2022-02-06/095_RR220206A_614C_1835.bmp || Trajectories/2022-02-06/247_RR220206A_657C_2207.bmp,14,,0.6919869780540466,24.85364397180563,/content/quantum rheed codex/result/professor_validation/final_comparison/jobs/006_stage-final_comparison_epoch-3_seed-79_strategy-uncertainty_lambda-0p5_budget-100/job_state.json
79,uncertainty,Trajectories/2022-02-04/181_RR220204A_572C_1825.bmp || Trajectories/2022-04-11/437_RR220411A_345C_2004.bmp,9,,0.69184809923172,40.6726482998663,/content/quantum rheed codex/result/professor_validation/final_comparison/jobs/006_stage-final_comparison_epoch-3_seed-79_strategy-uncertainty_lambda-0p5_budget-100/job_state.json
79,uncertainty,Trajectories/2022-02-06/048_RR220206A_175C_1736.bmp || Trajectories/2022-04-11/189_RR220411A_822C_1703.bmp,1,,0.6918078064918518,33.03763025382249,/content/quantum rheed codex/result/professor_validation/final_comparison/jobs/006_stage-final_comparison_epoch-3_seed-79_strategy-uncertainty_lambda-0p5_budget-100/job_state.json
79,uncertainty,Trajectories/2022-02-04/221_RR220204A_666C_1854.bmp || Trajectories/2022-02-04/339_RR220204A_938C_2110.bmp,13,,0.6916214823722839,36.21170195925034,/content/quantum rheed codex/result/professor_validation/final_comparison/jobs/006_stage-final_comparison_epoch-3_seed-79_strategy-uncertainty_lambda-0p5_budget-100/job_state.json
79,uncertainty,Trajectories/2022-04-11/036_RR220411A_313C_1443.bmp || Trajectories/2022-04-11/072_RR220411A_429C_1516.bmp,4,,0.6915512084960938,24.618024263389643,/content/quantum rheed codex/result/professor_validation/final_comparison/jobs/006_stage-final_comparison_epoch-3_seed-79_strategy-uncertainty_lambda-0p5_budget-100/job_state.json
79,uncertainty,Trajectories/2022-02-04/338_RR220204A_940C_2108.bmp || Trajectories/2022-04-11/354_RR220411A_693C_1924.bmp,7,,0.6915075182914734,35.827902483057116,/content/quantum rheed codex/result/professor_validation/final_comparison/jobs/006_stage-final_comparison_epoch-3_seed-79_strategy-uncertainty_lambda-0p5_budget-100/job_state.json
79,uncertainty,Trajectories/2022-02-04/097_RR220204A_405C_1727.bmp || Trajectories/2022-04-11/383_RR220411A_597C_1941.bmp,9,,0.6915056705474854,40.631509135056476,/content/quantum rheed codex/result/professor_validation/final_comparison/jobs/006_stage-final_comparison_epoch-3_seed-79_strategy-uncertainty_lambda-0p5_budget-100/job_state.json
79,uncertainty,Trajectories/2022-02-04/085_RR220204A_378C_1720.bmp || Trajectories/2022-02-04/328_RR220204A_946C_2053.bmp,2,,0.6912715435028076,39.636475219232715,/content/quantum rheed codex/result/professor_validation/final_comparison/jobs/006_stage-final_comparison_epoch-3_seed-79_strategy-uncertainty_lambda-0p5_budget-100/job_state.json
79,uncertainty,Trajectories/2022-02-04/385_RR220204A_939C_2340.bmp || Trajectories/2022-04-11/237_RR220411A_901C_1735.bmp,8,,0.6912458539009094,37.697233967801935,/content/quantum rheed codex/result/professor_validation/final_comparison/jobs/006_stage-final_comparison_epoch-3_seed-79_strategy-uncertainty_lambda-0p5_budget-100/job_state.json
79,uncertainty,Trajectories/2022-02-04/079_RR220204A_301C_1717.bmp || Trajectories/2022-02-04/329_RR220204A_946C_2054.bmp,2,,0.6912443041801453,39.505533530820934,/content/quantum rheed codex/result/professor_validation/final_comparison/jobs/006_stage-final_comparison_epoch-3_seed-79_strategy-uncertainty_lambda-0p5_budget-100/job_state.json
79,uncertainty,Trajectories/2022-02-04/147_RR220204A_486C_1804.bmp || Trajectories/2022-04-11/363_RR220411A_661C_1929.bmp,9,,0.6912246942520142,40.048199729888005,/content/quantum rheed codex/result/professor_validation/final_comparison/jobs/006_stage-final_comparison_epoch-3_seed-79_strategy-uncertainty_lambda-0p5_budget-100/job_state.json
79,uncertainty,Trajectories/2022-02-04/093_RR220204A_397C_1722.bmp || Trajectories/2022-04-11/367_RR220411A_648C_1932.bmp,9,,0.6912193894386292,40.1996625765298,/content/quantum rheed codex/result/professor_validation/final_comparison/jobs/006_stage-final_comparison_epoch-3_seed-79_strategy-uncertainty_lambda-0p5_budget-100/job_state.json
79,uncertainty,Trajectories/2022-02-04/020_RR220204A_981C_0126-02.bmp || Trajectories/2022-04-11/088_RR220411A_459C_1527.bmp,3,,0.6910324096679688,29.183758322987853,/content/quantum rheed codex/result/professor_validation/final_comparison/jobs/006_stage-final_comparison_epoch-3_seed-79_strategy-uncertainty_lambda-0p5_budget-100/job_state.json
79,uncertainty,Trajectories/2022-04-11/203_RR220411A_843C_1711-03.bmp || Trajectories/2022-04-11/284_RR220411A_912C_1835.bmp,8,,0.6906986236572266,36.624455106784325,/content/quantum rheed codex/result/professor_validation/final_comparison/jobs/006_stage-final_comparison_epoch-3_seed-79_strategy-uncertainty_lambda-0p5_budget-100/job_state.json
79,uncertainty,Trajectories/2022-02-04/333_RR220204A_939C_2059.bmp || Trajectories/2022-02-04/342_RR220204A_941C_2115.bmp,1,,0.6906479001045227,33.873444970681746,/content/quantum rheed codex/result/professor_validation/final_comparison/jobs/006_stage-final_comparison_epoch-3_seed-79_strategy-uncertainty_lambda-0p5_budget-100/job_state.json
79,uncertainty,Trajectories/2022-02-04/148_RR220204A_480C_1804.bmp || Trajectories/2022-04-11/314_RR220411A_836C_1857.bmp,16,,0.6901314854621887,39.1808399285437,/content/quantum rheed codex/result/professor_validation/final_comparison/jobs/006_stage-final_comparison_epoch-3_seed-79_strategy-uncertainty_lambda-0p5_budget-100/job_state.json
79,uncertainty,Trajectories/2022-02-04/124_RR220204A_444C_1748.bmp || Trajectories/2022-04-11/330_RR220411A_762C_1910.bmp,9,,0.6900176405906677,39.53958934727012,/content/quantum rheed codex/result/professor_validation/final_comparison/jobs/006_stage-final_comparison_epoch-3_seed-79_strategy-uncertainty_lambda-0p5_budget-100/job_state.json
79,uncertainty,Trajectories/2022-02-04/085_RR220204A_378C_1720.bmp || Trajectories/2022-02-04/382_RR220204A_935C_2330.bmp,2,,0.6899010539054871,39.26144788310071,/content/quantum rheed codex/result/professor_validation/final_comparison/jobs/006_stage-final_comparison_epoch-3_seed-79_strategy-uncertainty_lambda-0p5_budget-100/job_state.json
79,uncertainty,Trajectories/2022-02-04/148_RR220204A_480C_1804.bmp || Trajectories/2022-04-11/313_RR220411A_839C_1856.bmp,16,,0.6898798942565918,39.04821246090542,/content/quantum rheed codex/result/professor_validation/final_comparison/jobs/006_stage-final_comparison_epoch-3_seed-79_strategy-uncertainty_lambda-0p5_budget-100/job_state.json
79,uncertainty,Trajectories/2022-02-04/156_RR220204A_490C_1808.bmp || Trajectories/2022-02-04/383_RR220204A_937C_2331.bmp,2,,0.6896764636039734,39.15633018589042,/content/quantum rheed codex/result/professor_validation/final_comparison/jobs/006_stage-final_comparison_epoch-3_seed-79_strategy-uncertainty_lambda-0p5_budget-100/job_state.json
79,uncertainty,Trajectories/2022-02-06/163_RR220206A_1105C_2015.bmp || Trajectories/2022-02-06/249_RR220206A_638C_2210.bmp,4,,0.6895317435264587,23.999682629455638,/content/quantum rheed codex/result/professor_validation/final_comparison/jobs/006_stage-final_comparison_epoch-3_seed-79_strategy-uncertainty_lambda-0p5_budget-100/job_state.json
79,uncertainty,Trajectories/2022-02-04/037_RR220204A_579C_0146.bmp || Trajectories/2022-02-04/074_RR220204A_297C_1711.bmp,2,,0.6894966959953308,38.970661602414594,/content/quantum rheed codex/result/professor_validation/final_comparison/jobs/006_stage-final_comparison_epoch-3_seed-79_strategy-uncertainty_lambda-0p5_budget-100/job_state.json
79,uncertainty,Trajectories/2022-02-04/230_RR220204A_695C_1902.bmp || Trajectories/2022-02-06/074_RR220206A_430C_1809.bmp,1,,0.6894930601119995,33.41267907146517,/content/quantum rheed codex/result/professor_validation/final_comparison/jobs/006_stage-final_comparison_epoch-3_seed-79_strategy-uncertainty_lambda-0p5_budget-100/job_state.json
79,uncertainty,Trajectories/2022-02-06/049_RR220206A_205C_1737.bmp || Trajectories/2022-04-11/356_RR220411A_685C_1925.bmp,7,,0.6890798807144165,34.42211073117963,/content/quantum rheed codex/result/professor_validation/final_comparison/jobs/006_stage-final_comparison_epoch-3_seed-79_strategy-uncertainty_lambda-0p5_budget-100/job_state.json
79,uncertainty,Trajectories/2022-02-06/129_RR220206A_912C_1929.bmp || Trajectories/2022-04-11/217_RR220411A_857C_1718.bmp,8,,0.6887238621711731,37.361075895211066,/content/quantum rheed codex/result/professor_validation/final_comparison/jobs/006_stage-final_comparison_epoch-3_seed-79_strategy-uncertainty_lambda-0p5_budget-100/job_state.json
79,uncertainty,Trajectories/2022-02-06/141_RR220206A_995C_1942.bmp || Trajectories/2022-04-11/129_RR220411A_590C_1601.bmp,15,,0.6884428262710571,27.65282999335164,/content/quantum rheed codex/result/professor_validation/final_comparison/jobs/006_stage-final_comparison_epoch-3_seed-79_strategy-uncertainty_lambda-0p5_budget-100/job_state.json
79,uncertainty,Trajectories/2022-02-04/007_RR220204A_931C_0051.bmp || Trajectories/2022-04-11/291_RR220411A_888C_1840.bmp,19,,0.6882239580154419,31.717480791662602,/content/quantum rheed codex/result/professor_validation/final_comparison/jobs/006_stage-final_comparison_epoch-3_seed-79_strategy-uncertainty_lambda-0p5_budget-100/job_state.json
79,uncertainty,Trajectories/2022-04-11/064_RR220411A_413C_1511.bmp || Trajectories/2022-04-11/138_RR220411A_635C_1610.bmp,15,,0.6878131628036499,27.232905363467907,/content/quantum rheed codex/result/professor_validation/final_comparison/jobs/006_stage-final_comparison_epoch-3_seed-79_strategy-uncertainty_lambda-0p5_budget-100/job_state.json
79,uncertainty,Trajectories/2022-02-04/194_RR220204A_610C_1832.bmp || Trajectories/2022-02-06/119_RR220206A_871C_1918.bmp,8,,0.6875041127204895,36.936491958450496,/content/quantum rheed codex/result/professor_validation/final_comparison/jobs/006_stage-final_comparison_epoch-3_seed-79_strategy-uncertainty_lambda-0p5_budget-100/job_state.json
79,uncertainty,Trajectories/2022-02-04/266_RR220204A_783C_1938.bmp || Trajectories/2022-02-04/356_RR220204A_949C_2144.bmp,5,,0.6870631575584412,21.795784300723163,/content/quantum rheed codex/result/professor_validation/final_comparison/jobs/006_stage-final_comparison_epoch-3_seed-79_strategy-uncertainty_lambda-0p5_budget-100/job_state.json
79,uncertainty,Trajectories/2022-02-06/104_RR220206A_734C_1847.bmp || Trajectories/2022-02-06/207_RR220206A_875C_2114.bmp,18,,0.6868386268615723,22.8981728405366,/content/quantum rheed codex/result/professor_validation/final_comparison/jobs/006_stage-final_comparison_epoch-3_seed-79_strategy-uncertainty_lambda-0p5_budget-100/job_state.json
79,uncertainty,Trajectories/2022-04-11/183_RR220411A_794C_1655.bmp || Trajectories/2022-04-11/226_RR220411A_873C_1725.bmp,13,,0.6867024302482605,35.810409315988686,/content/quantum rheed codex/result/professor_validation/final_comparison/jobs/006_stage-final_comparison_epoch-3_seed-79_strategy-uncertainty_lambda-0p5_budget-100/job_state.json
79,uncertainty,Trajectories/2022-02-06/036_RR220206A_165C_1721.bmp || Trajectories/2022-04-11/370_RR220411A_640C_1934.bmp,11,,0.6866470575332642,34.077392713953564,/content/quantum rheed codex/result/professor_validation/final_comparison/jobs/006_stage-final_comparison_epoch-3_seed-79_strategy-uncertainty_lambda-0p5_budget-100/job_state.json
79,uncertainty,Trajectories/2022-02-06/095_RR220206A_614C_1835.bmp || Trajectories/2022-02-06/195_RR220206A_944C_2101.bmp,18,,0.6865903735160828,22.84843494560029,/content/quantum rheed codex/result/professor_validation/final_comparison/jobs/006_stage-final_comparison_epoch-3_seed-79_strategy-uncertainty_lambda-0p5_budget-100/job_state.json
79,uncertainty,Trajectories/2022-02-04/003_RR220204A_932C_0017.bmp || Trajectories/2022-04-11/439_RR220411A_330C_2005.bmp,7,,0.6865314841270447,35.98050812269098,/content/quantum rheed codex/result/professor_validation/final_comparison/jobs/006_stage-final_comparison_epoch-3_seed-79_strategy-uncertainty_lambda-0p5_budget-100/job_state.json
79,uncertainty,Trajectories/2022-02-06/186_RR220206A_985C_2050.bmp || Trajectories/2022-02-06/251_RR220206A_619C_2214.bmp,4,,0.686465859413147,23.894779594554528,/content/quantum rheed codex/result/professor_validation/final_comparison/jobs/006_stage-final_comparison_epoch-3_seed-79_strategy-uncertainty_lambda-0p5_budget-100/job_state.json
79,uncertainty,Trajectories/2022-02-06/055_RR220206A_239C_1742.bmp || Trajectories/2022-04-11/409_RR220411A_474C_1953.bmp,7,,0.686414361000061,35.54854691607145,/content/quantum rheed codex/result/professor_validation/final_comparison/jobs/006_stage-final_comparison_epoch-3_seed-79_strategy-uncertainty_lambda-0p5_budget-100/job_state.json
79,uncertainty,Trajectories/2022-02-04/189_RR220204A_578C_1830.bmp || Trajectories/2022-02-04/341_RR220204A_937C_2114.bmp,13,,0.6862550973892212,36.441796497322045,/content/quantum rheed codex/result/professor_validation/final_comparison/jobs/006_stage-final_comparison_epoch-3_seed-79_strategy-uncertainty_lambda-0p5_budget-100/job_state.json
79,uncertainty,Trajectories/2022-02-04/215_RR220204A_669C_1848.bmp || Trajectories/2022-04-11/120_RR220411A_555C_1553.bmp,1,,0.6856502890586853,33.98904989999726,/content/quantum rheed codex/result/professor_validation/final_comparison/jobs/006_stage-final_comparison_epoch-3_seed-79_strategy-uncertainty_lambda-0p5_budget-100/job_state.json
79,uncertainty,Trajectories/2022-02-06/265_RR220206A_498C_2232.bmp || Trajectories/2022-04-11/288_RR220411A_904C_1837.bmp,19,,0.6853225827217102,30.894415381495726,/content/quantum rheed codex/result/professor_validation/final_comparison/jobs/006_stage-final_comparison_epoch-3_seed-79_strategy-uncertainty_lambda-0p5_budget-100/job_state.json
79,uncertainty,Trajectories/2022-02-06/132_RR220206A_959C_1932.bmp || Trajectories/2022-04-11/417_RR220411A_427C_1956.bmp,7,,0.6853137016296387,35.557758592243836,/content/quantum rheed codex/result/professor_validation/final_comparison/jobs/006_stage-final_comparison_epoch-3_seed-79_strategy-uncertainty_lambda-0p5_budget-100/job_state.json
79,uncertainty,Trajectories/2022-02-06/102_RR220206A_698C_1845.bmp || Trajectories/2022-04-11/183_RR220411A_794C_1655.bmp,15,,0.6848928332328796,27.591674354478272,/content/quantum rheed codex/result/professor_validation/final_comparison/jobs/006_stage-final_comparison_epoch-3_seed-79_strategy-uncertainty_lambda-0p5_budget-100/job_state.json
79,uncertainty,Trajectories/2022-02-04/048_RR220204A_245C_0201.bmp || Trajectories/2022-02-04/192_RR220204A_607C_1831.bmp,13,,0.6843441724777222,36.28320717488797,/content/quantum rheed codex/result/professor_validation/final_comparison/jobs/006_stage-final_comparison_epoch-3_seed-79_strategy-uncertainty_lambda-0p5_budget-100/job_state.json
79,uncertainty,Trajectories/2022-02-04/021_RR220204A_981C_0126-03.bmp || Trajectories/2022-04-11/225_RR220411A_873C_1724.bmp,8,,0.6840195059776306,36.17713815378916,/content/quantum rheed codex/result/professor_validation/final_comparison/jobs/006_stage-final_comparison_epoch-3_seed-79_strategy-uncertainty_lambda-0p5_budget-100/job_state.json
79,uncertainty,Trajectories/2022-04-11/100_RR220411A_492C_1537.bmp || Trajectories/2022-04-11/363_RR220411A_661C_1929.bmp,11,,0.6834694147109985,33.023940148254674,/content/quantum rheed codex/result/professor_validation/final_comparison/jobs/006_stage-final_comparison_epoch-3_seed-79_strategy-uncertainty_lambda-0p5_budget-100/job_state.json
79,uncertainty,Trajectories/2022-02-06/037_RR220206A_165C_1722.bmp || Trajectories/2022-04-11/219_RR220411A_865C_1720.bmp,13,,0.6832296252250671,35.115238642918676,/content/quantum rheed codex/result/professor_validation/final_comparison/jobs/006_stage-final_comparison_epoch-3_seed-79_strategy-uncertainty_lambda-0p5_budget-100/job_state.json
79,uncertainty,Trajectories/2022-02-06/124_RR220206A_894C_1924.bmp || Trajectories/2022-02-06/253_RR220206A_599C_2217.bmp,10,,0.6828898787498474,31.16784867725602,/content/quantum rheed codex/result/professor_validation/final_comparison/jobs/006_stage-final_comparison_epoch-3_seed-79_strategy-uncertainty_lambda-0p5_budget-100/job_state.json
79,uncertainty,Trajectories/2022-02-04/194_RR220204A_610C_1832.bmp || Trajectories/2022-04-11/163_RR220411A_715C_1634.bmp,13,,0.6827130317687988,35.04667805838014,/content/quantum rheed codex/result/professor_validation/final_comparison/jobs/006_stage-final_comparison_epoch-3_seed-79_strategy-uncertainty_lambda-0p5_budget-100/job_state.json
79,uncertainty,Trajectories/2022-02-04/184_RR220204A_576C_1826.bmp || Trajectories/2022-04-11/147_RR220411A_671C_1617.bmp,13,,0.6819488406181335,35.242739798215666,/content/quantum rheed codex/result/professor_validation/final_comparison/jobs/006_stage-final_comparison_epoch-3_seed-79_strategy-uncertainty_lambda-0p5_budget-100/job_state.json
79,uncertainty,Trajectories/2022-02-04/241_RR220204A_736C_1911.bmp || Trajectories/2022-04-11/064_RR220411A_413C_1511.bmp,3,,0.6818471550941467,29.205082170421516,/content/quantum rheed codex/result/professor_validation/final_comparison/jobs/006_stage-final_comparison_epoch-3_seed-79_strategy-uncertainty_lambda-0p5_budget-100/job_state.json
79,uncertainty,Trajectories/2022-02-06/080_RR220206A_490C_1816.bmp || Trajectories/2022-04-11/234_RR220411A_888C_1732.bmp,1,,0.681736946105957,34.323154231062645,/content/quantum rheed codex/result/professor_validation/final_comparison/jobs/006_stage-final_comparison_epoch-3_seed-79_strategy-uncertainty_lambda-0p5_budget-100/job_state.json
79,uncertainty,Trajectories/2022-02-04/034_RR220204A_655C_0142.bmp || Trajectories/2022-02-06/272_RR220206A_424C_2242.bmp,10,,0.6813141703605652,32.63216140109917,/content/quantum rheed codex/result/professor_validation/final_comparison/jobs/006_stage-final_comparison_epoch-3_seed-79_strategy-uncertainty_lambda-0p5_budget-100/job_state.json
79,uncertainty,Trajectories/2022-02-04/174_RR220204A_527C_1818.bmp || Trajectories/2022-04-11/164_RR220411A_724C_1635.bmp,13,,0.6809701323509216,35.526588600535554,/content/quantum rheed codex/result/professor_validation/final_comparison/jobs/006_stage-final_comparison_epoch-3_seed-79_strategy-uncertainty_lambda-0p5_budget-100/job_state.json
79,uncertainty,Trajectories/2022-02-04/379_RR220204A_937C_2315.bmp || Trajectories/2022-02-06/257_RR220206A_581C_2222.bmp,10,,0.6809176802635193,31.951052715988265,/content/quantum rheed codex/result/professor_validation/final_comparison/jobs/006_stage-final_comparison_epoch-3_seed-79_strategy-uncertainty_lambda-0p5_budget-100/job_state.json
79,uncertainty,Trajectories/2022-02-04/188_RR220204A_579C_1829.bmp || Trajectories/2022-04-11/113_RR220411A_539C_1548.bmp,13,,0.6807939410209656,35.033750071943594,/content/quantum rheed codex/result/professor_validation/final_comparison/jobs/006_stage-final_comparison_epoch-3_seed-79_strategy-uncertainty_lambda-0p5_budget-100/job_state.json
79,uncertainty,Trajectories/2022-02-04/152_RR220204A_488C_1805-02.bmp || Trajectories/2022-04-11/173_RR220411A_755C_1643.bmp,13,,0.6807653903961182,35.85462865955078,/content/quantum rheed codex/result/professor_validation/final_comparison/jobs/006_stage-final_comparison_epoch-3_seed-79_strategy-uncertainty_lambda-0p5_budget-100/job_state.json
79,uncertainty,Trajectories/2022-02-04/022_RR220204A_981C_0127.bmp || Trajectories/2022-02-04/114_RR220204A_440C_1738.bmp,8,,0.6800886988639832,36.68368199603616,/content/quantum rheed codex/result/professor_validation/final_comparison/jobs/006_stage-final_comparison_epoch-3_seed-79_strategy-uncertainty_lambda-0p5_budget-100/job_state.json
79,uncertainty,Trajectories/2022-04-11/066_RR220411A_416C_1513-01.bmp || Trajectories/2022-04-11/292_RR220411A_887C_1841.bmp,19,,0.6796005368232727,29.89256112684955,/content/quantum rheed codex/result/professor_validation/final_comparison/jobs/006_stage-final_comparison_epoch-3_seed-79_strategy-uncertainty_lambda-0p5_budget-100/job_state.json
79,uncertainty,Trajectories/2022-02-06/271_RR220206A_425C_2242.bmp || Trajectories/2022-04-11/372_RR220411A_636C_1935.bmp,11,,0.6791130304336548,32.859918140344604,/content/quantum rheed codex/result/professor_validation/final_comparison/jobs/006_stage-final_comparison_epoch-3_seed-79_strategy-uncertainty_lambda-0p5_budget-100/job_state.json
79,uncertainty,Trajectories/2022-02-06/213_RR220206A_849C_2121.bmp || Trajectories/2022-04-11/104_RR220411A_501C_1540.bmp,4,,0.6788148880004883,25.000893424278736,/content/quantum rheed codex/result/professor_validation/final_comparison/jobs/006_stage-final_comparison_epoch-3_seed-79_strategy-uncertainty_lambda-0p5_budget-100/job_state.json
79,uncertainty,Trajectories/2022-04-11/047_RR220411A_350C_1454.bmp || Trajectories/2022-04-11/186_RR220411A_805C_1658.bmp,3,,0.6786185503005981,28.20844608131797,/content/quantum rheed codex/result/professor_validation/final_comparison/jobs/006_stage-final_comparison_epoch-3_seed-79_strategy-uncertainty_lambda-0p5_budget-100/job_state.json
79,uncertainty,Trajectories/2022-02-06/273_RR220206A_423C_2243.bmp || Trajectories/2022-04-11/379_RR220411A_614C_1940.bmp,11,,0.6780040860176086,33.11249998623525,/content/quantum rheed codex/result/professor_validation/final_comparison/jobs/006_stage-final_comparison_epoch-3_seed-79_strategy-uncertainty_lambda-0p5_budget-100/job_state.json
79,uncertainty,Trajectories/2022-02-04/159_RR220204A_501C_1809-01.bmp || Trajectories/2022-04-11/100_RR220411A_492C_1537.bmp,13,,0.6755668520927429,34.95122282095185,/content/quantum rheed codex/result/professor_validation/final_comparison/jobs/006_stage-final_comparison_epoch-3_seed-79_strategy-uncertainty_lambda-0p5_budget-100/job_state.json
79,uncertainty,Trajectories/2022-02-04/320_RR220204A_915C_2039.bmp || Trajectories/2022-02-06/282_RR220206A_184C_2256.bmp,11,,0.6746136546134949,34.08040272654427,/content/quantum rheed codex/result/professor_validation/final_comparison/jobs/006_stage-final_comparison_epoch-3_seed-79_strategy-uncertainty_lambda-0p5_budget-100/job_state.json
79,uncertainty,Trajectories/2022-02-04/296_RR220204A_869C_2015.bmp || Trajectories/2022-04-11/009_RR220411A_206C_1423.bmp,5,,0.6744465231895447,20.86733972574099,/content/quantum rheed codex/result/professor_validation/final_comparison/jobs/006_stage-final_comparison_epoch-3_seed-79_strategy-uncertainty_lambda-0p5_budget-100/job_state.json
79,uncertainty,Trajectories/2022-02-04/341_RR220204A_937C_2114.bmp || Trajectories/2022-02-06/163_RR220206A_1105C_2015.bmp,15,,0.6739097833633423,26.73308096354901,/content/quantum rheed codex/result/professor_validation/final_comparison/jobs/006_stage-final_comparison_epoch-3_seed-79_strategy-uncertainty_lambda-0p5_budget-100/job_state.json
79,uncertainty,Trajectories/2022-04-11/065_RR220411A_414C_1512.bmp || Trajectories/2022-04-11/349_RR220411A_705C_1921.bmp,19,,0.6734368205070496,30.953301095178713,/content/quantum rheed codex/result/professor_validation/final_comparison/jobs/006_stage-final_comparison_epoch-3_seed-79_strategy-uncertainty_lambda-0p5_budget-100/job_state.json
79,uncertainty,Trajectories/2022-02-04/001_RR220204A_933C_0006.bmp || Trajectories/2022-02-06/230_RR220206A_767C_2143.bmp,3,,0.6727420091629028,27.70948684430625,/content/quantum rheed codex/result/professor_validation/final_comparison/jobs/006_stage-final_comparison_epoch-3_seed-79_strategy-uncertainty_lambda-0p5_budget-100/job_state.json
79,uncertainty,Trajectories/2022-02-04/103_RR220204A_408C_1733.bmp || Trajectories/2022-02-04/346_RR220204A_957C_2123.bmp,1,,0.6713678240776062,34.43018635461667,/content/quantum rheed codex/result/professor_validation/final_comparison/jobs/006_stage-final_comparison_epoch-3_seed-79_strategy-uncertainty_lambda-0p5_budget-100/job_state.json
79,uncertainty,Trajectories/2022-02-04/106_RR220204A_430C_1736.bmp || Trajectories/2022-02-04/347_RR220204A_954C_2124.bmp,1,,0.6696104407310486,34.08584156101801,/content/quantum rheed codex/result/professor_validation/final_comparison/jobs/006_stage-final_comparison_epoch-3_seed-79_strategy-uncertainty_lambda-0p5_budget-100/job_state.json
79,uncertainty,Trajectories/2022-04-11/069_RR220411A_428C_1515.bmp || Trajectories/2022-04-11/231_RR220411A_882C_1729.bmp,10,,0.66839998960495,32.599831966370175,/content/quantum rheed codex/result/professor_validation/final_comparison/jobs/006_stage-final_comparison_epoch-3_seed-79_strategy-uncertainty_lambda-0p5_budget-100/job_state.json
79,uncertainty,Trajectories/2022-02-06/180_RR220206A_1031C_2041.bmp || Trajectories/2022-04-11/277_RR220411A_936C_1828.bmp,15,,0.6662335395812988,26.87188053920909,/content/quantum rheed codex/result/professor_validation/final_comparison/jobs/006_stage-final_comparison_epoch-3_seed-79_strategy-uncertainty_lambda-0p5_budget-100/job_state.json
79,uncertainty,Trajectories/2022-04-11/001_RR220411A_180C_1417-01.bmp || Trajectories/2022-04-11/321_RR220411A_823C_1901.bmp,6,,0.6662163138389587,29.167836998411584,/content/quantum rheed codex/result/professor_validation/final_comparison/jobs/006_stage-final_comparison_epoch-3_seed-79_strategy-uncertainty_lambda-0p5_budget-100/job_state.json
79,uncertainty,Trajectories/2022-02-04/192_RR220204A_607C_1831.bmp || Trajectories/2022-02-06/098_RR220206A_656C_1838.bmp,19,,0.6653184294700623,32.157521572428486,/content/quantum rheed codex/result/professor_validation/final_comparison/jobs/006_stage-final_comparison_epoch-3_seed-79_strategy-uncertainty_lambda-0p5_budget-100/job_state.json
79,uncertainty,Trajectories/2022-02-04/324_RR220204A_913C_2047.bmp || Trajectories/2022-04-11/057_RR220411A_389C_1506-01.bmp,10,,0.6649377942085266,31.689940572576504,/content/quantum rheed codex/result/professor_validation/final_comparison/jobs/006_stage-final_comparison_epoch-3_seed-79_strategy-uncertainty_lambda-0p5_budget-100/job_state.json
79,uncertainty,Trajectories/2022-02-06/241_RR220206A_692C_2157.bmp || Trajectories/2022-04-11/201_RR220411A_843C_1711-01.bmp,10,,0.6639819741249084,31.047517228794185,/content/quantum rheed codex/result/professor_validation/final_comparison/jobs/006_stage-final_comparison_epoch-3_seed-79_strategy-uncertainty_lambda-0p5_budget-100/job_state.json
79,uncertainty,Trajectories/2022-02-04/294_RR220204A_843C_2014.bmp || Trajectories/2022-02-06/140_RR220206A_993C_1941.bmp,5,,0.6627978086471558,21.998158581438144,/content/quantum rheed codex/result/professor_validation/final_comparison/jobs/006_stage-final_comparison_epoch-3_seed-79_strategy-uncertainty_lambda-0p5_budget-100/job_state.json
79,uncertainty,Trajectories/2022-02-04/385_RR220204A_939C_2340.bmp || Trajectories/2022-02-06/171_RR220206A_1085C_2027.bmp,3,,0.6619443297386169,28.206300653693237,/content/quantum rheed codex/result/professor_validation/final_comparison/jobs/006_stage-final_comparison_epoch-3_seed-79_strategy-uncertainty_lambda-0p5_budget-100/job_state.json
79,uncertainty,Trajectories/2022-02-06/191_RR220206A_960C_2056.bmp || Trajectories/2022-04-11/286_RR220411A_906C_1837.bmp,15,,0.6612386107444763,27.483529244011578,/content/quantum rheed codex/result/professor_validation/final_comparison/jobs/006_stage-final_comparison_epoch-3_seed-79_strategy-uncertainty_lambda-0p5_budget-100/job_state.json
79,uncertainty,Trajectories/2022-02-06/189_RR220206A_971C_2054-01.bmp || Trajectories/2022-04-11/286_RR220411A_906C_1837.bmp,15,,0.660925567150116,27.472530877952057,/content/quantum rheed codex/result/professor_validation/final_comparison/jobs/006_stage-final_comparison_epoch-3_seed-79_strategy-uncertainty_lambda-0p5_budget-100/job_state.json
79,uncertainty,Trajectories/2022-02-04/378_RR220204A_938C_2312.bmp || Trajectories/2022-02-06/229_RR220206A_766C_2141.bmp,3,,0.6594910025596619,29.72242173676783,/content/quantum rheed codex/result/professor_validation/final_comparison/jobs/006_stage-final_comparison_epoch-3_seed-79_strategy-uncertainty_lambda-0p5_budget-100/job_state.json
79,uncertainty,Trajectories/2022-02-06/234_RR220206A_738C_2148.bmp || Trajectories/2022-04-11/375_RR220411A_617C_1938.bmp,17,,0.6592151522636414,30.40798287927579,/content/quantum rheed codex/result/professor_validation/final_comparison/jobs/006_stage-final_comparison_epoch-3_seed-79_strategy-uncertainty_lambda-0p5_budget-100/job_state.json
202,cluster_diverse,Trajectories/2022-04-11/267_RR220411A_953C_1800.bmp || Trajectories/2022-04-11/271_RR220411A_951C_1811.bmp,0,,0.6930187344551086,23.70566960437566,/content/quantum rheed codex/result/professor_followup_analysis/final_comparison/jobs/followup_seed-202_strategy-cluster_diverse/job_state.json
202,cluster_diverse,Trajectories/2022-02-04/021_RR220204A_981C_0126-03.bmp || Trajectories/2022-04-11/225_RR220411A_873C_1724.bmp,0,,0.6904947757720947,25.345510500211613,/content/quantum rheed codex/result/professor_followup_analysis/final_comparison/jobs/followup_seed-202_strategy-cluster_diverse/job_state.json
202,cluster_diverse,Trajectories/2022-02-06/129_RR220206A_912C_1929.bmp || Trajectories/2022-04-11/217_RR220411A_857C_1718.bmp,0,,0.6845601201057434,23.78676556408082,/content/quantum rheed codex/result/professor_followup_analysis/final_comparison/jobs/followup_seed-202_strategy-cluster_diverse/job_state.json
202,cluster_diverse,Trajectories/2022-02-06/125_RR220206A_887C_1925.bmp || Trajectories/2022-04-11/226_RR220411A_873C_1725.bmp,0,,0.6832533478736877,24.292715011787084,/content/quantum rheed codex/result/professor_followup_analysis/final_comparison/jobs/followup_seed-202_strategy-cluster_diverse/job_state.json
202,cluster_diverse,Trajectories/2022-04-11/203_RR220411A_843C_1711-03.bmp || Trajectories/2022-04-11/284_RR220411A_912C_1835.bmp,0,,0.6828986406326294,24.293641081202164,/content/quantum rheed codex/result/professor_followup_analysis/final_comparison/jobs/followup_seed-202_strategy-cluster_diverse/job_state.json
202,cluster_diverse,Trajectories/2022-02-04/295_RR220204A_882C_2015.bmp || Trajectories/2022-02-06/117_RR220206A_844C_1915.bmp,1,,0.5545462965965271,23.569199025086114,/content/quantum rheed codex/result/professor_followup_analysis/final_comparison/jobs/followup_seed-202_strategy-cluster_diverse/job_state.json
202,cluster_diverse,Trajectories/2022-02-04/253_RR220204A_782C_1923.bmp || Trajectories/2022-02-06/262_RR220206A_540C_2228.bmp,1,,0.5320895314216614,23.803692721977942,/content/quantum rheed codex/result/professor_followup_analysis/final_comparison/jobs/followup_seed-202_strategy-cluster_diverse/job_state.json
202,cluster_diverse,Trajectories/2022-02-04/069_RR220204A_293C_1706.bmp || Trajectories/2022-02-06/147_RR220206A_1024C_1953.bmp,1,,0.5294106602668762,23.420421511222322,/content/quantum rheed codex/result/professor_followup_analysis/final_comparison/jobs/followup_seed-202_strategy-cluster_diverse/job_state.json
202,cluster_diverse,Trajectories/2022-02-04/115_RR220204A_441C_1738.bmp || Trajectories/2022-02-06/152_RR220206A_1077C_2001-02.bmp,1,,0.5189316868782043,23.191878411866675,/content/quantum rheed codex/result/professor_followup_analysis/final_comparison/jobs/followup_seed-202_strategy-cluster_diverse/job_state.json
202,cluster_diverse,Trajectories/2022-02-04/106_RR220204A_430C_1736.bmp || Trajectories/2022-02-06/151_RR220206A_1077C_2001-01.bmp,1,,0.518616795539856,23.189259994854307,/content/quantum rheed codex/result/professor_followup_analysis/final_comparison/jobs/followup_seed-202_strategy-cluster_diverse/job_state.json
202,cluster_diverse,Trajectories/2022-02-04/300_RR220204A_881C_2018.bmp || Trajectories/2022-02-06/195_RR220206A_944C_2101.bmp,1,,0.5057227611541748,23.019700487081032,/content/quantum rheed codex/result/professor_followup_analysis/final_comparison/jobs/followup_seed-202_strategy-cluster_diverse/job_state.json
202,cluster_diverse,Trajectories/2022-02-04/001_RR220204A_933C_0006.bmp || Trajectories/2022-02-06/230_RR220206A_767C_2143.bmp,1,,0.5037079453468323,23.633680341321643,/content/quantum rheed codex/result/professor_followup_analysis/final_comparison/jobs/followup_seed-202_strategy-cluster_diverse/job_state.json
202,cluster_diverse,Trajectories/2022-04-11/343_RR220411A_722C_1918.bmp || Trajectories/2022-04-11/374_RR220411A_625C_1937.bmp,2,,0.6826462149620056,41.18334450800941,/content/quantum rheed codex/result/professor_followup_analysis/final_comparison/jobs/followup_seed-202_strategy-cluster_diverse/job_state.json
202,cluster_diverse,Trajectories/2022-04-11/323_RR220411A_816C_1903.bmp || Trajectories/2022-04-11/366_RR220411A_654C_1930.bmp,2,,0.644044816493988,36.529906914904004,/content/quantum rheed codex/result/professor_followup_analysis/final_comparison/jobs/followup_seed-202_strategy-cluster_diverse/job_state.json
202,cluster_diverse,Trajectories/2022-02-04/334_RR220204A_939C_2101.bmp || Trajectories/2022-04-11/386_RR220411A_580C_1943.bmp,2,,0.5909938812255859,38.94060121271343,/content/quantum rheed codex/result/professor_followup_analysis/final_comparison/jobs/followup_seed-202_strategy-cluster_diverse/job_state.json
202,cluster_diverse,Trajectories/2022-02-04/209_RR220204A_637C_1845.bmp || Trajectories/2022-02-04/213_RR220204A_668C_1847.bmp,3,,0.6931374669075012,32.09859269448398,/content/quantum rheed codex/result/professor_followup_analysis/final_comparison/jobs/followup_seed-202_strategy-cluster_diverse/job_state.json
202,cluster_diverse,Trajectories/2022-02-04/076_RR220204A_299C_1713.bmp || Trajectories/2022-02-04/080_RR220204A_301C_1718.bmp,3,,0.6931341290473938,30.8741938397879,/content/quantum rheed codex/result/professor_followup_analysis/final_comparison/jobs/followup_seed-202_strategy-cluster_diverse/job_state.json
202,cluster_diverse,Trajectories/2022-02-04/085_RR220204A_378C_1720.bmp || Trajectories/2022-02-04/134_RR220204A_467C_1754-02.bmp,3,,0.6929987668991089,30.63528582719411,/content/quantum rheed codex/result/professor_followup_analysis/final_comparison/jobs/followup_seed-202_strategy-cluster_diverse/job_state.json
202,cluster_diverse,Trajectories/2022-02-04/085_RR220204A_378C_1720.bmp || Trajectories/2022-02-04/382_RR220204A_935C_2330.bmp,3,,0.6926528811454773,31.40165703882512,/content/quantum rheed codex/result/professor_followup_analysis/final_comparison/jobs/followup_seed-202_strategy-cluster_diverse/job_state.json
202,cluster_diverse,Trajectories/2022-02-04/309_RR220204A_911C_2027.bmp || Trajectories/2022-02-04/361_RR220204A_947C_2156.bmp,3,,0.6902751922607422,29.000703457924317,/content/quantum rheed codex/result/professor_followup_analysis/final_comparison/jobs/followup_seed-202_strategy-cluster_diverse/job_state.json
202,cluster_diverse,Trajectories/2022-02-04/266_RR220204A_783C_1938.bmp || Trajectories/2022-02-04/356_RR220204A_949C_2144.bmp,3,,0.6900659799575806,32.06072236551072,/content/quantum rheed codex/result/professor_followup_analysis/final_comparison/jobs/followup_seed-202_strategy-cluster_diverse/job_state.json
202,cluster_diverse,Trajectories/2022-02-04/029_RR220204A_808C_0135.bmp || Trajectories/2022-02-04/242_RR220204A_720C_1911.bmp,3,,0.6829246878623962,30.224793149231314,/content/quantum rheed codex/result/professor_followup_analysis/final_comparison/jobs/followup_seed-202_strategy-cluster_diverse/job_state.json
202,cluster_diverse,Trajectories/2022-02-06/095_RR220206A_614C_1835.bmp || Trajectories/2022-02-06/247_RR220206A_657C_2207.bmp,4,,0.691592812538147,21.911355857119663,/content/quantum rheed codex/result/professor_followup_analysis/final_comparison/jobs/followup_seed-202_strategy-cluster_diverse/job_state.json
202,cluster_diverse,Trajectories/2022-02-06/163_RR220206A_1105C_2015.bmp || Trajectories/2022-02-06/249_RR220206A_638C_2210.bmp,4,,0.6907659769058228,21.909634946848787,/content/quantum rheed codex/result/professor_followup_analysis/final_comparison/jobs/followup_seed-202_strategy-cluster_diverse/job_state.json
202,cluster_diverse,Trajectories/2022-02-06/095_RR220206A_614C_1835.bmp || Trajectories/2022-02-06/195_RR220206A_944C_2101.bmp,4,,0.6904175877571106,22.645374935266197,/content/quantum rheed codex/result/professor_followup_analysis/final_comparison/jobs/followup_seed-202_strategy-cluster_diverse/job_state.json
202,cluster_diverse,Trajectories/2022-02-06/104_RR220206A_734C_1847.bmp || Trajectories/2022-02-06/207_RR220206A_875C_2114.bmp,4,,0.6886562705039978,22.593642896604223,/content/quantum rheed codex/result/professor_followup_analysis/final_comparison/jobs/followup_seed-202_strategy-cluster_diverse/job_state.json
202,cluster_diverse,Trajectories/2022-04-11/065_RR220411A_414C_1512.bmp || Trajectories/2022-04-11/349_RR220411A_705C_1921.bmp,5,,0.5110877156257629,26.161688954911217,/content/quantum rheed codex/result/professor_followup_analysis/final_comparison/jobs/followup_seed-202_strategy-cluster_diverse/job_state.json
202,cluster_diverse,Trajectories/2022-02-06/206_RR220206A_875C_2113.bmp || Trajectories/2022-04-11/338_RR220411A_734C_1915.bmp,5,,0.47134795784950256,25.45217162689628,/content/quantum rheed codex/result/professor_followup_analysis/final_comparison/jobs/followup_seed-202_strategy-cluster_diverse/job_state.json
202,cluster_diverse,Trajectories/2022-02-06/273_RR220206A_423C_2243.bmp || Trajectories/2022-04-11/379_RR220411A_614C_1940.bmp,5,,0.4426238238811493,29.30870992334718,/content/quantum rheed codex/result/professor_followup_analysis/final_comparison/jobs/followup_seed-202_strategy-cluster_diverse/job_state.json
202,cluster_diverse,Trajectories/2022-02-06/058_RR220206A_249C_1745.bmp || Trajectories/2022-04-11/178_RR220411A_774C_1649.bmp,6,,0.6923355460166931,20.765939458809626,/content/quantum rheed codex/result/professor_followup_analysis/final_comparison/jobs/followup_seed-202_strategy-cluster_diverse/job_state.json
202,cluster_diverse,Trajectories/2022-02-06/016_RR220206A_165C_1704-03.bmp || Trajectories/2022-04-11/011_RR220411A_219C_1424.bmp,6,,0.6922709345817566,21.97807904171447,/content/quantum rheed codex/result/professor_followup_analysis/final_comparison/jobs/followup_seed-202_strategy-cluster_diverse/job_state.json
202,cluster_diverse,Trajectories/2022-04-11/036_RR220411A_313C_1443.bmp || Trajectories/2022-04-11/072_RR220411A_429C_1516.bmp,6,,0.6902490854263306,20.266854711686946,/content/quantum rheed codex/result/professor_followup_analysis/final_comparison/jobs/followup_seed-202_strategy-cluster_diverse/job_state.json
202,cluster_diverse,Trajectories/2022-04-11/064_RR220411A_413C_1511.bmp || Trajectories/2022-04-11/138_RR220411A_635C_1610.bmp,6,,0.6893049478530884,20.462694341865873,/content/quantum rheed codex/result/professor_followup_analysis/final_comparison/jobs/followup_seed-202_strategy-cluster_diverse/job_state.json
202,cluster_diverse,Trajectories/2022-04-11/053_RR220411A_374C_1502.bmp || Trajectories/2022-04-11/156_RR220411A_699C_1628.bmp,6,,0.6885216236114502,20.744852777777044,/content/quantum rheed codex/result/professor_followup_analysis/final_comparison/jobs/followup_seed-202_strategy-cluster_diverse/job_state.json
202,cluster_diverse,Trajectories/2022-04-11/063_RR220411A_402C_1510.bmp || Trajectories/2022-04-11/131_RR220411A_606C_1603.bmp,6,,0.6876863837242126,20.424133675004573,/content/quantum rheed codex/result/professor_followup_analysis/final_comparison/jobs/followup_seed-202_strategy-cluster_diverse/job_state.json
202,cluster_diverse,Trajectories/2022-04-11/008_RR220411A_193C_1422.bmp || Trajectories/2022-04-11/093_RR220411A_482C_1531.bmp,6,,0.6854028105735779,20.57033633233567,/content/quantum rheed codex/result/professor_followup_analysis/final_comparison/jobs/followup_seed-202_strategy-cluster_diverse/job_state.json
202,cluster_diverse,Trajectories/2022-02-06/068_RR220206A_362C_1759.bmp || Trajectories/2022-04-11/030_RR220411A_291C_1437.bmp,6,,0.6853881478309631,20.326488054121086,/content/quantum rheed codex/result/professor_followup_analysis/final_comparison/jobs/followup_seed-202_strategy-cluster_diverse/job_state.json
202,cluster_diverse,Trajectories/2022-04-11/047_RR220411A_350C_1454.bmp || Trajectories/2022-04-11/186_RR220411A_805C_1658.bmp,6,,0.6772541999816895,20.958958678174593,/content/quantum rheed codex/result/professor_followup_analysis/final_comparison/jobs/followup_seed-202_strategy-cluster_diverse/job_state.json
202,cluster_diverse,Trajectories/2022-02-06/097_RR220206A_654C_1837.bmp || Trajectories/2022-04-11/067_RR220411A_416C_1513-02.bmp,6,,0.662571132183075,20.75821314615995,/content/quantum rheed codex/result/professor_followup_analysis/final_comparison/jobs/followup_seed-202_strategy-cluster_diverse/job_state.json
202,cluster_diverse,Trajectories/2022-04-11/100_RR220411A_492C_1537.bmp || Trajectories/2022-04-11/363_RR220411A_661C_1929.bmp,7,,0.5035287141799927,28.61674582671495,/content/quantum rheed codex/result/professor_followup_analysis/final_comparison/jobs/followup_seed-202_strategy-cluster_diverse/job_state.json
202,cluster_diverse,Trajectories/2022-04-11/108_RR220411A_507C_1543.bmp || Trajectories/2022-04-11/379_RR220411A_614C_1940.bmp,7,,0.4800029695034027,30.203126668843193,/content/quantum rheed codex/result/professor_followup_analysis/final_comparison/jobs/followup_seed-202_strategy-cluster_diverse/job_state.json
202,cluster_diverse,Trajectories/2022-04-11/076_RR220411A_442C_1520.bmp || Trajectories/2022-04-11/387_RR220411A_578C_1943.bmp,7,,0.4548020362854004,30.679486796010124,/content/quantum rheed codex/result/professor_followup_analysis/final_comparison/jobs/followup_seed-202_strategy-cluster_diverse/job_state.json
202,cluster_diverse,Trajectories/2022-04-11/141_RR220411A_656C_1613.bmp || Trajectories/2022-04-11/203_RR220411A_843C_1711-03.bmp,8,,0.6673826575279236,21.939955771594956,/content/quantum rheed codex/result/professor_followup_analysis/final_comparison/jobs/followup_seed-202_strategy-cluster_diverse/job_state.json
202,cluster_diverse,Trajectories/2022-02-04/048_RR220204A_245C_0201.bmp || Trajectories/2022-04-11/183_RR220411A_794C_1655.bmp,8,,0.657569408416748,21.847170114810787,/content/quantum rheed codex/result/professor_followup_analysis/final_comparison/jobs/followup_seed-202_strategy-cluster_diverse/job_state.json
202,cluster_diverse,Trajectories/2022-02-04/020_RR220204A_981C_0126-02.bmp || Trajectories/2022-04-11/088_RR220411A_459C_1527.bmp,8,,0.6473233103752136,22.085275576570066,/content/quantum rheed codex/result/professor_followup_analysis/final_comparison/jobs/followup_seed-202_strategy-cluster_diverse/job_state.json
202,cluster_diverse,Trajectories/2022-04-11/183_RR220411A_794C_1655.bmp || Trajectories/2022-04-11/226_RR220411A_873C_1725.bmp,8,,0.6426186561584473,22.68155389534915,/content/quantum rheed codex/result/professor_followup_analysis/final_comparison/jobs/followup_seed-202_strategy-cluster_diverse/job_state.json
202,cluster_diverse,Trajectories/2022-02-04/314_RR220204A_937C_2030.bmp || Trajectories/2022-04-11/081_RR220411A_453C_1523.bmp,8,,0.6332724690437317,21.659061430494347,/content/quantum rheed codex/result/professor_followup_analysis/final_comparison/jobs/followup_seed-202_strategy-cluster_diverse/job_state.json
202,cluster_diverse,Trajectories/2022-02-06/037_RR220206A_165C_1722.bmp || Trajectories/2022-04-11/219_RR220411A_865C_1720.bmp,8,,0.6037057042121887,21.219775066427196,/content/quantum rheed codex/result/professor_followup_analysis/final_comparison/jobs/followup_seed-202_strategy-cluster_diverse/job_state.json
202,cluster_diverse,Trajectories/2022-04-11/320_RR220411A_824C_1901.bmp || Trajectories/2022-04-11/332_RR220411A_756C_1911.bmp,9,,0.6772786974906921,32.299743666742444,/content/quantum rheed codex/result/professor_followup_analysis/final_comparison/jobs/followup_seed-202_strategy-cluster_diverse/job_state.json
202,cluster_diverse,Trajectories/2022-02-04/338_RR220204A_940C_2108.bmp || Trajectories/2022-04-11/354_RR220411A_693C_1924.bmp,9,,0.6270565390586853,34.812405769420884,/content/quantum rheed codex/result/professor_followup_analysis/final_comparison/jobs/followup_seed-202_strategy-cluster_diverse/job_state.json
202,cluster_diverse,Trajectories/2022-02-04/262_RR220204A_793C_1932.bmp || Trajectories/2022-04-11/359_RR220411A_675C_1926.bmp,9,,0.5887060165405273,35.278476485644234,/content/quantum rheed codex/result/professor_followup_analysis/final_comparison/jobs/followup_seed-202_strategy-cluster_diverse/job_state.json
202,cluster_diverse,Trajectories/2022-02-04/221_RR220204A_666C_1854.bmp || Trajectories/2022-04-11/358_RR220411A_677C_1926.bmp,9,,0.5790344476699829,35.22847098334539,/content/quantum rheed codex/result/professor_followup_analysis/final_comparison/jobs/followup_seed-202_strategy-cluster_diverse/job_state.json
202,cluster_diverse,Trajectories/2022-04-11/397_RR220411A_528C_1948.bmp || Trajectories/2022-04-11/443_RR220411A_303C_2007.bmp,10,,0.6844555139541626,55.526203011744656,/content/quantum rheed codex/result/professor_followup_analysis/final_comparison/jobs/followup_seed-202_strategy-cluster_diverse/job_state.json
202,cluster_diverse,Trajectories/2022-04-11/238_RR220411A_905C_1736.bmp || Trajectories/2022-04-11/319_RR220411A_828C_1900.bmp,11,,0.681681215763092,28.712980997015404,/content/quantum rheed codex/result/professor_followup_analysis/final_comparison/jobs/followup_seed-202_strategy-cluster_diverse/job_state.json
202,cluster_diverse,Trajectories/2022-02-04/281_RR220204A_806C_2000.bmp || Trajectories/2022-04-11/322_RR220411A_818C_1902.bmp,11,,0.6758739352226257,31.314753202220505,/content/quantum rheed codex/result/professor_followup_analysis/final_comparison/jobs/followup_seed-202_strategy-cluster_diverse/job_state.json
202,cluster_diverse,Trajectories/2022-02-04/148_RR220204A_480C_1804.bmp || Trajectories/2022-04-11/313_RR220411A_839C_1856.bmp,11,,0.674429714679718,29.892881779575944,/content/quantum rheed codex/result/professor_followup_analysis/final_comparison/jobs/followup_seed-202_strategy-cluster_diverse/job_state.json
202,cluster_diverse,Trajectories/2022-04-11/246_RR220411A_915C_1741.bmp || Trajectories/2022-04-11/258_RR220411A_932C_1751.bmp,12,,0.6931307315826416,27.662681759280296,/content/quantum rheed codex/result/professor_followup_analysis/final_comparison/jobs/followup_seed-202_strategy-cluster_diverse/job_state.json
202,cluster_diverse,Trajectories/2022-02-04/303_RR220204A_917C_2021.bmp || Trajectories/2022-04-11/226_RR220411A_873C_1725.bmp,12,,0.6887329816818237,26.982976347208957,/content/quantum rheed codex/result/professor_followup_analysis/final_comparison/jobs/followup_seed-202_strategy-cluster_diverse/job_state.json
202,cluster_diverse,Trajectories/2022-02-04/129_RR220204A_465C_1753.bmp || Trajectories/2022-04-11/243_RR220411A_909C_1739.bmp,12,,0.6877942085266113,29.07999387835386,/content/quantum rheed codex/result/professor_followup_analysis/final_comparison/jobs/followup_seed-202_strategy-cluster_diverse/job_state.json
202,cluster_diverse,Trajectories/2022-02-04/132_RR220204A_468C_1754.bmp || Trajectories/2022-04-11/246_RR220411A_915C_1741.bmp,12,,0.6872437596321106,29.146151527689433,/content/quantum rheed codex/result/professor_followup_analysis/final_comparison/jobs/followup_seed-202_strategy-cluster_diverse/job_state.json
202,cluster_diverse,Trajectories/2022-02-04/385_RR220204A_939C_2340.bmp || Trajectories/2022-04-11/237_RR220411A_901C_1735.bmp,12,,0.685405433177948,29.512864657499577,/content/quantum rheed codex/result/professor_followup_analysis/final_comparison/jobs/followup_seed-202_strategy-cluster_diverse/job_state.json
202,cluster_diverse,Trajectories/2022-02-04/197_RR220204A_611C_1835.bmp || Trajectories/2022-04-11/233_RR220411A_889C_1731.bmp,12,,0.6843967437744141,28.902133470931624,/content/quantum rheed codex/result/professor_followup_analysis/final_comparison/jobs/followup_seed-202_strategy-cluster_diverse/job_state.json
202,cluster_diverse,Trajectories/2022-02-04/287_RR220204A_851C_2008.bmp || Trajectories/2022-04-11/409_RR220411A_474C_1953.bmp,13,,0.5425581932067871,40.950012215352345,/content/quantum rheed codex/result/professor_followup_analysis/final_comparison/jobs/followup_seed-202_strategy-cluster_diverse/job_state.json
202,cluster_diverse,Trajectories/2022-02-04/003_RR220204A_932C_0017.bmp || Trajectories/2022-04-11/439_RR220411A_330C_2005.bmp,13,,0.4996720254421234,43.1385319044477,/content/quantum rheed codex/result/professor_followup_analysis/final_comparison/jobs/followup_seed-202_strategy-cluster_diverse/job_state.json
202,cluster_diverse,Trajectories/2022-02-04/139_RR220204A_470C_1758.bmp || Trajectories/2022-04-11/094_RR220411A_484C_1532.bmp,14,,0.6109420657157898,24.114712840195164,/content/quantum rheed codex/result/professor_followup_analysis/final_comparison/jobs/followup_seed-202_strategy-cluster_diverse/job_state.json
202,cluster_diverse,Trajectories/2022-02-04/133_RR220204A_467C_1754-01.bmp || Trajectories/2022-04-11/088_RR220411A_459C_1527.bmp,14,,0.6071063876152039,23.95419696162436,/content/quantum rheed codex/result/professor_followup_analysis/final_comparison/jobs/followup_seed-202_strategy-cluster_diverse/job_state.json
202,cluster_diverse,Trajectories/2022-02-04/184_RR220204A_576C_1826.bmp || Trajectories/2022-04-11/147_RR220411A_671C_1617.bmp,14,,0.6053923964500427,24.37903926029371,/content/quantum rheed codex/result/professor_followup_analysis/final_comparison/jobs/followup_seed-202_strategy-cluster_diverse/job_state.json
202,cluster_diverse,Trajectories/2022-02-04/215_RR220204A_669C_1848.bmp || Trajectories/2022-04-11/120_RR220411A_555C_1553.bmp,14,,0.6047321557998657,25.30851725473029,/content/quantum rheed codex/result/professor_followup_analysis/final_comparison/jobs/followup_seed-202_strategy-cluster_diverse/job_state.json
202,cluster_diverse,Trajectories/2022-02-04/194_RR220204A_610C_1832.bmp || Trajectories/2022-02-06/119_RR220206A_871C_1918.bmp,14,,0.5982133746147156,24.562753189399128,/content/quantum rheed codex/result/professor_followup_analysis/final_comparison/jobs/followup_seed-202_strategy-cluster_diverse/job_state.json
202,cluster_diverse,Trajectories/2022-02-04/194_RR220204A_610C_1832.bmp || Trajectories/2022-04-11/163_RR220411A_715C_1634.bmp,14,,0.5954446196556091,24.513563427303424,/content/quantum rheed codex/result/professor_followup_analysis/final_comparison/jobs/followup_seed-202_strategy-cluster_diverse/job_state.json
202,cluster_diverse,Trajectories/2022-02-04/174_RR220204A_527C_1818.bmp || Trajectories/2022-04-11/164_RR220411A_724C_1635.bmp,14,,0.5949073433876038,24.187989909492742,/content/quantum rheed codex/result/professor_followup_analysis/final_comparison/jobs/followup_seed-202_strategy-cluster_diverse/job_state.json
202,cluster_diverse,Trajectories/2022-02-04/152_RR220204A_488C_1805-02.bmp || Trajectories/2022-04-11/173_RR220411A_755C_1643.bmp,14,,0.5939413905143738,24.20827693052081,/content/quantum rheed codex/result/professor_followup_analysis/final_comparison/jobs/followup_seed-202_strategy-cluster_diverse/job_state.json
202,cluster_diverse,Trajectories/2022-02-04/164_RR220204A_507C_1811.bmp || Trajectories/2022-02-06/074_RR220206A_430C_1809.bmp,14,,0.5920999646186829,23.77924860041451,/content/quantum rheed codex/result/professor_followup_analysis/final_comparison/jobs/followup_seed-202_strategy-cluster_diverse/job_state.json
202,cluster_diverse,Trajectories/2022-02-04/235_RR220204A_725C_1905.bmp || Trajectories/2022-02-06/068_RR220206A_362C_1759.bmp,14,,0.5873973965644836,25.121710094915752,/content/quantum rheed codex/result/professor_followup_analysis/final_comparison/jobs/followup_seed-202_strategy-cluster_diverse/job_state.json
202,cluster_diverse,Trajectories/2022-02-04/239_RR220204A_720C_1910.bmp || Trajectories/2022-04-11/154_RR220411A_696C_1624.bmp,14,,0.5804123878479004,25.36345840421267,/content/quantum rheed codex/result/professor_followup_analysis/final_comparison/jobs/followup_seed-202_strategy-cluster_diverse/job_state.json
202,cluster_diverse,Trajectories/2022-02-04/230_RR220204A_695C_1902.bmp || Trajectories/2022-02-06/074_RR220206A_430C_1809.bmp,14,,0.575667679309845,24.75746651813656,/content/quantum rheed codex/result/professor_followup_analysis/final_comparison/jobs/followup_seed-202_strategy-cluster_diverse/job_state.json
202,cluster_diverse,Trajectories/2022-02-06/137_RR220206A_982C_1937.bmp || Trajectories/2022-04-11/191_RR220411A_821C_1704.bmp,15,,0.6589789986610413,20.97411265027684,/content/quantum rheed codex/result/professor_followup_analysis/final_comparison/jobs/followup_seed-202_strategy-cluster_diverse/job_state.json
202,cluster_diverse,Trajectories/2022-02-06/124_RR220206A_894C_1924.bmp || Trajectories/2022-02-06/253_RR220206A_599C_2217.bmp,15,,0.6146515011787415,20.770891862593125,/content/quantum rheed codex/result/professor_followup_analysis/final_comparison/jobs/followup_seed-202_strategy-cluster_diverse/job_state.json
202,cluster_diverse,Trajectories/2022-02-04/037_RR220204A_579C_0146.bmp || Trajectories/2022-02-06/265_RR220206A_498C_2232.bmp,15,,0.5988988280296326,20.653761668689626,/content/quantum rheed codex/result/professor_followup_analysis/final_comparison/jobs/followup_seed-202_strategy-cluster_diverse/job_state.json
202,cluster_diverse,Trajectories/2022-02-04/034_RR220204A_655C_0142.bmp || Trajectories/2022-02-06/272_RR220206A_424C_2242.bmp,15,,0.5859808325767517,21.290913017057804,/content/quantum rheed codex/result/professor_followup_analysis/final_comparison/jobs/followup_seed-202_strategy-cluster_diverse/job_state.json
202,cluster_diverse,Trajectories/2022-02-04/317_RR220204A_935C_2033.bmp || Trajectories/2022-02-06/250_RR220206A_621C_2212.bmp,15,,0.5771451592445374,20.48434992991696,/content/quantum rheed codex/result/professor_followup_analysis/final_comparison/jobs/followup_seed-202_strategy-cluster_diverse/job_state.json
202,cluster_diverse,Trajectories/2022-02-06/180_RR220206A_1031C_2041.bmp || Trajectories/2022-04-11/277_RR220411A_936C_1828.bmp,15,,0.5493237972259521,20.806576181586845,/content/quantum rheed codex/result/professor_followup_analysis/final_comparison/jobs/followup_seed-202_strategy-cluster_diverse/job_state.json
202,cluster_diverse,Trajectories/2022-02-06/191_RR220206A_960C_2056.bmp || Trajectories/2022-04-11/286_RR220411A_906C_1837.bmp,15,,0.5367388725280762,21.365115545245104,/content/quantum rheed codex/result/professor_followup_analysis/final_comparison/jobs/followup_seed-202_strategy-cluster_diverse/job_state.json
202,cluster_diverse,Trajectories/2022-02-06/189_RR220206A_971C_2054-01.bmp || Trajectories/2022-04-11/286_RR220411A_906C_1837.bmp,15,,0.5359060168266296,21.36897059055149,/content/quantum rheed codex/result/professor_followup_analysis/final_comparison/jobs/followup_seed-202_strategy-cluster_diverse/job_state.json
202,cluster_diverse,Trajectories/2022-02-04/020_RR220204A_981C_0126-02.bmp || Trajectories/2022-02-04/133_RR220204A_467C_1754-01.bmp,16,,0.68279629945755,27.894521425197862,/content/quantum rheed codex/result/professor_followup_analysis/final_comparison/jobs/followup_seed-202_strategy-cluster_diverse/job_state.json
202,cluster_diverse,Trajectories/2022-02-04/048_RR220204A_245C_0201.bmp || Trajectories/2022-02-04/192_RR220204A_607C_1831.bmp,16,,0.6771911382675171,26.89520655784793,/content/quantum rheed codex/result/professor_followup_analysis/final_comparison/jobs/followup_seed-202_strategy-cluster_diverse/job_state.json
202,cluster_diverse,Trajectories/2022-02-04/024_RR220204A_927C_0130.bmp || Trajectories/2022-02-04/261_RR220204A_790C_1930.bmp,16,,0.6763823628425598,29.019150391623104,/content/quantum rheed codex/result/professor_followup_analysis/final_comparison/jobs/followup_seed-202_strategy-cluster_diverse/job_state.json
202,cluster_diverse,Trajectories/2022-02-04/131_RR220204A_466C_1754.bmp || Trajectories/2022-04-11/204_RR220411A_851C_1712.bmp,16,,0.6700031161308289,26.78536864492368,/content/quantum rheed codex/result/professor_followup_analysis/final_comparison/jobs/followup_seed-202_strategy-cluster_diverse/job_state.json
202,cluster_diverse,Trajectories/2022-02-04/229_RR220204A_696C_1901-02.bmp || Trajectories/2022-04-11/208_RR220411A_850C_1713-02.bmp,16,,0.6646246910095215,28.154322288795672,/content/quantum rheed codex/result/professor_followup_analysis/final_comparison/jobs/followup_seed-202_strategy-cluster_diverse/job_state.json
202,cluster_diverse,Trajectories/2022-04-11/063_RR220411A_402C_1510.bmp || Trajectories/2022-04-11/268_RR220411A_952C_1801.bmp,17,,0.6312571167945862,20.771322289522523,/content/quantum rheed codex/result/professor_followup_analysis/final_comparison/jobs/followup_seed-202_strategy-cluster_diverse/job_state.json
202,cluster_diverse,Trajectories/2022-04-11/069_RR220411A_428C_1515.bmp || Trajectories/2022-04-11/231_RR220411A_882C_1729.bmp,17,,0.6174570322036743,21.858627060870834,/content/quantum rheed codex/result/professor_followup_analysis/final_comparison/jobs/followup_seed-202_strategy-cluster_diverse/job_state.json
202,cluster_diverse,Trajectories/2022-04-11/066_RR220411A_416C_1513-01.bmp || Trajectories/2022-04-11/292_RR220411A_887C_1841.bmp,17,,0.6100406646728516,21.96315475310083,/content/quantum rheed codex/result/professor_followup_analysis/final_comparison/jobs/followup_seed-202_strategy-cluster_diverse/job_state.json
202,cluster_diverse,Trajectories/2022-04-11/001_RR220411A_180C_1417-01.bmp || Trajectories/2022-04-11/321_RR220411A_823C_1901.bmp,17,,0.5866657495498657,23.399098511335318,/content/quantum rheed codex/result/professor_followup_analysis/final_comparison/jobs/followup_seed-202_strategy-cluster_diverse/job_state.json
202,cluster_diverse,Trajectories/2022-04-11/013_RR220411A_223C_1424.bmp || Trajectories/2022-04-11/306_RR220411A_857C_1850.bmp,17,,0.5865669846534729,22.64489033001069,/content/quantum rheed codex/result/professor_followup_analysis/final_comparison/jobs/followup_seed-202_strategy-cluster_diverse/job_state.json
202,cluster_diverse,Trajectories/2022-02-04/319_RR220204A_918C_2037.bmp || Trajectories/2022-02-04/354_RR220204A_951C_2141.bmp,18,,0.6915912628173828,31.96586814113138,/content/quantum rheed codex/result/professor_followup_analysis/final_comparison/jobs/followup_seed-202_strategy-cluster_diverse/job_state.json
202,cluster_diverse,Trajectories/2022-02-04/079_RR220204A_301C_1717.bmp || Trajectories/2022-02-04/329_RR220204A_946C_2054.bmp,18,,0.6885548233985901,31.102395283489734,/content/quantum rheed codex/result/professor_followup_analysis/final_comparison/jobs/followup_seed-202_strategy-cluster_diverse/job_state.json
202,cluster_diverse,Trajectories/2022-02-04/085_RR220204A_378C_1720.bmp || Trajectories/2022-02-04/328_RR220204A_946C_2053.bmp,18,,0.6854538321495056,31.12761167683212,/content/quantum rheed codex/result/professor_followup_analysis/final_comparison/jobs/followup_seed-202_strategy-cluster_diverse/job_state.json
202,cluster_diverse,Trajectories/2022-02-04/189_RR220204A_578C_1830.bmp || Trajectories/2022-02-04/341_RR220204A_937C_2114.bmp,18,,0.6839580535888672,31.19273274413676,/content/quantum rheed codex/result/professor_followup_analysis/final_comparison/jobs/followup_seed-202_strategy-cluster_diverse/job_state.json
202,cluster_diverse,Trajectories/2022-02-04/205_RR220204A_642C_1839-02.bmp || Trajectories/2022-02-04/337_RR220204A_938C_2106.bmp,18,,0.6831067800521851,31.597551335961278,/content/quantum rheed codex/result/professor_followup_analysis/final_comparison/jobs/followup_seed-202_strategy-cluster_diverse/job_state.json
202,cluster_diverse,Trajectories/2022-02-06/163_RR220206A_1105C_2015.bmp || Trajectories/2022-04-11/417_RR220411A_427C_1956.bmp,19,,0.3515641391277313,33.89974321774679,/content/quantum rheed codex/result/professor_followup_analysis/final_comparison/jobs/followup_seed-202_strategy-cluster_diverse/job_state.json
202,core_set,Trajectories/2022-04-11/397_RR220411A_528C_1948.bmp || Trajectories/2022-04-11/443_RR220411A_303C_2007.bmp,10,17.198764083687703,,55.526203011744656,/content/quantum rheed codex/result/professor_followup_analysis/final_comparison/jobs/followup_seed-202_strategy-core_set/job_state.json
202,core_set,Trajectories/2022-04-11/343_RR220411A_722C_1918.bmp || Trajectories/2022-04-11/374_RR220411A_625C_1937.bmp,2,7.2879921088660415,,41.18334450800941,/content/quantum rheed codex/result/professor_followup_analysis/final_comparison/jobs/followup_seed-202_strategy-core_set/job_state.json
202,core_set,Trajectories/2022-02-06/055_RR220206A_239C_1742.bmp || Trajectories/2022-04-11/409_RR220411A_474C_1953.bmp,7,6.435001230318222,,33.03021159055383,/content/quantum rheed codex/result/professor_followup_analysis/final_comparison/jobs/followup_seed-202_strategy-core_set/job_state.json
202,core_set,Trajectories/2022-02-06/095_RR220206A_614C_1835.bmp || Trajectories/2022-02-06/195_RR220206A_944C_2101.bmp,4,6.367734417239524,,22.645374935266197,/content/quantum rheed codex/result/professor_followup_analysis/final_comparison/jobs/followup_seed-202_strategy-core_set/job_state.json
202,core_set,Trajectories/2022-02-06/132_RR220206A_959C_1932.bmp || Trajectories/2022-04-11/417_RR220411A_427C_1956.bmp,2,5.221746390165068,,36.067853029218114,/content/quantum rheed codex/result/professor_followup_analysis/final_comparison/jobs/followup_seed-202_strategy-core_set/job_state.json
202,core_set,Trajectories/2022-04-11/267_RR220411A_953C_1800.bmp || Trajectories/2022-04-11/271_RR220411A_951C_1811.bmp,0,5.141876138575169,,23.70566960437566,/content/quantum rheed codex/result/professor_followup_analysis/final_comparison/jobs/followup_seed-202_strategy-core_set/job_state.json
202,core_set,Trajectories/2022-02-04/037_RR220204A_579C_0146.bmp || Trajectories/2022-02-04/074_RR220204A_297C_1711.bmp,3,4.623288579604377,,27.361488387784952,/content/quantum rheed codex/result/professor_followup_analysis/final_comparison/jobs/followup_seed-202_strategy-core_set/job_state.json
202,core_set,Trajectories/2022-02-04/037_RR220204A_579C_0146.bmp || Trajectories/2022-02-06/265_RR220206A_498C_2232.bmp,15,4.613823911616916,,20.653761668689626,/content/quantum rheed codex/result/professor_followup_analysis/final_comparison/jobs/followup_seed-202_strategy-core_set/job_state.json
202,core_set,Trajectories/2022-02-04/266_RR220204A_783C_1938.bmp || Trajectories/2022-02-04/356_RR220204A_949C_2144.bmp,3,4.372894772147343,,32.06072236551072,/content/quantum rheed codex/result/professor_followup_analysis/final_comparison/jobs/followup_seed-202_strategy-core_set/job_state.json
202,core_set,Trajectories/2022-02-06/125_RR220206A_887C_1925.bmp || Trajectories/2022-04-11/313_RR220411A_839C_1856.bmp,0,4.149968502109223,,25.896168076105155,/content/quantum rheed codex/result/professor_followup_analysis/final_comparison/jobs/followup_seed-202_strategy-core_set/job_state.json
202,core_set,Trajectories/2022-02-04/303_RR220204A_917C_2021.bmp || Trajectories/2022-04-11/226_RR220411A_873C_1725.bmp,12,4.127096423508082,,26.982976347208957,/content/quantum rheed codex/result/professor_followup_analysis/final_comparison/jobs/followup_seed-202_strategy-core_set/job_state.json
202,core_set,Trajectories/2022-04-11/320_RR220411A_824C_1901.bmp || Trajectories/2022-04-11/332_RR220411A_756C_1911.bmp,9,4.060032448302949,,32.299743666742444,/content/quantum rheed codex/result/professor_followup_analysis/final_comparison/jobs/followup_seed-202_strategy-core_set/job_state.json
202,core_set,Trajectories/2022-02-04/287_RR220204A_851C_2008.bmp || Trajectories/2022-04-11/409_RR220411A_474C_1953.bmp,13,4.0557602841453475,,40.950012215352345,/content/quantum rheed codex/result/professor_followup_analysis/final_comparison/jobs/followup_seed-202_strategy-core_set/job_state.json
202,core_set,Trajectories/2022-02-04/300_RR220204A_881C_2018.bmp || Trajectories/2022-02-06/195_RR220206A_944C_2101.bmp,1,4.037900168362568,,23.019700487081032,/content/quantum rheed codex/result/professor_followup_analysis/final_comparison/jobs/followup_seed-202_strategy-core_set/job_state.json
202,core_set,Trajectories/2022-04-11/066_RR220411A_416C_1513-01.bmp || Trajectories/2022-04-11/292_RR220411A_887C_1841.bmp,17,3.9820230520288096,,21.96315475310083,/content/quantum rheed codex/result/professor_followup_analysis/final_comparison/jobs/followup_seed-202_strategy-core_set/job_state.json
202,core_set,Trajectories/2022-04-11/323_RR220411A_816C_1903.bmp || Trajectories/2022-04-11/366_RR220411A_654C_1930.bmp,2,3.9445453089219487,,36.529906914904004,/content/quantum rheed codex/result/professor_followup_analysis/final_comparison/jobs/followup_seed-202_strategy-core_set/job_state.json
202,core_set,Trajectories/2022-02-06/129_RR220206A_912C_1929.bmp || Trajectories/2022-04-11/217_RR220411A_857C_1718.bmp,0,3.9251808963499,,23.78676556408082,/content/quantum rheed codex/result/professor_followup_analysis/final_comparison/jobs/followup_seed-202_strategy-core_set/job_state.json
202,core_set,Trajectories/2022-02-06/124_RR220206A_894C_1924.bmp || Trajectories/2022-02-06/253_RR220206A_599C_2217.bmp,15,3.9206099573868833,,20.770891862593125,/content/quantum rheed codex/result/professor_followup_analysis/final_comparison/jobs/followup_seed-202_strategy-core_set/job_state.json
202,core_set,Trajectories/2022-02-04/317_RR220204A_935C_2033.bmp || Trajectories/2022-02-06/250_RR220206A_621C_2212.bmp,15,3.909123666652511,,20.48434992991696,/content/quantum rheed codex/result/professor_followup_analysis/final_comparison/jobs/followup_seed-202_strategy-core_set/job_state.json
202,core_set,Trajectories/2022-02-04/048_RR220204A_245C_0201.bmp || Trajectories/2022-04-11/183_RR220411A_794C_1655.bmp,8,3.7898175189417884,,21.847170114810787,/content/quantum rheed codex/result/professor_followup_analysis/final_comparison/jobs/followup_seed-202_strategy-core_set/job_state.json
202,core_set,Trajectories/2022-04-11/108_RR220411A_507C_1543.bmp || Trajectories/2022-04-11/379_RR220411A_614C_1940.bmp,7,3.783235873806373,,30.203126668843193,/content/quantum rheed codex/result/professor_followup_analysis/final_comparison/jobs/followup_seed-202_strategy-core_set/job_state.json
202,core_set,Trajectories/2022-02-04/309_RR220204A_911C_2027.bmp || Trajectories/2022-02-04/361_RR220204A_947C_2156.bmp,3,3.740863936713879,,29.000703457924317,/content/quantum rheed codex/result/professor_followup_analysis/final_comparison/jobs/followup_seed-202_strategy-core_set/job_state.json
202,core_set,Trajectories/2022-02-06/016_RR220206A_165C_1704-03.bmp || Trajectories/2022-04-11/011_RR220411A_219C_1424.bmp,6,3.424142946554377,,21.97807904171447,/content/quantum rheed codex/result/professor_followup_analysis/final_comparison/jobs/followup_seed-202_strategy-core_set/job_state.json
202,core_set,Trajectories/2022-02-04/334_RR220204A_939C_2101.bmp || Trajectories/2022-04-11/386_RR220411A_580C_1943.bmp,2,3.3573926817483746,,38.94060121271343,/content/quantum rheed codex/result/professor_followup_analysis/final_comparison/jobs/followup_seed-202_strategy-core_set/job_state.json
202,core_set,Trajectories/2022-02-04/148_RR220204A_480C_1804.bmp || Trajectories/2022-04-11/313_RR220411A_839C_1856.bmp,11,3.351707078404974,,29.892881779575944,/content/quantum rheed codex/result/professor_followup_analysis/final_comparison/jobs/followup_seed-202_strategy-core_set/job_state.json
202,core_set,Trajectories/2022-04-11/141_RR220411A_656C_1613.bmp || Trajectories/2022-04-11/203_RR220411A_843C_1711-03.bmp,8,3.2993178698105297,,21.939955771594956,/content/quantum rheed codex/result/professor_followup_analysis/final_comparison/jobs/followup_seed-202_strategy-core_set/job_state.json
202,core_set,Trajectories/2022-02-06/216_RR220206A_837C_2124.bmp || Trajectories/2022-04-11/419_RR220411A_415C_1957.bmp,19,3.2904606031725145,,34.143683085017734,/content/quantum rheed codex/result/professor_followup_analysis/final_comparison/jobs/followup_seed-202_strategy-core_set/job_state.json
202,core_set,Trajectories/2022-02-04/013_RR220204A_949C_0119.bmp || Trajectories/2022-02-06/077_RR220206A_461C_1813.bmp,8,3.2793115341727392,,22.652469008571536,/content/quantum rheed codex/result/professor_followup_analysis/final_comparison/jobs/followup_seed-202_strategy-core_set/job_state.json
202,core_set,Trajectories/2022-04-11/246_RR220411A_915C_1741.bmp || Trajectories/2022-04-11/258_RR220411A_932C_1751.bmp,12,3.193313801337566,,27.662681759280296,/content/quantum rheed codex/result/professor_followup_analysis/final_comparison/jobs/followup_seed-202_strategy-core_set/job_state.json
202,core_set,Trajectories/2022-02-04/314_RR220204A_937C_2030.bmp || Trajectories/2022-04-11/081_RR220411A_453C_1523.bmp,8,3.1577198603846215,,21.659061430494347,/content/quantum rheed codex/result/professor_followup_analysis/final_comparison/jobs/followup_seed-202_strategy-core_set/job_state.json
202,core_set,Trajectories/2022-02-04/021_RR220204A_981C_0126-03.bmp || Trajectories/2022-04-11/225_RR220411A_873C_1724.bmp,0,3.041577072300752,,25.345510500211613,/content/quantum rheed codex/result/professor_followup_analysis/final_comparison/jobs/followup_seed-202_strategy-core_set/job_state.json
202,core_set,Trajectories/2022-04-11/183_RR220411A_794C_1655.bmp || Trajectories/2022-04-11/226_RR220411A_873C_1725.bmp,8,3.025346696048922,,22.68155389534915,/content/quantum rheed codex/result/professor_followup_analysis/final_comparison/jobs/followup_seed-202_strategy-core_set/job_state.json
202,core_set,Trajectories/2022-02-04/194_RR220204A_610C_1832.bmp || Trajectories/2022-02-06/119_RR220206A_871C_1918.bmp,14,2.933453822489067,,24.562753189399128,/content/quantum rheed codex/result/professor_followup_analysis/final_comparison/jobs/followup_seed-202_strategy-core_set/job_state.json
202,core_set,Trajectories/2022-02-06/037_RR220206A_165C_1722.bmp || Trajectories/2022-04-11/219_RR220411A_865C_1720.bmp,8,2.9180168573404495,,21.219775066427196,/content/quantum rheed codex/result/professor_followup_analysis/final_comparison/jobs/followup_seed-202_strategy-core_set/job_state.json
202,core_set,Trajectories/2022-02-04/117_RR220204A_445C_1740.bmp || Trajectories/2022-02-06/123_RR220206A_894C_1923.bmp,16,2.9012329090098707,,26.451822207848345,/content/quantum rheed codex/result/professor_followup_analysis/final_comparison/jobs/followup_seed-202_strategy-core_set/job_state.json
202,core_set,Trajectories/2022-02-04/024_RR220204A_927C_0130.bmp || Trajectories/2022-02-04/261_RR220204A_790C_1930.bmp,16,2.861588108905238,,29.019150391623104,/content/quantum rheed codex/result/professor_followup_analysis/final_comparison/jobs/followup_seed-202_strategy-core_set/job_state.json
202,core_set,Trajectories/2022-02-04/281_RR220204A_806C_2000.bmp || Trajectories/2022-04-11/322_RR220411A_818C_1902.bmp,11,2.8590899325466332,,31.314753202220505,/content/quantum rheed codex/result/professor_followup_analysis/final_comparison/jobs/followup_seed-202_strategy-core_set/job_state.json
202,core_set,Trajectories/2022-02-04/076_RR220204A_299C_1713.bmp || Trajectories/2022-02-04/080_RR220204A_301C_1718.bmp,3,2.833180385764322,,30.8741938397879,/content/quantum rheed codex/result/professor_followup_analysis/final_comparison/jobs/followup_seed-202_strategy-core_set/job_state.json
202,core_set,Trajectories/2022-02-06/186_RR220206A_985C_2050.bmp || Trajectories/2022-02-06/251_RR220206A_619C_2214.bmp,4,2.823129174628937,,21.905305910814324,/content/quantum rheed codex/result/professor_followup_analysis/final_comparison/jobs/followup_seed-202_strategy-core_set/job_state.json
202,core_set,Trajectories/2022-02-04/007_RR220204A_931C_0051.bmp || Trajectories/2022-04-11/291_RR220411A_888C_1840.bmp,12,2.7620206532493676,,29.057939895764807,/content/quantum rheed codex/result/professor_followup_analysis/final_comparison/jobs/followup_seed-202_strategy-core_set/job_state.json
202,core_set,Trajectories/2022-02-06/234_RR220206A_738C_2148.bmp || Trajectories/2022-04-11/375_RR220411A_617C_1938.bmp,5,2.7134331150214472,,29.246203510126513,/content/quantum rheed codex/result/professor_followup_analysis/final_comparison/jobs/followup_seed-202_strategy-core_set/job_state.json
202,core_set,Trajectories/2022-02-04/338_RR220204A_940C_2108.bmp || Trajectories/2022-04-11/354_RR220411A_693C_1924.bmp,9,2.709630054231119,,34.812405769420884,/content/quantum rheed codex/result/professor_followup_analysis/final_comparison/jobs/followup_seed-202_strategy-core_set/job_state.json
202,core_set,Trajectories/2022-02-06/180_RR220206A_1031C_2041.bmp || Trajectories/2022-04-11/277_RR220411A_936C_1828.bmp,15,2.6699155513148813,,20.806576181586845,/content/quantum rheed codex/result/professor_followup_analysis/final_comparison/jobs/followup_seed-202_strategy-core_set/job_state.json
202,core_set,Trajectories/2022-04-11/001_RR220411A_180C_1417-01.bmp || Trajectories/2022-04-11/321_RR220411A_823C_1901.bmp,17,2.6163448374735934,,23.399098511335318,/content/quantum rheed codex/result/professor_followup_analysis/final_comparison/jobs/followup_seed-202_strategy-core_set/job_state.json
202,core_set,Trajectories/2022-02-04/178_RR220204A_544C_1822.bmp || Trajectories/2022-04-11/013_RR220411A_223C_1424.bmp,14,2.5830530982903737,,23.84885087277908,/content/quantum rheed codex/result/professor_followup_analysis/final_comparison/jobs/followup_seed-202_strategy-core_set/job_state.json
202,core_set,Trajectories/2022-02-04/048_RR220204A_245C_0201.bmp || Trajectories/2022-02-04/192_RR220204A_607C_1831.bmp,16,2.5683934074281702,,26.89520655784793,/content/quantum rheed codex/result/professor_followup_analysis/final_comparison/jobs/followup_seed-202_strategy-core_set/job_state.json
202,core_set,Trajectories/2022-02-04/235_RR220204A_725C_1905.bmp || Trajectories/2022-02-06/068_RR220206A_362C_1759.bmp,14,2.4937572980648373,,25.121710094915752,/content/quantum rheed codex/result/professor_followup_analysis/final_comparison/jobs/followup_seed-202_strategy-core_set/job_state.json
202,core_set,Trajectories/2022-02-04/295_RR220204A_882C_2015.bmp || Trajectories/2022-02-06/117_RR220206A_844C_1915.bmp,1,2.4787013814208407,,23.569199025086114,/content/quantum rheed codex/result/professor_followup_analysis/final_comparison/jobs/followup_seed-202_strategy-core_set/job_state.json
202,core_set,Trajectories/2022-04-11/063_RR220411A_402C_1510.bmp || Trajectories/2022-04-11/268_RR220411A_952C_1801.bmp,17,2.4762255271622213,,20.771322289522523,/content/quantum rheed codex/result/professor_followup_analysis/final_comparison/jobs/followup_seed-202_strategy-core_set/job_state.json
202,core_set,Trajectories/2022-02-04/253_RR220204A_782C_1923.bmp || Trajectories/2022-02-06/262_RR220206A_540C_2228.bmp,1,2.4319825068311407,,23.803692721977942,/content/quantum rheed codex/result/professor_followup_analysis/final_comparison/jobs/followup_seed-202_strategy-core_set/job_state.json
202,core_set,Trajectories/2022-02-06/137_RR220206A_982C_1937.bmp || Trajectories/2022-04-11/191_RR220411A_821C_1704.bmp,15,2.395680403487844,,20.97411265027684,/content/quantum rheed codex/result/professor_followup_analysis/final_comparison/jobs/followup_seed-202_strategy-core_set/job_state.json
202,core_set,Trajectories/2022-02-04/029_RR220204A_808C_0135.bmp || Trajectories/2022-02-04/242_RR220204A_720C_1911.bmp,3,2.3692007565539996,,30.224793149231314,/content/quantum rheed codex/result/professor_followup_analysis/final_comparison/jobs/followup_seed-202_strategy-core_set/job_state.json
202,core_set,Trajectories/2022-02-04/262_RR220204A_793C_1932.bmp || Trajectories/2022-04-11/359_RR220411A_675C_1926.bmp,9,2.315133713303852,,35.278476485644234,/content/quantum rheed codex/result/professor_followup_analysis/final_comparison/jobs/followup_seed-202_strategy-core_set/job_state.json
202,core_set,Trajectories/2022-04-11/203_RR220411A_843C_1711-03.bmp || Trajectories/2022-04-11/284_RR220411A_912C_1835.bmp,0,2.3098444316137337,,24.293641081202164,/content/quantum rheed codex/result/professor_followup_analysis/final_comparison/jobs/followup_seed-202_strategy-core_set/job_state.json
202,core_set,Trajectories/2022-02-06/206_RR220206A_875C_2113.bmp || Trajectories/2022-04-11/338_RR220411A_734C_1915.bmp,5,2.2872591079293243,,25.45217162689628,/content/quantum rheed codex/result/professor_followup_analysis/final_comparison/jobs/followup_seed-202_strategy-core_set/job_state.json
202,core_set,Trajectories/2022-02-04/020_RR220204A_981C_0126-02.bmp || Trajectories/2022-04-11/088_RR220411A_459C_1527.bmp,8,2.2344309180925337,,22.085275576570066,/content/quantum rheed codex/result/professor_followup_analysis/final_comparison/jobs/followup_seed-202_strategy-core_set/job_state.json
202,core_set,Trajectories/2022-02-06/097_RR220206A_654C_1837.bmp || Trajectories/2022-04-11/067_RR220411A_416C_1513-02.bmp,6,2.1881739106229716,,20.75821314615995,/content/quantum rheed codex/result/professor_followup_analysis/final_comparison/jobs/followup_seed-202_strategy-core_set/job_state.json
202,core_set,Trajectories/2022-02-04/195_RR220204A_611C_1832.bmp || Trajectories/2022-02-04/320_RR220204A_915C_2039.bmp,18,2.158337519310867,,31.82452791446565,/content/quantum rheed codex/result/professor_followup_analysis/final_comparison/jobs/followup_seed-202_strategy-core_set/job_state.json
202,core_set,Trajectories/2022-02-04/319_RR220204A_918C_2037.bmp || Trajectories/2022-02-04/354_RR220204A_951C_2141.bmp,18,2.0994191103272883,,31.96586814113138,/content/quantum rheed codex/result/professor_followup_analysis/final_comparison/jobs/followup_seed-202_strategy-core_set/job_state.json
202,core_set,Trajectories/2022-04-11/053_RR220411A_374C_1502.bmp || Trajectories/2022-04-11/156_RR220411A_699C_1628.bmp,6,2.047065343986265,,20.744852777777044,/content/quantum rheed codex/result/professor_followup_analysis/final_comparison/jobs/followup_seed-202_strategy-core_set/job_state.json
202,core_set,Trajectories/2022-04-11/100_RR220411A_492C_1537.bmp || Trajectories/2022-04-11/363_RR220411A_661C_1929.bmp,7,1.9840818185573095,,28.61674582671495,/content/quantum rheed codex/result/professor_followup_analysis/final_comparison/jobs/followup_seed-202_strategy-core_set/job_state.json
202,core_set,Trajectories/2022-04-11/065_RR220411A_414C_1512.bmp || Trajectories/2022-04-11/349_RR220411A_705C_1921.bmp,5,1.9809665195027604,,26.161688954911217,/content/quantum rheed codex/result/professor_followup_analysis/final_comparison/jobs/followup_seed-202_strategy-core_set/job_state.json
202,core_set,Trajectories/2022-02-04/209_RR220204A_637C_1845.bmp || Trajectories/2022-02-04/213_RR220204A_668C_1847.bmp,3,1.9578095553978045,,32.09859269448398,/content/quantum rheed codex/result/professor_followup_analysis/final_comparison/jobs/followup_seed-202_strategy-core_set/job_state.json
202,core_set,Trajectories/2022-02-04/197_RR220204A_611C_1835.bmp || Trajectories/2022-04-11/233_RR220411A_889C_1731.bmp,12,1.9430562863172718,,28.902133470931624,/content/quantum rheed codex/result/professor_followup_analysis/final_comparison/jobs/followup_seed-202_strategy-core_set/job_state.json
202,core_set,Trajectories/2022-02-06/080_RR220206A_490C_1816.bmp || Trajectories/2022-04-11/234_RR220411A_888C_1732.bmp,17,1.8348676992119608,,21.784498949510105,/content/quantum rheed codex/result/professor_followup_analysis/final_comparison/jobs/followup_seed-202_strategy-core_set/job_state.json
202,core_set,Trajectories/2022-02-04/164_RR220204A_507C_1811.bmp || Trajectories/2022-02-06/074_RR220206A_430C_1809.bmp,14,1.7661316768708641,,23.77924860041451,/content/quantum rheed codex/result/professor_followup_analysis/final_comparison/jobs/followup_seed-202_strategy-core_set/job_state.json
202,core_set,Trajectories/2022-02-06/095_RR220206A_614C_1835.bmp || Trajectories/2022-02-06/247_RR220206A_657C_2207.bmp,4,1.7491440295459089,,21.911355857119663,/content/quantum rheed codex/result/professor_followup_analysis/final_comparison/jobs/followup_seed-202_strategy-core_set/job_state.json
202,core_set,Trajectories/2022-02-04/069_RR220204A_293C_1706.bmp || Trajectories/2022-02-06/147_RR220206A_1024C_1953.bmp,1,1.7480134213489493,,23.420421511222322,/content/quantum rheed codex/result/professor_followup_analysis/final_comparison/jobs/followup_seed-202_strategy-core_set/job_state.json
202,core_set,Trajectories/2022-02-04/241_RR220204A_736C_1911.bmp || Trajectories/2022-04-11/064_RR220411A_413C_1511.bmp,14,1.7091278472879698,,24.55871041280482,/content/quantum rheed codex/result/professor_followup_analysis/final_comparison/jobs/followup_seed-202_strategy-core_set/job_state.json
202,core_set,Trajectories/2022-02-04/221_RR220204A_666C_1854.bmp || Trajectories/2022-04-11/358_RR220411A_677C_1926.bmp,9,1.7066211061122323,,35.22847098334539,/content/quantum rheed codex/result/professor_followup_analysis/final_comparison/jobs/followup_seed-202_strategy-core_set/job_state.json
202,core_set,Trajectories/2022-02-04/003_RR220204A_932C_0017.bmp || Trajectories/2022-04-11/439_RR220411A_330C_2005.bmp,13,1.6689811329580324,,43.1385319044477,/content/quantum rheed codex/result/professor_followup_analysis/final_comparison/jobs/followup_seed-202_strategy-core_set/job_state.json
202,core_set,Trajectories/2022-02-04/229_RR220204A_696C_1901-02.bmp || Trajectories/2022-04-11/208_RR220411A_850C_1713-02.bmp,16,1.6298084106204018,,28.154322288795672,/content/quantum rheed codex/result/professor_followup_analysis/final_comparison/jobs/followup_seed-202_strategy-core_set/job_state.json
202,core_set,Trajectories/2022-04-11/008_RR220411A_193C_1422.bmp || Trajectories/2022-04-11/093_RR220411A_482C_1531.bmp,6,1.5559879128567033,,20.57033633233567,/content/quantum rheed codex/result/professor_followup_analysis/final_comparison/jobs/followup_seed-202_strategy-core_set/job_state.json
202,core_set,Trajectories/2022-02-04/079_RR220204A_301C_1717.bmp || Trajectories/2022-02-04/329_RR220204A_946C_2054.bmp,18,1.5504961102457469,,31.102395283489734,/content/quantum rheed codex/result/professor_followup_analysis/final_comparison/jobs/followup_seed-202_strategy-core_set/job_state.json
202,core_set,Trajectories/2022-02-06/068_RR220206A_362C_1759.bmp || Trajectories/2022-04-11/030_RR220411A_291C_1437.bmp,6,1.5448761683118826,,20.326488054121086,/content/quantum rheed codex/result/professor_followup_analysis/final_comparison/jobs/followup_seed-202_strategy-core_set/job_state.json
202,core_set,Trajectories/2022-04-11/069_RR220411A_428C_1515.bmp || Trajectories/2022-04-11/231_RR220411A_882C_1729.bmp,17,1.4998046327223038,,21.858627060870834,/content/quantum rheed codex/result/professor_followup_analysis/final_comparison/jobs/followup_seed-202_strategy-core_set/job_state.json
202,core_set,Trajectories/2022-04-11/013_RR220411A_223C_1424.bmp || Trajectories/2022-04-11/306_RR220411A_857C_1850.bmp,17,1.4985445583887373,,22.64489033001069,/content/quantum rheed codex/result/professor_followup_analysis/final_comparison/jobs/followup_seed-202_strategy-core_set/job_state.json
202,core_set,Trajectories/2022-02-04/034_RR220204A_655C_0142.bmp || Trajectories/2022-02-06/272_RR220206A_424C_2242.bmp,15,1.4589121289435731,,21.290913017057804,/content/quantum rheed codex/result/professor_followup_analysis/final_comparison/jobs/followup_seed-202_strategy-core_set/job_state.json
202,core_set,Trajectories/2022-02-06/058_RR220206A_249C_1745.bmp || Trajectories/2022-04-11/178_RR220411A_774C_1649.bmp,6,1.4540453962795512,,20.765939458809626,/content/quantum rheed codex/result/professor_followup_analysis/final_comparison/jobs/followup_seed-202_strategy-core_set/job_state.json
202,core_set,Trajectories/2022-02-04/239_RR220204A_720C_1910.bmp || Trajectories/2022-04-11/154_RR220411A_696C_1624.bmp,14,1.4091307942371183,,25.36345840421267,/content/quantum rheed codex/result/professor_followup_analysis/final_comparison/jobs/followup_seed-202_strategy-core_set/job_state.json
202,core_set,Trajectories/2022-04-11/076_RR220411A_442C_1520.bmp || Trajectories/2022-04-11/387_RR220411A_578C_1943.bmp,7,1.4080248904907764,,30.679486796010124,/content/quantum rheed codex/result/professor_followup_analysis/final_comparison/jobs/followup_seed-202_strategy-core_set/job_state.json
202,core_set,Trajectories/2022-04-11/064_RR220411A_413C_1511.bmp || Trajectories/2022-04-11/138_RR220411A_635C_1610.bmp,6,1.3888377784015644,,20.462694341865873,/content/quantum rheed codex/result/professor_followup_analysis/final_comparison/jobs/followup_seed-202_strategy-core_set/job_state.json
202,core_set,Trajectories/2022-02-04/131_RR220204A_466C_1754.bmp || Trajectories/2022-04-11/204_RR220411A_851C_1712.bmp,16,1.3100587546987883,,26.78536864492368,/content/quantum rheed codex/result/professor_followup_analysis/final_comparison/jobs/followup_seed-202_strategy-core_set/job_state.json
202,core_set,Trajectories/2022-02-04/115_RR220204A_441C_1738.bmp || Trajectories/2022-02-06/152_RR220206A_1077C_2001-02.bmp,1,1.2904299244262578,,23.191878411866675,/content/quantum rheed codex/result/professor_followup_analysis/final_comparison/jobs/followup_seed-202_strategy-core_set/job_state.json
202,core_set,Trajectories/2022-02-06/189_RR220206A_971C_2054-01.bmp || Trajectories/2022-04-11/286_RR220411A_906C_1837.bmp,15,1.2404016401247695,,21.36897059055149,/content/quantum rheed codex/result/professor_followup_analysis/final_comparison/jobs/followup_seed-202_strategy-core_set/job_state.json
202,core_set,Trajectories/2022-02-04/205_RR220204A_642C_1839-02.bmp || Trajectories/2022-02-04/337_RR220204A_938C_2106.bmp,18,1.2341531684686289,,31.597551335961278,/content/quantum rheed codex/result/professor_followup_analysis/final_comparison/jobs/followup_seed-202_strategy-core_set/job_state.json
202,core_set,Trajectories/2022-02-04/085_RR220204A_378C_1720.bmp || Trajectories/2022-02-04/134_RR220204A_467C_1754-02.bmp,3,1.222497970097278,,30.63528582719411,/content/quantum rheed codex/result/professor_followup_analysis/final_comparison/jobs/followup_seed-202_strategy-core_set/job_state.json
202,core_set,Trajectories/2022-02-04/132_RR220204A_468C_1754.bmp || Trajectories/2022-04-11/246_RR220411A_915C_1741.bmp,12,1.1942680741425675,,29.146151527689433,/content/quantum rheed codex/result/professor_followup_analysis/final_comparison/jobs/followup_seed-202_strategy-core_set/job_state.json
202,core_set,Trajectories/2022-02-06/125_RR220206A_887C_1925.bmp || Trajectories/2022-04-11/226_RR220411A_873C_1725.bmp,0,1.176396849545745,,24.292715011787084,/content/quantum rheed codex/result/professor_followup_analysis/final_comparison/jobs/followup_seed-202_strategy-core_set/job_state.json
202,core_set,Trajectories/2022-02-04/215_RR220204A_669C_1848.bmp || Trajectories/2022-04-11/120_RR220411A_555C_1553.bmp,14,1.151448129285807,,25.30851725473029,/content/quantum rheed codex/result/professor_followup_analysis/final_comparison/jobs/followup_seed-202_strategy-core_set/job_state.json
202,core_set,Trajectories/2022-04-11/036_RR220411A_313C_1443.bmp || Trajectories/2022-04-11/072_RR220411A_429C_1516.bmp,6,1.1337669377549324,,20.266854711686946,/content/quantum rheed codex/result/professor_followup_analysis/final_comparison/jobs/followup_seed-202_strategy-core_set/job_state.json
202,core_set,Trajectories/2022-02-06/273_RR220206A_423C_2243.bmp || Trajectories/2022-04-11/379_RR220411A_614C_1940.bmp,5,1.110859225937388,,29.30870992334718,/content/quantum rheed codex/result/professor_followup_analysis/final_comparison/jobs/followup_seed-202_strategy-core_set/job_state.json
202,core_set,Trajectories/2022-02-04/385_RR220204A_939C_2340.bmp || Trajectories/2022-04-11/237_RR220411A_901C_1735.bmp,12,1.0518203824610453,,29.512864657499577,/content/quantum rheed codex/result/professor_followup_analysis/final_comparison/jobs/followup_seed-202_strategy-core_set/job_state.json
202,core_set,Trajectories/2022-02-04/152_RR220204A_488C_1805-02.bmp || Trajectories/2022-04-11/173_RR220411A_755C_1643.bmp,14,1.0435942102403786,,24.20827693052081,/content/quantum rheed codex/result/professor_followup_analysis/final_comparison/jobs/followup_seed-202_strategy-core_set/job_state.json
202,core_set,Trajectories/2022-02-06/090_RR220206A_568C_1828.bmp || Trajectories/2022-04-11/149_RR220411A_676C_1619.bmp,6,0.9609404073001536,,20.98382161304928,/content/quantum rheed codex/result/professor_followup_analysis/final_comparison/jobs/followup_seed-202_strategy-core_set/job_state.json
202,core_set,Trajectories/2022-02-04/139_RR220204A_470C_1758.bmp || Trajectories/2022-04-11/372_RR220411A_636C_1935.bmp,9,0.9556802022183523,,35.75077645444277,/content/quantum rheed codex/result/professor_followup_analysis/final_comparison/jobs/followup_seed-202_strategy-core_set/job_state.json
202,core_set,Trajectories/2022-02-04/206_RR220204A_641C_1841.bmp || Trajectories/2022-02-06/187_RR220206A_985C_2051.bmp,1,0.9150915883054112,,23.467480760863424,/content/quantum rheed codex/result/professor_followup_analysis/final_comparison/jobs/followup_seed-202_strategy-core_set/job_state.json
202,core_set,Trajectories/2022-02-06/213_RR220206A_849C_2121.bmp || Trajectories/2022-04-11/104_RR220411A_501C_1540.bmp,6,0.8936731781298365,,20.45900950659901,/content/quantum rheed codex/result/professor_followup_analysis/final_comparison/jobs/followup_seed-202_strategy-core_set/job_state.json
202,core_set,Trajectories/2022-04-11/238_RR220411A_905C_1736.bmp || Trajectories/2022-04-11/319_RR220411A_828C_1900.bmp,11,0.8746903346052046,,28.712980997015404,/content/quantum rheed codex/result/professor_followup_analysis/final_comparison/jobs/followup_seed-202_strategy-core_set/job_state.json
202,core_set,Trajectories/2022-02-04/085_RR220204A_378C_1720.bmp || Trajectories/2022-02-04/328_RR220204A_946C_2053.bmp,18,0.8560178715503053,,31.12761167683212,/content/quantum rheed codex/result/professor_followup_analysis/final_comparison/jobs/followup_seed-202_strategy-core_set/job_state.json
303,core_set,Trajectories/2022-02-04/307_RR220204A_912C_2025.bmp || Trajectories/2022-04-11/386_RR220411A_580C_1943.bmp,6,4.230650420637683,,27.053570863524495,/content/quantum rheed codex/result/professor_followup_analysis/final_comparison/jobs/followup_seed-303_strategy-core_set/job_state.json
303,core_set,Trajectories/2022-02-04/317_RR220204A_935C_2033.bmp || Trajectories/2022-02-06/250_RR220206A_621C_2212.bmp,2,4.009217730762234,,21.60319045488453,/content/quantum rheed codex/result/professor_followup_analysis/final_comparison/jobs/followup_seed-303_strategy-core_set/job_state.json
303,core_set,Trajectories/2022-02-04/295_RR220204A_882C_2015.bmp || Trajectories/2022-02-06/117_RR220206A_844C_1915.bmp,14,3.8456990216969444,,24.258727824567483,/content/quantum rheed codex/result/professor_followup_analysis/final_comparison/jobs/followup_seed-303_strategy-core_set/job_state.json
303,core_set,Trajectories/2022-04-11/028_RR220411A_291C_1436.bmp || Trajectories/2022-04-11/050_RR220411A_370C_1458.bmp,13,3.495117581242877,,29.12461923467517,/content/quantum rheed codex/result/professor_followup_analysis/final_comparison/jobs/followup_seed-303_strategy-core_set/job_state.json
303,core_set,Trajectories/2022-02-04/295_RR220204A_882C_2015.bmp || Trajectories/2022-02-04/332_RR220204A_941C_2057.bmp,2,3.295606970483678,,23.771341889061986,/content/quantum rheed codex/result/professor_followup_analysis/final_comparison/jobs/followup_seed-303_strategy-core_set/job_state.json
303,core_set,Trajectories/2022-02-04/287_RR220204A_851C_2008.bmp || Trajectories/2022-04-11/409_RR220411A_474C_1953.bmp,8,2.9750747606100894,,28.639036543586908,/content/quantum rheed codex/result/professor_followup_analysis/final_comparison/jobs/followup_seed-303_strategy-core_set/job_state.json
303,core_set,Trajectories/2022-02-04/024_RR220204A_927C_0130.bmp || Trajectories/2022-02-04/261_RR220204A_790C_1930.bmp,18,2.960959222865347,,30.817535957526957,/content/quantum rheed codex/result/professor_followup_analysis/final_comparison/jobs/followup_seed-303_strategy-core_set/job_state.json
303,core_set,Trajectories/2022-02-04/314_RR220204A_937C_2030.bmp || Trajectories/2022-04-11/081_RR220411A_453C_1523.bmp,14,2.8434152959569183,,23.432917793675873,/content/quantum rheed codex/result/professor_followup_analysis/final_comparison/jobs/followup_seed-303_strategy-core_set/job_state.json
303,core_set,Trajectories/2022-02-04/338_RR220204A_940C_2108.bmp || Trajectories/2022-04-11/354_RR220411A_693C_1924.bmp,19,2.681123878615028,,34.64678132203409,/content/quantum rheed codex/result/professor_followup_analysis/final_comparison/jobs/followup_seed-303_strategy-core_set/job_state.json
303,core_set,Trajectories/2022-02-04/253_RR220204A_782C_1923.bmp || Trajectories/2022-02-06/262_RR220206A_540C_2228.bmp,8,2.569828056976253,,28.667881161017057,/content/quantum rheed codex/result/professor_followup_analysis/final_comparison/jobs/followup_seed-303_strategy-core_set/job_state.json
303,core_set,Trajectories/2022-02-04/341_RR220204A_937C_2114.bmp || Trajectories/2022-02-06/163_RR220206A_1105C_2015.bmp,9,2.5384807138228727,,26.91054835298532,/content/quantum rheed codex/result/professor_followup_analysis/final_comparison/jobs/followup_seed-303_strategy-core_set/job_state.json
303,core_set,Trajectories/2022-02-04/044_RR220204A_348C_0157.bmp || Trajectories/2022-02-04/059_RR220204A_180C_0211.bmp,7,2.518185164677114,,32.33645050650825,/content/quantum rheed codex/result/professor_followup_analysis/final_comparison/jobs/followup_seed-303_strategy-core_set/job_state.json
303,core_set,Trajectories/2022-02-06/055_RR220206A_239C_1742.bmp || Trajectories/2022-04-11/409_RR220411A_474C_1953.bmp,1,2.382377183953192,,37.76637616026163,/content/quantum rheed codex/result/professor_followup_analysis/final_comparison/jobs/followup_seed-303_strategy-core_set/job_state.json
303,core_set,Trajectories/2022-02-04/049_RR220204A_218C_0201.bmp || Trajectories/2022-02-04/307_RR220204A_912C_2025.bmp,14,2.3645236344813982,,23.503268527085975,/content/quantum rheed codex/result/professor_followup_analysis/final_comparison/jobs/followup_seed-303_strategy-core_set/job_state.json
303,core_set,Trajectories/2022-02-06/097_RR220206A_654C_1837.bmp || Trajectories/2022-04-11/067_RR220411A_416C_1513-02.bmp,17,2.3450837129655318,,30.110610702463934,/content/quantum rheed codex/result/professor_followup_analysis/final_comparison/jobs/followup_seed-303_strategy-core_set/job_state.json
303,core_set,Trajectories/2022-02-06/016_RR220206A_165C_1704-03.bmp || Trajectories/2022-04-11/011_RR220411A_219C_1424.bmp,13,2.309693261747192,,29.975243365622095,/content/quantum rheed codex/result/professor_followup_analysis/final_comparison/jobs/followup_seed-303_strategy-core_set/job_state.json
303,core_set,Trajectories/2022-02-04/294_RR220204A_843C_2014.bmp || Trajectories/2022-02-06/140_RR220206A_993C_1941.bmp,2,2.196436720105619,,21.967732835259877,/content/quantum rheed codex/result/professor_followup_analysis/final_comparison/jobs/followup_seed-303_strategy-core_set/job_state.json
303,core_set,Trajectories/2022-02-06/095_RR220206A_614C_1835.bmp || Trajectories/2022-02-06/247_RR220206A_657C_2207.bmp,9,2.1927417191787693,,28.448348635109873,/content/quantum rheed codex/result/professor_followup_analysis/final_comparison/jobs/followup_seed-303_strategy-core_set/job_state.json
303,core_set,Trajectories/2022-02-04/019_RR220204A_981C_0126-01.bmp || Trajectories/2022-04-11/035_RR220411A_314C_1442.bmp,18,2.1926768510612984,,31.834268341796818,/content/quantum rheed codex/result/professor_followup_analysis/final_comparison/jobs/followup_seed-303_strategy-core_set/job_state.json
303,core_set,Trajectories/2022-04-11/397_RR220411A_528C_1948.bmp || Trajectories/2022-04-11/443_RR220411A_303C_2007.bmp,5,2.188630000468952,,41.935575375500385,/content/quantum rheed codex/result/professor_followup_analysis/final_comparison/jobs/followup_seed-303_strategy-core_set/job_state.json
303,core_set,Trajectories/2022-02-04/063_RR220204A_165C_0215-03.bmp || Trajectories/2022-04-11/376_RR220411A_620C_1938.bmp,19,2.1619179457833275,,36.048088223385136,/content/quantum rheed codex/result/professor_followup_analysis/final_comparison/jobs/followup_seed-303_strategy-core_set/job_state.json
303,core_set,Trajectories/2022-04-11/267_RR220411A_953C_1800.bmp || Trajectories/2022-04-11/271_RR220411A_951C_1811.bmp,19,2.0957869837559095,,35.06363741377798,/content/quantum rheed codex/result/professor_followup_analysis/final_comparison/jobs/followup_seed-303_strategy-core_set/job_state.json
303,core_set,Trajectories/2022-02-06/124_RR220206A_894C_1924.bmp || Trajectories/2022-02-06/253_RR220206A_599C_2217.bmp,10,2.052474411303576,,33.4518461353647,/content/quantum rheed codex/result/professor_followup_analysis/final_comparison/jobs/followup_seed-303_strategy-core_set/job_state.json
303,core_set,Trajectories/2022-02-04/003_RR220204A_932C_0017.bmp || Trajectories/2022-04-11/439_RR220411A_330C_2005.bmp,3,2.0404677232587574,,37.169931862853794,/content/quantum rheed codex/result/professor_followup_analysis/final_comparison/jobs/followup_seed-303_strategy-core_set/job_state.json
303,core_set,Trajectories/2022-02-06/068_RR220206A_362C_1759.bmp || Trajectories/2022-04-11/030_RR220411A_291C_1437.bmp,4,1.9978766091119662,,30.831826401434615,/content/quantum rheed codex/result/professor_followup_analysis/final_comparison/jobs/followup_seed-303_strategy-core_set/job_state.json
303,core_set,Trajectories/2022-02-04/334_RR220204A_939C_2101.bmp || Trajectories/2022-04-11/386_RR220411A_580C_1943.bmp,19,1.9846546564795595,,36.305930788492866,/content/quantum rheed codex/result/professor_followup_analysis/final_comparison/jobs/followup_seed-303_strategy-core_set/job_state.json
303,core_set,Trajectories/2022-02-04/178_RR220204A_544C_1822.bmp || Trajectories/2022-04-11/013_RR220411A_223C_1424.bmp,16,1.9451327684601354,,33.92106235972577,/content/quantum rheed codex/result/professor_followup_analysis/final_comparison/jobs/followup_seed-303_strategy-core_set/job_state.json
303,core_set,Trajectories/2022-02-04/048_RR220204A_245C_0201.bmp || Trajectories/2022-04-11/183_RR220411A_794C_1655.bmp,12,1.8829268163270796,,34.222867609088745,/content/quantum rheed codex/result/professor_followup_analysis/final_comparison/jobs/followup_seed-303_strategy-core_set/job_state.json
303,core_set,Trajectories/2022-02-04/192_RR220204A_607C_1831.bmp || Trajectories/2022-02-06/098_RR220206A_656C_1838.bmp,12,1.8721638430608611,,33.8564040887953,/content/quantum rheed codex/result/professor_followup_analysis/final_comparison/jobs/followup_seed-303_strategy-core_set/job_state.json
303,core_set,Trajectories/2022-04-11/076_RR220411A_442C_1520.bmp || Trajectories/2022-04-11/387_RR220411A_578C_1943.bmp,1,1.8590628901183333,,36.35245052450376,/content/quantum rheed codex/result/professor_followup_analysis/final_comparison/jobs/followup_seed-303_strategy-core_set/job_state.json
303,core_set,Trajectories/2022-02-04/305_RR220204A_915C_2023.bmp || Trajectories/2022-02-04/335_RR220204A_940C_2102.bmp,2,1.8471373193236285,,22.92749804425726,/content/quantum rheed codex/result/professor_followup_analysis/final_comparison/jobs/followup_seed-303_strategy-core_set/job_state.json
303,core_set,Trajectories/2022-02-06/058_RR220206A_249C_1745.bmp || Trajectories/2022-04-11/178_RR220411A_774C_1649.bmp,15,1.7690463337415536,,34.55225845880659,/content/quantum rheed codex/result/professor_followup_analysis/final_comparison/jobs/followup_seed-303_strategy-core_set/job_state.json
303,core_set,Trajectories/2022-02-04/303_RR220204A_917C_2021.bmp || Trajectories/2022-04-11/226_RR220411A_873C_1725.bmp,6,1.7503664403637051,,27.010848786714103,/content/quantum rheed codex/result/professor_followup_analysis/final_comparison/jobs/followup_seed-303_strategy-core_set/job_state.json
303,core_set,Trajectories/2022-02-04/300_RR220204A_881C_2018.bmp || Trajectories/2022-02-06/195_RR220206A_944C_2101.bmp,2,1.7261710943969943,,20.853167944479004,/content/quantum rheed codex/result/professor_followup_analysis/final_comparison/jobs/followup_seed-303_strategy-core_set/job_state.json
303,core_set,Trajectories/2022-02-06/137_RR220206A_982C_1937.bmp || Trajectories/2022-04-11/191_RR220411A_821C_1704.bmp,16,1.7139605482881375,,33.45344255524431,/content/quantum rheed codex/result/professor_followup_analysis/final_comparison/jobs/followup_seed-303_strategy-core_set/job_state.json
303,core_set,Trajectories/2022-02-06/189_RR220206A_971C_2054-01.bmp || Trajectories/2022-04-11/286_RR220411A_906C_1837.bmp,0,1.6804211716996493,,31.000581605915773,/content/quantum rheed codex/result/professor_followup_analysis/final_comparison/jobs/followup_seed-303_strategy-core_set/job_state.json
303,core_set,Trajectories/2022-02-04/320_RR220204A_915C_2039.bmp || Trajectories/2022-02-06/282_RR220206A_184C_2256.bmp,10,1.6732981412772634,,32.961560483617774,/content/quantum rheed codex/result/professor_followup_analysis/final_comparison/jobs/followup_seed-303_strategy-core_set/job_state.json
303,core_set,Trajectories/2022-02-04/097_RR220204A_405C_1727.bmp || Trajectories/2022-04-11/383_RR220411A_597C_1941.bmp,5,1.6632400424805653,,41.53096368356607,/content/quantum rheed codex/result/professor_followup_analysis/final_comparison/jobs/followup_seed-303_strategy-core_set/job_state.json
303,core_set,Trajectories/2022-02-04/209_RR220204A_637C_1845.bmp || Trajectories/2022-02-04/213_RR220204A_668C_1847.bmp,11,1.63146229987014,,36.70977788379436,/content/quantum rheed codex/result/professor_followup_analysis/final_comparison/jobs/followup_seed-303_strategy-core_set/job_state.json
303,core_set,Trajectories/2022-04-11/278_RR220411A_932C_1829.bmp || Trajectories/2022-04-11/386_RR220411A_580C_1943.bmp,3,1.5805613503329201,,38.181024837814284,/content/quantum rheed codex/result/professor_followup_analysis/final_comparison/jobs/followup_seed-303_strategy-core_set/job_state.json
303,core_set,Trajectories/2022-02-04/117_RR220204A_445C_1740.bmp || Trajectories/2022-02-06/123_RR220206A_894C_1923.bmp,5,1.570063196002334,,40.09347059682167,/content/quantum rheed codex/result/professor_followup_analysis/final_comparison/jobs/followup_seed-303_strategy-core_set/job_state.json
303,core_set,Trajectories/2022-02-06/037_RR220206A_165C_1722.bmp || Trajectories/2022-04-11/219_RR220411A_865C_1720.bmp,1,1.5563122935368567,,36.694650671425,/content/quantum rheed codex/result/professor_followup_analysis/final_comparison/jobs/followup_seed-303_strategy-core_set/job_state.json
303,core_set,Trajectories/2022-02-04/262_RR220204A_793C_1932.bmp || Trajectories/2022-04-11/359_RR220411A_675C_1926.bmp,7,1.5562310490975653,,32.54891734554745,/content/quantum rheed codex/result/professor_followup_analysis/final_comparison/jobs/followup_seed-303_strategy-core_set/job_state.json
303,core_set,Trajectories/2022-02-04/034_RR220204A_655C_0142.bmp || Trajectories/2022-02-06/272_RR220206A_424C_2242.bmp,16,1.5548096337584365,,33.662345256921235,/content/quantum rheed codex/result/professor_followup_analysis/final_comparison/jobs/followup_seed-303_strategy-core_set/job_state.json
303,core_set,Trajectories/2022-02-04/194_RR220204A_610C_1832.bmp || Trajectories/2022-02-06/119_RR220206A_871C_1918.bmp,11,1.5290574182239474,,37.32917130227926,/content/quantum rheed codex/result/professor_followup_analysis/final_comparison/jobs/followup_seed-303_strategy-core_set/job_state.json
303,core_set,Trajectories/2022-04-11/069_RR220411A_428C_1515.bmp || Trajectories/2022-04-11/231_RR220411A_882C_1729.bmp,1,1.5060501071514494,,35.58995971965655,/content/quantum rheed codex/result/professor_followup_analysis/final_comparison/jobs/followup_seed-303_strategy-core_set/job_state.json
303,core_set,Trajectories/2022-02-04/076_RR220204A_299C_1713.bmp || Trajectories/2022-02-04/080_RR220204A_301C_1718.bmp,5,1.4705367080237044,,41.42081420893806,/content/quantum rheed codex/result/professor_followup_analysis/final_comparison/jobs/followup_seed-303_strategy-core_set/job_state.json
303,core_set,Trajectories/2022-04-11/008_RR220411A_193C_1422.bmp || Trajectories/2022-04-11/093_RR220411A_482C_1531.bmp,13,1.4633161358262103,,30.332046477981127,/content/quantum rheed codex/result/professor_followup_analysis/final_comparison/jobs/followup_seed-303_strategy-core_set/job_state.json
303,core_set,Trajectories/2022-02-06/216_RR220206A_837C_2124.bmp || Trajectories/2022-04-11/419_RR220411A_415C_1957.bmp,10,1.4600905080110458,,33.840500437463746,/content/quantum rheed codex/result/professor_followup_analysis/final_comparison/jobs/followup_seed-303_strategy-core_set/job_state.json
303,core_set,Trajectories/2022-02-04/013_RR220204A_949C_0119.bmp || Trajectories/2022-02-06/077_RR220206A_461C_1813.bmp,12,1.45351594186349,,34.1770248664396,/content/quantum rheed codex/result/professor_followup_analysis/final_comparison/jobs/followup_seed-303_strategy-core_set/job_state.json
303,core_set,Trajectories/2022-02-06/036_RR220206A_165C_1721.bmp || Trajectories/2022-04-11/370_RR220411A_640C_1934.bmp,1,1.4419912458858721,,36.33969674819586,/content/quantum rheed codex/result/professor_followup_analysis/final_comparison/jobs/followup_seed-303_strategy-core_set/job_state.json
303,core_set,Trajectories/2022-02-04/281_RR220204A_806C_2000.bmp || Trajectories/2022-04-11/322_RR220411A_818C_1902.bmp,8,1.428474306042226,,28.168341075924236,/content/quantum rheed codex/result/professor_followup_analysis/final_comparison/jobs/followup_seed-303_strategy-core_set/job_state.json
303,core_set,Trajectories/2022-02-06/213_RR220206A_849C_2121.bmp || Trajectories/2022-04-11/104_RR220411A_501C_1540.bmp,17,1.4260849813928942,,29.777960838994755,/content/quantum rheed codex/result/professor_followup_analysis/final_comparison/jobs/followup_seed-303_strategy-core_set/job_state.json
303,core_set,Trajectories/2022-04-11/066_RR220411A_416C_1513-01.bmp || Trajectories/2022-04-11/292_RR220411A_887C_1841.bmp,16,1.331750063915007,,34.00767881875021,/content/quantum rheed codex/result/professor_followup_analysis/final_comparison/jobs/followup_seed-303_strategy-core_set/job_state.json
303,core_set,Trajectories/2022-02-04/007_RR220204A_931C_0051.bmp || Trajectories/2022-04-11/291_RR220411A_888C_1840.bmp,7,1.2856634592069087,,33.162607599011714,/content/quantum rheed codex/result/professor_followup_analysis/final_comparison/jobs/followup_seed-303_strategy-core_set/job_state.json
303,core_set,Trajectories/2022-02-04/037_RR220204A_579C_0146.bmp || Trajectories/2022-02-06/265_RR220206A_498C_2232.bmp,16,1.2834541526496004,,32.40612701062561,/content/quantum rheed codex/result/professor_followup_analysis/final_comparison/jobs/followup_seed-303_strategy-core_set/job_state.json
303,core_set,Trajectories/2022-02-04/001_RR220204A_933C_0006.bmp || Trajectories/2022-02-06/230_RR220206A_767C_2143.bmp,0,1.2562954397569344,,29.821265219901804,/content/quantum rheed codex/result/professor_followup_analysis/final_comparison/jobs/followup_seed-303_strategy-core_set/job_state.json
303,core_set,Trajectories/2022-02-04/241_RR220204A_736C_1911.bmp || Trajectories/2022-04-11/064_RR220411A_413C_1511.bmp,18,1.2397552699404557,,31.0304506409612,/content/quantum rheed codex/result/professor_followup_analysis/final_comparison/jobs/followup_seed-303_strategy-core_set/job_state.json
303,core_set,Trajectories/2022-02-04/229_RR220204A_696C_1901-02.bmp || Trajectories/2022-04-11/208_RR220411A_850C_1713-02.bmp,11,1.2260893406294935,,37.33233798414922,/content/quantum rheed codex/result/professor_followup_analysis/final_comparison/jobs/followup_seed-303_strategy-core_set/job_state.json
303,core_set,Trajectories/2022-02-06/095_RR220206A_614C_1835.bmp || Trajectories/2022-02-06/195_RR220206A_944C_2101.bmp,9,1.1955232449618314,,27.52884022366446,/content/quantum rheed codex/result/professor_followup_analysis/final_comparison/jobs/followup_seed-303_strategy-core_set/job_state.json
303,core_set,Trajectories/2022-02-04/385_RR220204A_939C_2340.bmp || Trajectories/2022-04-11/237_RR220411A_901C_1735.bmp,11,1.1712666469927597,,37.71477076391407,/content/quantum rheed codex/result/professor_followup_analysis/final_comparison/jobs/followup_seed-303_strategy-core_set/job_state.json
303,core_set,Trajectories/2022-02-06/241_RR220206A_692C_2157.bmp || Trajectories/2022-04-11/201_RR220411A_843C_1711-01.bmp,16,1.1535938169183917,,33.66788532646822,/content/quantum rheed codex/result/professor_followup_analysis/final_comparison/jobs/followup_seed-303_strategy-core_set/job_state.json
303,core_set,Trajectories/2022-02-06/090_RR220206A_568C_1828.bmp || Trajectories/2022-04-11/149_RR220411A_676C_1619.bmp,4,1.1332337542249353,,31.742100617186512,/content/quantum rheed codex/result/professor_followup_analysis/final_comparison/jobs/followup_seed-303_strategy-core_set/job_state.json
303,core_set,Trajectories/2022-02-06/057_RR220206A_249C_1744.bmp || Trajectories/2022-02-06/154_RR220206A_1092C_2003-02.bmp,17,1.1203108601357108,,29.95162226791626,/content/quantum rheed codex/result/professor_followup_analysis/final_comparison/jobs/followup_seed-303_strategy-core_set/job_state.json
303,core_set,Trajectories/2022-02-04/079_RR220204A_301C_1717.bmp || Trajectories/2022-02-04/329_RR220204A_946C_2054.bmp,19,1.0744688555367476,,37.01516619006767,/content/quantum rheed codex/result/professor_followup_analysis/final_comparison/jobs/followup_seed-303_strategy-core_set/job_state.json
303,core_set,Trajectories/2022-04-11/001_RR220411A_180C_1417-01.bmp || Trajectories/2022-04-11/051_RR220411A_370C_1500.bmp,13,1.0733936872723555,,28.499460959323763,/content/quantum rheed codex/result/professor_followup_analysis/final_comparison/jobs/followup_seed-303_strategy-core_set/job_state.json
303,core_set,Trajectories/2022-02-06/068_RR220206A_362C_1759.bmp || Trajectories/2022-04-11/075_RR220411A_440C_1519.bmp,4,1.0691643247507583,,32.32184199526992,/content/quantum rheed codex/result/professor_followup_analysis/final_comparison/jobs/followup_seed-303_strategy-core_set/job_state.json
303,core_set,Trajectories/2022-02-04/221_RR220204A_666C_1854.bmp || Trajectories/2022-04-11/358_RR220411A_677C_1926.bmp,3,1.063906353673834,,37.63640168996477,/content/quantum rheed codex/result/professor_followup_analysis/final_comparison/jobs/followup_seed-303_strategy-core_set/job_state.json
303,core_set,Trajectories/2022-02-04/148_RR220204A_480C_1804.bmp || Trajectories/2022-04-11/313_RR220411A_839C_1856.bmp,5,1.0570163233650411,,40.013990446284595,/content/quantum rheed codex/result/professor_followup_analysis/final_comparison/jobs/followup_seed-303_strategy-core_set/job_state.json
303,core_set,Trajectories/2022-02-06/180_RR220206A_1031C_2041.bmp || Trajectories/2022-04-11/277_RR220411A_936C_1828.bmp,0,1.044817655014674,,30.17943749763316,/content/quantum rheed codex/result/professor_followup_analysis/final_comparison/jobs/followup_seed-303_strategy-core_set/job_state.json
303,core_set,Trajectories/2022-02-04/379_RR220204A_937C_2315.bmp || Trajectories/2022-02-06/257_RR220206A_581C_2222.bmp,16,1.028495777041007,,33.27421344228939,/content/quantum rheed codex/result/professor_followup_analysis/final_comparison/jobs/followup_seed-303_strategy-core_set/job_state.json
303,core_set,Trajectories/2022-02-06/125_RR220206A_887C_1925.bmp || Trajectories/2022-04-11/313_RR220411A_839C_1856.bmp,3,1.0246465094879402,,38.144658952206264,/content/quantum rheed codex/result/professor_followup_analysis/final_comparison/jobs/followup_seed-303_strategy-core_set/job_state.json
303,core_set,Trajectories/2022-02-06/048_RR220206A_175C_1736.bmp || Trajectories/2022-04-11/189_RR220411A_822C_1703.bmp,15,1.0187418083820565,,35.94259133615988,/content/quantum rheed codex/result/professor_followup_analysis/final_comparison/jobs/followup_seed-303_strategy-core_set/job_state.json
303,core_set,Trajectories/2022-02-06/193_RR220206A_957C_2058.bmp || Trajectories/2022-04-11/303_RR220411A_863C_1849.bmp,0,1.0177265120662502,,31.987100863997764,/content/quantum rheed codex/result/professor_followup_analysis/final_comparison/jobs/followup_seed-303_strategy-core_set/job_state.json
303,core_set,Trajectories/2022-02-04/221_RR220204A_666C_1854.bmp || Trajectories/2022-02-04/339_RR220204A_938C_2110.bmp,7,1.0048979728995537,,32.38869233767886,/content/quantum rheed codex/result/professor_followup_analysis/final_comparison/jobs/followup_seed-303_strategy-core_set/job_state.json
303,core_set,Trajectories/2022-02-04/197_RR220204A_611C_1835.bmp || Trajectories/2022-04-11/233_RR220411A_889C_1731.bmp,5,0.9910633079115484,,39.592921849328015,/content/quantum rheed codex/result/professor_followup_analysis/final_comparison/jobs/followup_seed-303_strategy-core_set/job_state.json
303,core_set,Trajectories/2022-02-04/239_RR220204A_720C_1910.bmp || Trajectories/2022-04-11/154_RR220411A_696C_1624.bmp,12,0.9581544136251315,,33.15505319867447,/content/quantum rheed codex/result/professor_followup_analysis/final_comparison/jobs/followup_seed-303_strategy-core_set/job_state.json
303,core_set,Trajectories/2022-02-04/206_RR220204A_641C_1841.bmp || Trajectories/2022-02-06/187_RR220206A_985C_2051.bmp,0,0.9545901682589513,,31.481096398881977,/content/quantum rheed codex/result/professor_followup_analysis/final_comparison/jobs/followup_seed-303_strategy-core_set/job_state.json
303,core_set,Trajectories/2022-04-11/111_RR220411A_536C_1546.bmp || Trajectories/2022-04-11/175_RR220411A_765C_1645.bmp,15,0.9439049178623012,,34.27642662214839,/content/quantum rheed codex/result/professor_followup_analysis/final_comparison/jobs/followup_seed-303_strategy-core_set/job_state.json
303,core_set,Trajectories/2022-04-11/320_RR220411A_824C_1901.bmp || Trajectories/2022-04-11/332_RR220411A_756C_1911.bmp,3,0.9254894690165051,,39.01170171749002,/content/quantum rheed codex/result/professor_followup_analysis/final_comparison/jobs/followup_seed-303_strategy-core_set/job_state.json
303,core_set,Trajectories/2022-04-11/108_RR220411A_507C_1543.bmp || Trajectories/2022-04-11/379_RR220411A_614C_1940.bmp,1,0.921811062820918,,37.09254529712946,/content/quantum rheed codex/result/professor_followup_analysis/final_comparison/jobs/followup_seed-303_strategy-core_set/job_state.json
303,core_set,Trajectories/2022-02-04/124_RR220204A_444C_1748.bmp || Trajectories/2022-04-11/330_RR220411A_762C_1910.bmp,5,0.839432978592898,,41.005999194847966,/content/quantum rheed codex/result/professor_followup_analysis/final_comparison/jobs/followup_seed-303_strategy-core_set/job_state.json
303,core_set,Trajectories/2022-02-04/020_RR220204A_981C_0126-02.bmp || Trajectories/2022-02-04/133_RR220204A_467C_1754-01.bmp,11,0.8178746333679526,,38.37146731237357,/content/quantum rheed codex/result/professor_followup_analysis/final_comparison/jobs/followup_seed-303_strategy-core_set/job_state.json
303,core_set,Trajectories/2022-04-11/246_RR220411A_915C_1741.bmp || Trajectories/2022-04-11/258_RR220411A_932C_1751.bmp,3,0.817394574985264,,38.759411661015065,/content/quantum rheed codex/result/professor_followup_analysis/final_comparison/jobs/followup_seed-303_strategy-core_set/job_state.json
303,core_set,Trajectories/2022-04-11/183_RR220411A_794C_1655.bmp || Trajectories/2022-04-11/226_RR220411A_873C_1725.bmp,11,0.8125842415063572,,38.437329905991156,/content/quantum rheed codex/result/professor_followup_analysis/final_comparison/jobs/followup_seed-303_strategy-core_set/job_state.json
303,core_set,Trajectories/2022-02-06/125_RR220206A_887C_1925.bmp || Trajectories/2022-04-11/226_RR220411A_873C_1725.bmp,5,0.807767227987148,,39.47997208497977,/content/quantum rheed codex/result/professor_followup_analysis/final_comparison/jobs/followup_seed-303_strategy-core_set/job_state.json
303,core_set,Trajectories/2022-02-04/385_RR220204A_939C_2340.bmp || Trajectories/2022-02-06/171_RR220206A_1085C_2027.bmp,0,0.784403521463933,,30.633310114143985,/content/quantum rheed codex/result/professor_followup_analysis/final_comparison/jobs/followup_seed-303_strategy-core_set/job_state.json
303,core_set,Trajectories/2022-02-06/049_RR220206A_205C_1737.bmp || Trajectories/2022-04-11/356_RR220411A_685C_1925.bmp,1,0.7787979117001426,,36.79161373000101,/content/quantum rheed codex/result/professor_followup_analysis/final_comparison/jobs/followup_seed-303_strategy-core_set/job_state.json
303,core_set,Trajectories/2022-02-04/181_RR220204A_572C_1825.bmp || Trajectories/2022-04-11/437_RR220411A_345C_2004.bmp,5,0.7582540009044918,,40.87154224271534,/content/quantum rheed codex/result/professor_followup_analysis/final_comparison/jobs/followup_seed-303_strategy-core_set/job_state.json
303,core_set,Trajectories/2022-02-06/163_RR220206A_1105C_2015.bmp || Trajectories/2022-04-11/417_RR220411A_427C_1956.bmp,10,0.7465340766429536,,33.7346275432913,/content/quantum rheed codex/result/professor_followup_analysis/final_comparison/jobs/followup_seed-303_strategy-core_set/job_state.json
303,core_set,Trajectories/2022-02-04/106_RR220204A_430C_1736.bmp || Trajectories/2022-02-06/151_RR220206A_1077C_2001-01.bmp,16,0.7266633150760907,,33.97295997054253,/content/quantum rheed codex/result/professor_followup_analysis/final_comparison/jobs/followup_seed-303_strategy-core_set/job_state.json
303,core_set,Trajectories/2022-04-11/036_RR220411A_313C_1443.bmp || Trajectories/2022-04-11/072_RR220411A_429C_1516.bmp,13,0.725206740400355,,30.04442403615542,/content/quantum rheed codex/result/professor_followup_analysis/final_comparison/jobs/followup_seed-303_strategy-core_set/job_state.json
303,core_set,Trajectories/2022-02-04/160_RR220204A_501C_1809-02.bmp || Trajectories/2022-02-04/161_RR220204A_504C_1810.bmp,5,0.6887772642928998,,41.50805794658497,/content/quantum rheed codex/result/professor_followup_analysis/final_comparison/jobs/followup_seed-303_strategy-core_set/job_state.json
303,core_set,Trajectories/2022-02-04/128_RR220204A_459C_1753.bmp || Trajectories/2022-02-04/380_RR220204A_937C_2323.bmp,5,0.6732054985265227,,39.701470833458956,/content/quantum rheed codex/result/professor_followup_analysis/final_comparison/jobs/followup_seed-303_strategy-core_set/job_state.json
303,core_set,Trajectories/2022-02-06/215_RR220206A_835C_2123.bmp || Trajectories/2022-04-11/140_RR220411A_647C_1612.bmp,17,0.6643633699713368,,30.186768540772924,/content/quantum rheed codex/result/professor_followup_analysis/final_comparison/jobs/followup_seed-303_strategy-core_set/job_state.json
303,core_set,Trajectories/2022-04-11/053_RR220411A_374C_1502.bmp || Trajectories/2022-04-11/156_RR220411A_699C_1628.bmp,4,0.5540868982334001,,32.01425313184714,/content/quantum rheed codex/result/professor_followup_analysis/final_comparison/jobs/followup_seed-303_strategy-core_set/job_state.json
303,core_set,Trajectories/2022-02-04/170_RR220204A_536C_1818.bmp || Trajectories/2022-02-06/230_RR220206A_767C_2143.bmp,16,0.5491061754842949,,33.507570092378494,/content/quantum rheed codex/result/professor_followup_analysis/final_comparison/jobs/followup_seed-303_strategy-core_set/job_state.json
303,core_set,Trajectories/2022-02-04/205_RR220204A_642C_1839-02.bmp || Trajectories/2022-02-04/337_RR220204A_938C_2106.bmp,7,0.5396296316975318,,33.82630699934701,/content/quantum rheed codex/result/professor_followup_analysis/final_comparison/jobs/followup_seed-303_strategy-core_set/job_state.json
303,core_set,Trajectories/2022-04-11/227_RR220411A_877C_1726.bmp || Trajectories/2022-04-11/323_RR220411A_816C_1903.bmp,5,0.5373212873263103,,39.7803224581024,/content/quantum rheed codex/result/professor_followup_analysis/final_comparison/jobs/followup_seed-303_strategy-core_set/job_state.json
303,core_set,Trajectories/2022-02-06/234_RR220206A_738C_2148.bmp || Trajectories/2022-04-11/375_RR220411A_617C_1938.bmp,10,0.5338213411053029,,33.51519816595295,/content/quantum rheed codex/result/professor_followup_analysis/final_comparison/jobs/followup_seed-303_strategy-core_set/job_state.json
202,random,Trajectories/2022-02-06/090_RR220206A_568C_1828.bmp || Trajectories/2022-04-11/149_RR220411A_676C_1619.bmp,6,,,20.98382161304928,/content/quantum rheed codex/result/professor_followup_analysis/final_comparison/jobs/followup_seed-202_strategy-random/job_state.json
202,random,Trajectories/2022-02-04/106_RR220204A_430C_1736.bmp || Trajectories/2022-02-06/151_RR220206A_1077C_2001-01.bmp,1,,,23.189259994854307,/content/quantum rheed codex/result/professor_followup_analysis/final_comparison/jobs/followup_seed-202_strategy-random/job_state.json
202,random,Trajectories/2022-02-04/317_RR220204A_935C_2033.bmp || Trajectories/2022-02-06/250_RR220206A_621C_2212.bmp,15,,,20.48434992991696,/content/quantum rheed codex/result/professor_followup_analysis/final_comparison/jobs/followup_seed-202_strategy-random/job_state.json
202,random,Trajectories/2022-02-06/125_RR220206A_887C_1925.bmp || Trajectories/2022-04-11/226_RR220411A_873C_1725.bmp,0,,,24.292715011787084,/content/quantum rheed codex/result/professor_followup_analysis/final_comparison/jobs/followup_seed-202_strategy-random/job_state.json
202,random,Trajectories/2022-02-06/016_RR220206A_165C_1704-03.bmp || Trajectories/2022-04-11/011_RR220411A_219C_1424.bmp,6,,,21.97807904171447,/content/quantum rheed codex/result/professor_followup_analysis/final_comparison/jobs/followup_seed-202_strategy-random/job_state.json
202,random,Trajectories/2022-04-11/069_RR220411A_428C_1515.bmp || Trajectories/2022-04-11/231_RR220411A_882C_1729.bmp,17,,,21.858627060870834,/content/quantum rheed codex/result/professor_followup_analysis/final_comparison/jobs/followup_seed-202_strategy-random/job_state.json
202,random,Trajectories/2022-02-04/085_RR220204A_378C_1720.bmp || Trajectories/2022-02-04/134_RR220204A_467C_1754-02.bmp,3,,,30.63528582719411,/content/quantum rheed codex/result/professor_followup_analysis/final_comparison/jobs/followup_seed-202_strategy-random/job_state.json
202,random,Trajectories/2022-02-04/195_RR220204A_611C_1832.bmp || Trajectories/2022-02-04/320_RR220204A_915C_2039.bmp,18,,,31.82452791446565,/content/quantum rheed codex/result/professor_followup_analysis/final_comparison/jobs/followup_seed-202_strategy-random/job_state.json
202,random,Trajectories/2022-02-06/234_RR220206A_738C_2148.bmp || Trajectories/2022-04-11/375_RR220411A_617C_1938.bmp,5,,,29.246203510126513,/content/quantum rheed codex/result/professor_followup_analysis/final_comparison/jobs/followup_seed-202_strategy-random/job_state.json
202,random,Trajectories/2022-02-04/069_RR220204A_293C_1706.bmp || Trajectories/2022-02-06/147_RR220206A_1024C_1953.bmp,1,,,23.420421511222322,/content/quantum rheed codex/result/professor_followup_analysis/final_comparison/jobs/followup_seed-202_strategy-random/job_state.json
202,random,Trajectories/2022-02-04/314_RR220204A_937C_2030.bmp || Trajectories/2022-04-11/081_RR220411A_453C_1523.bmp,8,,,21.659061430494347,/content/quantum rheed codex/result/professor_followup_analysis/final_comparison/jobs/followup_seed-202_strategy-random/job_state.json
202,random,Trajectories/2022-02-04/239_RR220204A_720C_1910.bmp || Trajectories/2022-04-11/154_RR220411A_696C_1624.bmp,14,,,25.36345840421267,/content/quantum rheed codex/result/professor_followup_analysis/final_comparison/jobs/followup_seed-202_strategy-random/job_state.json
202,random,Trajectories/2022-02-06/206_RR220206A_875C_2113.bmp || Trajectories/2022-04-11/338_RR220411A_734C_1915.bmp,5,,,25.45217162689628,/content/quantum rheed codex/result/professor_followup_analysis/final_comparison/jobs/followup_seed-202_strategy-random/job_state.json
202,random,Trajectories/2022-02-06/163_RR220206A_1105C_2015.bmp || Trajectories/2022-02-06/249_RR220206A_638C_2210.bmp,4,,,21.909634946848787,/content/quantum rheed codex/result/professor_followup_analysis/final_comparison/jobs/followup_seed-202_strategy-random/job_state.json
202,random,Trajectories/2022-02-04/281_RR220204A_806C_2000.bmp || Trajectories/2022-04-11/322_RR220411A_818C_1902.bmp,11,,,31.314753202220505,/content/quantum rheed codex/result/professor_followup_analysis/final_comparison/jobs/followup_seed-202_strategy-random/job_state.json
202,random,Trajectories/2022-02-04/194_RR220204A_610C_1832.bmp || Trajectories/2022-02-06/119_RR220206A_871C_1918.bmp,14,,,24.562753189399128,/content/quantum rheed codex/result/professor_followup_analysis/final_comparison/jobs/followup_seed-202_strategy-random/job_state.json
202,random,Trajectories/2022-02-04/003_RR220204A_932C_0017.bmp || Trajectories/2022-04-11/439_RR220411A_330C_2005.bmp,13,,,43.1385319044477,/content/quantum rheed codex/result/professor_followup_analysis/final_comparison/jobs/followup_seed-202_strategy-random/job_state.json
202,random,Trajectories/2022-02-06/137_RR220206A_982C_1937.bmp || Trajectories/2022-04-11/191_RR220411A_821C_1704.bmp,15,,,20.97411265027684,/content/quantum rheed codex/result/professor_followup_analysis/final_comparison/jobs/followup_seed-202_strategy-random/job_state.json
202,random,Trajectories/2022-02-04/262_RR220204A_793C_1932.bmp || Trajectories/2022-04-11/359_RR220411A_675C_1926.bmp,9,,,35.278476485644234,/content/quantum rheed codex/result/professor_followup_analysis/final_comparison/jobs/followup_seed-202_strategy-random/job_state.json
202,random,Trajectories/2022-02-06/095_RR220206A_614C_1835.bmp || Trajectories/2022-02-06/247_RR220206A_657C_2207.bmp,4,,,21.911355857119663,/content/quantum rheed codex/result/professor_followup_analysis/final_comparison/jobs/followup_seed-202_strategy-random/job_state.json
202,random,Trajectories/2022-02-04/189_RR220204A_578C_1830.bmp || Trajectories/2022-02-04/341_RR220204A_937C_2114.bmp,18,,,31.19273274413676,/content/quantum rheed codex/result/professor_followup_analysis/final_comparison/jobs/followup_seed-202_strategy-random/job_state.json
202,random,Trajectories/2022-02-06/068_RR220206A_362C_1759.bmp || Trajectories/2022-04-11/030_RR220411A_291C_1437.bmp,6,,,20.326488054121086,/content/quantum rheed codex/result/professor_followup_analysis/final_comparison/jobs/followup_seed-202_strategy-random/job_state.json
202,random,Trajectories/2022-04-11/323_RR220411A_816C_1903.bmp || Trajectories/2022-04-11/366_RR220411A_654C_1930.bmp,2,,,36.529906914904004,/content/quantum rheed codex/result/professor_followup_analysis/final_comparison/jobs/followup_seed-202_strategy-random/job_state.json
202,random,Trajectories/2022-02-04/024_RR220204A_927C_0130.bmp || Trajectories/2022-02-04/261_RR220204A_790C_1930.bmp,16,,,29.019150391623104,/content/quantum rheed codex/result/professor_followup_analysis/final_comparison/jobs/followup_seed-202_strategy-random/job_state.json
202,random,Trajectories/2022-04-11/397_RR220411A_528C_1948.bmp || Trajectories/2022-04-11/443_RR220411A_303C_2007.bmp,10,,,55.526203011744656,/content/quantum rheed codex/result/professor_followup_analysis/final_comparison/jobs/followup_seed-202_strategy-random/job_state.json
202,random,Trajectories/2022-02-04/287_RR220204A_851C_2008.bmp || Trajectories/2022-04-11/409_RR220411A_474C_1953.bmp,13,,,40.950012215352345,/content/quantum rheed codex/result/professor_followup_analysis/final_comparison/jobs/followup_seed-202_strategy-random/job_state.json
202,random,Trajectories/2022-02-04/178_RR220204A_544C_1822.bmp || Trajectories/2022-04-11/013_RR220411A_223C_1424.bmp,14,,,23.84885087277908,/content/quantum rheed codex/result/professor_followup_analysis/final_comparison/jobs/followup_seed-202_strategy-random/job_state.json
202,random,Trajectories/2022-02-06/055_RR220206A_239C_1742.bmp || Trajectories/2022-04-11/409_RR220411A_474C_1953.bmp,7,,,33.03021159055383,/content/quantum rheed codex/result/professor_followup_analysis/final_comparison/jobs/followup_seed-202_strategy-random/job_state.json
202,random,Trajectories/2022-02-06/193_RR220206A_957C_2058.bmp || Trajectories/2022-04-11/303_RR220411A_863C_1849.bmp,15,,,22.20339905337227,/content/quantum rheed codex/result/professor_followup_analysis/final_comparison/jobs/followup_seed-202_strategy-random/job_state.json
202,random,Trajectories/2022-02-04/241_RR220204A_736C_1911.bmp || Trajectories/2022-04-11/064_RR220411A_413C_1511.bmp,14,,,24.55871041280482,/content/quantum rheed codex/result/professor_followup_analysis/final_comparison/jobs/followup_seed-202_strategy-random/job_state.json
202,random,Trajectories/2022-02-04/164_RR220204A_507C_1811.bmp || Trajectories/2022-02-06/074_RR220206A_430C_1809.bmp,14,,,23.77924860041451,/content/quantum rheed codex/result/professor_followup_analysis/final_comparison/jobs/followup_seed-202_strategy-random/job_state.json
202,random,Trajectories/2022-04-11/246_RR220411A_915C_1741.bmp || Trajectories/2022-04-11/258_RR220411A_932C_1751.bmp,12,,,27.662681759280296,/content/quantum rheed codex/result/professor_followup_analysis/final_comparison/jobs/followup_seed-202_strategy-random/job_state.json
202,random,Trajectories/2022-04-11/108_RR220411A_507C_1543.bmp || Trajectories/2022-04-11/379_RR220411A_614C_1940.bmp,7,,,30.203126668843193,/content/quantum rheed codex/result/professor_followup_analysis/final_comparison/jobs/followup_seed-202_strategy-random/job_state.json
202,random,Trajectories/2022-02-06/124_RR220206A_894C_1924.bmp || Trajectories/2022-02-06/253_RR220206A_599C_2217.bmp,15,,,20.770891862593125,/content/quantum rheed codex/result/professor_followup_analysis/final_comparison/jobs/followup_seed-202_strategy-random/job_state.json
202,random,Trajectories/2022-04-11/076_RR220411A_442C_1520.bmp || Trajectories/2022-04-11/387_RR220411A_578C_1943.bmp,7,,,30.679486796010124,/content/quantum rheed codex/result/professor_followup_analysis/final_comparison/jobs/followup_seed-202_strategy-random/job_state.json
202,random,Trajectories/2022-02-06/180_RR220206A_1031C_2041.bmp || Trajectories/2022-04-11/277_RR220411A_936C_1828.bmp,15,,,20.806576181586845,/content/quantum rheed codex/result/professor_followup_analysis/final_comparison/jobs/followup_seed-202_strategy-random/job_state.json
202,random,Trajectories/2022-02-04/076_RR220204A_299C_1713.bmp || Trajectories/2022-02-04/080_RR220204A_301C_1718.bmp,3,,,30.8741938397879,/content/quantum rheed codex/result/professor_followup_analysis/final_comparison/jobs/followup_seed-202_strategy-random/job_state.json
202,random,Trajectories/2022-04-11/343_RR220411A_722C_1918.bmp || Trajectories/2022-04-11/374_RR220411A_625C_1937.bmp,2,,,41.18334450800941,/content/quantum rheed codex/result/professor_followup_analysis/final_comparison/jobs/followup_seed-202_strategy-random/job_state.json
202,random,Trajectories/2022-02-04/085_RR220204A_378C_1720.bmp || Trajectories/2022-02-04/382_RR220204A_935C_2330.bmp,3,,,31.40165703882512,/content/quantum rheed codex/result/professor_followup_analysis/final_comparison/jobs/followup_seed-202_strategy-random/job_state.json
202,random,Trajectories/2022-04-11/065_RR220411A_414C_1512.bmp || Trajectories/2022-04-11/349_RR220411A_705C_1921.bmp,5,,,26.161688954911217,/content/quantum rheed codex/result/professor_followup_analysis/final_comparison/jobs/followup_seed-202_strategy-random/job_state.json
202,random,Trajectories/2022-02-04/037_RR220204A_579C_0146.bmp || Trajectories/2022-02-06/265_RR220206A_498C_2232.bmp,15,,,20.653761668689626,/content/quantum rheed codex/result/professor_followup_analysis/final_comparison/jobs/followup_seed-202_strategy-random/job_state.json
202,random,Trajectories/2022-02-04/001_RR220204A_933C_0006.bmp || Trajectories/2022-02-06/230_RR220206A_767C_2143.bmp,1,,,23.633680341321643,/content/quantum rheed codex/result/professor_followup_analysis/final_comparison/jobs/followup_seed-202_strategy-random/job_state.json
202,random,Trajectories/2022-02-04/048_RR220204A_245C_0201.bmp || Trajectories/2022-04-11/183_RR220411A_794C_1655.bmp,8,,,21.847170114810787,/content/quantum rheed codex/result/professor_followup_analysis/final_comparison/jobs/followup_seed-202_strategy-random/job_state.json
202,random,Trajectories/2022-04-11/183_RR220411A_794C_1655.bmp || Trajectories/2022-04-11/226_RR220411A_873C_1725.bmp,8,,,22.68155389534915,/content/quantum rheed codex/result/professor_followup_analysis/final_comparison/jobs/followup_seed-202_strategy-random/job_state.json
202,random,Trajectories/2022-02-04/174_RR220204A_527C_1818.bmp || Trajectories/2022-04-11/164_RR220411A_724C_1635.bmp,14,,,24.187989909492742,/content/quantum rheed codex/result/professor_followup_analysis/final_comparison/jobs/followup_seed-202_strategy-random/job_state.json
202,random,Trajectories/2022-02-04/230_RR220204A_695C_1902.bmp || Trajectories/2022-02-06/074_RR220206A_430C_1809.bmp,14,,,24.75746651813656,/content/quantum rheed codex/result/professor_followup_analysis/final_comparison/jobs/followup_seed-202_strategy-random/job_state.json
202,random,Trajectories/2022-02-04/129_RR220204A_465C_1753.bmp || Trajectories/2022-04-11/243_RR220411A_909C_1739.bmp,12,,,29.07999387835386,/content/quantum rheed codex/result/professor_followup_analysis/final_comparison/jobs/followup_seed-202_strategy-random/job_state.json
202,random,Trajectories/2022-02-04/020_RR220204A_981C_0126-02.bmp || Trajectories/2022-02-04/133_RR220204A_467C_1754-01.bmp,16,,,27.894521425197862,/content/quantum rheed codex/result/professor_followup_analysis/final_comparison/jobs/followup_seed-202_strategy-random/job_state.json
202,random,Trajectories/2022-04-11/100_RR220411A_492C_1537.bmp || Trajectories/2022-04-11/363_RR220411A_661C_1929.bmp,7,,,28.61674582671495,/content/quantum rheed codex/result/professor_followup_analysis/final_comparison/jobs/followup_seed-202_strategy-random/job_state.json
202,random,Trajectories/2022-02-04/048_RR220204A_245C_0201.bmp || Trajectories/2022-02-04/192_RR220204A_607C_1831.bmp,16,,,26.89520655784793,/content/quantum rheed codex/result/professor_followup_analysis/final_comparison/jobs/followup_seed-202_strategy-random/job_state.json
202,random,Trajectories/2022-02-06/104_RR220206A_734C_1847.bmp || Trajectories/2022-02-06/207_RR220206A_875C_2114.bmp,4,,,22.593642896604223,/content/quantum rheed codex/result/professor_followup_analysis/final_comparison/jobs/followup_seed-202_strategy-random/job_state.json
202,random,Trajectories/2022-04-11/320_RR220411A_824C_1901.bmp || Trajectories/2022-04-11/332_RR220411A_756C_1911.bmp,9,,,32.299743666742444,/content/quantum rheed codex/result/professor_followup_analysis/final_comparison/jobs/followup_seed-202_strategy-random/job_state.json
202,random,Trajectories/2022-04-11/238_RR220411A_905C_1736.bmp || Trajectories/2022-04-11/319_RR220411A_828C_1900.bmp,11,,,28.712980997015404,/content/quantum rheed codex/result/professor_followup_analysis/final_comparison/jobs/followup_seed-202_strategy-random/job_state.json
202,random,Trajectories/2022-04-11/013_RR220411A_223C_1424.bmp || Trajectories/2022-04-11/306_RR220411A_857C_1850.bmp,17,,,22.64489033001069,/content/quantum rheed codex/result/professor_followup_analysis/final_comparison/jobs/followup_seed-202_strategy-random/job_state.json
202,random,Trajectories/2022-04-11/053_RR220411A_374C_1502.bmp || Trajectories/2022-04-11/156_RR220411A_699C_1628.bmp,6,,,20.744852777777044,/content/quantum rheed codex/result/professor_followup_analysis/final_comparison/jobs/followup_seed-202_strategy-random/job_state.json
202,random,Trajectories/2022-02-04/148_RR220204A_480C_1804.bmp || Trajectories/2022-04-11/313_RR220411A_839C_1856.bmp,11,,,29.892881779575944,/content/quantum rheed codex/result/professor_followup_analysis/final_comparison/jobs/followup_seed-202_strategy-random/job_state.json
202,random,Trajectories/2022-02-06/213_RR220206A_849C_2121.bmp || Trajectories/2022-04-11/104_RR220411A_501C_1540.bmp,6,,,20.45900950659901,/content/quantum rheed codex/result/professor_followup_analysis/final_comparison/jobs/followup_seed-202_strategy-random/job_state.json
202,random,Trajectories/2022-02-04/021_RR220204A_981C_0126-03.bmp || Trajectories/2022-04-11/225_RR220411A_873C_1724.bmp,0,,,25.345510500211613,/content/quantum rheed codex/result/professor_followup_analysis/final_comparison/jobs/followup_seed-202_strategy-random/job_state.json
202,random,Trajectories/2022-02-06/058_RR220206A_249C_1745.bmp || Trajectories/2022-04-11/178_RR220411A_774C_1649.bmp,6,,,20.765939458809626,/content/quantum rheed codex/result/professor_followup_analysis/final_comparison/jobs/followup_seed-202_strategy-random/job_state.json
202,random,Trajectories/2022-02-06/186_RR220206A_985C_2050.bmp || Trajectories/2022-02-06/251_RR220206A_619C_2214.bmp,4,,,21.905305910814324,/content/quantum rheed codex/result/professor_followup_analysis/final_comparison/jobs/followup_seed-202_strategy-random/job_state.json
202,random,Trajectories/2022-02-06/080_RR220206A_490C_1816.bmp || Trajectories/2022-04-11/234_RR220411A_888C_1732.bmp,17,,,21.784498949510105,/content/quantum rheed codex/result/professor_followup_analysis/final_comparison/jobs/followup_seed-202_strategy-random/job_state.json
202,random,Trajectories/2022-02-04/152_RR220204A_488C_1805-02.bmp || Trajectories/2022-04-11/173_RR220411A_755C_1643.bmp,14,,,24.20827693052081,/content/quantum rheed codex/result/professor_followup_analysis/final_comparison/jobs/followup_seed-202_strategy-random/job_state.json
202,random,Trajectories/2022-02-04/132_RR220204A_468C_1754.bmp || Trajectories/2022-04-11/246_RR220411A_915C_1741.bmp,12,,,29.146151527689433,/content/quantum rheed codex/result/professor_followup_analysis/final_comparison/jobs/followup_seed-202_strategy-random/job_state.json
202,random,Trajectories/2022-02-04/133_RR220204A_467C_1754-01.bmp || Trajectories/2022-04-11/088_RR220411A_459C_1527.bmp,14,,,23.95419696162436,/content/quantum rheed codex/result/professor_followup_analysis/final_comparison/jobs/followup_seed-202_strategy-random/job_state.json
202,random,Trajectories/2022-04-11/047_RR220411A_350C_1454.bmp || Trajectories/2022-04-11/186_RR220411A_805C_1658.bmp,6,,,20.958958678174593,/content/quantum rheed codex/result/professor_followup_analysis/final_comparison/jobs/followup_seed-202_strategy-random/job_state.json
202,random,Trajectories/2022-02-04/079_RR220204A_301C_1717.bmp || Trajectories/2022-02-04/329_RR220204A_946C_2054.bmp,18,,,31.102395283489734,/content/quantum rheed codex/result/professor_followup_analysis/final_comparison/jobs/followup_seed-202_strategy-random/job_state.json
202,random,Trajectories/2022-02-06/163_RR220206A_1105C_2015.bmp || Trajectories/2022-04-11/417_RR220411A_427C_1956.bmp,19,,,33.89974321774679,/content/quantum rheed codex/result/professor_followup_analysis/final_comparison/jobs/followup_seed-202_strategy-random/job_state.json
202,random,Trajectories/2022-04-11/001_RR220411A_180C_1417-01.bmp || Trajectories/2022-04-11/321_RR220411A_823C_1901.bmp,17,,,23.399098511335318,/content/quantum rheed codex/result/professor_followup_analysis/final_comparison/jobs/followup_seed-202_strategy-random/job_state.json
202,random,Trajectories/2022-02-06/095_RR220206A_614C_1835.bmp || Trajectories/2022-02-06/195_RR220206A_944C_2101.bmp,4,,,22.645374935266197,/content/quantum rheed codex/result/professor_followup_analysis/final_comparison/jobs/followup_seed-202_strategy-random/job_state.json
202,random,Trajectories/2022-02-04/266_RR220204A_783C_1938.bmp || Trajectories/2022-02-04/356_RR220204A_949C_2144.bmp,3,,,32.06072236551072,/content/quantum rheed codex/result/professor_followup_analysis/final_comparison/jobs/followup_seed-202_strategy-random/job_state.json
202,random,Trajectories/2022-02-04/215_RR220204A_669C_1848.bmp || Trajectories/2022-04-11/120_RR220411A_555C_1553.bmp,14,,,25.30851725473029,/content/quantum rheed codex/result/professor_followup_analysis/final_comparison/jobs/followup_seed-202_strategy-random/job_state.json
202,random,Trajectories/2022-02-06/097_RR220206A_654C_1837.bmp || Trajectories/2022-04-11/067_RR220411A_416C_1513-02.bmp,6,,,20.75821314615995,/content/quantum rheed codex/result/professor_followup_analysis/final_comparison/jobs/followup_seed-202_strategy-random/job_state.json
202,random,Trajectories/2022-02-04/300_RR220204A_881C_2018.bmp || Trajectories/2022-02-06/195_RR220206A_944C_2101.bmp,1,,,23.019700487081032,/content/quantum rheed codex/result/professor_followup_analysis/final_comparison/jobs/followup_seed-202_strategy-random/job_state.json
202,random,Trajectories/2022-02-04/385_RR220204A_939C_2340.bmp || Trajectories/2022-04-11/237_RR220411A_901C_1735.bmp,12,,,29.512864657499577,/content/quantum rheed codex/result/professor_followup_analysis/final_comparison/jobs/followup_seed-202_strategy-random/job_state.json
202,random,Trajectories/2022-02-04/221_RR220204A_666C_1854.bmp || Trajectories/2022-04-11/358_RR220411A_677C_1926.bmp,9,,,35.22847098334539,/content/quantum rheed codex/result/professor_followup_analysis/final_comparison/jobs/followup_seed-202_strategy-random/job_state.json
202,random,Trajectories/2022-02-06/125_RR220206A_887C_1925.bmp || Trajectories/2022-04-11/313_RR220411A_839C_1856.bmp,0,,,25.896168076105155,/content/quantum rheed codex/result/professor_followup_analysis/final_comparison/jobs/followup_seed-202_strategy-random/job_state.json
202,random,Trajectories/2022-02-04/148_RR220204A_480C_1804.bmp || Trajectories/2022-04-11/314_RR220411A_836C_1857.bmp,11,,,29.930429660759263,/content/quantum rheed codex/result/professor_followup_analysis/final_comparison/jobs/followup_seed-202_strategy-random/job_state.json
202,random,Trajectories/2022-02-04/235_RR220204A_725C_1905.bmp || Trajectories/2022-02-06/068_RR220206A_362C_1759.bmp,14,,,25.121710094915752,/content/quantum rheed codex/result/professor_followup_analysis/final_comparison/jobs/followup_seed-202_strategy-random/job_state.json
202,random,Trajectories/2022-02-04/034_RR220204A_655C_0142.bmp || Trajectories/2022-02-06/272_RR220206A_424C_2242.bmp,15,,,21.290913017057804,/content/quantum rheed codex/result/professor_followup_analysis/final_comparison/jobs/followup_seed-202_strategy-random/job_state.json
202,random,Trajectories/2022-04-11/064_RR220411A_413C_1511.bmp || Trajectories/2022-04-11/138_RR220411A_635C_1610.bmp,6,,,20.462694341865873,/content/quantum rheed codex/result/professor_followup_analysis/final_comparison/jobs/followup_seed-202_strategy-random/job_state.json
202,random,Trajectories/2022-04-11/203_RR220411A_843C_1711-03.bmp || Trajectories/2022-04-11/284_RR220411A_912C_1835.bmp,0,,,24.293641081202164,/content/quantum rheed codex/result/professor_followup_analysis/final_comparison/jobs/followup_seed-202_strategy-random/job_state.json
202,random,Trajectories/2022-02-04/037_RR220204A_579C_0146.bmp || Trajectories/2022-02-04/074_RR220204A_297C_1711.bmp,3,,,27.361488387784952,/content/quantum rheed codex/result/professor_followup_analysis/final_comparison/jobs/followup_seed-202_strategy-random/job_state.json
202,random,Trajectories/2022-04-11/063_RR220411A_402C_1510.bmp || Trajectories/2022-04-11/131_RR220411A_606C_1603.bmp,6,,,20.424133675004573,/content/quantum rheed codex/result/professor_followup_analysis/final_comparison/jobs/followup_seed-202_strategy-random/job_state.json
202,random,Trajectories/2022-02-04/139_RR220204A_470C_1758.bmp || Trajectories/2022-04-11/094_RR220411A_484C_1532.bmp,14,,,24.114712840195164,/content/quantum rheed codex/result/professor_followup_analysis/final_comparison/jobs/followup_seed-202_strategy-random/job_state.json
202,random,Trajectories/2022-02-04/029_RR220204A_808C_0135.bmp || Trajectories/2022-02-04/242_RR220204A_720C_1911.bmp,3,,,30.224793149231314,/content/quantum rheed codex/result/professor_followup_analysis/final_comparison/jobs/followup_seed-202_strategy-random/job_state.json
202,random,Trajectories/2022-02-04/139_RR220204A_470C_1758.bmp || Trajectories/2022-04-11/372_RR220411A_636C_1935.bmp,9,,,35.75077645444277,/content/quantum rheed codex/result/professor_followup_analysis/final_comparison/jobs/followup_seed-202_strategy-random/job_state.json
202,random,Trajectories/2022-02-06/189_RR220206A_971C_2054-01.bmp || Trajectories/2022-04-11/286_RR220411A_906C_1837.bmp,15,,,21.36897059055149,/content/quantum rheed codex/result/professor_followup_analysis/final_comparison/jobs/followup_seed-202_strategy-random/job_state.json
202,random,Trajectories/2022-02-06/037_RR220206A_165C_1722.bmp || Trajectories/2022-04-11/219_RR220411A_865C_1720.bmp,8,,,21.219775066427196,/content/quantum rheed codex/result/professor_followup_analysis/final_comparison/jobs/followup_seed-202_strategy-random/job_state.json
202,random,Trajectories/2022-02-04/020_RR220204A_981C_0126-02.bmp || Trajectories/2022-04-11/088_RR220411A_459C_1527.bmp,8,,,22.085275576570066,/content/quantum rheed codex/result/professor_followup_analysis/final_comparison/jobs/followup_seed-202_strategy-random/job_state.json
202,random,Trajectories/2022-02-04/197_RR220204A_611C_1835.bmp || Trajectories/2022-04-11/233_RR220411A_889C_1731.bmp,12,,,28.902133470931624,/content/quantum rheed codex/result/professor_followup_analysis/final_comparison/jobs/followup_seed-202_strategy-random/job_state.json
202,random,Trajectories/2022-02-04/319_RR220204A_918C_2037.bmp || Trajectories/2022-02-04/354_RR220204A_951C_2141.bmp,18,,,31.96586814113138,/content/quantum rheed codex/result/professor_followup_analysis/final_comparison/jobs/followup_seed-202_strategy-random/job_state.json
202,random,Trajectories/2022-02-06/132_RR220206A_959C_1932.bmp || Trajectories/2022-04-11/417_RR220411A_427C_1956.bmp,2,,,36.067853029218114,/content/quantum rheed codex/result/professor_followup_analysis/final_comparison/jobs/followup_seed-202_strategy-random/job_state.json
202,random,Trajectories/2022-02-04/184_RR220204A_576C_1826.bmp || Trajectories/2022-04-11/147_RR220411A_671C_1617.bmp,14,,,24.37903926029371,/content/quantum rheed codex/result/professor_followup_analysis/final_comparison/jobs/followup_seed-202_strategy-random/job_state.json
202,random,Trajectories/2022-02-04/115_RR220204A_441C_1738.bmp || Trajectories/2022-02-06/152_RR220206A_1077C_2001-02.bmp,1,,,23.191878411866675,/content/quantum rheed codex/result/professor_followup_analysis/final_comparison/jobs/followup_seed-202_strategy-random/job_state.json
202,random,Trajectories/2022-02-04/338_RR220204A_940C_2108.bmp || Trajectories/2022-04-11/354_RR220411A_693C_1924.bmp,9,,,34.812405769420884,/content/quantum rheed codex/result/professor_followup_analysis/final_comparison/jobs/followup_seed-202_strategy-random/job_state.json
202,random,Trajectories/2022-02-04/206_RR220204A_641C_1841.bmp || Trajectories/2022-02-06/187_RR220206A_985C_2051.bmp,1,,,23.467480760863424,/content/quantum rheed codex/result/professor_followup_analysis/final_comparison/jobs/followup_seed-202_strategy-random/job_state.json
202,random,Trajectories/2022-04-11/066_RR220411A_416C_1513-01.bmp || Trajectories/2022-04-11/292_RR220411A_887C_1841.bmp,17,,,21.96315475310083,/content/quantum rheed codex/result/professor_followup_analysis/final_comparison/jobs/followup_seed-202_strategy-random/job_state.json
202,random,Trajectories/2022-02-06/129_RR220206A_912C_1929.bmp || Trajectories/2022-04-11/217_RR220411A_857C_1718.bmp,0,,,23.78676556408082,/content/quantum rheed codex/result/professor_followup_analysis/final_comparison/jobs/followup_seed-202_strategy-random/job_state.json
202,random,Trajectories/2022-02-04/209_RR220204A_637C_1845.bmp || Trajectories/2022-02-04/213_RR220204A_668C_1847.bmp,3,,,32.09859269448398,/content/quantum rheed codex/result/professor_followup_analysis/final_comparison/jobs/followup_seed-202_strategy-random/job_state.json
202,random,Trajectories/2022-02-06/191_RR220206A_960C_2056.bmp || Trajectories/2022-04-11/286_RR220411A_906C_1837.bmp,15,,,21.365115545245104,/content/quantum rheed codex/result/professor_followup_analysis/final_comparison/jobs/followup_seed-202_strategy-random/job_state.json
202,uncertainty,Trajectories/2022-02-04/209_RR220204A_637C_1845.bmp || Trajectories/2022-02-04/213_RR220204A_668C_1847.bmp,3,,0.6931374669075012,32.09859269448398,/content/quantum rheed codex/result/professor_followup_analysis/final_comparison/jobs/followup_seed-202_strategy-uncertainty/job_state.json
202,uncertainty,Trajectories/2022-02-04/076_RR220204A_299C_1713.bmp || Trajectories/2022-02-04/080_RR220204A_301C_1718.bmp,3,,0.6931341290473938,30.8741938397879,/content/quantum rheed codex/result/professor_followup_analysis/final_comparison/jobs/followup_seed-202_strategy-uncertainty/job_state.json
202,uncertainty,Trajectories/2022-04-11/246_RR220411A_915C_1741.bmp || Trajectories/2022-04-11/258_RR220411A_932C_1751.bmp,12,,0.6931307315826416,27.662681759280296,/content/quantum rheed codex/result/professor_followup_analysis/final_comparison/jobs/followup_seed-202_strategy-uncertainty/job_state.json
202,uncertainty,Trajectories/2022-04-11/267_RR220411A_953C_1800.bmp || Trajectories/2022-04-11/271_RR220411A_951C_1811.bmp,0,,0.6930187344551086,23.70566960437566,/content/quantum rheed codex/result/professor_followup_analysis/final_comparison/jobs/followup_seed-202_strategy-uncertainty/job_state.json
202,uncertainty,Trajectories/2022-02-04/085_RR220204A_378C_1720.bmp || Trajectories/2022-02-04/134_RR220204A_467C_1754-02.bmp,3,,0.6929987668991089,30.63528582719411,/content/quantum rheed codex/result/professor_followup_analysis/final_comparison/jobs/followup_seed-202_strategy-uncertainty/job_state.json
202,uncertainty,Trajectories/2022-02-04/085_RR220204A_378C_1720.bmp || Trajectories/2022-02-04/382_RR220204A_935C_2330.bmp,3,,0.6926528811454773,31.40165703882512,/content/quantum rheed codex/result/professor_followup_analysis/final_comparison/jobs/followup_seed-202_strategy-uncertainty/job_state.json
202,uncertainty,Trajectories/2022-02-06/058_RR220206A_249C_1745.bmp || Trajectories/2022-04-11/178_RR220411A_774C_1649.bmp,6,,0.6923355460166931,20.765939458809626,/content/quantum rheed codex/result/professor_followup_analysis/final_comparison/jobs/followup_seed-202_strategy-uncertainty/job_state.json
202,uncertainty,Trajectories/2022-02-06/016_RR220206A_165C_1704-03.bmp || Trajectories/2022-04-11/011_RR220411A_219C_1424.bmp,6,,0.6922709345817566,21.97807904171447,/content/quantum rheed codex/result/professor_followup_analysis/final_comparison/jobs/followup_seed-202_strategy-uncertainty/job_state.json
202,uncertainty,Trajectories/2022-02-06/095_RR220206A_614C_1835.bmp || Trajectories/2022-02-06/247_RR220206A_657C_2207.bmp,4,,0.691592812538147,21.911355857119663,/content/quantum rheed codex/result/professor_followup_analysis/final_comparison/jobs/followup_seed-202_strategy-uncertainty/job_state.json
202,uncertainty,Trajectories/2022-02-04/319_RR220204A_918C_2037.bmp || Trajectories/2022-02-04/354_RR220204A_951C_2141.bmp,18,,0.6915912628173828,31.96586814113138,/content/quantum rheed codex/result/professor_followup_analysis/final_comparison/jobs/followup_seed-202_strategy-uncertainty/job_state.json
202,uncertainty,Trajectories/2022-02-06/163_RR220206A_1105C_2015.bmp || Trajectories/2022-02-06/249_RR220206A_638C_2210.bmp,4,,0.6907659769058228,21.909634946848787,/content/quantum rheed codex/result/professor_followup_analysis/final_comparison/jobs/followup_seed-202_strategy-uncertainty/job_state.json
202,uncertainty,Trajectories/2022-02-04/021_RR220204A_981C_0126-03.bmp || Trajectories/2022-04-11/225_RR220411A_873C_1724.bmp,0,,0.6904947757720947,25.345510500211613,/content/quantum rheed codex/result/professor_followup_analysis/final_comparison/jobs/followup_seed-202_strategy-uncertainty/job_state.json
202,uncertainty,Trajectories/2022-02-06/095_RR220206A_614C_1835.bmp || Trajectories/2022-02-06/195_RR220206A_944C_2101.bmp,4,,0.6904175877571106,22.645374935266197,/content/quantum rheed codex/result/professor_followup_analysis/final_comparison/jobs/followup_seed-202_strategy-uncertainty/job_state.json
202,uncertainty,Trajectories/2022-02-04/309_RR220204A_911C_2027.bmp || Trajectories/2022-02-04/361_RR220204A_947C_2156.bmp,3,,0.6902751922607422,29.000703457924317,/content/quantum rheed codex/result/professor_followup_analysis/final_comparison/jobs/followup_seed-202_strategy-uncertainty/job_state.json
202,uncertainty,Trajectories/2022-04-11/036_RR220411A_313C_1443.bmp || Trajectories/2022-04-11/072_RR220411A_429C_1516.bmp,6,,0.6902490854263306,20.266854711686946,/content/quantum rheed codex/result/professor_followup_analysis/final_comparison/jobs/followup_seed-202_strategy-uncertainty/job_state.json
202,uncertainty,Trajectories/2022-02-04/266_RR220204A_783C_1938.bmp || Trajectories/2022-02-04/356_RR220204A_949C_2144.bmp,3,,0.6900659799575806,32.06072236551072,/content/quantum rheed codex/result/professor_followup_analysis/final_comparison/jobs/followup_seed-202_strategy-uncertainty/job_state.json
202,uncertainty,Trajectories/2022-04-11/064_RR220411A_413C_1511.bmp || Trajectories/2022-04-11/138_RR220411A_635C_1610.bmp,6,,0.6893049478530884,20.462694341865873,/content/quantum rheed codex/result/professor_followup_analysis/final_comparison/jobs/followup_seed-202_strategy-uncertainty/job_state.json
202,uncertainty,Trajectories/2022-02-04/303_RR220204A_917C_2021.bmp || Trajectories/2022-04-11/226_RR220411A_873C_1725.bmp,12,,0.6887329816818237,26.982976347208957,/content/quantum rheed codex/result/professor_followup_analysis/final_comparison/jobs/followup_seed-202_strategy-uncertainty/job_state.json
202,uncertainty,Trajectories/2022-02-06/104_RR220206A_734C_1847.bmp || Trajectories/2022-02-06/207_RR220206A_875C_2114.bmp,4,,0.6886562705039978,22.593642896604223,/content/quantum rheed codex/result/professor_followup_analysis/final_comparison/jobs/followup_seed-202_strategy-uncertainty/job_state.json
202,uncertainty,Trajectories/2022-02-04/079_RR220204A_301C_1717.bmp || Trajectories/2022-02-04/329_RR220204A_946C_2054.bmp,18,,0.6885548233985901,31.102395283489734,/content/quantum rheed codex/result/professor_followup_analysis/final_comparison/jobs/followup_seed-202_strategy-uncertainty/job_state.json
202,uncertainty,Trajectories/2022-04-11/053_RR220411A_374C_1502.bmp || Trajectories/2022-04-11/156_RR220411A_699C_1628.bmp,6,,0.6885216236114502,20.744852777777044,/content/quantum rheed codex/result/professor_followup_analysis/final_comparison/jobs/followup_seed-202_strategy-uncertainty/job_state.json
202,uncertainty,Trajectories/2022-02-04/129_RR220204A_465C_1753.bmp || Trajectories/2022-04-11/243_RR220411A_909C_1739.bmp,12,,0.6877942085266113,29.07999387835386,/content/quantum rheed codex/result/professor_followup_analysis/final_comparison/jobs/followup_seed-202_strategy-uncertainty/job_state.json
202,uncertainty,Trajectories/2022-04-11/063_RR220411A_402C_1510.bmp || Trajectories/2022-04-11/131_RR220411A_606C_1603.bmp,6,,0.6876863837242126,20.424133675004573,/content/quantum rheed codex/result/professor_followup_analysis/final_comparison/jobs/followup_seed-202_strategy-uncertainty/job_state.json
202,uncertainty,Trajectories/2022-02-06/186_RR220206A_985C_2050.bmp || Trajectories/2022-02-06/251_RR220206A_619C_2214.bmp,4,,0.6875163316726685,21.905305910814324,/content/quantum rheed codex/result/professor_followup_analysis/final_comparison/jobs/followup_seed-202_strategy-uncertainty/job_state.json
202,uncertainty,Trajectories/2022-02-04/132_RR220204A_468C_1754.bmp || Trajectories/2022-04-11/246_RR220411A_915C_1741.bmp,12,,0.6872437596321106,29.146151527689433,/content/quantum rheed codex/result/professor_followup_analysis/final_comparison/jobs/followup_seed-202_strategy-uncertainty/job_state.json
202,uncertainty,Trajectories/2022-02-04/085_RR220204A_378C_1720.bmp || Trajectories/2022-02-04/328_RR220204A_946C_2053.bmp,18,,0.6854538321495056,31.12761167683212,/content/quantum rheed codex/result/professor_followup_analysis/final_comparison/jobs/followup_seed-202_strategy-uncertainty/job_state.json
202,uncertainty,Trajectories/2022-02-04/385_RR220204A_939C_2340.bmp || Trajectories/2022-04-11/237_RR220411A_901C_1735.bmp,12,,0.685405433177948,29.512864657499577,/content/quantum rheed codex/result/professor_followup_analysis/final_comparison/jobs/followup_seed-202_strategy-uncertainty/job_state.json
202,uncertainty,Trajectories/2022-04-11/008_RR220411A_193C_1422.bmp || Trajectories/2022-04-11/093_RR220411A_482C_1531.bmp,6,,0.6854028105735779,20.57033633233567,/content/quantum rheed codex/result/professor_followup_analysis/final_comparison/jobs/followup_seed-202_strategy-uncertainty/job_state.json
202,uncertainty,Trajectories/2022-02-06/068_RR220206A_362C_1759.bmp || Trajectories/2022-04-11/030_RR220411A_291C_1437.bmp,6,,0.6853881478309631,20.326488054121086,/content/quantum rheed codex/result/professor_followup_analysis/final_comparison/jobs/followup_seed-202_strategy-uncertainty/job_state.json
202,uncertainty,Trajectories/2022-02-06/129_RR220206A_912C_1929.bmp || Trajectories/2022-04-11/217_RR220411A_857C_1718.bmp,0,,0.6845601201057434,23.78676556408082,/content/quantum rheed codex/result/professor_followup_analysis/final_comparison/jobs/followup_seed-202_strategy-uncertainty/job_state.json
202,uncertainty,Trajectories/2022-04-11/397_RR220411A_528C_1948.bmp || Trajectories/2022-04-11/443_RR220411A_303C_2007.bmp,10,,0.6844555139541626,55.526203011744656,/content/quantum rheed codex/result/professor_followup_analysis/final_comparison/jobs/followup_seed-202_strategy-uncertainty/job_state.json
202,uncertainty,Trajectories/2022-02-04/197_RR220204A_611C_1835.bmp || Trajectories/2022-04-11/233_RR220411A_889C_1731.bmp,12,,0.6843967437744141,28.902133470931624,/content/quantum rheed codex/result/professor_followup_analysis/final_comparison/jobs/followup_seed-202_strategy-uncertainty/job_state.json
202,uncertainty,Trajectories/2022-02-04/189_RR220204A_578C_1830.bmp || Trajectories/2022-02-04/341_RR220204A_937C_2114.bmp,18,,0.6839580535888672,31.19273274413676,/content/quantum rheed codex/result/professor_followup_analysis/final_comparison/jobs/followup_seed-202_strategy-uncertainty/job_state.json
202,uncertainty,Trajectories/2022-02-06/125_RR220206A_887C_1925.bmp || Trajectories/2022-04-11/226_RR220411A_873C_1725.bmp,0,,0.6832533478736877,24.292715011787084,/content/quantum rheed codex/result/professor_followup_analysis/final_comparison/jobs/followup_seed-202_strategy-uncertainty/job_state.json
202,uncertainty,Trajectories/2022-02-04/205_RR220204A_642C_1839-02.bmp || Trajectories/2022-02-04/337_RR220204A_938C_2106.bmp,18,,0.6831067800521851,31.597551335961278,/content/quantum rheed codex/result/professor_followup_analysis/final_comparison/jobs/followup_seed-202_strategy-uncertainty/job_state.json
202,uncertainty,Trajectories/2022-02-04/029_RR220204A_808C_0135.bmp || Trajectories/2022-02-04/242_RR220204A_720C_1911.bmp,3,,0.6829246878623962,30.224793149231314,/content/quantum rheed codex/result/professor_followup_analysis/final_comparison/jobs/followup_seed-202_strategy-uncertainty/job_state.json
202,uncertainty,Trajectories/2022-04-11/203_RR220411A_843C_1711-03.bmp || Trajectories/2022-04-11/284_RR220411A_912C_1835.bmp,0,,0.6828986406326294,24.293641081202164,/content/quantum rheed codex/result/professor_followup_analysis/final_comparison/jobs/followup_seed-202_strategy-uncertainty/job_state.json
202,uncertainty,Trajectories/2022-02-04/020_RR220204A_981C_0126-02.bmp || Trajectories/2022-02-04/133_RR220204A_467C_1754-01.bmp,16,,0.68279629945755,27.894521425197862,/content/quantum rheed codex/result/professor_followup_analysis/final_comparison/jobs/followup_seed-202_strategy-uncertainty/job_state.json
202,uncertainty,Trajectories/2022-04-11/343_RR220411A_722C_1918.bmp || Trajectories/2022-04-11/374_RR220411A_625C_1937.bmp,2,,0.6826462149620056,41.18334450800941,/content/quantum rheed codex/result/professor_followup_analysis/final_comparison/jobs/followup_seed-202_strategy-uncertainty/job_state.json
202,uncertainty,Trajectories/2022-04-11/238_RR220411A_905C_1736.bmp || Trajectories/2022-04-11/319_RR220411A_828C_1900.bmp,11,,0.681681215763092,28.712980997015404,/content/quantum rheed codex/result/professor_followup_analysis/final_comparison/jobs/followup_seed-202_strategy-uncertainty/job_state.json
202,uncertainty,Trajectories/2022-02-04/007_RR220204A_931C_0051.bmp || Trajectories/2022-04-11/291_RR220411A_888C_1840.bmp,12,,0.6810933947563171,29.057939895764807,/content/quantum rheed codex/result/professor_followup_analysis/final_comparison/jobs/followup_seed-202_strategy-uncertainty/job_state.json
202,uncertainty,Trajectories/2022-04-11/320_RR220411A_824C_1901.bmp || Trajectories/2022-04-11/332_RR220411A_756C_1911.bmp,9,,0.6772786974906921,32.299743666742444,/content/quantum rheed codex/result/professor_followup_analysis/final_comparison/jobs/followup_seed-202_strategy-uncertainty/job_state.json
202,uncertainty,Trajectories/2022-04-11/047_RR220411A_350C_1454.bmp || Trajectories/2022-04-11/186_RR220411A_805C_1658.bmp,6,,0.6772541999816895,20.958958678174593,/content/quantum rheed codex/result/professor_followup_analysis/final_comparison/jobs/followup_seed-202_strategy-uncertainty/job_state.json
202,uncertainty,Trajectories/2022-02-04/048_RR220204A_245C_0201.bmp || Trajectories/2022-02-04/192_RR220204A_607C_1831.bmp,16,,0.6771911382675171,26.89520655784793,/content/quantum rheed codex/result/professor_followup_analysis/final_comparison/jobs/followup_seed-202_strategy-uncertainty/job_state.json
202,uncertainty,Trajectories/2022-02-04/037_RR220204A_579C_0146.bmp || Trajectories/2022-02-04/074_RR220204A_297C_1711.bmp,3,,0.6766541004180908,27.361488387784952,/content/quantum rheed codex/result/professor_followup_analysis/final_comparison/jobs/followup_seed-202_strategy-uncertainty/job_state.json
202,uncertainty,Trajectories/2022-02-04/024_RR220204A_927C_0130.bmp || Trajectories/2022-02-04/261_RR220204A_790C_1930.bmp,16,,0.6763823628425598,29.019150391623104,/content/quantum rheed codex/result/professor_followup_analysis/final_comparison/jobs/followup_seed-202_strategy-uncertainty/job_state.json
202,uncertainty,Trajectories/2022-02-04/281_RR220204A_806C_2000.bmp || Trajectories/2022-04-11/322_RR220411A_818C_1902.bmp,11,,0.6758739352226257,31.314753202220505,/content/quantum rheed codex/result/professor_followup_analysis/final_comparison/jobs/followup_seed-202_strategy-uncertainty/job_state.json
202,uncertainty,Trajectories/2022-02-04/195_RR220204A_611C_1832.bmp || Trajectories/2022-02-04/320_RR220204A_915C_2039.bmp,18,,0.6745607852935791,31.82452791446565,/content/quantum rheed codex/result/professor_followup_analysis/final_comparison/jobs/followup_seed-202_strategy-uncertainty/job_state.json
202,uncertainty,Trajectories/2022-02-04/148_RR220204A_480C_1804.bmp || Trajectories/2022-04-11/313_RR220411A_839C_1856.bmp,11,,0.674429714679718,29.892881779575944,/content/quantum rheed codex/result/professor_followup_analysis/final_comparison/jobs/followup_seed-202_strategy-uncertainty/job_state.json
202,uncertainty,Trajectories/2022-02-04/148_RR220204A_480C_1804.bmp || Trajectories/2022-04-11/314_RR220411A_836C_1857.bmp,11,,0.6733510494232178,29.930429660759263,/content/quantum rheed codex/result/professor_followup_analysis/final_comparison/jobs/followup_seed-202_strategy-uncertainty/job_state.json
202,uncertainty,Trajectories/2022-02-04/131_RR220204A_466C_1754.bmp || Trajectories/2022-04-11/204_RR220411A_851C_1712.bmp,16,,0.6700031161308289,26.78536864492368,/content/quantum rheed codex/result/professor_followup_analysis/final_comparison/jobs/followup_seed-202_strategy-uncertainty/job_state.json
202,uncertainty,Trajectories/2022-04-11/141_RR220411A_656C_1613.bmp || Trajectories/2022-04-11/203_RR220411A_843C_1711-03.bmp,8,,0.6673826575279236,21.939955771594956,/content/quantum rheed codex/result/professor_followup_analysis/final_comparison/jobs/followup_seed-202_strategy-uncertainty/job_state.json
202,uncertainty,Trajectories/2022-02-04/229_RR220204A_696C_1901-02.bmp || Trajectories/2022-04-11/208_RR220411A_850C_1713-02.bmp,16,,0.6646246910095215,28.154322288795672,/content/quantum rheed codex/result/professor_followup_analysis/final_comparison/jobs/followup_seed-202_strategy-uncertainty/job_state.json
202,uncertainty,Trajectories/2022-02-06/125_RR220206A_887C_1925.bmp || Trajectories/2022-04-11/313_RR220411A_839C_1856.bmp,0,,0.664408802986145,25.896168076105155,/content/quantum rheed codex/result/professor_followup_analysis/final_comparison/jobs/followup_seed-202_strategy-uncertainty/job_state.json
202,uncertainty,Trajectories/2022-02-06/097_RR220206A_654C_1837.bmp || Trajectories/2022-04-11/067_RR220411A_416C_1513-02.bmp,6,,0.662571132183075,20.75821314615995,/content/quantum rheed codex/result/professor_followup_analysis/final_comparison/jobs/followup_seed-202_strategy-uncertainty/job_state.json
202,uncertainty,Trajectories/2022-02-04/117_RR220204A_445C_1740.bmp || Trajectories/2022-02-06/123_RR220206A_894C_1923.bmp,16,,0.6599237322807312,26.451822207848345,/content/quantum rheed codex/result/professor_followup_analysis/final_comparison/jobs/followup_seed-202_strategy-uncertainty/job_state.json
202,uncertainty,Trajectories/2022-02-06/137_RR220206A_982C_1937.bmp || Trajectories/2022-04-11/191_RR220411A_821C_1704.bmp,15,,0.6589789986610413,20.97411265027684,/content/quantum rheed codex/result/professor_followup_analysis/final_comparison/jobs/followup_seed-202_strategy-uncertainty/job_state.json
202,uncertainty,Trajectories/2022-02-04/048_RR220204A_245C_0201.bmp || Trajectories/2022-04-11/183_RR220411A_794C_1655.bmp,8,,0.657569408416748,21.847170114810787,/content/quantum rheed codex/result/professor_followup_analysis/final_comparison/jobs/followup_seed-202_strategy-uncertainty/job_state.json
202,uncertainty,Trajectories/2022-02-06/090_RR220206A_568C_1828.bmp || Trajectories/2022-04-11/149_RR220411A_676C_1619.bmp,6,,0.6509193778038025,20.98382161304928,/content/quantum rheed codex/result/professor_followup_analysis/final_comparison/jobs/followup_seed-202_strategy-uncertainty/job_state.json
202,uncertainty,Trajectories/2022-02-04/020_RR220204A_981C_0126-02.bmp || Trajectories/2022-04-11/088_RR220411A_459C_1527.bmp,8,,0.6473233103752136,22.085275576570066,/content/quantum rheed codex/result/professor_followup_analysis/final_comparison/jobs/followup_seed-202_strategy-uncertainty/job_state.json
202,uncertainty,Trajectories/2022-04-11/323_RR220411A_816C_1903.bmp || Trajectories/2022-04-11/366_RR220411A_654C_1930.bmp,2,,0.644044816493988,36.529906914904004,/content/quantum rheed codex/result/professor_followup_analysis/final_comparison/jobs/followup_seed-202_strategy-uncertainty/job_state.json
202,uncertainty,Trajectories/2022-04-11/183_RR220411A_794C_1655.bmp || Trajectories/2022-04-11/226_RR220411A_873C_1725.bmp,8,,0.6426186561584473,22.68155389534915,/content/quantum rheed codex/result/professor_followup_analysis/final_comparison/jobs/followup_seed-202_strategy-uncertainty/job_state.json
202,uncertainty,Trajectories/2022-02-04/314_RR220204A_937C_2030.bmp || Trajectories/2022-04-11/081_RR220411A_453C_1523.bmp,8,,0.6332724690437317,21.659061430494347,/content/quantum rheed codex/result/professor_followup_analysis/final_comparison/jobs/followup_seed-202_strategy-uncertainty/job_state.json
202,uncertainty,Trajectories/2022-04-11/063_RR220411A_402C_1510.bmp || Trajectories/2022-04-11/268_RR220411A_952C_1801.bmp,17,,0.6312571167945862,20.771322289522523,/content/quantum rheed codex/result/professor_followup_analysis/final_comparison/jobs/followup_seed-202_strategy-uncertainty/job_state.json
202,uncertainty,Trajectories/2022-02-04/338_RR220204A_940C_2108.bmp || Trajectories/2022-04-11/354_RR220411A_693C_1924.bmp,9,,0.6270565390586853,34.812405769420884,/content/quantum rheed codex/result/professor_followup_analysis/final_comparison/jobs/followup_seed-202_strategy-uncertainty/job_state.json
202,uncertainty,Trajectories/2022-02-06/213_RR220206A_849C_2121.bmp || Trajectories/2022-04-11/104_RR220411A_501C_1540.bmp,6,,0.623410701751709,20.45900950659901,/content/quantum rheed codex/result/professor_followup_analysis/final_comparison/jobs/followup_seed-202_strategy-uncertainty/job_state.json
202,uncertainty,Trajectories/2022-04-11/069_RR220411A_428C_1515.bmp || Trajectories/2022-04-11/231_RR220411A_882C_1729.bmp,17,,0.6174570322036743,21.858627060870834,/content/quantum rheed codex/result/professor_followup_analysis/final_comparison/jobs/followup_seed-202_strategy-uncertainty/job_state.json
202,uncertainty,Trajectories/2022-02-06/124_RR220206A_894C_1924.bmp || Trajectories/2022-02-06/253_RR220206A_599C_2217.bmp,15,,0.6146515011787415,20.770891862593125,/content/quantum rheed codex/result/professor_followup_analysis/final_comparison/jobs/followup_seed-202_strategy-uncertainty/job_state.json
202,uncertainty,Trajectories/2022-02-04/139_RR220204A_470C_1758.bmp || Trajectories/2022-04-11/094_RR220411A_484C_1532.bmp,14,,0.6109420657157898,24.114712840195164,/content/quantum rheed codex/result/professor_followup_analysis/final_comparison/jobs/followup_seed-202_strategy-uncertainty/job_state.json
202,uncertainty,Trajectories/2022-04-11/066_RR220411A_416C_1513-01.bmp || Trajectories/2022-04-11/292_RR220411A_887C_1841.bmp,17,,0.6100406646728516,21.96315475310083,/content/quantum rheed codex/result/professor_followup_analysis/final_comparison/jobs/followup_seed-202_strategy-uncertainty/job_state.json
202,uncertainty,Trajectories/2022-02-04/133_RR220204A_467C_1754-01.bmp || Trajectories/2022-04-11/088_RR220411A_459C_1527.bmp,14,,0.6071063876152039,23.95419696162436,/content/quantum rheed codex/result/professor_followup_analysis/final_comparison/jobs/followup_seed-202_strategy-uncertainty/job_state.json
202,uncertainty,Trajectories/2022-02-04/184_RR220204A_576C_1826.bmp || Trajectories/2022-04-11/147_RR220411A_671C_1617.bmp,14,,0.6053923964500427,24.37903926029371,/content/quantum rheed codex/result/professor_followup_analysis/final_comparison/jobs/followup_seed-202_strategy-uncertainty/job_state.json
202,uncertainty,Trajectories/2022-02-04/215_RR220204A_669C_1848.bmp || Trajectories/2022-04-11/120_RR220411A_555C_1553.bmp,14,,0.6047321557998657,25.30851725473029,/content/quantum rheed codex/result/professor_followup_analysis/final_comparison/jobs/followup_seed-202_strategy-uncertainty/job_state.json
202,uncertainty,Trajectories/2022-02-06/037_RR220206A_165C_1722.bmp || Trajectories/2022-04-11/219_RR220411A_865C_1720.bmp,8,,0.6037057042121887,21.219775066427196,/content/quantum rheed codex/result/professor_followup_analysis/final_comparison/jobs/followup_seed-202_strategy-uncertainty/job_state.json
202,uncertainty,Trajectories/2022-02-04/037_RR220204A_579C_0146.bmp || Trajectories/2022-02-06/265_RR220206A_498C_2232.bmp,15,,0.5988988280296326,20.653761668689626,/content/quantum rheed codex/result/professor_followup_analysis/final_comparison/jobs/followup_seed-202_strategy-uncertainty/job_state.json
202,uncertainty,Trajectories/2022-02-04/194_RR220204A_610C_1832.bmp || Trajectories/2022-02-06/119_RR220206A_871C_1918.bmp,14,,0.5982133746147156,24.562753189399128,/content/quantum rheed codex/result/professor_followup_analysis/final_comparison/jobs/followup_seed-202_strategy-uncertainty/job_state.json
202,uncertainty,Trajectories/2022-02-04/194_RR220204A_610C_1832.bmp || Trajectories/2022-04-11/163_RR220411A_715C_1634.bmp,14,,0.5954446196556091,24.513563427303424,/content/quantum rheed codex/result/professor_followup_analysis/final_comparison/jobs/followup_seed-202_strategy-uncertainty/job_state.json
202,uncertainty,Trajectories/2022-02-04/013_RR220204A_949C_0119.bmp || Trajectories/2022-02-06/077_RR220206A_461C_1813.bmp,8,,0.5950908064842224,22.652469008571536,/content/quantum rheed codex/result/professor_followup_analysis/final_comparison/jobs/followup_seed-202_strategy-uncertainty/job_state.json
202,uncertainty,Trajectories/2022-02-04/174_RR220204A_527C_1818.bmp || Trajectories/2022-04-11/164_RR220411A_724C_1635.bmp,14,,0.5949073433876038,24.187989909492742,/content/quantum rheed codex/result/professor_followup_analysis/final_comparison/jobs/followup_seed-202_strategy-uncertainty/job_state.json
202,uncertainty,Trajectories/2022-02-04/152_RR220204A_488C_1805-02.bmp || Trajectories/2022-04-11/173_RR220411A_755C_1643.bmp,14,,0.5939413905143738,24.20827693052081,/content/quantum rheed codex/result/professor_followup_analysis/final_comparison/jobs/followup_seed-202_strategy-uncertainty/job_state.json
202,uncertainty,Trajectories/2022-02-04/164_RR220204A_507C_1811.bmp || Trajectories/2022-02-06/074_RR220206A_430C_1809.bmp,14,,0.5920999646186829,23.77924860041451,/content/quantum rheed codex/result/professor_followup_analysis/final_comparison/jobs/followup_seed-202_strategy-uncertainty/job_state.json
202,uncertainty,Trajectories/2022-02-04/334_RR220204A_939C_2101.bmp || Trajectories/2022-04-11/386_RR220411A_580C_1943.bmp,2,,0.5909938812255859,38.94060121271343,/content/quantum rheed codex/result/professor_followup_analysis/final_comparison/jobs/followup_seed-202_strategy-uncertainty/job_state.json
202,uncertainty,Trajectories/2022-02-04/262_RR220204A_793C_1932.bmp || Trajectories/2022-04-11/359_RR220411A_675C_1926.bmp,9,,0.5887060165405273,35.278476485644234,/content/quantum rheed codex/result/professor_followup_analysis/final_comparison/jobs/followup_seed-202_strategy-uncertainty/job_state.json
202,uncertainty,Trajectories/2022-02-04/235_RR220204A_725C_1905.bmp || Trajectories/2022-02-06/068_RR220206A_362C_1759.bmp,14,,0.5873973965644836,25.121710094915752,/content/quantum rheed codex/result/professor_followup_analysis/final_comparison/jobs/followup_seed-202_strategy-uncertainty/job_state.json
202,uncertainty,Trajectories/2022-04-11/001_RR220411A_180C_1417-01.bmp || Trajectories/2022-04-11/321_RR220411A_823C_1901.bmp,17,,0.5866657495498657,23.399098511335318,/content/quantum rheed codex/result/professor_followup_analysis/final_comparison/jobs/followup_seed-202_strategy-uncertainty/job_state.json
202,uncertainty,Trajectories/2022-04-11/013_RR220411A_223C_1424.bmp || Trajectories/2022-04-11/306_RR220411A_857C_1850.bmp,17,,0.5865669846534729,22.64489033001069,/content/quantum rheed codex/result/professor_followup_analysis/final_comparison/jobs/followup_seed-202_strategy-uncertainty/job_state.json
202,uncertainty,Trajectories/2022-02-06/080_RR220206A_490C_1816.bmp || Trajectories/2022-04-11/234_RR220411A_888C_1732.bmp,17,,0.5860570073127747,21.784498949510105,/content/quantum rheed codex/result/professor_followup_analysis/final_comparison/jobs/followup_seed-202_strategy-uncertainty/job_state.json
202,uncertainty,Trajectories/2022-02-04/034_RR220204A_655C_0142.bmp || Trajectories/2022-02-06/272_RR220206A_424C_2242.bmp,15,,0.5859808325767517,21.290913017057804,/content/quantum rheed codex/result/professor_followup_analysis/final_comparison/jobs/followup_seed-202_strategy-uncertainty/job_state.json
202,uncertainty,Trajectories/2022-02-04/239_RR220204A_720C_1910.bmp || Trajectories/2022-04-11/154_RR220411A_696C_1624.bmp,14,,0.5804123878479004,25.36345840421267,/content/quantum rheed codex/result/professor_followup_analysis/final_comparison/jobs/followup_seed-202_strategy-uncertainty/job_state.json
202,uncertainty,Trajectories/2022-02-04/221_RR220204A_666C_1854.bmp || Trajectories/2022-04-11/358_RR220411A_677C_1926.bmp,9,,0.5790344476699829,35.22847098334539,/content/quantum rheed codex/result/professor_followup_analysis/final_comparison/jobs/followup_seed-202_strategy-uncertainty/job_state.json
202,uncertainty,Trajectories/2022-02-04/317_RR220204A_935C_2033.bmp || Trajectories/2022-02-06/250_RR220206A_621C_2212.bmp,15,,0.5771451592445374,20.48434992991696,/content/quantum rheed codex/result/professor_followup_analysis/final_comparison/jobs/followup_seed-202_strategy-uncertainty/job_state.json
202,uncertainty,Trajectories/2022-02-04/230_RR220204A_695C_1902.bmp || Trajectories/2022-02-06/074_RR220206A_430C_1809.bmp,14,,0.575667679309845,24.75746651813656,/content/quantum rheed codex/result/professor_followup_analysis/final_comparison/jobs/followup_seed-202_strategy-uncertainty/job_state.json
202,uncertainty,Trajectories/2022-02-04/178_RR220204A_544C_1822.bmp || Trajectories/2022-04-11/013_RR220411A_223C_1424.bmp,14,,0.5739948749542236,23.84885087277908,/content/quantum rheed codex/result/professor_followup_analysis/final_comparison/jobs/followup_seed-202_strategy-uncertainty/job_state.json
202,uncertainty,Trajectories/2022-02-04/241_RR220204A_736C_1911.bmp || Trajectories/2022-04-11/064_RR220411A_413C_1511.bmp,14,,0.564827561378479,24.55871041280482,/content/quantum rheed codex/result/professor_followup_analysis/final_comparison/jobs/followup_seed-202_strategy-uncertainty/job_state.json
202,uncertainty,Trajectories/2022-02-04/139_RR220204A_470C_1758.bmp || Trajectories/2022-04-11/372_RR220411A_636C_1935.bmp,9,,0.5608698129653931,35.75077645444277,/content/quantum rheed codex/result/professor_followup_analysis/final_comparison/jobs/followup_seed-202_strategy-uncertainty/job_state.json
202,uncertainty,Trajectories/2022-02-04/295_RR220204A_882C_2015.bmp || Trajectories/2022-02-06/117_RR220206A_844C_1915.bmp,1,,0.5545462965965271,23.569199025086114,/content/quantum rheed codex/result/professor_followup_analysis/final_comparison/jobs/followup_seed-202_strategy-uncertainty/job_state.json
202,uncertainty,Trajectories/2022-02-06/180_RR220206A_1031C_2041.bmp || Trajectories/2022-04-11/277_RR220411A_936C_1828.bmp,15,,0.5493237972259521,20.806576181586845,/content/quantum rheed codex/result/professor_followup_analysis/final_comparison/jobs/followup_seed-202_strategy-uncertainty/job_state.json
202,uncertainty,Trajectories/2022-02-04/287_RR220204A_851C_2008.bmp || Trajectories/2022-04-11/409_RR220411A_474C_1953.bmp,13,,0.5425581932067871,40.950012215352345,/content/quantum rheed codex/result/professor_followup_analysis/final_comparison/jobs/followup_seed-202_strategy-uncertainty/job_state.json
202,uncertainty,Trajectories/2022-02-06/191_RR220206A_960C_2056.bmp || Trajectories/2022-04-11/286_RR220411A_906C_1837.bmp,15,,0.5367388725280762,21.365115545245104,/content/quantum rheed codex/result/professor_followup_analysis/final_comparison/jobs/followup_seed-202_strategy-uncertainty/job_state.json
202,uncertainty,Trajectories/2022-02-06/189_RR220206A_971C_2054-01.bmp || Trajectories/2022-04-11/286_RR220411A_906C_1837.bmp,15,,0.5359060168266296,21.36897059055149,/content/quantum rheed codex/result/professor_followup_analysis/final_comparison/jobs/followup_seed-202_strategy-uncertainty/job_state.json
303,random,Trajectories/2022-04-11/036_RR220411A_313C_1443.bmp || Trajectories/2022-04-11/072_RR220411A_429C_1516.bmp,13,,,30.04442403615542,/content/quantum rheed codex/result/professor_followup_analysis/final_comparison/jobs/followup_seed-303_strategy-random/job_state.json
303,random,Trajectories/2022-02-06/090_RR220206A_568C_1828.bmp || Trajectories/2022-04-11/149_RR220411A_676C_1619.bmp,4,,,31.742100617186512,/content/quantum rheed codex/result/professor_followup_analysis/final_comparison/jobs/followup_seed-303_strategy-random/job_state.json
303,random,Trajectories/2022-02-04/181_RR220204A_572C_1825.bmp || Trajectories/2022-04-11/437_RR220411A_345C_2004.bmp,5,,,40.87154224271534,/content/quantum rheed codex/result/professor_followup_analysis/final_comparison/jobs/followup_seed-303_strategy-random/job_state.json
303,random,Trajectories/2022-02-06/058_RR220206A_249C_1745.bmp || Trajectories/2022-04-11/178_RR220411A_774C_1649.bmp,15,,,34.55225845880659,/content/quantum rheed codex/result/professor_followup_analysis/final_comparison/jobs/followup_seed-303_strategy-random/job_state.json
303,random,Trajectories/2022-02-04/341_RR220204A_937C_2114.bmp || Trajectories/2022-02-06/163_RR220206A_1105C_2015.bmp,9,,,26.91054835298532,/content/quantum rheed codex/result/professor_followup_analysis/final_comparison/jobs/followup_seed-303_strategy-random/job_state.json
303,random,Trajectories/2022-02-04/320_RR220204A_915C_2039.bmp || Trajectories/2022-02-06/282_RR220206A_184C_2256.bmp,10,,,32.961560483617774,/content/quantum rheed codex/result/professor_followup_analysis/final_comparison/jobs/followup_seed-303_strategy-random/job_state.json
303,random,Trajectories/2022-02-04/148_RR220204A_480C_1804.bmp || Trajectories/2022-04-11/313_RR220411A_839C_1856.bmp,5,,,40.013990446284595,/content/quantum rheed codex/result/professor_followup_analysis/final_comparison/jobs/followup_seed-303_strategy-random/job_state.json
303,random,Trajectories/2022-02-04/334_RR220204A_939C_2101.bmp || Trajectories/2022-04-11/386_RR220411A_580C_1943.bmp,19,,,36.305930788492866,/content/quantum rheed codex/result/professor_followup_analysis/final_comparison/jobs/followup_seed-303_strategy-random/job_state.json
303,random,Trajectories/2022-02-04/079_RR220204A_301C_1717.bmp || Trajectories/2022-02-04/329_RR220204A_946C_2054.bmp,19,,,37.01516619006767,/content/quantum rheed codex/result/professor_followup_analysis/final_comparison/jobs/followup_seed-303_strategy-random/job_state.json
303,random,Trajectories/2022-02-04/034_RR220204A_655C_0142.bmp || Trajectories/2022-02-06/272_RR220206A_424C_2242.bmp,16,,,33.662345256921235,/content/quantum rheed codex/result/professor_followup_analysis/final_comparison/jobs/followup_seed-303_strategy-random/job_state.json
303,random,Trajectories/2022-02-06/163_RR220206A_1105C_2015.bmp || Trajectories/2022-04-11/417_RR220411A_427C_1956.bmp,10,,,33.7346275432913,/content/quantum rheed codex/result/professor_followup_analysis/final_comparison/jobs/followup_seed-303_strategy-random/job_state.json
303,random,Trajectories/2022-02-06/097_RR220206A_654C_1837.bmp || Trajectories/2022-04-11/067_RR220411A_416C_1513-02.bmp,17,,,30.110610702463934,/content/quantum rheed codex/result/professor_followup_analysis/final_comparison/jobs/followup_seed-303_strategy-random/job_state.json
303,random,Trajectories/2022-02-04/001_RR220204A_933C_0006.bmp || Trajectories/2022-02-06/230_RR220206A_767C_2143.bmp,0,,,29.821265219901804,/content/quantum rheed codex/result/professor_followup_analysis/final_comparison/jobs/followup_seed-303_strategy-random/job_state.json
303,random,Trajectories/2022-02-04/294_RR220204A_843C_2014.bmp || Trajectories/2022-02-06/140_RR220206A_993C_1941.bmp,2,,,21.967732835259877,/content/quantum rheed codex/result/professor_followup_analysis/final_comparison/jobs/followup_seed-303_strategy-random/job_state.json
303,random,Trajectories/2022-02-04/230_RR220204A_695C_1902.bmp || Trajectories/2022-02-06/074_RR220206A_430C_1809.bmp,12,,,32.90272157860998,/content/quantum rheed codex/result/professor_followup_analysis/final_comparison/jobs/followup_seed-303_strategy-random/job_state.json
303,random,Trajectories/2022-02-06/049_RR220206A_205C_1737.bmp || Trajectories/2022-04-11/356_RR220411A_685C_1925.bmp,1,,,36.79161373000101,/content/quantum rheed codex/result/professor_followup_analysis/final_comparison/jobs/followup_seed-303_strategy-random/job_state.json
303,random,Trajectories/2022-04-11/001_RR220411A_180C_1417-01.bmp || Trajectories/2022-04-11/321_RR220411A_823C_1901.bmp,16,,,32.66277179467393,/content/quantum rheed codex/result/professor_followup_analysis/final_comparison/jobs/followup_seed-303_strategy-random/job_state.json
303,random,Trajectories/2022-04-11/069_RR220411A_428C_1515.bmp || Trajectories/2022-04-11/231_RR220411A_882C_1729.bmp,1,,,35.58995971965655,/content/quantum rheed codex/result/professor_followup_analysis/final_comparison/jobs/followup_seed-303_strategy-random/job_state.json
303,random,Trajectories/2022-02-04/197_RR220204A_611C_1835.bmp || Trajectories/2022-04-11/233_RR220411A_889C_1731.bmp,5,,,39.592921849328015,/content/quantum rheed codex/result/professor_followup_analysis/final_comparison/jobs/followup_seed-303_strategy-random/job_state.json
303,random,Trajectories/2022-02-06/016_RR220206A_165C_1704-03.bmp || Trajectories/2022-04-11/011_RR220411A_219C_1424.bmp,13,,,29.975243365622095,/content/quantum rheed codex/result/professor_followup_analysis/final_comparison/jobs/followup_seed-303_strategy-random/job_state.json
303,random,Trajectories/2022-02-04/188_RR220204A_579C_1829.bmp || Trajectories/2022-04-11/113_RR220411A_539C_1548.bmp,1,,,36.60613375847557,/content/quantum rheed codex/result/professor_followup_analysis/final_comparison/jobs/followup_seed-303_strategy-random/job_state.json
303,random,Trajectories/2022-02-06/216_RR220206A_837C_2124.bmp || Trajectories/2022-04-11/419_RR220411A_415C_1957.bmp,10,,,33.840500437463746,/content/quantum rheed codex/result/professor_followup_analysis/final_comparison/jobs/followup_seed-303_strategy-random/job_state.json
303,random,Trajectories/2022-02-04/385_RR220204A_939C_2340.bmp || Trajectories/2022-02-06/171_RR220206A_1085C_2027.bmp,0,,,30.633310114143985,/content/quantum rheed codex/result/professor_followup_analysis/final_comparison/jobs/followup_seed-303_strategy-random/job_state.json
303,random,Trajectories/2022-02-06/068_RR220206A_362C_1759.bmp || Trajectories/2022-04-11/075_RR220411A_440C_1519.bmp,4,,,32.32184199526992,/content/quantum rheed codex/result/professor_followup_analysis/final_comparison/jobs/followup_seed-303_strategy-random/job_state.json
303,random,Trajectories/2022-02-04/192_RR220204A_607C_1831.bmp || Trajectories/2022-02-06/098_RR220206A_656C_1838.bmp,12,,,33.8564040887953,/content/quantum rheed codex/result/professor_followup_analysis/final_comparison/jobs/followup_seed-303_strategy-random/job_state.json
303,random,Trajectories/2022-02-06/215_RR220206A_835C_2123.bmp || Trajectories/2022-04-11/140_RR220411A_647C_1612.bmp,17,,,30.186768540772924,/content/quantum rheed codex/result/professor_followup_analysis/final_comparison/jobs/followup_seed-303_strategy-random/job_state.json
303,random,Trajectories/2022-04-11/028_RR220411A_291C_1436.bmp || Trajectories/2022-04-11/050_RR220411A_370C_1458.bmp,13,,,29.12461923467517,/content/quantum rheed codex/result/professor_followup_analysis/final_comparison/jobs/followup_seed-303_strategy-random/job_state.json
303,random,Trajectories/2022-02-06/234_RR220206A_738C_2148.bmp || Trajectories/2022-04-11/375_RR220411A_617C_1938.bmp,10,,,33.51519816595295,/content/quantum rheed codex/result/professor_followup_analysis/final_comparison/jobs/followup_seed-303_strategy-random/job_state.json
303,random,Trajectories/2022-02-04/019_RR220204A_981C_0126-01.bmp || Trajectories/2022-04-11/035_RR220411A_314C_1442.bmp,18,,,31.834268341796818,/content/quantum rheed codex/result/professor_followup_analysis/final_comparison/jobs/followup_seed-303_strategy-random/job_state.json
303,random,Trajectories/2022-02-04/221_RR220204A_666C_1854.bmp || Trajectories/2022-02-04/339_RR220204A_938C_2110.bmp,7,,,32.38869233767886,/content/quantum rheed codex/result/professor_followup_analysis/final_comparison/jobs/followup_seed-303_strategy-random/job_state.json
303,random,Trajectories/2022-02-04/085_RR220204A_378C_1720.bmp || Trajectories/2022-02-04/382_RR220204A_935C_2330.bmp,11,,,39.248843333514834,/content/quantum rheed codex/result/professor_followup_analysis/final_comparison/jobs/followup_seed-303_strategy-random/job_state.json
303,random,Trajectories/2022-02-04/209_RR220204A_637C_1845.bmp || Trajectories/2022-02-04/213_RR220204A_668C_1847.bmp,11,,,36.70977788379436,/content/quantum rheed codex/result/professor_followup_analysis/final_comparison/jobs/followup_seed-303_strategy-random/job_state.json
303,random,Trajectories/2022-02-04/020_RR220204A_981C_0126-02.bmp || Trajectories/2022-02-04/133_RR220204A_467C_1754-01.bmp,11,,,38.37146731237357,/content/quantum rheed codex/result/professor_followup_analysis/final_comparison/jobs/followup_seed-303_strategy-random/job_state.json
303,random,Trajectories/2022-02-04/379_RR220204A_937C_2315.bmp || Trajectories/2022-02-06/257_RR220206A_581C_2222.bmp,16,,,33.27421344228939,/content/quantum rheed codex/result/professor_followup_analysis/final_comparison/jobs/followup_seed-303_strategy-random/job_state.json
303,random,Trajectories/2022-04-11/066_RR220411A_416C_1513-01.bmp || Trajectories/2022-04-11/292_RR220411A_887C_1841.bmp,16,,,34.00767881875021,/content/quantum rheed codex/result/professor_followup_analysis/final_comparison/jobs/followup_seed-303_strategy-random/job_state.json
303,random,Trajectories/2022-02-04/303_RR220204A_917C_2021.bmp || Trajectories/2022-04-11/226_RR220411A_873C_1725.bmp,6,,,27.010848786714103,/content/quantum rheed codex/result/professor_followup_analysis/final_comparison/jobs/followup_seed-303_strategy-random/job_state.json
303,random,Trajectories/2022-02-06/194_RR220206A_962C_2059.bmp || Trajectories/2022-04-11/293_RR220411A_882C_1842.bmp,0,,,31.578835797601435,/content/quantum rheed codex/result/professor_followup_analysis/final_comparison/jobs/followup_seed-303_strategy-random/job_state.json
303,random,Trajectories/2022-02-06/108_RR220206A_769C_1854.bmp || Trajectories/2022-02-06/199_RR220206A_940C_2106.bmp,9,,,27.804987205715197,/content/quantum rheed codex/result/professor_followup_analysis/final_comparison/jobs/followup_seed-303_strategy-random/job_state.json
303,random,Trajectories/2022-02-04/013_RR220204A_949C_0119.bmp || Trajectories/2022-02-06/077_RR220206A_461C_1813.bmp,12,,,34.1770248664396,/content/quantum rheed codex/result/professor_followup_analysis/final_comparison/jobs/followup_seed-303_strategy-random/job_state.json
303,random,Trajectories/2022-02-04/178_RR220204A_544C_1822.bmp || Trajectories/2022-04-11/013_RR220411A_223C_1424.bmp,16,,,33.92106235972577,/content/quantum rheed codex/result/professor_followup_analysis/final_comparison/jobs/followup_seed-303_strategy-random/job_state.json
303,random,Trajectories/2022-02-04/115_RR220204A_441C_1738.bmp || Trajectories/2022-02-06/152_RR220206A_1077C_2001-02.bmp,16,,,33.80688906574045,/content/quantum rheed codex/result/professor_followup_analysis/final_comparison/jobs/followup_seed-303_strategy-random/job_state.json
303,random,Trajectories/2022-02-04/063_RR220204A_165C_0215-03.bmp || Trajectories/2022-04-11/376_RR220411A_620C_1938.bmp,19,,,36.048088223385136,/content/quantum rheed codex/result/professor_followup_analysis/final_comparison/jobs/followup_seed-303_strategy-random/job_state.json
303,random,Trajectories/2022-02-04/044_RR220204A_348C_0157.bmp || Trajectories/2022-02-04/059_RR220204A_180C_0211.bmp,7,,,32.33645050650825,/content/quantum rheed codex/result/professor_followup_analysis/final_comparison/jobs/followup_seed-303_strategy-random/job_state.json
303,random,Trajectories/2022-02-06/191_RR220206A_960C_2056.bmp || Trajectories/2022-04-11/286_RR220411A_906C_1837.bmp,0,,,30.99254633459571,/content/quantum rheed codex/result/professor_followup_analysis/final_comparison/jobs/followup_seed-303_strategy-random/job_state.json
303,random,Trajectories/2022-04-11/278_RR220411A_932C_1829.bmp || Trajectories/2022-04-11/386_RR220411A_580C_1943.bmp,3,,,38.181024837814284,/content/quantum rheed codex/result/professor_followup_analysis/final_comparison/jobs/followup_seed-303_strategy-random/job_state.json
303,random,Trajectories/2022-02-06/095_RR220206A_614C_1835.bmp || Trajectories/2022-02-06/195_RR220206A_944C_2101.bmp,9,,,27.52884022366446,/content/quantum rheed codex/result/professor_followup_analysis/final_comparison/jobs/followup_seed-303_strategy-random/job_state.json
303,random,Trajectories/2022-02-06/137_RR220206A_982C_1937.bmp || Trajectories/2022-04-11/191_RR220411A_821C_1704.bmp,16,,,33.45344255524431,/content/quantum rheed codex/result/professor_followup_analysis/final_comparison/jobs/followup_seed-303_strategy-random/job_state.json
303,random,Trajectories/2022-02-06/037_RR220206A_165C_1722.bmp || Trajectories/2022-04-11/219_RR220411A_865C_1720.bmp,1,,,36.694650671425,/content/quantum rheed codex/result/professor_followup_analysis/final_comparison/jobs/followup_seed-303_strategy-random/job_state.json
303,random,Trajectories/2022-02-04/300_RR220204A_881C_2018.bmp || Trajectories/2022-02-06/195_RR220206A_944C_2101.bmp,2,,,20.853167944479004,/content/quantum rheed codex/result/professor_followup_analysis/final_comparison/jobs/followup_seed-303_strategy-random/job_state.json
303,random,Trajectories/2022-02-04/241_RR220204A_736C_1911.bmp || Trajectories/2022-04-11/064_RR220411A_413C_1511.bmp,18,,,31.0304506409612,/content/quantum rheed codex/result/professor_followup_analysis/final_comparison/jobs/followup_seed-303_strategy-random/job_state.json
303,random,Trajectories/2022-02-04/170_RR220204A_536C_1818.bmp || Trajectories/2022-02-06/230_RR220206A_767C_2143.bmp,16,,,33.507570092378494,/content/quantum rheed codex/result/professor_followup_analysis/final_comparison/jobs/followup_seed-303_strategy-random/job_state.json
303,random,Trajectories/2022-02-04/338_RR220204A_940C_2108.bmp || Trajectories/2022-04-11/354_RR220411A_693C_1924.bmp,19,,,34.64678132203409,/content/quantum rheed codex/result/professor_followup_analysis/final_comparison/jobs/followup_seed-303_strategy-random/job_state.json
303,random,Trajectories/2022-02-04/221_RR220204A_666C_1854.bmp || Trajectories/2022-04-11/358_RR220411A_677C_1926.bmp,3,,,37.63640168996477,/content/quantum rheed codex/result/professor_followup_analysis/final_comparison/jobs/followup_seed-303_strategy-random/job_state.json
303,random,Trajectories/2022-04-11/246_RR220411A_915C_1741.bmp || Trajectories/2022-04-11/258_RR220411A_932C_1751.bmp,3,,,38.759411661015065,/content/quantum rheed codex/result/professor_followup_analysis/final_comparison/jobs/followup_seed-303_strategy-random/job_state.json
303,random,Trajectories/2022-02-04/295_RR220204A_882C_2015.bmp || Trajectories/2022-02-06/117_RR220206A_844C_1915.bmp,14,,,24.258727824567483,/content/quantum rheed codex/result/professor_followup_analysis/final_comparison/jobs/followup_seed-303_strategy-random/job_state.json
303,random,Trajectories/2022-02-06/057_RR220206A_249C_1744.bmp || Trajectories/2022-02-06/154_RR220206A_1092C_2003-02.bmp,17,,,29.95162226791626,/content/quantum rheed codex/result/professor_followup_analysis/final_comparison/jobs/followup_seed-303_strategy-random/job_state.json
303,random,Trajectories/2022-02-04/205_RR220204A_642C_1839-02.bmp || Trajectories/2022-02-04/337_RR220204A_938C_2106.bmp,7,,,33.82630699934701,/content/quantum rheed codex/result/professor_followup_analysis/final_comparison/jobs/followup_seed-303_strategy-random/job_state.json
303,random,Trajectories/2022-02-04/007_RR220204A_931C_0051.bmp || Trajectories/2022-04-11/291_RR220411A_888C_1840.bmp,7,,,33.162607599011714,/content/quantum rheed codex/result/professor_followup_analysis/final_comparison/jobs/followup_seed-303_strategy-random/job_state.json
303,random,Trajectories/2022-02-04/097_RR220204A_405C_1727.bmp || Trajectories/2022-04-11/383_RR220411A_597C_1941.bmp,5,,,41.53096368356607,/content/quantum rheed codex/result/professor_followup_analysis/final_comparison/jobs/followup_seed-303_strategy-random/job_state.json
303,random,Trajectories/2022-02-06/095_RR220206A_614C_1835.bmp || Trajectories/2022-02-06/247_RR220206A_657C_2207.bmp,9,,,28.448348635109873,/content/quantum rheed codex/result/professor_followup_analysis/final_comparison/jobs/followup_seed-303_strategy-random/job_state.json
303,random,Trajectories/2022-04-11/111_RR220411A_536C_1546.bmp || Trajectories/2022-04-11/175_RR220411A_765C_1645.bmp,15,,,34.27642662214839,/content/quantum rheed codex/result/professor_followup_analysis/final_comparison/jobs/followup_seed-303_strategy-random/job_state.json
303,random,Trajectories/2022-02-04/287_RR220204A_851C_2008.bmp || Trajectories/2022-04-11/409_RR220411A_474C_1953.bmp,8,,,28.639036543586908,/content/quantum rheed codex/result/professor_followup_analysis/final_comparison/jobs/followup_seed-303_strategy-random/job_state.json
303,random,Trajectories/2022-02-04/147_RR220204A_486C_1804.bmp || Trajectories/2022-04-11/363_RR220411A_661C_1929.bmp,5,,,41.03969224704764,/content/quantum rheed codex/result/professor_followup_analysis/final_comparison/jobs/followup_seed-303_strategy-random/job_state.json
303,random,Trajectories/2022-04-11/001_RR220411A_180C_1417-01.bmp || Trajectories/2022-04-11/051_RR220411A_370C_1500.bmp,13,,,28.499460959323763,/content/quantum rheed codex/result/professor_followup_analysis/final_comparison/jobs/followup_seed-303_strategy-random/job_state.json
303,random,Trajectories/2022-02-04/281_RR220204A_806C_2000.bmp || Trajectories/2022-04-11/322_RR220411A_818C_1902.bmp,8,,,28.168341075924236,/content/quantum rheed codex/result/professor_followup_analysis/final_comparison/jobs/followup_seed-303_strategy-random/job_state.json
303,random,Trajectories/2022-02-04/085_RR220204A_378C_1720.bmp || Trajectories/2022-02-04/328_RR220204A_946C_2053.bmp,19,,,36.99312330449696,/content/quantum rheed codex/result/professor_followup_analysis/final_comparison/jobs/followup_seed-303_strategy-random/job_state.json
303,random,Trajectories/2022-04-11/100_RR220411A_492C_1537.bmp || Trajectories/2022-04-11/363_RR220411A_661C_1929.bmp,1,,,36.668981243685145,/content/quantum rheed codex/result/professor_followup_analysis/final_comparison/jobs/followup_seed-303_strategy-random/job_state.json
303,random,Trajectories/2022-02-04/037_RR220204A_579C_0146.bmp || Trajectories/2022-02-06/265_RR220206A_498C_2232.bmp,16,,,32.40612701062561,/content/quantum rheed codex/result/professor_followup_analysis/final_comparison/jobs/followup_seed-303_strategy-random/job_state.json
303,random,Trajectories/2022-02-04/003_RR220204A_932C_0017.bmp || Trajectories/2022-04-11/439_RR220411A_330C_2005.bmp,3,,,37.169931862853794,/content/quantum rheed codex/result/professor_followup_analysis/final_comparison/jobs/followup_seed-303_strategy-random/job_state.json
303,random,Trajectories/2022-02-04/295_RR220204A_882C_2015.bmp || Trajectories/2022-02-04/332_RR220204A_941C_2057.bmp,2,,,23.771341889061986,/content/quantum rheed codex/result/professor_followup_analysis/final_comparison/jobs/followup_seed-303_strategy-random/job_state.json
303,random,Trajectories/2022-02-04/093_RR220204A_397C_1722.bmp || Trajectories/2022-04-11/367_RR220411A_648C_1932.bmp,5,,,40.79714552166734,/content/quantum rheed codex/result/professor_followup_analysis/final_comparison/jobs/followup_seed-303_strategy-random/job_state.json
303,random,Trajectories/2022-02-04/194_RR220204A_610C_1832.bmp || Trajectories/2022-02-06/119_RR220206A_871C_1918.bmp,11,,,37.32917130227926,/content/quantum rheed codex/result/professor_followup_analysis/final_comparison/jobs/followup_seed-303_strategy-random/job_state.json
303,random,Trajectories/2022-02-06/124_RR220206A_894C_1924.bmp || Trajectories/2022-02-06/253_RR220206A_599C_2217.bmp,10,,,33.4518461353647,/content/quantum rheed codex/result/professor_followup_analysis/final_comparison/jobs/followup_seed-303_strategy-random/job_state.json
303,random,Trajectories/2022-02-04/024_RR220204A_927C_0130.bmp || Trajectories/2022-02-04/261_RR220204A_790C_1930.bmp,18,,,30.817535957526957,/content/quantum rheed codex/result/professor_followup_analysis/final_comparison/jobs/followup_seed-303_strategy-random/job_state.json
303,random,Trajectories/2022-02-06/036_RR220206A_165C_1721.bmp || Trajectories/2022-04-11/370_RR220411A_640C_1934.bmp,1,,,36.33969674819586,/content/quantum rheed codex/result/professor_followup_analysis/final_comparison/jobs/followup_seed-303_strategy-random/job_state.json
303,random,Trajectories/2022-02-06/125_RR220206A_887C_1925.bmp || Trajectories/2022-04-11/226_RR220411A_873C_1725.bmp,5,,,39.47997208497977,/content/quantum rheed codex/result/professor_followup_analysis/final_comparison/jobs/followup_seed-303_strategy-random/job_state.json
303,random,Trajectories/2022-02-06/048_RR220206A_175C_1736.bmp || Trajectories/2022-04-11/189_RR220411A_822C_1703.bmp,15,,,35.94259133615988,/content/quantum rheed codex/result/professor_followup_analysis/final_comparison/jobs/followup_seed-303_strategy-random/job_state.json
303,random,Trajectories/2022-04-11/183_RR220411A_794C_1655.bmp || Trajectories/2022-04-11/226_RR220411A_873C_1725.bmp,11,,,38.437329905991156,/content/quantum rheed codex/result/professor_followup_analysis/final_comparison/jobs/followup_seed-303_strategy-random/job_state.json
303,random,Trajectories/2022-02-04/139_RR220204A_470C_1758.bmp || Trajectories/2022-04-11/372_RR220411A_636C_1935.bmp,5,,,41.34467190118922,/content/quantum rheed codex/result/professor_followup_analysis/final_comparison/jobs/followup_seed-303_strategy-random/job_state.json
303,random,Trajectories/2022-02-04/049_RR220204A_218C_0201.bmp || Trajectories/2022-02-04/307_RR220204A_912C_2025.bmp,14,,,23.503268527085975,/content/quantum rheed codex/result/professor_followup_analysis/final_comparison/jobs/followup_seed-303_strategy-random/job_state.json
303,random,Trajectories/2022-02-04/229_RR220204A_696C_1901-02.bmp || Trajectories/2022-04-11/208_RR220411A_850C_1713-02.bmp,11,,,37.33233798414922,/content/quantum rheed codex/result/professor_followup_analysis/final_comparison/jobs/followup_seed-303_strategy-random/job_state.json
303,random,Trajectories/2022-02-04/314_RR220204A_937C_2030.bmp || Trajectories/2022-04-11/081_RR220411A_453C_1523.bmp,14,,,23.432917793675873,/content/quantum rheed codex/result/professor_followup_analysis/final_comparison/jobs/followup_seed-303_strategy-random/job_state.json
303,random,Trajectories/2022-02-04/206_RR220204A_641C_1841.bmp || Trajectories/2022-02-06/187_RR220206A_985C_2051.bmp,0,,,31.481096398881977,/content/quantum rheed codex/result/professor_followup_analysis/final_comparison/jobs/followup_seed-303_strategy-random/job_state.json
303,random,Trajectories/2022-02-04/106_RR220204A_430C_1736.bmp || Trajectories/2022-02-04/347_RR220204A_954C_2124.bmp,7,,,32.71041465124542,/content/quantum rheed codex/result/professor_followup_analysis/final_comparison/jobs/followup_seed-303_strategy-random/job_state.json
303,random,Trajectories/2022-04-11/320_RR220411A_824C_1901.bmp || Trajectories/2022-04-11/332_RR220411A_756C_1911.bmp,3,,,39.01170171749002,/content/quantum rheed codex/result/professor_followup_analysis/final_comparison/jobs/followup_seed-303_strategy-random/job_state.json
303,random,Trajectories/2022-02-04/106_RR220204A_430C_1736.bmp || Trajectories/2022-02-06/151_RR220206A_1077C_2001-01.bmp,16,,,33.97295997054253,/content/quantum rheed codex/result/professor_followup_analysis/final_comparison/jobs/followup_seed-303_strategy-random/job_state.json
303,random,Trajectories/2022-02-04/076_RR220204A_299C_1713.bmp || Trajectories/2022-02-04/080_RR220204A_301C_1718.bmp,5,,,41.42081420893806,/content/quantum rheed codex/result/professor_followup_analysis/final_comparison/jobs/followup_seed-303_strategy-random/job_state.json
303,random,Trajectories/2022-04-11/397_RR220411A_528C_1948.bmp || Trajectories/2022-04-11/443_RR220411A_303C_2007.bmp,5,,,41.935575375500385,/content/quantum rheed codex/result/professor_followup_analysis/final_comparison/jobs/followup_seed-303_strategy-random/job_state.json
303,random,Trajectories/2022-02-06/104_RR220206A_734C_1847.bmp || Trajectories/2022-02-06/207_RR220206A_875C_2114.bmp,9,,,27.726844365700398,/content/quantum rheed codex/result/professor_followup_analysis/final_comparison/jobs/followup_seed-303_strategy-random/job_state.json
303,random,Trajectories/2022-02-04/128_RR220204A_459C_1753.bmp || Trajectories/2022-02-04/380_RR220204A_937C_2323.bmp,5,,,39.701470833458956,/content/quantum rheed codex/result/professor_followup_analysis/final_comparison/jobs/followup_seed-303_strategy-random/job_state.json
303,random,Trajectories/2022-04-11/267_RR220411A_953C_1800.bmp || Trajectories/2022-04-11/271_RR220411A_951C_1811.bmp,19,,,35.06363741377798,/content/quantum rheed codex/result/professor_followup_analysis/final_comparison/jobs/followup_seed-303_strategy-random/job_state.json
303,random,Trajectories/2022-02-04/132_RR220204A_468C_1754.bmp || Trajectories/2022-04-11/246_RR220411A_915C_1741.bmp,5,,,40.73777830937675,/content/quantum rheed codex/result/professor_followup_analysis/final_comparison/jobs/followup_seed-303_strategy-random/job_state.json
303,random,Trajectories/2022-04-11/053_RR220411A_374C_1502.bmp || Trajectories/2022-04-11/156_RR220411A_699C_1628.bmp,4,,,32.01425313184714,/content/quantum rheed codex/result/professor_followup_analysis/final_comparison/jobs/followup_seed-303_strategy-random/job_state.json
303,random,Trajectories/2022-02-06/213_RR220206A_849C_2121.bmp || Trajectories/2022-04-11/104_RR220411A_501C_1540.bmp,17,,,29.777960838994755,/content/quantum rheed codex/result/professor_followup_analysis/final_comparison/jobs/followup_seed-303_strategy-random/job_state.json
303,random,Trajectories/2022-02-04/139_RR220204A_470C_1758.bmp || Trajectories/2022-04-11/094_RR220411A_484C_1532.bmp,1,,,37.44696760367751,/content/quantum rheed codex/result/professor_followup_analysis/final_comparison/jobs/followup_seed-303_strategy-random/job_state.json
303,random,Trajectories/2022-02-06/203_RR220206A_876C_2110-01.bmp || Trajectories/2022-04-11/394_RR220411A_546C_1946.bmp,10,,,33.61655948893845,/content/quantum rheed codex/result/professor_followup_analysis/final_comparison/jobs/followup_seed-303_strategy-random/job_state.json
303,random,Trajectories/2022-04-11/108_RR220411A_507C_1543.bmp || Trajectories/2022-04-11/379_RR220411A_614C_1940.bmp,1,,,37.09254529712946,/content/quantum rheed codex/result/professor_followup_analysis/final_comparison/jobs/followup_seed-303_strategy-random/job_state.json
303,random,Trajectories/2022-02-04/239_RR220204A_720C_1910.bmp || Trajectories/2022-04-11/154_RR220411A_696C_1624.bmp,12,,,33.15505319867447,/content/quantum rheed codex/result/professor_followup_analysis/final_comparison/jobs/followup_seed-303_strategy-random/job_state.json
303,random,Trajectories/2022-02-06/189_RR220206A_971C_2054-01.bmp || Trajectories/2022-04-11/286_RR220411A_906C_1837.bmp,0,,,31.000581605915773,/content/quantum rheed codex/result/professor_followup_analysis/final_comparison/jobs/followup_seed-303_strategy-random/job_state.json
303,random,Trajectories/2022-04-11/227_RR220411A_877C_1726.bmp || Trajectories/2022-04-11/323_RR220411A_816C_1903.bmp,5,,,39.7803224581024,/content/quantum rheed codex/result/professor_followup_analysis/final_comparison/jobs/followup_seed-303_strategy-random/job_state.json
202,uncertainty_diversity,Trajectories/2022-02-06/095_RR220206A_614C_1835.bmp || Trajectories/2022-02-06/195_RR220206A_944C_2101.bmp,4,,0.6904175877571106,22.645374935266197,/content/quantum rheed codex/result/professor_followup_analysis/final_comparison/jobs/followup_seed-202_strategy-uncertainty_diversity/job_state.json
202,uncertainty_diversity,Trajectories/2022-04-11/267_RR220411A_953C_1800.bmp || Trajectories/2022-04-11/271_RR220411A_951C_1811.bmp,0,,0.6930187344551086,23.70566960437566,/content/quantum rheed codex/result/professor_followup_analysis/final_comparison/jobs/followup_seed-202_strategy-uncertainty_diversity/job_state.json
202,uncertainty_diversity,Trajectories/2022-04-11/397_RR220411A_528C_1948.bmp || Trajectories/2022-04-11/443_RR220411A_303C_2007.bmp,10,,0.6844555139541626,55.526203011744656,/content/quantum rheed codex/result/professor_followup_analysis/final_comparison/jobs/followup_seed-202_strategy-uncertainty_diversity/job_state.json
202,uncertainty_diversity,Trajectories/2022-02-04/266_RR220204A_783C_1938.bmp || Trajectories/2022-02-04/356_RR220204A_949C_2144.bmp,3,,0.6900659799575806,32.06072236551072,/content/quantum rheed codex/result/professor_followup_analysis/final_comparison/jobs/followup_seed-202_strategy-uncertainty_diversity/job_state.json
202,uncertainty_diversity,Trajectories/2022-04-11/343_RR220411A_722C_1918.bmp || Trajectories/2022-04-11/374_RR220411A_625C_1937.bmp,2,,0.6826462149620056,41.18334450800941,/content/quantum rheed codex/result/professor_followup_analysis/final_comparison/jobs/followup_seed-202_strategy-uncertainty_diversity/job_state.json
202,uncertainty_diversity,Trajectories/2022-02-04/303_RR220204A_917C_2021.bmp || Trajectories/2022-04-11/226_RR220411A_873C_1725.bmp,12,,0.6887329816818237,26.982976347208957,/content/quantum rheed codex/result/professor_followup_analysis/final_comparison/jobs/followup_seed-202_strategy-uncertainty_diversity/job_state.json
202,uncertainty_diversity,Trajectories/2022-02-04/037_RR220204A_579C_0146.bmp || Trajectories/2022-02-04/074_RR220204A_297C_1711.bmp,3,,0.6766541004180908,27.361488387784952,/content/quantum rheed codex/result/professor_followup_analysis/final_comparison/jobs/followup_seed-202_strategy-uncertainty_diversity/job_state.json
202,uncertainty_diversity,Trajectories/2022-02-06/129_RR220206A_912C_1929.bmp || Trajectories/2022-04-11/217_RR220411A_857C_1718.bmp,0,,0.6845601201057434,23.78676556408082,/content/quantum rheed codex/result/professor_followup_analysis/final_comparison/jobs/followup_seed-202_strategy-uncertainty_diversity/job_state.json
202,uncertainty_diversity,Trajectories/2022-02-04/309_RR220204A_911C_2027.bmp || Trajectories/2022-02-04/361_RR220204A_947C_2156.bmp,3,,0.6902751922607422,29.000703457924317,/content/quantum rheed codex/result/professor_followup_analysis/final_comparison/jobs/followup_seed-202_strategy-uncertainty_diversity/job_state.json
202,uncertainty_diversity,Trajectories/2022-04-11/320_RR220411A_824C_1901.bmp || Trajectories/2022-04-11/332_RR220411A_756C_1911.bmp,9,,0.6772786974906921,32.299743666742444,/content/quantum rheed codex/result/professor_followup_analysis/final_comparison/jobs/followup_seed-202_strategy-uncertainty_diversity/job_state.json
202,uncertainty_diversity,Trajectories/2022-02-06/016_RR220206A_165C_1704-03.bmp || Trajectories/2022-04-11/011_RR220411A_219C_1424.bmp,6,,0.6922709345817566,21.97807904171447,/content/quantum rheed codex/result/professor_followup_analysis/final_comparison/jobs/followup_seed-202_strategy-uncertainty_diversity/job_state.json
202,uncertainty_diversity,Trajectories/2022-02-06/125_RR220206A_887C_1925.bmp || Trajectories/2022-04-11/313_RR220411A_839C_1856.bmp,0,,0.664408802986145,25.896168076105155,/content/quantum rheed codex/result/professor_followup_analysis/final_comparison/jobs/followup_seed-202_strategy-uncertainty_diversity/job_state.json
202,uncertainty_diversity,Trajectories/2022-04-11/246_RR220411A_915C_1741.bmp || Trajectories/2022-04-11/258_RR220411A_932C_1751.bmp,12,,0.6931307315826416,27.662681759280296,/content/quantum rheed codex/result/professor_followup_analysis/final_comparison/jobs/followup_seed-202_strategy-uncertainty_diversity/job_state.json
202,uncertainty_diversity,Trajectories/2022-02-04/021_RR220204A_981C_0126-03.bmp || Trajectories/2022-04-11/225_RR220411A_873C_1724.bmp,0,,0.6904947757720947,25.345510500211613,/content/quantum rheed codex/result/professor_followup_analysis/final_comparison/jobs/followup_seed-202_strategy-uncertainty_diversity/job_state.json
202,uncertainty_diversity,Trajectories/2022-02-04/148_RR220204A_480C_1804.bmp || Trajectories/2022-04-11/313_RR220411A_839C_1856.bmp,11,,0.674429714679718,29.892881779575944,/content/quantum rheed codex/result/professor_followup_analysis/final_comparison/jobs/followup_seed-202_strategy-uncertainty_diversity/job_state.json
202,uncertainty_diversity,Trajectories/2022-02-04/076_RR220204A_299C_1713.bmp || Trajectories/2022-02-04/080_RR220204A_301C_1718.bmp,3,,0.6931341290473938,30.8741938397879,/content/quantum rheed codex/result/professor_followup_analysis/final_comparison/jobs/followup_seed-202_strategy-uncertainty_diversity/job_state.json
202,uncertainty_diversity,Trajectories/2022-02-04/048_RR220204A_245C_0201.bmp || Trajectories/2022-04-11/183_RR220411A_794C_1655.bmp,8,,0.657569408416748,21.847170114810787,/content/quantum rheed codex/result/professor_followup_analysis/final_comparison/jobs/followup_seed-202_strategy-uncertainty_diversity/job_state.json
202,uncertainty_diversity,Trajectories/2022-02-06/163_RR220206A_1105C_2015.bmp || Trajectories/2022-02-06/249_RR220206A_638C_2210.bmp,4,,0.6907659769058228,21.909634946848787,/content/quantum rheed codex/result/professor_followup_analysis/final_comparison/jobs/followup_seed-202_strategy-uncertainty_diversity/job_state.json
202,uncertainty_diversity,Trajectories/2022-04-11/141_RR220411A_656C_1613.bmp || Trajectories/2022-04-11/203_RR220411A_843C_1711-03.bmp,8,,0.6673826575279236,21.939955771594956,/content/quantum rheed codex/result/professor_followup_analysis/final_comparison/jobs/followup_seed-202_strategy-uncertainty_diversity/job_state.json
202,uncertainty_diversity,Trajectories/2022-04-11/323_RR220411A_816C_1903.bmp || Trajectories/2022-04-11/366_RR220411A_654C_1930.bmp,2,,0.644044816493988,36.529906914904004,/content/quantum rheed codex/result/professor_followup_analysis/final_comparison/jobs/followup_seed-202_strategy-uncertainty_diversity/job_state.json
202,uncertainty_diversity,Trajectories/2022-02-04/129_RR220204A_465C_1753.bmp || Trajectories/2022-04-11/243_RR220411A_909C_1739.bmp,12,,0.6877942085266113,29.07999387835386,/content/quantum rheed codex/result/professor_followup_analysis/final_comparison/jobs/followup_seed-202_strategy-uncertainty_diversity/job_state.json
202,uncertainty_diversity,Trajectories/2022-02-04/024_RR220204A_927C_0130.bmp || Trajectories/2022-02-04/261_RR220204A_790C_1930.bmp,16,,0.6763823628425598,29.019150391623104,/content/quantum rheed codex/result/professor_followup_analysis/final_comparison/jobs/followup_seed-202_strategy-uncertainty_diversity/job_state.json
202,uncertainty_diversity,Trajectories/2022-02-04/281_RR220204A_806C_2000.bmp || Trajectories/2022-04-11/322_RR220411A_818C_1902.bmp,11,,0.6758739352226257,31.314753202220505,/content/quantum rheed codex/result/professor_followup_analysis/final_comparison/jobs/followup_seed-202_strategy-uncertainty_diversity/job_state.json
202,uncertainty_diversity,Trajectories/2022-02-04/048_RR220204A_245C_0201.bmp || Trajectories/2022-02-04/192_RR220204A_607C_1831.bmp,16,,0.6771911382675171,26.89520655784793,/content/quantum rheed codex/result/professor_followup_analysis/final_comparison/jobs/followup_seed-202_strategy-uncertainty_diversity/job_state.json
202,uncertainty_diversity,Trajectories/2022-02-04/029_RR220204A_808C_0135.bmp || Trajectories/2022-02-04/242_RR220204A_720C_1911.bmp,3,,0.6829246878623962,30.224793149231314,/content/quantum rheed codex/result/professor_followup_analysis/final_comparison/jobs/followup_seed-202_strategy-uncertainty_diversity/job_state.json
202,uncertainty_diversity,Trajectories/2022-02-04/319_RR220204A_918C_2037.bmp || Trajectories/2022-02-04/354_RR220204A_951C_2141.bmp,18,,0.6915912628173828,31.96586814113138,/content/quantum rheed codex/result/professor_followup_analysis/final_comparison/jobs/followup_seed-202_strategy-uncertainty_diversity/job_state.json
202,uncertainty_diversity,Trajectories/2022-04-11/203_RR220411A_843C_1711-03.bmp || Trajectories/2022-04-11/284_RR220411A_912C_1835.bmp,0,,0.6828986406326294,24.293641081202164,/content/quantum rheed codex/result/professor_followup_analysis/final_comparison/jobs/followup_seed-202_strategy-uncertainty_diversity/job_state.json
202,uncertainty_diversity,Trajectories/2022-02-04/209_RR220204A_637C_1845.bmp || Trajectories/2022-02-04/213_RR220204A_668C_1847.bmp,3,,0.6931374669075012,32.09859269448398,/content/quantum rheed codex/result/professor_followup_analysis/final_comparison/jobs/followup_seed-202_strategy-uncertainty_diversity/job_state.json
202,uncertainty_diversity,Trajectories/2022-04-11/053_RR220411A_374C_1502.bmp || Trajectories/2022-04-11/156_RR220411A_699C_1628.bmp,6,,0.6885216236114502,20.744852777777044,/content/quantum rheed codex/result/professor_followup_analysis/final_comparison/jobs/followup_seed-202_strategy-uncertainty_diversity/job_state.json
202,uncertainty_diversity,Trajectories/2022-02-04/117_RR220204A_445C_1740.bmp || Trajectories/2022-02-06/123_RR220206A_894C_1923.bmp,16,,0.6599237322807312,26.451822207848345,/content/quantum rheed codex/result/professor_followup_analysis/final_comparison/jobs/followup_seed-202_strategy-uncertainty_diversity/job_state.json
202,uncertainty_diversity,Trajectories/2022-02-04/079_RR220204A_301C_1717.bmp || Trajectories/2022-02-04/329_RR220204A_946C_2054.bmp,18,,0.6885548233985901,31.102395283489734,/content/quantum rheed codex/result/professor_followup_analysis/final_comparison/jobs/followup_seed-202_strategy-uncertainty_diversity/job_state.json
202,uncertainty_diversity,Trajectories/2022-02-06/095_RR220206A_614C_1835.bmp || Trajectories/2022-02-06/247_RR220206A_657C_2207.bmp,4,,0.691592812538147,21.911355857119663,/content/quantum rheed codex/result/professor_followup_analysis/final_comparison/jobs/followup_seed-202_strategy-uncertainty_diversity/job_state.json
202,uncertainty_diversity,Trajectories/2022-04-11/063_RR220411A_402C_1510.bmp || Trajectories/2022-04-11/268_RR220411A_952C_1801.bmp,17,,0.6312571167945862,20.771322289522523,/content/quantum rheed codex/result/professor_followup_analysis/final_comparison/jobs/followup_seed-202_strategy-uncertainty_diversity/job_state.json
202,uncertainty_diversity,Trajectories/2022-04-11/183_RR220411A_794C_1655.bmp || Trajectories/2022-04-11/226_RR220411A_873C_1725.bmp,8,,0.6426186561584473,22.68155389534915,/content/quantum rheed codex/result/professor_followup_analysis/final_comparison/jobs/followup_seed-202_strategy-uncertainty_diversity/job_state.json
202,uncertainty_diversity,Trajectories/2022-02-06/058_RR220206A_249C_1745.bmp || Trajectories/2022-04-11/178_RR220411A_774C_1649.bmp,6,,0.6923355460166931,20.765939458809626,/content/quantum rheed codex/result/professor_followup_analysis/final_comparison/jobs/followup_seed-202_strategy-uncertainty_diversity/job_state.json
202,uncertainty_diversity,Trajectories/2022-02-04/007_RR220204A_931C_0051.bmp || Trajectories/2022-04-11/291_RR220411A_888C_1840.bmp,12,,0.6810933947563171,29.057939895764807,/content/quantum rheed codex/result/professor_followup_analysis/final_comparison/jobs/followup_seed-202_strategy-uncertainty_diversity/job_state.json
202,uncertainty_diversity,Trajectories/2022-02-04/037_RR220204A_579C_0146.bmp || Trajectories/2022-02-06/265_RR220206A_498C_2232.bmp,15,,0.5988988280296326,20.653761668689626,/content/quantum rheed codex/result/professor_followup_analysis/final_comparison/jobs/followup_seed-202_strategy-uncertainty_diversity/job_state.json
202,uncertainty_diversity,Trajectories/2022-02-06/124_RR220206A_894C_1924.bmp || Trajectories/2022-02-06/253_RR220206A_599C_2217.bmp,15,,0.6146515011787415,20.770891862593125,/content/quantum rheed codex/result/professor_followup_analysis/final_comparison/jobs/followup_seed-202_strategy-uncertainty_diversity/job_state.json
202,uncertainty_diversity,Trajectories/2022-02-06/137_RR220206A_982C_1937.bmp || Trajectories/2022-04-11/191_RR220411A_821C_1704.bmp,15,,0.6589789986610413,20.97411265027684,/content/quantum rheed codex/result/professor_followup_analysis/final_comparison/jobs/followup_seed-202_strategy-uncertainty_diversity/job_state.json
202,uncertainty_diversity,Trajectories/2022-02-04/314_RR220204A_937C_2030.bmp || Trajectories/2022-04-11/081_RR220411A_453C_1523.bmp,8,,0.6332724690437317,21.659061430494347,/content/quantum rheed codex/result/professor_followup_analysis/final_comparison/jobs/followup_seed-202_strategy-uncertainty_diversity/job_state.json
202,uncertainty_diversity,Trajectories/2022-04-11/008_RR220411A_193C_1422.bmp || Trajectories/2022-04-11/093_RR220411A_482C_1531.bmp,6,,0.6854028105735779,20.57033633233567,/content/quantum rheed codex/result/professor_followup_analysis/final_comparison/jobs/followup_seed-202_strategy-uncertainty_diversity/job_state.json
202,uncertainty_diversity,Trajectories/2022-02-06/068_RR220206A_362C_1759.bmp || Trajectories/2022-04-11/030_RR220411A_291C_1437.bmp,6,,0.6853881478309631,20.326488054121086,/content/quantum rheed codex/result/professor_followup_analysis/final_comparison/jobs/followup_seed-202_strategy-uncertainty_diversity/job_state.json
202,uncertainty_diversity,Trajectories/2022-04-11/064_RR220411A_413C_1511.bmp || Trajectories/2022-04-11/138_RR220411A_635C_1610.bmp,6,,0.6893049478530884,20.462694341865873,/content/quantum rheed codex/result/professor_followup_analysis/final_comparison/jobs/followup_seed-202_strategy-uncertainty_diversity/job_state.json
202,uncertainty_diversity,Trajectories/2022-02-06/097_RR220206A_654C_1837.bmp || Trajectories/2022-04-11/067_RR220411A_416C_1513-02.bmp,6,,0.662571132183075,20.75821314615995,/content/quantum rheed codex/result/professor_followup_analysis/final_comparison/jobs/followup_seed-202_strategy-uncertainty_diversity/job_state.json
202,uncertainty_diversity,Trajectories/2022-02-04/085_RR220204A_378C_1720.bmp || Trajectories/2022-02-04/134_RR220204A_467C_1754-02.bmp,3,,0.6929987668991089,30.63528582719411,/content/quantum rheed codex/result/professor_followup_analysis/final_comparison/jobs/followup_seed-202_strategy-uncertainty_diversity/job_state.json
202,uncertainty_diversity,Trajectories/2022-02-04/020_RR220204A_981C_0126-02.bmp || Trajectories/2022-04-11/088_RR220411A_459C_1527.bmp,8,,0.6473233103752136,22.085275576570066,/content/quantum rheed codex/result/professor_followup_analysis/final_comparison/jobs/followup_seed-202_strategy-uncertainty_diversity/job_state.json
202,uncertainty_diversity,Trajectories/2022-04-11/036_RR220411A_313C_1443.bmp || Trajectories/2022-04-11/072_RR220411A_429C_1516.bmp,6,,0.6902490854263306,20.266854711686946,/content/quantum rheed codex/result/professor_followup_analysis/final_comparison/jobs/followup_seed-202_strategy-uncertainty_diversity/job_state.json
202,uncertainty_diversity,Trajectories/2022-02-04/195_RR220204A_611C_1832.bmp || Trajectories/2022-02-04/320_RR220204A_915C_2039.bmp,18,,0.6745607852935791,31.82452791446565,/content/quantum rheed codex/result/professor_followup_analysis/final_comparison/jobs/followup_seed-202_strategy-uncertainty_diversity/job_state.json
202,uncertainty_diversity,Trajectories/2022-02-04/205_RR220204A_642C_1839-02.bmp || Trajectories/2022-02-04/337_RR220204A_938C_2106.bmp,18,,0.6831067800521851,31.597551335961278,/content/quantum rheed codex/result/professor_followup_analysis/final_comparison/jobs/followup_seed-202_strategy-uncertainty_diversity/job_state.json
202,uncertainty_diversity,Trajectories/2022-02-06/125_RR220206A_887C_1925.bmp || Trajectories/2022-04-11/226_RR220411A_873C_1725.bmp,0,,0.6832533478736877,24.292715011787084,/content/quantum rheed codex/result/professor_followup_analysis/final_comparison/jobs/followup_seed-202_strategy-uncertainty_diversity/job_state.json
202,uncertainty_diversity,Trajectories/2022-02-04/197_RR220204A_611C_1835.bmp || Trajectories/2022-04-11/233_RR220411A_889C_1731.bmp,12,,0.6843967437744141,28.902133470931624,/content/quantum rheed codex/result/professor_followup_analysis/final_comparison/jobs/followup_seed-202_strategy-uncertainty_diversity/job_state.json
202,uncertainty_diversity,Trajectories/2022-02-04/385_RR220204A_939C_2340.bmp || Trajectories/2022-04-11/237_RR220411A_901C_1735.bmp,12,,0.685405433177948,29.512864657499577,/content/quantum rheed codex/result/professor_followup_analysis/final_comparison/jobs/followup_seed-202_strategy-uncertainty_diversity/job_state.json
202,uncertainty_diversity,Trajectories/2022-02-04/085_RR220204A_378C_1720.bmp || Trajectories/2022-02-04/382_RR220204A_935C_2330.bmp,3,,0.6926528811454773,31.40165703882512,/content/quantum rheed codex/result/professor_followup_analysis/final_comparison/jobs/followup_seed-202_strategy-uncertainty_diversity/job_state.json
202,uncertainty_diversity,Trajectories/2022-02-04/229_RR220204A_696C_1901-02.bmp || Trajectories/2022-04-11/208_RR220411A_850C_1713-02.bmp,16,,0.6646246910095215,28.154322288795672,/content/quantum rheed codex/result/professor_followup_analysis/final_comparison/jobs/followup_seed-202_strategy-uncertainty_diversity/job_state.json
202,uncertainty_diversity,Trajectories/2022-02-04/085_RR220204A_378C_1720.bmp || Trajectories/2022-02-04/328_RR220204A_946C_2053.bmp,18,,0.6854538321495056,31.12761167683212,/content/quantum rheed codex/result/professor_followup_analysis/final_comparison/jobs/followup_seed-202_strategy-uncertainty_diversity/job_state.json
202,uncertainty_diversity,Trajectories/2022-02-06/104_RR220206A_734C_1847.bmp || Trajectories/2022-02-06/207_RR220206A_875C_2114.bmp,4,,0.6886562705039978,22.593642896604223,/content/quantum rheed codex/result/professor_followup_analysis/final_comparison/jobs/followup_seed-202_strategy-uncertainty_diversity/job_state.json
202,uncertainty_diversity,Trajectories/2022-02-04/131_RR220204A_466C_1754.bmp || Trajectories/2022-04-11/204_RR220411A_851C_1712.bmp,16,,0.6700031161308289,26.78536864492368,/content/quantum rheed codex/result/professor_followup_analysis/final_comparison/jobs/followup_seed-202_strategy-uncertainty_diversity/job_state.json
202,uncertainty_diversity,Trajectories/2022-04-11/238_RR220411A_905C_1736.bmp || Trajectories/2022-04-11/319_RR220411A_828C_1900.bmp,11,,0.681681215763092,28.712980997015404,/content/quantum rheed codex/result/professor_followup_analysis/final_comparison/jobs/followup_seed-202_strategy-uncertainty_diversity/job_state.json
202,uncertainty_diversity,Trajectories/2022-02-04/338_RR220204A_940C_2108.bmp || Trajectories/2022-04-11/354_RR220411A_693C_1924.bmp,9,,0.6270565390586853,34.812405769420884,/content/quantum rheed codex/result/professor_followup_analysis/final_comparison/jobs/followup_seed-202_strategy-uncertainty_diversity/job_state.json
202,uncertainty_diversity,Trajectories/2022-02-06/186_RR220206A_985C_2050.bmp || Trajectories/2022-02-06/251_RR220206A_619C_2214.bmp,4,,0.6875163316726685,21.905305910814324,/content/quantum rheed codex/result/professor_followup_analysis/final_comparison/jobs/followup_seed-202_strategy-uncertainty_diversity/job_state.json
202,uncertainty_diversity,Trajectories/2022-04-11/063_RR220411A_402C_1510.bmp || Trajectories/2022-04-11/131_RR220411A_606C_1603.bmp,6,,0.6876863837242126,20.424133675004573,/content/quantum rheed codex/result/professor_followup_analysis/final_comparison/jobs/followup_seed-202_strategy-uncertainty_diversity/job_state.json
202,uncertainty_diversity,Trajectories/2022-02-04/189_RR220204A_578C_1830.bmp || Trajectories/2022-02-04/341_RR220204A_937C_2114.bmp,18,,0.6839580535888672,31.19273274413676,/content/quantum rheed codex/result/professor_followup_analysis/final_comparison/jobs/followup_seed-202_strategy-uncertainty_diversity/job_state.json
202,uncertainty_diversity,Trajectories/2022-02-04/132_RR220204A_468C_1754.bmp || Trajectories/2022-04-11/246_RR220411A_915C_1741.bmp,12,,0.6872437596321106,29.146151527689433,/content/quantum rheed codex/result/professor_followup_analysis/final_comparison/jobs/followup_seed-202_strategy-uncertainty_diversity/job_state.json
202,uncertainty_diversity,Trajectories/2022-04-11/047_RR220411A_350C_1454.bmp || Trajectories/2022-04-11/186_RR220411A_805C_1658.bmp,6,,0.6772541999816895,20.958958678174593,/content/quantum rheed codex/result/professor_followup_analysis/final_comparison/jobs/followup_seed-202_strategy-uncertainty_diversity/job_state.json
202,uncertainty_diversity,Trajectories/2022-02-04/020_RR220204A_981C_0126-02.bmp || Trajectories/2022-02-04/133_RR220204A_467C_1754-01.bmp,16,,0.68279629945755,27.894521425197862,/content/quantum rheed codex/result/professor_followup_analysis/final_comparison/jobs/followup_seed-202_strategy-uncertainty_diversity/job_state.json
202,uncertainty_diversity,Trajectories/2022-02-04/148_RR220204A_480C_1804.bmp || Trajectories/2022-04-11/314_RR220411A_836C_1857.bmp,11,,0.6733510494232178,29.930429660759263,/content/quantum rheed codex/result/professor_followup_analysis/final_comparison/jobs/followup_seed-202_strategy-uncertainty_diversity/job_state.json
202,uncertainty_diversity,Trajectories/2022-02-04/317_RR220204A_935C_2033.bmp || Trajectories/2022-02-06/250_RR220206A_621C_2212.bmp,15,,0.5771451592445374,20.48434992991696,/content/quantum rheed codex/result/professor_followup_analysis/final_comparison/jobs/followup_seed-202_strategy-uncertainty_diversity/job_state.json
202,uncertainty_diversity,Trajectories/2022-02-04/334_RR220204A_939C_2101.bmp || Trajectories/2022-04-11/386_RR220411A_580C_1943.bmp,2,,0.5909938812255859,38.94060121271343,/content/quantum rheed codex/result/professor_followup_analysis/final_comparison/jobs/followup_seed-202_strategy-uncertainty_diversity/job_state.json
202,uncertainty_diversity,Trajectories/2022-04-11/013_RR220411A_223C_1424.bmp || Trajectories/2022-04-11/306_RR220411A_857C_1850.bmp,17,,0.5865669846534729,22.64489033001069,/content/quantum rheed codex/result/professor_followup_analysis/final_comparison/jobs/followup_seed-202_strategy-uncertainty_diversity/job_state.json
202,uncertainty_diversity,Trajectories/2022-02-04/194_RR220204A_610C_1832.bmp || Trajectories/2022-02-06/119_RR220206A_871C_1918.bmp,14,,0.5982133746147156,24.562753189399128,/content/quantum rheed codex/result/professor_followup_analysis/final_comparison/jobs/followup_seed-202_strategy-uncertainty_diversity/job_state.json
202,uncertainty_diversity,Trajectories/2022-02-06/037_RR220206A_165C_1722.bmp || Trajectories/2022-04-11/219_RR220411A_865C_1720.bmp,8,,0.6037057042121887,21.219775066427196,/content/quantum rheed codex/result/professor_followup_analysis/final_comparison/jobs/followup_seed-202_strategy-uncertainty_diversity/job_state.json
202,uncertainty_diversity,Trajectories/2022-02-06/090_RR220206A_568C_1828.bmp || Trajectories/2022-04-11/149_RR220411A_676C_1619.bmp,6,,0.6509193778038025,20.98382161304928,/content/quantum rheed codex/result/professor_followup_analysis/final_comparison/jobs/followup_seed-202_strategy-uncertainty_diversity/job_state.json
202,uncertainty_diversity,Trajectories/2022-04-11/069_RR220411A_428C_1515.bmp || Trajectories/2022-04-11/231_RR220411A_882C_1729.bmp,17,,0.6174570322036743,21.858627060870834,/content/quantum rheed codex/result/professor_followup_analysis/final_comparison/jobs/followup_seed-202_strategy-uncertainty_diversity/job_state.json
202,uncertainty_diversity,Trajectories/2022-02-04/013_RR220204A_949C_0119.bmp || Trajectories/2022-02-06/077_RR220206A_461C_1813.bmp,8,,0.5950908064842224,22.652469008571536,/content/quantum rheed codex/result/professor_followup_analysis/final_comparison/jobs/followup_seed-202_strategy-uncertainty_diversity/job_state.json
202,uncertainty_diversity,Trajectories/2022-02-04/235_RR220204A_725C_1905.bmp || Trajectories/2022-02-06/068_RR220206A_362C_1759.bmp,14,,0.5873973965644836,25.121710094915752,/content/quantum rheed codex/result/professor_followup_analysis/final_comparison/jobs/followup_seed-202_strategy-uncertainty_diversity/job_state.json
202,uncertainty_diversity,Trajectories/2022-02-04/287_RR220204A_851C_2008.bmp || Trajectories/2022-04-11/409_RR220411A_474C_1953.bmp,13,,0.5425581932067871,40.950012215352345,/content/quantum rheed codex/result/professor_followup_analysis/final_comparison/jobs/followup_seed-202_strategy-uncertainty_diversity/job_state.json
202,uncertainty_diversity,Trajectories/2022-02-04/262_RR220204A_793C_1932.bmp || Trajectories/2022-04-11/359_RR220411A_675C_1926.bmp,9,,0.5887060165405273,35.278476485644234,/content/quantum rheed codex/result/professor_followup_analysis/final_comparison/jobs/followup_seed-202_strategy-uncertainty_diversity/job_state.json
202,uncertainty_diversity,Trajectories/2022-04-11/066_RR220411A_416C_1513-01.bmp || Trajectories/2022-04-11/292_RR220411A_887C_1841.bmp,17,,0.6100406646728516,21.96315475310083,/content/quantum rheed codex/result/professor_followup_analysis/final_comparison/jobs/followup_seed-202_strategy-uncertainty_diversity/job_state.json
202,uncertainty_diversity,Trajectories/2022-02-06/213_RR220206A_849C_2121.bmp || Trajectories/2022-04-11/104_RR220411A_501C_1540.bmp,6,,0.623410701751709,20.45900950659901,/content/quantum rheed codex/result/professor_followup_analysis/final_comparison/jobs/followup_seed-202_strategy-uncertainty_diversity/job_state.json
202,uncertainty_diversity,Trajectories/2022-02-04/178_RR220204A_544C_1822.bmp || Trajectories/2022-04-11/013_RR220411A_223C_1424.bmp,14,,0.5739948749542236,23.84885087277908,/content/quantum rheed codex/result/professor_followup_analysis/final_comparison/jobs/followup_seed-202_strategy-uncertainty_diversity/job_state.json
202,uncertainty_diversity,Trajectories/2022-02-04/164_RR220204A_507C_1811.bmp || Trajectories/2022-02-06/074_RR220206A_430C_1809.bmp,14,,0.5920999646186829,23.77924860041451,/content/quantum rheed codex/result/professor_followup_analysis/final_comparison/jobs/followup_seed-202_strategy-uncertainty_diversity/job_state.json
202,uncertainty_diversity,Trajectories/2022-02-04/215_RR220204A_669C_1848.bmp || Trajectories/2022-04-11/120_RR220411A_555C_1553.bmp,14,,0.6047321557998657,25.30851725473029,/content/quantum rheed codex/result/professor_followup_analysis/final_comparison/jobs/followup_seed-202_strategy-uncertainty_diversity/job_state.json
202,uncertainty_diversity,Trajectories/2022-02-06/080_RR220206A_490C_1816.bmp || Trajectories/2022-04-11/234_RR220411A_888C_1732.bmp,17,,0.5860570073127747,21.784498949510105,/content/quantum rheed codex/result/professor_followup_analysis/final_comparison/jobs/followup_seed-202_strategy-uncertainty_diversity/job_state.json
202,uncertainty_diversity,Trajectories/2022-02-04/133_RR220204A_467C_1754-01.bmp || Trajectories/2022-04-11/088_RR220411A_459C_1527.bmp,14,,0.6071063876152039,23.95419696162436,/content/quantum rheed codex/result/professor_followup_analysis/final_comparison/jobs/followup_seed-202_strategy-uncertainty_diversity/job_state.json
202,uncertainty_diversity,Trajectories/2022-04-11/001_RR220411A_180C_1417-01.bmp || Trajectories/2022-04-11/321_RR220411A_823C_1901.bmp,17,,0.5866657495498657,23.399098511335318,/content/quantum rheed codex/result/professor_followup_analysis/final_comparison/jobs/followup_seed-202_strategy-uncertainty_diversity/job_state.json
202,uncertainty_diversity,Trajectories/2022-02-04/139_RR220204A_470C_1758.bmp || Trajectories/2022-04-11/094_RR220411A_484C_1532.bmp,14,,0.6109420657157898,24.114712840195164,/content/quantum rheed codex/result/professor_followup_analysis/final_comparison/jobs/followup_seed-202_strategy-uncertainty_diversity/job_state.json
202,uncertainty_diversity,Trajectories/2022-02-04/034_RR220204A_655C_0142.bmp || Trajectories/2022-02-06/272_RR220206A_424C_2242.bmp,15,,0.5859808325767517,21.290913017057804,/content/quantum rheed codex/result/professor_followup_analysis/final_comparison/jobs/followup_seed-202_strategy-uncertainty_diversity/job_state.json
202,uncertainty_diversity,Trajectories/2022-02-04/221_RR220204A_666C_1854.bmp || Trajectories/2022-04-11/358_RR220411A_677C_1926.bmp,9,,0.5790344476699829,35.22847098334539,/content/quantum rheed codex/result/professor_followup_analysis/final_comparison/jobs/followup_seed-202_strategy-uncertainty_diversity/job_state.json
202,uncertainty_diversity,Trajectories/2022-02-04/184_RR220204A_576C_1826.bmp || Trajectories/2022-04-11/147_RR220411A_671C_1617.bmp,14,,0.6053923964500427,24.37903926029371,/content/quantum rheed codex/result/professor_followup_analysis/final_comparison/jobs/followup_seed-202_strategy-uncertainty_diversity/job_state.json
202,uncertainty_diversity,Trajectories/2022-02-04/295_RR220204A_882C_2015.bmp || Trajectories/2022-02-06/117_RR220206A_844C_1915.bmp,1,,0.5545462965965271,23.569199025086114,/content/quantum rheed codex/result/professor_followup_analysis/final_comparison/jobs/followup_seed-202_strategy-uncertainty_diversity/job_state.json
202,uncertainty_diversity,Trajectories/2022-02-06/180_RR220206A_1031C_2041.bmp || Trajectories/2022-04-11/277_RR220411A_936C_1828.bmp,15,,0.5493237972259521,20.806576181586845,/content/quantum rheed codex/result/professor_followup_analysis/final_comparison/jobs/followup_seed-202_strategy-uncertainty_diversity/job_state.json
202,uncertainty_diversity,Trajectories/2022-02-04/239_RR220204A_720C_1910.bmp || Trajectories/2022-04-11/154_RR220411A_696C_1624.bmp,14,,0.5804123878479004,25.36345840421267,/content/quantum rheed codex/result/professor_followup_analysis/final_comparison/jobs/followup_seed-202_strategy-uncertainty_diversity/job_state.json
202,uncertainty_diversity,Trajectories/2022-02-04/152_RR220204A_488C_1805-02.bmp || Trajectories/2022-04-11/173_RR220411A_755C_1643.bmp,14,,0.5939413905143738,24.20827693052081,/content/quantum rheed codex/result/professor_followup_analysis/final_comparison/jobs/followup_seed-202_strategy-uncertainty_diversity/job_state.json
202,uncertainty_diversity,Trajectories/2022-02-04/194_RR220204A_610C_1832.bmp || Trajectories/2022-04-11/163_RR220411A_715C_1634.bmp,14,,0.5954446196556091,24.513563427303424,/content/quantum rheed codex/result/professor_followup_analysis/final_comparison/jobs/followup_seed-202_strategy-uncertainty_diversity/job_state.json
202,uncertainty_diversity,Trajectories/2022-02-04/174_RR220204A_527C_1818.bmp || Trajectories/2022-04-11/164_RR220411A_724C_1635.bmp,14,,0.5949073433876038,24.187989909492742,/content/quantum rheed codex/result/professor_followup_analysis/final_comparison/jobs/followup_seed-202_strategy-uncertainty_diversity/job_state.json
202,uncertainty_diversity,Trajectories/2022-02-04/300_RR220204A_881C_2018.bmp || Trajectories/2022-02-06/195_RR220206A_944C_2101.bmp,1,,0.5057227611541748,23.019700487081032,/content/quantum rheed codex/result/professor_followup_analysis/final_comparison/jobs/followup_seed-202_strategy-uncertainty_diversity/job_state.json
202,uncertainty_diversity,Trajectories/2022-02-04/241_RR220204A_736C_1911.bmp || Trajectories/2022-04-11/064_RR220411A_413C_1511.bmp,14,,0.564827561378479,24.55871041280482,/content/quantum rheed codex/result/professor_followup_analysis/final_comparison/jobs/followup_seed-202_strategy-uncertainty_diversity/job_state.json
202,uncertainty_diversity,Trajectories/2022-04-11/108_RR220411A_507C_1543.bmp || Trajectories/2022-04-11/379_RR220411A_614C_1940.bmp,7,,0.4800029695034027,30.203126668843193,/content/quantum rheed codex/result/professor_followup_analysis/final_comparison/jobs/followup_seed-202_strategy-uncertainty_diversity/job_state.json
202,uncertainty_diversity,Trajectories/2022-02-04/253_RR220204A_782C_1923.bmp || Trajectories/2022-02-06/262_RR220206A_540C_2228.bmp,1,,0.5320895314216614,23.803692721977942,/content/quantum rheed codex/result/professor_followup_analysis/final_comparison/jobs/followup_seed-202_strategy-uncertainty_diversity/job_state.json
202,uncertainty_diversity,Trajectories/2022-02-04/230_RR220204A_695C_1902.bmp || Trajectories/2022-02-06/074_RR220206A_430C_1809.bmp,14,,0.575667679309845,24.75746651813656,/content/quantum rheed codex/result/professor_followup_analysis/final_comparison/jobs/followup_seed-202_strategy-uncertainty_diversity/job_state.json
303,cluster_diverse,Trajectories/2022-02-04/001_RR220204A_933C_0006.bmp || Trajectories/2022-02-06/230_RR220206A_767C_2143.bmp,0,,0.6846835017204285,29.821265219901804,/content/quantum rheed codex/result/professor_followup_analysis/final_comparison/jobs/followup_seed-303_strategy-cluster_diverse/job_state.json
303,cluster_diverse,Trajectories/2022-02-06/180_RR220206A_1031C_2041.bmp || Trajectories/2022-04-11/277_RR220411A_936C_1828.bmp,0,,0.6785973906517029,30.17943749763316,/content/quantum rheed codex/result/professor_followup_analysis/final_comparison/jobs/followup_seed-303_strategy-cluster_diverse/job_state.json
303,cluster_diverse,Trajectories/2022-02-04/385_RR220204A_939C_2340.bmp || Trajectories/2022-02-06/171_RR220206A_1085C_2027.bmp,0,,0.6771664619445801,30.633310114143985,/content/quantum rheed codex/result/professor_followup_analysis/final_comparison/jobs/followup_seed-303_strategy-cluster_diverse/job_state.json
303,cluster_diverse,Trajectories/2022-02-06/189_RR220206A_971C_2054-01.bmp || Trajectories/2022-04-11/286_RR220411A_906C_1837.bmp,0,,0.6737451553344727,31.000581605915773,/content/quantum rheed codex/result/professor_followup_analysis/final_comparison/jobs/followup_seed-303_strategy-cluster_diverse/job_state.json
303,cluster_diverse,Trajectories/2022-02-06/191_RR220206A_960C_2056.bmp || Trajectories/2022-04-11/286_RR220411A_906C_1837.bmp,0,,0.6735936999320984,30.99254633459571,/content/quantum rheed codex/result/professor_followup_analysis/final_comparison/jobs/followup_seed-303_strategy-cluster_diverse/job_state.json
303,cluster_diverse,Trajectories/2022-02-04/206_RR220204A_641C_1841.bmp || Trajectories/2022-02-06/187_RR220206A_985C_2051.bmp,0,,0.6723958253860474,31.481096398881977,/content/quantum rheed codex/result/professor_followup_analysis/final_comparison/jobs/followup_seed-303_strategy-cluster_diverse/job_state.json
303,cluster_diverse,Trajectories/2022-02-06/194_RR220206A_962C_2059.bmp || Trajectories/2022-04-11/293_RR220411A_882C_1842.bmp,0,,0.6693295836448669,31.578835797601435,/content/quantum rheed codex/result/professor_followup_analysis/final_comparison/jobs/followup_seed-303_strategy-cluster_diverse/job_state.json
303,cluster_diverse,Trajectories/2022-02-04/188_RR220204A_579C_1829.bmp || Trajectories/2022-04-11/113_RR220411A_539C_1548.bmp,1,,0.689071774482727,36.60613375847557,/content/quantum rheed codex/result/professor_followup_analysis/final_comparison/jobs/followup_seed-303_strategy-cluster_diverse/job_state.json
303,cluster_diverse,Trajectories/2022-02-06/049_RR220206A_205C_1737.bmp || Trajectories/2022-04-11/356_RR220411A_685C_1925.bmp,1,,0.6828246116638184,36.79161373000101,/content/quantum rheed codex/result/professor_followup_analysis/final_comparison/jobs/followup_seed-303_strategy-cluster_diverse/job_state.json
303,cluster_diverse,Trajectories/2022-04-11/100_RR220411A_492C_1537.bmp || Trajectories/2022-04-11/363_RR220411A_661C_1929.bmp,1,,0.6812145709991455,36.668981243685145,/content/quantum rheed codex/result/professor_followup_analysis/final_comparison/jobs/followup_seed-303_strategy-cluster_diverse/job_state.json
303,cluster_diverse,Trajectories/2022-02-04/139_RR220204A_470C_1758.bmp || Trajectories/2022-04-11/094_RR220411A_484C_1532.bmp,1,,0.680460512638092,37.44696760367751,/content/quantum rheed codex/result/professor_followup_analysis/final_comparison/jobs/followup_seed-303_strategy-cluster_diverse/job_state.json
303,cluster_diverse,Trajectories/2022-04-11/108_RR220411A_507C_1543.bmp || Trajectories/2022-04-11/379_RR220411A_614C_1940.bmp,1,,0.6803997159004211,37.09254529712946,/content/quantum rheed codex/result/professor_followup_analysis/final_comparison/jobs/followup_seed-303_strategy-cluster_diverse/job_state.json
303,cluster_diverse,Trajectories/2022-02-06/037_RR220206A_165C_1722.bmp || Trajectories/2022-04-11/219_RR220411A_865C_1720.bmp,1,,0.6803244948387146,36.694650671425,/content/quantum rheed codex/result/professor_followup_analysis/final_comparison/jobs/followup_seed-303_strategy-cluster_diverse/job_state.json
303,cluster_diverse,Trajectories/2022-04-11/069_RR220411A_428C_1515.bmp || Trajectories/2022-04-11/231_RR220411A_882C_1729.bmp,1,,0.6792395114898682,35.58995971965655,/content/quantum rheed codex/result/professor_followup_analysis/final_comparison/jobs/followup_seed-303_strategy-cluster_diverse/job_state.json
303,cluster_diverse,Trajectories/2022-02-06/036_RR220206A_165C_1721.bmp || Trajectories/2022-04-11/370_RR220411A_640C_1934.bmp,1,,0.6779633164405823,36.33969674819586,/content/quantum rheed codex/result/professor_followup_analysis/final_comparison/jobs/followup_seed-303_strategy-cluster_diverse/job_state.json
303,cluster_diverse,Trajectories/2022-02-04/294_RR220204A_843C_2014.bmp || Trajectories/2022-02-06/140_RR220206A_993C_1941.bmp,2,,0.6503118872642517,21.967732835259877,/content/quantum rheed codex/result/professor_followup_analysis/final_comparison/jobs/followup_seed-303_strategy-cluster_diverse/job_state.json
303,cluster_diverse,Trajectories/2022-02-04/300_RR220204A_881C_2018.bmp || Trajectories/2022-02-06/195_RR220206A_944C_2101.bmp,2,,0.6487041115760803,20.853167944479004,/content/quantum rheed codex/result/professor_followup_analysis/final_comparison/jobs/followup_seed-303_strategy-cluster_diverse/job_state.json
303,cluster_diverse,Trajectories/2022-02-04/295_RR220204A_882C_2015.bmp || Trajectories/2022-02-04/332_RR220204A_941C_2057.bmp,2,,0.6269487738609314,23.771341889061986,/content/quantum rheed codex/result/professor_followup_analysis/final_comparison/jobs/followup_seed-303_strategy-cluster_diverse/job_state.json
303,cluster_diverse,Trajectories/2022-02-04/305_RR220204A_915C_2023.bmp || Trajectories/2022-02-04/335_RR220204A_940C_2102.bmp,2,,0.6220111846923828,22.92749804425726,/content/quantum rheed codex/result/professor_followup_analysis/final_comparison/jobs/followup_seed-303_strategy-cluster_diverse/job_state.json
303,cluster_diverse,Trajectories/2022-04-11/320_RR220411A_824C_1901.bmp || Trajectories/2022-04-11/332_RR220411A_756C_1911.bmp,3,,0.6930463314056396,39.01170171749002,/content/quantum rheed codex/result/professor_followup_analysis/final_comparison/jobs/followup_seed-303_strategy-cluster_diverse/job_state.json
303,cluster_diverse,Trajectories/2022-04-11/246_RR220411A_915C_1741.bmp || Trajectories/2022-04-11/258_RR220411A_932C_1751.bmp,3,,0.6929349899291992,38.759411661015065,/content/quantum rheed codex/result/professor_followup_analysis/final_comparison/jobs/followup_seed-303_strategy-cluster_diverse/job_state.json
303,cluster_diverse,Trajectories/2022-02-06/125_RR220206A_887C_1925.bmp || Trajectories/2022-04-11/313_RR220411A_839C_1856.bmp,3,,0.6923777461051941,38.144658952206264,/content/quantum rheed codex/result/professor_followup_analysis/final_comparison/jobs/followup_seed-303_strategy-cluster_diverse/job_state.json
303,cluster_diverse,Trajectories/2022-04-11/278_RR220411A_932C_1829.bmp || Trajectories/2022-04-11/386_RR220411A_580C_1943.bmp,3,,0.6861428618431091,38.181024837814284,/content/quantum rheed codex/result/professor_followup_analysis/final_comparison/jobs/followup_seed-303_strategy-cluster_diverse/job_state.json
303,cluster_diverse,Trajectories/2022-02-04/221_RR220204A_666C_1854.bmp || Trajectories/2022-04-11/358_RR220411A_677C_1926.bmp,3,,0.6861208081245422,37.63640168996477,/content/quantum rheed codex/result/professor_followup_analysis/final_comparison/jobs/followup_seed-303_strategy-cluster_diverse/job_state.json
303,cluster_diverse,Trajectories/2022-02-06/068_RR220206A_362C_1759.bmp || Trajectories/2022-04-11/075_RR220411A_440C_1519.bmp,4,,0.6928760409355164,32.32184199526992,/content/quantum rheed codex/result/professor_followup_analysis/final_comparison/jobs/followup_seed-303_strategy-cluster_diverse/job_state.json
303,cluster_diverse,Trajectories/2022-04-11/063_RR220411A_402C_1510.bmp || Trajectories/2022-04-11/131_RR220411A_606C_1603.bmp,4,,0.6912720799446106,32.503577267749236,/content/quantum rheed codex/result/professor_followup_analysis/final_comparison/jobs/followup_seed-303_strategy-cluster_diverse/job_state.json
303,cluster_diverse,Trajectories/2022-04-11/053_RR220411A_374C_1502.bmp || Trajectories/2022-04-11/156_RR220411A_699C_1628.bmp,4,,0.6903448104858398,32.01425313184714,/content/quantum rheed codex/result/professor_followup_analysis/final_comparison/jobs/followup_seed-303_strategy-cluster_diverse/job_state.json
303,cluster_diverse,Trajectories/2022-02-06/068_RR220206A_362C_1759.bmp || Trajectories/2022-04-11/030_RR220411A_291C_1437.bmp,4,,0.6901660561561584,30.831826401434615,/content/quantum rheed codex/result/professor_followup_analysis/final_comparison/jobs/followup_seed-303_strategy-cluster_diverse/job_state.json
303,cluster_diverse,Trajectories/2022-02-04/160_RR220204A_501C_1809-02.bmp || Trajectories/2022-02-04/161_RR220204A_504C_1810.bmp,5,,0.6931468844413757,41.50805794658497,/content/quantum rheed codex/result/professor_followup_analysis/final_comparison/jobs/followup_seed-303_strategy-cluster_diverse/job_state.json
303,cluster_diverse,Trajectories/2022-02-04/076_RR220204A_299C_1713.bmp || Trajectories/2022-02-04/080_RR220204A_301C_1718.bmp,5,,0.6931459903717041,41.42081420893806,/content/quantum rheed codex/result/professor_followup_analysis/final_comparison/jobs/followup_seed-303_strategy-cluster_diverse/job_state.json
303,cluster_diverse,Trajectories/2022-04-11/397_RR220411A_528C_1948.bmp || Trajectories/2022-04-11/443_RR220411A_303C_2007.bmp,5,,0.6930745840072632,41.935575375500385,/content/quantum rheed codex/result/professor_followup_analysis/final_comparison/jobs/followup_seed-303_strategy-cluster_diverse/job_state.json
303,cluster_diverse,Trajectories/2022-04-11/227_RR220411A_877C_1726.bmp || Trajectories/2022-04-11/323_RR220411A_816C_1903.bmp,5,,0.6928306818008423,39.7803224581024,/content/quantum rheed codex/result/professor_followup_analysis/final_comparison/jobs/followup_seed-303_strategy-cluster_diverse/job_state.json
303,cluster_diverse,Trajectories/2022-02-04/132_RR220204A_468C_1754.bmp || Trajectories/2022-04-11/246_RR220411A_915C_1741.bmp,5,,0.6923397779464722,40.73777830937675,/content/quantum rheed codex/result/professor_followup_analysis/final_comparison/jobs/followup_seed-303_strategy-cluster_diverse/job_state.json
303,cluster_diverse,Trajectories/2022-02-04/093_RR220204A_397C_1722.bmp || Trajectories/2022-04-11/367_RR220411A_648C_1932.bmp,5,,0.6920592784881592,40.79714552166734,/content/quantum rheed codex/result/professor_followup_analysis/final_comparison/jobs/followup_seed-303_strategy-cluster_diverse/job_state.json
303,cluster_diverse,Trajectories/2022-02-04/097_RR220204A_405C_1727.bmp || Trajectories/2022-04-11/383_RR220411A_597C_1941.bmp,5,,0.6920452117919922,41.53096368356607,/content/quantum rheed codex/result/professor_followup_analysis/final_comparison/jobs/followup_seed-303_strategy-cluster_diverse/job_state.json
303,cluster_diverse,Trajectories/2022-02-04/148_RR220204A_480C_1804.bmp || Trajectories/2022-04-11/314_RR220411A_836C_1857.bmp,5,,0.6919720768928528,40.16207884785172,/content/quantum rheed codex/result/professor_followup_analysis/final_comparison/jobs/followup_seed-303_strategy-cluster_diverse/job_state.json
303,cluster_diverse,Trajectories/2022-02-04/197_RR220204A_611C_1835.bmp || Trajectories/2022-04-11/233_RR220411A_889C_1731.bmp,5,,0.6918894052505493,39.592921849328015,/content/quantum rheed codex/result/professor_followup_analysis/final_comparison/jobs/followup_seed-303_strategy-cluster_diverse/job_state.json
303,cluster_diverse,Trajectories/2022-02-04/147_RR220204A_486C_1804.bmp || Trajectories/2022-04-11/363_RR220411A_661C_1929.bmp,5,,0.6918637752532959,41.03969224704764,/content/quantum rheed codex/result/professor_followup_analysis/final_comparison/jobs/followup_seed-303_strategy-cluster_diverse/job_state.json
303,cluster_diverse,Trajectories/2022-02-04/148_RR220204A_480C_1804.bmp || Trajectories/2022-04-11/313_RR220411A_839C_1856.bmp,5,,0.6917855143547058,40.013990446284595,/content/quantum rheed codex/result/professor_followup_analysis/final_comparison/jobs/followup_seed-303_strategy-cluster_diverse/job_state.json
303,cluster_diverse,Trajectories/2022-02-04/139_RR220204A_470C_1758.bmp || Trajectories/2022-04-11/372_RR220411A_636C_1935.bmp,5,,0.6917113661766052,41.34467190118922,/content/quantum rheed codex/result/professor_followup_analysis/final_comparison/jobs/followup_seed-303_strategy-cluster_diverse/job_state.json
303,cluster_diverse,Trajectories/2022-02-04/124_RR220204A_444C_1748.bmp || Trajectories/2022-04-11/330_RR220411A_762C_1910.bmp,5,,0.6915242075920105,41.005999194847966,/content/quantum rheed codex/result/professor_followup_analysis/final_comparison/jobs/followup_seed-303_strategy-cluster_diverse/job_state.json
303,cluster_diverse,Trajectories/2022-02-06/125_RR220206A_887C_1925.bmp || Trajectories/2022-04-11/226_RR220411A_873C_1725.bmp,5,,0.6903731226921082,39.47997208497977,/content/quantum rheed codex/result/professor_followup_analysis/final_comparison/jobs/followup_seed-303_strategy-cluster_diverse/job_state.json
303,cluster_diverse,Trajectories/2022-02-04/303_RR220204A_917C_2021.bmp || Trajectories/2022-04-11/226_RR220411A_873C_1725.bmp,6,,0.5637562274932861,27.010848786714103,/content/quantum rheed codex/result/professor_followup_analysis/final_comparison/jobs/followup_seed-303_strategy-cluster_diverse/job_state.json
303,cluster_diverse,Trajectories/2022-02-04/307_RR220204A_912C_2025.bmp || Trajectories/2022-04-11/386_RR220411A_580C_1943.bmp,6,,0.5515326857566833,27.053570863524495,/content/quantum rheed codex/result/professor_followup_analysis/final_comparison/jobs/followup_seed-303_strategy-cluster_diverse/job_state.json
303,cluster_diverse,Trajectories/2022-02-04/044_RR220204A_348C_0157.bmp || Trajectories/2022-02-04/059_RR220204A_180C_0211.bmp,7,,0.6928043961524963,32.33645050650825,/content/quantum rheed codex/result/professor_followup_analysis/final_comparison/jobs/followup_seed-303_strategy-cluster_diverse/job_state.json
303,cluster_diverse,Trajectories/2022-02-04/221_RR220204A_666C_1854.bmp || Trajectories/2022-02-04/339_RR220204A_938C_2110.bmp,7,,0.6870374083518982,32.38869233767886,/content/quantum rheed codex/result/professor_followup_analysis/final_comparison/jobs/followup_seed-303_strategy-cluster_diverse/job_state.json
303,cluster_diverse,Trajectories/2022-02-04/205_RR220204A_642C_1839-02.bmp || Trajectories/2022-02-04/337_RR220204A_938C_2106.bmp,7,,0.6825827360153198,33.82630699934701,/content/quantum rheed codex/result/professor_followup_analysis/final_comparison/jobs/followup_seed-303_strategy-cluster_diverse/job_state.json
303,cluster_diverse,Trajectories/2022-02-04/007_RR220204A_931C_0051.bmp || Trajectories/2022-04-11/291_RR220411A_888C_1840.bmp,7,,0.6794285178184509,33.162607599011714,/content/quantum rheed codex/result/professor_followup_analysis/final_comparison/jobs/followup_seed-303_strategy-cluster_diverse/job_state.json
303,cluster_diverse,Trajectories/2022-02-04/262_RR220204A_793C_1932.bmp || Trajectories/2022-04-11/359_RR220411A_675C_1926.bmp,7,,0.6525916457176208,32.54891734554745,/content/quantum rheed codex/result/professor_followup_analysis/final_comparison/jobs/followup_seed-303_strategy-cluster_diverse/job_state.json
303,cluster_diverse,Trajectories/2022-02-04/253_RR220204A_782C_1923.bmp || Trajectories/2022-02-06/262_RR220206A_540C_2228.bmp,8,,0.6903679966926575,28.667881161017057,/content/quantum rheed codex/result/professor_followup_analysis/final_comparison/jobs/followup_seed-303_strategy-cluster_diverse/job_state.json
303,cluster_diverse,Trajectories/2022-02-04/281_RR220204A_806C_2000.bmp || Trajectories/2022-04-11/322_RR220411A_818C_1902.bmp,8,,0.6139798164367676,28.168341075924236,/content/quantum rheed codex/result/professor_followup_analysis/final_comparison/jobs/followup_seed-303_strategy-cluster_diverse/job_state.json
303,cluster_diverse,Trajectories/2022-02-04/341_RR220204A_937C_2114.bmp || Trajectories/2022-02-06/163_RR220206A_1105C_2015.bmp,9,,0.6923877596855164,26.91054835298532,/content/quantum rheed codex/result/professor_followup_analysis/final_comparison/jobs/followup_seed-303_strategy-cluster_diverse/job_state.json
303,cluster_diverse,Trajectories/2022-02-06/095_RR220206A_614C_1835.bmp || Trajectories/2022-02-06/247_RR220206A_657C_2207.bmp,9,,0.692320704460144,28.448348635109873,/content/quantum rheed codex/result/professor_followup_analysis/final_comparison/jobs/followup_seed-303_strategy-cluster_diverse/job_state.json
303,cluster_diverse,Trajectories/2022-02-06/095_RR220206A_614C_1835.bmp || Trajectories/2022-02-06/195_RR220206A_944C_2101.bmp,9,,0.6908392906188965,27.52884022366446,/content/quantum rheed codex/result/professor_followup_analysis/final_comparison/jobs/followup_seed-303_strategy-cluster_diverse/job_state.json
303,cluster_diverse,Trajectories/2022-02-06/104_RR220206A_734C_1847.bmp || Trajectories/2022-02-06/207_RR220206A_875C_2114.bmp,9,,0.690212607383728,27.726844365700398,/content/quantum rheed codex/result/professor_followup_analysis/final_comparison/jobs/followup_seed-303_strategy-cluster_diverse/job_state.json
303,cluster_diverse,Trajectories/2022-02-04/320_RR220204A_915C_2039.bmp || Trajectories/2022-02-06/282_RR220206A_184C_2256.bmp,10,,0.6841222047805786,32.961560483617774,/content/quantum rheed codex/result/professor_followup_analysis/final_comparison/jobs/followup_seed-303_strategy-cluster_diverse/job_state.json
303,cluster_diverse,Trajectories/2022-02-06/124_RR220206A_894C_1924.bmp || Trajectories/2022-02-06/253_RR220206A_599C_2217.bmp,10,,0.6814061403274536,33.4518461353647,/content/quantum rheed codex/result/professor_followup_analysis/final_comparison/jobs/followup_seed-303_strategy-cluster_diverse/job_state.json
303,cluster_diverse,Trajectories/2022-02-06/234_RR220206A_738C_2148.bmp || Trajectories/2022-04-11/375_RR220411A_617C_1938.bmp,10,,0.6593103408813477,33.51519816595295,/content/quantum rheed codex/result/professor_followup_analysis/final_comparison/jobs/followup_seed-303_strategy-cluster_diverse/job_state.json
303,cluster_diverse,Trajectories/2022-02-06/203_RR220206A_876C_2110-01.bmp || Trajectories/2022-04-11/394_RR220411A_546C_1946.bmp,10,,0.6549047827720642,33.61655948893845,/content/quantum rheed codex/result/professor_followup_analysis/final_comparison/jobs/followup_seed-303_strategy-cluster_diverse/job_state.json
303,cluster_diverse,Trajectories/2022-02-06/216_RR220206A_837C_2124.bmp || Trajectories/2022-04-11/419_RR220411A_415C_1957.bmp,10,,0.6526938676834106,33.840500437463746,/content/quantum rheed codex/result/professor_followup_analysis/final_comparison/jobs/followup_seed-303_strategy-cluster_diverse/job_state.json
303,cluster_diverse,Trajectories/2022-02-04/209_RR220204A_637C_1845.bmp || Trajectories/2022-02-04/213_RR220204A_668C_1847.bmp,11,,0.6930140256881714,36.70977788379436,/content/quantum rheed codex/result/professor_followup_analysis/final_comparison/jobs/followup_seed-303_strategy-cluster_diverse/job_state.json
303,cluster_diverse,Trajectories/2022-02-04/194_RR220204A_610C_1832.bmp || Trajectories/2022-02-06/119_RR220206A_871C_1918.bmp,11,,0.6918129324913025,37.32917130227926,/content/quantum rheed codex/result/professor_followup_analysis/final_comparison/jobs/followup_seed-303_strategy-cluster_diverse/job_state.json
303,cluster_diverse,Trajectories/2022-02-04/085_RR220204A_378C_1720.bmp || Trajectories/2022-02-04/382_RR220204A_935C_2330.bmp,11,,0.6899011731147766,39.248843333514834,/content/quantum rheed codex/result/professor_followup_analysis/final_comparison/jobs/followup_seed-303_strategy-cluster_diverse/job_state.json
303,cluster_diverse,Trajectories/2022-02-04/385_RR220204A_939C_2340.bmp || Trajectories/2022-04-11/237_RR220411A_901C_1735.bmp,11,,0.6898499727249146,37.71477076391407,/content/quantum rheed codex/result/professor_followup_analysis/final_comparison/jobs/followup_seed-303_strategy-cluster_diverse/job_state.json
303,cluster_diverse,Trajectories/2022-04-11/183_RR220411A_794C_1655.bmp || Trajectories/2022-04-11/226_RR220411A_873C_1725.bmp,11,,0.6887111663818359,38.437329905991156,/content/quantum rheed codex/result/professor_followup_analysis/final_comparison/jobs/followup_seed-303_strategy-cluster_diverse/job_state.json
303,cluster_diverse,Trajectories/2022-02-04/020_RR220204A_981C_0126-02.bmp || Trajectories/2022-02-04/133_RR220204A_467C_1754-01.bmp,11,,0.6857355237007141,38.37146731237357,/content/quantum rheed codex/result/professor_followup_analysis/final_comparison/jobs/followup_seed-303_strategy-cluster_diverse/job_state.json
303,cluster_diverse,Trajectories/2022-02-04/230_RR220204A_695C_1902.bmp || Trajectories/2022-02-06/074_RR220206A_430C_1809.bmp,12,,0.692595899105072,32.90272157860998,/content/quantum rheed codex/result/professor_followup_analysis/final_comparison/jobs/followup_seed-303_strategy-cluster_diverse/job_state.json
303,cluster_diverse,Trajectories/2022-02-04/239_RR220204A_720C_1910.bmp || Trajectories/2022-04-11/154_RR220411A_696C_1624.bmp,12,,0.6918899416923523,33.15505319867447,/content/quantum rheed codex/result/professor_followup_analysis/final_comparison/jobs/followup_seed-303_strategy-cluster_diverse/job_state.json
303,cluster_diverse,Trajectories/2022-02-04/048_RR220204A_245C_0201.bmp || Trajectories/2022-04-11/183_RR220411A_794C_1655.bmp,12,,0.6903867125511169,34.222867609088745,/content/quantum rheed codex/result/professor_followup_analysis/final_comparison/jobs/followup_seed-303_strategy-cluster_diverse/job_state.json
303,cluster_diverse,Trajectories/2022-02-04/013_RR220204A_949C_0119.bmp || Trajectories/2022-02-06/077_RR220206A_461C_1813.bmp,12,,0.6877114176750183,34.1770248664396,/content/quantum rheed codex/result/professor_followup_analysis/final_comparison/jobs/followup_seed-303_strategy-cluster_diverse/job_state.json
303,cluster_diverse,Trajectories/2022-04-11/028_RR220411A_291C_1436.bmp || Trajectories/2022-04-11/050_RR220411A_370C_1458.bmp,13,,0.692802369594574,29.12461923467517,/content/quantum rheed codex/result/professor_followup_analysis/final_comparison/jobs/followup_seed-303_strategy-cluster_diverse/job_state.json
303,cluster_diverse,Trajectories/2022-04-11/036_RR220411A_313C_1443.bmp || Trajectories/2022-04-11/072_RR220411A_429C_1516.bmp,13,,0.6921651363372803,30.04442403615542,/content/quantum rheed codex/result/professor_followup_analysis/final_comparison/jobs/followup_seed-303_strategy-cluster_diverse/job_state.json
303,cluster_diverse,Trajectories/2022-02-06/016_RR220206A_165C_1704-03.bmp || Trajectories/2022-04-11/011_RR220411A_219C_1424.bmp,13,,0.6914116144180298,29.975243365622095,/content/quantum rheed codex/result/professor_followup_analysis/final_comparison/jobs/followup_seed-303_strategy-cluster_diverse/job_state.json
303,cluster_diverse,Trajectories/2022-04-11/001_RR220411A_180C_1417-01.bmp || Trajectories/2022-04-11/051_RR220411A_370C_1500.bmp,13,,0.6910033226013184,28.499460959323763,/content/quantum rheed codex/result/professor_followup_analysis/final_comparison/jobs/followup_seed-303_strategy-cluster_diverse/job_state.json
303,cluster_diverse,Trajectories/2022-02-04/295_RR220204A_882C_2015.bmp || Trajectories/2022-02-06/117_RR220206A_844C_1915.bmp,14,,0.618085503578186,24.258727824567483,/content/quantum rheed codex/result/professor_followup_analysis/final_comparison/jobs/followup_seed-303_strategy-cluster_diverse/job_state.json
303,cluster_diverse,Trajectories/2022-02-04/049_RR220204A_218C_0201.bmp || Trajectories/2022-02-04/307_RR220204A_912C_2025.bmp,14,,0.6075819134712219,23.503268527085975,/content/quantum rheed codex/result/professor_followup_analysis/final_comparison/jobs/followup_seed-303_strategy-cluster_diverse/job_state.json
303,cluster_diverse,Trajectories/2022-04-11/111_RR220411A_536C_1546.bmp || Trajectories/2022-04-11/175_RR220411A_765C_1645.bmp,15,,0.6930323839187622,34.27642662214839,/content/quantum rheed codex/result/professor_followup_analysis/final_comparison/jobs/followup_seed-303_strategy-cluster_diverse/job_state.json
303,cluster_diverse,Trajectories/2022-02-06/058_RR220206A_249C_1745.bmp || Trajectories/2022-04-11/178_RR220411A_774C_1649.bmp,15,,0.6927823424339294,34.55225845880659,/content/quantum rheed codex/result/professor_followup_analysis/final_comparison/jobs/followup_seed-303_strategy-cluster_diverse/job_state.json
303,cluster_diverse,Trajectories/2022-04-11/066_RR220411A_416C_1513-01.bmp || Trajectories/2022-04-11/292_RR220411A_887C_1841.bmp,16,,0.6843170523643494,34.00767881875021,/content/quantum rheed codex/result/professor_followup_analysis/final_comparison/jobs/followup_seed-303_strategy-cluster_diverse/job_state.json
303,cluster_diverse,Trajectories/2022-02-04/037_RR220204A_579C_0146.bmp || Trajectories/2022-02-06/265_RR220206A_498C_2232.bmp,16,,0.6841163635253906,32.40612701062561,/content/quantum rheed codex/result/professor_followup_analysis/final_comparison/jobs/followup_seed-303_strategy-cluster_diverse/job_state.json
303,cluster_diverse,Trajectories/2022-02-04/379_RR220204A_937C_2315.bmp || Trajectories/2022-02-06/257_RR220206A_581C_2222.bmp,16,,0.6801337599754333,33.27421344228939,/content/quantum rheed codex/result/professor_followup_analysis/final_comparison/jobs/followup_seed-303_strategy-cluster_diverse/job_state.json
303,cluster_diverse,Trajectories/2022-02-04/034_RR220204A_655C_0142.bmp || Trajectories/2022-02-06/272_RR220206A_424C_2242.bmp,16,,0.6788799166679382,33.662345256921235,/content/quantum rheed codex/result/professor_followup_analysis/final_comparison/jobs/followup_seed-303_strategy-cluster_diverse/job_state.json
303,cluster_diverse,Trajectories/2022-02-06/137_RR220206A_982C_1937.bmp || Trajectories/2022-04-11/191_RR220411A_821C_1704.bmp,16,,0.6777957081794739,33.45344255524431,/content/quantum rheed codex/result/professor_followup_analysis/final_comparison/jobs/followup_seed-303_strategy-cluster_diverse/job_state.json
303,cluster_diverse,Trajectories/2022-02-04/178_RR220204A_544C_1822.bmp || Trajectories/2022-04-11/013_RR220411A_223C_1424.bmp,16,,0.6701129078865051,33.92106235972577,/content/quantum rheed codex/result/professor_followup_analysis/final_comparison/jobs/followup_seed-303_strategy-cluster_diverse/job_state.json
303,cluster_diverse,Trajectories/2022-04-11/001_RR220411A_180C_1417-01.bmp || Trajectories/2022-04-11/321_RR220411A_823C_1901.bmp,16,,0.6659407019615173,32.66277179467393,/content/quantum rheed codex/result/professor_followup_analysis/final_comparison/jobs/followup_seed-303_strategy-cluster_diverse/job_state.json
303,cluster_diverse,Trajectories/2022-02-06/241_RR220206A_692C_2157.bmp || Trajectories/2022-04-11/201_RR220411A_843C_1711-01.bmp,16,,0.6652083396911621,33.66788532646822,/content/quantum rheed codex/result/professor_followup_analysis/final_comparison/jobs/followup_seed-303_strategy-cluster_diverse/job_state.json
303,cluster_diverse,Trajectories/2022-02-04/170_RR220204A_536C_1818.bmp || Trajectories/2022-02-06/230_RR220206A_767C_2143.bmp,16,,0.6621351838111877,33.507570092378494,/content/quantum rheed codex/result/professor_followup_analysis/final_comparison/jobs/followup_seed-303_strategy-cluster_diverse/job_state.json
303,cluster_diverse,Trajectories/2022-02-06/097_RR220206A_654C_1837.bmp || Trajectories/2022-04-11/067_RR220411A_416C_1513-02.bmp,17,,0.691701352596283,30.110610702463934,/content/quantum rheed codex/result/professor_followup_analysis/final_comparison/jobs/followup_seed-303_strategy-cluster_diverse/job_state.json
303,cluster_diverse,Trajectories/2022-02-06/057_RR220206A_249C_1744.bmp || Trajectories/2022-02-06/154_RR220206A_1092C_2003-02.bmp,17,,0.6823532581329346,29.95162226791626,/content/quantum rheed codex/result/professor_followup_analysis/final_comparison/jobs/followup_seed-303_strategy-cluster_diverse/job_state.json
303,cluster_diverse,Trajectories/2022-02-06/213_RR220206A_849C_2121.bmp || Trajectories/2022-04-11/104_RR220411A_501C_1540.bmp,17,,0.681441605091095,29.777960838994755,/content/quantum rheed codex/result/professor_followup_analysis/final_comparison/jobs/followup_seed-303_strategy-cluster_diverse/job_state.json
303,cluster_diverse,Trajectories/2022-02-04/241_RR220204A_736C_1911.bmp || Trajectories/2022-04-11/064_RR220411A_413C_1511.bmp,18,,0.6930165886878967,31.0304506409612,/content/quantum rheed codex/result/professor_followup_analysis/final_comparison/jobs/followup_seed-303_strategy-cluster_diverse/job_state.json
303,cluster_diverse,Trajectories/2022-02-04/019_RR220204A_981C_0126-01.bmp || Trajectories/2022-04-11/035_RR220411A_314C_1442.bmp,18,,0.6871159672737122,31.834268341796818,/content/quantum rheed codex/result/professor_followup_analysis/final_comparison/jobs/followup_seed-303_strategy-cluster_diverse/job_state.json
303,cluster_diverse,Trajectories/2022-04-11/267_RR220411A_953C_1800.bmp || Trajectories/2022-04-11/271_RR220411A_951C_1811.bmp,19,,0.693101704120636,35.06363741377798,/content/quantum rheed codex/result/professor_followup_analysis/final_comparison/jobs/followup_seed-303_strategy-cluster_diverse/job_state.json
303,cluster_diverse,Trajectories/2022-02-04/085_RR220204A_378C_1720.bmp || Trajectories/2022-02-04/328_RR220204A_946C_2053.bmp,19,,0.6803987622261047,36.99312330449696,/content/quantum rheed codex/result/professor_followup_analysis/final_comparison/jobs/followup_seed-303_strategy-cluster_diverse/job_state.json
303,cluster_diverse,Trajectories/2022-02-04/079_RR220204A_301C_1717.bmp || Trajectories/2022-02-04/329_RR220204A_946C_2054.bmp,19,,0.6796386241912842,37.01516619006767,/content/quantum rheed codex/result/professor_followup_analysis/final_comparison/jobs/followup_seed-303_strategy-cluster_diverse/job_state.json
303,cluster_diverse,Trajectories/2022-02-04/334_RR220204A_939C_2101.bmp || Trajectories/2022-04-11/386_RR220411A_580C_1943.bmp,19,,0.673376739025116,36.305930788492866,/content/quantum rheed codex/result/professor_followup_analysis/final_comparison/jobs/followup_seed-303_strategy-cluster_diverse/job_state.json
303,cluster_diverse,Trajectories/2022-02-04/063_RR220204A_165C_0215-03.bmp || Trajectories/2022-04-11/376_RR220411A_620C_1938.bmp,19,,0.6718878746032715,36.048088223385136,/content/quantum rheed codex/result/professor_followup_analysis/final_comparison/jobs/followup_seed-303_strategy-cluster_diverse/job_state.json
303,cluster_diverse,Trajectories/2022-02-06/048_RR220206A_175C_1736.bmp || Trajectories/2022-04-11/189_RR220411A_822C_1703.bmp,15,,0.689938485622406,35.94259133615988,/content/quantum rheed codex/result/professor_followup_analysis/final_comparison/jobs/followup_seed-303_strategy-cluster_diverse/job_state.json
303,cluster_diverse,Trajectories/2022-02-06/108_RR220206A_769C_1854.bmp || Trajectories/2022-02-06/199_RR220206A_940C_2106.bmp,9,,0.6899300813674927,27.804987205715197,/content/quantum rheed codex/result/professor_followup_analysis/final_comparison/jobs/followup_seed-303_strategy-cluster_diverse/job_state.json
303,cluster_diverse,Trajectories/2022-02-04/128_RR220204A_459C_1753.bmp || Trajectories/2022-02-04/380_RR220204A_937C_2323.bmp,5,,0.6897065043449402,39.701470833458956,/content/quantum rheed codex/result/professor_followup_analysis/final_comparison/jobs/followup_seed-303_strategy-cluster_diverse/job_state.json
303,uncertainty,Trajectories/2022-02-04/160_RR220204A_501C_1809-02.bmp || Trajectories/2022-02-04/161_RR220204A_504C_1810.bmp,5,,0.6931468844413757,41.50805794658497,/content/quantum rheed codex/result/professor_followup_analysis/final_comparison/jobs/followup_seed-303_strategy-uncertainty/job_state.json
303,uncertainty,Trajectories/2022-02-04/076_RR220204A_299C_1713.bmp || Trajectories/2022-02-04/080_RR220204A_301C_1718.bmp,5,,0.6931459903717041,41.42081420893806,/content/quantum rheed codex/result/professor_followup_analysis/final_comparison/jobs/followup_seed-303_strategy-uncertainty/job_state.json
303,uncertainty,Trajectories/2022-04-11/267_RR220411A_953C_1800.bmp || Trajectories/2022-04-11/271_RR220411A_951C_1811.bmp,19,,0.693101704120636,35.06363741377798,/content/quantum rheed codex/result/professor_followup_analysis/final_comparison/jobs/followup_seed-303_strategy-uncertainty/job_state.json
303,uncertainty,Trajectories/2022-04-11/397_RR220411A_528C_1948.bmp || Trajectories/2022-04-11/443_RR220411A_303C_2007.bmp,5,,0.6930745840072632,41.935575375500385,/content/quantum rheed codex/result/professor_followup_analysis/final_comparison/jobs/followup_seed-303_strategy-uncertainty/job_state.json
303,uncertainty,Trajectories/2022-04-11/320_RR220411A_824C_1901.bmp || Trajectories/2022-04-11/332_RR220411A_756C_1911.bmp,3,,0.6930463314056396,39.01170171749002,/content/quantum rheed codex/result/professor_followup_analysis/final_comparison/jobs/followup_seed-303_strategy-uncertainty/job_state.json
303,uncertainty,Trajectories/2022-04-11/111_RR220411A_536C_1546.bmp || Trajectories/2022-04-11/175_RR220411A_765C_1645.bmp,15,,0.6930323839187622,34.27642662214839,/content/quantum rheed codex/result/professor_followup_analysis/final_comparison/jobs/followup_seed-303_strategy-uncertainty/job_state.json
303,uncertainty,Trajectories/2022-02-04/241_RR220204A_736C_1911.bmp || Trajectories/2022-04-11/064_RR220411A_413C_1511.bmp,18,,0.6930165886878967,31.0304506409612,/content/quantum rheed codex/result/professor_followup_analysis/final_comparison/jobs/followup_seed-303_strategy-uncertainty/job_state.json
303,uncertainty,Trajectories/2022-02-04/209_RR220204A_637C_1845.bmp || Trajectories/2022-02-04/213_RR220204A_668C_1847.bmp,11,,0.6930140256881714,36.70977788379436,/content/quantum rheed codex/result/professor_followup_analysis/final_comparison/jobs/followup_seed-303_strategy-uncertainty/job_state.json
303,uncertainty,Trajectories/2022-04-11/246_RR220411A_915C_1741.bmp || Trajectories/2022-04-11/258_RR220411A_932C_1751.bmp,3,,0.6929349899291992,38.759411661015065,/content/quantum rheed codex/result/professor_followup_analysis/final_comparison/jobs/followup_seed-303_strategy-uncertainty/job_state.json
303,uncertainty,Trajectories/2022-02-06/068_RR220206A_362C_1759.bmp || Trajectories/2022-04-11/075_RR220411A_440C_1519.bmp,4,,0.6928760409355164,32.32184199526992,/content/quantum rheed codex/result/professor_followup_analysis/final_comparison/jobs/followup_seed-303_strategy-uncertainty/job_state.json
303,uncertainty,Trajectories/2022-04-11/227_RR220411A_877C_1726.bmp || Trajectories/2022-04-11/323_RR220411A_816C_1903.bmp,5,,0.6928306818008423,39.7803224581024,/content/quantum rheed codex/result/professor_followup_analysis/final_comparison/jobs/followup_seed-303_strategy-uncertainty/job_state.json
303,uncertainty,Trajectories/2022-02-04/044_RR220204A_348C_0157.bmp || Trajectories/2022-02-04/059_RR220204A_180C_0211.bmp,7,,0.6928043961524963,32.33645050650825,/content/quantum rheed codex/result/professor_followup_analysis/final_comparison/jobs/followup_seed-303_strategy-uncertainty/job_state.json
303,uncertainty,Trajectories/2022-04-11/028_RR220411A_291C_1436.bmp || Trajectories/2022-04-11/050_RR220411A_370C_1458.bmp,13,,0.692802369594574,29.12461923467517,/content/quantum rheed codex/result/professor_followup_analysis/final_comparison/jobs/followup_seed-303_strategy-uncertainty/job_state.json
303,uncertainty,Trajectories/2022-02-06/058_RR220206A_249C_1745.bmp || Trajectories/2022-04-11/178_RR220411A_774C_1649.bmp,15,,0.6927823424339294,34.55225845880659,/content/quantum rheed codex/result/professor_followup_analysis/final_comparison/jobs/followup_seed-303_strategy-uncertainty/job_state.json
303,uncertainty,Trajectories/2022-02-04/230_RR220204A_695C_1902.bmp || Trajectories/2022-02-06/074_RR220206A_430C_1809.bmp,12,,0.692595899105072,32.90272157860998,/content/quantum rheed codex/result/professor_followup_analysis/final_comparison/jobs/followup_seed-303_strategy-uncertainty/job_state.json
303,uncertainty,Trajectories/2022-02-04/341_RR220204A_937C_2114.bmp || Trajectories/2022-02-06/163_RR220206A_1105C_2015.bmp,9,,0.6923877596855164,26.91054835298532,/content/quantum rheed codex/result/professor_followup_analysis/final_comparison/jobs/followup_seed-303_strategy-uncertainty/job_state.json
303,uncertainty,Trajectories/2022-02-06/125_RR220206A_887C_1925.bmp || Trajectories/2022-04-11/313_RR220411A_839C_1856.bmp,3,,0.6923777461051941,38.144658952206264,/content/quantum rheed codex/result/professor_followup_analysis/final_comparison/jobs/followup_seed-303_strategy-uncertainty/job_state.json
303,uncertainty,Trajectories/2022-02-04/132_RR220204A_468C_1754.bmp || Trajectories/2022-04-11/246_RR220411A_915C_1741.bmp,5,,0.6923397779464722,40.73777830937675,/content/quantum rheed codex/result/professor_followup_analysis/final_comparison/jobs/followup_seed-303_strategy-uncertainty/job_state.json
303,uncertainty,Trajectories/2022-02-06/095_RR220206A_614C_1835.bmp || Trajectories/2022-02-06/247_RR220206A_657C_2207.bmp,9,,0.692320704460144,28.448348635109873,/content/quantum rheed codex/result/professor_followup_analysis/final_comparison/jobs/followup_seed-303_strategy-uncertainty/job_state.json
303,uncertainty,Trajectories/2022-04-11/036_RR220411A_313C_1443.bmp || Trajectories/2022-04-11/072_RR220411A_429C_1516.bmp,13,,0.6921651363372803,30.04442403615542,/content/quantum rheed codex/result/professor_followup_analysis/final_comparison/jobs/followup_seed-303_strategy-uncertainty/job_state.json
303,uncertainty,Trajectories/2022-02-04/093_RR220204A_397C_1722.bmp || Trajectories/2022-04-11/367_RR220411A_648C_1932.bmp,5,,0.6920592784881592,40.79714552166734,/content/quantum rheed codex/result/professor_followup_analysis/final_comparison/jobs/followup_seed-303_strategy-uncertainty/job_state.json
303,uncertainty,Trajectories/2022-02-04/097_RR220204A_405C_1727.bmp || Trajectories/2022-04-11/383_RR220411A_597C_1941.bmp,5,,0.6920452117919922,41.53096368356607,/content/quantum rheed codex/result/professor_followup_analysis/final_comparison/jobs/followup_seed-303_strategy-uncertainty/job_state.json
303,uncertainty,Trajectories/2022-02-04/148_RR220204A_480C_1804.bmp || Trajectories/2022-04-11/314_RR220411A_836C_1857.bmp,5,,0.6919720768928528,40.16207884785172,/content/quantum rheed codex/result/professor_followup_analysis/final_comparison/jobs/followup_seed-303_strategy-uncertainty/job_state.json
303,uncertainty,Trajectories/2022-02-04/239_RR220204A_720C_1910.bmp || Trajectories/2022-04-11/154_RR220411A_696C_1624.bmp,12,,0.6918899416923523,33.15505319867447,/content/quantum rheed codex/result/professor_followup_analysis/final_comparison/jobs/followup_seed-303_strategy-uncertainty/job_state.json
303,uncertainty,Trajectories/2022-02-04/197_RR220204A_611C_1835.bmp || Trajectories/2022-04-11/233_RR220411A_889C_1731.bmp,5,,0.6918894052505493,39.592921849328015,/content/quantum rheed codex/result/professor_followup_analysis/final_comparison/jobs/followup_seed-303_strategy-uncertainty/job_state.json
303,uncertainty,Trajectories/2022-02-04/147_RR220204A_486C_1804.bmp || Trajectories/2022-04-11/363_RR220411A_661C_1929.bmp,5,,0.6918637752532959,41.03969224704764,/content/quantum rheed codex/result/professor_followup_analysis/final_comparison/jobs/followup_seed-303_strategy-uncertainty/job_state.json
303,uncertainty,Trajectories/2022-02-04/194_RR220204A_610C_1832.bmp || Trajectories/2022-02-06/119_RR220206A_871C_1918.bmp,11,,0.6918129324913025,37.32917130227926,/content/quantum rheed codex/result/professor_followup_analysis/final_comparison/jobs/followup_seed-303_strategy-uncertainty/job_state.json
303,uncertainty,Trajectories/2022-02-04/148_RR220204A_480C_1804.bmp || Trajectories/2022-04-11/313_RR220411A_839C_1856.bmp,5,,0.6917855143547058,40.013990446284595,/content/quantum rheed codex/result/professor_followup_analysis/final_comparison/jobs/followup_seed-303_strategy-uncertainty/job_state.json
303,uncertainty,Trajectories/2022-02-04/139_RR220204A_470C_1758.bmp || Trajectories/2022-04-11/372_RR220411A_636C_1935.bmp,5,,0.6917113661766052,41.34467190118922,/content/quantum rheed codex/result/professor_followup_analysis/final_comparison/jobs/followup_seed-303_strategy-uncertainty/job_state.json
303,uncertainty,Trajectories/2022-02-06/097_RR220206A_654C_1837.bmp || Trajectories/2022-04-11/067_RR220411A_416C_1513-02.bmp,17,,0.691701352596283,30.110610702463934,/content/quantum rheed codex/result/professor_followup_analysis/final_comparison/jobs/followup_seed-303_strategy-uncertainty/job_state.json
303,uncertainty,Trajectories/2022-02-04/124_RR220204A_444C_1748.bmp || Trajectories/2022-04-11/330_RR220411A_762C_1910.bmp,5,,0.6915242075920105,41.005999194847966,/content/quantum rheed codex/result/professor_followup_analysis/final_comparison/jobs/followup_seed-303_strategy-uncertainty/job_state.json
303,uncertainty,Trajectories/2022-02-06/016_RR220206A_165C_1704-03.bmp || Trajectories/2022-04-11/011_RR220411A_219C_1424.bmp,13,,0.6914116144180298,29.975243365622095,/content/quantum rheed codex/result/professor_followup_analysis/final_comparison/jobs/followup_seed-303_strategy-uncertainty/job_state.json
303,uncertainty,Trajectories/2022-04-11/063_RR220411A_402C_1510.bmp || Trajectories/2022-04-11/131_RR220411A_606C_1603.bmp,4,,0.6912720799446106,32.503577267749236,/content/quantum rheed codex/result/professor_followup_analysis/final_comparison/jobs/followup_seed-303_strategy-uncertainty/job_state.json
303,uncertainty,Trajectories/2022-04-11/001_RR220411A_180C_1417-01.bmp || Trajectories/2022-04-11/051_RR220411A_370C_1500.bmp,13,,0.6910033226013184,28.499460959323763,/content/quantum rheed codex/result/professor_followup_analysis/final_comparison/jobs/followup_seed-303_strategy-uncertainty/job_state.json
303,uncertainty,Trajectories/2022-02-06/095_RR220206A_614C_1835.bmp || Trajectories/2022-02-06/195_RR220206A_944C_2101.bmp,9,,0.6908392906188965,27.52884022366446,/content/quantum rheed codex/result/professor_followup_analysis/final_comparison/jobs/followup_seed-303_strategy-uncertainty/job_state.json
303,uncertainty,Trajectories/2022-02-04/048_RR220204A_245C_0201.bmp || Trajectories/2022-04-11/183_RR220411A_794C_1655.bmp,12,,0.6903867125511169,34.222867609088745,/content/quantum rheed codex/result/professor_followup_analysis/final_comparison/jobs/followup_seed-303_strategy-uncertainty/job_state.json
303,uncertainty,Trajectories/2022-02-06/125_RR220206A_887C_1925.bmp || Trajectories/2022-04-11/226_RR220411A_873C_1725.bmp,5,,0.6903731226921082,39.47997208497977,/content/quantum rheed codex/result/professor_followup_analysis/final_comparison/jobs/followup_seed-303_strategy-uncertainty/job_state.json
303,uncertainty,Trajectories/2022-02-04/253_RR220204A_782C_1923.bmp || Trajectories/2022-02-06/262_RR220206A_540C_2228.bmp,8,,0.6903679966926575,28.667881161017057,/content/quantum rheed codex/result/professor_followup_analysis/final_comparison/jobs/followup_seed-303_strategy-uncertainty/job_state.json
303,uncertainty,Trajectories/2022-04-11/053_RR220411A_374C_1502.bmp || Trajectories/2022-04-11/156_RR220411A_699C_1628.bmp,4,,0.6903448104858398,32.01425313184714,/content/quantum rheed codex/result/professor_followup_analysis/final_comparison/jobs/followup_seed-303_strategy-uncertainty/job_state.json
303,uncertainty,Trajectories/2022-02-06/104_RR220206A_734C_1847.bmp || Trajectories/2022-02-06/207_RR220206A_875C_2114.bmp,9,,0.690212607383728,27.726844365700398,/content/quantum rheed codex/result/professor_followup_analysis/final_comparison/jobs/followup_seed-303_strategy-uncertainty/job_state.json
303,uncertainty,Trajectories/2022-02-06/068_RR220206A_362C_1759.bmp || Trajectories/2022-04-11/030_RR220411A_291C_1437.bmp,4,,0.6901660561561584,30.831826401434615,/content/quantum rheed codex/result/professor_followup_analysis/final_comparison/jobs/followup_seed-303_strategy-uncertainty/job_state.json
303,uncertainty,Trajectories/2022-02-06/048_RR220206A_175C_1736.bmp || Trajectories/2022-04-11/189_RR220411A_822C_1703.bmp,15,,0.689938485622406,35.94259133615988,/content/quantum rheed codex/result/professor_followup_analysis/final_comparison/jobs/followup_seed-303_strategy-uncertainty/job_state.json
303,uncertainty,Trajectories/2022-02-06/108_RR220206A_769C_1854.bmp || Trajectories/2022-02-06/199_RR220206A_940C_2106.bmp,9,,0.6899300813674927,27.804987205715197,/content/quantum rheed codex/result/professor_followup_analysis/final_comparison/jobs/followup_seed-303_strategy-uncertainty/job_state.json
303,uncertainty,Trajectories/2022-02-04/085_RR220204A_378C_1720.bmp || Trajectories/2022-02-04/382_RR220204A_935C_2330.bmp,11,,0.6899011731147766,39.248843333514834,/content/quantum rheed codex/result/professor_followup_analysis/final_comparison/jobs/followup_seed-303_strategy-uncertainty/job_state.json
303,uncertainty,Trajectories/2022-02-04/385_RR220204A_939C_2340.bmp || Trajectories/2022-04-11/237_RR220411A_901C_1735.bmp,11,,0.6898499727249146,37.71477076391407,/content/quantum rheed codex/result/professor_followup_analysis/final_comparison/jobs/followup_seed-303_strategy-uncertainty/job_state.json
303,uncertainty,Trajectories/2022-02-04/128_RR220204A_459C_1753.bmp || Trajectories/2022-02-04/380_RR220204A_937C_2323.bmp,5,,0.6897065043449402,39.701470833458956,/content/quantum rheed codex/result/professor_followup_analysis/final_comparison/jobs/followup_seed-303_strategy-uncertainty/job_state.json
303,uncertainty,Trajectories/2022-02-04/117_RR220204A_445C_1740.bmp || Trajectories/2022-02-06/123_RR220206A_894C_1923.bmp,5,,0.6893738508224487,40.09347059682167,/content/quantum rheed codex/result/professor_followup_analysis/final_comparison/jobs/followup_seed-303_strategy-uncertainty/job_state.json
303,uncertainty,Trajectories/2022-02-04/181_RR220204A_572C_1825.bmp || Trajectories/2022-04-11/437_RR220411A_345C_2004.bmp,5,,0.6892527341842651,40.87154224271534,/content/quantum rheed codex/result/professor_followup_analysis/final_comparison/jobs/followup_seed-303_strategy-uncertainty/job_state.json
303,uncertainty,Trajectories/2022-02-04/188_RR220204A_579C_1829.bmp || Trajectories/2022-04-11/113_RR220411A_539C_1548.bmp,1,,0.689071774482727,36.60613375847557,/content/quantum rheed codex/result/professor_followup_analysis/final_comparison/jobs/followup_seed-303_strategy-uncertainty/job_state.json
303,uncertainty,Trajectories/2022-02-06/090_RR220206A_568C_1828.bmp || Trajectories/2022-04-11/149_RR220411A_676C_1619.bmp,4,,0.6888024210929871,31.742100617186512,/content/quantum rheed codex/result/professor_followup_analysis/final_comparison/jobs/followup_seed-303_strategy-uncertainty/job_state.json
303,uncertainty,Trajectories/2022-04-11/183_RR220411A_794C_1655.bmp || Trajectories/2022-04-11/226_RR220411A_873C_1725.bmp,11,,0.6887111663818359,38.437329905991156,/content/quantum rheed codex/result/professor_followup_analysis/final_comparison/jobs/followup_seed-303_strategy-uncertainty/job_state.json
303,uncertainty,Trajectories/2022-04-11/008_RR220411A_193C_1422.bmp || Trajectories/2022-04-11/093_RR220411A_482C_1531.bmp,13,,0.688309371471405,30.332046477981127,/content/quantum rheed codex/result/professor_followup_analysis/final_comparison/jobs/followup_seed-303_strategy-uncertainty/job_state.json
303,uncertainty,Trajectories/2022-02-04/013_RR220204A_949C_0119.bmp || Trajectories/2022-02-06/077_RR220206A_461C_1813.bmp,12,,0.6877114176750183,34.1770248664396,/content/quantum rheed codex/result/professor_followup_analysis/final_comparison/jobs/followup_seed-303_strategy-uncertainty/job_state.json
303,uncertainty,Trajectories/2022-02-04/019_RR220204A_981C_0126-01.bmp || Trajectories/2022-04-11/035_RR220411A_314C_1442.bmp,18,,0.6871159672737122,31.834268341796818,/content/quantum rheed codex/result/professor_followup_analysis/final_comparison/jobs/followup_seed-303_strategy-uncertainty/job_state.json
303,uncertainty,Trajectories/2022-02-04/221_RR220204A_666C_1854.bmp || Trajectories/2022-02-04/339_RR220204A_938C_2110.bmp,7,,0.6870374083518982,32.38869233767886,/content/quantum rheed codex/result/professor_followup_analysis/final_comparison/jobs/followup_seed-303_strategy-uncertainty/job_state.json
303,uncertainty,Trajectories/2022-04-11/278_RR220411A_932C_1829.bmp || Trajectories/2022-04-11/386_RR220411A_580C_1943.bmp,3,,0.6861428618431091,38.181024837814284,/content/quantum rheed codex/result/professor_followup_analysis/final_comparison/jobs/followup_seed-303_strategy-uncertainty/job_state.json
303,uncertainty,Trajectories/2022-02-04/221_RR220204A_666C_1854.bmp || Trajectories/2022-04-11/358_RR220411A_677C_1926.bmp,3,,0.6861208081245422,37.63640168996477,/content/quantum rheed codex/result/professor_followup_analysis/final_comparison/jobs/followup_seed-303_strategy-uncertainty/job_state.json
303,uncertainty,Trajectories/2022-02-04/020_RR220204A_981C_0126-02.bmp || Trajectories/2022-02-04/133_RR220204A_467C_1754-01.bmp,11,,0.6857355237007141,38.37146731237357,/content/quantum rheed codex/result/professor_followup_analysis/final_comparison/jobs/followup_seed-303_strategy-uncertainty/job_state.json
303,uncertainty,Trajectories/2022-02-04/229_RR220204A_696C_1901-02.bmp || Trajectories/2022-04-11/208_RR220411A_850C_1713-02.bmp,11,,0.6852275133132935,37.33233798414922,/content/quantum rheed codex/result/professor_followup_analysis/final_comparison/jobs/followup_seed-303_strategy-uncertainty/job_state.json
303,uncertainty,Trajectories/2022-02-04/001_RR220204A_933C_0006.bmp || Trajectories/2022-02-06/230_RR220206A_767C_2143.bmp,0,,0.6846835017204285,29.821265219901804,/content/quantum rheed codex/result/professor_followup_analysis/final_comparison/jobs/followup_seed-303_strategy-uncertainty/job_state.json
303,uncertainty,Trajectories/2022-04-11/066_RR220411A_416C_1513-01.bmp || Trajectories/2022-04-11/292_RR220411A_887C_1841.bmp,16,,0.6843170523643494,34.00767881875021,/content/quantum rheed codex/result/professor_followup_analysis/final_comparison/jobs/followup_seed-303_strategy-uncertainty/job_state.json
303,uncertainty,Trajectories/2022-02-04/320_RR220204A_915C_2039.bmp || Trajectories/2022-02-06/282_RR220206A_184C_2256.bmp,10,,0.6841222047805786,32.961560483617774,/content/quantum rheed codex/result/professor_followup_analysis/final_comparison/jobs/followup_seed-303_strategy-uncertainty/job_state.json
303,uncertainty,Trajectories/2022-02-04/037_RR220204A_579C_0146.bmp || Trajectories/2022-02-06/265_RR220206A_498C_2232.bmp,16,,0.6841163635253906,32.40612701062561,/content/quantum rheed codex/result/professor_followup_analysis/final_comparison/jobs/followup_seed-303_strategy-uncertainty/job_state.json
303,uncertainty,Trajectories/2022-02-06/049_RR220206A_205C_1737.bmp || Trajectories/2022-04-11/356_RR220411A_685C_1925.bmp,1,,0.6828246116638184,36.79161373000101,/content/quantum rheed codex/result/professor_followup_analysis/final_comparison/jobs/followup_seed-303_strategy-uncertainty/job_state.json
303,uncertainty,Trajectories/2022-02-04/205_RR220204A_642C_1839-02.bmp || Trajectories/2022-02-04/337_RR220204A_938C_2106.bmp,7,,0.6825827360153198,33.82630699934701,/content/quantum rheed codex/result/professor_followup_analysis/final_comparison/jobs/followup_seed-303_strategy-uncertainty/job_state.json
303,uncertainty,Trajectories/2022-02-06/057_RR220206A_249C_1744.bmp || Trajectories/2022-02-06/154_RR220206A_1092C_2003-02.bmp,17,,0.6823532581329346,29.95162226791626,/content/quantum rheed codex/result/professor_followup_analysis/final_comparison/jobs/followup_seed-303_strategy-uncertainty/job_state.json
303,uncertainty,Trajectories/2022-02-06/213_RR220206A_849C_2121.bmp || Trajectories/2022-04-11/104_RR220411A_501C_1540.bmp,17,,0.681441605091095,29.777960838994755,/content/quantum rheed codex/result/professor_followup_analysis/final_comparison/jobs/followup_seed-303_strategy-uncertainty/job_state.json
303,uncertainty,Trajectories/2022-02-06/124_RR220206A_894C_1924.bmp || Trajectories/2022-02-06/253_RR220206A_599C_2217.bmp,10,,0.6814061403274536,33.4518461353647,/content/quantum rheed codex/result/professor_followup_analysis/final_comparison/jobs/followup_seed-303_strategy-uncertainty/job_state.json
303,uncertainty,Trajectories/2022-04-11/100_RR220411A_492C_1537.bmp || Trajectories/2022-04-11/363_RR220411A_661C_1929.bmp,1,,0.6812145709991455,36.668981243685145,/content/quantum rheed codex/result/professor_followup_analysis/final_comparison/jobs/followup_seed-303_strategy-uncertainty/job_state.json
303,uncertainty,Trajectories/2022-02-04/139_RR220204A_470C_1758.bmp || Trajectories/2022-04-11/094_RR220411A_484C_1532.bmp,1,,0.680460512638092,37.44696760367751,/content/quantum rheed codex/result/professor_followup_analysis/final_comparison/jobs/followup_seed-303_strategy-uncertainty/job_state.json
303,uncertainty,Trajectories/2022-04-11/108_RR220411A_507C_1543.bmp || Trajectories/2022-04-11/379_RR220411A_614C_1940.bmp,1,,0.6803997159004211,37.09254529712946,/content/quantum rheed codex/result/professor_followup_analysis/final_comparison/jobs/followup_seed-303_strategy-uncertainty/job_state.json
303,uncertainty,Trajectories/2022-02-04/085_RR220204A_378C_1720.bmp || Trajectories/2022-02-04/328_RR220204A_946C_2053.bmp,19,,0.6803987622261047,36.99312330449696,/content/quantum rheed codex/result/professor_followup_analysis/final_comparison/jobs/followup_seed-303_strategy-uncertainty/job_state.json
303,uncertainty,Trajectories/2022-02-06/037_RR220206A_165C_1722.bmp || Trajectories/2022-04-11/219_RR220411A_865C_1720.bmp,1,,0.6803244948387146,36.694650671425,/content/quantum rheed codex/result/professor_followup_analysis/final_comparison/jobs/followup_seed-303_strategy-uncertainty/job_state.json
303,uncertainty,Trajectories/2022-02-06/215_RR220206A_835C_2123.bmp || Trajectories/2022-04-11/140_RR220411A_647C_1612.bmp,17,,0.6803187131881714,30.186768540772924,/content/quantum rheed codex/result/professor_followup_analysis/final_comparison/jobs/followup_seed-303_strategy-uncertainty/job_state.json
303,uncertainty,Trajectories/2022-02-04/379_RR220204A_937C_2315.bmp || Trajectories/2022-02-06/257_RR220206A_581C_2222.bmp,16,,0.6801337599754333,33.27421344228939,/content/quantum rheed codex/result/professor_followup_analysis/final_comparison/jobs/followup_seed-303_strategy-uncertainty/job_state.json
303,uncertainty,Trajectories/2022-02-04/079_RR220204A_301C_1717.bmp || Trajectories/2022-02-04/329_RR220204A_946C_2054.bmp,19,,0.6796386241912842,37.01516619006767,/content/quantum rheed codex/result/professor_followup_analysis/final_comparison/jobs/followup_seed-303_strategy-uncertainty/job_state.json
303,uncertainty,Trajectories/2022-02-04/007_RR220204A_931C_0051.bmp || Trajectories/2022-04-11/291_RR220411A_888C_1840.bmp,7,,0.6794285178184509,33.162607599011714,/content/quantum rheed codex/result/professor_followup_analysis/final_comparison/jobs/followup_seed-303_strategy-uncertainty/job_state.json
303,uncertainty,Trajectories/2022-04-11/069_RR220411A_428C_1515.bmp || Trajectories/2022-04-11/231_RR220411A_882C_1729.bmp,1,,0.6792395114898682,35.58995971965655,/content/quantum rheed codex/result/professor_followup_analysis/final_comparison/jobs/followup_seed-303_strategy-uncertainty/job_state.json
303,uncertainty,Trajectories/2022-02-04/192_RR220204A_607C_1831.bmp || Trajectories/2022-02-06/098_RR220206A_656C_1838.bmp,12,,0.6792063117027283,33.8564040887953,/content/quantum rheed codex/result/professor_followup_analysis/final_comparison/jobs/followup_seed-303_strategy-uncertainty/job_state.json
303,uncertainty,Trajectories/2022-02-04/034_RR220204A_655C_0142.bmp || Trajectories/2022-02-06/272_RR220206A_424C_2242.bmp,16,,0.6788799166679382,33.662345256921235,/content/quantum rheed codex/result/professor_followup_analysis/final_comparison/jobs/followup_seed-303_strategy-uncertainty/job_state.json
303,uncertainty,Trajectories/2022-02-06/180_RR220206A_1031C_2041.bmp || Trajectories/2022-04-11/277_RR220411A_936C_1828.bmp,0,,0.6785973906517029,30.17943749763316,/content/quantum rheed codex/result/professor_followup_analysis/final_comparison/jobs/followup_seed-303_strategy-uncertainty/job_state.json
303,uncertainty,Trajectories/2022-02-06/036_RR220206A_165C_1721.bmp || Trajectories/2022-04-11/370_RR220411A_640C_1934.bmp,1,,0.6779633164405823,36.33969674819586,/content/quantum rheed codex/result/professor_followup_analysis/final_comparison/jobs/followup_seed-303_strategy-uncertainty/job_state.json
303,uncertainty,Trajectories/2022-02-06/137_RR220206A_982C_1937.bmp || Trajectories/2022-04-11/191_RR220411A_821C_1704.bmp,16,,0.6777957081794739,33.45344255524431,/content/quantum rheed codex/result/professor_followup_analysis/final_comparison/jobs/followup_seed-303_strategy-uncertainty/job_state.json
303,uncertainty,Trajectories/2022-02-04/385_RR220204A_939C_2340.bmp || Trajectories/2022-02-06/171_RR220206A_1085C_2027.bmp,0,,0.6771664619445801,30.633310114143985,/content/quantum rheed codex/result/professor_followup_analysis/final_comparison/jobs/followup_seed-303_strategy-uncertainty/job_state.json
303,uncertainty,Trajectories/2022-02-06/055_RR220206A_239C_1742.bmp || Trajectories/2022-04-11/409_RR220411A_474C_1953.bmp,1,,0.6770748496055603,37.76637616026163,/content/quantum rheed codex/result/professor_followup_analysis/final_comparison/jobs/followup_seed-303_strategy-uncertainty/job_state.json
303,uncertainty,Trajectories/2022-04-11/076_RR220411A_442C_1520.bmp || Trajectories/2022-04-11/387_RR220411A_578C_1943.bmp,1,,0.6744927167892456,36.35245052450376,/content/quantum rheed codex/result/professor_followup_analysis/final_comparison/jobs/followup_seed-303_strategy-uncertainty/job_state.json
303,uncertainty,Trajectories/2022-02-06/189_RR220206A_971C_2054-01.bmp || Trajectories/2022-04-11/286_RR220411A_906C_1837.bmp,0,,0.6737451553344727,31.000581605915773,/content/quantum rheed codex/result/professor_followup_analysis/final_comparison/jobs/followup_seed-303_strategy-uncertainty/job_state.json
303,uncertainty,Trajectories/2022-02-06/191_RR220206A_960C_2056.bmp || Trajectories/2022-04-11/286_RR220411A_906C_1837.bmp,0,,0.6735936999320984,30.99254633459571,/content/quantum rheed codex/result/professor_followup_analysis/final_comparison/jobs/followup_seed-303_strategy-uncertainty/job_state.json
303,uncertainty,Trajectories/2022-02-04/334_RR220204A_939C_2101.bmp || Trajectories/2022-04-11/386_RR220411A_580C_1943.bmp,19,,0.673376739025116,36.305930788492866,/content/quantum rheed codex/result/professor_followup_analysis/final_comparison/jobs/followup_seed-303_strategy-uncertainty/job_state.json
303,uncertainty,Trajectories/2022-02-04/024_RR220204A_927C_0130.bmp || Trajectories/2022-02-04/261_RR220204A_790C_1930.bmp,18,,0.6733622550964355,30.817535957526957,/content/quantum rheed codex/result/professor_followup_analysis/final_comparison/jobs/followup_seed-303_strategy-uncertainty/job_state.json
303,uncertainty,Trajectories/2022-02-04/003_RR220204A_932C_0017.bmp || Trajectories/2022-04-11/439_RR220411A_330C_2005.bmp,3,,0.6730520129203796,37.169931862853794,/content/quantum rheed codex/result/professor_followup_analysis/final_comparison/jobs/followup_seed-303_strategy-uncertainty/job_state.json
303,uncertainty,Trajectories/2022-02-04/206_RR220204A_641C_1841.bmp || Trajectories/2022-02-06/187_RR220206A_985C_2051.bmp,0,,0.6723958253860474,31.481096398881977,/content/quantum rheed codex/result/professor_followup_analysis/final_comparison/jobs/followup_seed-303_strategy-uncertainty/job_state.json
303,uncertainty,Trajectories/2022-02-04/063_RR220204A_165C_0215-03.bmp || Trajectories/2022-04-11/376_RR220411A_620C_1938.bmp,19,,0.6718878746032715,36.048088223385136,/content/quantum rheed codex/result/professor_followup_analysis/final_comparison/jobs/followup_seed-303_strategy-uncertainty/job_state.json
303,uncertainty,Trajectories/2022-02-04/178_RR220204A_544C_1822.bmp || Trajectories/2022-04-11/013_RR220411A_223C_1424.bmp,16,,0.6701129078865051,33.92106235972577,/content/quantum rheed codex/result/professor_followup_analysis/final_comparison/jobs/followup_seed-303_strategy-uncertainty/job_state.json
303,uncertainty,Trajectories/2022-02-04/338_RR220204A_940C_2108.bmp || Trajectories/2022-04-11/354_RR220411A_693C_1924.bmp,19,,0.6696966886520386,34.64678132203409,/content/quantum rheed codex/result/professor_followup_analysis/final_comparison/jobs/followup_seed-303_strategy-uncertainty/job_state.json
303,uncertainty,Trajectories/2022-02-06/194_RR220206A_962C_2059.bmp || Trajectories/2022-04-11/293_RR220411A_882C_1842.bmp,0,,0.6693295836448669,31.578835797601435,/content/quantum rheed codex/result/professor_followup_analysis/final_comparison/jobs/followup_seed-303_strategy-uncertainty/job_state.json
303,uncertainty,Trajectories/2022-02-06/193_RR220206A_957C_2058.bmp || Trajectories/2022-04-11/303_RR220411A_863C_1849.bmp,0,,0.6665878295898438,31.987100863997764,/content/quantum rheed codex/result/professor_followup_analysis/final_comparison/jobs/followup_seed-303_strategy-uncertainty/job_state.json
303,uncertainty,Trajectories/2022-04-11/001_RR220411A_180C_1417-01.bmp || Trajectories/2022-04-11/321_RR220411A_823C_1901.bmp,16,,0.6659407019615173,32.66277179467393,/content/quantum rheed codex/result/professor_followup_analysis/final_comparison/jobs/followup_seed-303_strategy-uncertainty/job_state.json
303,uncertainty,Trajectories/2022-02-06/241_RR220206A_692C_2157.bmp || Trajectories/2022-04-11/201_RR220411A_843C_1711-01.bmp,16,,0.6652083396911621,33.66788532646822,/content/quantum rheed codex/result/professor_followup_analysis/final_comparison/jobs/followup_seed-303_strategy-uncertainty/job_state.json
303,uncertainty,Trajectories/2022-02-04/170_RR220204A_536C_1818.bmp || Trajectories/2022-02-06/230_RR220206A_767C_2143.bmp,16,,0.6621351838111877,33.507570092378494,/content/quantum rheed codex/result/professor_followup_analysis/final_comparison/jobs/followup_seed-303_strategy-uncertainty/job_state.json
303,uncertainty_diversity,Trajectories/2022-04-11/028_RR220411A_291C_1436.bmp || Trajectories/2022-04-11/050_RR220411A_370C_1458.bmp,13,,0.692802369594574,29.12461923467517,/content/quantum rheed codex/result/professor_followup_analysis/final_comparison/jobs/followup_seed-303_strategy-uncertainty_diversity/job_state.json
303,uncertainty_diversity,Trajectories/2022-02-04/044_RR220204A_348C_0157.bmp || Trajectories/2022-02-04/059_RR220204A_180C_0211.bmp,7,,0.6928043961524963,32.33645050650825,/content/quantum rheed codex/result/professor_followup_analysis/final_comparison/jobs/followup_seed-303_strategy-uncertainty_diversity/job_state.json
303,uncertainty_diversity,Trajectories/2022-02-04/341_RR220204A_937C_2114.bmp || Trajectories/2022-02-06/163_RR220206A_1105C_2015.bmp,9,,0.6923877596855164,26.91054835298532,/content/quantum rheed codex/result/professor_followup_analysis/final_comparison/jobs/followup_seed-303_strategy-uncertainty_diversity/job_state.json
303,uncertainty_diversity,Trajectories/2022-02-06/016_RR220206A_165C_1704-03.bmp || Trajectories/2022-04-11/011_RR220411A_219C_1424.bmp,13,,0.6914116144180298,29.975243365622095,/content/quantum rheed codex/result/professor_followup_analysis/final_comparison/jobs/followup_seed-303_strategy-uncertainty_diversity/job_state.json
303,uncertainty_diversity,Trajectories/2022-02-04/253_RR220204A_782C_1923.bmp || Trajectories/2022-02-06/262_RR220206A_540C_2228.bmp,8,,0.6903679966926575,28.667881161017057,/content/quantum rheed codex/result/professor_followup_analysis/final_comparison/jobs/followup_seed-303_strategy-uncertainty_diversity/job_state.json
303,uncertainty_diversity,Trajectories/2022-02-06/097_RR220206A_654C_1837.bmp || Trajectories/2022-04-11/067_RR220411A_416C_1513-02.bmp,17,,0.691701352596283,30.110610702463934,/content/quantum rheed codex/result/professor_followup_analysis/final_comparison/jobs/followup_seed-303_strategy-uncertainty_diversity/job_state.json
303,uncertainty_diversity,Trajectories/2022-04-11/397_RR220411A_528C_1948.bmp || Trajectories/2022-04-11/443_RR220411A_303C_2007.bmp,5,,0.6930745840072632,41.935575375500385,/content/quantum rheed codex/result/professor_followup_analysis/final_comparison/jobs/followup_seed-303_strategy-uncertainty_diversity/job_state.json
303,uncertainty_diversity,Trajectories/2022-04-11/267_RR220411A_953C_1800.bmp || Trajectories/2022-04-11/271_RR220411A_951C_1811.bmp,19,,0.693101704120636,35.06363741377798,/content/quantum rheed codex/result/professor_followup_analysis/final_comparison/jobs/followup_seed-303_strategy-uncertainty_diversity/job_state.json
303,uncertainty_diversity,Trajectories/2022-02-06/095_RR220206A_614C_1835.bmp || Trajectories/2022-02-06/247_RR220206A_657C_2207.bmp,9,,0.692320704460144,28.448348635109873,/content/quantum rheed codex/result/professor_followup_analysis/final_comparison/jobs/followup_seed-303_strategy-uncertainty_diversity/job_state.json
303,uncertainty_diversity,Trajectories/2022-02-04/241_RR220204A_736C_1911.bmp || Trajectories/2022-04-11/064_RR220411A_413C_1511.bmp,18,,0.6930165886878967,31.0304506409612,/content/quantum rheed codex/result/professor_followup_analysis/final_comparison/jobs/followup_seed-303_strategy-uncertainty_diversity/job_state.json
303,uncertainty_diversity,Trajectories/2022-02-06/068_RR220206A_362C_1759.bmp || Trajectories/2022-04-11/030_RR220411A_291C_1437.bmp,4,,0.6901660561561584,30.831826401434615,/content/quantum rheed codex/result/professor_followup_analysis/final_comparison/jobs/followup_seed-303_strategy-uncertainty_diversity/job_state.json
303,uncertainty_diversity,Trajectories/2022-02-04/019_RR220204A_981C_0126-01.bmp || Trajectories/2022-04-11/035_RR220411A_314C_1442.bmp,18,,0.6871159672737122,31.834268341796818,/content/quantum rheed codex/result/professor_followup_analysis/final_comparison/jobs/followup_seed-303_strategy-uncertainty_diversity/job_state.json
303,uncertainty_diversity,Trajectories/2022-02-06/058_RR220206A_249C_1745.bmp || Trajectories/2022-04-11/178_RR220411A_774C_1649.bmp,15,,0.6927823424339294,34.55225845880659,/content/quantum rheed codex/result/professor_followup_analysis/final_comparison/jobs/followup_seed-303_strategy-uncertainty_diversity/job_state.json
303,uncertainty_diversity,Trajectories/2022-02-04/048_RR220204A_245C_0201.bmp || Trajectories/2022-04-11/183_RR220411A_794C_1655.bmp,12,,0.6903867125511169,34.222867609088745,/content/quantum rheed codex/result/professor_followup_analysis/final_comparison/jobs/followup_seed-303_strategy-uncertainty_diversity/job_state.json
303,uncertainty_diversity,Trajectories/2022-02-04/209_RR220204A_637C_1845.bmp || Trajectories/2022-02-04/213_RR220204A_668C_1847.bmp,11,,0.6930140256881714,36.70977788379436,/content/quantum rheed codex/result/professor_followup_analysis/final_comparison/jobs/followup_seed-303_strategy-uncertainty_diversity/job_state.json
303,uncertainty_diversity,Trajectories/2022-02-04/097_RR220204A_405C_1727.bmp || Trajectories/2022-04-11/383_RR220411A_597C_1941.bmp,5,,0.6920452117919922,41.53096368356607,/content/quantum rheed codex/result/professor_followup_analysis/final_comparison/jobs/followup_seed-303_strategy-uncertainty_diversity/job_state.json
303,uncertainty_diversity,Trajectories/2022-02-04/076_RR220204A_299C_1713.bmp || Trajectories/2022-02-04/080_RR220204A_301C_1718.bmp,5,,0.6931459903717041,41.42081420893806,/content/quantum rheed codex/result/professor_followup_analysis/final_comparison/jobs/followup_seed-303_strategy-uncertainty_diversity/job_state.json
303,uncertainty_diversity,Trajectories/2022-02-04/194_RR220204A_610C_1832.bmp || Trajectories/2022-02-06/119_RR220206A_871C_1918.bmp,11,,0.6918129324913025,37.32917130227926,/content/quantum rheed codex/result/professor_followup_analysis/final_comparison/jobs/followup_seed-303_strategy-uncertainty_diversity/job_state.json
303,uncertainty_diversity,Trajectories/2022-02-06/049_RR220206A_205C_1737.bmp || Trajectories/2022-04-11/356_RR220411A_685C_1925.bmp,1,,0.6828246116638184,36.79161373000101,/content/quantum rheed codex/result/professor_followup_analysis/final_comparison/jobs/followup_seed-303_strategy-uncertainty_diversity/job_state.json
303,uncertainty_diversity,Trajectories/2022-02-04/117_RR220204A_445C_1740.bmp || Trajectories/2022-02-06/123_RR220206A_894C_1923.bmp,5,,0.6893738508224487,40.09347059682167,/content/quantum rheed codex/result/professor_followup_analysis/final_comparison/jobs/followup_seed-303_strategy-uncertainty_diversity/job_state.json
303,uncertainty_diversity,Trajectories/2022-04-11/036_RR220411A_313C_1443.bmp || Trajectories/2022-04-11/072_RR220411A_429C_1516.bmp,13,,0.6921651363372803,30.04442403615542,/content/quantum rheed codex/result/professor_followup_analysis/final_comparison/jobs/followup_seed-303_strategy-uncertainty_diversity/job_state.json
303,uncertainty_diversity,Trajectories/2022-02-06/124_RR220206A_894C_1924.bmp || Trajectories/2022-02-06/253_RR220206A_599C_2217.bmp,10,,0.6814061403274536,33.4518461353647,/content/quantum rheed codex/result/professor_followup_analysis/final_comparison/jobs/followup_seed-303_strategy-uncertainty_diversity/job_state.json
303,uncertainty_diversity,Trajectories/2022-02-06/068_RR220206A_362C_1759.bmp || Trajectories/2022-04-11/075_RR220411A_440C_1519.bmp,4,,0.6928760409355164,32.32184199526992,/content/quantum rheed codex/result/professor_followup_analysis/final_comparison/jobs/followup_seed-303_strategy-uncertainty_diversity/job_state.json
303,uncertainty_diversity,Trajectories/2022-04-11/278_RR220411A_932C_1829.bmp || Trajectories/2022-04-11/386_RR220411A_580C_1943.bmp,3,,0.6861428618431091,38.181024837814284,/content/quantum rheed codex/result/professor_followup_analysis/final_comparison/jobs/followup_seed-303_strategy-uncertainty_diversity/job_state.json
303,uncertainty_diversity,Trajectories/2022-02-04/013_RR220204A_949C_0119.bmp || Trajectories/2022-02-06/077_RR220206A_461C_1813.bmp,12,,0.6877114176750183,34.1770248664396,/content/quantum rheed codex/result/professor_followup_analysis/final_comparison/jobs/followup_seed-303_strategy-uncertainty_diversity/job_state.json
303,uncertainty_diversity,Trajectories/2022-02-06/095_RR220206A_614C_1835.bmp || Trajectories/2022-02-06/195_RR220206A_944C_2101.bmp,9,,0.6908392906188965,27.52884022366446,/content/quantum rheed codex/result/professor_followup_analysis/final_comparison/jobs/followup_seed-303_strategy-uncertainty_diversity/job_state.json
303,uncertainty_diversity,Trajectories/2022-02-06/125_RR220206A_887C_1925.bmp || Trajectories/2022-04-11/313_RR220411A_839C_1856.bmp,3,,0.6923777461051941,38.144658952206264,/content/quantum rheed codex/result/professor_followup_analysis/final_comparison/jobs/followup_seed-303_strategy-uncertainty_diversity/job_state.json
303,uncertainty_diversity,Trajectories/2022-02-04/148_RR220204A_480C_1804.bmp || Trajectories/2022-04-11/313_RR220411A_839C_1856.bmp,5,,0.6917855143547058,40.013990446284595,/content/quantum rheed codex/result/professor_followup_analysis/final_comparison/jobs/followup_seed-303_strategy-uncertainty_diversity/job_state.json
303,uncertainty_diversity,Trajectories/2022-02-04/320_RR220204A_915C_2039.bmp || Trajectories/2022-02-06/282_RR220206A_184C_2256.bmp,10,,0.6841222047805786,32.961560483617774,/content/quantum rheed codex/result/professor_followup_analysis/final_comparison/jobs/followup_seed-303_strategy-uncertainty_diversity/job_state.json
303,uncertainty_diversity,Trajectories/2022-04-11/111_RR220411A_536C_1546.bmp || Trajectories/2022-04-11/175_RR220411A_765C_1645.bmp,15,,0.6930323839187622,34.27642662214839,/content/quantum rheed codex/result/professor_followup_analysis/final_comparison/jobs/followup_seed-303_strategy-uncertainty_diversity/job_state.json
303,uncertainty_diversity,Trajectories/2022-04-11/320_RR220411A_824C_1901.bmp || Trajectories/2022-04-11/332_RR220411A_756C_1911.bmp,3,,0.6930463314056396,39.01170171749002,/content/quantum rheed codex/result/professor_followup_analysis/final_comparison/jobs/followup_seed-303_strategy-uncertainty_diversity/job_state.json
303,uncertainty_diversity,Trajectories/2022-02-04/385_RR220204A_939C_2340.bmp || Trajectories/2022-04-11/237_RR220411A_901C_1735.bmp,11,,0.6898499727249146,37.71477076391407,/content/quantum rheed codex/result/professor_followup_analysis/final_comparison/jobs/followup_seed-303_strategy-uncertainty_diversity/job_state.json
303,uncertainty_diversity,Trajectories/2022-04-11/001_RR220411A_180C_1417-01.bmp || Trajectories/2022-04-11/051_RR220411A_370C_1500.bmp,13,,0.6910033226013184,28.499460959323763,/content/quantum rheed codex/result/professor_followup_analysis/final_comparison/jobs/followup_seed-303_strategy-uncertainty_diversity/job_state.json
303,uncertainty_diversity,Trajectories/2022-02-04/197_RR220204A_611C_1835.bmp || Trajectories/2022-04-11/233_RR220411A_889C_1731.bmp,5,,0.6918894052505493,39.592921849328015,/content/quantum rheed codex/result/professor_followup_analysis/final_comparison/jobs/followup_seed-303_strategy-uncertainty_diversity/job_state.json
303,uncertainty_diversity,Trajectories/2022-02-04/239_RR220204A_720C_1910.bmp || Trajectories/2022-04-11/154_RR220411A_696C_1624.bmp,12,,0.6918899416923523,33.15505319867447,/content/quantum rheed codex/result/professor_followup_analysis/final_comparison/jobs/followup_seed-303_strategy-uncertainty_diversity/job_state.json
303,uncertainty_diversity,Trajectories/2022-04-11/246_RR220411A_915C_1741.bmp || Trajectories/2022-04-11/258_RR220411A_932C_1751.bmp,3,,0.6929349899291992,38.759411661015065,/content/quantum rheed codex/result/professor_followup_analysis/final_comparison/jobs/followup_seed-303_strategy-uncertainty_diversity/job_state.json
303,uncertainty_diversity,Trajectories/2022-02-04/334_RR220204A_939C_2101.bmp || Trajectories/2022-04-11/386_RR220411A_580C_1943.bmp,19,,0.673376739025116,36.305930788492866,/content/quantum rheed codex/result/professor_followup_analysis/final_comparison/jobs/followup_seed-303_strategy-uncertainty_diversity/job_state.json
303,uncertainty_diversity,Trajectories/2022-02-06/090_RR220206A_568C_1828.bmp || Trajectories/2022-04-11/149_RR220411A_676C_1619.bmp,4,,0.6888024210929871,31.742100617186512,/content/quantum rheed codex/result/professor_followup_analysis/final_comparison/jobs/followup_seed-303_strategy-uncertainty_diversity/job_state.json
303,uncertainty_diversity,Trajectories/2022-02-06/048_RR220206A_175C_1736.bmp || Trajectories/2022-04-11/189_RR220411A_822C_1703.bmp,15,,0.689938485622406,35.94259133615988,/content/quantum rheed codex/result/professor_followup_analysis/final_comparison/jobs/followup_seed-303_strategy-uncertainty_diversity/job_state.json
303,uncertainty_diversity,Trajectories/2022-02-04/093_RR220204A_397C_1722.bmp || Trajectories/2022-04-11/367_RR220411A_648C_1932.bmp,5,,0.6920592784881592,40.79714552166734,/content/quantum rheed codex/result/professor_followup_analysis/final_comparison/jobs/followup_seed-303_strategy-uncertainty_diversity/job_state.json
303,uncertainty_diversity,Trajectories/2022-02-04/221_RR220204A_666C_1854.bmp || Trajectories/2022-04-11/358_RR220411A_677C_1926.bmp,3,,0.6861208081245422,37.63640168996477,/content/quantum rheed codex/result/professor_followup_analysis/final_comparison/jobs/followup_seed-303_strategy-uncertainty_diversity/job_state.json
303,uncertainty_diversity,Trajectories/2022-02-04/160_RR220204A_501C_1809-02.bmp || Trajectories/2022-02-04/161_RR220204A_504C_1810.bmp,5,,0.6931468844413757,41.50805794658497,/content/quantum rheed codex/result/professor_followup_analysis/final_comparison/jobs/followup_seed-303_strategy-uncertainty_diversity/job_state.json
303,uncertainty_diversity,Trajectories/2022-02-04/192_RR220204A_607C_1831.bmp || Trajectories/2022-02-06/098_RR220206A_656C_1838.bmp,12,,0.6792063117027283,33.8564040887953,/content/quantum rheed codex/result/professor_followup_analysis/final_comparison/jobs/followup_seed-303_strategy-uncertainty_diversity/job_state.json
303,uncertainty_diversity,Trajectories/2022-04-11/066_RR220411A_416C_1513-01.bmp || Trajectories/2022-04-11/292_RR220411A_887C_1841.bmp,16,,0.6843170523643494,34.00767881875021,/content/quantum rheed codex/result/professor_followup_analysis/final_comparison/jobs/followup_seed-303_strategy-uncertainty_diversity/job_state.json
303,uncertainty_diversity,Trajectories/2022-02-04/124_RR220204A_444C_1748.bmp || Trajectories/2022-04-11/330_RR220411A_762C_1910.bmp,5,,0.6915242075920105,41.005999194847966,/content/quantum rheed codex/result/professor_followup_analysis/final_comparison/jobs/followup_seed-303_strategy-uncertainty_diversity/job_state.json
303,uncertainty_diversity,Trajectories/2022-02-06/125_RR220206A_887C_1925.bmp || Trajectories/2022-04-11/226_RR220411A_873C_1725.bmp,5,,0.6903731226921082,39.47997208497977,/content/quantum rheed codex/result/professor_followup_analysis/final_comparison/jobs/followup_seed-303_strategy-uncertainty_diversity/job_state.json
303,uncertainty_diversity,Trajectories/2022-02-04/229_RR220204A_696C_1901-02.bmp || Trajectories/2022-04-11/208_RR220411A_850C_1713-02.bmp,11,,0.6852275133132935,37.33233798414922,/content/quantum rheed codex/result/professor_followup_analysis/final_comparison/jobs/followup_seed-303_strategy-uncertainty_diversity/job_state.json
303,uncertainty_diversity,Trajectories/2022-02-04/001_RR220204A_933C_0006.bmp || Trajectories/2022-02-06/230_RR220206A_767C_2143.bmp,0,,0.6846835017204285,29.821265219901804,/content/quantum rheed codex/result/professor_followup_analysis/final_comparison/jobs/followup_seed-303_strategy-uncertainty_diversity/job_state.json
303,uncertainty_diversity,Trajectories/2022-02-04/037_RR220204A_579C_0146.bmp || Trajectories/2022-02-06/265_RR220206A_498C_2232.bmp,16,,0.6841163635253906,32.40612701062561,/content/quantum rheed codex/result/professor_followup_analysis/final_comparison/jobs/followup_seed-303_strategy-uncertainty_diversity/job_state.json
303,uncertainty_diversity,Trajectories/2022-04-11/227_RR220411A_877C_1726.bmp || Trajectories/2022-04-11/323_RR220411A_816C_1903.bmp,5,,0.6928306818008423,39.7803224581024,/content/quantum rheed codex/result/professor_followup_analysis/final_comparison/jobs/followup_seed-303_strategy-uncertainty_diversity/job_state.json
303,uncertainty_diversity,Trajectories/2022-02-04/221_RR220204A_666C_1854.bmp || Trajectories/2022-02-04/339_RR220204A_938C_2110.bmp,7,,0.6870374083518982,32.38869233767886,/content/quantum rheed codex/result/professor_followup_analysis/final_comparison/jobs/followup_seed-303_strategy-uncertainty_diversity/job_state.json
303,uncertainty_diversity,Trajectories/2022-02-06/037_RR220206A_165C_1722.bmp || Trajectories/2022-04-11/219_RR220411A_865C_1720.bmp,1,,0.6803244948387146,36.694650671425,/content/quantum rheed codex/result/professor_followup_analysis/final_comparison/jobs/followup_seed-303_strategy-uncertainty_diversity/job_state.json
303,uncertainty_diversity,Trajectories/2022-02-06/057_RR220206A_249C_1744.bmp || Trajectories/2022-02-06/154_RR220206A_1092C_2003-02.bmp,17,,0.6823532581329346,29.95162226791626,/content/quantum rheed codex/result/professor_followup_analysis/final_comparison/jobs/followup_seed-303_strategy-uncertainty_diversity/job_state.json
303,uncertainty_diversity,Trajectories/2022-04-11/183_RR220411A_794C_1655.bmp || Trajectories/2022-04-11/226_RR220411A_873C_1725.bmp,11,,0.6887111663818359,38.437329905991156,/content/quantum rheed codex/result/professor_followup_analysis/final_comparison/jobs/followup_seed-303_strategy-uncertainty_diversity/job_state.json
303,uncertainty_diversity,Trajectories/2022-02-06/137_RR220206A_982C_1937.bmp || Trajectories/2022-04-11/191_RR220411A_821C_1704.bmp,16,,0.6777957081794739,33.45344255524431,/content/quantum rheed codex/result/professor_followup_analysis/final_comparison/jobs/followup_seed-303_strategy-uncertainty_diversity/job_state.json
303,uncertainty_diversity,Trajectories/2022-02-04/128_RR220204A_459C_1753.bmp || Trajectories/2022-02-04/380_RR220204A_937C_2323.bmp,5,,0.6897065043449402,39.701470833458956,/content/quantum rheed codex/result/professor_followup_analysis/final_comparison/jobs/followup_seed-303_strategy-uncertainty_diversity/job_state.json
303,uncertainty_diversity,Trajectories/2022-02-06/180_RR220206A_1031C_2041.bmp || Trajectories/2022-04-11/277_RR220411A_936C_1828.bmp,0,,0.6785973906517029,30.17943749763316,/content/quantum rheed codex/result/professor_followup_analysis/final_comparison/jobs/followup_seed-303_strategy-uncertainty_diversity/job_state.json
303,uncertainty_diversity,Trajectories/2022-04-11/053_RR220411A_374C_1502.bmp || Trajectories/2022-04-11/156_RR220411A_699C_1628.bmp,4,,0.6903448104858398,32.01425313184714,/content/quantum rheed codex/result/professor_followup_analysis/final_comparison/jobs/followup_seed-303_strategy-uncertainty_diversity/job_state.json
303,uncertainty_diversity,Trajectories/2022-04-11/008_RR220411A_193C_1422.bmp || Trajectories/2022-04-11/093_RR220411A_482C_1531.bmp,13,,0.688309371471405,30.332046477981127,/content/quantum rheed codex/result/professor_followup_analysis/final_comparison/jobs/followup_seed-303_strategy-uncertainty_diversity/job_state.json
303,uncertainty_diversity,Trajectories/2022-04-11/069_RR220411A_428C_1515.bmp || Trajectories/2022-04-11/231_RR220411A_882C_1729.bmp,1,,0.6792395114898682,35.58995971965655,/content/quantum rheed codex/result/professor_followup_analysis/final_comparison/jobs/followup_seed-303_strategy-uncertainty_diversity/job_state.json
303,uncertainty_diversity,Trajectories/2022-02-04/147_RR220204A_486C_1804.bmp || Trajectories/2022-04-11/363_RR220411A_661C_1929.bmp,5,,0.6918637752532959,41.03969224704764,/content/quantum rheed codex/result/professor_followup_analysis/final_comparison/jobs/followup_seed-303_strategy-uncertainty_diversity/job_state.json
303,uncertainty_diversity,Trajectories/2022-02-04/230_RR220204A_695C_1902.bmp || Trajectories/2022-02-06/074_RR220206A_430C_1809.bmp,12,,0.692595899105072,32.90272157860998,/content/quantum rheed codex/result/professor_followup_analysis/final_comparison/jobs/followup_seed-303_strategy-uncertainty_diversity/job_state.json
303,uncertainty_diversity,Trajectories/2022-02-04/034_RR220204A_655C_0142.bmp || Trajectories/2022-02-06/272_RR220206A_424C_2242.bmp,16,,0.6788799166679382,33.662345256921235,/content/quantum rheed codex/result/professor_followup_analysis/final_comparison/jobs/followup_seed-303_strategy-uncertainty_diversity/job_state.json
303,uncertainty_diversity,Trajectories/2022-02-06/108_RR220206A_769C_1854.bmp || Trajectories/2022-02-06/199_RR220206A_940C_2106.bmp,9,,0.6899300813674927,27.804987205715197,/content/quantum rheed codex/result/professor_followup_analysis/final_comparison/jobs/followup_seed-303_strategy-uncertainty_diversity/job_state.json
303,uncertainty_diversity,Trajectories/2022-02-04/063_RR220204A_165C_0215-03.bmp || Trajectories/2022-04-11/376_RR220411A_620C_1938.bmp,19,,0.6718878746032715,36.048088223385136,/content/quantum rheed codex/result/professor_followup_analysis/final_comparison/jobs/followup_seed-303_strategy-uncertainty_diversity/job_state.json
303,uncertainty_diversity,Trajectories/2022-02-04/139_RR220204A_470C_1758.bmp || Trajectories/2022-04-11/372_RR220411A_636C_1935.bmp,5,,0.6917113661766052,41.34467190118922,/content/quantum rheed codex/result/professor_followup_analysis/final_comparison/jobs/followup_seed-303_strategy-uncertainty_diversity/job_state.json
303,uncertainty_diversity,Trajectories/2022-02-04/020_RR220204A_981C_0126-02.bmp || Trajectories/2022-02-04/133_RR220204A_467C_1754-01.bmp,11,,0.6857355237007141,38.37146731237357,/content/quantum rheed codex/result/professor_followup_analysis/final_comparison/jobs/followup_seed-303_strategy-uncertainty_diversity/job_state.json
303,uncertainty_diversity,Trajectories/2022-02-04/188_RR220204A_579C_1829.bmp || Trajectories/2022-04-11/113_RR220411A_539C_1548.bmp,1,,0.689071774482727,36.60613375847557,/content/quantum rheed codex/result/professor_followup_analysis/final_comparison/jobs/followup_seed-303_strategy-uncertainty_diversity/job_state.json
303,uncertainty_diversity,Trajectories/2022-02-04/085_RR220204A_378C_1720.bmp || Trajectories/2022-02-04/382_RR220204A_935C_2330.bmp,11,,0.6899011731147766,39.248843333514834,/content/quantum rheed codex/result/professor_followup_analysis/final_comparison/jobs/followup_seed-303_strategy-uncertainty_diversity/job_state.json
303,uncertainty_diversity,Trajectories/2022-02-04/132_RR220204A_468C_1754.bmp || Trajectories/2022-04-11/246_RR220411A_915C_1741.bmp,5,,0.6923397779464722,40.73777830937675,/content/quantum rheed codex/result/professor_followup_analysis/final_comparison/jobs/followup_seed-303_strategy-uncertainty_diversity/job_state.json
303,uncertainty_diversity,Trajectories/2022-02-04/181_RR220204A_572C_1825.bmp || Trajectories/2022-04-11/437_RR220411A_345C_2004.bmp,5,,0.6892527341842651,40.87154224271534,/content/quantum rheed codex/result/professor_followup_analysis/final_comparison/jobs/followup_seed-303_strategy-uncertainty_diversity/job_state.json
303,uncertainty_diversity,Trajectories/2022-02-04/148_RR220204A_480C_1804.bmp || Trajectories/2022-04-11/314_RR220411A_836C_1857.bmp,5,,0.6919720768928528,40.16207884785172,/content/quantum rheed codex/result/professor_followup_analysis/final_comparison/jobs/followup_seed-303_strategy-uncertainty_diversity/job_state.json
303,uncertainty_diversity,Trajectories/2022-04-11/063_RR220411A_402C_1510.bmp || Trajectories/2022-04-11/131_RR220411A_606C_1603.bmp,4,,0.6912720799446106,32.503577267749236,/content/quantum rheed codex/result/professor_followup_analysis/final_comparison/jobs/followup_seed-303_strategy-uncertainty_diversity/job_state.json
303,uncertainty_diversity,Trajectories/2022-02-06/213_RR220206A_849C_2121.bmp || Trajectories/2022-04-11/104_RR220411A_501C_1540.bmp,17,,0.681441605091095,29.777960838994755,/content/quantum rheed codex/result/professor_followup_analysis/final_comparison/jobs/followup_seed-303_strategy-uncertainty_diversity/job_state.json
303,uncertainty_diversity,Trajectories/2022-02-06/104_RR220206A_734C_1847.bmp || Trajectories/2022-02-06/207_RR220206A_875C_2114.bmp,9,,0.690212607383728,27.726844365700398,/content/quantum rheed codex/result/professor_followup_analysis/final_comparison/jobs/followup_seed-303_strategy-uncertainty_diversity/job_state.json
303,uncertainty_diversity,Trajectories/2022-02-04/007_RR220204A_931C_0051.bmp || Trajectories/2022-04-11/291_RR220411A_888C_1840.bmp,7,,0.6794285178184509,33.162607599011714,/content/quantum rheed codex/result/professor_followup_analysis/final_comparison/jobs/followup_seed-303_strategy-uncertainty_diversity/job_state.json
303,uncertainty_diversity,Trajectories/2022-02-04/338_RR220204A_940C_2108.bmp || Trajectories/2022-04-11/354_RR220411A_693C_1924.bmp,19,,0.6696966886520386,34.64678132203409,/content/quantum rheed codex/result/professor_followup_analysis/final_comparison/jobs/followup_seed-303_strategy-uncertainty_diversity/job_state.json
303,uncertainty_diversity,Trajectories/2022-02-04/085_RR220204A_378C_1720.bmp || Trajectories/2022-02-04/328_RR220204A_946C_2053.bmp,19,,0.6803987622261047,36.99312330449696,/content/quantum rheed codex/result/professor_followup_analysis/final_comparison/jobs/followup_seed-303_strategy-uncertainty_diversity/job_state.json
303,uncertainty_diversity,Trajectories/2022-02-04/379_RR220204A_937C_2315.bmp || Trajectories/2022-02-06/257_RR220206A_581C_2222.bmp,16,,0.6801337599754333,33.27421344228939,/content/quantum rheed codex/result/professor_followup_analysis/final_comparison/jobs/followup_seed-303_strategy-uncertainty_diversity/job_state.json
303,uncertainty_diversity,Trajectories/2022-04-11/100_RR220411A_492C_1537.bmp || Trajectories/2022-04-11/363_RR220411A_661C_1929.bmp,1,,0.6812145709991455,36.668981243685145,/content/quantum rheed codex/result/professor_followup_analysis/final_comparison/jobs/followup_seed-303_strategy-uncertainty_diversity/job_state.json
303,uncertainty_diversity,Trajectories/2022-02-04/178_RR220204A_544C_1822.bmp || Trajectories/2022-04-11/013_RR220411A_223C_1424.bmp,16,,0.6701129078865051,33.92106235972577,/content/quantum rheed codex/result/professor_followup_analysis/final_comparison/jobs/followup_seed-303_strategy-uncertainty_diversity/job_state.json
303,uncertainty_diversity,Trajectories/2022-02-06/055_RR220206A_239C_1742.bmp || Trajectories/2022-04-11/409_RR220411A_474C_1953.bmp,1,,0.6770748496055603,37.76637616026163,/content/quantum rheed codex/result/professor_followup_analysis/final_comparison/jobs/followup_seed-303_strategy-uncertainty_diversity/job_state.json
303,uncertainty_diversity,Trajectories/2022-02-04/205_RR220204A_642C_1839-02.bmp || Trajectories/2022-02-04/337_RR220204A_938C_2106.bmp,7,,0.6825827360153198,33.82630699934701,/content/quantum rheed codex/result/professor_followup_analysis/final_comparison/jobs/followup_seed-303_strategy-uncertainty_diversity/job_state.json
303,uncertainty_diversity,Trajectories/2022-02-06/215_RR220206A_835C_2123.bmp || Trajectories/2022-04-11/140_RR220411A_647C_1612.bmp,17,,0.6803187131881714,30.186768540772924,/content/quantum rheed codex/result/professor_followup_analysis/final_comparison/jobs/followup_seed-303_strategy-uncertainty_diversity/job_state.json
303,uncertainty_diversity,Trajectories/2022-02-04/024_RR220204A_927C_0130.bmp || Trajectories/2022-02-04/261_RR220204A_790C_1930.bmp,18,,0.6733622550964355,30.817535957526957,/content/quantum rheed codex/result/professor_followup_analysis/final_comparison/jobs/followup_seed-303_strategy-uncertainty_diversity/job_state.json
303,uncertainty_diversity,Trajectories/2022-02-06/036_RR220206A_165C_1721.bmp || Trajectories/2022-04-11/370_RR220411A_640C_1934.bmp,1,,0.6779633164405823,36.33969674819586,/content/quantum rheed codex/result/professor_followup_analysis/final_comparison/jobs/followup_seed-303_strategy-uncertainty_diversity/job_state.json
303,uncertainty_diversity,Trajectories/2022-02-04/385_RR220204A_939C_2340.bmp || Trajectories/2022-02-06/171_RR220206A_1085C_2027.bmp,0,,0.6771664619445801,30.633310114143985,/content/quantum rheed codex/result/professor_followup_analysis/final_comparison/jobs/followup_seed-303_strategy-uncertainty_diversity/job_state.json
303,uncertainty_diversity,Trajectories/2022-04-11/108_RR220411A_507C_1543.bmp || Trajectories/2022-04-11/379_RR220411A_614C_1940.bmp,1,,0.6803997159004211,37.09254529712946,/content/quantum rheed codex/result/professor_followup_analysis/final_comparison/jobs/followup_seed-303_strategy-uncertainty_diversity/job_state.json
303,uncertainty_diversity,Trajectories/2022-02-06/194_RR220206A_962C_2059.bmp || Trajectories/2022-04-11/293_RR220411A_882C_1842.bmp,0,,0.6693295836448669,31.578835797601435,/content/quantum rheed codex/result/professor_followup_analysis/final_comparison/jobs/followup_seed-303_strategy-uncertainty_diversity/job_state.json
303,uncertainty_diversity,Trajectories/2022-02-04/003_RR220204A_932C_0017.bmp || Trajectories/2022-04-11/439_RR220411A_330C_2005.bmp,3,,0.6730520129203796,37.169931862853794,/content/quantum rheed codex/result/professor_followup_analysis/final_comparison/jobs/followup_seed-303_strategy-uncertainty_diversity/job_state.json
303,uncertainty_diversity,Trajectories/2022-02-04/300_RR220204A_881C_2018.bmp || Trajectories/2022-02-06/195_RR220206A_944C_2101.bmp,2,,0.6487041115760803,20.853167944479004,/content/quantum rheed codex/result/professor_followup_analysis/final_comparison/jobs/followup_seed-303_strategy-uncertainty_diversity/job_state.json
303,uncertainty_diversity,Trajectories/2022-02-04/139_RR220204A_470C_1758.bmp || Trajectories/2022-04-11/094_RR220411A_484C_1532.bmp,1,,0.680460512638092,37.44696760367751,/content/quantum rheed codex/result/professor_followup_analysis/final_comparison/jobs/followup_seed-303_strategy-uncertainty_diversity/job_state.json
303,uncertainty_diversity,Trajectories/2022-02-04/079_RR220204A_301C_1717.bmp || Trajectories/2022-02-04/329_RR220204A_946C_2054.bmp,19,,0.6796386241912842,37.01516619006767,/content/quantum rheed codex/result/professor_followup_analysis/final_comparison/jobs/followup_seed-303_strategy-uncertainty_diversity/job_state.json
303,uncertainty_diversity,Trajectories/2022-02-04/206_RR220204A_641C_1841.bmp || Trajectories/2022-02-06/187_RR220206A_985C_2051.bmp,0,,0.6723958253860474,31.481096398881977,/content/quantum rheed codex/result/professor_followup_analysis/final_comparison/jobs/followup_seed-303_strategy-uncertainty_diversity/job_state.json
303,uncertainty_diversity,Trajectories/2022-02-06/191_RR220206A_960C_2056.bmp || Trajectories/2022-04-11/286_RR220411A_906C_1837.bmp,0,,0.6735936999320984,30.99254633459571,/content/quantum rheed codex/result/professor_followup_analysis/final_comparison/jobs/followup_seed-303_strategy-uncertainty_diversity/job_state.json
303,uncertainty_diversity,Trajectories/2022-04-11/076_RR220411A_442C_1520.bmp || Trajectories/2022-04-11/387_RR220411A_578C_1943.bmp,1,,0.6744927167892456,36.35245052450376,/content/quantum rheed codex/result/professor_followup_analysis/final_comparison/jobs/followup_seed-303_strategy-uncertainty_diversity/job_state.json
303,uncertainty_diversity,Trajectories/2022-02-06/241_RR220206A_692C_2157.bmp || Trajectories/2022-04-11/201_RR220411A_843C_1711-01.bmp,16,,0.6652083396911621,33.66788532646822,/content/quantum rheed codex/result/professor_followup_analysis/final_comparison/jobs/followup_seed-303_strategy-uncertainty_diversity/job_state.json
303,uncertainty_diversity,Trajectories/2022-02-06/189_RR220206A_971C_2054-01.bmp || Trajectories/2022-04-11/286_RR220411A_906C_1837.bmp,0,,0.6737451553344727,31.000581605915773,/content/quantum rheed codex/result/professor_followup_analysis/final_comparison/jobs/followup_seed-303_strategy-uncertainty_diversity/job_state.json
303,uncertainty_diversity,Trajectories/2022-02-04/294_RR220204A_843C_2014.bmp || Trajectories/2022-02-06/140_RR220206A_993C_1941.bmp,2,,0.6503118872642517,21.967732835259877,/content/quantum rheed codex/result/professor_followup_analysis/final_comparison/jobs/followup_seed-303_strategy-uncertainty_diversity/job_state.json
303,uncertainty_diversity,Trajectories/2022-02-06/193_RR220206A_957C_2058.bmp || Trajectories/2022-04-11/303_RR220411A_863C_1849.bmp,0,,0.6665878295898438,31.987100863997764,/content/quantum rheed codex/result/professor_followup_analysis/final_comparison/jobs/followup_seed-303_strategy-uncertainty_diversity/job_state.json
