Image1_Path,Image1_Name,Image2_Path,Image2_Name,Reconstruction_Type,Winner,Labeler_Name,Notes,Created_At,Brightness_1,Brightness_2,Confidence,canonical_type,pair_id,resolved_img1,resolved_img2,type_idx,confidence_weight
Trajectories/2022-02-04/335_RR220204A_940C_2102.bmp,335_RR220204A_940C_2102.bmp,Trajectories/2022-02-04/305_RR220204A_915C_2023.bmp,305_RR220204A_915C_2023.bmp,(1 x 1),tie,HL,,2026-01-06T21:46:37.691550,286.0,400.0,Confident,(1 x 1),Trajectories/2022-02-04/305_RR220204A_915C_2023.bmp || Trajectories/2022-02-04/335_RR220204A_940C_2102.bmp,/content/rl_quantum_2026summer/data/original data/Trajectories/2022-02-04/335_RR220204A_940C_2102.bmp,/content/rl_quantum_2026summer/data/original data/Trajectories/2022-02-04/305_RR220204A_915C_2023.bmp,0,1.0
Trajectories/2022-02-04/335_RR220204A_940C_2102.bmp,335_RR220204A_940C_2102.bmp,Trajectories/2022-02-04/305_RR220204A_915C_2023.bmp,305_RR220204A_915C_2023.bmp,c(6 x 2),not_apply,HL,,2026-01-06T21:46:38.462089,286.0,400.0,Confident,c(6 x 2),Trajectories/2022-02-04/305_RR220204A_915C_2023.bmp || Trajectories/2022-02-04/335_RR220204A_940C_2102.bmp,/content/rl_quantum_2026summer/data/original data/Trajectories/2022-02-04/335_RR220204A_940C_2102.bmp,/content/rl_quantum_2026summer/data/original data/Trajectories/2022-02-04/305_RR220204A_915C_2023.bmp,2,1.0
Trajectories/2022-02-04/335_RR220204A_940C_2102.bmp,335_RR220204A_940C_2102.bmp,Trajectories/2022-02-04/305_RR220204A_915C_2023.bmp,305_RR220204A_915C_2023.bmp,Twinned(2 x 1),tie,HL,,2026-01-06T21:46:39.186417,286.0,400.0,Confident,Twinned(2 x 1),Trajectories/2022-02-04/305_RR220204A_915C_2023.bmp || Trajectories/2022-02-04/335_RR220204A_940C_2102.bmp,/content/rl_quantum_2026summer/data/original data/Trajectories/2022-02-04/335_RR220204A_940C_2102.bmp,/content/rl_quantum_2026summer/data/original data/Trajectories/2022-02-04/305_RR220204A_915C_2023.bmp,1,1.0
Trajectories/2022-02-04/335_RR220204A_940C_2102.bmp,335_RR220204A_940C_2102.bmp,Trajectories/2022-02-04/305_RR220204A_915C_2023.bmp,305_RR220204A_915C_2023.bmp,HTR,not_apply,HL,,2026-01-06T21:46:40.027616,286.0,400.0,Confident,HTR,Trajectories/2022-02-04/305_RR220204A_915C_2023.bmp || Trajectories/2022-02-04/335_RR220204A_940C_2102.bmp,/content/rl_quantum_2026summer/data/original data/Trajectories/2022-02-04/335_RR220204A_940C_2102.bmp,/content/rl_quantum_2026summer/data/original data/Trajectories/2022-02-04/305_RR220204A_915C_2023.bmp,4,1.0
Trajectories/2022-02-04/335_RR220204A_940C_2102.bmp,335_RR220204A_940C_2102.bmp,Trajectories/2022-02-04/305_RR220204A_915C_2023.bmp,305_RR220204A_915C_2023.bmp,(√13 x √13),tie,HL,,2026-01-06T21:46:40.783501,286.0,400.0,Confident,(√13 x √13),Trajectories/2022-02-04/305_RR220204A_915C_2023.bmp || Trajectories/2022-02-04/335_RR220204A_940C_2102.bmp,/content/rl_quantum_2026summer/data/original data/Trajectories/2022-02-04/335_RR220204A_940C_2102.bmp,/content/rl_quantum_2026summer/data/original data/Trajectories/2022-02-04/305_RR220204A_915C_2023.bmp,3,1.0
Trajectories/2022-04-11/001_RR220411A_180C_1417-01.bmp,001_RR220411A_180C_1417-01.bmp,Trajectories/2022-04-11/051_RR220411A_370C_1500.bmp,051_RR220411A_370C_1500.bmp,(1 x 1),tie,AJ,,2025-12-12T00:17:07.694727,,,,(1 x 1),Trajectories/2022-04-11/001_RR220411A_180C_1417-01.bmp || Trajectories/2022-04-11/051_RR220411A_370C_1500.bmp,/content/rl_quantum_2026summer/data/original data/Trajectories/2022-04-11/001_RR220411A_180C_1417-01.bmp,/content/rl_quantum_2026summer/data/original data/Trajectories/2022-04-11/051_RR220411A_370C_1500.bmp,0,1.0
Trajectories/2022-02-04/049_RR220204A_218C_0201.bmp,049_RR220204A_218C_0201.bmp,Trajectories/2022-02-04/307_RR220204A_912C_2025.bmp,307_RR220204A_912C_2025.bmp,(1 x 1),tie,SY,,2025-12-10T16:54:22.255228,,,,(1 x 1),Trajectories/2022-02-04/049_RR220204A_218C_0201.bmp || Trajectories/2022-02-04/307_RR220204A_912C_2025.bmp,/content/rl_quantum_2026summer/data/original data/Trajectories/2022-02-04/049_RR220204A_218C_0201.bmp,/content/rl_quantum_2026summer/data/original data/Trajectories/2022-02-04/307_RR220204A_912C_2025.bmp,0,1.0
Trajectories/2022-02-04/049_RR220204A_218C_0201.bmp,049_RR220204A_218C_0201.bmp,Trajectories/2022-02-04/307_RR220204A_912C_2025.bmp,307_RR220204A_912C_2025.bmp,HTR,not_apply,SY,,2025-12-10T16:54:23.058574,,,,HTR,Trajectories/2022-02-04/049_RR220204A_218C_0201.bmp || Trajectories/2022-02-04/307_RR220204A_912C_2025.bmp,/content/rl_quantum_2026summer/data/original data/Trajectories/2022-02-04/049_RR220204A_218C_0201.bmp,/content/rl_quantum_2026summer/data/original data/Trajectories/2022-02-04/307_RR220204A_912C_2025.bmp,4,1.0
Trajectories/2022-02-04/049_RR220204A_218C_0201.bmp,049_RR220204A_218C_0201.bmp,Trajectories/2022-02-04/307_RR220204A_912C_2025.bmp,307_RR220204A_912C_2025.bmp,(√13 x √13),2,SY,,2025-12-10T16:54:23.808624,,,,(√13 x √13),Trajectories/2022-02-04/049_RR220204A_218C_0201.bmp || Trajectories/2022-02-04/307_RR220204A_912C_2025.bmp,/content/rl_quantum_2026summer/data/original data/Trajectories/2022-02-04/049_RR220204A_218C_0201.bmp,/content/rl_quantum_2026summer/data/original data/Trajectories/2022-02-04/307_RR220204A_912C_2025.bmp,3,1.0
Trajectories/2022-02-04/049_RR220204A_218C_0201.bmp,049_RR220204A_218C_0201.bmp,Trajectories/2022-02-04/307_RR220204A_912C_2025.bmp,307_RR220204A_912C_2025.bmp,c(6 x 2),not_apply,SY,,2025-12-10T16:54:24.538820,,,,c(6 x 2),Trajectories/2022-02-04/049_RR220204A_218C_0201.bmp || Trajectories/2022-02-04/307_RR220204A_912C_2025.bmp,/content/rl_quantum_2026summer/data/original data/Trajectories/2022-02-04/049_RR220204A_218C_0201.bmp,/content/rl_quantum_2026summer/data/original data/Trajectories/2022-02-04/307_RR220204A_912C_2025.bmp,2,1.0
Trajectories/2022-02-04/049_RR220204A_218C_0201.bmp,049_RR220204A_218C_0201.bmp,Trajectories/2022-02-04/307_RR220204A_912C_2025.bmp,307_RR220204A_912C_2025.bmp,Twinned(2 x 1),1,SY,,2025-12-10T16:54:25.263096,,,,Twinned(2 x 1),Trajectories/2022-02-04/049_RR220204A_218C_0201.bmp || Trajectories/2022-02-04/307_RR220204A_912C_2025.bmp,/content/rl_quantum_2026summer/data/original data/Trajectories/2022-02-04/049_RR220204A_218C_0201.bmp,/content/rl_quantum_2026summer/data/original data/Trajectories/2022-02-04/307_RR220204A_912C_2025.bmp,1,1.0
Trajectories/2022-02-04/221_RR220204A_666C_1854.bmp,221_RR220204A_666C_1854.bmp,Trajectories/2022-02-04/339_RR220204A_938C_2110.bmp,339_RR220204A_938C_2110.bmp,(√13 x √13),tie,AJ,,2025-12-12T00:16:20.231879,,,,(√13 x √13),Trajectories/2022-02-04/221_RR220204A_666C_1854.bmp || Trajectories/2022-02-04/339_RR220204A_938C_2110.bmp,/content/rl_quantum_2026summer/data/original data/Trajectories/2022-02-04/221_RR220204A_666C_1854.bmp,/content/rl_quantum_2026summer/data/original data/Trajectories/2022-02-04/339_RR220204A_938C_2110.bmp,3,1.0
Trajectories/2022-02-04/332_RR220204A_941C_2057.bmp,332_RR220204A_941C_2057.bmp,Trajectories/2022-02-04/295_RR220204A_882C_2015.bmp,295_RR220204A_882C_2015.bmp,(√13 x √13),1,HL,,2025-12-15T20:55:33.117354,,,,(√13 x √13),Trajectories/2022-02-04/295_RR220204A_882C_2015.bmp || Trajectories/2022-02-04/332_RR220204A_941C_2057.bmp,/content/rl_quantum_2026summer/data/original data/Trajectories/2022-02-04/332_RR220204A_941C_2057.bmp,/content/rl_quantum_2026summer/data/original data/Trajectories/2022-02-04/295_RR220204A_882C_2015.bmp,3,1.0
Trajectories/2022-02-04/332_RR220204A_941C_2057.bmp,332_RR220204A_941C_2057.bmp,Trajectories/2022-02-04/295_RR220204A_882C_2015.bmp,295_RR220204A_882C_2015.bmp,(1 x 1),not_apply,HL,,2025-12-15T20:55:34.456809,,,,(1 x 1),Trajectories/2022-02-04/295_RR220204A_882C_2015.bmp || Trajectories/2022-02-04/332_RR220204A_941C_2057.bmp,/content/rl_quantum_2026summer/data/original data/Trajectories/2022-02-04/332_RR220204A_941C_2057.bmp,/content/rl_quantum_2026summer/data/original data/Trajectories/2022-02-04/295_RR220204A_882C_2015.bmp,0,1.0
Trajectories/2022-02-04/332_RR220204A_941C_2057.bmp,332_RR220204A_941C_2057.bmp,Trajectories/2022-02-04/295_RR220204A_882C_2015.bmp,295_RR220204A_882C_2015.bmp,Twinned(2 x 1),1,HL,,2025-12-15T20:55:35.719314,,,,Twinned(2 x 1),Trajectories/2022-02-04/295_RR220204A_882C_2015.bmp || Trajectories/2022-02-04/332_RR220204A_941C_2057.bmp,/content/rl_quantum_2026summer/data/original data/Trajectories/2022-02-04/332_RR220204A_941C_2057.bmp,/content/rl_quantum_2026summer/data/original data/Trajectories/2022-02-04/295_RR220204A_882C_2015.bmp,1,1.0
Trajectories/2022-02-04/332_RR220204A_941C_2057.bmp,332_RR220204A_941C_2057.bmp,Trajectories/2022-02-04/295_RR220204A_882C_2015.bmp,295_RR220204A_882C_2015.bmp,c(6 x 2),not_apply,HL,,2025-12-15T20:55:36.996716,,,,c(6 x 2),Trajectories/2022-02-04/295_RR220204A_882C_2015.bmp || Trajectories/2022-02-04/332_RR220204A_941C_2057.bmp,/content/rl_quantum_2026summer/data/original data/Trajectories/2022-02-04/332_RR220204A_941C_2057.bmp,/content/rl_quantum_2026summer/data/original data/Trajectories/2022-02-04/295_RR220204A_882C_2015.bmp,2,1.0
Trajectories/2022-02-04/332_RR220204A_941C_2057.bmp,332_RR220204A_941C_2057.bmp,Trajectories/2022-02-04/295_RR220204A_882C_2015.bmp,295_RR220204A_882C_2015.bmp,HTR,not_apply,HL,,2025-12-15T20:55:38.113637,,,,HTR,Trajectories/2022-02-04/295_RR220204A_882C_2015.bmp || Trajectories/2022-02-04/332_RR220204A_941C_2057.bmp,/content/rl_quantum_2026summer/data/original data/Trajectories/2022-02-04/332_RR220204A_941C_2057.bmp,/content/rl_quantum_2026summer/data/original data/Trajectories/2022-02-04/295_RR220204A_882C_2015.bmp,4,1.0
Trajectories/2022-04-11/186_RR220411A_805C_1658.bmp,186_RR220411A_805C_1658.bmp,Trajectories/2022-04-11/138_RR220411A_635C_1610.bmp,138_RR220411A_635C_1610.bmp,c(6 x 2),not_apply,HL,,2025-12-15T21:06:18.895132,,,,c(6 x 2),Trajectories/2022-04-11/138_RR220411A_635C_1610.bmp || Trajectories/2022-04-11/186_RR220411A_805C_1658.bmp,/content/rl_quantum_2026summer/data/original data/Trajectories/2022-04-11/186_RR220411A_805C_1658.bmp,/content/rl_quantum_2026summer/data/original data/Trajectories/2022-04-11/138_RR220411A_635C_1610.bmp,2,1.0
Trajectories/2022-04-11/186_RR220411A_805C_1658.bmp,186_RR220411A_805C_1658.bmp,Trajectories/2022-04-11/138_RR220411A_635C_1610.bmp,138_RR220411A_635C_1610.bmp,HTR,not_apply,HL,,2025-12-15T21:06:20.003553,,,,HTR,Trajectories/2022-04-11/138_RR220411A_635C_1610.bmp || Trajectories/2022-04-11/186_RR220411A_805C_1658.bmp,/content/rl_quantum_2026summer/data/original data/Trajectories/2022-04-11/186_RR220411A_805C_1658.bmp,/content/rl_quantum_2026summer/data/original data/Trajectories/2022-04-11/138_RR220411A_635C_1610.bmp,4,1.0
Trajectories/2022-04-11/186_RR220411A_805C_1658.bmp,186_RR220411A_805C_1658.bmp,Trajectories/2022-04-11/138_RR220411A_635C_1610.bmp,138_RR220411A_635C_1610.bmp,Twinned(2 x 1),not_apply,HL,,2025-12-15T21:06:20.947795,,,,Twinned(2 x 1),Trajectories/2022-04-11/138_RR220411A_635C_1610.bmp || Trajectories/2022-04-11/186_RR220411A_805C_1658.bmp,/content/rl_quantum_2026summer/data/original data/Trajectories/2022-04-11/186_RR220411A_805C_1658.bmp,/content/rl_quantum_2026summer/data/original data/Trajectories/2022-04-11/138_RR220411A_635C_1610.bmp,1,1.0
Trajectories/2022-04-11/186_RR220411A_805C_1658.bmp,186_RR220411A_805C_1658.bmp,Trajectories/2022-04-11/138_RR220411A_635C_1610.bmp,138_RR220411A_635C_1610.bmp,(1 x 1),tie,HL,,2025-12-15T21:06:21.869046,,,,(1 x 1),Trajectories/2022-04-11/138_RR220411A_635C_1610.bmp || Trajectories/2022-04-11/186_RR220411A_805C_1658.bmp,/content/rl_quantum_2026summer/data/original data/Trajectories/2022-04-11/186_RR220411A_805C_1658.bmp,/content/rl_quantum_2026summer/data/original data/Trajectories/2022-04-11/138_RR220411A_635C_1610.bmp,0,1.0
Trajectories/2022-04-11/186_RR220411A_805C_1658.bmp,186_RR220411A_805C_1658.bmp,Trajectories/2022-04-11/138_RR220411A_635C_1610.bmp,138_RR220411A_635C_1610.bmp,(√13 x √13),not_apply,HL,,2025-12-15T21:06:22.988743,,,,(√13 x √13),Trajectories/2022-04-11/138_RR220411A_635C_1610.bmp || Trajectories/2022-04-11/186_RR220411A_805C_1658.bmp,/content/rl_quantum_2026summer/data/original data/Trajectories/2022-04-11/186_RR220411A_805C_1658.bmp,/content/rl_quantum_2026summer/data/original data/Trajectories/2022-04-11/138_RR220411A_635C_1610.bmp,3,1.0
Trajectories/2022-02-04/019_RR220204A_981C_0126-01.bmp,019_RR220204A_981C_0126-01.bmp,Trajectories/2022-04-11/035_RR220411A_314C_1442.bmp,035_RR220411A_314C_1442.bmp,HTR,not_apply,HL,,2025-12-15T21:30:24.362722,,,,HTR,Trajectories/2022-02-04/019_RR220204A_981C_0126-01.bmp || Trajectories/2022-04-11/035_RR220411A_314C_1442.bmp,/content/rl_quantum_2026summer/data/original data/Trajectories/2022-02-04/019_RR220204A_981C_0126-01.bmp,/content/rl_quantum_2026summer/data/original data/Trajectories/2022-04-11/035_RR220411A_314C_1442.bmp,4,1.0
Trajectories/2022-02-04/019_RR220204A_981C_0126-01.bmp,019_RR220204A_981C_0126-01.bmp,Trajectories/2022-04-11/035_RR220411A_314C_1442.bmp,035_RR220411A_314C_1442.bmp,Twinned(2 x 1),1,HL,,2025-12-15T21:30:25.772467,,,,Twinned(2 x 1),Trajectories/2022-02-04/019_RR220204A_981C_0126-01.bmp || Trajectories/2022-04-11/035_RR220411A_314C_1442.bmp,/content/rl_quantum_2026summer/data/original data/Trajectories/2022-02-04/019_RR220204A_981C_0126-01.bmp,/content/rl_quantum_2026summer/data/original data/Trajectories/2022-04-11/035_RR220411A_314C_1442.bmp,1,1.0
Trajectories/2022-02-04/019_RR220204A_981C_0126-01.bmp,019_RR220204A_981C_0126-01.bmp,Trajectories/2022-04-11/035_RR220411A_314C_1442.bmp,035_RR220411A_314C_1442.bmp,(1 x 1),2,HL,,2025-12-15T21:30:26.991611,,,,(1 x 1),Trajectories/2022-02-04/019_RR220204A_981C_0126-01.bmp || Trajectories/2022-04-11/035_RR220411A_314C_1442.bmp,/content/rl_quantum_2026summer/data/original data/Trajectories/2022-02-04/019_RR220204A_981C_0126-01.bmp,/content/rl_quantum_2026summer/data/original data/Trajectories/2022-04-11/035_RR220411A_314C_1442.bmp,0,1.0
Trajectories/2022-02-04/019_RR220204A_981C_0126-01.bmp,019_RR220204A_981C_0126-01.bmp,Trajectories/2022-04-11/035_RR220411A_314C_1442.bmp,035_RR220411A_314C_1442.bmp,c(6 x 2),not_apply,HL,,2025-12-15T21:30:28.219463,,,,c(6 x 2),Trajectories/2022-02-04/019_RR220204A_981C_0126-01.bmp || Trajectories/2022-04-11/035_RR220411A_314C_1442.bmp,/content/rl_quantum_2026summer/data/original data/Trajectories/2022-02-04/019_RR220204A_981C_0126-01.bmp,/content/rl_quantum_2026summer/data/original data/Trajectories/2022-04-11/035_RR220411A_314C_1442.bmp,2,1.0
Trajectories/2022-02-04/019_RR220204A_981C_0126-01.bmp,019_RR220204A_981C_0126-01.bmp,Trajectories/2022-04-11/035_RR220411A_314C_1442.bmp,035_RR220411A_314C_1442.bmp,(√13 x √13),1,HL,,2025-12-15T21:30:29.483515,,,,(√13 x √13),Trajectories/2022-02-04/019_RR220204A_981C_0126-01.bmp || Trajectories/2022-04-11/035_RR220411A_314C_1442.bmp,/content/rl_quantum_2026summer/data/original data/Trajectories/2022-02-04/019_RR220204A_981C_0126-01.bmp,/content/rl_quantum_2026summer/data/original data/Trajectories/2022-04-11/035_RR220411A_314C_1442.bmp,3,1.0
Trajectories/2022-02-06/241_RR220206A_692C_2157.bmp,241_RR220206A_692C_2157.bmp,Trajectories/2022-04-11/201_RR220411A_843C_1711-01.bmp,201_RR220411A_843C_1711-01.bmp,Twinned(2 x 1),not_apply,HL,,2026-01-06T21:51:01.638435,312.0,308.0,Confident,Twinned(2 x 1),Trajectories/2022-02-06/241_RR220206A_692C_2157.bmp || Trajectories/2022-04-11/201_RR220411A_843C_1711-01.bmp,/content/rl_quantum_2026summer/data/original data/Trajectories/2022-02-06/241_RR220206A_692C_2157.bmp,/content/rl_quantum_2026summer/data/original data/Trajectories/2022-04-11/201_RR220411A_843C_1711-01.bmp,1,1.0
Trajectories/2022-02-06/241_RR220206A_692C_2157.bmp,241_RR220206A_692C_2157.bmp,Trajectories/2022-04-11/201_RR220411A_843C_1711-01.bmp,201_RR220411A_843C_1711-01.bmp,(1 x 1),1,HL,,2026-01-06T21:51:02.759982,312.0,308.0,Confident,(1 x 1),Trajectories/2022-02-06/241_RR220206A_692C_2157.bmp || Trajectories/2022-04-11/201_RR220411A_843C_1711-01.bmp,/content/rl_quantum_2026summer/data/original data/Trajectories/2022-02-06/241_RR220206A_692C_2157.bmp,/content/rl_quantum_2026summer/data/original data/Trajectories/2022-04-11/201_RR220411A_843C_1711-01.bmp,0,1.0
Trajectories/2022-02-06/241_RR220206A_692C_2157.bmp,241_RR220206A_692C_2157.bmp,Trajectories/2022-04-11/201_RR220411A_843C_1711-01.bmp,201_RR220411A_843C_1711-01.bmp,(√13 x √13),2,HL,,2026-01-06T21:51:03.653875,312.0,308.0,Confident,(√13 x √13),Trajectories/2022-02-06/241_RR220206A_692C_2157.bmp || Trajectories/2022-04-11/201_RR220411A_843C_1711-01.bmp,/content/rl_quantum_2026summer/data/original data/Trajectories/2022-02-06/241_RR220206A_692C_2157.bmp,/content/rl_quantum_2026summer/data/original data/Trajectories/2022-04-11/201_RR220411A_843C_1711-01.bmp,3,1.0
Trajectories/2022-02-06/241_RR220206A_692C_2157.bmp,241_RR220206A_692C_2157.bmp,Trajectories/2022-04-11/201_RR220411A_843C_1711-01.bmp,201_RR220411A_843C_1711-01.bmp,HTR,1,HL,,2026-01-06T21:51:04.502073,312.0,308.0,Confident,HTR,Trajectories/2022-02-06/241_RR220206A_692C_2157.bmp || Trajectories/2022-04-11/201_RR220411A_843C_1711-01.bmp,/content/rl_quantum_2026summer/data/original data/Trajectories/2022-02-06/241_RR220206A_692C_2157.bmp,/content/rl_quantum_2026summer/data/original data/Trajectories/2022-04-11/201_RR220411A_843C_1711-01.bmp,4,1.0
Trajectories/2022-02-06/241_RR220206A_692C_2157.bmp,241_RR220206A_692C_2157.bmp,Trajectories/2022-04-11/201_RR220411A_843C_1711-01.bmp,201_RR220411A_843C_1711-01.bmp,c(6 x 2),not_apply,HL,,2026-01-06T21:51:05.408432,312.0,308.0,Confident,c(6 x 2),Trajectories/2022-02-06/241_RR220206A_692C_2157.bmp || Trajectories/2022-04-11/201_RR220411A_843C_1711-01.bmp,/content/rl_quantum_2026summer/data/original data/Trajectories/2022-02-06/241_RR220206A_692C_2157.bmp,/content/rl_quantum_2026summer/data/original data/Trajectories/2022-04-11/201_RR220411A_843C_1711-01.bmp,2,1.0
Trajectories/2022-04-11/100_RR220411A_492C_1537.bmp,100_RR220411A_492C_1537.bmp,Trajectories/2022-02-04/159_RR220204A_501C_1809-01.bmp,159_RR220204A_501C_1809-01.bmp,Twinned(2 x 1),2,Jiangang,,2026-01-05T15:48:52.182908,305.0,327.0,Confident,Twinned(2 x 1),Trajectories/2022-02-04/159_RR220204A_501C_1809-01.bmp || Trajectories/2022-04-11/100_RR220411A_492C_1537.bmp,/content/rl_quantum_2026summer/data/original data/Trajectories/2022-04-11/100_RR220411A_492C_1537.bmp,/content/rl_quantum_2026summer/data/original data/Trajectories/2022-02-04/159_RR220204A_501C_1809-01.bmp,1,1.0
Trajectories/2022-04-11/100_RR220411A_492C_1537.bmp,100_RR220411A_492C_1537.bmp,Trajectories/2022-02-04/159_RR220204A_501C_1809-01.bmp,159_RR220204A_501C_1809-01.bmp,c(6 x 2),not_apply,Jiangang,,2026-01-05T15:48:53.139883,305.0,327.0,Confident,c(6 x 2),Trajectories/2022-02-04/159_RR220204A_501C_1809-01.bmp || Trajectories/2022-04-11/100_RR220411A_492C_1537.bmp,/content/rl_quantum_2026summer/data/original data/Trajectories/2022-04-11/100_RR220411A_492C_1537.bmp,/content/rl_quantum_2026summer/data/original data/Trajectories/2022-02-04/159_RR220204A_501C_1809-01.bmp,2,1.0
Trajectories/2022-04-11/100_RR220411A_492C_1537.bmp,100_RR220411A_492C_1537.bmp,Trajectories/2022-02-04/159_RR220204A_501C_1809-01.bmp,159_RR220204A_501C_1809-01.bmp,(1 x 1),1,Jiangang,,2026-01-05T15:48:54.039527,305.0,327.0,Confident,(1 x 1),Trajectories/2022-02-04/159_RR220204A_501C_1809-01.bmp || Trajectories/2022-04-11/100_RR220411A_492C_1537.bmp,/content/rl_quantum_2026summer/data/original data/Trajectories/2022-04-11/100_RR220411A_492C_1537.bmp,/content/rl_quantum_2026summer/data/original data/Trajectories/2022-02-04/159_RR220204A_501C_1809-01.bmp,0,1.0
Trajectories/2022-04-11/100_RR220411A_492C_1537.bmp,100_RR220411A_492C_1537.bmp,Trajectories/2022-02-04/159_RR220204A_501C_1809-01.bmp,159_RR220204A_501C_1809-01.bmp,HTR,not_apply,Jiangang,,2026-01-05T15:48:54.990813,305.0,327.0,Confident,HTR,Trajectories/2022-02-04/159_RR220204A_501C_1809-01.bmp || Trajectories/2022-04-11/100_RR220411A_492C_1537.bmp,/content/rl_quantum_2026summer/data/original data/Trajectories/2022-04-11/100_RR220411A_492C_1537.bmp,/content/rl_quantum_2026summer/data/original data/Trajectories/2022-02-04/159_RR220204A_501C_1809-01.bmp,4,1.0
Trajectories/2022-04-11/100_RR220411A_492C_1537.bmp,100_RR220411A_492C_1537.bmp,Trajectories/2022-02-04/159_RR220204A_501C_1809-01.bmp,159_RR220204A_501C_1809-01.bmp,(√13 x √13),2,Jiangang,,2026-01-05T15:48:55.985811,305.0,327.0,Confident,(√13 x √13),Trajectories/2022-02-04/159_RR220204A_501C_1809-01.bmp || Trajectories/2022-04-11/100_RR220411A_492C_1537.bmp,/content/rl_quantum_2026summer/data/original data/Trajectories/2022-04-11/100_RR220411A_492C_1537.bmp,/content/rl_quantum_2026summer/data/original data/Trajectories/2022-02-04/159_RR220204A_501C_1809-01.bmp,3,1.0
Trajectories/2022-02-04/156_RR220204A_490C_1808.bmp,156_RR220204A_490C_1808.bmp,Trajectories/2022-02-04/383_RR220204A_937C_2331.bmp,383_RR220204A_937C_2331.bmp,c(6 x 2),not_apply,Jiangang,,2026-01-05T15:47:50.744420,300.0,301.0,Confident,c(6 x 2),Trajectories/2022-02-04/156_RR220204A_490C_1808.bmp || Trajectories/2022-02-04/383_RR220204A_937C_2331.bmp,/content/rl_quantum_2026summer/data/original data/Trajectories/2022-02-04/156_RR220204A_490C_1808.bmp,/content/rl_quantum_2026summer/data/original data/Trajectories/2022-02-04/383_RR220204A_937C_2331.bmp,2,1.0
Trajectories/2022-02-04/156_RR220204A_490C_1808.bmp,156_RR220204A_490C_1808.bmp,Trajectories/2022-02-04/383_RR220204A_937C_2331.bmp,383_RR220204A_937C_2331.bmp,(1 x 1),not_apply,Jiangang,,2026-01-05T15:47:51.850515,300.0,301.0,Confident,(1 x 1),Trajectories/2022-02-04/156_RR220204A_490C_1808.bmp || Trajectories/2022-02-04/383_RR220204A_937C_2331.bmp,/content/rl_quantum_2026summer/data/original data/Trajectories/2022-02-04/156_RR220204A_490C_1808.bmp,/content/rl_quantum_2026summer/data/original data/Trajectories/2022-02-04/383_RR220204A_937C_2331.bmp,0,1.0
Trajectories/2022-02-04/156_RR220204A_490C_1808.bmp,156_RR220204A_490C_1808.bmp,Trajectories/2022-02-04/383_RR220204A_937C_2331.bmp,383_RR220204A_937C_2331.bmp,(√13 x √13),tie,Jiangang,,2026-01-05T15:47:52.872317,300.0,301.0,Confident,(√13 x √13),Trajectories/2022-02-04/156_RR220204A_490C_1808.bmp || Trajectories/2022-02-04/383_RR220204A_937C_2331.bmp,/content/rl_quantum_2026summer/data/original data/Trajectories/2022-02-04/156_RR220204A_490C_1808.bmp,/content/rl_quantum_2026summer/data/original data/Trajectories/2022-02-04/383_RR220204A_937C_2331.bmp,3,1.0
Trajectories/2022-02-04/156_RR220204A_490C_1808.bmp,156_RR220204A_490C_1808.bmp,Trajectories/2022-02-04/383_RR220204A_937C_2331.bmp,383_RR220204A_937C_2331.bmp,HTR,not_apply,Jiangang,,2026-01-05T15:47:53.817106,300.0,301.0,Confident,HTR,Trajectories/2022-02-04/156_RR220204A_490C_1808.bmp || Trajectories/2022-02-04/383_RR220204A_937C_2331.bmp,/content/rl_quantum_2026summer/data/original data/Trajectories/2022-02-04/156_RR220204A_490C_1808.bmp,/content/rl_quantum_2026summer/data/original data/Trajectories/2022-02-04/383_RR220204A_937C_2331.bmp,4,1.0
Trajectories/2022-02-04/156_RR220204A_490C_1808.bmp,156_RR220204A_490C_1808.bmp,Trajectories/2022-02-04/383_RR220204A_937C_2331.bmp,383_RR220204A_937C_2331.bmp,Twinned(2 x 1),tie,Jiangang,,2026-01-05T15:47:54.734992,300.0,301.0,Confident,Twinned(2 x 1),Trajectories/2022-02-04/156_RR220204A_490C_1808.bmp || Trajectories/2022-02-04/383_RR220204A_937C_2331.bmp,/content/rl_quantum_2026summer/data/original data/Trajectories/2022-02-04/156_RR220204A_490C_1808.bmp,/content/rl_quantum_2026summer/data/original data/Trajectories/2022-02-04/383_RR220204A_937C_2331.bmp,1,1.0
Trajectories/2022-02-06/215_RR220206A_835C_2123.bmp,215_RR220206A_835C_2123.bmp,Trajectories/2022-04-11/140_RR220411A_647C_1612.bmp,140_RR220411A_647C_1612.bmp,HTR,1,AJ,,2025-12-12T00:16:35.915204,,,,HTR,Trajectories/2022-02-06/215_RR220206A_835C_2123.bmp || Trajectories/2022-04-11/140_RR220411A_647C_1612.bmp,/content/rl_quantum_2026summer/data/original data/Trajectories/2022-02-06/215_RR220206A_835C_2123.bmp,/content/rl_quantum_2026summer/data/original data/Trajectories/2022-04-11/140_RR220411A_647C_1612.bmp,4,1.0
Trajectories/2022-02-06/215_RR220206A_835C_2123.bmp,215_RR220206A_835C_2123.bmp,Trajectories/2022-04-11/140_RR220411A_647C_1612.bmp,140_RR220411A_647C_1612.bmp,(1 x 1),2,AJ,,2025-12-12T00:16:36.690209,,,,(1 x 1),Trajectories/2022-02-06/215_RR220206A_835C_2123.bmp || Trajectories/2022-04-11/140_RR220411A_647C_1612.bmp,/content/rl_quantum_2026summer/data/original data/Trajectories/2022-02-06/215_RR220206A_835C_2123.bmp,/content/rl_quantum_2026summer/data/original data/Trajectories/2022-04-11/140_RR220411A_647C_1612.bmp,0,1.0
Trajectories/2022-04-11/057_RR220411A_389C_1506-01.bmp,057_RR220411A_389C_1506-01.bmp,Trajectories/2022-02-04/324_RR220204A_913C_2047.bmp,324_RR220204A_913C_2047.bmp,HTR,not_apply,Jiangang,,2026-01-05T15:53:10.648889,308.0,311.0,Confident,HTR,Trajectories/2022-02-04/324_RR220204A_913C_2047.bmp || Trajectories/2022-04-11/057_RR220411A_389C_1506-01.bmp,/content/rl_quantum_2026summer/data/original data/Trajectories/2022-04-11/057_RR220411A_389C_1506-01.bmp,/content/rl_quantum_2026summer/data/original data/Trajectories/2022-02-04/324_RR220204A_913C_2047.bmp,4,1.0
Trajectories/2022-04-11/057_RR220411A_389C_1506-01.bmp,057_RR220411A_389C_1506-01.bmp,Trajectories/2022-02-04/324_RR220204A_913C_2047.bmp,324_RR220204A_913C_2047.bmp,c(6 x 2),not_apply,Jiangang,,2026-01-05T15:53:11.575309,308.0,311.0,Confident,c(6 x 2),Trajectories/2022-02-04/324_RR220204A_913C_2047.bmp || Trajectories/2022-04-11/057_RR220411A_389C_1506-01.bmp,/content/rl_quantum_2026summer/data/original data/Trajectories/2022-04-11/057_RR220411A_389C_1506-01.bmp,/content/rl_quantum_2026summer/data/original data/Trajectories/2022-02-04/324_RR220204A_913C_2047.bmp,2,1.0
Trajectories/2022-04-11/057_RR220411A_389C_1506-01.bmp,057_RR220411A_389C_1506-01.bmp,Trajectories/2022-02-04/324_RR220204A_913C_2047.bmp,324_RR220204A_913C_2047.bmp,(√13 x √13),2,Jiangang,,2026-01-05T15:53:12.475751,308.0,311.0,Confident,(√13 x √13),Trajectories/2022-02-04/324_RR220204A_913C_2047.bmp || Trajectories/2022-04-11/057_RR220411A_389C_1506-01.bmp,/content/rl_quantum_2026summer/data/original data/Trajectories/2022-04-11/057_RR220411A_389C_1506-01.bmp,/content/rl_quantum_2026summer/data/original data/Trajectories/2022-02-04/324_RR220204A_913C_2047.bmp,3,1.0
Trajectories/2022-04-11/057_RR220411A_389C_1506-01.bmp,057_RR220411A_389C_1506-01.bmp,Trajectories/2022-02-04/324_RR220204A_913C_2047.bmp,324_RR220204A_913C_2047.bmp,(1 x 1),1,Jiangang,,2026-01-05T15:53:13.346375,308.0,311.0,Confident,(1 x 1),Trajectories/2022-02-04/324_RR220204A_913C_2047.bmp || Trajectories/2022-04-11/057_RR220411A_389C_1506-01.bmp,/content/rl_quantum_2026summer/data/original data/Trajectories/2022-04-11/057_RR220411A_389C_1506-01.bmp,/content/rl_quantum_2026summer/data/original data/Trajectories/2022-02-04/324_RR220204A_913C_2047.bmp,0,1.0
Trajectories/2022-04-11/057_RR220411A_389C_1506-01.bmp,057_RR220411A_389C_1506-01.bmp,Trajectories/2022-02-04/324_RR220204A_913C_2047.bmp,324_RR220204A_913C_2047.bmp,Twinned(2 x 1),2,Jiangang,,2026-01-05T15:53:14.291157,308.0,311.0,Confident,Twinned(2 x 1),Trajectories/2022-02-04/324_RR220204A_913C_2047.bmp || Trajectories/2022-04-11/057_RR220411A_389C_1506-01.bmp,/content/rl_quantum_2026summer/data/original data/Trajectories/2022-04-11/057_RR220411A_389C_1506-01.bmp,/content/rl_quantum_2026summer/data/original data/Trajectories/2022-02-04/324_RR220204A_913C_2047.bmp,1,1.0
Trajectories/2022-02-04/022_RR220204A_981C_0127.bmp,022_RR220204A_981C_0127.bmp,Trajectories/2022-02-04/114_RR220204A_440C_1738.bmp,114_RR220204A_440C_1738.bmp,HTR,not_apply,HL,,2025-12-15T21:28:47.723742,,,,HTR,Trajectories/2022-02-04/022_RR220204A_981C_0127.bmp || Trajectories/2022-02-04/114_RR220204A_440C_1738.bmp,/content/rl_quantum_2026summer/data/original data/Trajectories/2022-02-04/022_RR220204A_981C_0127.bmp,/content/rl_quantum_2026summer/data/original data/Trajectories/2022-02-04/114_RR220204A_440C_1738.bmp,4,1.0
Trajectories/2022-02-04/022_RR220204A_981C_0127.bmp,022_RR220204A_981C_0127.bmp,Trajectories/2022-02-04/114_RR220204A_440C_1738.bmp,114_RR220204A_440C_1738.bmp,Twinned(2 x 1),tie,HL,,2025-12-15T21:28:48.558482,,,,Twinned(2 x 1),Trajectories/2022-02-04/022_RR220204A_981C_0127.bmp || Trajectories/2022-02-04/114_RR220204A_440C_1738.bmp,/content/rl_quantum_2026summer/data/original data/Trajectories/2022-02-04/022_RR220204A_981C_0127.bmp,/content/rl_quantum_2026summer/data/original data/Trajectories/2022-02-04/114_RR220204A_440C_1738.bmp,1,1.0
Trajectories/2022-02-04/022_RR220204A_981C_0127.bmp,022_RR220204A_981C_0127.bmp,Trajectories/2022-02-04/114_RR220204A_440C_1738.bmp,114_RR220204A_440C_1738.bmp,c(6 x 2),not_apply,HL,,2025-12-15T21:28:49.362311,,,,c(6 x 2),Trajectories/2022-02-04/022_RR220204A_981C_0127.bmp || Trajectories/2022-02-04/114_RR220204A_440C_1738.bmp,/content/rl_quantum_2026summer/data/original data/Trajectories/2022-02-04/022_RR220204A_981C_0127.bmp,/content/rl_quantum_2026summer/data/original data/Trajectories/2022-02-04/114_RR220204A_440C_1738.bmp,2,1.0
Trajectories/2022-02-04/022_RR220204A_981C_0127.bmp,022_RR220204A_981C_0127.bmp,Trajectories/2022-02-04/114_RR220204A_440C_1738.bmp,114_RR220204A_440C_1738.bmp,(1 x 1),not_apply,HL,,2025-12-15T21:28:50.133363,,,,(1 x 1),Trajectories/2022-02-04/022_RR220204A_981C_0127.bmp || Trajectories/2022-02-04/114_RR220204A_440C_1738.bmp,/content/rl_quantum_2026summer/data/original data/Trajectories/2022-02-04/022_RR220204A_981C_0127.bmp,/content/rl_quantum_2026summer/data/original data/Trajectories/2022-02-04/114_RR220204A_440C_1738.bmp,0,1.0
Trajectories/2022-02-04/022_RR220204A_981C_0127.bmp,022_RR220204A_981C_0127.bmp,Trajectories/2022-02-04/114_RR220204A_440C_1738.bmp,114_RR220204A_440C_1738.bmp,(√13 x √13),2,HL,,2025-12-15T21:28:50.900298,,,,(√13 x √13),Trajectories/2022-02-04/022_RR220204A_981C_0127.bmp || Trajectories/2022-02-04/114_RR220204A_440C_1738.bmp,/content/rl_quantum_2026summer/data/original data/Trajectories/2022-02-04/022_RR220204A_981C_0127.bmp,/content/rl_quantum_2026summer/data/original data/Trajectories/2022-02-04/114_RR220204A_440C_1738.bmp,3,1.0
Trajectories/2022-02-04/346_RR220204A_957C_2123.bmp,346_RR220204A_957C_2123.bmp,Trajectories/2022-02-04/103_RR220204A_408C_1733.bmp,103_RR220204A_408C_1733.bmp,c(6 x 2),not_apply,HL,,2025-12-15T20:53:00.219674,,,,c(6 x 2),Trajectories/2022-02-04/103_RR220204A_408C_1733.bmp || Trajectories/2022-02-04/346_RR220204A_957C_2123.bmp,/content/rl_quantum_2026summer/data/original data/Trajectories/2022-02-04/346_RR220204A_957C_2123.bmp,/content/rl_quantum_2026summer/data/original data/Trajectories/2022-02-04/103_RR220204A_408C_1733.bmp,2,1.0
Trajectories/2022-02-04/346_RR220204A_957C_2123.bmp,346_RR220204A_957C_2123.bmp,Trajectories/2022-02-04/103_RR220204A_408C_1733.bmp,103_RR220204A_408C_1733.bmp,HTR,not_apply,HL,,2025-12-15T20:53:01.364709,,,,HTR,Trajectories/2022-02-04/103_RR220204A_408C_1733.bmp || Trajectories/2022-02-04/346_RR220204A_957C_2123.bmp,/content/rl_quantum_2026summer/data/original data/Trajectories/2022-02-04/346_RR220204A_957C_2123.bmp,/content/rl_quantum_2026summer/data/original data/Trajectories/2022-02-04/103_RR220204A_408C_1733.bmp,4,1.0
Trajectories/2022-02-04/346_RR220204A_957C_2123.bmp,346_RR220204A_957C_2123.bmp,Trajectories/2022-02-04/103_RR220204A_408C_1733.bmp,103_RR220204A_408C_1733.bmp,(√13 x √13),2,HL,,2025-12-15T20:53:02.544973,,,,(√13 x √13),Trajectories/2022-02-04/103_RR220204A_408C_1733.bmp || Trajectories/2022-02-04/346_RR220204A_957C_2123.bmp,/content/rl_quantum_2026summer/data/original data/Trajectories/2022-02-04/346_RR220204A_957C_2123.bmp,/content/rl_quantum_2026summer/data/original data/Trajectories/2022-02-04/103_RR220204A_408C_1733.bmp,3,1.0
Trajectories/2022-02-04/346_RR220204A_957C_2123.bmp,346_RR220204A_957C_2123.bmp,Trajectories/2022-02-04/103_RR220204A_408C_1733.bmp,103_RR220204A_408C_1733.bmp,(1 x 1),not_apply,HL,,2025-12-15T20:53:03.640595,,,,(1 x 1),Trajectories/2022-02-04/103_RR220204A_408C_1733.bmp || Trajectories/2022-02-04/346_RR220204A_957C_2123.bmp,/content/rl_quantum_2026summer/data/original data/Trajectories/2022-02-04/346_RR220204A_957C_2123.bmp,/content/rl_quantum_2026summer/data/original data/Trajectories/2022-02-04/103_RR220204A_408C_1733.bmp,0,1.0
Trajectories/2022-02-04/346_RR220204A_957C_2123.bmp,346_RR220204A_957C_2123.bmp,Trajectories/2022-02-04/103_RR220204A_408C_1733.bmp,103_RR220204A_408C_1733.bmp,Twinned(2 x 1),tie,HL,,2025-12-15T20:53:05.043278,,,,Twinned(2 x 1),Trajectories/2022-02-04/103_RR220204A_408C_1733.bmp || Trajectories/2022-02-04/346_RR220204A_957C_2123.bmp,/content/rl_quantum_2026summer/data/original data/Trajectories/2022-02-04/346_RR220204A_957C_2123.bmp,/content/rl_quantum_2026summer/data/original data/Trajectories/2022-02-04/103_RR220204A_408C_1733.bmp,1,1.0
Trajectories/2022-02-06/098_RR220206A_656C_1838.bmp,098_RR220206A_656C_1838.bmp,Trajectories/2022-02-04/192_RR220204A_607C_1831.bmp,192_RR220204A_607C_1831.bmp,(1 x 1),1,AJ,,2025-12-06 01:23:17,,,,(1 x 1),Trajectories/2022-02-04/192_RR220204A_607C_1831.bmp || Trajectories/2022-02-06/098_RR220206A_656C_1838.bmp,/content/rl_quantum_2026summer/data/original data/Trajectories/2022-02-06/098_RR220206A_656C_1838.bmp,/content/rl_quantum_2026summer/data/original data/Trajectories/2022-02-04/192_RR220204A_607C_1831.bmp,0,1.0
Trajectories/2022-02-06/098_RR220206A_656C_1838.bmp,098_RR220206A_656C_1838.bmp,Trajectories/2022-02-04/192_RR220204A_607C_1831.bmp,192_RR220204A_607C_1831.bmp,(√13 x √13),2,AJ,,2025-12-06 01:23:17,,,,(√13 x √13),Trajectories/2022-02-04/192_RR220204A_607C_1831.bmp || Trajectories/2022-02-06/098_RR220206A_656C_1838.bmp,/content/rl_quantum_2026summer/data/original data/Trajectories/2022-02-06/098_RR220206A_656C_1838.bmp,/content/rl_quantum_2026summer/data/original data/Trajectories/2022-02-04/192_RR220204A_607C_1831.bmp,3,1.0
Trajectories/2022-02-06/257_RR220206A_581C_2222.bmp,257_RR220206A_581C_2222.bmp,Trajectories/2022-02-04/379_RR220204A_937C_2315.bmp,379_RR220204A_937C_2315.bmp,c(6 x 2),2,AJ,,2025-12-11T15:16:13.622695,,,,c(6 x 2),Trajectories/2022-02-04/379_RR220204A_937C_2315.bmp || Trajectories/2022-02-06/257_RR220206A_581C_2222.bmp,/content/rl_quantum_2026summer/data/original data/Trajectories/2022-02-06/257_RR220206A_581C_2222.bmp,/content/rl_quantum_2026summer/data/original data/Trajectories/2022-02-04/379_RR220204A_937C_2315.bmp,2,1.0
Trajectories/2022-02-06/257_RR220206A_581C_2222.bmp,257_RR220206A_581C_2222.bmp,Trajectories/2022-02-04/379_RR220204A_937C_2315.bmp,379_RR220204A_937C_2315.bmp,HTR,1,AJ,,2025-12-11T15:16:14.437789,,,,HTR,Trajectories/2022-02-04/379_RR220204A_937C_2315.bmp || Trajectories/2022-02-06/257_RR220206A_581C_2222.bmp,/content/rl_quantum_2026summer/data/original data/Trajectories/2022-02-06/257_RR220206A_581C_2222.bmp,/content/rl_quantum_2026summer/data/original data/Trajectories/2022-02-04/379_RR220204A_937C_2315.bmp,4,1.0
Trajectories/2022-04-11/227_RR220411A_877C_1726.bmp,227_RR220411A_877C_1726.bmp,Trajectories/2022-04-11/323_RR220411A_816C_1903.bmp,323_RR220411A_816C_1903.bmp,(1 x 1),tie,SY,,2025-12-10T16:53:04.584675,,,,(1 x 1),Trajectories/2022-04-11/227_RR220411A_877C_1726.bmp || Trajectories/2022-04-11/323_RR220411A_816C_1903.bmp,/content/rl_quantum_2026summer/data/original data/Trajectories/2022-04-11/227_RR220411A_877C_1726.bmp,/content/rl_quantum_2026summer/data/original data/Trajectories/2022-04-11/323_RR220411A_816C_1903.bmp,0,1.0
Trajectories/2022-04-11/227_RR220411A_877C_1726.bmp,227_RR220411A_877C_1726.bmp,Trajectories/2022-04-11/323_RR220411A_816C_1903.bmp,323_RR220411A_816C_1903.bmp,Twinned(2 x 1),not_apply,SY,,2025-12-10T16:53:05.371791,,,,Twinned(2 x 1),Trajectories/2022-04-11/227_RR220411A_877C_1726.bmp || Trajectories/2022-04-11/323_RR220411A_816C_1903.bmp,/content/rl_quantum_2026summer/data/original data/Trajectories/2022-04-11/227_RR220411A_877C_1726.bmp,/content/rl_quantum_2026summer/data/original data/Trajectories/2022-04-11/323_RR220411A_816C_1903.bmp,1,1.0
Trajectories/2022-04-11/227_RR220411A_877C_1726.bmp,227_RR220411A_877C_1726.bmp,Trajectories/2022-04-11/323_RR220411A_816C_1903.bmp,323_RR220411A_816C_1903.bmp,HTR,not_apply,SY,,2025-12-10T16:53:06.064212,,,,HTR,Trajectories/2022-04-11/227_RR220411A_877C_1726.bmp || Trajectories/2022-04-11/323_RR220411A_816C_1903.bmp,/content/rl_quantum_2026summer/data/original data/Trajectories/2022-04-11/227_RR220411A_877C_1726.bmp,/content/rl_quantum_2026summer/data/original data/Trajectories/2022-04-11/323_RR220411A_816C_1903.bmp,4,1.0
Trajectories/2022-04-11/227_RR220411A_877C_1726.bmp,227_RR220411A_877C_1726.bmp,Trajectories/2022-04-11/323_RR220411A_816C_1903.bmp,323_RR220411A_816C_1903.bmp,c(6 x 2),1,SY,,2025-12-10T16:53:06.771231,,,,c(6 x 2),Trajectories/2022-04-11/227_RR220411A_877C_1726.bmp || Trajectories/2022-04-11/323_RR220411A_816C_1903.bmp,/content/rl_quantum_2026summer/data/original data/Trajectories/2022-04-11/227_RR220411A_877C_1726.bmp,/content/rl_quantum_2026summer/data/original data/Trajectories/2022-04-11/323_RR220411A_816C_1903.bmp,2,1.0
Trajectories/2022-04-11/227_RR220411A_877C_1726.bmp,227_RR220411A_877C_1726.bmp,Trajectories/2022-04-11/323_RR220411A_816C_1903.bmp,323_RR220411A_816C_1903.bmp,(√13 x √13),2,SY,,2025-12-10T16:53:07.436978,,,,(√13 x √13),Trajectories/2022-04-11/227_RR220411A_877C_1726.bmp || Trajectories/2022-04-11/323_RR220411A_816C_1903.bmp,/content/rl_quantum_2026summer/data/original data/Trajectories/2022-04-11/227_RR220411A_877C_1726.bmp,/content/rl_quantum_2026summer/data/original data/Trajectories/2022-04-11/323_RR220411A_816C_1903.bmp,3,1.0
Trajectories/2022-02-06/265_RR220206A_498C_2232.bmp,265_RR220206A_498C_2232.bmp,Trajectories/2022-04-11/288_RR220411A_904C_1837.bmp,288_RR220411A_904C_1837.bmp,(√13 x √13),2,HL,,2026-01-05T23:22:23.945977,299.0,232.0,Confident,(√13 x √13),Trajectories/2022-02-06/265_RR220206A_498C_2232.bmp || Trajectories/2022-04-11/288_RR220411A_904C_1837.bmp,/content/rl_quantum_2026summer/data/original data/Trajectories/2022-02-06/265_RR220206A_498C_2232.bmp,/content/rl_quantum_2026summer/data/original data/Trajectories/2022-04-11/288_RR220411A_904C_1837.bmp,3,1.0
Trajectories/2022-02-06/265_RR220206A_498C_2232.bmp,265_RR220206A_498C_2232.bmp,Trajectories/2022-04-11/288_RR220411A_904C_1837.bmp,288_RR220411A_904C_1837.bmp,(1 x 1),2,HL,,2026-01-05T23:22:25.089058,299.0,232.0,Confident,(1 x 1),Trajectories/2022-02-06/265_RR220206A_498C_2232.bmp || Trajectories/2022-04-11/288_RR220411A_904C_1837.bmp,/content/rl_quantum_2026summer/data/original data/Trajectories/2022-02-06/265_RR220206A_498C_2232.bmp,/content/rl_quantum_2026summer/data/original data/Trajectories/2022-04-11/288_RR220411A_904C_1837.bmp,0,1.0
Trajectories/2022-02-06/265_RR220206A_498C_2232.bmp,265_RR220206A_498C_2232.bmp,Trajectories/2022-04-11/288_RR220411A_904C_1837.bmp,288_RR220411A_904C_1837.bmp,c(6 x 2),2,HL,,2026-01-05T23:22:26.035621,299.0,232.0,Confident,c(6 x 2),Trajectories/2022-02-06/265_RR220206A_498C_2232.bmp || Trajectories/2022-04-11/288_RR220411A_904C_1837.bmp,/content/rl_quantum_2026summer/data/original data/Trajectories/2022-02-06/265_RR220206A_498C_2232.bmp,/content/rl_quantum_2026summer/data/original data/Trajectories/2022-04-11/288_RR220411A_904C_1837.bmp,2,1.0
Trajectories/2022-02-06/265_RR220206A_498C_2232.bmp,265_RR220206A_498C_2232.bmp,Trajectories/2022-04-11/288_RR220411A_904C_1837.bmp,288_RR220411A_904C_1837.bmp,Twinned(2 x 1),not_apply,HL,,2026-01-05T23:22:27.015623,299.0,232.0,Confident,Twinned(2 x 1),Trajectories/2022-02-06/265_RR220206A_498C_2232.bmp || Trajectories/2022-04-11/288_RR220411A_904C_1837.bmp,/content/rl_quantum_2026summer/data/original data/Trajectories/2022-02-06/265_RR220206A_498C_2232.bmp,/content/rl_quantum_2026summer/data/original data/Trajectories/2022-04-11/288_RR220411A_904C_1837.bmp,1,1.0
Trajectories/2022-02-06/265_RR220206A_498C_2232.bmp,265_RR220206A_498C_2232.bmp,Trajectories/2022-04-11/288_RR220411A_904C_1837.bmp,288_RR220411A_904C_1837.bmp,HTR,1,HL,,2026-01-05T23:22:27.992315,299.0,232.0,Confident,HTR,Trajectories/2022-02-06/265_RR220206A_498C_2232.bmp || Trajectories/2022-04-11/288_RR220411A_904C_1837.bmp,/content/rl_quantum_2026summer/data/original data/Trajectories/2022-02-06/265_RR220206A_498C_2232.bmp,/content/rl_quantum_2026summer/data/original data/Trajectories/2022-04-11/288_RR220411A_904C_1837.bmp,4,1.0
Trajectories/2022-02-04/161_RR220204A_504C_1810.bmp,161_RR220204A_504C_1810.bmp,Trajectories/2022-02-04/160_RR220204A_501C_1809-02.bmp,160_RR220204A_501C_1809-02.bmp,(√13 x √13),tie,AJ,,2025-12-12T00:07:09.648751,,,,(√13 x √13),Trajectories/2022-02-04/160_RR220204A_501C_1809-02.bmp || Trajectories/2022-02-04/161_RR220204A_504C_1810.bmp,/content/rl_quantum_2026summer/data/original data/Trajectories/2022-02-04/161_RR220204A_504C_1810.bmp,/content/rl_quantum_2026summer/data/original data/Trajectories/2022-02-04/160_RR220204A_501C_1809-02.bmp,3,1.0
Trajectories/2022-02-04/196_RR220204A_611C_1834.bmp,196_RR220204A_611C_1834.bmp,Trajectories/2022-04-11/147_RR220411A_671C_1617.bmp,147_RR220411A_671C_1617.bmp,Twinned(2 x 1),1,HL,,2026-01-05T23:20:08.617063,250.0,215.0,Confident,Twinned(2 x 1),Trajectories/2022-02-04/196_RR220204A_611C_1834.bmp || Trajectories/2022-04-11/147_RR220411A_671C_1617.bmp,/content/rl_quantum_2026summer/data/original data/Trajectories/2022-02-04/196_RR220204A_611C_1834.bmp,/content/rl_quantum_2026summer/data/original data/Trajectories/2022-04-11/147_RR220411A_671C_1617.bmp,1,1.0
Trajectories/2022-02-04/196_RR220204A_611C_1834.bmp,196_RR220204A_611C_1834.bmp,Trajectories/2022-04-11/147_RR220411A_671C_1617.bmp,147_RR220411A_671C_1617.bmp,(√13 x √13),1,HL,,2026-01-05T23:20:10.006098,250.0,215.0,Confident,(√13 x √13),Trajectories/2022-02-04/196_RR220204A_611C_1834.bmp || Trajectories/2022-04-11/147_RR220411A_671C_1617.bmp,/content/rl_quantum_2026summer/data/original data/Trajectories/2022-02-04/196_RR220204A_611C_1834.bmp,/content/rl_quantum_2026summer/data/original data/Trajectories/2022-04-11/147_RR220411A_671C_1617.bmp,3,1.0
Trajectories/2022-02-04/196_RR220204A_611C_1834.bmp,196_RR220204A_611C_1834.bmp,Trajectories/2022-04-11/147_RR220411A_671C_1617.bmp,147_RR220411A_671C_1617.bmp,c(6 x 2),not_apply,HL,,2026-01-05T23:20:11.190693,250.0,215.0,Confident,c(6 x 2),Trajectories/2022-02-04/196_RR220204A_611C_1834.bmp || Trajectories/2022-04-11/147_RR220411A_671C_1617.bmp,/content/rl_quantum_2026summer/data/original data/Trajectories/2022-02-04/196_RR220204A_611C_1834.bmp,/content/rl_quantum_2026summer/data/original data/Trajectories/2022-04-11/147_RR220411A_671C_1617.bmp,2,1.0
Trajectories/2022-02-04/196_RR220204A_611C_1834.bmp,196_RR220204A_611C_1834.bmp,Trajectories/2022-04-11/147_RR220411A_671C_1617.bmp,147_RR220411A_671C_1617.bmp,HTR,not_apply,HL,,2026-01-05T23:20:12.458863,250.0,215.0,Confident,HTR,Trajectories/2022-02-04/196_RR220204A_611C_1834.bmp || Trajectories/2022-04-11/147_RR220411A_671C_1617.bmp,/content/rl_quantum_2026summer/data/original data/Trajectories/2022-02-04/196_RR220204A_611C_1834.bmp,/content/rl_quantum_2026summer/data/original data/Trajectories/2022-04-11/147_RR220411A_671C_1617.bmp,4,1.0
Trajectories/2022-02-04/196_RR220204A_611C_1834.bmp,196_RR220204A_611C_1834.bmp,Trajectories/2022-04-11/147_RR220411A_671C_1617.bmp,147_RR220411A_671C_1617.bmp,(1 x 1),2,HL,,2026-01-05T23:20:13.614487,250.0,215.0,Confident,(1 x 1),Trajectories/2022-02-04/196_RR220204A_611C_1834.bmp || Trajectories/2022-04-11/147_RR220411A_671C_1617.bmp,/content/rl_quantum_2026summer/data/original data/Trajectories/2022-02-04/196_RR220204A_611C_1834.bmp,/content/rl_quantum_2026summer/data/original data/Trajectories/2022-04-11/147_RR220411A_671C_1617.bmp,0,1.0
Trajectories/2022-02-04/307_RR220204A_912C_2025.bmp,307_RR220204A_912C_2025.bmp,Trajectories/2022-04-11/386_RR220411A_580C_1943.bmp,386_RR220411A_580C_1943.bmp,HTR,not_apply,HL,,2025-12-15T21:30:47.452461,,,,HTR,Trajectories/2022-02-04/307_RR220204A_912C_2025.bmp || Trajectories/2022-04-11/386_RR220411A_580C_1943.bmp,/content/rl_quantum_2026summer/data/original data/Trajectories/2022-02-04/307_RR220204A_912C_2025.bmp,/content/rl_quantum_2026summer/data/original data/Trajectories/2022-04-11/386_RR220411A_580C_1943.bmp,4,1.0
Trajectories/2022-02-04/307_RR220204A_912C_2025.bmp,307_RR220204A_912C_2025.bmp,Trajectories/2022-04-11/386_RR220411A_580C_1943.bmp,386_RR220411A_580C_1943.bmp,Twinned(2 x 1),1,HL,,2025-12-15T21:30:48.774165,,,,Twinned(2 x 1),Trajectories/2022-02-04/307_RR220204A_912C_2025.bmp || Trajectories/2022-04-11/386_RR220411A_580C_1943.bmp,/content/rl_quantum_2026summer/data/original data/Trajectories/2022-02-04/307_RR220204A_912C_2025.bmp,/content/rl_quantum_2026summer/data/original data/Trajectories/2022-04-11/386_RR220411A_580C_1943.bmp,1,1.0
Trajectories/2022-02-04/307_RR220204A_912C_2025.bmp,307_RR220204A_912C_2025.bmp,Trajectories/2022-04-11/386_RR220411A_580C_1943.bmp,386_RR220411A_580C_1943.bmp,(1 x 1),not_apply,HL,,2025-12-15T21:30:49.989237,,,,(1 x 1),Trajectories/2022-02-04/307_RR220204A_912C_2025.bmp || Trajectories/2022-04-11/386_RR220411A_580C_1943.bmp,/content/rl_quantum_2026summer/data/original data/Trajectories/2022-02-04/307_RR220204A_912C_2025.bmp,/content/rl_quantum_2026summer/data/original data/Trajectories/2022-04-11/386_RR220411A_580C_1943.bmp,0,1.0
Trajectories/2022-02-04/307_RR220204A_912C_2025.bmp,307_RR220204A_912C_2025.bmp,Trajectories/2022-04-11/386_RR220411A_580C_1943.bmp,386_RR220411A_580C_1943.bmp,c(6 x 2),2,HL,,2025-12-15T21:30:51.298834,,,,c(6 x 2),Trajectories/2022-02-04/307_RR220204A_912C_2025.bmp || Trajectories/2022-04-11/386_RR220411A_580C_1943.bmp,/content/rl_quantum_2026summer/data/original data/Trajectories/2022-02-04/307_RR220204A_912C_2025.bmp,/content/rl_quantum_2026summer/data/original data/Trajectories/2022-04-11/386_RR220411A_580C_1943.bmp,2,1.0
Trajectories/2022-02-04/307_RR220204A_912C_2025.bmp,307_RR220204A_912C_2025.bmp,Trajectories/2022-04-11/386_RR220411A_580C_1943.bmp,386_RR220411A_580C_1943.bmp,(√13 x √13),2,HL,,2025-12-15T21:30:52.520278,,,,(√13 x √13),Trajectories/2022-02-04/307_RR220204A_912C_2025.bmp || Trajectories/2022-04-11/386_RR220411A_580C_1943.bmp,/content/rl_quantum_2026summer/data/original data/Trajectories/2022-02-04/307_RR220204A_912C_2025.bmp,/content/rl_quantum_2026summer/data/original data/Trajectories/2022-04-11/386_RR220411A_580C_1943.bmp,3,1.0
Trajectories/2022-02-04/128_RR220204A_459C_1753.bmp,128_RR220204A_459C_1753.bmp,Trajectories/2022-02-04/380_RR220204A_937C_2323.bmp,380_RR220204A_937C_2323.bmp,c(6 x 2),tie,AJ,,2025-12-26T10:52:55.360590,144.0,187.0,Confident,c(6 x 2),Trajectories/2022-02-04/128_RR220204A_459C_1753.bmp || Trajectories/2022-02-04/380_RR220204A_937C_2323.bmp,/content/rl_quantum_2026summer/data/original data/Trajectories/2022-02-04/128_RR220204A_459C_1753.bmp,/content/rl_quantum_2026summer/data/original data/Trajectories/2022-02-04/380_RR220204A_937C_2323.bmp,2,1.0
Trajectories/2022-02-04/128_RR220204A_459C_1753.bmp,128_RR220204A_459C_1753.bmp,Trajectories/2022-02-04/380_RR220204A_937C_2323.bmp,380_RR220204A_937C_2323.bmp,(√13 x √13),tie,AJ,,2025-12-26T10:52:56.666294,144.0,187.0,Confident,(√13 x √13),Trajectories/2022-02-04/128_RR220204A_459C_1753.bmp || Trajectories/2022-02-04/380_RR220204A_937C_2323.bmp,/content/rl_quantum_2026summer/data/original data/Trajectories/2022-02-04/128_RR220204A_459C_1753.bmp,/content/rl_quantum_2026summer/data/original data/Trajectories/2022-02-04/380_RR220204A_937C_2323.bmp,3,1.0
Trajectories/2022-02-04/128_RR220204A_459C_1753.bmp,128_RR220204A_459C_1753.bmp,Trajectories/2022-02-04/380_RR220204A_937C_2323.bmp,380_RR220204A_937C_2323.bmp,(1 x 1),not_apply,AJ,,2025-12-26T10:52:57.644448,144.0,187.0,Confident,(1 x 1),Trajectories/2022-02-04/128_RR220204A_459C_1753.bmp || Trajectories/2022-02-04/380_RR220204A_937C_2323.bmp,/content/rl_quantum_2026summer/data/original data/Trajectories/2022-02-04/128_RR220204A_459C_1753.bmp,/content/rl_quantum_2026summer/data/original data/Trajectories/2022-02-04/380_RR220204A_937C_2323.bmp,0,1.0
Trajectories/2022-02-04/128_RR220204A_459C_1753.bmp,128_RR220204A_459C_1753.bmp,Trajectories/2022-02-04/380_RR220204A_937C_2323.bmp,380_RR220204A_937C_2323.bmp,HTR,not_apply,AJ,,2025-12-26T10:52:58.583373,144.0,187.0,Confident,HTR,Trajectories/2022-02-04/128_RR220204A_459C_1753.bmp || Trajectories/2022-02-04/380_RR220204A_937C_2323.bmp,/content/rl_quantum_2026summer/data/original data/Trajectories/2022-02-04/128_RR220204A_459C_1753.bmp,/content/rl_quantum_2026summer/data/original data/Trajectories/2022-02-04/380_RR220204A_937C_2323.bmp,4,1.0
Trajectories/2022-02-04/128_RR220204A_459C_1753.bmp,128_RR220204A_459C_1753.bmp,Trajectories/2022-02-04/380_RR220204A_937C_2323.bmp,380_RR220204A_937C_2323.bmp,Twinned(2 x 1),not_apply,AJ,,2025-12-26T10:52:59.556915,144.0,187.0,Confident,Twinned(2 x 1),Trajectories/2022-02-04/128_RR220204A_459C_1753.bmp || Trajectories/2022-02-04/380_RR220204A_937C_2323.bmp,/content/rl_quantum_2026summer/data/original data/Trajectories/2022-02-04/128_RR220204A_459C_1753.bmp,/content/rl_quantum_2026summer/data/original data/Trajectories/2022-02-04/380_RR220204A_937C_2323.bmp,1,1.0
Trajectories/2022-02-06/048_RR220206A_175C_1736.bmp,048_RR220206A_175C_1736.bmp,Trajectories/2022-04-11/189_RR220411A_822C_1703.bmp,189_RR220411A_822C_1703.bmp,HTR,not_apply,HL,,2026-01-06T21:47:08.538700,324.0,287.0,Confident,HTR,Trajectories/2022-02-06/048_RR220206A_175C_1736.bmp || Trajectories/2022-04-11/189_RR220411A_822C_1703.bmp,/content/rl_quantum_2026summer/data/original data/Trajectories/2022-02-06/048_RR220206A_175C_1736.bmp,/content/rl_quantum_2026summer/data/original data/Trajectories/2022-04-11/189_RR220411A_822C_1703.bmp,4,1.0
Trajectories/2022-02-06/048_RR220206A_175C_1736.bmp,048_RR220206A_175C_1736.bmp,Trajectories/2022-04-11/189_RR220411A_822C_1703.bmp,189_RR220411A_822C_1703.bmp,Twinned(2 x 1),not_apply,HL,,2026-01-06T21:47:09.296451,324.0,287.0,Confident,Twinned(2 x 1),Trajectories/2022-02-06/048_RR220206A_175C_1736.bmp || Trajectories/2022-04-11/189_RR220411A_822C_1703.bmp,/content/rl_quantum_2026summer/data/original data/Trajectories/2022-02-06/048_RR220206A_175C_1736.bmp,/content/rl_quantum_2026summer/data/original data/Trajectories/2022-04-11/189_RR220411A_822C_1703.bmp,1,1.0
Trajectories/2022-02-06/048_RR220206A_175C_1736.bmp,048_RR220206A_175C_1736.bmp,Trajectories/2022-04-11/189_RR220411A_822C_1703.bmp,189_RR220411A_822C_1703.bmp,(1 x 1),tie,HL,,2026-01-06T21:47:10.047898,324.0,287.0,Confident,(1 x 1),Trajectories/2022-02-06/048_RR220206A_175C_1736.bmp || Trajectories/2022-04-11/189_RR220411A_822C_1703.bmp,/content/rl_quantum_2026summer/data/original data/Trajectories/2022-02-06/048_RR220206A_175C_1736.bmp,/content/rl_quantum_2026summer/data/original data/Trajectories/2022-04-11/189_RR220411A_822C_1703.bmp,0,1.0
Trajectories/2022-02-06/048_RR220206A_175C_1736.bmp,048_RR220206A_175C_1736.bmp,Trajectories/2022-04-11/189_RR220411A_822C_1703.bmp,189_RR220411A_822C_1703.bmp,(√13 x √13),not_apply,HL,,2026-01-06T21:47:10.790309,324.0,287.0,Confident,(√13 x √13),Trajectories/2022-02-06/048_RR220206A_175C_1736.bmp || Trajectories/2022-04-11/189_RR220411A_822C_1703.bmp,/content/rl_quantum_2026summer/data/original data/Trajectories/2022-02-06/048_RR220206A_175C_1736.bmp,/content/rl_quantum_2026summer/data/original data/Trajectories/2022-04-11/189_RR220411A_822C_1703.bmp,3,1.0
Trajectories/2022-02-06/048_RR220206A_175C_1736.bmp,048_RR220206A_175C_1736.bmp,Trajectories/2022-04-11/189_RR220411A_822C_1703.bmp,189_RR220411A_822C_1703.bmp,c(6 x 2),not_apply,HL,,2026-01-06T21:47:11.586590,324.0,287.0,Confident,c(6 x 2),Trajectories/2022-02-06/048_RR220206A_175C_1736.bmp || Trajectories/2022-04-11/189_RR220411A_822C_1703.bmp,/content/rl_quantum_2026summer/data/original data/Trajectories/2022-02-06/048_RR220206A_175C_1736.bmp,/content/rl_quantum_2026summer/data/original data/Trajectories/2022-04-11/189_RR220411A_822C_1703.bmp,2,1.0
Trajectories/2022-02-06/271_RR220206A_425C_2242.bmp,271_RR220206A_425C_2242.bmp,Trajectories/2022-04-11/372_RR220411A_636C_1935.bmp,372_RR220411A_636C_1935.bmp,Twinned(2 x 1),not_apply,AJ,,2025-12-26T10:55:49.346388,218.0,220.0,Confident,Twinned(2 x 1),Trajectories/2022-02-06/271_RR220206A_425C_2242.bmp || Trajectories/2022-04-11/372_RR220411A_636C_1935.bmp,/content/rl_quantum_2026summer/data/original data/Trajectories/2022-02-06/271_RR220206A_425C_2242.bmp,/content/rl_quantum_2026summer/data/original data/Trajectories/2022-04-11/372_RR220411A_636C_1935.bmp,1,1.0
Trajectories/2022-02-06/271_RR220206A_425C_2242.bmp,271_RR220206A_425C_2242.bmp,Trajectories/2022-04-11/372_RR220411A_636C_1935.bmp,372_RR220411A_636C_1935.bmp,c(6 x 2),2,AJ,,2025-12-26T10:55:50.515210,218.0,220.0,Confident,c(6 x 2),Trajectories/2022-02-06/271_RR220206A_425C_2242.bmp || Trajectories/2022-04-11/372_RR220411A_636C_1935.bmp,/content/rl_quantum_2026summer/data/original data/Trajectories/2022-02-06/271_RR220206A_425C_2242.bmp,/content/rl_quantum_2026summer/data/original data/Trajectories/2022-04-11/372_RR220411A_636C_1935.bmp,2,1.0
Trajectories/2022-02-06/271_RR220206A_425C_2242.bmp,271_RR220206A_425C_2242.bmp,Trajectories/2022-04-11/372_RR220411A_636C_1935.bmp,372_RR220411A_636C_1935.bmp,(1 x 1),not_apply,AJ,,2025-12-26T10:55:51.570661,218.0,220.0,Confident,(1 x 1),Trajectories/2022-02-06/271_RR220206A_425C_2242.bmp || Trajectories/2022-04-11/372_RR220411A_636C_1935.bmp,/content/rl_quantum_2026summer/data/original data/Trajectories/2022-02-06/271_RR220206A_425C_2242.bmp,/content/rl_quantum_2026summer/data/original data/Trajectories/2022-04-11/372_RR220411A_636C_1935.bmp,0,1.0
Trajectories/2022-02-06/271_RR220206A_425C_2242.bmp,271_RR220206A_425C_2242.bmp,Trajectories/2022-04-11/372_RR220411A_636C_1935.bmp,372_RR220411A_636C_1935.bmp,(√13 x √13),2,AJ,,2025-12-26T10:55:52.728937,218.0,220.0,Confident,(√13 x √13),Trajectories/2022-02-06/271_RR220206A_425C_2242.bmp || Trajectories/2022-04-11/372_RR220411A_636C_1935.bmp,/content/rl_quantum_2026summer/data/original data/Trajectories/2022-02-06/271_RR220206A_425C_2242.bmp,/content/rl_quantum_2026summer/data/original data/Trajectories/2022-04-11/372_RR220411A_636C_1935.bmp,3,1.0
Trajectories/2022-04-11/293_RR220411A_882C_1842.bmp,293_RR220411A_882C_1842.bmp,Trajectories/2022-02-06/194_RR220206A_962C_2059.bmp,194_RR220206A_962C_2059.bmp,Twinned(2 x 1),not_apply,SY,,2025-12-10T16:52:23.046332,,,,Twinned(2 x 1),Trajectories/2022-02-06/194_RR220206A_962C_2059.bmp || Trajectories/2022-04-11/293_RR220411A_882C_1842.bmp,/content/rl_quantum_2026summer/data/original data/Trajectories/2022-04-11/293_RR220411A_882C_1842.bmp,/content/rl_quantum_2026summer/data/original data/Trajectories/2022-02-06/194_RR220206A_962C_2059.bmp,1,1.0
Trajectories/2022-04-11/293_RR220411A_882C_1842.bmp,293_RR220411A_882C_1842.bmp,Trajectories/2022-02-06/194_RR220206A_962C_2059.bmp,194_RR220206A_962C_2059.bmp,(√13 x √13),1,SY,,2025-12-10T16:52:24.169165,,,,(√13 x √13),Trajectories/2022-02-06/194_RR220206A_962C_2059.bmp || Trajectories/2022-04-11/293_RR220411A_882C_1842.bmp,/content/rl_quantum_2026summer/data/original data/Trajectories/2022-04-11/293_RR220411A_882C_1842.bmp,/content/rl_quantum_2026summer/data/original data/Trajectories/2022-02-06/194_RR220206A_962C_2059.bmp,3,1.0
Trajectories/2022-04-11/293_RR220411A_882C_1842.bmp,293_RR220411A_882C_1842.bmp,Trajectories/2022-02-06/194_RR220206A_962C_2059.bmp,194_RR220206A_962C_2059.bmp,(1 x 1),1,SY,,2025-12-10T16:52:24.965838,,,,(1 x 1),Trajectories/2022-02-06/194_RR220206A_962C_2059.bmp || Trajectories/2022-04-11/293_RR220411A_882C_1842.bmp,/content/rl_quantum_2026summer/data/original data/Trajectories/2022-04-11/293_RR220411A_882C_1842.bmp,/content/rl_quantum_2026summer/data/original data/Trajectories/2022-02-06/194_RR220206A_962C_2059.bmp,0,1.0
Trajectories/2022-04-11/293_RR220411A_882C_1842.bmp,293_RR220411A_882C_1842.bmp,Trajectories/2022-02-06/194_RR220206A_962C_2059.bmp,194_RR220206A_962C_2059.bmp,HTR,2,SY,,2025-12-10T16:52:25.687035,,,,HTR,Trajectories/2022-02-06/194_RR220206A_962C_2059.bmp || Trajectories/2022-04-11/293_RR220411A_882C_1842.bmp,/content/rl_quantum_2026summer/data/original data/Trajectories/2022-04-11/293_RR220411A_882C_1842.bmp,/content/rl_quantum_2026summer/data/original data/Trajectories/2022-02-06/194_RR220206A_962C_2059.bmp,4,1.0
Trajectories/2022-04-11/293_RR220411A_882C_1842.bmp,293_RR220411A_882C_1842.bmp,Trajectories/2022-02-06/194_RR220206A_962C_2059.bmp,194_RR220206A_962C_2059.bmp,c(6 x 2),1,SY,,2025-12-10T16:52:26.361850,,,,c(6 x 2),Trajectories/2022-02-06/194_RR220206A_962C_2059.bmp || Trajectories/2022-04-11/293_RR220411A_882C_1842.bmp,/content/rl_quantum_2026summer/data/original data/Trajectories/2022-04-11/293_RR220411A_882C_1842.bmp,/content/rl_quantum_2026summer/data/original data/Trajectories/2022-02-06/194_RR220206A_962C_2059.bmp,2,1.0
Trajectories/2022-02-04/294_RR220204A_843C_2014.bmp,294_RR220204A_843C_2014.bmp,Trajectories/2022-02-06/140_RR220206A_993C_1941.bmp,140_RR220206A_993C_1941.bmp,(√13 x √13),1,AJ,,2025-12-12T00:11:31.731499,,,,(√13 x √13),Trajectories/2022-02-04/294_RR220204A_843C_2014.bmp || Trajectories/2022-02-06/140_RR220206A_993C_1941.bmp,/content/rl_quantum_2026summer/data/original data/Trajectories/2022-02-04/294_RR220204A_843C_2014.bmp,/content/rl_quantum_2026summer/data/original data/Trajectories/2022-02-06/140_RR220206A_993C_1941.bmp,3,1.0
Trajectories/2022-02-04/294_RR220204A_843C_2014.bmp,294_RR220204A_843C_2014.bmp,Trajectories/2022-02-06/140_RR220206A_993C_1941.bmp,140_RR220206A_993C_1941.bmp,HTR,2,AJ,,2025-12-12T00:11:32.525228,,,,HTR,Trajectories/2022-02-04/294_RR220204A_843C_2014.bmp || Trajectories/2022-02-06/140_RR220206A_993C_1941.bmp,/content/rl_quantum_2026summer/data/original data/Trajectories/2022-02-04/294_RR220204A_843C_2014.bmp,/content/rl_quantum_2026summer/data/original data/Trajectories/2022-02-06/140_RR220206A_993C_1941.bmp,4,1.0
Trajectories/2022-02-06/068_RR220206A_362C_1759.bmp,068_RR220206A_362C_1759.bmp,Trajectories/2022-04-11/075_RR220411A_440C_1519.bmp,075_RR220411A_440C_1519.bmp,(1 x 1),2,SY,,2025-12-23T22:34:37.509154,252.0,251.0,Confident,(1 x 1),Trajectories/2022-02-06/068_RR220206A_362C_1759.bmp || Trajectories/2022-04-11/075_RR220411A_440C_1519.bmp,/content/rl_quantum_2026summer/data/original data/Trajectories/2022-02-06/068_RR220206A_362C_1759.bmp,/content/rl_quantum_2026summer/data/original data/Trajectories/2022-04-11/075_RR220411A_440C_1519.bmp,0,1.0
Trajectories/2022-02-06/068_RR220206A_362C_1759.bmp,068_RR220206A_362C_1759.bmp,Trajectories/2022-04-11/075_RR220411A_440C_1519.bmp,075_RR220411A_440C_1519.bmp,HTR,not_apply,SY,,2025-12-23T22:34:38.747588,252.0,251.0,Confident,HTR,Trajectories/2022-02-06/068_RR220206A_362C_1759.bmp || Trajectories/2022-04-11/075_RR220411A_440C_1519.bmp,/content/rl_quantum_2026summer/data/original data/Trajectories/2022-02-06/068_RR220206A_362C_1759.bmp,/content/rl_quantum_2026summer/data/original data/Trajectories/2022-04-11/075_RR220411A_440C_1519.bmp,4,1.0
Trajectories/2022-02-06/068_RR220206A_362C_1759.bmp,068_RR220206A_362C_1759.bmp,Trajectories/2022-04-11/075_RR220411A_440C_1519.bmp,075_RR220411A_440C_1519.bmp,Twinned(2 x 1),not_apply,SY,,2025-12-23T22:34:40.121540,252.0,251.0,Confident,Twinned(2 x 1),Trajectories/2022-02-06/068_RR220206A_362C_1759.bmp || Trajectories/2022-04-11/075_RR220411A_440C_1519.bmp,/content/rl_quantum_2026summer/data/original data/Trajectories/2022-02-06/068_RR220206A_362C_1759.bmp,/content/rl_quantum_2026summer/data/original data/Trajectories/2022-04-11/075_RR220411A_440C_1519.bmp,1,1.0
Trajectories/2022-02-06/068_RR220206A_362C_1759.bmp,068_RR220206A_362C_1759.bmp,Trajectories/2022-04-11/075_RR220411A_440C_1519.bmp,075_RR220411A_440C_1519.bmp,(√13 x √13),not_apply,SY,,2025-12-23T22:34:41.420550,252.0,251.0,Confident,(√13 x √13),Trajectories/2022-02-06/068_RR220206A_362C_1759.bmp || Trajectories/2022-04-11/075_RR220411A_440C_1519.bmp,/content/rl_quantum_2026summer/data/original data/Trajectories/2022-02-06/068_RR220206A_362C_1759.bmp,/content/rl_quantum_2026summer/data/original data/Trajectories/2022-04-11/075_RR220411A_440C_1519.bmp,3,1.0
Trajectories/2022-02-06/068_RR220206A_362C_1759.bmp,068_RR220206A_362C_1759.bmp,Trajectories/2022-04-11/075_RR220411A_440C_1519.bmp,075_RR220411A_440C_1519.bmp,c(6 x 2),not_apply,SY,,2025-12-23T22:34:42.520829,252.0,251.0,Confident,c(6 x 2),Trajectories/2022-02-06/068_RR220206A_362C_1759.bmp || Trajectories/2022-04-11/075_RR220411A_440C_1519.bmp,/content/rl_quantum_2026summer/data/original data/Trajectories/2022-02-06/068_RR220206A_362C_1759.bmp,/content/rl_quantum_2026summer/data/original data/Trajectories/2022-04-11/075_RR220411A_440C_1519.bmp,2,1.0
Trajectories/2022-02-06/158_RR220206A_1105C_2008.bmp,158_RR220206A_1105C_2008.bmp,Trajectories/2022-04-11/357_RR220411A_684C_1925.bmp,357_RR220411A_684C_1925.bmp,(√13 x √13),2,AJ,,2025-12-12T00:20:55.718735,,,,(√13 x √13),Trajectories/2022-02-06/158_RR220206A_1105C_2008.bmp || Trajectories/2022-04-11/357_RR220411A_684C_1925.bmp,/content/rl_quantum_2026summer/data/original data/Trajectories/2022-02-06/158_RR220206A_1105C_2008.bmp,/content/rl_quantum_2026summer/data/original data/Trajectories/2022-04-11/357_RR220411A_684C_1925.bmp,3,1.0
Trajectories/2022-02-06/158_RR220206A_1105C_2008.bmp,158_RR220206A_1105C_2008.bmp,Trajectories/2022-04-11/357_RR220411A_684C_1925.bmp,357_RR220411A_684C_1925.bmp,HTR,1,AJ,,2025-12-12T00:20:56.750543,,,,HTR,Trajectories/2022-02-06/158_RR220206A_1105C_2008.bmp || Trajectories/2022-04-11/357_RR220411A_684C_1925.bmp,/content/rl_quantum_2026summer/data/original data/Trajectories/2022-02-06/158_RR220206A_1105C_2008.bmp,/content/rl_quantum_2026summer/data/original data/Trajectories/2022-04-11/357_RR220411A_684C_1925.bmp,4,1.0
Trajectories/2022-04-11/363_RR220411A_661C_1929.bmp,363_RR220411A_661C_1929.bmp,Trajectories/2022-02-04/147_RR220204A_486C_1804.bmp,147_RR220204A_486C_1804.bmp,(√13 x √13),tie,AJ,,2025-12-06 01:19:25,,,,(√13 x √13),Trajectories/2022-02-04/147_RR220204A_486C_1804.bmp || Trajectories/2022-04-11/363_RR220411A_661C_1929.bmp,/content/rl_quantum_2026summer/data/original data/Trajectories/2022-04-11/363_RR220411A_661C_1929.bmp,/content/rl_quantum_2026summer/data/original data/Trajectories/2022-02-04/147_RR220204A_486C_1804.bmp,3,1.0
Trajectories/2022-02-04/063_RR220204A_165C_0215-03.bmp,063_RR220204A_165C_0215-03.bmp,Trajectories/2022-04-11/376_RR220411A_620C_1938.bmp,376_RR220411A_620C_1938.bmp,HTR,2,AJ,,2025-12-06 01:21:25,,,,HTR,Trajectories/2022-02-04/063_RR220204A_165C_0215-03.bmp || Trajectories/2022-04-11/376_RR220411A_620C_1938.bmp,/content/rl_quantum_2026summer/data/original data/Trajectories/2022-02-04/063_RR220204A_165C_0215-03.bmp,/content/rl_quantum_2026summer/data/original data/Trajectories/2022-04-11/376_RR220411A_620C_1938.bmp,4,1.0
Trajectories/2022-02-06/273_RR220206A_423C_2243.bmp,273_RR220206A_423C_2243.bmp,Trajectories/2022-04-11/093_RR220411A_482C_1531.bmp,093_RR220411A_482C_1531.bmp,(1 x 1),2,SY,,2025-12-12T22:07:21.588392,,,,(1 x 1),Trajectories/2022-02-06/273_RR220206A_423C_2243.bmp || Trajectories/2022-04-11/093_RR220411A_482C_1531.bmp,/content/rl_quantum_2026summer/data/original data/Trajectories/2022-02-06/273_RR220206A_423C_2243.bmp,/content/rl_quantum_2026summer/data/original data/Trajectories/2022-04-11/093_RR220411A_482C_1531.bmp,0,1.0
Trajectories/2022-02-06/273_RR220206A_423C_2243.bmp,273_RR220206A_423C_2243.bmp,Trajectories/2022-04-11/093_RR220411A_482C_1531.bmp,093_RR220411A_482C_1531.bmp,Twinned(2 x 1),not_apply,SY,,2025-12-12T22:07:23.277141,,,,Twinned(2 x 1),Trajectories/2022-02-06/273_RR220206A_423C_2243.bmp || Trajectories/2022-04-11/093_RR220411A_482C_1531.bmp,/content/rl_quantum_2026summer/data/original data/Trajectories/2022-02-06/273_RR220206A_423C_2243.bmp,/content/rl_quantum_2026summer/data/original data/Trajectories/2022-04-11/093_RR220411A_482C_1531.bmp,1,1.0
Trajectories/2022-02-06/273_RR220206A_423C_2243.bmp,273_RR220206A_423C_2243.bmp,Trajectories/2022-04-11/093_RR220411A_482C_1531.bmp,093_RR220411A_482C_1531.bmp,HTR,1,SY,,2025-12-12T22:07:24.436931,,,,HTR,Trajectories/2022-02-06/273_RR220206A_423C_2243.bmp || Trajectories/2022-04-11/093_RR220411A_482C_1531.bmp,/content/rl_quantum_2026summer/data/original data/Trajectories/2022-02-06/273_RR220206A_423C_2243.bmp,/content/rl_quantum_2026summer/data/original data/Trajectories/2022-04-11/093_RR220411A_482C_1531.bmp,4,1.0
Trajectories/2022-02-06/273_RR220206A_423C_2243.bmp,273_RR220206A_423C_2243.bmp,Trajectories/2022-04-11/093_RR220411A_482C_1531.bmp,093_RR220411A_482C_1531.bmp,c(6 x 2),1,SY,,2025-12-12T22:07:25.752354,,,,c(6 x 2),Trajectories/2022-02-06/273_RR220206A_423C_2243.bmp || Trajectories/2022-04-11/093_RR220411A_482C_1531.bmp,/content/rl_quantum_2026summer/data/original data/Trajectories/2022-02-06/273_RR220206A_423C_2243.bmp,/content/rl_quantum_2026summer/data/original data/Trajectories/2022-04-11/093_RR220411A_482C_1531.bmp,2,1.0
Trajectories/2022-02-06/273_RR220206A_423C_2243.bmp,273_RR220206A_423C_2243.bmp,Trajectories/2022-04-11/093_RR220411A_482C_1531.bmp,093_RR220411A_482C_1531.bmp,(√13 x √13),not_apply,SY,,2025-12-12T22:07:26.949242,,,,(√13 x √13),Trajectories/2022-02-06/273_RR220206A_423C_2243.bmp || Trajectories/2022-04-11/093_RR220411A_482C_1531.bmp,/content/rl_quantum_2026summer/data/original data/Trajectories/2022-02-06/273_RR220206A_423C_2243.bmp,/content/rl_quantum_2026summer/data/original data/Trajectories/2022-04-11/093_RR220411A_482C_1531.bmp,3,1.0
Trajectories/2022-02-04/378_RR220204A_938C_2312.bmp,378_RR220204A_938C_2312.bmp,Trajectories/2022-02-06/229_RR220206A_766C_2141.bmp,229_RR220206A_766C_2141.bmp,HTR,2,AJ,,2025-12-12T00:22:55.632331,,,,HTR,Trajectories/2022-02-04/378_RR220204A_938C_2312.bmp || Trajectories/2022-02-06/229_RR220206A_766C_2141.bmp,/content/rl_quantum_2026summer/data/original data/Trajectories/2022-02-04/378_RR220204A_938C_2312.bmp,/content/rl_quantum_2026summer/data/original data/Trajectories/2022-02-06/229_RR220206A_766C_2141.bmp,4,1.0
Trajectories/2022-02-04/378_RR220204A_938C_2312.bmp,378_RR220204A_938C_2312.bmp,Trajectories/2022-02-06/229_RR220206A_766C_2141.bmp,229_RR220206A_766C_2141.bmp,(√13 x √13),1,AJ,,2025-12-12T00:22:56.345066,,,,(√13 x √13),Trajectories/2022-02-04/378_RR220204A_938C_2312.bmp || Trajectories/2022-02-06/229_RR220206A_766C_2141.bmp,/content/rl_quantum_2026summer/data/original data/Trajectories/2022-02-04/378_RR220204A_938C_2312.bmp,/content/rl_quantum_2026summer/data/original data/Trajectories/2022-02-06/229_RR220206A_766C_2141.bmp,3,1.0
Trajectories/2022-02-04/342_RR220204A_941C_2115.bmp,342_RR220204A_941C_2115.bmp,Trajectories/2022-02-04/333_RR220204A_939C_2059.bmp,333_RR220204A_939C_2059.bmp,(√13 x √13),tie,AJ,,2025-12-12T00:10:07.572303,,,,(√13 x √13),Trajectories/2022-02-04/333_RR220204A_939C_2059.bmp || Trajectories/2022-02-04/342_RR220204A_941C_2115.bmp,/content/rl_quantum_2026summer/data/original data/Trajectories/2022-02-04/342_RR220204A_941C_2115.bmp,/content/rl_quantum_2026summer/data/original data/Trajectories/2022-02-04/333_RR220204A_939C_2059.bmp,3,1.0
Trajectories/2022-02-04/044_RR220204A_348C_0157.bmp,044_RR220204A_348C_0157.bmp,Trajectories/2022-02-04/059_RR220204A_180C_0211.bmp,059_RR220204A_180C_0211.bmp,(1 x 1),1,SY,,2025-12-10T17:02:50.595070,,,,(1 x 1),Trajectories/2022-02-04/044_RR220204A_348C_0157.bmp || Trajectories/2022-02-04/059_RR220204A_180C_0211.bmp,/content/rl_quantum_2026summer/data/original data/Trajectories/2022-02-04/044_RR220204A_348C_0157.bmp,/content/rl_quantum_2026summer/data/original data/Trajectories/2022-02-04/059_RR220204A_180C_0211.bmp,0,1.0
Trajectories/2022-02-04/044_RR220204A_348C_0157.bmp,044_RR220204A_348C_0157.bmp,Trajectories/2022-02-04/059_RR220204A_180C_0211.bmp,059_RR220204A_180C_0211.bmp,(√13 x √13),1,SY,,2025-12-10T17:02:51.649320,,,,(√13 x √13),Trajectories/2022-02-04/044_RR220204A_348C_0157.bmp || Trajectories/2022-02-04/059_RR220204A_180C_0211.bmp,/content/rl_quantum_2026summer/data/original data/Trajectories/2022-02-04/044_RR220204A_348C_0157.bmp,/content/rl_quantum_2026summer/data/original data/Trajectories/2022-02-04/059_RR220204A_180C_0211.bmp,3,1.0
Trajectories/2022-02-04/044_RR220204A_348C_0157.bmp,044_RR220204A_348C_0157.bmp,Trajectories/2022-02-04/059_RR220204A_180C_0211.bmp,059_RR220204A_180C_0211.bmp,Twinned(2 x 1),1,SY,,2025-12-10T17:02:52.338417,,,,Twinned(2 x 1),Trajectories/2022-02-04/044_RR220204A_348C_0157.bmp || Trajectories/2022-02-04/059_RR220204A_180C_0211.bmp,/content/rl_quantum_2026summer/data/original data/Trajectories/2022-02-04/044_RR220204A_348C_0157.bmp,/content/rl_quantum_2026summer/data/original data/Trajectories/2022-02-04/059_RR220204A_180C_0211.bmp,1,1.0
Trajectories/2022-02-04/044_RR220204A_348C_0157.bmp,044_RR220204A_348C_0157.bmp,Trajectories/2022-02-04/059_RR220204A_180C_0211.bmp,059_RR220204A_180C_0211.bmp,HTR,not_apply,SY,,2025-12-10T17:02:53.031443,,,,HTR,Trajectories/2022-02-04/044_RR220204A_348C_0157.bmp || Trajectories/2022-02-04/059_RR220204A_180C_0211.bmp,/content/rl_quantum_2026summer/data/original data/Trajectories/2022-02-04/044_RR220204A_348C_0157.bmp,/content/rl_quantum_2026summer/data/original data/Trajectories/2022-02-04/059_RR220204A_180C_0211.bmp,4,1.0
Trajectories/2022-02-04/044_RR220204A_348C_0157.bmp,044_RR220204A_348C_0157.bmp,Trajectories/2022-02-04/059_RR220204A_180C_0211.bmp,059_RR220204A_180C_0211.bmp,c(6 x 2),not_apply,SY,,2025-12-10T17:02:53.743362,,,,c(6 x 2),Trajectories/2022-02-04/044_RR220204A_348C_0157.bmp || Trajectories/2022-02-04/059_RR220204A_180C_0211.bmp,/content/rl_quantum_2026summer/data/original data/Trajectories/2022-02-04/044_RR220204A_348C_0157.bmp,/content/rl_quantum_2026summer/data/original data/Trajectories/2022-02-04/059_RR220204A_180C_0211.bmp,2,1.0
Trajectories/2022-02-06/049_RR220206A_205C_1737.bmp,049_RR220206A_205C_1737.bmp,Trajectories/2022-04-11/356_RR220411A_685C_1925.bmp,356_RR220411A_685C_1925.bmp,HTR,not_apply,HL,,2025-12-15T21:27:41.883575,,,,HTR,Trajectories/2022-02-06/049_RR220206A_205C_1737.bmp || Trajectories/2022-04-11/356_RR220411A_685C_1925.bmp,/content/rl_quantum_2026summer/data/original data/Trajectories/2022-02-06/049_RR220206A_205C_1737.bmp,/content/rl_quantum_2026summer/data/original data/Trajectories/2022-04-11/356_RR220411A_685C_1925.bmp,4,1.0
Trajectories/2022-02-06/049_RR220206A_205C_1737.bmp,049_RR220206A_205C_1737.bmp,Trajectories/2022-04-11/356_RR220411A_685C_1925.bmp,356_RR220411A_685C_1925.bmp,Twinned(2 x 1),not_apply,HL,,2025-12-15T21:27:43.042098,,,,Twinned(2 x 1),Trajectories/2022-02-06/049_RR220206A_205C_1737.bmp || Trajectories/2022-04-11/356_RR220411A_685C_1925.bmp,/content/rl_quantum_2026summer/data/original data/Trajectories/2022-02-06/049_RR220206A_205C_1737.bmp,/content/rl_quantum_2026summer/data/original data/Trajectories/2022-04-11/356_RR220411A_685C_1925.bmp,1,1.0
Trajectories/2022-02-06/049_RR220206A_205C_1737.bmp,049_RR220206A_205C_1737.bmp,Trajectories/2022-04-11/356_RR220411A_685C_1925.bmp,356_RR220411A_685C_1925.bmp,(√13 x √13),2,HL,,2025-12-15T21:27:44.078270,,,,(√13 x √13),Trajectories/2022-02-06/049_RR220206A_205C_1737.bmp || Trajectories/2022-04-11/356_RR220411A_685C_1925.bmp,/content/rl_quantum_2026summer/data/original data/Trajectories/2022-02-06/049_RR220206A_205C_1737.bmp,/content/rl_quantum_2026summer/data/original data/Trajectories/2022-04-11/356_RR220411A_685C_1925.bmp,3,1.0
Trajectories/2022-02-06/049_RR220206A_205C_1737.bmp,049_RR220206A_205C_1737.bmp,Trajectories/2022-04-11/356_RR220411A_685C_1925.bmp,356_RR220411A_685C_1925.bmp,(1 x 1),1,HL,,2025-12-15T21:27:45.111980,,,,(1 x 1),Trajectories/2022-02-06/049_RR220206A_205C_1737.bmp || Trajectories/2022-04-11/356_RR220411A_685C_1925.bmp,/content/rl_quantum_2026summer/data/original data/Trajectories/2022-02-06/049_RR220206A_205C_1737.bmp,/content/rl_quantum_2026summer/data/original data/Trajectories/2022-04-11/356_RR220411A_685C_1925.bmp,0,1.0
Trajectories/2022-02-06/049_RR220206A_205C_1737.bmp,049_RR220206A_205C_1737.bmp,Trajectories/2022-04-11/356_RR220411A_685C_1925.bmp,356_RR220411A_685C_1925.bmp,c(6 x 2),2,HL,,2025-12-15T21:27:46.368830,,,,c(6 x 2),Trajectories/2022-02-06/049_RR220206A_205C_1737.bmp || Trajectories/2022-04-11/356_RR220411A_685C_1925.bmp,/content/rl_quantum_2026summer/data/original data/Trajectories/2022-02-06/049_RR220206A_205C_1737.bmp,/content/rl_quantum_2026summer/data/original data/Trajectories/2022-04-11/356_RR220411A_685C_1925.bmp,2,1.0
Trajectories/2022-04-11/383_RR220411A_597C_1941.bmp,383_RR220411A_597C_1941.bmp,Trajectories/2022-02-04/097_RR220204A_405C_1727.bmp,097_RR220204A_405C_1727.bmp,c(6 x 2),1,SY,,2025-12-23T22:35:07.180457,259.0,240.0,Confident,c(6 x 2),Trajectories/2022-02-04/097_RR220204A_405C_1727.bmp || Trajectories/2022-04-11/383_RR220411A_597C_1941.bmp,/content/rl_quantum_2026summer/data/original data/Trajectories/2022-04-11/383_RR220411A_597C_1941.bmp,/content/rl_quantum_2026summer/data/original data/Trajectories/2022-02-04/097_RR220204A_405C_1727.bmp,2,1.0
Trajectories/2022-04-11/383_RR220411A_597C_1941.bmp,383_RR220411A_597C_1941.bmp,Trajectories/2022-02-04/097_RR220204A_405C_1727.bmp,097_RR220204A_405C_1727.bmp,(√13 x √13),1,SY,,2025-12-23T22:35:08.622839,259.0,240.0,Confident,(√13 x √13),Trajectories/2022-02-04/097_RR220204A_405C_1727.bmp || Trajectories/2022-04-11/383_RR220411A_597C_1941.bmp,/content/rl_quantum_2026summer/data/original data/Trajectories/2022-04-11/383_RR220411A_597C_1941.bmp,/content/rl_quantum_2026summer/data/original data/Trajectories/2022-02-04/097_RR220204A_405C_1727.bmp,3,1.0
Trajectories/2022-04-11/383_RR220411A_597C_1941.bmp,383_RR220411A_597C_1941.bmp,Trajectories/2022-02-04/097_RR220204A_405C_1727.bmp,097_RR220204A_405C_1727.bmp,Twinned(2 x 1),2,SY,,2025-12-23T22:35:10.000147,259.0,240.0,Confident,Twinned(2 x 1),Trajectories/2022-02-04/097_RR220204A_405C_1727.bmp || Trajectories/2022-04-11/383_RR220411A_597C_1941.bmp,/content/rl_quantum_2026summer/data/original data/Trajectories/2022-04-11/383_RR220411A_597C_1941.bmp,/content/rl_quantum_2026summer/data/original data/Trajectories/2022-02-04/097_RR220204A_405C_1727.bmp,1,1.0
Trajectories/2022-04-11/383_RR220411A_597C_1941.bmp,383_RR220411A_597C_1941.bmp,Trajectories/2022-02-04/097_RR220204A_405C_1727.bmp,097_RR220204A_405C_1727.bmp,HTR,not_apply,SY,,2025-12-23T22:35:11.299926,259.0,240.0,Confident,HTR,Trajectories/2022-02-04/097_RR220204A_405C_1727.bmp || Trajectories/2022-04-11/383_RR220411A_597C_1941.bmp,/content/rl_quantum_2026summer/data/original data/Trajectories/2022-04-11/383_RR220411A_597C_1941.bmp,/content/rl_quantum_2026summer/data/original data/Trajectories/2022-02-04/097_RR220204A_405C_1727.bmp,4,1.0
Trajectories/2022-04-11/383_RR220411A_597C_1941.bmp,383_RR220411A_597C_1941.bmp,Trajectories/2022-02-04/097_RR220204A_405C_1727.bmp,097_RR220204A_405C_1727.bmp,(1 x 1),1,SY,,2025-12-23T22:35:12.659627,259.0,240.0,Confident,(1 x 1),Trajectories/2022-02-04/097_RR220204A_405C_1727.bmp || Trajectories/2022-04-11/383_RR220411A_597C_1941.bmp,/content/rl_quantum_2026summer/data/original data/Trajectories/2022-04-11/383_RR220411A_597C_1941.bmp,/content/rl_quantum_2026summer/data/original data/Trajectories/2022-02-04/097_RR220204A_405C_1727.bmp,0,1.0
Trajectories/2022-02-04/263_RR220204A_793C_1934.bmp,263_RR220204A_793C_1934.bmp,Trajectories/2022-04-11/042_RR220411A_331C_1448.bmp,042_RR220411A_331C_1448.bmp,(√13 x √13),1,AJ,,2025-12-12T00:06:42.284440,,,,(√13 x √13),Trajectories/2022-02-04/263_RR220204A_793C_1934.bmp || Trajectories/2022-04-11/042_RR220411A_331C_1448.bmp,/content/rl_quantum_2026summer/data/original data/Trajectories/2022-02-04/263_RR220204A_793C_1934.bmp,/content/rl_quantum_2026summer/data/original data/Trajectories/2022-04-11/042_RR220411A_331C_1448.bmp,3,1.0
Trajectories/2022-02-04/263_RR220204A_793C_1934.bmp,263_RR220204A_793C_1934.bmp,Trajectories/2022-04-11/042_RR220411A_331C_1448.bmp,042_RR220411A_331C_1448.bmp,HTR,2,AJ,,2025-12-12T00:06:43.078863,,,,HTR,Trajectories/2022-02-04/263_RR220204A_793C_1934.bmp || Trajectories/2022-04-11/042_RR220411A_331C_1448.bmp,/content/rl_quantum_2026summer/data/original data/Trajectories/2022-02-04/263_RR220204A_793C_1934.bmp,/content/rl_quantum_2026summer/data/original data/Trajectories/2022-04-11/042_RR220411A_331C_1448.bmp,4,1.0
Trajectories/2022-02-04/126_RR220204A_443C_1750.bmp,126_RR220204A_443C_1750.bmp,Trajectories/2022-04-11/213_RR220411A_857C_1715.bmp,213_RR220411A_857C_1715.bmp,Twinned(2 x 1),1,HL,,2026-01-05T23:23:22.958120,257.0,270.0,Confident,Twinned(2 x 1),Trajectories/2022-02-04/126_RR220204A_443C_1750.bmp || Trajectories/2022-04-11/213_RR220411A_857C_1715.bmp,/content/rl_quantum_2026summer/data/original data/Trajectories/2022-02-04/126_RR220204A_443C_1750.bmp,/content/rl_quantum_2026summer/data/original data/Trajectories/2022-04-11/213_RR220411A_857C_1715.bmp,1,1.0
Trajectories/2022-02-04/126_RR220204A_443C_1750.bmp,126_RR220204A_443C_1750.bmp,Trajectories/2022-04-11/213_RR220411A_857C_1715.bmp,213_RR220411A_857C_1715.bmp,(√13 x √13),1,HL,,2026-01-05T23:23:23.972572,257.0,270.0,Confident,(√13 x √13),Trajectories/2022-02-04/126_RR220204A_443C_1750.bmp || Trajectories/2022-04-11/213_RR220411A_857C_1715.bmp,/content/rl_quantum_2026summer/data/original data/Trajectories/2022-02-04/126_RR220204A_443C_1750.bmp,/content/rl_quantum_2026summer/data/original data/Trajectories/2022-04-11/213_RR220411A_857C_1715.bmp,3,1.0
Trajectories/2022-02-04/126_RR220204A_443C_1750.bmp,126_RR220204A_443C_1750.bmp,Trajectories/2022-04-11/213_RR220411A_857C_1715.bmp,213_RR220411A_857C_1715.bmp,HTR,2,HL,,2026-01-05T23:23:24.915946,257.0,270.0,Confident,HTR,Trajectories/2022-02-04/126_RR220204A_443C_1750.bmp || Trajectories/2022-04-11/213_RR220411A_857C_1715.bmp,/content/rl_quantum_2026summer/data/original data/Trajectories/2022-02-04/126_RR220204A_443C_1750.bmp,/content/rl_quantum_2026summer/data/original data/Trajectories/2022-04-11/213_RR220411A_857C_1715.bmp,4,1.0
Trajectories/2022-02-04/126_RR220204A_443C_1750.bmp,126_RR220204A_443C_1750.bmp,Trajectories/2022-04-11/213_RR220411A_857C_1715.bmp,213_RR220411A_857C_1715.bmp,c(6 x 2),not_apply,HL,,2026-01-05T23:23:25.959887,257.0,270.0,Confident,c(6 x 2),Trajectories/2022-02-04/126_RR220204A_443C_1750.bmp || Trajectories/2022-04-11/213_RR220411A_857C_1715.bmp,/content/rl_quantum_2026summer/data/original data/Trajectories/2022-02-04/126_RR220204A_443C_1750.bmp,/content/rl_quantum_2026summer/data/original data/Trajectories/2022-04-11/213_RR220411A_857C_1715.bmp,2,1.0
Trajectories/2022-02-04/126_RR220204A_443C_1750.bmp,126_RR220204A_443C_1750.bmp,Trajectories/2022-04-11/213_RR220411A_857C_1715.bmp,213_RR220411A_857C_1715.bmp,(1 x 1),1,HL,,2026-01-05T23:23:26.888675,257.0,270.0,Confident,(1 x 1),Trajectories/2022-02-04/126_RR220204A_443C_1750.bmp || Trajectories/2022-04-11/213_RR220411A_857C_1715.bmp,/content/rl_quantum_2026summer/data/original data/Trajectories/2022-02-04/126_RR220204A_443C_1750.bmp,/content/rl_quantum_2026summer/data/original data/Trajectories/2022-04-11/213_RR220411A_857C_1715.bmp,0,1.0
Trajectories/2022-02-06/203_RR220206A_876C_2110-01.bmp,203_RR220206A_876C_2110-01.bmp,Trajectories/2022-04-11/394_RR220411A_546C_1946.bmp,394_RR220411A_546C_1946.bmp,(√13 x √13),2,AJ,,2025-12-12T00:16:08.978772,,,,(√13 x √13),Trajectories/2022-02-06/203_RR220206A_876C_2110-01.bmp || Trajectories/2022-04-11/394_RR220411A_546C_1946.bmp,/content/rl_quantum_2026summer/data/original data/Trajectories/2022-02-06/203_RR220206A_876C_2110-01.bmp,/content/rl_quantum_2026summer/data/original data/Trajectories/2022-04-11/394_RR220411A_546C_1946.bmp,3,1.0
Trajectories/2022-02-06/203_RR220206A_876C_2110-01.bmp,203_RR220206A_876C_2110-01.bmp,Trajectories/2022-04-11/394_RR220411A_546C_1946.bmp,394_RR220411A_546C_1946.bmp,HTR,1,AJ,,2025-12-12T00:16:09.702536,,,,HTR,Trajectories/2022-02-06/203_RR220206A_876C_2110-01.bmp || Trajectories/2022-04-11/394_RR220411A_546C_1946.bmp,/content/rl_quantum_2026summer/data/original data/Trajectories/2022-02-06/203_RR220206A_876C_2110-01.bmp,/content/rl_quantum_2026summer/data/original data/Trajectories/2022-04-11/394_RR220411A_546C_1946.bmp,4,1.0
Trajectories/2022-02-04/347_RR220204A_954C_2124.bmp,347_RR220204A_954C_2124.bmp,Trajectories/2022-02-04/106_RR220204A_430C_1736.bmp,106_RR220204A_430C_1736.bmp,(√13 x √13),tie,AJ,,2025-12-12T00:16:52.540382,,,,(√13 x √13),Trajectories/2022-02-04/106_RR220204A_430C_1736.bmp || Trajectories/2022-02-04/347_RR220204A_954C_2124.bmp,/content/rl_quantum_2026summer/data/original data/Trajectories/2022-02-04/347_RR220204A_954C_2124.bmp,/content/rl_quantum_2026summer/data/original data/Trajectories/2022-02-04/106_RR220204A_430C_1736.bmp,3,1.0
Trajectories/2022-02-04/093_RR220204A_397C_1722.bmp,093_RR220204A_397C_1722.bmp,Trajectories/2022-04-11/367_RR220411A_648C_1932.bmp,367_RR220411A_648C_1932.bmp,(1 x 1),1,AJ,,2025-12-11T15:15:49.686976,,,,(1 x 1),Trajectories/2022-02-04/093_RR220204A_397C_1722.bmp || Trajectories/2022-04-11/367_RR220411A_648C_1932.bmp,/content/rl_quantum_2026summer/data/original data/Trajectories/2022-02-04/093_RR220204A_397C_1722.bmp,/content/rl_quantum_2026summer/data/original data/Trajectories/2022-04-11/367_RR220411A_648C_1932.bmp,0,1.0
Trajectories/2022-02-04/093_RR220204A_397C_1722.bmp,093_RR220204A_397C_1722.bmp,Trajectories/2022-04-11/367_RR220411A_648C_1932.bmp,367_RR220411A_648C_1932.bmp,(√13 x √13),2,AJ,,2025-12-11T15:15:50.551998,,,,(√13 x √13),Trajectories/2022-02-04/093_RR220204A_397C_1722.bmp || Trajectories/2022-04-11/367_RR220411A_648C_1932.bmp,/content/rl_quantum_2026summer/data/original data/Trajectories/2022-02-04/093_RR220204A_397C_1722.bmp,/content/rl_quantum_2026summer/data/original data/Trajectories/2022-04-11/367_RR220411A_648C_1932.bmp,3,1.0
Trajectories/2022-02-04/296_RR220204A_869C_2015.bmp,296_RR220204A_869C_2015.bmp,Trajectories/2022-04-11/009_RR220411A_206C_1423.bmp,009_RR220411A_206C_1423.bmp,(1 x 1),2,AJ,,2025-12-12T00:20:43.071402,,,,(1 x 1),Trajectories/2022-02-04/296_RR220204A_869C_2015.bmp || Trajectories/2022-04-11/009_RR220411A_206C_1423.bmp,/content/rl_quantum_2026summer/data/original data/Trajectories/2022-02-04/296_RR220204A_869C_2015.bmp,/content/rl_quantum_2026summer/data/original data/Trajectories/2022-04-11/009_RR220411A_206C_1423.bmp,0,1.0
Trajectories/2022-02-04/296_RR220204A_869C_2015.bmp,296_RR220204A_869C_2015.bmp,Trajectories/2022-04-11/009_RR220411A_206C_1423.bmp,009_RR220411A_206C_1423.bmp,(√13 x √13),1,AJ,,2025-12-12T00:20:44.010217,,,,(√13 x √13),Trajectories/2022-02-04/296_RR220204A_869C_2015.bmp || Trajectories/2022-04-11/009_RR220411A_206C_1423.bmp,/content/rl_quantum_2026summer/data/original data/Trajectories/2022-02-04/296_RR220204A_869C_2015.bmp,/content/rl_quantum_2026summer/data/original data/Trajectories/2022-04-11/009_RR220411A_206C_1423.bmp,3,1.0
Trajectories/2022-04-11/437_RR220411A_345C_2004.bmp,437_RR220411A_345C_2004.bmp,Trajectories/2022-02-04/181_RR220204A_572C_1825.bmp,181_RR220204A_572C_1825.bmp,c(6 x 2),1,HL,,2025-12-15T21:07:11.235892,,,,c(6 x 2),Trajectories/2022-02-04/181_RR220204A_572C_1825.bmp || Trajectories/2022-04-11/437_RR220411A_345C_2004.bmp,/content/rl_quantum_2026summer/data/original data/Trajectories/2022-04-11/437_RR220411A_345C_2004.bmp,/content/rl_quantum_2026summer/data/original data/Trajectories/2022-02-04/181_RR220204A_572C_1825.bmp,2,1.0
Trajectories/2022-04-11/437_RR220411A_345C_2004.bmp,437_RR220411A_345C_2004.bmp,Trajectories/2022-02-04/181_RR220204A_572C_1825.bmp,181_RR220204A_572C_1825.bmp,HTR,not_apply,HL,,2025-12-15T21:07:12.137885,,,,HTR,Trajectories/2022-02-04/181_RR220204A_572C_1825.bmp || Trajectories/2022-04-11/437_RR220411A_345C_2004.bmp,/content/rl_quantum_2026summer/data/original data/Trajectories/2022-04-11/437_RR220411A_345C_2004.bmp,/content/rl_quantum_2026summer/data/original data/Trajectories/2022-02-04/181_RR220204A_572C_1825.bmp,4,1.0
Trajectories/2022-04-11/437_RR220411A_345C_2004.bmp,437_RR220411A_345C_2004.bmp,Trajectories/2022-02-04/181_RR220204A_572C_1825.bmp,181_RR220204A_572C_1825.bmp,(1 x 1),not_apply,HL,,2025-12-15T21:07:13.104534,,,,(1 x 1),Trajectories/2022-02-04/181_RR220204A_572C_1825.bmp || Trajectories/2022-04-11/437_RR220411A_345C_2004.bmp,/content/rl_quantum_2026summer/data/original data/Trajectories/2022-04-11/437_RR220411A_345C_2004.bmp,/content/rl_quantum_2026summer/data/original data/Trajectories/2022-02-04/181_RR220204A_572C_1825.bmp,0,1.0
Trajectories/2022-04-11/437_RR220411A_345C_2004.bmp,437_RR220411A_345C_2004.bmp,Trajectories/2022-02-04/181_RR220204A_572C_1825.bmp,181_RR220204A_572C_1825.bmp,(√13 x √13),1,HL,,2025-12-15T21:07:14.262371,,,,(√13 x √13),Trajectories/2022-02-04/181_RR220204A_572C_1825.bmp || Trajectories/2022-04-11/437_RR220411A_345C_2004.bmp,/content/rl_quantum_2026summer/data/original data/Trajectories/2022-04-11/437_RR220411A_345C_2004.bmp,/content/rl_quantum_2026summer/data/original data/Trajectories/2022-02-04/181_RR220204A_572C_1825.bmp,3,1.0
Trajectories/2022-04-11/437_RR220411A_345C_2004.bmp,437_RR220411A_345C_2004.bmp,Trajectories/2022-02-04/181_RR220204A_572C_1825.bmp,181_RR220204A_572C_1825.bmp,Twinned(2 x 1),2,HL,,2025-12-15T21:07:15.202419,,,,Twinned(2 x 1),Trajectories/2022-02-04/181_RR220204A_572C_1825.bmp || Trajectories/2022-04-11/437_RR220411A_345C_2004.bmp,/content/rl_quantum_2026summer/data/original data/Trajectories/2022-04-11/437_RR220411A_345C_2004.bmp,/content/rl_quantum_2026summer/data/original data/Trajectories/2022-02-04/181_RR220204A_572C_1825.bmp,1,1.0
Trajectories/2022-02-06/191_RR220206A_960C_2056.bmp,191_RR220206A_960C_2056.bmp,Trajectories/2022-02-04/219_RR220204A_668C_1852.bmp,219_RR220204A_668C_1852.bmp,(1 x 1),1,SY,,2025-12-10T17:00:33.631831,,,,(1 x 1),Trajectories/2022-02-04/219_RR220204A_668C_1852.bmp || Trajectories/2022-02-06/191_RR220206A_960C_2056.bmp,/content/rl_quantum_2026summer/data/original data/Trajectories/2022-02-06/191_RR220206A_960C_2056.bmp,/content/rl_quantum_2026summer/data/original data/Trajectories/2022-02-04/219_RR220204A_668C_1852.bmp,0,1.0
Trajectories/2022-02-06/191_RR220206A_960C_2056.bmp,191_RR220206A_960C_2056.bmp,Trajectories/2022-02-04/219_RR220204A_668C_1852.bmp,219_RR220204A_668C_1852.bmp,HTR,1,SY,,2025-12-10T17:00:34.429593,,,,HTR,Trajectories/2022-02-04/219_RR220204A_668C_1852.bmp || Trajectories/2022-02-06/191_RR220206A_960C_2056.bmp,/content/rl_quantum_2026summer/data/original data/Trajectories/2022-02-06/191_RR220206A_960C_2056.bmp,/content/rl_quantum_2026summer/data/original data/Trajectories/2022-02-04/219_RR220204A_668C_1852.bmp,4,1.0
Trajectories/2022-02-06/191_RR220206A_960C_2056.bmp,191_RR220206A_960C_2056.bmp,Trajectories/2022-02-04/219_RR220204A_668C_1852.bmp,219_RR220204A_668C_1852.bmp,Twinned(2 x 1),2,SY,,2025-12-10T17:00:35.459492,,,,Twinned(2 x 1),Trajectories/2022-02-04/219_RR220204A_668C_1852.bmp || Trajectories/2022-02-06/191_RR220206A_960C_2056.bmp,/content/rl_quantum_2026summer/data/original data/Trajectories/2022-02-06/191_RR220206A_960C_2056.bmp,/content/rl_quantum_2026summer/data/original data/Trajectories/2022-02-04/219_RR220204A_668C_1852.bmp,1,1.0
Trajectories/2022-02-06/191_RR220206A_960C_2056.bmp,191_RR220206A_960C_2056.bmp,Trajectories/2022-02-04/219_RR220204A_668C_1852.bmp,219_RR220204A_668C_1852.bmp,c(6 x 2),not_apply,SY,,2025-12-10T17:00:36.496415,,,,c(6 x 2),Trajectories/2022-02-04/219_RR220204A_668C_1852.bmp || Trajectories/2022-02-06/191_RR220206A_960C_2056.bmp,/content/rl_quantum_2026summer/data/original data/Trajectories/2022-02-06/191_RR220206A_960C_2056.bmp,/content/rl_quantum_2026summer/data/original data/Trajectories/2022-02-04/219_RR220204A_668C_1852.bmp,2,1.0
Trajectories/2022-02-06/191_RR220206A_960C_2056.bmp,191_RR220206A_960C_2056.bmp,Trajectories/2022-02-04/219_RR220204A_668C_1852.bmp,219_RR220204A_668C_1852.bmp,(√13 x √13),2,SY,,2025-12-10T17:00:37.304338,,,,(√13 x √13),Trajectories/2022-02-04/219_RR220204A_668C_1852.bmp || Trajectories/2022-02-06/191_RR220206A_960C_2056.bmp,/content/rl_quantum_2026summer/data/original data/Trajectories/2022-02-06/191_RR220206A_960C_2056.bmp,/content/rl_quantum_2026summer/data/original data/Trajectories/2022-02-04/219_RR220204A_668C_1852.bmp,3,1.0
Trajectories/2022-04-11/028_RR220411A_291C_1436.bmp,028_RR220411A_291C_1436.bmp,Trajectories/2022-04-11/050_RR220411A_370C_1458.bmp,050_RR220411A_370C_1458.bmp,Twinned(2 x 1),not_apply,HL,,2025-12-15T20:54:23.304996,,,,Twinned(2 x 1),Trajectories/2022-04-11/028_RR220411A_291C_1436.bmp || Trajectories/2022-04-11/050_RR220411A_370C_1458.bmp,/content/rl_quantum_2026summer/data/original data/Trajectories/2022-04-11/028_RR220411A_291C_1436.bmp,/content/rl_quantum_2026summer/data/original data/Trajectories/2022-04-11/050_RR220411A_370C_1458.bmp,1,1.0
Trajectories/2022-04-11/028_RR220411A_291C_1436.bmp,028_RR220411A_291C_1436.bmp,Trajectories/2022-04-11/050_RR220411A_370C_1458.bmp,050_RR220411A_370C_1458.bmp,(1 x 1),tie,HL,,2025-12-15T20:54:24.541804,,,,(1 x 1),Trajectories/2022-04-11/028_RR220411A_291C_1436.bmp || Trajectories/2022-04-11/050_RR220411A_370C_1458.bmp,/content/rl_quantum_2026summer/data/original data/Trajectories/2022-04-11/028_RR220411A_291C_1436.bmp,/content/rl_quantum_2026summer/data/original data/Trajectories/2022-04-11/050_RR220411A_370C_1458.bmp,0,1.0
Trajectories/2022-04-11/028_RR220411A_291C_1436.bmp,028_RR220411A_291C_1436.bmp,Trajectories/2022-04-11/050_RR220411A_370C_1458.bmp,050_RR220411A_370C_1458.bmp,c(6 x 2),not_apply,HL,,2025-12-15T20:54:25.503680,,,,c(6 x 2),Trajectories/2022-04-11/028_RR220411A_291C_1436.bmp || Trajectories/2022-04-11/050_RR220411A_370C_1458.bmp,/content/rl_quantum_2026summer/data/original data/Trajectories/2022-04-11/028_RR220411A_291C_1436.bmp,/content/rl_quantum_2026summer/data/original data/Trajectories/2022-04-11/050_RR220411A_370C_1458.bmp,2,1.0
Trajectories/2022-04-11/028_RR220411A_291C_1436.bmp,028_RR220411A_291C_1436.bmp,Trajectories/2022-04-11/050_RR220411A_370C_1458.bmp,050_RR220411A_370C_1458.bmp,(√13 x √13),not_apply,HL,,2025-12-15T20:54:26.444863,,,,(√13 x √13),Trajectories/2022-04-11/028_RR220411A_291C_1436.bmp || Trajectories/2022-04-11/050_RR220411A_370C_1458.bmp,/content/rl_quantum_2026summer/data/original data/Trajectories/2022-04-11/028_RR220411A_291C_1436.bmp,/content/rl_quantum_2026summer/data/original data/Trajectories/2022-04-11/050_RR220411A_370C_1458.bmp,3,1.0
Trajectories/2022-04-11/028_RR220411A_291C_1436.bmp,028_RR220411A_291C_1436.bmp,Trajectories/2022-04-11/050_RR220411A_370C_1458.bmp,050_RR220411A_370C_1458.bmp,HTR,not_apply,HL,,2025-12-15T20:54:27.295559,,,,HTR,Trajectories/2022-04-11/028_RR220411A_291C_1436.bmp || Trajectories/2022-04-11/050_RR220411A_370C_1458.bmp,/content/rl_quantum_2026summer/data/original data/Trajectories/2022-04-11/028_RR220411A_291C_1436.bmp,/content/rl_quantum_2026summer/data/original data/Trajectories/2022-04-11/050_RR220411A_370C_1458.bmp,4,1.0
Trajectories/2022-04-11/330_RR220411A_762C_1910.bmp,330_RR220411A_762C_1910.bmp,Trajectories/2022-02-04/124_RR220204A_444C_1748.bmp,124_RR220204A_444C_1748.bmp,Twinned(2 x 1),2,HL,,2026-01-06T21:45:48.881523,286.0,284.0,Confident,Twinned(2 x 1),Trajectories/2022-02-04/124_RR220204A_444C_1748.bmp || Trajectories/2022-04-11/330_RR220411A_762C_1910.bmp,/content/rl_quantum_2026summer/data/original data/Trajectories/2022-04-11/330_RR220411A_762C_1910.bmp,/content/rl_quantum_2026summer/data/original data/Trajectories/2022-02-04/124_RR220204A_444C_1748.bmp,1,1.0
Trajectories/2022-04-11/330_RR220411A_762C_1910.bmp,330_RR220411A_762C_1910.bmp,Trajectories/2022-02-04/124_RR220204A_444C_1748.bmp,124_RR220204A_444C_1748.bmp,HTR,not_apply,HL,,2026-01-06T21:45:49.968279,286.0,284.0,Confident,HTR,Trajectories/2022-02-04/124_RR220204A_444C_1748.bmp || Trajectories/2022-04-11/330_RR220411A_762C_1910.bmp,/content/rl_quantum_2026summer/data/original data/Trajectories/2022-04-11/330_RR220411A_762C_1910.bmp,/content/rl_quantum_2026summer/data/original data/Trajectories/2022-02-04/124_RR220204A_444C_1748.bmp,4,1.0
Trajectories/2022-04-11/330_RR220411A_762C_1910.bmp,330_RR220411A_762C_1910.bmp,Trajectories/2022-02-04/124_RR220204A_444C_1748.bmp,124_RR220204A_444C_1748.bmp,(√13 x √13),1,HL,,2026-01-06T21:45:50.860061,286.0,284.0,Confident,(√13 x √13),Trajectories/2022-02-04/124_RR220204A_444C_1748.bmp || Trajectories/2022-04-11/330_RR220411A_762C_1910.bmp,/content/rl_quantum_2026summer/data/original data/Trajectories/2022-04-11/330_RR220411A_762C_1910.bmp,/content/rl_quantum_2026summer/data/original data/Trajectories/2022-02-04/124_RR220204A_444C_1748.bmp,3,1.0
Trajectories/2022-04-11/330_RR220411A_762C_1910.bmp,330_RR220411A_762C_1910.bmp,Trajectories/2022-02-04/124_RR220204A_444C_1748.bmp,124_RR220204A_444C_1748.bmp,c(6 x 2),1,HL,,2026-01-06T21:45:51.625776,286.0,284.0,Confident,c(6 x 2),Trajectories/2022-02-04/124_RR220204A_444C_1748.bmp || Trajectories/2022-04-11/330_RR220411A_762C_1910.bmp,/content/rl_quantum_2026summer/data/original data/Trajectories/2022-04-11/330_RR220411A_762C_1910.bmp,/content/rl_quantum_2026summer/data/original data/Trajectories/2022-02-04/124_RR220204A_444C_1748.bmp,2,1.0
Trajectories/2022-04-11/330_RR220411A_762C_1910.bmp,330_RR220411A_762C_1910.bmp,Trajectories/2022-02-04/124_RR220204A_444C_1748.bmp,124_RR220204A_444C_1748.bmp,(1 x 1),2,HL,,2026-01-06T21:45:52.380055,286.0,284.0,Confident,(1 x 1),Trajectories/2022-02-04/124_RR220204A_444C_1748.bmp || Trajectories/2022-04-11/330_RR220411A_762C_1910.bmp,/content/rl_quantum_2026summer/data/original data/Trajectories/2022-04-11/330_RR220411A_762C_1910.bmp,/content/rl_quantum_2026summer/data/original data/Trajectories/2022-02-04/124_RR220204A_444C_1748.bmp,0,1.0
Trajectories/2022-04-11/129_RR220411A_590C_1601.bmp,129_RR220411A_590C_1601.bmp,Trajectories/2022-02-06/141_RR220206A_995C_1942.bmp,141_RR220206A_995C_1942.bmp,(1 x 1),1,HL,,2026-01-06T23:14:56.537843,290.0,311.0,Confident,(1 x 1),Trajectories/2022-02-06/141_RR220206A_995C_1942.bmp || Trajectories/2022-04-11/129_RR220411A_590C_1601.bmp,/content/rl_quantum_2026summer/data/original data/Trajectories/2022-04-11/129_RR220411A_590C_1601.bmp,/content/rl_quantum_2026summer/data/original data/Trajectories/2022-02-06/141_RR220206A_995C_1942.bmp,0,1.0
Trajectories/2022-04-11/129_RR220411A_590C_1601.bmp,129_RR220411A_590C_1601.bmp,Trajectories/2022-02-06/141_RR220206A_995C_1942.bmp,141_RR220206A_995C_1942.bmp,HTR,not_apply,HL,,2026-01-06T23:14:58.103906,290.0,311.0,Confident,HTR,Trajectories/2022-02-06/141_RR220206A_995C_1942.bmp || Trajectories/2022-04-11/129_RR220411A_590C_1601.bmp,/content/rl_quantum_2026summer/data/original data/Trajectories/2022-04-11/129_RR220411A_590C_1601.bmp,/content/rl_quantum_2026summer/data/original data/Trajectories/2022-02-06/141_RR220206A_995C_1942.bmp,4,1.0
Trajectories/2022-04-11/129_RR220411A_590C_1601.bmp,129_RR220411A_590C_1601.bmp,Trajectories/2022-02-06/141_RR220206A_995C_1942.bmp,141_RR220206A_995C_1942.bmp,Twinned(2 x 1),not_apply,HL,,2026-01-06T23:14:59.292000,290.0,311.0,Confident,Twinned(2 x 1),Trajectories/2022-02-06/141_RR220206A_995C_1942.bmp || Trajectories/2022-04-11/129_RR220411A_590C_1601.bmp,/content/rl_quantum_2026summer/data/original data/Trajectories/2022-04-11/129_RR220411A_590C_1601.bmp,/content/rl_quantum_2026summer/data/original data/Trajectories/2022-02-06/141_RR220206A_995C_1942.bmp,1,1.0
Trajectories/2022-04-11/129_RR220411A_590C_1601.bmp,129_RR220411A_590C_1601.bmp,Trajectories/2022-02-06/141_RR220206A_995C_1942.bmp,141_RR220206A_995C_1942.bmp,(√13 x √13),not_apply,HL,,2026-01-06T23:15:00.590700,290.0,311.0,Confident,(√13 x √13),Trajectories/2022-02-06/141_RR220206A_995C_1942.bmp || Trajectories/2022-04-11/129_RR220411A_590C_1601.bmp,/content/rl_quantum_2026summer/data/original data/Trajectories/2022-04-11/129_RR220411A_590C_1601.bmp,/content/rl_quantum_2026summer/data/original data/Trajectories/2022-02-06/141_RR220206A_995C_1942.bmp,3,1.0
Trajectories/2022-04-11/129_RR220411A_590C_1601.bmp,129_RR220411A_590C_1601.bmp,Trajectories/2022-02-06/141_RR220206A_995C_1942.bmp,141_RR220206A_995C_1942.bmp,c(6 x 2),2,HL,,2026-01-06T23:15:01.765259,290.0,311.0,Confident,c(6 x 2),Trajectories/2022-02-06/141_RR220206A_995C_1942.bmp || Trajectories/2022-04-11/129_RR220411A_590C_1601.bmp,/content/rl_quantum_2026summer/data/original data/Trajectories/2022-04-11/129_RR220411A_590C_1601.bmp,/content/rl_quantum_2026summer/data/original data/Trajectories/2022-02-06/141_RR220206A_995C_1942.bmp,2,1.0
Trajectories/2022-02-04/320_RR220204A_915C_2039.bmp,320_RR220204A_915C_2039.bmp,Trajectories/2022-02-06/282_RR220206A_184C_2256.bmp,282_RR220206A_184C_2256.bmp,(√13 x √13),1,AJ,,2025-12-12T00:09:41.214684,,,,(√13 x √13),Trajectories/2022-02-04/320_RR220204A_915C_2039.bmp || Trajectories/2022-02-06/282_RR220206A_184C_2256.bmp,/content/rl_quantum_2026summer/data/original data/Trajectories/2022-02-04/320_RR220204A_915C_2039.bmp,/content/rl_quantum_2026summer/data/original data/Trajectories/2022-02-06/282_RR220206A_184C_2256.bmp,3,1.0
Trajectories/2022-02-04/320_RR220204A_915C_2039.bmp,320_RR220204A_915C_2039.bmp,Trajectories/2022-02-06/282_RR220206A_184C_2256.bmp,282_RR220206A_184C_2256.bmp,HTR,2,AJ,,2025-12-12T00:09:41.963238,,,,HTR,Trajectories/2022-02-04/320_RR220204A_915C_2039.bmp || Trajectories/2022-02-06/282_RR220206A_184C_2256.bmp,/content/rl_quantum_2026summer/data/original data/Trajectories/2022-02-04/320_RR220204A_915C_2039.bmp,/content/rl_quantum_2026summer/data/original data/Trajectories/2022-02-06/282_RR220206A_184C_2256.bmp,4,1.0
Trajectories/2022-04-11/113_RR220411A_539C_1548.bmp,113_RR220411A_539C_1548.bmp,Trajectories/2022-02-04/188_RR220204A_579C_1829.bmp,188_RR220204A_579C_1829.bmp,c(6 x 2),not_apply,SY,,2025-12-10T17:01:03.728361,,,,c(6 x 2),Trajectories/2022-02-04/188_RR220204A_579C_1829.bmp || Trajectories/2022-04-11/113_RR220411A_539C_1548.bmp,/content/rl_quantum_2026summer/data/original data/Trajectories/2022-04-11/113_RR220411A_539C_1548.bmp,/content/rl_quantum_2026summer/data/original data/Trajectories/2022-02-04/188_RR220204A_579C_1829.bmp,2,1.0
Trajectories/2022-04-11/113_RR220411A_539C_1548.bmp,113_RR220411A_539C_1548.bmp,Trajectories/2022-02-04/188_RR220204A_579C_1829.bmp,188_RR220204A_579C_1829.bmp,(1 x 1),tie,SY,,2025-12-10T17:01:04.465418,,,,(1 x 1),Trajectories/2022-02-04/188_RR220204A_579C_1829.bmp || Trajectories/2022-04-11/113_RR220411A_539C_1548.bmp,/content/rl_quantum_2026summer/data/original data/Trajectories/2022-04-11/113_RR220411A_539C_1548.bmp,/content/rl_quantum_2026summer/data/original data/Trajectories/2022-02-04/188_RR220204A_579C_1829.bmp,0,1.0
Trajectories/2022-04-11/113_RR220411A_539C_1548.bmp,113_RR220411A_539C_1548.bmp,Trajectories/2022-02-04/188_RR220204A_579C_1829.bmp,188_RR220204A_579C_1829.bmp,HTR,not_apply,SY,,2025-12-10T17:01:05.120488,,,,HTR,Trajectories/2022-02-04/188_RR220204A_579C_1829.bmp || Trajectories/2022-04-11/113_RR220411A_539C_1548.bmp,/content/rl_quantum_2026summer/data/original data/Trajectories/2022-04-11/113_RR220411A_539C_1548.bmp,/content/rl_quantum_2026summer/data/original data/Trajectories/2022-02-04/188_RR220204A_579C_1829.bmp,4,1.0
Trajectories/2022-04-11/113_RR220411A_539C_1548.bmp,113_RR220411A_539C_1548.bmp,Trajectories/2022-02-04/188_RR220204A_579C_1829.bmp,188_RR220204A_579C_1829.bmp,Twinned(2 x 1),2,SY,,2025-12-10T17:01:05.862160,,,,Twinned(2 x 1),Trajectories/2022-02-04/188_RR220204A_579C_1829.bmp || Trajectories/2022-04-11/113_RR220411A_539C_1548.bmp,/content/rl_quantum_2026summer/data/original data/Trajectories/2022-04-11/113_RR220411A_539C_1548.bmp,/content/rl_quantum_2026summer/data/original data/Trajectories/2022-02-04/188_RR220204A_579C_1829.bmp,1,1.0
Trajectories/2022-04-11/113_RR220411A_539C_1548.bmp,113_RR220411A_539C_1548.bmp,Trajectories/2022-02-04/188_RR220204A_579C_1829.bmp,188_RR220204A_579C_1829.bmp,(√13 x √13),2,SY,,2025-12-10T17:01:06.551693,,,,(√13 x √13),Trajectories/2022-02-04/188_RR220204A_579C_1829.bmp || Trajectories/2022-04-11/113_RR220411A_539C_1548.bmp,/content/rl_quantum_2026summer/data/original data/Trajectories/2022-04-11/113_RR220411A_539C_1548.bmp,/content/rl_quantum_2026summer/data/original data/Trajectories/2022-02-04/188_RR220204A_579C_1829.bmp,3,1.0
Trajectories/2022-02-06/102_RR220206A_698C_1845.bmp,102_RR220206A_698C_1845.bmp,Trajectories/2022-04-11/183_RR220411A_794C_1655.bmp,183_RR220411A_794C_1655.bmp,(1 x 1),tie,AJ,,2025-12-12T00:04:18.417320,,,,(1 x 1),Trajectories/2022-02-06/102_RR220206A_698C_1845.bmp || Trajectories/2022-04-11/183_RR220411A_794C_1655.bmp,/content/rl_quantum_2026summer/data/original data/Trajectories/2022-02-06/102_RR220206A_698C_1845.bmp,/content/rl_quantum_2026summer/data/original data/Trajectories/2022-04-11/183_RR220411A_794C_1655.bmp,0,1.0
