path,source,label,is_labeled,x,y
/content/quantum rheed codex/data/original data/STO_ideal_1x1/1x1_1.bmp,ideal,(1 x 1),True,-26.92474,32.33918
/content/quantum rheed codex/data/original data/STO_ideal_1x1/1x1_13.bmp,ideal,(1 x 1),True,-24.170452,32.641888
/content/quantum rheed codex/data/original data/STO_ideal_1x1/1x1_14.bmp,ideal,(1 x 1),True,-24.018396,32.947475
/content/quantum rheed codex/data/original data/STO_ideal_1x1/1x1_15.bmp,ideal,(1 x 1),True,-24.072803,32.91042
/content/quantum rheed codex/data/original data/STO_ideal_1x1/1x1_16.bmp,ideal,(1 x 1),True,-24.018372,32.922142
/content/quantum rheed codex/data/original data/STO_ideal_1x1/1x1_17.bmp,ideal,(1 x 1),True,-23.999073,32.85745
/content/quantum rheed codex/data/original data/STO_ideal_1x1/1x1_18.bmp,ideal,(1 x 1),True,-23.984112,32.876453
/content/quantum rheed codex/data/original data/STO_ideal_1x1/1x1_19.bmp,ideal,(1 x 1),True,-23.959553,32.883865
/content/quantum rheed codex/data/original data/STO_ideal_1x1/1x1_20.bmp,ideal,(1 x 1),True,-7.452903,-37.66176
/content/quantum rheed codex/data/original data/STO_ideal_1x1/1x1_21.bmp,ideal,(1 x 1),True,-26.828196,32.626427
/content/quantum rheed codex/data/original data/STO_ideal_1x1/1x1_22.bmp,ideal,(1 x 1),True,-23.158045,28.225492
/content/quantum rheed codex/data/original data/STO_ideal_1x1/1x1_23.bmp,ideal,(1 x 1),True,-24.219435,32.458282
/content/quantum rheed codex/data/original data/STO_ideal_1x1/1x1_24.bmp,ideal,(1 x 1),True,-24.227268,32.426033
/content/quantum rheed codex/data/original data/STO_ideal_1x1/1x1_25.bmp,ideal,(1 x 1),True,-15.435365,-44.13575
/content/quantum rheed codex/data/original data/STO_ideal_1x1/1x1_26.bmp,ideal,(1 x 1),True,-14.189397,-43.065456
/content/quantum rheed codex/data/original data/STO_ideal_1x1/1x1_27.bmp,ideal,(1 x 1),True,-13.726807,-41.37631
/content/quantum rheed codex/data/original data/STO_ideal_1x1/ideal_1x1_28.bmp,ideal,(1 x 1),True,-27.23433,33.03746
/content/quantum rheed codex/data/original data/STO_ideal_1x1/ideal_1x1_29.bmp,ideal,(1 x 1),True,-27.730778,32.901653
/content/quantum rheed codex/data/original data/STO_ideal_1x1/ideal_1x1_30.bmp,ideal,(1 x 1),True,-27.951801,32.74246
/content/quantum rheed codex/data/original data/STO_ideal_1x1/ideal_1x1_31.bmp,ideal,(1 x 1),True,-27.71528,32.909775
/content/quantum rheed codex/data/original data/STO_ideal_1x1/ideal_1x1_32.bmp,ideal,(1 x 1),True,-27.291296,32.614185
/content/quantum rheed codex/data/original data/STO_ideal_1x1/ideal_1x1_33.bmp,ideal,(1 x 1),True,-27.327282,32.944855
/content/quantum rheed codex/data/original data/STO_ideal_1x1/ideal_1x1_34.bmp,ideal,(1 x 1),True,-26.965975,32.813778
/content/quantum rheed codex/data/original data/STO_ideal_1x1/ideal_1x1_35.bmp,ideal,(1 x 1),True,-27.524662,32.988194
/content/quantum rheed codex/data/original data/STO_ideal_1x1/ideal_1x1_36.bmp,ideal,(1 x 1),True,-27.0507,32.31343
/content/quantum rheed codex/data/original data/STO_ideal_1x1/ideal_1x1_37.bmp,ideal,(1 x 1),True,-27.293737,32.468014
/content/quantum rheed codex/data/original data/STO_ideal_1x1/ideal_1x1_38.bmp,ideal,(1 x 1),True,-26.964392,32.233562
/content/quantum rheed codex/data/original data/STO_ideal_1x1/ideal_1x1_39.bmp,ideal,(1 x 1),True,-27.958122,32.58835
/content/quantum rheed codex/data/original data/STO_ideal_1x1/ideal_1x1_40.bmp,ideal,(1 x 1),True,-27.3286,31.86762
/content/quantum rheed codex/data/original data/STO_ideal_1x1/ideal_1x1_41.bmp,ideal,(1 x 1),True,-28.0763,32.175434
/content/quantum rheed codex/data/original data/STO_ideal_1x1/ideal_1x1_42.bmp,ideal,(1 x 1),True,-28.000568,32.176956
/content/quantum rheed codex/data/original data/STO_ideal_1x1/ideal_1x1_43.bmp,ideal,(1 x 1),True,-27.96948,32.033447
/content/quantum rheed codex/data/original data/STO_ideal_1x1/ideal_1x1_44.bmp,ideal,(1 x 1),True,-27.615946,31.863894
/content/quantum rheed codex/data/original data/STO_ideal_1x1/ideal_1x1_45.bmp,ideal,(1 x 1),True,-27.97874,32.389103
/content/quantum rheed codex/data/original data/STO_ideal_1x1/ideal_1x1_46.bmp,ideal,(1 x 1),True,-27.484005,31.900839
/content/quantum rheed codex/data/original data/STO_ideal_1x1/ideal_1x1_47.bmp,ideal,(1 x 1),True,-27.822107,31.811361
/content/quantum rheed codex/data/original data/STO_ideal_1x1/ideal_1x1_48.bmp,ideal,(1 x 1),True,-27.279491,31.883253
/content/quantum rheed codex/data/original data/STO_ideal_1x1/ideal_1x1_49.bmp,ideal,(1 x 1),True,-15.596029,-45.33168
/content/quantum rheed codex/data/original data/STO_ideal_1x1/ideal_1x1_50.bmp,ideal,(1 x 1),True,-15.948068,-44.69152
/content/quantum rheed codex/data/original data/STO_ideal_1x1/ideal_1x1_51.bmp,ideal,(1 x 1),True,-12.207177,-42.725567
/content/quantum rheed codex/data/original data/STO_ideal_1x1/ideal_1x1_52.bmp,ideal,(1 x 1),True,-11.431809,-40.4464
/content/quantum rheed codex/data/original data/STO_ideal_Twinned2x1/Twinned2x1_1.bmp,ideal,Twinned(2 x 1),True,53.64727,-5.497146
/content/quantum rheed codex/data/original data/STO_ideal_Twinned2x1/Twinned2x1_2.bmp,ideal,Twinned(2 x 1),True,29.997763,13.49413
/content/quantum rheed codex/data/original data/STO_ideal_Twinned2x1/Twinned2x1_3.bmp,ideal,Twinned(2 x 1),True,24.846933,-15.311673
/content/quantum rheed codex/data/original data/STO_ideal_Twinned2x1/Twinned2x1_4.bmp,ideal,Twinned(2 x 1),True,23.850035,7.4172835
/content/quantum rheed codex/data/original data/STO_ideal_c6x2/Twinned2x1_5_(!).bmp,ideal,c(6 x 2),True,1.8802657,35.275467
/content/quantum rheed codex/data/original data/STO_ideal_c6x2/Twinned2x1_6(!).bmp,ideal,c(6 x 2),True,1.2708259,32.56837
/content/quantum rheed codex/data/original data/STO_ideal_c6x2/c6x2_1.bmp,ideal,c(6 x 2),True,-20.298649,25.027697
/content/quantum rheed codex/data/original data/STO_ideal_c6x2/c6x2_10.bmp,ideal,c(6 x 2),True,-19.116478,23.62574
/content/quantum rheed codex/data/original data/STO_ideal_c6x2/c6x2_11.bmp,ideal,c(6 x 2),True,-19.540888,24.097397
/content/quantum rheed codex/data/original data/STO_ideal_c6x2/c6x2_12.bmp,ideal,c(6 x 2),True,-17.80796,-6.086416
/content/quantum rheed codex/data/original data/STO_ideal_c6x2/c6x2_13.bmp,ideal,c(6 x 2),True,-17.81695,-6.081558
/content/quantum rheed codex/data/original data/STO_ideal_c6x2/c6x2_14.bmp,ideal,c(6 x 2),True,-17.811,-6.076823
/content/quantum rheed codex/data/original data/STO_ideal_c6x2/c6x2_15.bmp,ideal,c(6 x 2),True,-17.762753,-6.1033144
/content/quantum rheed codex/data/original data/STO_ideal_c6x2/c6x2_16.bmp,ideal,c(6 x 2),True,-17.687511,-6.1237745
/content/quantum rheed codex/data/original data/STO_ideal_c6x2/c6x2_17.bmp,ideal,c(6 x 2),True,-21.8736,31.879065
/content/quantum rheed codex/data/original data/STO_ideal_c6x2/c6x2_18.bmp,ideal,c(6 x 2),True,-20.326372,25.068007
/content/quantum rheed codex/data/original data/STO_ideal_c6x2/c6x2_19.bmp,ideal,c(6 x 2),True,-20.452381,25.225838
/content/quantum rheed codex/data/original data/STO_ideal_c6x2/c6x2_2.bmp,ideal,c(6 x 2),True,-20.422976,25.192165
/content/quantum rheed codex/data/original data/STO_ideal_c6x2/c6x2_20.bmp,ideal,c(6 x 2),True,-22.672,27.033087
/content/quantum rheed codex/data/original data/STO_ideal_c6x2/c6x2_21.bmp,ideal,c(6 x 2),True,-21.778507,27.400805
/content/quantum rheed codex/data/original data/STO_ideal_c6x2/c6x2_22.bmp,ideal,c(6 x 2),True,-22.218435,27.295849
/content/quantum rheed codex/data/original data/STO_ideal_c6x2/c6x2_23.bmp,ideal,c(6 x 2),True,-22.362755,27.945698
/content/quantum rheed codex/data/original data/STO_ideal_c6x2/c6x2_24.bmp,ideal,c(6 x 2),True,-22.315609,27.806541
/content/quantum rheed codex/data/original data/STO_ideal_c6x2/c6x2_3.bmp,ideal,c(6 x 2),True,-20.38575,25.136581
/content/quantum rheed codex/data/original data/STO_ideal_c6x2/c6x2_4.bmp,ideal,c(6 x 2),True,-21.840372,27.615995
/content/quantum rheed codex/data/original data/STO_ideal_c6x2/c6x2_5.bmp,ideal,c(6 x 2),True,-22.496515,27.836182
/content/quantum rheed codex/data/original data/STO_ideal_c6x2/c6x2_6.bmp,ideal,c(6 x 2),True,-22.808064,27.696203
/content/quantum rheed codex/data/original data/STO_ideal_c6x2/c6x2_7.bmp,ideal,c(6 x 2),True,-21.608175,26.866852
/content/quantum rheed codex/data/original data/STO_ideal_c6x2/c6x2_8.bmp,ideal,c(6 x 2),True,-21.996065,26.630413
/content/quantum rheed codex/data/original data/STO_ideal_c6x2/c6x2_9.bmp,ideal,c(6 x 2),True,-21.74808,26.468859
/content/quantum rheed codex/data/original data/STO_ideal_c6x2/ideal_c6x2_25.bmp,ideal,c(6 x 2),True,-20.346533,25.101976
/content/quantum rheed codex/data/original data/STO_ideal_c6x2/ideal_c6x2_26.bmp,ideal,c(6 x 2),True,-20.223232,24.934713
/content/quantum rheed codex/data/original data/STO_ideal_c6x2/ideal_c6x2_27.bmp,ideal,c(6 x 2),True,-20.225515,24.932825
/content/quantum rheed codex/data/original data/STO_ideal_c6x2/ideal_c6x2_28.bmp,ideal,c(6 x 2),True,-20.274532,24.998434
/content/quantum rheed codex/data/original data/STO_ideal_c6x2/ideal_c6x2_29.bmp,ideal,c(6 x 2),True,-21.59027,27.048805
/content/quantum rheed codex/data/original data/STO_ideal_c6x2/ideal_c6x2_30.bmp,ideal,c(6 x 2),True,-22.549835,26.778984
/content/quantum rheed codex/data/original data/STO_ideal_c6x2/ideal_c6x2_31.bmp,ideal,c(6 x 2),True,-21.84364,27.638018
/content/quantum rheed codex/data/original data/STO_ideal_c6x2/ideal_c6x2_32.bmp,ideal,c(6 x 2),True,-22.564198,27.218414
/content/quantum rheed codex/data/original data/STO_ideal_c6x2/ideal_c6x2_33.bmp,ideal,c(6 x 2),True,-21.770908,26.867273
/content/quantum rheed codex/data/original data/STO_ideal_c6x2/ideal_c6x2_34.bmp,ideal,c(6 x 2),True,-22.483076,26.781958
/content/quantum rheed codex/data/original data/STO_ideal_c6x2/ideal_c6x2_35.bmp,ideal,c(6 x 2),True,-21.778507,27.400805
/content/quantum rheed codex/data/original data/STO_ideal_c6x2/ideal_c6x2_36.bmp,ideal,c(6 x 2),True,-21.728327,27.5614
/content/quantum rheed codex/data/original data/STO_ideal_c6x2/ideal_c6x2_37.bmp,ideal,c(6 x 2),True,-22.254606,26.82593
/content/quantum rheed codex/data/original data/STO_ideal_c6x2/ideal_c6x2_38.bmp,ideal,c(6 x 2),True,-22.306005,26.847658
/content/quantum rheed codex/data/original data/STO_ideal_c6x2/ideal_c6x2_39.bmp,ideal,c(6 x 2),True,-22.807062,27.392931
/content/quantum rheed codex/data/original data/STO_ideal_c6x2/ideal_c6x2_40.bmp,ideal,c(6 x 2),True,-22.710932,27.48531
/content/quantum rheed codex/data/original data/STO_ideal_RT13/RT13_1.png,ideal,RT13,True,-0.3889183,50.201317
/content/quantum rheed codex/data/original data/STO_ideal_RT13/RT13_10.png,ideal,RT13,True,-0.5908803,49.03314
/content/quantum rheed codex/data/original data/STO_ideal_RT13/RT13_11.png,ideal,RT13,True,-21.265266,32.064056
/content/quantum rheed codex/data/original data/STO_ideal_RT13/RT13_14.png,ideal,RT13,True,-22.245857,31.309643
/content/quantum rheed codex/data/original data/STO_ideal_RT13/RT13_15.png,ideal,RT13,True,-1.8584502,6.562624
/content/quantum rheed codex/data/original data/STO_ideal_RT13/RT13_16.png,ideal,RT13,True,21.004118,0.6985148
/content/quantum rheed codex/data/original data/STO_ideal_RT13/RT13_17.png,ideal,RT13,True,23.816912,-15.00643
/content/quantum rheed codex/data/original data/STO_ideal_RT13/RT13_18.png,ideal,RT13,True,25.972374,-16.111994
/content/quantum rheed codex/data/original data/STO_ideal_RT13/RT13_19.png,ideal,RT13,True,3.3228238,40.02923
/content/quantum rheed codex/data/original data/STO_ideal_RT13/RT13_20.png,ideal,RT13,True,6.0932198,47.467297
/content/quantum rheed codex/data/original data/STO_ideal_RT13/RT13_21.png,ideal,RT13,True,-21.22145,32.046425
/content/quantum rheed codex/data/original data/STO_ideal_RT13/RT13_22.png,ideal,RT13,True,-21.223314,32.06351
/content/quantum rheed codex/data/original data/STO_ideal_RT13/RT13_23.png,ideal,RT13,True,-21.209774,32.06764
/content/quantum rheed codex/data/original data/STO_ideal_RT13/RT13_24.bmp,ideal,RT13,True,-5.0161996,10.564785
/content/quantum rheed codex/data/original data/STO_ideal_RT13/RT13_25.bmp,ideal,RT13,True,-5.035939,10.544622
/content/quantum rheed codex/data/original data/STO_ideal_RT13/RT13_26.bmp,ideal,RT13,True,-21.311749,32.075264
/content/quantum rheed codex/data/original data/STO_ideal_RT13/RT13_27.bmp,ideal,RT13,True,-21.485445,31.931032
/content/quantum rheed codex/data/original data/STO_ideal_RT13/RT13_28.bmp,ideal,RT13,True,4.699378,44.4061
/content/quantum rheed codex/data/original data/STO_ideal_RT13/RT13_29.bmp,ideal,RT13,True,2.9337804,38.008236
/content/quantum rheed codex/data/original data/STO_ideal_RT13/RT13_3.png,ideal,RT13,True,-1.9560789,50.09554
/content/quantum rheed codex/data/original data/STO_ideal_RT13/RT13_30.bmp,ideal,RT13,True,2.6139936,35.785187
/content/quantum rheed codex/data/original data/STO_ideal_RT13/RT13_31.bmp,ideal,RT13,True,1.3663918,29.45691
/content/quantum rheed codex/data/original data/STO_ideal_RT13/RT13_32.bmp,ideal,RT13,True,1.3663918,29.45691
/content/quantum rheed codex/data/original data/STO_ideal_RT13/RT13_33.bmp,ideal,RT13,True,0.31366923,30.061167
/content/quantum rheed codex/data/original data/STO_ideal_RT13/RT13_34.bmp,ideal,RT13,True,0.9588526,27.715397
/content/quantum rheed codex/data/original data/STO_ideal_RT13/RT13_35.bmp,ideal,RT13,True,0.08684337,27.095448
/content/quantum rheed codex/data/original data/STO_ideal_RT13/RT13_36.bmp,ideal,RT13,True,0.08684362,27.09545
/content/quantum rheed codex/data/original data/STO_ideal_RT13/RT13_37.bmp,ideal,RT13,True,0.75141346,26.570572
/content/quantum rheed codex/data/original data/STO_ideal_RT13/RT13_38.bmp,ideal,RT13,True,-0.30616707,15.523828
/content/quantum rheed codex/data/original data/STO_ideal_RT13/RT13_39.bmp,ideal,RT13,True,0.049962062,15.118303
/content/quantum rheed codex/data/original data/STO_ideal_RT13/RT13_40.bmp,ideal,RT13,True,-0.5217122,12.886788
/content/quantum rheed codex/data/original data/STO_ideal_RT13/RT13_41.bmp,ideal,RT13,True,-0.97524583,11.873874
/content/quantum rheed codex/data/original data/STO_ideal_RT13/RT13_42.bmp,ideal,RT13,True,-2.2928934,6.9121284
/content/quantum rheed codex/data/original data/STO_ideal_RT13/RT13_5.png,ideal,RT13,True,-0.5071643,49.343185
/content/quantum rheed codex/data/original data/STO_ideal_RT13/RT13_6.png,ideal,RT13,True,-0.5657847,48.9781
/content/quantum rheed codex/data/original data/STO_ideal_RT13/RT13_7.png,ideal,RT13,True,-0.7612202,49.194935
/content/quantum rheed codex/data/original data/STO_ideal_RT13/RT13_8.png,ideal,RT13,True,-0.60577774,49.28997
/content/quantum rheed codex/data/original data/STO_ideal_RT13/RT13_9.png,ideal,RT13,True,-0.6993349,49.925602
/content/quantum rheed codex/data/original data/STO_ideal_HTR/HTR_1.png,ideal,HTR,True,-1.3612995,50.25044
/content/quantum rheed codex/data/original data/STO_ideal_HTR/HTR_10.png,ideal,HTR,True,-0.932375,49.447063
/content/quantum rheed codex/data/original data/STO_ideal_HTR/HTR_11.png,ideal,HTR,True,-1.2758638,50.292034
/content/quantum rheed codex/data/original data/STO_ideal_HTR/HTR_12.png,ideal,HTR,True,-37.3821,8.514089
/content/quantum rheed codex/data/original data/STO_ideal_HTR/HTR_13.png,ideal,HTR,True,-43.154243,9.060256
/content/quantum rheed codex/data/original data/STO_ideal_HTR/HTR_14.png,ideal,HTR,True,-36.810493,8.635845
/content/quantum rheed codex/data/original data/STO_ideal_HTR/HTR_19.png,ideal,HTR,True,-21.377142,-0.21285997
/content/quantum rheed codex/data/original data/STO_ideal_HTR/HTR_2.png,ideal,HTR,True,-0.9589686,49.299614
/content/quantum rheed codex/data/original data/STO_ideal_HTR/HTR_20.bmp,ideal,HTR,True,-46.807487,13.478172
/content/quantum rheed codex/data/original data/STO_ideal_HTR/HTR_20.png,ideal,HTR,True,-38.954967,6.6338434
/content/quantum rheed codex/data/original data/STO_ideal_HTR/HTR_21.bmp,ideal,HTR,True,-39.47622,5.9525356
/content/quantum rheed codex/data/original data/STO_ideal_HTR/HTR_22.png,ideal,HTR,True,-51.20089,15.511853
/content/quantum rheed codex/data/original data/STO_ideal_HTR/HTR_23.bmp,ideal,HTR,True,-48.288174,14.197577
/content/quantum rheed codex/data/original data/STO_ideal_HTR/HTR_24.bmp,ideal,HTR,True,-47.73985,13.808591
/content/quantum rheed codex/data/original data/STO_ideal_HTR/HTR_25.bmp,ideal,HTR,True,-47.11852,14.019673
/content/quantum rheed codex/data/original data/STO_ideal_HTR/HTR_26.bmp,ideal,HTR,True,-47.82545,13.070972
/content/quantum rheed codex/data/original data/STO_ideal_HTR/HTR_27.bmp,ideal,HTR,True,-47.82545,13.070972
/content/quantum rheed codex/data/original data/STO_ideal_HTR/HTR_28.bmp,ideal,HTR,True,-46.807487,13.478172
/content/quantum rheed codex/data/original data/STO_ideal_HTR/HTR_29.bmp,ideal,HTR,True,-43.442917,9.999162
/content/quantum rheed codex/data/original data/STO_ideal_HTR/HTR_3.png,ideal,HTR,True,-0.928369,49.514126
/content/quantum rheed codex/data/original data/STO_ideal_HTR/HTR_30.bmp,ideal,HTR,True,-43.01184,9.66166
/content/quantum rheed codex/data/original data/STO_ideal_HTR/HTR_31.bmp,ideal,HTR,True,-40.069187,7.555097
/content/quantum rheed codex/data/original data/STO_ideal_HTR/HTR_32.bmp,ideal,HTR,True,-39.009846,6.3683906
/content/quantum rheed codex/data/original data/STO_ideal_HTR/HTR_33.bmp,ideal,HTR,True,-39.47622,5.9525356
/content/quantum rheed codex/data/original data/STO_ideal_HTR/HTR_4.png,ideal,HTR,True,-1.2588563,50.14896
/content/quantum rheed codex/data/original data/STO_ideal_HTR/HTR_6.png,ideal,HTR,True,-1.5209744,49.558155
/content/quantum rheed codex/data/original data/STO_ideal_HTR/HTR_7.png,ideal,HTR,True,-1.349795,50.334602
/content/quantum rheed codex/data/original data/STO_ideal_HTR/HTR_8.png,ideal,HTR,True,-1.8527235,50.888172
/content/quantum rheed codex/data/original data/STO_ideal_HTR/HTR_9.png,ideal,HTR,True,-1.3341177,50.30751
/content/quantum rheed codex/data/original data/Trajectories/2022-02-04/001_RR220204A_933C_0006.bmp,trajectory,,False,26.402887,-15.928095
/content/quantum rheed codex/data/original data/Trajectories/2022-02-04/002_RR220204A_933C_0010.bmp,trajectory,,False,25.934162,-15.900768
/content/quantum rheed codex/data/original data/Trajectories/2022-02-04/003_RR220204A_932C_0017.bmp,trajectory,,False,26.20983,-15.752409
/content/quantum rheed codex/data/original data/Trajectories/2022-02-04/004_RR220204A_932C_0020.bmp,trajectory,,False,26.548906,-16.037134
/content/quantum rheed codex/data/original data/Trajectories/2022-02-04/005_RR220204A_933C_0031.bmp,trajectory,,False,26.937195,-15.973667
/content/quantum rheed codex/data/original data/Trajectories/2022-02-04/006_RR220204A_931C_0041.bmp,trajectory,,False,27.31384,-16.070362
/content/quantum rheed codex/data/original data/Trajectories/2022-02-04/007_RR220204A_931C_0051.bmp,trajectory,,False,27.548464,-16.03043
/content/quantum rheed codex/data/original data/Trajectories/2022-02-04/008_RR220204A_931C_0100.bmp,trajectory,,False,27.529392,-16.021112
/content/quantum rheed codex/data/original data/Trajectories/2022-02-04/009_RR220204A_943C_0101.bmp,trajectory,,False,27.452465,-18.82579
/content/quantum rheed codex/data/original data/Trajectories/2022-02-04/010_RR220204A_945C_0102.bmp,trajectory,,False,27.538626,-18.857166
/content/quantum rheed codex/data/original data/Trajectories/2022-02-04/011_RR220204A_946C_0103.bmp,trajectory,,False,27.594442,-18.975555
/content/quantum rheed codex/data/original data/Trajectories/2022-02-04/012_RR220204A_931C_0107.bmp,trajectory,,False,27.569916,-19.060326
/content/quantum rheed codex/data/original data/Trajectories/2022-02-04/013_RR220204A_949C_0119.bmp,trajectory,,False,27.584818,-19.43504
/content/quantum rheed codex/data/original data/Trajectories/2022-02-04/014_RR220204A_949C_0121.bmp,trajectory,,False,27.589407,-19.80302
/content/quantum rheed codex/data/original data/Trajectories/2022-02-04/015_RR220204A_961C_0123.bmp,trajectory,,False,27.641253,-20.651733
/content/quantum rheed codex/data/original data/Trajectories/2022-02-04/016_RR220204A_961C_0125.bmp,trajectory,,False,27.655533,-21.257473
/content/quantum rheed codex/data/original data/Trajectories/2022-02-04/017_RR220204A_981C_0125.bmp,trajectory,,False,27.681723,-22.145294
/content/quantum rheed codex/data/original data/Trajectories/2022-02-04/018_RR220204A_971C_0125.bmp,trajectory,,False,27.64463,-21.650824
/content/quantum rheed codex/data/original data/Trajectories/2022-02-04/019_RR220204A_981C_0126-01.bmp,trajectory,,False,27.673935,-22.235182
/content/quantum rheed codex/data/original data/Trajectories/2022-02-04/020_RR220204A_981C_0126-02.bmp,trajectory,,False,27.664906,-22.396873
/content/quantum rheed codex/data/original data/Trajectories/2022-02-04/021_RR220204A_981C_0126-03.bmp,trajectory,,False,27.678436,-22.399607
/content/quantum rheed codex/data/original data/Trajectories/2022-02-04/022_RR220204A_981C_0127.bmp,trajectory,,False,27.661674,-22.54834
/content/quantum rheed codex/data/original data/Trajectories/2022-02-04/023_RR220204A_988C_0128.bmp,trajectory,,False,27.651344,-22.561485
/content/quantum rheed codex/data/original data/Trajectories/2022-02-04/024_RR220204A_927C_0130.bmp,trajectory,,False,27.686604,-21.568964
/content/quantum rheed codex/data/original data/Trajectories/2022-02-04/025_RR220204A_923C_0132.bmp,trajectory,,False,27.774517,-20.854612
/content/quantum rheed codex/data/original data/Trajectories/2022-02-04/026_RR220204A_869C_0133-01.bmp,trajectory,,False,28.47151,-19.677925
/content/quantum rheed codex/data/original data/Trajectories/2022-02-04/027_RR220204A_869C_0133-02.bmp,trajectory,,False,28.3539,-19.683167
/content/quantum rheed codex/data/original data/Trajectories/2022-02-04/028_RR220204A_869C_0134.bmp,trajectory,,False,28.428747,-19.680237
/content/quantum rheed codex/data/original data/Trajectories/2022-02-04/029_RR220204A_808C_0135.bmp,trajectory,,False,29.798191,-18.88965
/content/quantum rheed codex/data/original data/Trajectories/2022-02-04/030_RR220204A_800C_0136.bmp,trajectory,,False,29.966906,-18.832754
/content/quantum rheed codex/data/original data/Trajectories/2022-02-04/031_RR220204A_799C_0137.bmp,trajectory,,False,30.067982,-18.849457
/content/quantum rheed codex/data/original data/Trajectories/2022-02-04/032_RR220204A_711C_0139.bmp,trajectory,,False,30.461386,-18.830996
/content/quantum rheed codex/data/original data/Trajectories/2022-02-04/033_RR220204A_708C_0141.bmp,trajectory,,False,30.765411,-18.945118
/content/quantum rheed codex/data/original data/Trajectories/2022-02-04/034_RR220204A_655C_0142.bmp,trajectory,,False,31.015854,-19.047258
/content/quantum rheed codex/data/original data/Trajectories/2022-02-04/035_RR220204A_646C_0143.bmp,trajectory,,False,31.237059,-19.104168
/content/quantum rheed codex/data/original data/Trajectories/2022-02-04/036_RR220204A_587C_0145.bmp,trajectory,,False,31.488878,-19.231384
/content/quantum rheed codex/data/original data/Trajectories/2022-02-04/037_RR220204A_579C_0146.bmp,trajectory,,False,31.615957,-19.328518
/content/quantum rheed codex/data/original data/Trajectories/2022-02-04/038_RR220204A_576C_0147.bmp,trajectory,,False,31.726038,-19.51933
/content/quantum rheed codex/data/original data/Trajectories/2022-02-04/039_RR220204A_516C_0149.bmp,trajectory,,False,31.83489,-19.687922
/content/quantum rheed codex/data/original data/Trajectories/2022-02-04/040_RR220204A_505C_0150.bmp,trajectory,,False,31.961723,-19.775425
/content/quantum rheed codex/data/original data/Trajectories/2022-02-04/041_RR220204A_431C_0153.bmp,trajectory,,False,32.058167,-20.038078
/content/quantum rheed codex/data/original data/Trajectories/2022-02-04/042_RR220204A_423C_0154.bmp,trajectory,,False,32.303074,-20.533794
/content/quantum rheed codex/data/original data/Trajectories/2022-02-04/043_RR220204A_362C_0156.bmp,trajectory,,False,32.600014,-21.123085
/content/quantum rheed codex/data/original data/Trajectories/2022-02-04/044_RR220204A_348C_0157.bmp,trajectory,,False,32.687664,-21.276678
/content/quantum rheed codex/data/original data/Trajectories/2022-02-04/045_RR220204A_343C_0158.bmp,trajectory,,False,32.805405,-21.534782
/content/quantum rheed codex/data/original data/Trajectories/2022-02-04/046_RR220204A_339C_0159.bmp,trajectory,,False,32.957317,-21.838762
/content/quantum rheed codex/data/original data/Trajectories/2022-02-04/047_RR220204A_336C_0200.bmp,trajectory,,False,32.94926,-21.812428
/content/quantum rheed codex/data/original data/Trajectories/2022-02-04/048_RR220204A_245C_0201.bmp,trajectory,,False,33.31721,-22.89827
/content/quantum rheed codex/data/original data/Trajectories/2022-02-04/049_RR220204A_218C_0201.bmp,trajectory,,False,33.291206,-22.994598
/content/quantum rheed codex/data/original data/Trajectories/2022-02-04/050_RR220204A_190C_0202.bmp,trajectory,,False,33.287746,-23.063545
/content/quantum rheed codex/data/original data/Trajectories/2022-02-04/051_RR220204A_240C_0205.bmp,trajectory,,False,33.766277,-23.071465
/content/quantum rheed codex/data/original data/Trajectories/2022-02-04/052_RR220204A_239C_0205.bmp,trajectory,,False,33.609863,-22.91956
/content/quantum rheed codex/data/original data/Trajectories/2022-02-04/053_RR220204A_231C_0206.bmp,trajectory,,False,34.031773,-23.346754
/content/quantum rheed codex/data/original data/Trajectories/2022-02-04/054_RR220204A_241C_0206.bmp,trajectory,,False,33.77487,-23.056086
/content/quantum rheed codex/data/original data/Trajectories/2022-02-04/055_RR220204A_205C_0207.bmp,trajectory,,False,33.810062,-23.430355
/content/quantum rheed codex/data/original data/Trajectories/2022-02-04/056_RR220204A_191C_0208.bmp,trajectory,,False,33.710445,-23.621761
/content/quantum rheed codex/data/original data/Trajectories/2022-02-04/057_RR220204A_188C_0209.bmp,trajectory,,False,33.6684,-23.65126
/content/quantum rheed codex/data/original data/Trajectories/2022-02-04/058_RR220204A_178C_0211.bmp,trajectory,,False,34.07828,-23.708887
/content/quantum rheed codex/data/original data/Trajectories/2022-02-04/059_RR220204A_180C_0211.bmp,trajectory,,False,34.07828,-23.708887
/content/quantum rheed codex/data/original data/Trajectories/2022-02-04/060_RR220204A_165C_0212.bmp,trajectory,,False,34.06868,-23.909145
/content/quantum rheed codex/data/original data/Trajectories/2022-02-04/061_RR220204A_165C_0215-01.bmp,trajectory,,False,33.926155,-24.02215
/content/quantum rheed codex/data/original data/Trajectories/2022-02-04/062_RR220204A_165C_0215-02.bmp,trajectory,,False,33.75917,-24.113869
/content/quantum rheed codex/data/original data/Trajectories/2022-02-04/063_RR220204A_165C_0215-03.bmp,trajectory,,False,33.50008,-23.999895
/content/quantum rheed codex/data/original data/Trajectories/2022-02-04/064_RR220204A_165C_0216.bmp,trajectory,,False,33.545208,-24.118025
/content/quantum rheed codex/data/original data/Trajectories/2022-02-04/065_RR220204A_165C_0217.bmp,trajectory,,False,32.135353,-24.456934
/content/quantum rheed codex/data/original data/Trajectories/2022-02-04/066_RR220204A_165C_0218.bmp,trajectory,,False,32.13238,-24.463766
/content/quantum rheed codex/data/original data/Trajectories/2022-02-04/067_RR220204A_291C_1703.bmp,trajectory,,False,53.22283,-13.556884
/content/quantum rheed codex/data/original data/Trajectories/2022-02-04/068_RR220204A_291C_1704.bmp,trajectory,,False,53.266247,-13.475047
/content/quantum rheed codex/data/original data/Trajectories/2022-02-04/069_RR220204A_293C_1706.bmp,trajectory,,False,52.516743,-12.414983
/content/quantum rheed codex/data/original data/Trajectories/2022-02-04/070_RR220204A_294C_1707.bmp,trajectory,,False,53.254047,-12.558337
/content/quantum rheed codex/data/original data/Trajectories/2022-02-04/071_RR220204A_296C_1709-01.bmp,trajectory,,False,53.496582,-12.236763
/content/quantum rheed codex/data/original data/Trajectories/2022-02-04/072_RR220204A_296C_1709-02.bmp,trajectory,,False,53.337852,-12.599606
/content/quantum rheed codex/data/original data/Trajectories/2022-02-04/073_RR220204A_297C_1710.bmp,trajectory,,False,52.914127,-12.497785
/content/quantum rheed codex/data/original data/Trajectories/2022-02-04/074_RR220204A_297C_1711.bmp,trajectory,,False,52.79899,-12.162071
/content/quantum rheed codex/data/original data/Trajectories/2022-02-04/075_RR220204A_298C_1712.bmp,trajectory,,False,53.377277,-12.1572695
/content/quantum rheed codex/data/original data/Trajectories/2022-02-04/076_RR220204A_299C_1713.bmp,trajectory,,False,52.372845,-12.163573
/content/quantum rheed codex/data/original data/Trajectories/2022-02-04/077_RR220204A_300C_1715.bmp,trajectory,,False,53.13472,-11.752878
/content/quantum rheed codex/data/original data/Trajectories/2022-02-04/078_RR220204A_300C_1716.bmp,trajectory,,False,53.07601,-12.173844
/content/quantum rheed codex/data/original data/Trajectories/2022-02-04/079_RR220204A_301C_1717.bmp,trajectory,,False,53.37068,-11.6010475
/content/quantum rheed codex/data/original data/Trajectories/2022-02-04/080_RR220204A_301C_1718.bmp,trajectory,,False,53.12774,-12.109686
/content/quantum rheed codex/data/original data/Trajectories/2022-02-04/081_RR220204A_344C_1719.bmp,trajectory,,False,54.218853,-9.581153
/content/quantum rheed codex/data/original data/Trajectories/2022-02-04/082_RR220204A_358C_1719.bmp,trajectory,,False,54.541485,-10.23797
/content/quantum rheed codex/data/original data/Trajectories/2022-02-04/083_RR220204A_365C_1720.bmp,trajectory,,False,53.337513,-10.124434
/content/quantum rheed codex/data/original data/Trajectories/2022-02-04/084_RR220204A_373C_1720.bmp,trajectory,,False,54.40965,-10.583833
/content/quantum rheed codex/data/original data/Trajectories/2022-02-04/085_RR220204A_378C_1720.bmp,trajectory,,False,51.63026,-8.227435
/content/quantum rheed codex/data/original data/Trajectories/2022-02-04/086_RR220204A_387C_1721.bmp,trajectory,,False,52.918037,-8.923894
/content/quantum rheed codex/data/original data/Trajectories/2022-02-04/087_RR220204A_389C_1721.bmp,trajectory,,False,52.46951,-9.844635
/content/quantum rheed codex/data/original data/Trajectories/2022-02-04/088_RR220204A_382C_1721-01.bmp,trajectory,,False,52.25188,-9.038053
/content/quantum rheed codex/data/original data/Trajectories/2022-02-04/089_RR220204A_382C_1721-02.bmp,trajectory,,False,54.13209,-9.435421
/content/quantum rheed codex/data/original data/Trajectories/2022-02-04/090_RR220204A_394C_1722.bmp,trajectory,,False,52.14799,-7.755755
/content/quantum rheed codex/data/original data/Trajectories/2022-02-04/091_RR220204A_393C_1722.bmp,trajectory,,False,53.03372,-9.757562
/content/quantum rheed codex/data/original data/Trajectories/2022-02-04/092_RR220204A_396C_1722.bmp,trajectory,,False,53.80848,-8.758325
/content/quantum rheed codex/data/original data/Trajectories/2022-02-04/093_RR220204A_397C_1722.bmp,trajectory,,False,52.21858,-10.035759
/content/quantum rheed codex/data/original data/Trajectories/2022-02-04/094_RR220204A_400C_1724.bmp,trajectory,,False,53.522526,-8.843831
/content/quantum rheed codex/data/original data/Trajectories/2022-02-04/095_RR220204A_403C_1725.bmp,trajectory,,False,51.3405,-9.087502
/content/quantum rheed codex/data/original data/Trajectories/2022-02-04/096_RR220204A_404C_1726.bmp,trajectory,,False,51.93339,-8.1543665
/content/quantum rheed codex/data/original data/Trajectories/2022-02-04/097_RR220204A_405C_1727.bmp,trajectory,,False,52.65067,-8.693217
/content/quantum rheed codex/data/original data/Trajectories/2022-02-04/098_RR220204A_406C_1728.bmp,trajectory,,False,52.1819,-9.904761
/content/quantum rheed codex/data/original data/Trajectories/2022-02-04/099_RR220204A_406C_1729.bmp,trajectory,,False,51.651627,-9.448732
/content/quantum rheed codex/data/original data/Trajectories/2022-02-04/100_RR220204A_407C_1730.bmp,trajectory,,False,51.19446,-8.887947
/content/quantum rheed codex/data/original data/Trajectories/2022-02-04/101_RR220204A_407C_1731.bmp,trajectory,,False,50.02297,-7.9753413
/content/quantum rheed codex/data/original data/Trajectories/2022-02-04/102_RR220204A_408C_1732.bmp,trajectory,,False,50.34255,-8.356496
/content/quantum rheed codex/data/original data/Trajectories/2022-02-04/103_RR220204A_408C_1733.bmp,trajectory,,False,52.403572,-9.155767
/content/quantum rheed codex/data/original data/Trajectories/2022-02-04/104_RR220204A_408C_1734.bmp,trajectory,,False,50.583565,-6.5020294
/content/quantum rheed codex/data/original data/Trajectories/2022-02-04/105_RR220204A_409C_1735.bmp,trajectory,,False,51.358963,-9.330031
/content/quantum rheed codex/data/original data/Trajectories/2022-02-04/106_RR220204A_430C_1736.bmp,trajectory,,False,52.253647,-7.2387686
/content/quantum rheed codex/data/original data/Trajectories/2022-02-04/107_RR220204A_409C_1736.bmp,trajectory,,False,49.850346,-7.3613048
/content/quantum rheed codex/data/original data/Trajectories/2022-02-04/108_RR220204A_421C_1736.bmp,trajectory,,False,50.987576,-7.5024147
/content/quantum rheed codex/data/original data/Trajectories/2022-02-04/109_RR220204A_437C_1737.bmp,trajectory,,False,53.055733,-7.8016887
/content/quantum rheed codex/data/original data/Trajectories/2022-02-04/110_RR220204A_438C_1737.bmp,trajectory,,False,53.995644,-7.5256352
/content/quantum rheed codex/data/original data/Trajectories/2022-02-04/111_RR220204A_435C_1737.bmp,trajectory,,False,53.055737,-7.8016915
/content/quantum rheed codex/data/original data/Trajectories/2022-02-04/112_RR220204A_442C_1738.bmp,trajectory,,False,52.485294,-6.1699357
/content/quantum rheed codex/data/original data/Trajectories/2022-02-04/113_RR220204A_443C_1738.bmp,trajectory,,False,51.33636,-5.6054635
/content/quantum rheed codex/data/original data/Trajectories/2022-02-04/114_RR220204A_440C_1738.bmp,trajectory,,False,53.995632,-7.5256257
/content/quantum rheed codex/data/original data/Trajectories/2022-02-04/115_RR220204A_441C_1738.bmp,trajectory,,False,53.995422,-7.5256124
/content/quantum rheed codex/data/original data/Trajectories/2022-02-04/116_RR220204A_445C_1739.bmp,trajectory,,False,54.627342,-6.687276
/content/quantum rheed codex/data/original data/Trajectories/2022-02-04/117_RR220204A_445C_1740.bmp,trajectory,,False,50.594513,-4.668929
/content/quantum rheed codex/data/original data/Trajectories/2022-02-04/118_RR220204A_445C_1741.bmp,trajectory,,False,53.366898,-5.6535373
/content/quantum rheed codex/data/original data/Trajectories/2022-02-04/119_RR220204A_445C_1743.bmp,trajectory,,False,51.82223,-6.1538687
/content/quantum rheed codex/data/original data/Trajectories/2022-02-04/120_RR220204A_445C_1744.bmp,trajectory,,False,53.646538,-5.4971366
/content/quantum rheed codex/data/original data/Trajectories/2022-02-04/121_RR220204A_444C_1745.bmp,trajectory,,False,53.68947,-6.6790137
/content/quantum rheed codex/data/original data/Trajectories/2022-02-04/122_RR220204A_444C_1746.bmp,trajectory,,False,51.688213,-6.1860447
/content/quantum rheed codex/data/original data/Trajectories/2022-02-04/123_RR220204A_444C_1747.bmp,trajectory,,False,49.253765,-5.8595567
/content/quantum rheed codex/data/original data/Trajectories/2022-02-04/124_RR220204A_444C_1748.bmp,trajectory,,False,49.540936,-6.7442203
/content/quantum rheed codex/data/original data/Trajectories/2022-02-04/125_RR220204A_444C_1749.bmp,trajectory,,False,50.376755,-4.7362313
/content/quantum rheed codex/data/original data/Trajectories/2022-02-04/126_RR220204A_443C_1750.bmp,trajectory,,False,53.630512,-6.6946316
/content/quantum rheed codex/data/original data/Trajectories/2022-02-04/127_RR220204A_461C_1753.bmp,trajectory,,False,51.45787,-5.2707686
/content/quantum rheed codex/data/original data/Trajectories/2022-02-04/128_RR220204A_459C_1753.bmp,trajectory,,False,49.967983,-4.8980074
/content/quantum rheed codex/data/original data/Trajectories/2022-02-04/129_RR220204A_465C_1753.bmp,trajectory,,False,51.07324,-3.4967866
/content/quantum rheed codex/data/original data/Trajectories/2022-02-04/130_RR220204A_463C_1753.bmp,trajectory,,False,51.45787,-5.2707686
/content/quantum rheed codex/data/original data/Trajectories/2022-02-04/131_RR220204A_466C_1754.bmp,trajectory,,False,52.048916,-4.7336297
/content/quantum rheed codex/data/original data/Trajectories/2022-02-04/132_RR220204A_468C_1754.bmp,trajectory,,False,50.73345,-3.979719
/content/quantum rheed codex/data/original data/Trajectories/2022-02-04/133_RR220204A_467C_1754-01.bmp,trajectory,,False,49.27187,-4.6604414
/content/quantum rheed codex/data/original data/Trajectories/2022-02-04/134_RR220204A_467C_1754-02.bmp,trajectory,,False,50.569756,-0.1992795
/content/quantum rheed codex/data/original data/Trajectories/2022-02-04/135_RR220204A_468C_1755.bmp,trajectory,,False,50.68042,-4.0692935
/content/quantum rheed codex/data/original data/Trajectories/2022-02-04/136_RR220204A_469C_1755-01.bmp,trajectory,,False,50.558655,-4.8733206
/content/quantum rheed codex/data/original data/Trajectories/2022-02-04/137_RR220204A_469C_1755-02.bmp,trajectory,,False,49.851643,-4.2976894
/content/quantum rheed codex/data/original data/Trajectories/2022-02-04/138_RR220204A_470C_1756.bmp,trajectory,,False,51.940918,-5.065827
/content/quantum rheed codex/data/original data/Trajectories/2022-02-04/139_RR220204A_470C_1758.bmp,trajectory,,False,49.36046,-4.9329367
/content/quantum rheed codex/data/original data/Trajectories/2022-02-04/140_RR220204A_470C_1759.bmp,trajectory,,False,51.08319,-2.1491926
/content/quantum rheed codex/data/original data/Trajectories/2022-02-04/141_RR220204A_471C_1759.bmp,trajectory,,False,50.5417,-3.3863122
/content/quantum rheed codex/data/original data/Trajectories/2022-02-04/142_RR220204A_471C_1801.bmp,trajectory,,False,49.951584,-1.7618151
/content/quantum rheed codex/data/original data/Trajectories/2022-02-04/143_RR220204A_471C_1802.bmp,trajectory,,False,50.92785,-1.7522529
/content/quantum rheed codex/data/original data/Trajectories/2022-02-04/144_RR220204A_473C_1803.bmp,trajectory,,False,49.878616,-1.4289465
/content/quantum rheed codex/data/original data/Trajectories/2022-02-04/145_RR220204A_471C_1803.bmp,trajectory,,False,49.584698,-3.6136465
/content/quantum rheed codex/data/original data/Trajectories/2022-02-04/146_RR220204A_484C_1804.bmp,trajectory,,False,49.186283,-1.3013449
/content/quantum rheed codex/data/original data/Trajectories/2022-02-04/147_RR220204A_486C_1804.bmp,trajectory,,False,49.002403,-3.2206168
/content/quantum rheed codex/data/original data/Trajectories/2022-02-04/148_RR220204A_480C_1804.bmp,trajectory,,False,49.348495,-3.0206707
/content/quantum rheed codex/data/original data/Trajectories/2022-02-04/149_RR220204A_487C_1804.bmp,trajectory,,False,48.129185,-4.2476645
/content/quantum rheed codex/data/original data/Trajectories/2022-02-04/150_RR220204A_487C_1805.bmp,trajectory,,False,49.243755,-3.7283747
/content/quantum rheed codex/data/original data/Trajectories/2022-02-04/151_RR220204A_488C_1805-01.bmp,trajectory,,False,51.13218,-1.3070953
/content/quantum rheed codex/data/original data/Trajectories/2022-02-04/152_RR220204A_488C_1805-02.bmp,trajectory,,False,49.644566,-2.6867697
/content/quantum rheed codex/data/original data/Trajectories/2022-02-04/153_RR220204A_489C_1806.bmp,trajectory,,False,48.480755,-2.208866
/content/quantum rheed codex/data/original data/Trajectories/2022-02-04/154_RR220204A_489C_1807.bmp,trajectory,,False,49.71124,-1.9520874
/content/quantum rheed codex/data/original data/Trajectories/2022-02-04/155_RR220204A_490C_1807.bmp,trajectory,,False,49.028614,-3.087285
/content/quantum rheed codex/data/original data/Trajectories/2022-02-04/156_RR220204A_490C_1808.bmp,trajectory,,False,47.468357,-2.9996257
/content/quantum rheed codex/data/original data/Trajectories/2022-02-04/157_RR220204A_498C_1809.bmp,trajectory,,False,49.072968,-1.2223334
/content/quantum rheed codex/data/original data/Trajectories/2022-02-04/158_RR220204A_490C_1809.bmp,trajectory,,False,50.10183,-0.41424128
/content/quantum rheed codex/data/original data/Trajectories/2022-02-04/159_RR220204A_501C_1809-01.bmp,trajectory,,False,49.89849,-2.6287975
/content/quantum rheed codex/data/original data/Trajectories/2022-02-04/160_RR220204A_501C_1809-02.bmp,trajectory,,False,48.656536,-1.7136309
/content/quantum rheed codex/data/original data/Trajectories/2022-02-04/161_RR220204A_504C_1810.bmp,trajectory,,False,48.17249,-2.7949545
/content/quantum rheed codex/data/original data/Trajectories/2022-02-04/162_RR220204A_506C_1810-01.bmp,trajectory,,False,48.684658,-2.8438435
/content/quantum rheed codex/data/original data/Trajectories/2022-02-04/163_RR220204A_506C_1810-02.bmp,trajectory,,False,48.960304,-1.2909423
/content/quantum rheed codex/data/original data/Trajectories/2022-02-04/164_RR220204A_507C_1811.bmp,trajectory,,False,49.451492,-0.5733298
/content/quantum rheed codex/data/original data/Trajectories/2022-02-04/165_RR220204A_508C_1812.bmp,trajectory,,False,48.930317,-4.331579
/content/quantum rheed codex/data/original data/Trajectories/2022-02-04/166_RR220204A_508C_1813.bmp,trajectory,,False,49.79798,-0.24004994
/content/quantum rheed codex/data/original data/Trajectories/2022-02-04/167_RR220204A_509C_1814.bmp,trajectory,,False,49.515232,0.057723403
/content/quantum rheed codex/data/original data/Trajectories/2022-02-04/168_RR220204A_508C_1817.bmp,trajectory,,False,46.900524,-0.5610512
/content/quantum rheed codex/data/original data/Trajectories/2022-02-04/169_RR220204A_511C_1817.bmp,trajectory,,False,46.64691,-1.8058656
/content/quantum rheed codex/data/original data/Trajectories/2022-02-04/170_RR220204A_536C_1818.bmp,trajectory,,False,46.74349,-0.46975574
/content/quantum rheed codex/data/original data/Trajectories/2022-02-04/171_RR220204A_531C_1818.bmp,trajectory,,False,46.93447,-0.47454745
/content/quantum rheed codex/data/original data/Trajectories/2022-02-04/172_RR220204A_539C_1818.bmp,trajectory,,False,46.93286,0.28673816
/content/quantum rheed codex/data/original data/Trajectories/2022-02-04/173_RR220204A_534C_1818.bmp,trajectory,,False,47.933475,-0.14625897
/content/quantum rheed codex/data/original data/Trajectories/2022-02-04/174_RR220204A_527C_1818.bmp,trajectory,,False,47.30367,-0.23166081
/content/quantum rheed codex/data/original data/Trajectories/2022-02-04/175_RR220204A_540C_1819.bmp,trajectory,,False,47.027042,0.91416603
/content/quantum rheed codex/data/original data/Trajectories/2022-02-04/176_RR220204A_543C_1820.bmp,trajectory,,False,46.91884,1.4408008
/content/quantum rheed codex/data/original data/Trajectories/2022-02-04/177_RR220204A_544C_1821.bmp,trajectory,,False,46.53228,1.2836257
/content/quantum rheed codex/data/original data/Trajectories/2022-02-04/178_RR220204A_544C_1822.bmp,trajectory,,False,46.712887,0.5694224
/content/quantum rheed codex/data/original data/Trajectories/2022-02-04/179_RR220204A_544C_1823.bmp,trajectory,,False,46.741104,0.9529303
/content/quantum rheed codex/data/original data/Trajectories/2022-02-04/180_RR220204A_553C_1824.bmp,trajectory,,False,45.434006,0.43628806
/content/quantum rheed codex/data/original data/Trajectories/2022-02-04/181_RR220204A_572C_1825.bmp,trajectory,,False,45.44476,1.014701
/content/quantum rheed codex/data/original data/Trajectories/2022-02-04/182_RR220204A_567C_1825.bmp,trajectory,,False,46.279476,1.3327348
/content/quantum rheed codex/data/original data/Trajectories/2022-02-04/183_RR220204A_569C_1825.bmp,trajectory,,False,45.63744,2.259282
/content/quantum rheed codex/data/original data/Trajectories/2022-02-04/184_RR220204A_576C_1826.bmp,trajectory,,False,45.01558,1.8133771
/content/quantum rheed codex/data/original data/Trajectories/2022-02-04/185_RR220204A_577C_1826.bmp,trajectory,,False,45.665253,1.4430318
/content/quantum rheed codex/data/original data/Trajectories/2022-02-04/186_RR220204A_578C_1827.bmp,trajectory,,False,46.31067,1.653315
/content/quantum rheed codex/data/original data/Trajectories/2022-02-04/187_RR220204A_579C_1828.bmp,trajectory,,False,46.284664,1.7943492
/content/quantum rheed codex/data/original data/Trajectories/2022-02-04/188_RR220204A_579C_1829.bmp,trajectory,,False,44.706196,2.7031612
/content/quantum rheed codex/data/original data/Trajectories/2022-02-04/189_RR220204A_578C_1830.bmp,trajectory,,False,44.439114,2.7879474
/content/quantum rheed codex/data/original data/Trajectories/2022-02-04/190_RR220204A_603C_1831.bmp,trajectory,,False,44.305157,2.210764
/content/quantum rheed codex/data/original data/Trajectories/2022-02-04/191_RR220204A_582C_1831.bmp,trajectory,,False,44.82295,2.084038
/content/quantum rheed codex/data/original data/Trajectories/2022-02-04/192_RR220204A_607C_1831.bmp,trajectory,,False,44.47724,2.5155678
/content/quantum rheed codex/data/original data/Trajectories/2022-02-04/193_RR220204A_609C_1832.bmp,trajectory,,False,43.762466,3.829178
/content/quantum rheed codex/data/original data/Trajectories/2022-02-04/194_RR220204A_610C_1832.bmp,trajectory,,False,43.965893,3.4787426
/content/quantum rheed codex/data/original data/Trajectories/2022-02-04/195_RR220204A_611C_1832.bmp,trajectory,,False,44.275333,3.1520648
/content/quantum rheed codex/data/original data/Trajectories/2022-02-04/196_RR220204A_611C_1834.bmp,trajectory,,False,43.890034,3.0927632
/content/quantum rheed codex/data/original data/Trajectories/2022-02-04/197_RR220204A_611C_1835.bmp,trajectory,,False,43.69036,3.6653364
/content/quantum rheed codex/data/original data/Trajectories/2022-02-04/198_RR220204A_610C_1836.bmp,trajectory,,False,42.766502,4.084476
/content/quantum rheed codex/data/original data/Trajectories/2022-02-04/199_RR220204A_636C_1837.bmp,trajectory,,False,42.64434,4.6140995
/content/quantum rheed codex/data/original data/Trajectories/2022-02-04/200_RR220204A_627C_1837.bmp,trajectory,,False,42.95881,4.396106
/content/quantum rheed codex/data/original data/Trajectories/2022-02-04/201_RR220204A_642C_1838.bmp,trajectory,,False,43.16836,4.5765862
/content/quantum rheed codex/data/original data/Trajectories/2022-02-04/202_RR220204A_641C_1838.bmp,trajectory,,False,42.778152,4.6954055
/content/quantum rheed codex/data/original data/Trajectories/2022-02-04/203_RR220204A_640C_1838.bmp,trajectory,,False,42.751514,4.309936
/content/quantum rheed codex/data/original data/Trajectories/2022-02-04/204_RR220204A_642C_1839-01.bmp,trajectory,,False,42.474606,4.8239512
/content/quantum rheed codex/data/original data/Trajectories/2022-02-04/205_RR220204A_642C_1839-02.bmp,trajectory,,False,42.59512,4.263767
/content/quantum rheed codex/data/original data/Trajectories/2022-02-04/206_RR220204A_641C_1841.bmp,trajectory,,False,41.98865,5.2072597
/content/quantum rheed codex/data/original data/Trajectories/2022-02-04/207_RR220204A_640C_1842.bmp,trajectory,,False,41.5724,5.802235
/content/quantum rheed codex/data/original data/Trajectories/2022-02-04/208_RR220204A_639C_1843.bmp,trajectory,,False,41.714348,5.457815
/content/quantum rheed codex/data/original data/Trajectories/2022-02-04/209_RR220204A_637C_1845.bmp,trajectory,,False,41.252014,6.085411
/content/quantum rheed codex/data/original data/Trajectories/2022-02-04/210_RR220204A_651C_1846.bmp,trajectory,,False,41.113693,6.871725
/content/quantum rheed codex/data/original data/Trajectories/2022-02-04/211_RR220204A_667C_1847.bmp,trajectory,,False,40.187046,6.836965
/content/quantum rheed codex/data/original data/Trajectories/2022-02-04/212_RR220204A_669C_1847.bmp,trajectory,,False,39.815323,6.8182883
/content/quantum rheed codex/data/original data/Trajectories/2022-02-04/213_RR220204A_668C_1847.bmp,trajectory,,False,40.489323,6.3093834
/content/quantum rheed codex/data/original data/Trajectories/2022-02-04/214_RR220204A_665C_1847.bmp,trajectory,,False,40.693295,6.4282618
/content/quantum rheed codex/data/original data/Trajectories/2022-02-04/215_RR220204A_669C_1848.bmp,trajectory,,False,40.707302,6.5901365
/content/quantum rheed codex/data/original data/Trajectories/2022-02-04/216_RR220204A_670C_1848.bmp,trajectory,,False,40.497032,7.1090736
/content/quantum rheed codex/data/original data/Trajectories/2022-02-04/217_RR220204A_670C_1850.bmp,trajectory,,False,40.084026,7.2810035
/content/quantum rheed codex/data/original data/Trajectories/2022-02-04/218_RR220204A_669C_1851.bmp,trajectory,,False,40.15714,7.6056643
/content/quantum rheed codex/data/original data/Trajectories/2022-02-04/219_RR220204A_668C_1852.bmp,trajectory,,False,39.876266,7.5864577
/content/quantum rheed codex/data/original data/Trajectories/2022-02-04/220_RR220204A_668C_1853.bmp,trajectory,,False,39.796326,6.9487777
/content/quantum rheed codex/data/original data/Trajectories/2022-02-04/221_RR220204A_666C_1854.bmp,trajectory,,False,40.471626,7.716597
/content/quantum rheed codex/data/original data/Trajectories/2022-02-04/222_RR220204A_666C_1855.bmp,trajectory,,False,39.662052,7.753066
/content/quantum rheed codex/data/original data/Trajectories/2022-02-04/223_RR220204A_666C_1856.bmp,trajectory,,False,39.601696,7.6805625
/content/quantum rheed codex/data/original data/Trajectories/2022-02-04/224_RR220204A_697C_1857.bmp,trajectory,,False,39.234882,7.5002294
/content/quantum rheed codex/data/original data/Trajectories/2022-02-04/225_RR220204A_690C_1857.bmp,trajectory,,False,38.86659,7.7687926
/content/quantum rheed codex/data/original data/Trajectories/2022-02-04/226_RR220204A_698C_1857.bmp,trajectory,,False,39.473537,7.3639917
/content/quantum rheed codex/data/original data/Trajectories/2022-02-04/227_RR220204A_699C_1859.bmp,trajectory,,False,38.93345,7.9748425
/content/quantum rheed codex/data/original data/Trajectories/2022-02-04/228_RR220204A_696C_1901-01.bmp,trajectory,,False,39.07266,7.9723563
/content/quantum rheed codex/data/original data/Trajectories/2022-02-04/229_RR220204A_696C_1901-02.bmp,trajectory,,False,38.060238,8.752723
/content/quantum rheed codex/data/original data/Trajectories/2022-02-04/230_RR220204A_695C_1902.bmp,trajectory,,False,38.128967,8.607746
/content/quantum rheed codex/data/original data/Trajectories/2022-02-04/231_RR220204A_694C_1903.bmp,trajectory,,False,37.525043,9.198326
/content/quantum rheed codex/data/original data/Trajectories/2022-02-04/232_RR220204A_725C_1904.bmp,trajectory,,False,37.501568,8.951973
/content/quantum rheed codex/data/original data/Trajectories/2022-02-04/233_RR220204A_709C_1904.bmp,trajectory,,False,37.771687,8.970763
/content/quantum rheed codex/data/original data/Trajectories/2022-02-04/234_RR220204A_723C_1904.bmp,trajectory,,False,38.14314,8.591505
/content/quantum rheed codex/data/original data/Trajectories/2022-02-04/235_RR220204A_725C_1905.bmp,trajectory,,False,36.734295,9.434774
/content/quantum rheed codex/data/original data/Trajectories/2022-02-04/236_RR220204A_726C_1905.bmp,trajectory,,False,36.597565,9.23861
/content/quantum rheed codex/data/original data/Trajectories/2022-02-04/237_RR220204A_725C_1906.bmp,trajectory,,False,37.364845,9.302002
/content/quantum rheed codex/data/original data/Trajectories/2022-02-04/238_RR220204A_722C_1908.bmp,trajectory,,False,36.93845,9.285363
/content/quantum rheed codex/data/original data/Trajectories/2022-02-04/239_RR220204A_720C_1910.bmp,trajectory,,False,36.192654,10.119209
/content/quantum rheed codex/data/original data/Trajectories/2022-02-04/240_RR220204A_730C_1911.bmp,trajectory,,False,36.245914,10.211898
/content/quantum rheed codex/data/original data/Trajectories/2022-02-04/241_RR220204A_736C_1911.bmp,trajectory,,False,36.806427,10.10091
/content/quantum rheed codex/data/original data/Trajectories/2022-02-04/242_RR220204A_720C_1911.bmp,trajectory,,False,36.91745,10.242361
/content/quantum rheed codex/data/original data/Trajectories/2022-02-04/243_RR220204A_740C_1912.bmp,trajectory,,False,36.574074,10.074805
/content/quantum rheed codex/data/original data/Trajectories/2022-02-04/244_RR220204A_737C_1912.bmp,trajectory,,False,36.772724,10.267789
/content/quantum rheed codex/data/original data/Trajectories/2022-02-04/245_RR220204A_741C_1913.bmp,trajectory,,False,36.48577,10.55288
/content/quantum rheed codex/data/original data/Trajectories/2022-02-04/246_RR220204A_742C_1914.bmp,trajectory,,False,36.199863,10.236451
/content/quantum rheed codex/data/original data/Trajectories/2022-02-04/247_RR220204A_743C_1915.bmp,trajectory,,False,35.85276,9.93372
/content/quantum rheed codex/data/original data/Trajectories/2022-02-04/248_RR220204A_745C_1916.bmp,trajectory,,False,36.00264,9.596745
/content/quantum rheed codex/data/original data/Trajectories/2022-02-04/249_RR220204A_746C_1917.bmp,trajectory,,False,35.487286,10.346031
/content/quantum rheed codex/data/original data/Trajectories/2022-02-04/250_RR220204A_747C_1919.bmp,trajectory,,False,35.724873,10.610999
/content/quantum rheed codex/data/original data/Trajectories/2022-02-04/251_RR220204A_747C_1920.bmp,trajectory,,False,35.186012,10.54774
/content/quantum rheed codex/data/original data/Trajectories/2022-02-04/252_RR220204A_776C_1923.bmp,trajectory,,False,34.32704,10.952514
/content/quantum rheed codex/data/original data/Trajectories/2022-02-04/253_RR220204A_782C_1923.bmp,trajectory,,False,32.882877,11.655242
/content/quantum rheed codex/data/original data/Trajectories/2022-02-04/254_RR220204A_781C_1924.bmp,trajectory,,False,32.783897,11.724381
/content/quantum rheed codex/data/original data/Trajectories/2022-02-04/255_RR220204A_780C_1925.bmp,trajectory,,False,32.226665,11.974253
/content/quantum rheed codex/data/original data/Trajectories/2022-02-04/256_RR220204A_777C_1926.bmp,trajectory,,False,32.395493,11.874288
/content/quantum rheed codex/data/original data/Trajectories/2022-02-04/257_RR220204A_774C_1927.bmp,trajectory,,False,31.79267,12.199675
/content/quantum rheed codex/data/original data/Trajectories/2022-02-04/258_RR220204A_772C_1928.bmp,trajectory,,False,32.04221,12.112964
/content/quantum rheed codex/data/original data/Trajectories/2022-02-04/259_RR220204A_789C_1929.bmp,trajectory,,False,31.664534,12.237942
/content/quantum rheed codex/data/original data/Trajectories/2022-02-04/260_RR220204A_786C_1929.bmp,trajectory,,False,31.74109,12.192883
/content/quantum rheed codex/data/original data/Trajectories/2022-02-04/261_RR220204A_790C_1930.bmp,trajectory,,False,31.222311,12.295206
/content/quantum rheed codex/data/original data/Trajectories/2022-02-04/262_RR220204A_793C_1932.bmp,trajectory,,False,31.409622,12.589412
/content/quantum rheed codex/data/original data/Trajectories/2022-02-04/263_RR220204A_793C_1934.bmp,trajectory,,False,31.066109,12.50971
/content/quantum rheed codex/data/original data/Trajectories/2022-02-04/264_RR220204A_793C_1935.bmp,trajectory,,False,31.163998,12.637435
/content/quantum rheed codex/data/original data/Trajectories/2022-02-04/265_RR220204A_788C_1937.bmp,trajectory,,False,30.529886,13.071823
/content/quantum rheed codex/data/original data/Trajectories/2022-02-04/266_RR220204A_783C_1938.bmp,trajectory,,False,30.436605,12.787464
/content/quantum rheed codex/data/original data/Trajectories/2022-02-04/267_RR220204A_793C_1940.bmp,trajectory,,False,30.36472,12.881553
/content/quantum rheed codex/data/original data/Trajectories/2022-02-04/268_RR220204A_795C_1940.bmp,trajectory,,False,30.159908,12.995761
/content/quantum rheed codex/data/original data/Trajectories/2022-02-04/269_RR220204A_797C_1941.bmp,trajectory,,False,30.761267,12.877879
/content/quantum rheed codex/data/original data/Trajectories/2022-02-04/270_RR220204A_797C_1942.bmp,trajectory,,False,29.832226,13.261293
/content/quantum rheed codex/data/original data/Trajectories/2022-02-04/271_RR220204A_794C_1944.bmp,trajectory,,False,29.997763,13.494132
/content/quantum rheed codex/data/original data/Trajectories/2022-02-04/272_RR220204A_797C_1947.bmp,trajectory,,False,29.648066,13.426993
/content/quantum rheed codex/data/original data/Trajectories/2022-02-04/273_RR220204A_797C_1950.bmp,trajectory,,False,28.811123,14.093426
/content/quantum rheed codex/data/original data/Trajectories/2022-02-04/274_RR220204A_816C_1951.bmp,trajectory,,False,28.534067,13.889455
/content/quantum rheed codex/data/original data/Trajectories/2022-02-04/275_RR220204A_819C_1951-01.bmp,trajectory,,False,28.71835,14.080231
/content/quantum rheed codex/data/original data/Trajectories/2022-02-04/276_RR220204A_819C_1951-02.bmp,trajectory,,False,28.853235,14.421566
/content/quantum rheed codex/data/original data/Trajectories/2022-02-04/277_RR220204A_814C_1953.bmp,trajectory,,False,28.835726,14.033754
/content/quantum rheed codex/data/original data/Trajectories/2022-02-04/278_RR220204A_811C_1954.bmp,trajectory,,False,28.338408,14.019547
/content/quantum rheed codex/data/original data/Trajectories/2022-02-04/279_RR220204A_812C_1956.bmp,trajectory,,False,28.493296,14.269176
/content/quantum rheed codex/data/original data/Trajectories/2022-02-04/280_RR220204A_809C_1958.bmp,trajectory,,False,28.452375,14.157024
/content/quantum rheed codex/data/original data/Trajectories/2022-02-04/281_RR220204A_806C_2000.bmp,trajectory,,False,28.338331,14.626754
/content/quantum rheed codex/data/original data/Trajectories/2022-02-04/282_RR220204A_808C_2002.bmp,trajectory,,False,27.859154,14.659638
/content/quantum rheed codex/data/original data/Trajectories/2022-02-04/283_RR220204A_807C_2003.bmp,trajectory,,False,28.107021,14.765544
/content/quantum rheed codex/data/original data/Trajectories/2022-02-04/284_RR220204A_806C_2006.bmp,trajectory,,False,28.057821,15.004034
/content/quantum rheed codex/data/original data/Trajectories/2022-02-04/285_RR220204A_820C_2007.bmp,trajectory,,False,27.564678,15.406748
/content/quantum rheed codex/data/original data/Trajectories/2022-02-04/286_RR220204A_821C_2007.bmp,trajectory,,False,27.652315,15.34338
/content/quantum rheed codex/data/original data/Trajectories/2022-02-04/287_RR220204A_851C_2008.bmp,trajectory,,False,27.255678,15.855136
/content/quantum rheed codex/data/original data/Trajectories/2022-02-04/288_RR220204A_839C_2008.bmp,trajectory,,False,27.310732,15.753007
/content/quantum rheed codex/data/original data/Trajectories/2022-02-04/289_RR220204A_853C_2008.bmp,trajectory,,False,26.958096,15.812939
/content/quantum rheed codex/data/original data/Trajectories/2022-02-04/290_RR220204A_849C_2010.bmp,trajectory,,False,26.8542,16.155384
/content/quantum rheed codex/data/original data/Trajectories/2022-02-04/291_RR220204A_848C_2011.bmp,trajectory,,False,26.867409,16.30651
/content/quantum rheed codex/data/original data/Trajectories/2022-02-04/292_RR220204A_846C_2012.bmp,trajectory,,False,26.983385,16.224297
/content/quantum rheed codex/data/original data/Trajectories/2022-02-04/293_RR220204A_845C_2013.bmp,trajectory,,False,26.96806,16.231033
/content/quantum rheed codex/data/original data/Trajectories/2022-02-04/294_RR220204A_843C_2014.bmp,trajectory,,False,26.65537,16.616755
/content/quantum rheed codex/data/original data/Trajectories/2022-02-04/295_RR220204A_882C_2015.bmp,trajectory,,False,25.907225,17.362282
/content/quantum rheed codex/data/original data/Trajectories/2022-02-04/296_RR220204A_869C_2015.bmp,trajectory,,False,26.203966,17.109802
/content/quantum rheed codex/data/original data/Trajectories/2022-02-04/297_RR220204A_880C_2015.bmp,trajectory,,False,26.050957,17.245686
/content/quantum rheed codex/data/original data/Trajectories/2022-02-04/298_RR220204A_882C_2016.bmp,trajectory,,False,25.829538,17.59098
/content/quantum rheed codex/data/original data/Trajectories/2022-02-04/299_RR220204A_882C_2017.bmp,trajectory,,False,25.691986,17.96442
/content/quantum rheed codex/data/original data/Trajectories/2022-02-04/300_RR220204A_881C_2018.bmp,trajectory,,False,25.79546,17.837856
/content/quantum rheed codex/data/original data/Trajectories/2022-02-04/301_RR220204A_881C_2020.bmp,trajectory,,False,26.100616,17.68215
/content/quantum rheed codex/data/original data/Trajectories/2022-02-04/302_RR220204A_894C_2021.bmp,trajectory,,False,25.135464,18.41768
/content/quantum rheed codex/data/original data/Trajectories/2022-02-04/303_RR220204A_917C_2021.bmp,trajectory,,False,24.89734,18.501488
/content/quantum rheed codex/data/original data/Trajectories/2022-02-04/304_RR220204A_915C_2021.bmp,trajectory,,False,24.73625,18.498152
/content/quantum rheed codex/data/original data/Trajectories/2022-02-04/305_RR220204A_915C_2023.bmp,trajectory,,False,25.197691,18.503546
/content/quantum rheed codex/data/original data/Trajectories/2022-02-04/306_RR220204A_913C_2024.bmp,trajectory,,False,25.01763,18.669079
/content/quantum rheed codex/data/original data/Trajectories/2022-02-04/307_RR220204A_912C_2025.bmp,trajectory,,False,25.518154,18.740599
/content/quantum rheed codex/data/original data/Trajectories/2022-02-04/308_RR220204A_912C_2026.bmp,trajectory,,False,25.259037,19.071081
/content/quantum rheed codex/data/original data/Trajectories/2022-02-04/309_RR220204A_911C_2027.bmp,trajectory,,False,25.167868,19.02424
/content/quantum rheed codex/data/original data/Trajectories/2022-02-04/310_RR220204A_910C_2028.bmp,trajectory,,False,25.163452,19.159956
/content/quantum rheed codex/data/original data/Trajectories/2022-02-04/311_RR220204A_925C_2028.bmp,trajectory,,False,24.45611,19.127195
/content/quantum rheed codex/data/original data/Trajectories/2022-02-04/312_RR220204A_934C_2029.bmp,trajectory,,False,24.324432,19.409885
/content/quantum rheed codex/data/original data/Trajectories/2022-02-04/313_RR220204A_935C_2029.bmp,trajectory,,False,24.36003,19.305113
/content/quantum rheed codex/data/original data/Trajectories/2022-02-04/314_RR220204A_937C_2030.bmp,trajectory,,False,24.408401,19.611795
/content/quantum rheed codex/data/original data/Trajectories/2022-02-04/315_RR220204A_936C_2031.bmp,trajectory,,False,24.770483,19.578247
/content/quantum rheed codex/data/original data/Trajectories/2022-02-04/316_RR220204A_936C_2032.bmp,trajectory,,False,24.866999,19.660845
/content/quantum rheed codex/data/original data/Trajectories/2022-02-04/317_RR220204A_935C_2033.bmp,trajectory,,False,25.03831,19.816881
/content/quantum rheed codex/data/original data/Trajectories/2022-02-04/318_RR220204A_923C_2034.bmp,trajectory,,False,24.652002,19.501724
/content/quantum rheed codex/data/original data/Trajectories/2022-02-04/319_RR220204A_918C_2037.bmp,trajectory,,False,20.530497,0.7725174
/content/quantum rheed codex/data/original data/Trajectories/2022-02-04/320_RR220204A_915C_2039.bmp,trajectory,,False,21.155369,0.92996716
/content/quantum rheed codex/data/original data/Trajectories/2022-02-04/321_RR220204A_914C_2041.bmp,trajectory,,False,21.008167,0.73427075
/content/quantum rheed codex/data/original data/Trajectories/2022-02-04/322_RR220204A_914C_2043.bmp,trajectory,,False,20.710255,0.61909735
/content/quantum rheed codex/data/original data/Trajectories/2022-02-04/323_RR220204A_914C_2045.bmp,trajectory,,False,20.621672,1.0897105
/content/quantum rheed codex/data/original data/Trajectories/2022-02-04/324_RR220204A_913C_2047.bmp,trajectory,,False,21.004114,0.69851905
/content/quantum rheed codex/data/original data/Trajectories/2022-02-04/325_RR220204A_915C_2049.bmp,trajectory,,False,20.785162,1.1254426
/content/quantum rheed codex/data/original data/Trajectories/2022-02-04/326_RR220204A_937C_2052.bmp,trajectory,,False,20.814005,2.0332255
/content/quantum rheed codex/data/original data/Trajectories/2022-02-04/327_RR220204A_912C_2052.bmp,trajectory,,False,20.704906,0.67507833
/content/quantum rheed codex/data/original data/Trajectories/2022-02-04/328_RR220204A_946C_2053.bmp,trajectory,,False,20.574924,2.273287
/content/quantum rheed codex/data/original data/Trajectories/2022-02-04/329_RR220204A_946C_2054.bmp,trajectory,,False,20.620544,2.1809628
/content/quantum rheed codex/data/original data/Trajectories/2022-02-04/330_RR220204A_943C_2055.bmp,trajectory,,False,20.50682,1.7318978
/content/quantum rheed codex/data/original data/Trajectories/2022-02-04/331_RR220204A_941C_2056.bmp,trajectory,,False,20.901133,2.466563
/content/quantum rheed codex/data/original data/Trajectories/2022-02-04/332_RR220204A_941C_2057.bmp,trajectory,,False,21.041634,2.0648422
/content/quantum rheed codex/data/original data/Trajectories/2022-02-04/333_RR220204A_939C_2059.bmp,trajectory,,False,20.839272,1.9250338
/content/quantum rheed codex/data/original data/Trajectories/2022-02-04/334_RR220204A_939C_2101.bmp,trajectory,,False,21.11471,1.7852902
/content/quantum rheed codex/data/original data/Trajectories/2022-02-04/335_RR220204A_940C_2102.bmp,trajectory,,False,21.31361,2.4338229
/content/quantum rheed codex/data/original data/Trajectories/2022-02-04/336_RR220204A_942C_2104.bmp,trajectory,,False,21.541134,2.107079
/content/quantum rheed codex/data/original data/Trajectories/2022-02-04/337_RR220204A_938C_2106.bmp,trajectory,,False,21.400192,2.072662
/content/quantum rheed codex/data/original data/Trajectories/2022-02-04/338_RR220204A_940C_2108.bmp,trajectory,,False,21.409214,2.7914636
/content/quantum rheed codex/data/original data/Trajectories/2022-02-04/339_RR220204A_938C_2110.bmp,trajectory,,False,21.903564,2.2712243
/content/quantum rheed codex/data/original data/Trajectories/2022-02-04/340_RR220204A_936C_2112.bmp,trajectory,,False,21.795082,2.7940698
/content/quantum rheed codex/data/original data/Trajectories/2022-02-04/341_RR220204A_937C_2114.bmp,trajectory,,False,21.94806,2.7561398
/content/quantum rheed codex/data/original data/Trajectories/2022-02-04/342_RR220204A_941C_2115.bmp,trajectory,,False,21.60693,3.0431936
/content/quantum rheed codex/data/original data/Trajectories/2022-02-04/343_RR220204A_964C_2116.bmp,trajectory,,False,21.943478,3.6912105
/content/quantum rheed codex/data/original data/Trajectories/2022-02-04/344_RR220204A_958C_2116.bmp,trajectory,,False,21.950062,3.7187815
/content/quantum rheed codex/data/original data/Trajectories/2022-02-04/345_RR220204A_963C_2120.bmp,trajectory,,False,21.943424,3.691277
/content/quantum rheed codex/data/original data/Trajectories/2022-02-04/346_RR220204A_957C_2123.bmp,trajectory,,False,22.453455,4.6337085
/content/quantum rheed codex/data/original data/Trajectories/2022-02-04/347_RR220204A_954C_2124.bmp,trajectory,,False,22.58379,4.8829694
/content/quantum rheed codex/data/original data/Trajectories/2022-02-04/348_RR220204A_955C_2128.bmp,trajectory,,False,22.758812,5.2212796
/content/quantum rheed codex/data/original data/Trajectories/2022-02-04/349_RR220204A_952C_2130.bmp,trajectory,,False,22.998573,5.6914644
/content/quantum rheed codex/data/original data/Trajectories/2022-02-04/350_RR220204A_955C_2133.bmp,trajectory,,False,23.131783,5.94807
/content/quantum rheed codex/data/original data/Trajectories/2022-02-04/351_RR220204A_953C_2135.bmp,trajectory,,False,23.200865,6.0750723
/content/quantum rheed codex/data/original data/Trajectories/2022-02-04/352_RR220204A_951C_2137.bmp,trajectory,,False,23.409897,6.5209556
/content/quantum rheed codex/data/original data/Trajectories/2022-02-04/353_RR220204A_950C_2139.bmp,trajectory,,False,23.482866,6.6348305
/content/quantum rheed codex/data/original data/Trajectories/2022-02-04/354_RR220204A_951C_2141.bmp,trajectory,,False,23.315933,6.319673
/content/quantum rheed codex/data/original data/Trajectories/2022-02-04/355_RR220204A_948C_2142.bmp,trajectory,,False,23.465418,6.599475
/content/quantum rheed codex/data/original data/Trajectories/2022-02-04/356_RR220204A_949C_2144.bmp,trajectory,,False,23.551071,6.7866163
/content/quantum rheed codex/data/original data/Trajectories/2022-02-04/357_RR220204A_950C_2147.bmp,trajectory,,False,23.656618,7.0113544
/content/quantum rheed codex/data/original data/Trajectories/2022-02-04/358_RR220204A_951C_2149.bmp,trajectory,,False,23.711985,7.104181
/content/quantum rheed codex/data/original data/Trajectories/2022-02-04/359_RR220204A_949C_2151.bmp,trajectory,,False,23.850035,7.4172835
/content/quantum rheed codex/data/original data/Trajectories/2022-02-04/360_RR220204A_951C_2154.bmp,trajectory,,False,23.909325,7.5527215
/content/quantum rheed codex/data/original data/Trajectories/2022-02-04/361_RR220204A_947C_2156.bmp,trajectory,,False,23.993979,7.7377057
/content/quantum rheed codex/data/original data/Trajectories/2022-02-04/362_RR220204A_948C_2200.bmp,trajectory,,False,24.069826,7.909728
/content/quantum rheed codex/data/original data/Trajectories/2022-02-04/363_RR220204A_946C_2202.bmp,trajectory,,False,23.232359,-14.903324
/content/quantum rheed codex/data/original data/Trajectories/2022-02-04/364_RR220204A_950C_2207.bmp,trajectory,,False,23.111465,-14.304248
/content/quantum rheed codex/data/original data/Trajectories/2022-02-04/365_RR220204A_950C_2210.bmp,trajectory,,False,23.674147,-14.931726
/content/quantum rheed codex/data/original data/Trajectories/2022-02-04/366_RR220204A_946C_2215.bmp,trajectory,,False,23.913492,-14.368341
/content/quantum rheed codex/data/original data/Trajectories/2022-02-04/367_RR220204A_945C_2221.bmp,trajectory,,False,23.816912,-15.00643
/content/quantum rheed codex/data/original data/Trajectories/2022-02-04/368_RR220204A_942C_2226.bmp,trajectory,,False,23.886992,-14.791117
/content/quantum rheed codex/data/original data/Trajectories/2022-02-04/369_RR220204A_943C_2231.bmp,trajectory,,False,23.662495,-14.181635
/content/quantum rheed codex/data/original data/Trajectories/2022-02-04/370_RR220204A_941C_2237.bmp,trajectory,,False,23.581846,-14.490174
/content/quantum rheed codex/data/original data/Trajectories/2022-02-04/371_RR220204A_944C_2240.bmp,trajectory,,False,24.088999,-13.954115
/content/quantum rheed codex/data/original data/Trajectories/2022-02-04/372_RR220204A_940C_2245.bmp,trajectory,,False,24.396795,-14.057406
/content/quantum rheed codex/data/original data/Trajectories/2022-02-04/373_RR220204A_942C_2250.bmp,trajectory,,False,24.306026,-14.3895445
/content/quantum rheed codex/data/original data/Trajectories/2022-02-04/374_RR220204A_939C_2254.bmp,trajectory,,False,24.197796,-14.807222
/content/quantum rheed codex/data/original data/Trajectories/2022-02-04/375_RR220204A_943C_2300.bmp,trajectory,,False,24.479359,-14.4216385
/content/quantum rheed codex/data/original data/Trajectories/2022-02-04/376_RR220204A_938C_2306.bmp,trajectory,,False,24.897205,-14.432704
/content/quantum rheed codex/data/original data/Trajectories/2022-02-04/377_RR220204A_936C_2310.bmp,trajectory,,False,24.441654,-15.48219
/content/quantum rheed codex/data/original data/Trajectories/2022-02-04/378_RR220204A_938C_2312.bmp,trajectory,,False,24.708363,-14.501091
/content/quantum rheed codex/data/original data/Trajectories/2022-02-04/379_RR220204A_937C_2315.bmp,trajectory,,False,24.76459,-14.924069
/content/quantum rheed codex/data/original data/Trajectories/2022-02-04/380_RR220204A_937C_2323.bmp,trajectory,,False,24.622608,-15.194178
/content/quantum rheed codex/data/original data/Trajectories/2022-02-04/381_RR220204A_936C_2326.bmp,trajectory,,False,24.846933,-15.311674
/content/quantum rheed codex/data/original data/Trajectories/2022-02-04/382_RR220204A_935C_2330.bmp,trajectory,,False,24.66479,-15.655088
/content/quantum rheed codex/data/original data/Trajectories/2022-02-04/383_RR220204A_937C_2331.bmp,trajectory,,False,25.282322,-14.942264
/content/quantum rheed codex/data/original data/Trajectories/2022-02-04/384_RR220204A_935C_2335.bmp,trajectory,,False,24.82563,-16.057604
/content/quantum rheed codex/data/original data/Trajectories/2022-02-04/385_RR220204A_939C_2340.bmp,trajectory,,False,25.597172,-15.395255
/content/quantum rheed codex/data/original data/Trajectories/2022-02-04/386_RR220204A_935C_2346.bmp,trajectory,,False,25.327715,-16.089342
/content/quantum rheed codex/data/original data/Trajectories/2022-02-04/387_RR220204A_935C_2350.bmp,trajectory,,False,25.557304,-15.9415245
/content/quantum rheed codex/data/original data/Trajectories/2022-02-04/388_RR220204A_934C_2355.bmp,trajectory,,False,25.972214,-16.11172
/content/quantum rheed codex/data/original data/Trajectories/2022-02-06/001_RR220206A_165C_1659.bmp,trajectory,,False,-42.426933,-20.747389
/content/quantum rheed codex/data/original data/Trajectories/2022-02-06/002_RR220206A_165C_1700.bmp,trajectory,,False,-41.91479,-20.91199
/content/quantum rheed codex/data/original data/Trajectories/2022-02-06/003_RR220206A_165C_1701-01.bmp,trajectory,,False,-41.772472,-20.738707
/content/quantum rheed codex/data/original data/Trajectories/2022-02-06/004_RR220206A_165C_1701-02.bmp,trajectory,,False,-41.31178,-19.704447
/content/quantum rheed codex/data/original data/Trajectories/2022-02-06/005_RR220206A_165C_1702-01.bmp,trajectory,,False,-41.238476,-19.77098
/content/quantum rheed codex/data/original data/Trajectories/2022-02-06/006_RR220206A_165C_1702-02.bmp,trajectory,,False,-41.361526,-20.346933
/content/quantum rheed codex/data/original data/Trajectories/2022-02-06/007_RR220206A_165C_1702-03.bmp,trajectory,,False,-41.361526,-20.346933
/content/quantum rheed codex/data/original data/Trajectories/2022-02-06/008_RR220206A_165C_1702-04.bmp,trajectory,,False,-41.413605,-20.986197
/content/quantum rheed codex/data/original data/Trajectories/2022-02-06/009_RR220206A_165C_1703-01.bmp,trajectory,,False,-41.184753,-20.548166
/content/quantum rheed codex/data/original data/Trajectories/2022-02-06/010_RR220206A_165C_1703-02.bmp,trajectory,,False,-40.70123,-20.396059
/content/quantum rheed codex/data/original data/Trajectories/2022-02-06/011_RR220206A_165C_1703-03.bmp,trajectory,,False,-41.220623,-21.149725
/content/quantum rheed codex/data/original data/Trajectories/2022-02-06/012_RR220206A_165C_1703-04.bmp,trajectory,,False,-40.556,-20.470863
/content/quantum rheed codex/data/original data/Trajectories/2022-02-06/013_RR220206A_165C_1703-05.bmp,trajectory,,False,-40.608135,-20.438572
/content/quantum rheed codex/data/original data/Trajectories/2022-02-06/014_RR220206A_165C_1704-01.bmp,trajectory,,False,-40.709824,-21.066753
/content/quantum rheed codex/data/original data/Trajectories/2022-02-06/015_RR220206A_165C_1704-02.bmp,trajectory,,False,-40.709824,-21.066753
/content/quantum rheed codex/data/original data/Trajectories/2022-02-06/016_RR220206A_165C_1704-03.bmp,trajectory,,False,-40.709824,-21.066753
/content/quantum rheed codex/data/original data/Trajectories/2022-02-06/017_RR220206A_165C_1704-04.bmp,trajectory,,False,-40.709824,-21.066753
/content/quantum rheed codex/data/original data/Trajectories/2022-02-06/018_RR220206A_165C_1704-05.bmp,trajectory,,False,-40.709824,-21.066753
/content/quantum rheed codex/data/original data/Trajectories/2022-02-06/019_RR220206A_165C_1704-06.bmp,trajectory,,False,-40.709824,-21.066753
/content/quantum rheed codex/data/original data/Trajectories/2022-02-06/020_RR220206A_165C_1705.bmp,trajectory,,False,-40.506035,-21.534815
/content/quantum rheed codex/data/original data/Trajectories/2022-02-06/021_RR220206A_165C_1706.bmp,trajectory,,False,-40.341846,-21.55653
/content/quantum rheed codex/data/original data/Trajectories/2022-02-06/022_RR220206A_165C_1708.bmp,trajectory,,False,-39.90791,-20.807734
/content/quantum rheed codex/data/original data/Trajectories/2022-02-06/023_RR220206A_165C_1709.bmp,trajectory,,False,-39.875404,-20.931635
/content/quantum rheed codex/data/original data/Trajectories/2022-02-06/024_RR220206A_165C_1710-01.bmp,trajectory,,False,-39.795204,-21.306694
/content/quantum rheed codex/data/original data/Trajectories/2022-02-06/025_RR220206A_165C_1710-02.bmp,trajectory,,False,-39.58702,-21.222172
/content/quantum rheed codex/data/original data/Trajectories/2022-02-06/026_RR220206A_165C_1711.bmp,trajectory,,False,-39.419025,-21.370806
/content/quantum rheed codex/data/original data/Trajectories/2022-02-06/027_RR220206A_165C_1712.bmp,trajectory,,False,-39.1995,-21.465427
/content/quantum rheed codex/data/original data/Trajectories/2022-02-06/028_RR220206A_165C_1714-01.bmp,trajectory,,False,-38.790356,-21.575453
/content/quantum rheed codex/data/original data/Trajectories/2022-02-06/029_RR220206A_165C_1714-02.bmp,trajectory,,False,-38.61276,-21.644842
/content/quantum rheed codex/data/original data/Trajectories/2022-02-06/030_RR220206A_165C_1715.bmp,trajectory,,False,-38.589035,-21.64905
/content/quantum rheed codex/data/original data/Trajectories/2022-02-06/031_RR220206A_165C_1716.bmp,trajectory,,False,-38.42199,-21.704075
/content/quantum rheed codex/data/original data/Trajectories/2022-02-06/032_RR220206A_165C_1717.bmp,trajectory,,False,-38.110775,-21.809164
/content/quantum rheed codex/data/original data/Trajectories/2022-02-06/033_RR220206A_165C_1718.bmp,trajectory,,False,-37.977245,-21.856743
/content/quantum rheed codex/data/original data/Trajectories/2022-02-06/034_RR220206A_165C_1719.bmp,trajectory,,False,-37.360317,-22.06559
/content/quantum rheed codex/data/original data/Trajectories/2022-02-06/035_RR220206A_165C_1720.bmp,trajectory,,False,-35.612118,-22.651134
/content/quantum rheed codex/data/original data/Trajectories/2022-02-06/036_RR220206A_165C_1721.bmp,trajectory,,False,-35.28785,-22.756552
/content/quantum rheed codex/data/original data/Trajectories/2022-02-06/037_RR220206A_165C_1722.bmp,trajectory,,False,-34.987614,-22.854881
/content/quantum rheed codex/data/original data/Trajectories/2022-02-06/038_RR220206A_165C_1723.bmp,trajectory,,False,-34.947613,-22.868431
/content/quantum rheed codex/data/original data/Trajectories/2022-02-06/039_RR220206A_165C_1724.bmp,trajectory,,False,-34.663837,-22.967962
/content/quantum rheed codex/data/original data/Trajectories/2022-02-06/040_RR220206A_165C_1725.bmp,trajectory,,False,-34.491947,-23.013754
/content/quantum rheed codex/data/original data/Trajectories/2022-02-06/041_RR220206A_165C_1726.bmp,trajectory,,False,-34.2052,-23.114841
/content/quantum rheed codex/data/original data/Trajectories/2022-02-06/042_RR220206A_165C_1727.bmp,trajectory,,False,-34.081547,-23.16591
/content/quantum rheed codex/data/original data/Trajectories/2022-02-06/043_RR220206A_165C_1728.bmp,trajectory,,False,-33.892475,-23.231062
/content/quantum rheed codex/data/original data/Trajectories/2022-02-06/044_RR220206A_165C_1729.bmp,trajectory,,False,-33.852303,-23.28957
/content/quantum rheed codex/data/original data/Trajectories/2022-02-06/045_RR220206A_165C_1730.bmp,trajectory,,False,-33.405144,-23.090185
/content/quantum rheed codex/data/original data/Trajectories/2022-02-06/046_RR220206A_165C_1733.bmp,trajectory,,False,-33.204315,-23.940731
/content/quantum rheed codex/data/original data/Trajectories/2022-02-06/047_RR220206A_175C_1734.bmp,trajectory,,False,-33.293358,-23.703615
/content/quantum rheed codex/data/original data/Trajectories/2022-02-06/048_RR220206A_175C_1736.bmp,trajectory,,False,-33.005074,-23.231127
/content/quantum rheed codex/data/original data/Trajectories/2022-02-06/049_RR220206A_205C_1737.bmp,trajectory,,False,-32.901325,-23.563696
/content/quantum rheed codex/data/original data/Trajectories/2022-02-06/050_RR220206A_206C_1738.bmp,trajectory,,False,-32.663284,-23.333866
/content/quantum rheed codex/data/original data/Trajectories/2022-02-06/051_RR220206A_209C_1739.bmp,trajectory,,False,-32.67937,-23.427736
/content/quantum rheed codex/data/original data/Trajectories/2022-02-06/052_RR220206A_211C_1740.bmp,trajectory,,False,-32.8417,-23.829468
/content/quantum rheed codex/data/original data/Trajectories/2022-02-06/053_RR220206A_211C_1741.bmp,trajectory,,False,-32.811733,-24.054367
/content/quantum rheed codex/data/original data/Trajectories/2022-02-06/054_RR220206A_236C_1742.bmp,trajectory,,False,-32.098015,-23.464348
/content/quantum rheed codex/data/original data/Trajectories/2022-02-06/055_RR220206A_239C_1742.bmp,trajectory,,False,-32.197693,-23.963867
/content/quantum rheed codex/data/original data/Trajectories/2022-02-06/056_RR220206A_246C_1743.bmp,trajectory,,False,-32.252068,-23.850529
/content/quantum rheed codex/data/original data/Trajectories/2022-02-06/057_RR220206A_249C_1744.bmp,trajectory,,False,-32.058773,-23.774775
/content/quantum rheed codex/data/original data/Trajectories/2022-02-06/058_RR220206A_249C_1745.bmp,trajectory,,False,-32.223114,-24.082933
/content/quantum rheed codex/data/original data/Trajectories/2022-02-06/059_RR220206A_280C_1747.bmp,trajectory,,False,-31.472929,-24.11684
/content/quantum rheed codex/data/original data/Trajectories/2022-02-06/060_RR220206A_284C_1748.bmp,trajectory,,False,-31.538067,-24.05646
/content/quantum rheed codex/data/original data/Trajectories/2022-02-06/061_RR220206A_286C_1749.bmp,trajectory,,False,-31.238352,-24.363758
/content/quantum rheed codex/data/original data/Trajectories/2022-02-06/062_RR220206A_287C_1750.bmp,trajectory,,False,-31.10944,-24.59749
/content/quantum rheed codex/data/original data/Trajectories/2022-02-06/063_RR220206A_319C_1751.bmp,trajectory,,False,-31.044472,-24.195818
/content/quantum rheed codex/data/original data/Trajectories/2022-02-06/064_RR220206A_321C_1753.bmp,trajectory,,False,-30.744133,-24.220688
/content/quantum rheed codex/data/original data/Trajectories/2022-02-06/065_RR220206A_322C_1754.bmp,trajectory,,False,-30.73178,-24.804163
/content/quantum rheed codex/data/original data/Trajectories/2022-02-06/066_RR220206A_323C_1756.bmp,trajectory,,False,-30.553728,-24.573402
/content/quantum rheed codex/data/original data/Trajectories/2022-02-06/067_RR220206A_359C_1757.bmp,trajectory,,False,-30.55161,-24.189394
/content/quantum rheed codex/data/original data/Trajectories/2022-02-06/068_RR220206A_362C_1759.bmp,trajectory,,False,-30.32724,-24.303299
/content/quantum rheed codex/data/original data/Trajectories/2022-02-06/069_RR220206A_393C_1801.bmp,trajectory,,False,-30.168663,-24.472286
/content/quantum rheed codex/data/original data/Trajectories/2022-02-06/070_RR220206A_395C_1802.bmp,trajectory,,False,-30.115704,-24.76221
/content/quantum rheed codex/data/original data/Trajectories/2022-02-06/071_RR220206A_396C_1803.bmp,trajectory,,False,-29.855469,-24.971428
/content/quantum rheed codex/data/original data/Trajectories/2022-02-06/072_RR220206A_397C_1804.bmp,trajectory,,False,-29.771938,-24.614227
/content/quantum rheed codex/data/original data/Trajectories/2022-02-06/073_RR220206A_428C_1807.bmp,trajectory,,False,-29.501217,-24.66365
/content/quantum rheed codex/data/original data/Trajectories/2022-02-06/074_RR220206A_430C_1809.bmp,trajectory,,False,-29.267885,-25.160048
/content/quantum rheed codex/data/original data/Trajectories/2022-02-06/075_RR220206A_431C_1810.bmp,trajectory,,False,-29.31711,-24.917261
/content/quantum rheed codex/data/original data/Trajectories/2022-02-06/076_RR220206A_460C_1812.bmp,trajectory,,False,-29.151615,-24.986113
/content/quantum rheed codex/data/original data/Trajectories/2022-02-06/077_RR220206A_461C_1813.bmp,trajectory,,False,-28.902725,-25.020224
/content/quantum rheed codex/data/original data/Trajectories/2022-02-06/078_RR220206A_462C_1814.bmp,trajectory,,False,-28.662142,-25.160923
/content/quantum rheed codex/data/original data/Trajectories/2022-02-06/079_RR220206A_489C_1815.bmp,trajectory,,False,-28.672503,-25.149437
/content/quantum rheed codex/data/original data/Trajectories/2022-02-06/080_RR220206A_490C_1816.bmp,trajectory,,False,-28.40807,-25.301226
/content/quantum rheed codex/data/original data/Trajectories/2022-02-06/081_RR220206A_491C_1817.bmp,trajectory,,False,-28.377108,-25.320219
/content/quantum rheed codex/data/original data/Trajectories/2022-02-06/082_RR220206A_517C_1819.bmp,trajectory,,False,-28.12008,-25.384504
/content/quantum rheed codex/data/original data/Trajectories/2022-02-06/083_RR220206A_517C_1820.bmp,trajectory,,False,-28.073969,-25.404732
/content/quantum rheed codex/data/original data/Trajectories/2022-02-06/084_RR220206A_518C_1822.bmp,trajectory,,False,-16.42174,-12.513153
/content/quantum rheed codex/data/original data/Trajectories/2022-02-06/085_RR220206A_518C_1823.bmp,trajectory,,False,-16.473856,-12.72512
/content/quantum rheed codex/data/original data/Trajectories/2022-02-06/086_RR220206A_543C_1824.bmp,trajectory,,False,-16.330778,-12.832193
/content/quantum rheed codex/data/original data/Trajectories/2022-02-06/087_RR220206A_543C_1825.bmp,trajectory,,False,-16.143898,-12.976944
/content/quantum rheed codex/data/original data/Trajectories/2022-02-06/088_RR220206A_544C_1826.bmp,trajectory,,False,-16.222202,-12.326662
/content/quantum rheed codex/data/original data/Trajectories/2022-02-06/089_RR220206A_544C_1827.bmp,trajectory,,False,-16.072056,-12.198244
/content/quantum rheed codex/data/original data/Trajectories/2022-02-06/090_RR220206A_568C_1828.bmp,trajectory,,False,-15.929258,-12.854737
/content/quantum rheed codex/data/original data/Trajectories/2022-02-06/091_RR220206A_569C_1830.bmp,trajectory,,False,-16.02233,-12.132141
/content/quantum rheed codex/data/original data/Trajectories/2022-02-06/092_RR220206A_570C_1832.bmp,trajectory,,False,-15.591983,-12.832
/content/quantum rheed codex/data/original data/Trajectories/2022-02-06/093_RR220206A_570C_1833.bmp,trajectory,,False,-15.751304,-12.905526
/content/quantum rheed codex/data/original data/Trajectories/2022-02-06/094_RR220206A_612C_1834.bmp,trajectory,,False,-15.735094,-11.999889
/content/quantum rheed codex/data/original data/Trajectories/2022-02-06/095_RR220206A_614C_1835.bmp,trajectory,,False,-15.691866,-12.390445
/content/quantum rheed codex/data/original data/Trajectories/2022-02-06/096_RR220206A_614C_1836.bmp,trajectory,,False,-15.358718,-12.751199
/content/quantum rheed codex/data/original data/Trajectories/2022-02-06/097_RR220206A_654C_1837.bmp,trajectory,,False,-15.66327,-11.87117
/content/quantum rheed codex/data/original data/Trajectories/2022-02-06/098_RR220206A_656C_1838.bmp,trajectory,,False,-15.199399,-12.623932
/content/quantum rheed codex/data/original data/Trajectories/2022-02-06/099_RR220206A_657C_1839.bmp,trajectory,,False,-15.222103,-12.573619
/content/quantum rheed codex/data/original data/Trajectories/2022-02-06/100_RR220206A_693C_1840.bmp,trajectory,,False,-15.470782,-11.994935
/content/quantum rheed codex/data/original data/Trajectories/2022-02-06/101_RR220206A_697C_1842.bmp,trajectory,,False,-15.073913,-12.087822
/content/quantum rheed codex/data/original data/Trajectories/2022-02-06/102_RR220206A_698C_1845.bmp,trajectory,,False,-14.724616,-12.332407
/content/quantum rheed codex/data/original data/Trajectories/2022-02-06/103_RR220206A_733C_1846.bmp,trajectory,,False,-15.084379,-11.71762
/content/quantum rheed codex/data/original data/Trajectories/2022-02-06/104_RR220206A_734C_1847.bmp,trajectory,,False,-14.573819,-12.015015
/content/quantum rheed codex/data/original data/Trajectories/2022-02-06/105_RR220206A_734C_1849.bmp,trajectory,,False,-14.810588,-11.723376
/content/quantum rheed codex/data/original data/Trajectories/2022-02-06/106_RR220206A_768C_1851.bmp,trajectory,,False,-14.509641,-11.541279
/content/quantum rheed codex/data/original data/Trajectories/2022-02-06/107_RR220206A_769C_1852.bmp,trajectory,,False,-14.36466,-11.651295
/content/quantum rheed codex/data/original data/Trajectories/2022-02-06/108_RR220206A_769C_1854.bmp,trajectory,,False,-14.18183,-11.53791
/content/quantum rheed codex/data/original data/Trajectories/2022-02-06/109_RR220206A_773C_1901.bmp,trajectory,,False,-14.034483,-11.265329
/content/quantum rheed codex/data/original data/Trajectories/2022-02-06/110_RR220206A_810C_1905.bmp,trajectory,,False,-13.766802,-11.183696
/content/quantum rheed codex/data/original data/Trajectories/2022-02-06/111_RR220206A_812C_1906.bmp,trajectory,,False,-13.619372,-10.999324
/content/quantum rheed codex/data/original data/Trajectories/2022-02-06/112_RR220206A_813C_1908.bmp,trajectory,,False,-13.430926,-11.0159025
/content/quantum rheed codex/data/original data/Trajectories/2022-02-06/113_RR220206A_815C_1909.bmp,trajectory,,False,-13.469349,-10.944586
/content/quantum rheed codex/data/original data/Trajectories/2022-02-06/114_RR220206A_845C_1911.bmp,trajectory,,False,-13.342024,-10.938109
/content/quantum rheed codex/data/original data/Trajectories/2022-02-06/115_RR220206A_844C_1913.bmp,trajectory,,False,-13.132371,-10.674833
/content/quantum rheed codex/data/original data/Trajectories/2022-02-06/116_RR220206A_844C_1914.bmp,trajectory,,False,-13.078756,-10.650156
/content/quantum rheed codex/data/original data/Trajectories/2022-02-06/117_RR220206A_844C_1915.bmp,trajectory,,False,-12.945408,-10.528876
/content/quantum rheed codex/data/original data/Trajectories/2022-02-06/118_RR220206A_871C_1916.bmp,trajectory,,False,-12.790647,-10.357568
/content/quantum rheed codex/data/original data/Trajectories/2022-02-06/119_RR220206A_871C_1918.bmp,trajectory,,False,-12.368979,-9.927823
/content/quantum rheed codex/data/original data/Trajectories/2022-02-06/120_RR220206A_895C_1920-01.bmp,trajectory,,False,-11.594392,-9.161635
/content/quantum rheed codex/data/original data/Trajectories/2022-02-06/121_RR220206A_895C_1920-02.bmp,trajectory,,False,-11.406396,-8.980078
/content/quantum rheed codex/data/original data/Trajectories/2022-02-06/122_RR220206A_894C_1922.bmp,trajectory,,False,-10.16957,-7.917889
/content/quantum rheed codex/data/original data/Trajectories/2022-02-06/123_RR220206A_894C_1923.bmp,trajectory,,False,-9.68624,-7.642817
/content/quantum rheed codex/data/original data/Trajectories/2022-02-06/124_RR220206A_894C_1924.bmp,trajectory,,False,-9.630753,-7.557424
/content/quantum rheed codex/data/original data/Trajectories/2022-02-06/125_RR220206A_887C_1925.bmp,trajectory,,False,-9.477441,-7.4906864
/content/quantum rheed codex/data/original data/Trajectories/2022-02-06/126_RR220206A_884C_1926.bmp,trajectory,,False,-9.324672,-7.402994
/content/quantum rheed codex/data/original data/Trajectories/2022-02-06/127_RR220206A_885C_1927.bmp,trajectory,,False,-9.261035,-7.359592
/content/quantum rheed codex/data/original data/Trajectories/2022-02-06/128_RR220206A_885C_1928.bmp,trajectory,,False,-9.215135,-7.3058305
/content/quantum rheed codex/data/original data/Trajectories/2022-02-06/129_RR220206A_912C_1929.bmp,trajectory,,False,-9.426381,-7.2567277
/content/quantum rheed codex/data/original data/Trajectories/2022-02-06/130_RR220206A_910C_1930.bmp,trajectory,,False,-9.29027,-7.2088842
/content/quantum rheed codex/data/original data/Trajectories/2022-02-06/131_RR220206A_909C_1931.bmp,trajectory,,False,-9.274515,-7.1211214
/content/quantum rheed codex/data/original data/Trajectories/2022-02-06/132_RR220206A_959C_1932.bmp,trajectory,,False,-9.99562,-7.0860276
/content/quantum rheed codex/data/original data/Trajectories/2022-02-06/133_RR220206A_956C_1932.bmp,trajectory,,False,-9.971787,-6.9047766
/content/quantum rheed codex/data/original data/Trajectories/2022-02-06/134_RR220206A_956C_1934.bmp,trajectory,,False,-10.011432,-6.8026476
/content/quantum rheed codex/data/original data/Trajectories/2022-02-06/135_RR220206A_980C_1935.bmp,trajectory,,False,-20.913223,-0.50440675
/content/quantum rheed codex/data/original data/Trajectories/2022-02-06/136_RR220206A_981C_1936.bmp,trajectory,,False,-20.977907,-0.4657225
/content/quantum rheed codex/data/original data/Trajectories/2022-02-06/137_RR220206A_982C_1937.bmp,trajectory,,False,-21.025959,-0.43325868
/content/quantum rheed codex/data/original data/Trajectories/2022-02-06/138_RR220206A_988C_1939.bmp,trajectory,,False,-21.164394,-0.33999076
/content/quantum rheed codex/data/original data/Trajectories/2022-02-06/139_RR220206A_990C_1940.bmp,trajectory,,False,-21.239044,-0.2913364
/content/quantum rheed codex/data/original data/Trajectories/2022-02-06/140_RR220206A_993C_1941.bmp,trajectory,,False,-21.188314,-0.32608563
/content/quantum rheed codex/data/original data/Trajectories/2022-02-06/141_RR220206A_995C_1942.bmp,trajectory,,False,-21.331993,-0.23354207
/content/quantum rheed codex/data/original data/Trajectories/2022-02-06/142_RR220206A_994C_1944.bmp,trajectory,,False,-21.377142,-0.21285997
/content/quantum rheed codex/data/original data/Trajectories/2022-02-06/143_RR220206A_996C_1945.bmp,trajectory,,False,-23.219181,0.755842
/content/quantum rheed codex/data/original data/Trajectories/2022-02-06/144_RR220206A_1012C_1946.bmp,trajectory,,False,-23.281754,0.7885871
/content/quantum rheed codex/data/original data/Trajectories/2022-02-06/145_RR220206A_1025C_1947.bmp,trajectory,,False,-23.383575,0.84117115
/content/quantum rheed codex/data/original data/Trajectories/2022-02-06/146_RR220206A_1024C_1948.bmp,trajectory,,False,-23.549183,0.925381
/content/quantum rheed codex/data/original data/Trajectories/2022-02-06/147_RR220206A_1024C_1953.bmp,trajectory,,False,-24.138054,1.2205863
/content/quantum rheed codex/data/original data/Trajectories/2022-02-06/148_RR220206A_1028C_1956.bmp,trajectory,,False,-24.287683,1.2941121
/content/quantum rheed codex/data/original data/Trajectories/2022-02-06/149_RR220206A_1052C_1957.bmp,trajectory,,False,-24.574411,1.4300947
/content/quantum rheed codex/data/original data/Trajectories/2022-02-06/150_RR220206A_1053C_1958.bmp,trajectory,,False,-24.6979,1.488341
/content/quantum rheed codex/data/original data/Trajectories/2022-02-06/151_RR220206A_1077C_2001-01.bmp,trajectory,,False,-25.119696,1.677703
/content/quantum rheed codex/data/original data/Trajectories/2022-02-06/152_RR220206A_1077C_2001-02.bmp,trajectory,,False,-25.131346,1.6783328
/content/quantum rheed codex/data/original data/Trajectories/2022-02-06/153_RR220206A_1092C_2003-01.bmp,trajectory,,False,-25.500362,1.8428771
/content/quantum rheed codex/data/original data/Trajectories/2022-02-06/154_RR220206A_1092C_2003-02.bmp,trajectory,,False,-25.59713,1.8866757
/content/quantum rheed codex/data/original data/Trajectories/2022-02-06/155_RR220206A_1105C_2005-01.bmp,trajectory,,False,-25.805336,2.0013883
/content/quantum rheed codex/data/original data/Trajectories/2022-02-06/156_RR220206A_1105C_2005-02.bmp,trajectory,,False,-25.894873,2.0342903
/content/quantum rheed codex/data/original data/Trajectories/2022-02-06/157_RR220206A_1105C_2007.bmp,trajectory,,False,-26.129025,1.9355732
/content/quantum rheed codex/data/original data/Trajectories/2022-02-06/158_RR220206A_1105C_2008.bmp,trajectory,,False,-26.310265,2.1502893
/content/quantum rheed codex/data/original data/Trajectories/2022-02-06/159_RR220206A_1105C_2009.bmp,trajectory,,False,-26.38046,2.2381363
/content/quantum rheed codex/data/original data/Trajectories/2022-02-06/160_RR220206A_1105C_2010.bmp,trajectory,,False,-26.662523,2.3313649
/content/quantum rheed codex/data/original data/Trajectories/2022-02-06/161_RR220206A_1105C_2012.bmp,trajectory,,False,-26.621061,2.4717069
/content/quantum rheed codex/data/original data/Trajectories/2022-02-06/162_RR220206A_1105C_2013.bmp,trajectory,,False,-27.064629,2.655965
/content/quantum rheed codex/data/original data/Trajectories/2022-02-06/163_RR220206A_1105C_2015.bmp,trajectory,,False,-27.113235,2.2991958
/content/quantum rheed codex/data/original data/Trajectories/2022-02-06/164_RR220206A_1105C_2017.bmp,trajectory,,False,-27.288692,2.5184631
/content/quantum rheed codex/data/original data/Trajectories/2022-02-06/165_RR220206A_1105C_2018.bmp,trajectory,,False,-27.644497,2.5349538
/content/quantum rheed codex/data/original data/Trajectories/2022-02-06/166_RR220206A_1105C_2019.bmp,trajectory,,False,-27.420391,2.787622
/content/quantum rheed codex/data/original data/Trajectories/2022-02-06/167_RR220206A_1105C_2020.bmp,trajectory,,False,-27.601074,2.724264
/content/quantum rheed codex/data/original data/Trajectories/2022-02-06/168_RR220206A_1099C_2022.bmp,trajectory,,False,-27.72912,3.0945365
/content/quantum rheed codex/data/original data/Trajectories/2022-02-06/169_RR220206A_1101C_2024.bmp,trajectory,,False,-27.818937,2.583118
/content/quantum rheed codex/data/original data/Trajectories/2022-02-06/170_RR220206A_1085C_2025.bmp,trajectory,,False,-28.480349,2.9351833
/content/quantum rheed codex/data/original data/Trajectories/2022-02-06/171_RR220206A_1085C_2027.bmp,trajectory,,False,-27.802597,3.0573273
/content/quantum rheed codex/data/original data/Trajectories/2022-02-06/172_RR220206A_1074C_2028-01.bmp,trajectory,,False,-28.741495,3.0494676
/content/quantum rheed codex/data/original data/Trajectories/2022-02-06/173_RR220206A_1074C_2028-02.bmp,trajectory,,False,-28.83123,2.9930115
/content/quantum rheed codex/data/original data/Trajectories/2022-02-06/174_RR220206A_1074C_2030.bmp,trajectory,,False,-28.60714,3.1067545
/content/quantum rheed codex/data/original data/Trajectories/2022-02-06/175_RR220206A_1051C_2032.bmp,trajectory,,False,-28.786491,3.3925977
/content/quantum rheed codex/data/original data/Trajectories/2022-02-06/176_RR220206A_1051C_2034.bmp,trajectory,,False,-29.578989,3.3416548
/content/quantum rheed codex/data/original data/Trajectories/2022-02-06/177_RR220206A_1037C_2036.bmp,trajectory,,False,-29.865452,3.4190555
/content/quantum rheed codex/data/original data/Trajectories/2022-02-06/178_RR220206A_1037C_2038.bmp,trajectory,,False,-29.46207,3.3016713
/content/quantum rheed codex/data/original data/Trajectories/2022-02-06/179_RR220206A_1031C_2040.bmp,trajectory,,False,-30.180708,3.5087104
/content/quantum rheed codex/data/original data/Trajectories/2022-02-06/180_RR220206A_1031C_2041.bmp,trajectory,,False,-30.897343,3.7422879
/content/quantum rheed codex/data/original data/Trajectories/2022-02-06/181_RR220206A_1019C_2043.bmp,trajectory,,False,-30.64133,3.6651182
/content/quantum rheed codex/data/original data/Trajectories/2022-02-06/182_RR220206A_1012C_2044.bmp,trajectory,,False,-30.619326,3.696285
/content/quantum rheed codex/data/original data/Trajectories/2022-02-06/183_RR220206A_995C_2046.bmp,trajectory,,False,-32.09028,3.9428127
/content/quantum rheed codex/data/original data/Trajectories/2022-02-06/184_RR220206A_999C_2048.bmp,trajectory,,False,-31.232002,3.8634932
/content/quantum rheed codex/data/original data/Trajectories/2022-02-06/185_RR220206A_999C_2049.bmp,trajectory,,False,-31.532791,3.9123783
/content/quantum rheed codex/data/original data/Trajectories/2022-02-06/186_RR220206A_985C_2050.bmp,trajectory,,False,-31.940882,4.592326
/content/quantum rheed codex/data/original data/Trajectories/2022-02-06/187_RR220206A_985C_2051.bmp,trajectory,,False,-31.858372,4.1689897
/content/quantum rheed codex/data/original data/Trajectories/2022-02-06/188_RR220206A_971C_2053.bmp,trajectory,,False,-32.557102,4.389153
/content/quantum rheed codex/data/original data/Trajectories/2022-02-06/189_RR220206A_971C_2054-01.bmp,trajectory,,False,-32.16108,4.7485213
/content/quantum rheed codex/data/original data/Trajectories/2022-02-06/190_RR220206A_971C_2054-02.bmp,trajectory,,False,-31.87747,4.3668404
/content/quantum rheed codex/data/original data/Trajectories/2022-02-06/191_RR220206A_960C_2056.bmp,trajectory,,False,-32.701023,3.9636455
/content/quantum rheed codex/data/original data/Trajectories/2022-02-06/192_RR220206A_959C_2057.bmp,trajectory,,False,-32.36853,4.1017623
/content/quantum rheed codex/data/original data/Trajectories/2022-02-06/193_RR220206A_957C_2058.bmp,trajectory,,False,-32.95861,3.8913026
/content/quantum rheed codex/data/original data/Trajectories/2022-02-06/194_RR220206A_962C_2059.bmp,trajectory,,False,-32.529446,4.8401027
/content/quantum rheed codex/data/original data/Trajectories/2022-02-06/195_RR220206A_944C_2101.bmp,trajectory,,False,-33.397316,4.670493
/content/quantum rheed codex/data/original data/Trajectories/2022-02-06/196_RR220206A_945C_2102.bmp,trajectory,,False,-33.254875,4.3736067
/content/quantum rheed codex/data/original data/Trajectories/2022-02-06/197_RR220206A_944C_2104.bmp,trajectory,,False,-33.52627,4.682374
/content/quantum rheed codex/data/original data/Trajectories/2022-02-06/198_RR220206A_927C_2105.bmp,trajectory,,False,-33.59168,4.7280755
/content/quantum rheed codex/data/original data/Trajectories/2022-02-06/199_RR220206A_940C_2106.bmp,trajectory,,False,-35.08379,4.4498405
/content/quantum rheed codex/data/original data/Trajectories/2022-02-06/200_RR220206A_933C_2107.bmp,trajectory,,False,-34.0117,4.5347614
/content/quantum rheed codex/data/original data/Trajectories/2022-02-06/201_RR220206A_945C_2109.bmp,trajectory,,False,-32.687824,4.525276
/content/quantum rheed codex/data/original data/Trajectories/2022-02-06/202_RR220206A_934C_2109.bmp,trajectory,,False,-33.37326,3.8588023
/content/quantum rheed codex/data/original data/Trajectories/2022-02-06/203_RR220206A_876C_2110-01.bmp,trajectory,,False,-34.31373,5.084624
/content/quantum rheed codex/data/original data/Trajectories/2022-02-06/204_RR220206A_876C_2110-02.bmp,trajectory,,False,-34.72074,4.7472305
/content/quantum rheed codex/data/original data/Trajectories/2022-02-06/205_RR220206A_875C_2111.bmp,trajectory,,False,-36.394814,4.6118703
/content/quantum rheed codex/data/original data/Trajectories/2022-02-06/206_RR220206A_875C_2113.bmp,trajectory,,False,-35.580227,5.276868
/content/quantum rheed codex/data/original data/Trajectories/2022-02-06/207_RR220206A_875C_2114.bmp,trajectory,,False,-37.16574,4.706489
/content/quantum rheed codex/data/original data/Trajectories/2022-02-06/208_RR220206A_860C_2115.bmp,trajectory,,False,-35.420597,4.956393
/content/quantum rheed codex/data/original data/Trajectories/2022-02-06/209_RR220206A_860C_2116.bmp,trajectory,,False,-35.99609,4.956555
/content/quantum rheed codex/data/original data/Trajectories/2022-02-06/210_RR220206A_861C_2117.bmp,trajectory,,False,-35.764183,4.53128
/content/quantum rheed codex/data/original data/Trajectories/2022-02-06/211_RR220206A_848C_2119.bmp,trajectory,,False,-35.841473,5.1356454
/content/quantum rheed codex/data/original data/Trajectories/2022-02-06/212_RR220206A_849C_2120.bmp,trajectory,,False,-36.155815,5.145085
/content/quantum rheed codex/data/original data/Trajectories/2022-02-06/213_RR220206A_849C_2121.bmp,trajectory,,False,-37.126137,5.521878
/content/quantum rheed codex/data/original data/Trajectories/2022-02-06/214_RR220206A_834C_2122.bmp,trajectory,,False,-36.25411,6.2482247
/content/quantum rheed codex/data/original data/Trajectories/2022-02-06/215_RR220206A_835C_2123.bmp,trajectory,,False,-35.787426,6.010322
/content/quantum rheed codex/data/original data/Trajectories/2022-02-06/216_RR220206A_837C_2124.bmp,trajectory,,False,-36.557438,5.961901
/content/quantum rheed codex/data/original data/Trajectories/2022-02-06/217_RR220206A_823C_2125.bmp,trajectory,,False,-37.0668,6.082892
/content/quantum rheed codex/data/original data/Trajectories/2022-02-06/218_RR220206A_821C_2127.bmp,trajectory,,False,-35.92079,6.2251267
/content/quantum rheed codex/data/original data/Trajectories/2022-02-06/219_RR220206A_823C_2128.bmp,trajectory,,False,-36.749348,5.6189504
/content/quantum rheed codex/data/original data/Trajectories/2022-02-06/220_RR220206A_806C_2130.bmp,trajectory,,False,-37.722713,6.453398
/content/quantum rheed codex/data/original data/Trajectories/2022-02-06/221_RR220206A_805C_2131.bmp,trajectory,,False,-38.232937,5.8476458
/content/quantum rheed codex/data/original data/Trajectories/2022-02-06/222_RR220206A_805C_2132.bmp,trajectory,,False,-36.765015,6.0145836
/content/quantum rheed codex/data/original data/Trajectories/2022-02-06/223_RR220206A_792C_2134.bmp,trajectory,,False,-37.3582,5.9436064
/content/quantum rheed codex/data/original data/Trajectories/2022-02-06/224_RR220206A_793C_2135.bmp,trajectory,,False,-38.6707,5.9548364
/content/quantum rheed codex/data/original data/Trajectories/2022-02-06/225_RR220206A_794C_2136.bmp,trajectory,,False,-38.316307,6.625282
/content/quantum rheed codex/data/original data/Trajectories/2022-02-06/226_RR220206A_778C_2137.bmp,trajectory,,False,-38.041058,6.513422
/content/quantum rheed codex/data/original data/Trajectories/2022-02-06/227_RR220206A_781C_2138.bmp,trajectory,,False,-39.47621,5.9525356
/content/quantum rheed codex/data/original data/Trajectories/2022-02-06/228_RR220206A_779C_2139.bmp,trajectory,,False,-38.95497,6.6338453
/content/quantum rheed codex/data/original data/Trajectories/2022-02-06/229_RR220206A_766C_2141.bmp,trajectory,,False,-38.49586,6.8770013
/content/quantum rheed codex/data/original data/Trajectories/2022-02-06/230_RR220206A_767C_2143.bmp,trajectory,,False,-39.020973,7.010261
/content/quantum rheed codex/data/original data/Trajectories/2022-02-06/231_RR220206A_770C_2145.bmp,trajectory,,False,-39.009846,6.3683906
/content/quantum rheed codex/data/original data/Trajectories/2022-02-06/232_RR220206A_755C_2146.bmp,trajectory,,False,-39.61188,7.235625
/content/quantum rheed codex/data/original data/Trajectories/2022-02-06/233_RR220206A_754C_2147.bmp,trajectory,,False,-39.253872,7.384235
/content/quantum rheed codex/data/original data/Trajectories/2022-02-06/234_RR220206A_738C_2148.bmp,trajectory,,False,-40.180252,6.874131
/content/quantum rheed codex/data/original data/Trajectories/2022-02-06/235_RR220206A_739C_2149.bmp,trajectory,,False,-40.195644,7.5803776
/content/quantum rheed codex/data/original data/Trajectories/2022-02-06/236_RR220206A_724C_2151.bmp,trajectory,,False,-40.069347,7.555109
/content/quantum rheed codex/data/original data/Trajectories/2022-02-06/237_RR220206A_722C_2151.bmp,trajectory,,False,-40.469707,7.5170054
/content/quantum rheed codex/data/original data/Trajectories/2022-02-06/238_RR220206A_721C_2153.bmp,trajectory,,False,-40.22493,7.0375314
/content/quantum rheed codex/data/original data/Trajectories/2022-02-06/239_RR220206A_707C_2155.bmp,trajectory,,False,-40.799263,7.7719207
/content/quantum rheed codex/data/original data/Trajectories/2022-02-06/240_RR220206A_707C_2156.bmp,trajectory,,False,-40.401325,8.091725
/content/quantum rheed codex/data/original data/Trajectories/2022-02-06/241_RR220206A_692C_2157.bmp,trajectory,,False,-40.883484,8.211776
/content/quantum rheed codex/data/original data/Trajectories/2022-02-06/242_RR220206A_690C_2158.bmp,trajectory,,False,-41.019943,8.242878
/content/quantum rheed codex/data/original data/Trajectories/2022-02-06/243_RR220206A_675C_2200.bmp,trajectory,,False,-41.890854,8.927984
/content/quantum rheed codex/data/original data/Trajectories/2022-02-06/244_RR220206A_674C_2202.bmp,trajectory,,False,-42.273197,9.16816
/content/quantum rheed codex/data/original data/Trajectories/2022-02-06/245_RR220206A_674C_2203.bmp,trajectory,,False,-43.01184,9.66166
/content/quantum rheed codex/data/original data/Trajectories/2022-02-06/246_RR220206A_658C_2205.bmp,trajectory,,False,-43.442917,9.999162
/content/quantum rheed codex/data/original data/Trajectories/2022-02-06/247_RR220206A_657C_2207.bmp,trajectory,,False,-43.502438,10.082253
/content/quantum rheed codex/data/original data/Trajectories/2022-02-06/248_RR220206A_639C_2209.bmp,trajectory,,False,-44.870026,11.101056
/content/quantum rheed codex/data/original data/Trajectories/2022-02-06/249_RR220206A_638C_2210.bmp,trajectory,,False,-45.48555,11.571644
/content/quantum rheed codex/data/original data/Trajectories/2022-02-06/250_RR220206A_621C_2212.bmp,trajectory,,False,-46.25869,12.207756
/content/quantum rheed codex/data/original data/Trajectories/2022-02-06/251_RR220206A_619C_2214.bmp,trajectory,,False,-46.82654,12.343882
/content/quantum rheed codex/data/original data/Trajectories/2022-02-06/252_RR220206A_600C_2216.bmp,trajectory,,False,-46.189346,12.05346
/content/quantum rheed codex/data/original data/Trajectories/2022-02-06/253_RR220206A_599C_2217.bmp,trajectory,,False,-46.731915,13.508559
/content/quantum rheed codex/data/original data/Trajectories/2022-02-06/254_RR220206A_599C_2218.bmp,trajectory,,False,-46.66983,12.702014
/content/quantum rheed codex/data/original data/Trajectories/2022-02-06/255_RR220206A_581C_2220.bmp,trajectory,,False,-47.109703,12.577349
/content/quantum rheed codex/data/original data/Trajectories/2022-02-06/256_RR220206A_580C_2221.bmp,trajectory,,False,-47.82545,13.070972
/content/quantum rheed codex/data/original data/Trajectories/2022-02-06/257_RR220206A_581C_2222.bmp,trajectory,,False,-47.439163,13.155353
/content/quantum rheed codex/data/original data/Trajectories/2022-02-06/258_RR220206A_580C_2223.bmp,trajectory,,False,-46.807487,13.478172
/content/quantum rheed codex/data/original data/Trajectories/2022-02-06/259_RR220206A_561C_2225.bmp,trajectory,,False,-47.83965,13.566014
/content/quantum rheed codex/data/original data/Trajectories/2022-02-06/260_RR220206A_560C_2226.bmp,trajectory,,False,-47.385677,12.849178
/content/quantum rheed codex/data/original data/Trajectories/2022-02-06/261_RR220206A_540C_2227.bmp,trajectory,,False,-48.21802,13.465442
/content/quantum rheed codex/data/original data/Trajectories/2022-02-06/262_RR220206A_540C_2228.bmp,trajectory,,False,-47.863586,14.497976
/content/quantum rheed codex/data/original data/Trajectories/2022-02-06/263_RR220206A_520C_2229.bmp,trajectory,,False,-48.71912,13.78391
/content/quantum rheed codex/data/original data/Trajectories/2022-02-06/264_RR220206A_519C_2230.bmp,trajectory,,False,-47.11852,14.019673
/content/quantum rheed codex/data/original data/Trajectories/2022-02-06/265_RR220206A_498C_2232.bmp,trajectory,,False,-47.444366,14.294998
/content/quantum rheed codex/data/original data/Trajectories/2022-02-06/266_RR220206A_496C_2233.bmp,trajectory,,False,-48.418034,13.824278
/content/quantum rheed codex/data/original data/Trajectories/2022-02-06/267_RR220206A_495C_2235.bmp,trajectory,,False,-47.73985,13.808591
/content/quantum rheed codex/data/original data/Trajectories/2022-02-06/268_RR220206A_472C_2237.bmp,trajectory,,False,-48.730694,14.62481
/content/quantum rheed codex/data/original data/Trajectories/2022-02-06/269_RR220206A_471C_2238.bmp,trajectory,,False,-48.682175,14.317031
/content/quantum rheed codex/data/original data/Trajectories/2022-02-06/270_RR220206A_471C_2240.bmp,trajectory,,False,-48.288174,14.197577
/content/quantum rheed codex/data/original data/Trajectories/2022-02-06/271_RR220206A_425C_2242.bmp,trajectory,,False,-49.70228,14.616366
/content/quantum rheed codex/data/original data/Trajectories/2022-02-06/272_RR220206A_424C_2242.bmp,trajectory,,False,-49.558834,14.75671
/content/quantum rheed codex/data/original data/Trajectories/2022-02-06/273_RR220206A_423C_2243.bmp,trajectory,,False,-49.07525,14.150587
/content/quantum rheed codex/data/original data/Trajectories/2022-02-06/274_RR220206A_372C_2245.bmp,trajectory,,False,-49.595467,15.0872755
/content/quantum rheed codex/data/original data/Trajectories/2022-02-06/275_RR220206A_370C_2246.bmp,trajectory,,False,-49.837353,15.016271
/content/quantum rheed codex/data/original data/Trajectories/2022-02-06/276_RR220206A_368C_2247.bmp,trajectory,,False,-49.5497,14.47955
/content/quantum rheed codex/data/original data/Trajectories/2022-02-06/277_RR220206A_310C_2249.bmp,trajectory,,False,-49.830166,15.141905
/content/quantum rheed codex/data/original data/Trajectories/2022-02-06/278_RR220206A_308C_2250.bmp,trajectory,,False,-49.75065,15.328411
/content/quantum rheed codex/data/original data/Trajectories/2022-02-06/279_RR220206A_253C_2251.bmp,trajectory,,False,-50.51013,15.836685
/content/quantum rheed codex/data/original data/Trajectories/2022-02-06/280_RR220206A_244C_2253.bmp,trajectory,,False,-50.857063,15.213662
/content/quantum rheed codex/data/original data/Trajectories/2022-02-06/281_RR220206A_241C_2254.bmp,trajectory,,False,-50.69774,15.262428
/content/quantum rheed codex/data/original data/Trajectories/2022-02-06/282_RR220206A_184C_2256.bmp,trajectory,,False,-50.997272,15.867356
/content/quantum rheed codex/data/original data/Trajectories/2022-02-06/283_RR220206A_172C_2258.bmp,trajectory,,False,-50.61823,15.724557
/content/quantum rheed codex/data/original data/Trajectories/2022-02-06/284_RR220206A_168C_2259.bmp,trajectory,,False,-50.657154,15.481736
/content/quantum rheed codex/data/original data/Trajectories/2022-02-06/285_RR220206A_165C_2301.bmp,trajectory,,False,-51.031643,15.90879
/content/quantum rheed codex/data/original data/Trajectories/2022-02-06/286_RR220206A_165C_2302.bmp,trajectory,,False,-51.15429,15.75605
/content/quantum rheed codex/data/original data/Trajectories/2022-02-06/287_RR220206A_165C_2303.bmp,trajectory,,False,-51.20089,15.511853
/content/quantum rheed codex/data/original data/Trajectories/2022-04-11/001_RR220411A_180C_1417-01.bmp,trajectory,,False,-17.027084,-46.222736
/content/quantum rheed codex/data/original data/Trajectories/2022-04-11/002_RR220411A_180C_1417-02.bmp,trajectory,,False,-16.875109,-46.160378
/content/quantum rheed codex/data/original data/Trajectories/2022-04-11/003_RR220411A_184C_1419.bmp,trajectory,,False,-16.601435,-45.52295
/content/quantum rheed codex/data/original data/Trajectories/2022-04-11/004_RR220411A_186C_1420.bmp,trajectory,,False,-16.440832,-45.71701
/content/quantum rheed codex/data/original data/Trajectories/2022-04-11/005_RR220411A_189C_1420.bmp,trajectory,,False,-16.095497,-45.725437
/content/quantum rheed codex/data/original data/Trajectories/2022-04-11/006_RR220411A_188C_1420.bmp,trajectory,,False,-16.17443,-46.160202
/content/quantum rheed codex/data/original data/Trajectories/2022-04-11/007_RR220411A_190C_1421.bmp,trajectory,,False,-16.60824,-45.397472
/content/quantum rheed codex/data/original data/Trajectories/2022-04-11/008_RR220411A_193C_1422.bmp,trajectory,,False,-15.883302,-45.858
/content/quantum rheed codex/data/original data/Trajectories/2022-04-11/009_RR220411A_206C_1423.bmp,trajectory,,False,-15.534444,-45.59418
/content/quantum rheed codex/data/original data/Trajectories/2022-04-11/010_RR220411A_197C_1423.bmp,trajectory,,False,-15.8496275,-45.00851
/content/quantum rheed codex/data/original data/Trajectories/2022-04-11/011_RR220411A_219C_1424.bmp,trajectory,,False,-15.595017,-45.332012
/content/quantum rheed codex/data/original data/Trajectories/2022-04-11/012_RR220411A_211C_1424.bmp,trajectory,,False,-15.435367,-44.135754
/content/quantum rheed codex/data/original data/Trajectories/2022-04-11/013_RR220411A_223C_1424.bmp,trajectory,,False,-15.948069,-44.69152
/content/quantum rheed codex/data/original data/Trajectories/2022-04-11/014_RR220411A_228C_1425.bmp,trajectory,,False,-15.167873,-45.25769
/content/quantum rheed codex/data/original data/Trajectories/2022-04-11/015_RR220411A_232C_1426.bmp,trajectory,,False,-14.819038,-44.54944
/content/quantum rheed codex/data/original data/Trajectories/2022-04-11/016_RR220411A_235C_1426.bmp,trajectory,,False,-14.7421,-45.046753
/content/quantum rheed codex/data/original data/Trajectories/2022-04-11/017_RR220411A_238C_1427.bmp,trajectory,,False,-14.715659,-43.642487
/content/quantum rheed codex/data/original data/Trajectories/2022-04-11/018_RR220411A_241C_1428.bmp,trajectory,,False,-14.967541,-43.960896
/content/quantum rheed codex/data/original data/Trajectories/2022-04-11/019_RR220411A_247C_1429.bmp,trajectory,,False,-14.666226,-44.35433
/content/quantum rheed codex/data/original data/Trajectories/2022-04-11/020_RR220411A_256C_1429.bmp,trajectory,,False,-14.799143,-43.224064
/content/quantum rheed codex/data/original data/Trajectories/2022-04-11/021_RR220411A_260C_1430.bmp,trajectory,,False,-15.208704,-43.200947
/content/quantum rheed codex/data/original data/Trajectories/2022-04-11/022_RR220411A_265C_1431.bmp,trajectory,,False,-14.264688,-44.11897
/content/quantum rheed codex/data/original data/Trajectories/2022-04-11/023_RR220411A_267C_1432.bmp,trajectory,,False,-14.001077,-43.152084
/content/quantum rheed codex/data/original data/Trajectories/2022-04-11/024_RR220411A_267C_1433.bmp,trajectory,,False,-14.189398,-43.065445
/content/quantum rheed codex/data/original data/Trajectories/2022-04-11/025_RR220411A_271C_1434.bmp,trajectory,,False,-14.768551,-42.212036
/content/quantum rheed codex/data/original data/Trajectories/2022-04-11/026_RR220411A_282C_1434.bmp,trajectory,,False,-14.214267,-43.846466
/content/quantum rheed codex/data/original data/Trajectories/2022-04-11/027_RR220411A_287C_1435.bmp,trajectory,,False,-14.541389,-43.05679
/content/quantum rheed codex/data/original data/Trajectories/2022-04-11/028_RR220411A_291C_1436.bmp,trajectory,,False,-13.679739,-43.358845
/content/quantum rheed codex/data/original data/Trajectories/2022-04-11/029_RR220411A_292C_1437.bmp,trajectory,,False,-14.270029,-42.076447
/content/quantum rheed codex/data/original data/Trajectories/2022-04-11/030_RR220411A_291C_1437.bmp,trajectory,,False,-13.707546,-43.38625
/content/quantum rheed codex/data/original data/Trajectories/2022-04-11/031_RR220411A_296C_1438.bmp,trajectory,,False,-11.900849,-42.3255
/content/quantum rheed codex/data/original data/Trajectories/2022-04-11/032_RR220411A_309C_1439.bmp,trajectory,,False,-12.826065,-43.23101
/content/quantum rheed codex/data/original data/Trajectories/2022-04-11/033_RR220411A_310C_1440.bmp,trajectory,,False,-13.840545,-42.18804
/content/quantum rheed codex/data/original data/Trajectories/2022-04-11/034_RR220411A_311C_1441.bmp,trajectory,,False,-12.672405,-41.068165
/content/quantum rheed codex/data/original data/Trajectories/2022-04-11/035_RR220411A_314C_1442.bmp,trajectory,,False,-12.2072525,-42.725586
/content/quantum rheed codex/data/original data/Trajectories/2022-04-11/036_RR220411A_313C_1443.bmp,trajectory,,False,-12.3364525,-42.52411
/content/quantum rheed codex/data/original data/Trajectories/2022-04-11/037_RR220411A_312C_1444.bmp,trajectory,,False,-11.891752,-41.425323
/content/quantum rheed codex/data/original data/Trajectories/2022-04-11/038_RR220411A_314C_1445.bmp,trajectory,,False,-13.726803,-41.376305
/content/quantum rheed codex/data/original data/Trajectories/2022-04-11/039_RR220411A_325C_1446.bmp,trajectory,,False,-12.6320095,-42.418056
/content/quantum rheed codex/data/original data/Trajectories/2022-04-11/040_RR220411A_329C_1446.bmp,trajectory,,False,-11.984857,-40.871243
/content/quantum rheed codex/data/original data/Trajectories/2022-04-11/041_RR220411A_330C_1447.bmp,trajectory,,False,-10.985523,-41.251225
/content/quantum rheed codex/data/original data/Trajectories/2022-04-11/042_RR220411A_331C_1448.bmp,trajectory,,False,-12.304421,-42.10902
/content/quantum rheed codex/data/original data/Trajectories/2022-04-11/043_RR220411A_345C_1450.bmp,trajectory,,False,-12.527926,-41.066578
/content/quantum rheed codex/data/original data/Trajectories/2022-04-11/044_RR220411A_348C_1450.bmp,trajectory,,False,-11.073056,-41.414215
/content/quantum rheed codex/data/original data/Trajectories/2022-04-11/045_RR220411A_348C_1451.bmp,trajectory,,False,-11.431808,-40.446404
/content/quantum rheed codex/data/original data/Trajectories/2022-04-11/046_RR220411A_349C_1453.bmp,trajectory,,False,-11.180795,-41.28738
/content/quantum rheed codex/data/original data/Trajectories/2022-04-11/047_RR220411A_350C_1454.bmp,trajectory,,False,-10.876376,-40.895695
/content/quantum rheed codex/data/original data/Trajectories/2022-04-11/048_RR220411A_359C_1455.bmp,trajectory,,False,-11.141236,-40.626244
/content/quantum rheed codex/data/original data/Trajectories/2022-04-11/049_RR220411A_368C_1457.bmp,trajectory,,False,-10.839664,-40.350086
/content/quantum rheed codex/data/original data/Trajectories/2022-04-11/050_RR220411A_370C_1458.bmp,trajectory,,False,-10.037219,-40.316116
/content/quantum rheed codex/data/original data/Trajectories/2022-04-11/051_RR220411A_370C_1500.bmp,trajectory,,False,-9.926688,-39.885918
/content/quantum rheed codex/data/original data/Trajectories/2022-04-11/052_RR220411A_380C_1502.bmp,trajectory,,False,-8.762659,-39.040043
/content/quantum rheed codex/data/original data/Trajectories/2022-04-11/053_RR220411A_374C_1502.bmp,trajectory,,False,-9.789925,-39.724392
/content/quantum rheed codex/data/original data/Trajectories/2022-04-11/054_RR220411A_385C_1503.bmp,trajectory,,False,-9.132351,-38.71878
/content/quantum rheed codex/data/original data/Trajectories/2022-04-11/055_RR220411A_386C_1504.bmp,trajectory,,False,-9.688961,-39.523403
/content/quantum rheed codex/data/original data/Trajectories/2022-04-11/056_RR220411A_389C_1505.bmp,trajectory,,False,-9.270854,-38.72339
/content/quantum rheed codex/data/original data/Trajectories/2022-04-11/057_RR220411A_389C_1506-01.bmp,trajectory,,False,-8.978054,-39.250088
/content/quantum rheed codex/data/original data/Trajectories/2022-04-11/058_RR220411A_389C_1506-02.bmp,trajectory,,False,-8.067902,-38.28492
/content/quantum rheed codex/data/original data/Trajectories/2022-04-11/059_RR220411A_394C_1507.bmp,trajectory,,False,-8.356371,-38.492943
/content/quantum rheed codex/data/original data/Trajectories/2022-04-11/060_RR220411A_400C_1508.bmp,trajectory,,False,-8.62759,-37.971207
/content/quantum rheed codex/data/original data/Trajectories/2022-04-11/061_RR220411A_399C_1508.bmp,trajectory,,False,-8.073126,-38.60931
/content/quantum rheed codex/data/original data/Trajectories/2022-04-11/062_RR220411A_402C_1509.bmp,trajectory,,False,-7.778535,-38.798466
/content/quantum rheed codex/data/original data/Trajectories/2022-04-11/063_RR220411A_402C_1510.bmp,trajectory,,False,-7.864227,-38.49876
/content/quantum rheed codex/data/original data/Trajectories/2022-04-11/064_RR220411A_413C_1511.bmp,trajectory,,False,-8.213147,-37.79247
/content/quantum rheed codex/data/original data/Trajectories/2022-04-11/065_RR220411A_414C_1512.bmp,trajectory,,False,-8.053585,-38.61795
/content/quantum rheed codex/data/original data/Trajectories/2022-04-11/066_RR220411A_416C_1513-01.bmp,trajectory,,False,-7.505497,-37.45261
/content/quantum rheed codex/data/original data/Trajectories/2022-04-11/067_RR220411A_416C_1513-02.bmp,trajectory,,False,-5.8956375,-37.484024
/content/quantum rheed codex/data/original data/Trajectories/2022-04-11/068_RR220411A_424C_1514.bmp,trajectory,,False,-7.21695,-37.701305
/content/quantum rheed codex/data/original data/Trajectories/2022-04-11/069_RR220411A_428C_1515.bmp,trajectory,,False,-6.893389,-37.997055
/content/quantum rheed codex/data/original data/Trajectories/2022-04-11/070_RR220411A_427C_1515.bmp,trajectory,,False,-7.203803,-37.028446
/content/quantum rheed codex/data/original data/Trajectories/2022-04-11/071_RR220411A_430C_1516.bmp,trajectory,,False,-6.643015,-36.92012
/content/quantum rheed codex/data/original data/Trajectories/2022-04-11/072_RR220411A_429C_1516.bmp,trajectory,,False,-7.4528923,-37.661747
/content/quantum rheed codex/data/original data/Trajectories/2022-04-11/073_RR220411A_435C_1518.bmp,trajectory,,False,-7.1268954,-36.359276
/content/quantum rheed codex/data/original data/Trajectories/2022-04-11/074_RR220411A_431C_1518.bmp,trajectory,,False,-6.6676426,-37.033375
/content/quantum rheed codex/data/original data/Trajectories/2022-04-11/075_RR220411A_440C_1519.bmp,trajectory,,False,-7.21988,-36.743626
/content/quantum rheed codex/data/original data/Trajectories/2022-04-11/076_RR220411A_442C_1520.bmp,trajectory,,False,-6.0521727,-36.668884
/content/quantum rheed codex/data/original data/Trajectories/2022-04-11/077_RR220411A_441C_1520.bmp,trajectory,,False,-6.177871,-36.683937
/content/quantum rheed codex/data/original data/Trajectories/2022-04-11/078_RR220411A_443C_1521.bmp,trajectory,,False,-5.317965,-35.746475
/content/quantum rheed codex/data/original data/Trajectories/2022-04-11/079_RR220411A_445C_1522.bmp,trajectory,,False,-4.9429607,-35.41466
/content/quantum rheed codex/data/original data/Trajectories/2022-04-11/080_RR220411A_451C_1523.bmp,trajectory,,False,-5.8207273,-35.898098
/content/quantum rheed codex/data/original data/Trajectories/2022-04-11/081_RR220411A_453C_1523.bmp,trajectory,,False,-5.3186216,-35.38312
/content/quantum rheed codex/data/original data/Trajectories/2022-04-11/082_RR220411A_454C_1523.bmp,trajectory,,False,-5.309532,-35.045975
/content/quantum rheed codex/data/original data/Trajectories/2022-04-11/083_RR220411A_455C_1524.bmp,trajectory,,False,-5.973788,-35.72134
/content/quantum rheed codex/data/original data/Trajectories/2022-04-11/084_RR220411A_456C_1525.bmp,trajectory,,False,-4.48711,-34.912174
/content/quantum rheed codex/data/original data/Trajectories/2022-04-11/085_RR220411A_456C_1526.bmp,trajectory,,False,-4.498005,-34.831882
/content/quantum rheed codex/data/original data/Trajectories/2022-04-11/086_RR220411A_465C_1527.bmp,trajectory,,False,-4.5693607,-34.37819
/content/quantum rheed codex/data/original data/Trajectories/2022-04-11/087_RR220411A_466C_1527.bmp,trajectory,,False,-5.0840774,-34.834282
/content/quantum rheed codex/data/original data/Trajectories/2022-04-11/088_RR220411A_459C_1527.bmp,trajectory,,False,-5.388148,-35.14705
/content/quantum rheed codex/data/original data/Trajectories/2022-04-11/089_RR220411A_467C_1528.bmp,trajectory,,False,-4.2807326,-34.337967
/content/quantum rheed codex/data/original data/Trajectories/2022-04-11/090_RR220411A_468C_1529.bmp,trajectory,,False,-5.079733,-34.246292
/content/quantum rheed codex/data/original data/Trajectories/2022-04-11/091_RR220411A_480C_1531.bmp,trajectory,,False,-4.1397314,-34.089394
/content/quantum rheed codex/data/original data/Trajectories/2022-04-11/092_RR220411A_483C_1531.bmp,trajectory,,False,-3.7249432,-33.462444
/content/quantum rheed codex/data/original data/Trajectories/2022-04-11/093_RR220411A_482C_1531.bmp,trajectory,,False,-3.8420727,-33.63057
/content/quantum rheed codex/data/original data/Trajectories/2022-04-11/094_RR220411A_484C_1532.bmp,trajectory,,False,-3.963861,-33.670044
/content/quantum rheed codex/data/original data/Trajectories/2022-04-11/095_RR220411A_485C_1533.bmp,trajectory,,False,-4.2125263,-33.23494
/content/quantum rheed codex/data/original data/Trajectories/2022-04-11/096_RR220411A_486C_1535.bmp,trajectory,,False,-3.1877017,-32.997753
/content/quantum rheed codex/data/original data/Trajectories/2022-04-11/097_RR220411A_491C_1536.bmp,trajectory,,False,-3.1917505,-32.36435
/content/quantum rheed codex/data/original data/Trajectories/2022-04-11/098_RR220411A_488C_1536.bmp,trajectory,,False,-3.4461539,-32.659657
/content/quantum rheed codex/data/original data/Trajectories/2022-04-11/099_RR220411A_490C_1536.bmp,trajectory,,False,-3.578501,-33.260742
/content/quantum rheed codex/data/original data/Trajectories/2022-04-11/100_RR220411A_492C_1537.bmp,trajectory,,False,-2.5754774,-32.19109
/content/quantum rheed codex/data/original data/Trajectories/2022-04-11/101_RR220411A_493C_1539.bmp,trajectory,,False,-2.5166776,-31.914686
/content/quantum rheed codex/data/original data/Trajectories/2022-04-11/102_RR220411A_502C_1540.bmp,trajectory,,False,-2.7505205,-32.07593
/content/quantum rheed codex/data/original data/Trajectories/2022-04-11/103_RR220411A_496C_1540.bmp,trajectory,,False,-3.0394375,-31.783445
/content/quantum rheed codex/data/original data/Trajectories/2022-04-11/104_RR220411A_501C_1540.bmp,trajectory,,False,-3.0388436,-32.270935
/content/quantum rheed codex/data/original data/Trajectories/2022-04-11/105_RR220411A_503C_1541.bmp,trajectory,,False,-2.0456867,-31.346409
/content/quantum rheed codex/data/original data/Trajectories/2022-04-11/106_RR220411A_504C_1542.bmp,trajectory,,False,-2.5631466,-31.181696
/content/quantum rheed codex/data/original data/Trajectories/2022-04-11/107_RR220411A_513C_1543.bmp,trajectory,,False,-2.1880043,-31.465446
/content/quantum rheed codex/data/original data/Trajectories/2022-04-11/108_RR220411A_507C_1543.bmp,trajectory,,False,-2.5017667,-31.567345
/content/quantum rheed codex/data/original data/Trajectories/2022-04-11/109_RR220411A_522C_1544.bmp,trajectory,,False,-2.3772087,-31.026987
/content/quantum rheed codex/data/original data/Trajectories/2022-04-11/110_RR220411A_537C_1546.bmp,trajectory,,False,-1.6623528,-30.169413
/content/quantum rheed codex/data/original data/Trajectories/2022-04-11/111_RR220411A_536C_1546.bmp,trajectory,,False,-2.0601761,-30.94423
/content/quantum rheed codex/data/original data/Trajectories/2022-04-11/112_RR220411A_538C_1547.bmp,trajectory,,False,-2.1219456,-30.787119
/content/quantum rheed codex/data/original data/Trajectories/2022-04-11/113_RR220411A_539C_1548.bmp,trajectory,,False,-1.2494944,-29.511436
/content/quantum rheed codex/data/original data/Trajectories/2022-04-11/114_RR220411A_543C_1549.bmp,trajectory,,False,-1.6185405,-30.344378
/content/quantum rheed codex/data/original data/Trajectories/2022-04-11/115_RR220411A_544C_1549.bmp,trajectory,,False,-1.4163888,-28.661438
/content/quantum rheed codex/data/original data/Trajectories/2022-04-11/116_RR220411A_545C_1550.bmp,trajectory,,False,-1.3305273,-29.657087
/content/quantum rheed codex/data/original data/Trajectories/2022-04-11/117_RR220411A_546C_1551.bmp,trajectory,,False,-0.9369274,-29.737566
/content/quantum rheed codex/data/original data/Trajectories/2022-04-11/118_RR220411A_549C_1552.bmp,trajectory,,False,-0.61620456,-28.678024
/content/quantum rheed codex/data/original data/Trajectories/2022-04-11/119_RR220411A_554C_1553.bmp,trajectory,,False,-0.8164921,-29.046658
/content/quantum rheed codex/data/original data/Trajectories/2022-04-11/120_RR220411A_555C_1553.bmp,trajectory,,False,-0.48113003,-28.266474
/content/quantum rheed codex/data/original data/Trajectories/2022-04-11/121_RR220411A_559C_1554.bmp,trajectory,,False,-0.71656984,-28.16518
/content/quantum rheed codex/data/original data/Trajectories/2022-04-11/122_RR220411A_565C_1554.bmp,trajectory,,False,-0.75662357,-28.19325
/content/quantum rheed codex/data/original data/Trajectories/2022-04-11/123_RR220411A_566C_1555.bmp,trajectory,,False,-0.8676828,-28.748293
/content/quantum rheed codex/data/original data/Trajectories/2022-04-11/124_RR220411A_575C_1557.bmp,trajectory,,False,-0.40485188,-28.184874
/content/quantum rheed codex/data/original data/Trajectories/2022-04-11/125_RR220411A_576C_1558.bmp,trajectory,,False,-0.3315913,-27.112648
/content/quantum rheed codex/data/original data/Trajectories/2022-04-11/126_RR220411A_585C_1600.bmp,trajectory,,False,0.009669594,-27.715576
/content/quantum rheed codex/data/original data/Trajectories/2022-04-11/127_RR220411A_589C_1600.bmp,trajectory,,False,-0.2532527,-27.700937
/content/quantum rheed codex/data/original data/Trajectories/2022-04-11/128_RR220411A_595C_1601.bmp,trajectory,,False,0.52299225,-26.952457
/content/quantum rheed codex/data/original data/Trajectories/2022-04-11/129_RR220411A_590C_1601.bmp,trajectory,,False,0.5229936,-26.952408
/content/quantum rheed codex/data/original data/Trajectories/2022-04-11/130_RR220411A_596C_1602.bmp,trajectory,,False,-0.18548755,-27.176943
/content/quantum rheed codex/data/original data/Trajectories/2022-04-11/131_RR220411A_606C_1603.bmp,trajectory,,False,0.029695772,-26.452993
/content/quantum rheed codex/data/original data/Trajectories/2022-04-11/132_RR220411A_600C_1603.bmp,trajectory,,False,-0.08239721,-26.613342
/content/quantum rheed codex/data/original data/Trajectories/2022-04-11/133_RR220411A_615C_1605.bmp,trajectory,,False,0.29388303,-26.18939
/content/quantum rheed codex/data/original data/Trajectories/2022-04-11/134_RR220411A_617C_1606.bmp,trajectory,,False,0.3732405,-26.289776
/content/quantum rheed codex/data/original data/Trajectories/2022-04-11/135_RR220411A_624C_1608.bmp,trajectory,,False,0.5441145,-25.574469
/content/quantum rheed codex/data/original data/Trajectories/2022-04-11/136_RR220411A_625C_1608.bmp,trajectory,,False,0.4958208,-25.954397
/content/quantum rheed codex/data/original data/Trajectories/2022-04-11/137_RR220411A_633C_1609.bmp,trajectory,,False,0.4483549,-25.986052
/content/quantum rheed codex/data/original data/Trajectories/2022-04-11/138_RR220411A_635C_1610.bmp,trajectory,,False,0.80044854,-25.139088
/content/quantum rheed codex/data/original data/Trajectories/2022-04-11/139_RR220411A_645C_1611.bmp,trajectory,,False,0.6473232,-24.655571
/content/quantum rheed codex/data/original data/Trajectories/2022-04-11/140_RR220411A_647C_1612.bmp,trajectory,,False,1.1151562,-25.204906
/content/quantum rheed codex/data/original data/Trajectories/2022-04-11/141_RR220411A_656C_1613.bmp,trajectory,,False,0.5071965,-24.797192
/content/quantum rheed codex/data/original data/Trajectories/2022-04-11/142_RR220411A_648C_1613.bmp,trajectory,,False,0.9834441,-24.49175
/content/quantum rheed codex/data/original data/Trajectories/2022-04-11/143_RR220411A_660C_1614.bmp,trajectory,,False,1.3816595,-24.212399
/content/quantum rheed codex/data/original data/Trajectories/2022-04-11/144_RR220411A_662C_1615.bmp,trajectory,,False,0.6966767,-24.693983
/content/quantum rheed codex/data/original data/Trajectories/2022-04-11/145_RR220411A_670C_1616.bmp,trajectory,,False,0.73242706,-23.65186
/content/quantum rheed codex/data/original data/Trajectories/2022-04-11/146_RR220411A_662C_1616.bmp,trajectory,,False,1.2468318,-23.239367
/content/quantum rheed codex/data/original data/Trajectories/2022-04-11/147_RR220411A_671C_1617.bmp,trajectory,,False,1.1908864,-23.75867
/content/quantum rheed codex/data/original data/Trajectories/2022-04-11/148_RR220411A_672C_1618.bmp,trajectory,,False,1.9225252,-23.497435
/content/quantum rheed codex/data/original data/Trajectories/2022-04-11/149_RR220411A_676C_1619.bmp,trajectory,,False,2.1299946,-22.861992
/content/quantum rheed codex/data/original data/Trajectories/2022-04-11/150_RR220411A_681C_1619.bmp,trajectory,,False,2.269202,-22.643661
/content/quantum rheed codex/data/original data/Trajectories/2022-04-11/151_RR220411A_682C_1621.bmp,trajectory,,False,1.4168247,-22.518354
/content/quantum rheed codex/data/original data/Trajectories/2022-04-11/152_RR220411A_690C_1623-01.bmp,trajectory,,False,2.4230578,-22.101042
/content/quantum rheed codex/data/original data/Trajectories/2022-04-11/153_RR220411A_690C_1623-02.bmp,trajectory,,False,1.5842957,-22.424177
/content/quantum rheed codex/data/original data/Trajectories/2022-04-11/154_RR220411A_696C_1624.bmp,trajectory,,False,1.3103774,-21.840357
/content/quantum rheed codex/data/original data/Trajectories/2022-04-11/155_RR220411A_698C_1625.bmp,trajectory,,False,1.0341821,-21.875885
/content/quantum rheed codex/data/original data/Trajectories/2022-04-11/156_RR220411A_699C_1628.bmp,trajectory,,False,2.2366009,-21.658554
/content/quantum rheed codex/data/original data/Trajectories/2022-04-11/157_RR220411A_700C_1628.bmp,trajectory,,False,1.4036274,-22.058641
/content/quantum rheed codex/data/original data/Trajectories/2022-04-11/158_RR220411A_708C_1629.bmp,trajectory,,False,2.038554,-21.52941
/content/quantum rheed codex/data/original data/Trajectories/2022-04-11/159_RR220411A_708C_1630.bmp,trajectory,,False,1.3342918,-21.200953
/content/quantum rheed codex/data/original data/Trajectories/2022-04-11/160_RR220411A_708C_1631.bmp,trajectory,,False,1.6279795,-20.92335
/content/quantum rheed codex/data/original data/Trajectories/2022-04-11/161_RR220411A_715C_1632.bmp,trajectory,,False,2.2344725,-21.455309
/content/quantum rheed codex/data/original data/Trajectories/2022-04-11/162_RR220411A_716C_1633.bmp,trajectory,,False,1.7347823,-21.261444
/content/quantum rheed codex/data/original data/Trajectories/2022-04-11/163_RR220411A_715C_1634.bmp,trajectory,,False,2.454334,-20.984055
/content/quantum rheed codex/data/original data/Trajectories/2022-04-11/164_RR220411A_724C_1635.bmp,trajectory,,False,1.3543389,-20.57847
/content/quantum rheed codex/data/original data/Trajectories/2022-04-11/165_RR220411A_724C_1636.bmp,trajectory,,False,2.3436546,-20.675943
/content/quantum rheed codex/data/original data/Trajectories/2022-04-11/166_RR220411A_733C_1637.bmp,trajectory,,False,1.7610105,-20.478294
/content/quantum rheed codex/data/original data/Trajectories/2022-04-11/167_RR220411A_734C_1638.bmp,trajectory,,False,2.2346556,-20.511106
/content/quantum rheed codex/data/original data/Trajectories/2022-04-11/168_RR220411A_742C_1639.bmp,trajectory,,False,2.6470056,-20.153122
/content/quantum rheed codex/data/original data/Trajectories/2022-04-11/169_RR220411A_743C_1639.bmp,trajectory,,False,1.4627556,-20.001356
/content/quantum rheed codex/data/original data/Trajectories/2022-04-11/170_RR220411A_744C_1640.bmp,trajectory,,False,2.334779,-19.904903
/content/quantum rheed codex/data/original data/Trajectories/2022-04-11/171_RR220411A_746C_1641.bmp,trajectory,,False,1.881269,-20.10658
/content/quantum rheed codex/data/original data/Trajectories/2022-04-11/172_RR220411A_751C_1642.bmp,trajectory,,False,2.3851547,-19.278797
/content/quantum rheed codex/data/original data/Trajectories/2022-04-11/173_RR220411A_755C_1643.bmp,trajectory,,False,1.7727445,-19.808798
/content/quantum rheed codex/data/original data/Trajectories/2022-04-11/174_RR220411A_757C_1644.bmp,trajectory,,False,1.9413772,-19.060848
/content/quantum rheed codex/data/original data/Trajectories/2022-04-11/175_RR220411A_765C_1645.bmp,trajectory,,False,2.128544,-19.338718
/content/quantum rheed codex/data/original data/Trajectories/2022-04-11/176_RR220411A_769C_1647.bmp,trajectory,,False,2.197369,-18.49987
/content/quantum rheed codex/data/original data/Trajectories/2022-04-11/177_RR220411A_771C_1648.bmp,trajectory,,False,2.106351,-18.672523
/content/quantum rheed codex/data/original data/Trajectories/2022-04-11/178_RR220411A_774C_1649.bmp,trajectory,,False,2.0607429,-17.918072
/content/quantum rheed codex/data/original data/Trajectories/2022-04-11/179_RR220411A_776C_1650.bmp,trajectory,,False,2.1191506,-18.194237
/content/quantum rheed codex/data/original data/Trajectories/2022-04-11/180_RR220411A_778C_1652.bmp,trajectory,,False,2.0664394,-17.862316
/content/quantum rheed codex/data/original data/Trajectories/2022-04-11/181_RR220411A_786C_1653.bmp,trajectory,,False,2.0218728,-17.476816
/content/quantum rheed codex/data/original data/Trajectories/2022-04-11/182_RR220411A_787C_1654.bmp,trajectory,,False,2.1466105,-17.336164
/content/quantum rheed codex/data/original data/Trajectories/2022-04-11/183_RR220411A_794C_1655.bmp,trajectory,,False,2.125847,-16.900265
/content/quantum rheed codex/data/original data/Trajectories/2022-04-11/184_RR220411A_795C_1656.bmp,trajectory,,False,2.0457115,-17.035954
/content/quantum rheed codex/data/original data/Trajectories/2022-04-11/185_RR220411A_796C_1657.bmp,trajectory,,False,1.9985563,-16.568863
/content/quantum rheed codex/data/original data/Trajectories/2022-04-11/186_RR220411A_805C_1658.bmp,trajectory,,False,1.9887444,-16.49132
/content/quantum rheed codex/data/original data/Trajectories/2022-04-11/187_RR220411A_804C_1659.bmp,trajectory,,False,1.9598823,-16.012817
/content/quantum rheed codex/data/original data/Trajectories/2022-04-11/188_RR220411A_813C_1700.bmp,trajectory,,False,1.982772,-16.269773
/content/quantum rheed codex/data/original data/Trajectories/2022-04-11/189_RR220411A_822C_1703.bmp,trajectory,,False,1.8486098,-15.097424
/content/quantum rheed codex/data/original data/Trajectories/2022-04-11/190_RR220411A_813C_1703.bmp,trajectory,,False,1.8939924,-15.437831
/content/quantum rheed codex/data/original data/Trajectories/2022-04-11/191_RR220411A_821C_1704.bmp,trajectory,,False,1.7836052,-14.591787
/content/quantum rheed codex/data/original data/Trajectories/2022-04-11/192_RR220411A_829C_1705.bmp,trajectory,,False,1.7518246,-14.347296
/content/quantum rheed codex/data/original data/Trajectories/2022-04-11/193_RR220411A_829C_1706.bmp,trajectory,,False,1.6711185,-13.755968
/content/quantum rheed codex/data/original data/Trajectories/2022-04-11/194_RR220411A_837C_1707.bmp,trajectory,,False,1.6412057,-13.538862
/content/quantum rheed codex/data/original data/Trajectories/2022-04-11/195_RR220411A_836C_1708.bmp,trajectory,,False,1.6038768,-13.291781
/content/quantum rheed codex/data/original data/Trajectories/2022-04-11/196_RR220411A_844C_1709-01.bmp,trajectory,,False,1.5501264,-12.943828
/content/quantum rheed codex/data/original data/Trajectories/2022-04-11/197_RR220411A_844C_1709-02.bmp,trajectory,,False,1.5184473,-12.727622
/content/quantum rheed codex/data/original data/Trajectories/2022-04-11/198_RR220411A_843C_1710.bmp,trajectory,,False,1.4503207,-12.380892
/content/quantum rheed codex/data/original data/Trajectories/2022-04-11/199_RR220411A_844C_1710-01.bmp,trajectory,,False,1.5184497,-12.732567
/content/quantum rheed codex/data/original data/Trajectories/2022-04-11/200_RR220411A_844C_1710-02.bmp,trajectory,,False,1.4653283,-12.445855
/content/quantum rheed codex/data/original data/Trajectories/2022-04-11/201_RR220411A_843C_1711-01.bmp,trajectory,,False,1.4425453,-12.21248
/content/quantum rheed codex/data/original data/Trajectories/2022-04-11/202_RR220411A_843C_1711-02.bmp,trajectory,,False,1.3977208,-11.982984
/content/quantum rheed codex/data/original data/Trajectories/2022-04-11/203_RR220411A_843C_1711-03.bmp,trajectory,,False,1.2775788,-11.799227
/content/quantum rheed codex/data/original data/Trajectories/2022-04-11/204_RR220411A_851C_1712.bmp,trajectory,,False,1.3754721,-11.786398
/content/quantum rheed codex/data/original data/Trajectories/2022-04-11/205_RR220411A_850C_1712-01.bmp,trajectory,,False,1.2904525,-11.481965
/content/quantum rheed codex/data/original data/Trajectories/2022-04-11/206_RR220411A_850C_1712-02.bmp,trajectory,,False,1.243296,-11.351638
/content/quantum rheed codex/data/original data/Trajectories/2022-04-11/207_RR220411A_850C_1713-01.bmp,trajectory,,False,1.2292728,-11.26919
/content/quantum rheed codex/data/original data/Trajectories/2022-04-11/208_RR220411A_850C_1713-02.bmp,trajectory,,False,1.1573591,-10.921737
/content/quantum rheed codex/data/original data/Trajectories/2022-04-11/209_RR220411A_850C_1714-01.bmp,trajectory,,False,1.0864649,-10.649202
/content/quantum rheed codex/data/original data/Trajectories/2022-04-11/210_RR220411A_850C_1714-02.bmp,trajectory,,False,1.0705405,-10.54301
/content/quantum rheed codex/data/original data/Trajectories/2022-04-11/211_RR220411A_850C_1714-03.bmp,trajectory,,False,0.9873063,-10.197382
/content/quantum rheed codex/data/original data/Trajectories/2022-04-11/212_RR220411A_859C_1715.bmp,trajectory,,False,0.9209527,-9.910886
/content/quantum rheed codex/data/original data/Trajectories/2022-04-11/213_RR220411A_857C_1715.bmp,trajectory,,False,0.8341828,-9.545046
/content/quantum rheed codex/data/original data/Trajectories/2022-04-11/214_RR220411A_857C_1717-01.bmp,trajectory,,False,0.4692028,-7.913736
/content/quantum rheed codex/data/original data/Trajectories/2022-04-11/215_RR220411A_857C_1717-02.bmp,trajectory,,False,0.44081005,-7.832363
/content/quantum rheed codex/data/original data/Trajectories/2022-04-11/216_RR220411A_857C_1717-03.bmp,trajectory,,False,0.38871983,-7.599839
/content/quantum rheed codex/data/original data/Trajectories/2022-04-11/217_RR220411A_857C_1718.bmp,trajectory,,False,0.32581523,-7.257092
/content/quantum rheed codex/data/original data/Trajectories/2022-04-11/218_RR220411A_858C_1719.bmp,trajectory,,False,0.30521294,-7.067507
/content/quantum rheed codex/data/original data/Trajectories/2022-04-11/219_RR220411A_865C_1720.bmp,trajectory,,False,0.14412649,-6.715005
/content/quantum rheed codex/data/original data/Trajectories/2022-04-11/220_RR220411A_865C_1721.bmp,trajectory,,False,0.19232629,-6.6473155
/content/quantum rheed codex/data/original data/Trajectories/2022-04-11/221_RR220411A_864C_1721-01.bmp,trajectory,,False,0.33157292,-6.5073366
/content/quantum rheed codex/data/original data/Trajectories/2022-04-11/222_RR220411A_864C_1721-02.bmp,trajectory,,False,0.090867415,-6.4792047
/content/quantum rheed codex/data/original data/Trajectories/2022-04-11/223_RR220411A_864C_1722.bmp,trajectory,,False,-0.08462811,-5.995524
/content/quantum rheed codex/data/original data/Trajectories/2022-04-11/224_RR220411A_865C_1723.bmp,trajectory,,False,0.24472712,-6.0350146
/content/quantum rheed codex/data/original data/Trajectories/2022-04-11/225_RR220411A_873C_1724.bmp,trajectory,,False,0.268797,-6.0393243
/content/quantum rheed codex/data/original data/Trajectories/2022-04-11/226_RR220411A_873C_1725.bmp,trajectory,,False,-0.027631758,-5.72154
/content/quantum rheed codex/data/original data/Trajectories/2022-04-11/227_RR220411A_877C_1726.bmp,trajectory,,False,0.10254215,-5.3023376
/content/quantum rheed codex/data/original data/Trajectories/2022-04-11/228_RR220411A_872C_1726.bmp,trajectory,,False,0.08656816,-5.493506
/content/quantum rheed codex/data/original data/Trajectories/2022-04-11/229_RR220411A_877C_1727.bmp,trajectory,,False,-0.10031113,-5.165822
/content/quantum rheed codex/data/original data/Trajectories/2022-04-11/230_RR220411A_876C_1728.bmp,trajectory,,False,0.121121734,-4.98624
/content/quantum rheed codex/data/original data/Trajectories/2022-04-11/231_RR220411A_882C_1729.bmp,trajectory,,False,-0.017829502,-4.7189794
/content/quantum rheed codex/data/original data/Trajectories/2022-04-11/232_RR220411A_882C_1730.bmp,trajectory,,False,-0.02211506,-4.646754
/content/quantum rheed codex/data/original data/Trajectories/2022-04-11/233_RR220411A_889C_1731.bmp,trajectory,,False,-0.108139925,-4.3313785
/content/quantum rheed codex/data/original data/Trajectories/2022-04-11/234_RR220411A_888C_1732.bmp,trajectory,,False,-0.103712656,-4.069792
/content/quantum rheed codex/data/original data/Trajectories/2022-04-11/235_RR220411A_886C_1733.bmp,trajectory,,False,-0.18227932,-3.7373698
/content/quantum rheed codex/data/original data/Trajectories/2022-04-11/236_RR220411A_903C_1735.bmp,trajectory,,False,-0.07471859,-3.5760195
/content/quantum rheed codex/data/original data/Trajectories/2022-04-11/237_RR220411A_901C_1735.bmp,trajectory,,False,-0.1662258,-3.665735
/content/quantum rheed codex/data/original data/Trajectories/2022-04-11/238_RR220411A_905C_1736.bmp,trajectory,,False,-0.27572697,-2.9158676
/content/quantum rheed codex/data/original data/Trajectories/2022-04-11/239_RR220411A_901C_1736.bmp,trajectory,,False,-0.19520527,-3.3769615
/content/quantum rheed codex/data/original data/Trajectories/2022-04-11/240_RR220411A_911C_1737.bmp,trajectory,,False,-0.23884717,-2.948293
/content/quantum rheed codex/data/original data/Trajectories/2022-04-11/241_RR220411A_910C_1737.bmp,trajectory,,False,-0.31168026,-2.6363552
/content/quantum rheed codex/data/original data/Trajectories/2022-04-11/242_RR220411A_918C_1739.bmp,trajectory,,False,-0.3726278,-1.9082057
/content/quantum rheed codex/data/original data/Trajectories/2022-04-11/243_RR220411A_909C_1739.bmp,trajectory,,False,-0.314979,-2.4099686
/content/quantum rheed codex/data/original data/Trajectories/2022-04-11/244_RR220411A_916C_1740.bmp,trajectory,,False,-0.21971042,-1.9833505
/content/quantum rheed codex/data/original data/Trajectories/2022-04-11/245_RR220411A_915C_1740.bmp,trajectory,,False,-0.49873525,-1.8287095
/content/quantum rheed codex/data/original data/Trajectories/2022-04-11/246_RR220411A_915C_1741.bmp,trajectory,,False,-0.24611479,-1.3399631
/content/quantum rheed codex/data/original data/Trajectories/2022-04-11/247_RR220411A_923C_1742.bmp,trajectory,,False,-0.6114966,-1.7330132
/content/quantum rheed codex/data/original data/Trajectories/2022-04-11/248_RR220411A_921C_1743.bmp,trajectory,,False,-0.51061887,-1.1105824
/content/quantum rheed codex/data/original data/Trajectories/2022-04-11/249_RR220411A_920C_1743.bmp,trajectory,,False,-0.4707795,-1.1863084
/content/quantum rheed codex/data/original data/Trajectories/2022-04-11/250_RR220411A_920C_1745.bmp,trajectory,,False,-0.62717533,-1.0747938
/content/quantum rheed codex/data/original data/Trajectories/2022-04-11/251_RR220411A_930C_1746.bmp,trajectory,,False,-0.7700594,-0.41107532
/content/quantum rheed codex/data/original data/Trajectories/2022-04-11/252_RR220411A_928C_1747.bmp,trajectory,,False,-0.7622546,-0.6799189
/content/quantum rheed codex/data/original data/Trajectories/2022-04-11/253_RR220411A_929C_1747.bmp,trajectory,,False,-0.75935537,-0.5159725
/content/quantum rheed codex/data/original data/Trajectories/2022-04-11/254_RR220411A_929C_1748.bmp,trajectory,,False,-0.5810659,-0.23775117
/content/quantum rheed codex/data/original data/Trajectories/2022-04-11/255_RR220411A_927C_1749.bmp,trajectory,,False,-0.35327372,-0.60529685
/content/quantum rheed codex/data/original data/Trajectories/2022-04-11/256_RR220411A_927C_1750.bmp,trajectory,,False,-0.5979035,-0.19030745
/content/quantum rheed codex/data/original data/Trajectories/2022-04-11/257_RR220411A_934C_1751.bmp,trajectory,,False,-0.7609837,0.17635244
/content/quantum rheed codex/data/original data/Trajectories/2022-04-11/258_RR220411A_932C_1751.bmp,trajectory,,False,-0.40829313,-0.36870125
/content/quantum rheed codex/data/original data/Trajectories/2022-04-11/259_RR220411A_941C_1752.bmp,trajectory,,False,-0.8588915,0.75438225
/content/quantum rheed codex/data/original data/Trajectories/2022-04-11/260_RR220411A_942C_1752.bmp,trajectory,,False,-0.812152,0.45707208
/content/quantum rheed codex/data/original data/Trajectories/2022-04-11/261_RR220411A_948C_1753.bmp,trajectory,,False,-1.4788653,3.9259121
/content/quantum rheed codex/data/original data/Trajectories/2022-04-11/262_RR220411A_946C_1754.bmp,trajectory,,False,-1.4891003,3.886452
/content/quantum rheed codex/data/original data/Trajectories/2022-04-11/263_RR220411A_956C_1754.bmp,trajectory,,False,-1.7182401,4.755022
/content/quantum rheed codex/data/original data/Trajectories/2022-04-11/264_RR220411A_954C_1755.bmp,trajectory,,False,-1.7344259,4.730312
/content/quantum rheed codex/data/original data/Trajectories/2022-04-11/265_RR220411A_952C_1757.bmp,trajectory,,False,-1.9519361,4.9769006
/content/quantum rheed codex/data/original data/Trajectories/2022-04-11/266_RR220411A_953C_1759.bmp,trajectory,,False,-1.7540514,5.050797
/content/quantum rheed codex/data/original data/Trajectories/2022-04-11/267_RR220411A_953C_1800.bmp,trajectory,,False,-1.7780995,5.2728004
/content/quantum rheed codex/data/original data/Trajectories/2022-04-11/268_RR220411A_952C_1801.bmp,trajectory,,False,-1.8375769,5.6770334
/content/quantum rheed codex/data/original data/Trajectories/2022-04-11/269_RR220411A_952C_1804.bmp,trajectory,,False,-2.0859652,5.466804
/content/quantum rheed codex/data/original data/Trajectories/2022-04-11/270_RR220411A_951C_1805.bmp,trajectory,,False,-2.3980055,5.907023
/content/quantum rheed codex/data/original data/Trajectories/2022-04-11/271_RR220411A_951C_1811.bmp,trajectory,,False,-2.4932504,5.8624
/content/quantum rheed codex/data/original data/Trajectories/2022-04-11/272_RR220411A_951C_1813.bmp,trajectory,,False,-1.7271608,5.8156276
/content/quantum rheed codex/data/original data/Trajectories/2022-04-11/273_RR220411A_950C_1815.bmp,trajectory,,False,-2.5460844,5.826989
/content/quantum rheed codex/data/original data/Trajectories/2022-04-11/274_RR220411A_950C_1819.bmp,trajectory,,False,-2.482489,5.7392545
/content/quantum rheed codex/data/original data/Trajectories/2022-04-11/275_RR220411A_950C_1820.bmp,trajectory,,False,-2.8871663,5.9748173
/content/quantum rheed codex/data/original data/Trajectories/2022-04-11/276_RR220411A_937C_1826.bmp,trajectory,,False,-2.7073934,6.3586187
/content/quantum rheed codex/data/original data/Trajectories/2022-04-11/277_RR220411A_936C_1828.bmp,trajectory,,False,-2.5023723,6.6884937
/content/quantum rheed codex/data/original data/Trajectories/2022-04-11/278_RR220411A_932C_1829.bmp,trajectory,,False,-2.2928934,6.9121284
/content/quantum rheed codex/data/original data/Trajectories/2022-04-11/279_RR220411A_929C_1830.bmp,trajectory,,False,-1.7384707,6.48735
/content/quantum rheed codex/data/original data/Trajectories/2022-04-11/280_RR220411A_927C_1831.bmp,trajectory,,False,-1.8584502,6.562624
/content/quantum rheed codex/data/original data/Trajectories/2022-04-11/281_RR220411A_923C_1832.bmp,trajectory,,False,-1.70593,6.9845085
/content/quantum rheed codex/data/original data/Trajectories/2022-04-11/282_RR220411A_921C_1833.bmp,trajectory,,False,-1.5785881,7.443625
/content/quantum rheed codex/data/original data/Trajectories/2022-04-11/283_RR220411A_918C_1834.bmp,trajectory,,False,-1.6543573,7.464529
/content/quantum rheed codex/data/original data/Trajectories/2022-04-11/284_RR220411A_912C_1835.bmp,trajectory,,False,-1.5325431,8.135288
/content/quantum rheed codex/data/original data/Trajectories/2022-04-11/285_RR220411A_911C_1836.bmp,trajectory,,False,-1.629029,8.128461
/content/quantum rheed codex/data/original data/Trajectories/2022-04-11/286_RR220411A_906C_1837.bmp,trajectory,,False,-1.4585379,8.451511
/content/quantum rheed codex/data/original data/Trajectories/2022-04-11/287_RR220411A_903C_1837.bmp,trajectory,,False,-1.4439996,8.668545
/content/quantum rheed codex/data/original data/Trajectories/2022-04-11/288_RR220411A_904C_1837.bmp,trajectory,,False,-1.5696608,8.150697
/content/quantum rheed codex/data/original data/Trajectories/2022-04-11/289_RR220411A_899C_1839.bmp,trajectory,,False,-1.24733,9.6442
/content/quantum rheed codex/data/original data/Trajectories/2022-04-11/290_RR220411A_890C_1839.bmp,trajectory,,False,-1.1269789,10.427366
/content/quantum rheed codex/data/original data/Trajectories/2022-04-11/291_RR220411A_888C_1840.bmp,trajectory,,False,-1.0593793,10.54016
/content/quantum rheed codex/data/original data/Trajectories/2022-04-11/292_RR220411A_887C_1841.bmp,trajectory,,False,-1.0385832,10.901372
/content/quantum rheed codex/data/original data/Trajectories/2022-04-11/293_RR220411A_882C_1842.bmp,trajectory,,False,-1.2988573,11.496471
/content/quantum rheed codex/data/original data/Trajectories/2022-04-11/294_RR220411A_883C_1842.bmp,trajectory,,False,-0.75830334,11.231211
/content/quantum rheed codex/data/original data/Trajectories/2022-04-11/295_RR220411A_881C_1843.bmp,trajectory,,False,-1.1648293,11.6834135
/content/quantum rheed codex/data/original data/Trajectories/2022-04-11/296_RR220411A_878C_1844.bmp,trajectory,,False,-0.7801475,11.223886
/content/quantum rheed codex/data/original data/Trajectories/2022-04-11/297_RR220411A_879C_1844.bmp,trajectory,,False,-0.33846465,11.580318
/content/quantum rheed codex/data/original data/Trajectories/2022-04-11/298_RR220411A_877C_1845.bmp,trajectory,,False,-0.97524583,11.873874
/content/quantum rheed codex/data/original data/Trajectories/2022-04-11/299_RR220411A_874C_1846.bmp,trajectory,,False,-0.6969265,12.313099
/content/quantum rheed codex/data/original data/Trajectories/2022-04-11/300_RR220411A_872C_1846.bmp,trajectory,,False,-0.9743777,12.542425
/content/quantum rheed codex/data/original data/Trajectories/2022-04-11/301_RR220411A_869C_1848.bmp,trajectory,,False,-0.2906137,12.001761
/content/quantum rheed codex/data/original data/Trajectories/2022-04-11/302_RR220411A_865C_1848.bmp,trajectory,,False,-0.34576666,12.665953
/content/quantum rheed codex/data/original data/Trajectories/2022-04-11/303_RR220411A_863C_1849.bmp,trajectory,,False,-0.47864836,12.229835
/content/quantum rheed codex/data/original data/Trajectories/2022-04-11/304_RR220411A_861C_1849.bmp,trajectory,,False,-0.9430988,13.214496
/content/quantum rheed codex/data/original data/Trajectories/2022-04-11/305_RR220411A_859C_1850.bmp,trajectory,,False,-0.5256954,12.886612
/content/quantum rheed codex/data/original data/Trajectories/2022-04-11/306_RR220411A_857C_1850.bmp,trajectory,,False,-0.10831154,13.36539
/content/quantum rheed codex/data/original data/Trajectories/2022-04-11/307_RR220411A_855C_1851.bmp,trajectory,,False,-0.6922401,13.206237
/content/quantum rheed codex/data/original data/Trajectories/2022-04-11/308_RR220411A_852C_1852.bmp,trajectory,,False,-0.49647582,13.847776
/content/quantum rheed codex/data/original data/Trajectories/2022-04-11/309_RR220411A_847C_1853.bmp,trajectory,,False,-0.15976974,14.080724
/content/quantum rheed codex/data/original data/Trajectories/2022-04-11/310_RR220411A_849C_1853.bmp,trajectory,,False,-0.84088445,14.277114
/content/quantum rheed codex/data/original data/Trajectories/2022-04-11/311_RR220411A_845C_1854.bmp,trajectory,,False,-0.7367855,13.793971
/content/quantum rheed codex/data/original data/Trajectories/2022-04-11/312_RR220411A_841C_1856.bmp,trajectory,,False,-0.9769845,14.864662
/content/quantum rheed codex/data/original data/Trajectories/2022-04-11/313_RR220411A_839C_1856.bmp,trajectory,,False,-0.733827,14.445553
/content/quantum rheed codex/data/original data/Trajectories/2022-04-11/314_RR220411A_836C_1857.bmp,trajectory,,False,0.22726285,14.028762
/content/quantum rheed codex/data/original data/Trajectories/2022-04-11/315_RR220411A_835C_1857.bmp,trajectory,,False,-0.28814667,14.625065
/content/quantum rheed codex/data/original data/Trajectories/2022-04-11/316_RR220411A_833C_1858.bmp,trajectory,,False,-0.33225682,14.942888
/content/quantum rheed codex/data/original data/Trajectories/2022-04-11/317_RR220411A_831C_1858.bmp,trajectory,,False,0.21595088,14.706259
/content/quantum rheed codex/data/original data/Trajectories/2022-04-11/318_RR220411A_826C_1900.bmp,trajectory,,False,0.049962062,15.118303
/content/quantum rheed codex/data/original data/Trajectories/2022-04-11/319_RR220411A_828C_1900.bmp,trajectory,,False,-0.7295115,14.817184
/content/quantum rheed codex/data/original data/Trajectories/2022-04-11/320_RR220411A_824C_1901.bmp,trajectory,,False,-0.02821725,15.247268
/content/quantum rheed codex/data/original data/Trajectories/2022-04-11/321_RR220411A_823C_1901.bmp,trajectory,,False,-0.53804326,15.350041
/content/quantum rheed codex/data/original data/Trajectories/2022-04-11/322_RR220411A_818C_1902.bmp,trajectory,,False,-0.3061609,15.523883
/content/quantum rheed codex/data/original data/Trajectories/2022-04-11/323_RR220411A_816C_1903.bmp,trajectory,,False,-0.6262978,15.538053
/content/quantum rheed codex/data/original data/Trajectories/2022-04-11/324_RR220411A_783C_1905.bmp,trajectory,,False,0.4823614,24.564592
/content/quantum rheed codex/data/original data/Trajectories/2022-04-11/325_RR220411A_773C_1906.bmp,trajectory,,False,0.47143513,24.15601
/content/quantum rheed codex/data/original data/Trajectories/2022-04-11/326_RR220411A_772C_1907.bmp,trajectory,,False,0.45425874,25.226728
/content/quantum rheed codex/data/original data/Trajectories/2022-04-11/327_RR220411A_766C_1908.bmp,trajectory,,False,0.5923348,25.051374
/content/quantum rheed codex/data/original data/Trajectories/2022-04-11/328_RR220411A_767C_1908.bmp,trajectory,,False,0.7269911,25.048374
/content/quantum rheed codex/data/original data/Trajectories/2022-04-11/329_RR220411A_765C_1909.bmp,trajectory,,False,0.30806565,26.039501
/content/quantum rheed codex/data/original data/Trajectories/2022-04-11/330_RR220411A_762C_1910.bmp,trajectory,,False,0.514802,24.736628
/content/quantum rheed codex/data/original data/Trajectories/2022-04-11/331_RR220411A_760C_1910.bmp,trajectory,,False,0.9287695,25.744354
/content/quantum rheed codex/data/original data/Trajectories/2022-04-11/332_RR220411A_756C_1911.bmp,trajectory,,False,0.21155004,26.793192
/content/quantum rheed codex/data/original data/Trajectories/2022-04-11/333_RR220411A_752C_1911.bmp,trajectory,,False,0.98934335,26.444202
/content/quantum rheed codex/data/original data/Trajectories/2022-04-11/334_RR220411A_751C_1912.bmp,trajectory,,False,0.7010735,26.043928
/content/quantum rheed codex/data/original data/Trajectories/2022-04-11/335_RR220411A_742C_1913.bmp,trajectory,,False,1.4878467,26.388931
/content/quantum rheed codex/data/original data/Trajectories/2022-04-11/336_RR220411A_747C_1913.bmp,trajectory,,False,1.1705432,26.755686
/content/quantum rheed codex/data/original data/Trajectories/2022-04-11/337_RR220411A_741C_1914.bmp,trajectory,,False,-0.56272936,27.460913
/content/quantum rheed codex/data/original data/Trajectories/2022-04-11/338_RR220411A_734C_1915.bmp,trajectory,,False,0.08684332,27.095448
/content/quantum rheed codex/data/original data/Trajectories/2022-04-11/339_RR220411A_737C_1915.bmp,trajectory,,False,0.75141346,26.570572
/content/quantum rheed codex/data/original data/Trajectories/2022-04-11/340_RR220411A_731C_1916.bmp,trajectory,,False,1.3532207,27.515938
/content/quantum rheed codex/data/original data/Trajectories/2022-04-11/341_RR220411A_727C_1917.bmp,trajectory,,False,0.95885235,27.715397
/content/quantum rheed codex/data/original data/Trajectories/2022-04-11/342_RR220411A_728C_1917.bmp,trajectory,,False,0.8920781,28.295546
/content/quantum rheed codex/data/original data/Trajectories/2022-04-11/343_RR220411A_722C_1918.bmp,trajectory,,False,0.67394954,27.15555
/content/quantum rheed codex/data/original data/Trajectories/2022-04-11/344_RR220411A_719C_1918.bmp,trajectory,,False,1.7075512,27.303345
/content/quantum rheed codex/data/original data/Trajectories/2022-04-11/345_RR220411A_717C_1919.bmp,trajectory,,False,1.8720548,28.085503
/content/quantum rheed codex/data/original data/Trajectories/2022-04-11/346_RR220411A_714C_1919.bmp,trajectory,,False,1.5156047,28.563261
/content/quantum rheed codex/data/original data/Trajectories/2022-04-11/347_RR220411A_708C_1920.bmp,trajectory,,False,2.4107106,30.400528
/content/quantum rheed codex/data/original data/Trajectories/2022-04-11/348_RR220411A_709C_1920.bmp,trajectory,,False,1.5149901,28.569902
/content/quantum rheed codex/data/original data/Trajectories/2022-04-11/349_RR220411A_705C_1921.bmp,trajectory,,False,1.7617123,28.806412
/content/quantum rheed codex/data/original data/Trajectories/2022-04-11/350_RR220411A_701C_1921.bmp,trajectory,,False,1.2411885,29.758677
/content/quantum rheed codex/data/original data/Trajectories/2022-04-11/351_RR220411A_700C_1922.bmp,trajectory,,False,2.055268,28.601952
/content/quantum rheed codex/data/original data/Trajectories/2022-04-11/352_RR220411A_694C_1923.bmp,trajectory,,False,1.3664094,29.456783
/content/quantum rheed codex/data/original data/Trajectories/2022-04-11/353_RR220411A_697C_1923.bmp,trajectory,,False,0.31366935,30.061165
/content/quantum rheed codex/data/original data/Trajectories/2022-04-11/354_RR220411A_693C_1924.bmp,trajectory,,False,2.6433792,30.092766
/content/quantum rheed codex/data/original data/Trajectories/2022-04-11/355_RR220411A_690C_1924.bmp,trajectory,,False,1.3964039,29.853899
/content/quantum rheed codex/data/original data/Trajectories/2022-04-11/356_RR220411A_685C_1925.bmp,trajectory,,False,1.6023722,31.461714
/content/quantum rheed codex/data/original data/Trajectories/2022-04-11/357_RR220411A_684C_1925.bmp,trajectory,,False,1.7647778,30.392548
/content/quantum rheed codex/data/original data/Trajectories/2022-04-11/358_RR220411A_677C_1926.bmp,trajectory,,False,1.1590359,30.489388
/content/quantum rheed codex/data/original data/Trajectories/2022-04-11/359_RR220411A_675C_1926.bmp,trajectory,,False,2.1306162,30.807947
/content/quantum rheed codex/data/original data/Trajectories/2022-04-11/360_RR220411A_671C_1927.bmp,trajectory,,False,2.3080306,30.875463
/content/quantum rheed codex/data/original data/Trajectories/2022-04-11/361_RR220411A_667C_1928.bmp,trajectory,,False,2.7129827,31.354185
/content/quantum rheed codex/data/original data/Trajectories/2022-04-11/362_RR220411A_666C_1928.bmp,trajectory,,False,1.3837777,30.863892
/content/quantum rheed codex/data/original data/Trajectories/2022-04-11/363_RR220411A_661C_1929.bmp,trajectory,,False,2.3540666,31.757263
/content/quantum rheed codex/data/original data/Trajectories/2022-04-11/364_RR220411A_660C_1929.bmp,trajectory,,False,1.9616504,31.396414
/content/quantum rheed codex/data/original data/Trajectories/2022-04-11/365_RR220411A_658C_1930.bmp,trajectory,,False,1.2708257,32.568367
/content/quantum rheed codex/data/original data/Trajectories/2022-04-11/366_RR220411A_654C_1930.bmp,trajectory,,False,2.412318,32.81398
/content/quantum rheed codex/data/original data/Trajectories/2022-04-11/367_RR220411A_648C_1932.bmp,trajectory,,False,2.106339,32.18449
/content/quantum rheed codex/data/original data/Trajectories/2022-04-11/368_RR220411A_647C_1932.bmp,trajectory,,False,1.8180357,32.700966
/content/quantum rheed codex/data/original data/Trajectories/2022-04-11/369_RR220411A_643C_1933.bmp,trajectory,,False,2.678159,34.249718
/content/quantum rheed codex/data/original data/Trajectories/2022-04-11/370_RR220411A_640C_1934.bmp,trajectory,,False,1.9667574,33.892906
/content/quantum rheed codex/data/original data/Trajectories/2022-04-11/371_RR220411A_633C_1935.bmp,trajectory,,False,2.6539094,32.78539
/content/quantum rheed codex/data/original data/Trajectories/2022-04-11/372_RR220411A_636C_1935.bmp,trajectory,,False,1.3982613,33.173046
/content/quantum rheed codex/data/original data/Trajectories/2022-04-11/373_RR220411A_630C_1937.bmp,trajectory,,False,1.8046253,33.435226
/content/quantum rheed codex/data/original data/Trajectories/2022-04-11/374_RR220411A_625C_1937.bmp,trajectory,,False,1.9405117,33.946934
/content/quantum rheed codex/data/original data/Trajectories/2022-04-11/375_RR220411A_617C_1938.bmp,trajectory,,False,2.3578784,34.72321
/content/quantum rheed codex/data/original data/Trajectories/2022-04-11/376_RR220411A_620C_1938.bmp,trajectory,,False,2.4998696,35.245747
/content/quantum rheed codex/data/original data/Trajectories/2022-04-11/377_RR220411A_616C_1939.bmp,trajectory,,False,2.3587122,35.071335
/content/quantum rheed codex/data/original data/Trajectories/2022-04-11/378_RR220411A_600C_1940.bmp,trajectory,,False,3.2370694,36.966187
/content/quantum rheed codex/data/original data/Trajectories/2022-04-11/379_RR220411A_614C_1940.bmp,trajectory,,False,1.880342,35.27522
/content/quantum rheed codex/data/original data/Trajectories/2022-04-11/380_RR220411A_610C_1940.bmp,trajectory,,False,2.6139936,35.78519
/content/quantum rheed codex/data/original data/Trajectories/2022-04-11/381_RR220411A_605C_1940.bmp,trajectory,,False,2.5729163,36.184845
/content/quantum rheed codex/data/original data/Trajectories/2022-04-11/382_RR220411A_595C_1941.bmp,trajectory,,False,2.535737,36.05048
/content/quantum rheed codex/data/original data/Trajectories/2022-04-11/383_RR220411A_597C_1941.bmp,trajectory,,False,2.5163798,35.67719
/content/quantum rheed codex/data/original data/Trajectories/2022-04-11/384_RR220411A_586C_1942.bmp,trajectory,,False,2.5920649,36.779354
/content/quantum rheed codex/data/original data/Trajectories/2022-04-11/385_RR220411A_590C_1942.bmp,trajectory,,False,1.8903935,36.427383
/content/quantum rheed codex/data/original data/Trajectories/2022-04-11/386_RR220411A_580C_1943.bmp,trajectory,,False,2.5072541,36.665325
/content/quantum rheed codex/data/original data/Trajectories/2022-04-11/387_RR220411A_578C_1943.bmp,trajectory,,False,2.4670548,37.30372
/content/quantum rheed codex/data/original data/Trajectories/2022-04-11/388_RR220411A_576C_1944.bmp,trajectory,,False,2.9337804,38.008236
/content/quantum rheed codex/data/original data/Trajectories/2022-04-11/389_RR220411A_571C_1944.bmp,trajectory,,False,3.1962976,37.138153
/content/quantum rheed codex/data/original data/Trajectories/2022-04-11/390_RR220411A_565C_1944.bmp,trajectory,,False,3.6568258,38.421776
/content/quantum rheed codex/data/original data/Trajectories/2022-04-11/391_RR220411A_556C_1945.bmp,trajectory,,False,2.8007944,37.472496
/content/quantum rheed codex/data/original data/Trajectories/2022-04-11/392_RR220411A_560C_1945.bmp,trajectory,,False,3.4205506,39.52564
/content/quantum rheed codex/data/original data/Trajectories/2022-04-11/393_RR220411A_551C_1946.bmp,trajectory,,False,2.4964373,38.30193
/content/quantum rheed codex/data/original data/Trajectories/2022-04-11/394_RR220411A_546C_1946.bmp,trajectory,,False,3.0347285,39.080593
/content/quantum rheed codex/data/original data/Trajectories/2022-04-11/395_RR220411A_543C_1947.bmp,trajectory,,False,3.0812795,38.69499
/content/quantum rheed codex/data/original data/Trajectories/2022-04-11/396_RR220411A_537C_1947.bmp,trajectory,,False,3.8082144,39.241024
/content/quantum rheed codex/data/original data/Trajectories/2022-04-11/397_RR220411A_528C_1948.bmp,trajectory,,False,2.5688057,38.647778
/content/quantum rheed codex/data/original data/Trajectories/2022-04-11/398_RR220411A_527C_1948.bmp,trajectory,,False,3.3228238,40.02923
/content/quantum rheed codex/data/original data/Trajectories/2022-04-11/399_RR220411A_534C_1948.bmp,trajectory,,False,3.0599422,38.784946
/content/quantum rheed codex/data/original data/Trajectories/2022-04-11/400_RR220411A_516C_1949.bmp,trajectory,,False,4.1677094,41.205235
/content/quantum rheed codex/data/original data/Trajectories/2022-04-11/401_RR220411A_524C_1949.bmp,trajectory,,False,2.9158163,39.255947
/content/quantum rheed codex/data/original data/Trajectories/2022-04-11/402_RR220411A_506C_1950.bmp,trajectory,,False,4.4278693,41.60287
/content/quantum rheed codex/data/original data/Trajectories/2022-04-11/403_RR220411A_510C_1950.bmp,trajectory,,False,4.402325,41.218243
/content/quantum rheed codex/data/original data/Trajectories/2022-04-11/404_RR220411A_500C_1951.bmp,trajectory,,False,3.8281605,41.38315
/content/quantum rheed codex/data/original data/Trajectories/2022-04-11/405_RR220411A_493C_1951.bmp,trajectory,,False,3.7330644,41.549507
/content/quantum rheed codex/data/original data/Trajectories/2022-04-11/406_RR220411A_478C_1952.bmp,trajectory,,False,2.9071176,40.72212
/content/quantum rheed codex/data/original data/Trajectories/2022-04-11/407_RR220411A_487C_1952.bmp,trajectory,,False,3.8677642,41.78782
/content/quantum rheed codex/data/original data/Trajectories/2022-04-11/408_RR220411A_480C_1952.bmp,trajectory,,False,3.6199763,42.199673
/content/quantum rheed codex/data/original data/Trajectories/2022-04-11/409_RR220411A_474C_1953.bmp,trajectory,,False,4.0016365,41.177925
/content/quantum rheed codex/data/original data/Trajectories/2022-04-11/410_RR220411A_470C_1953.bmp,trajectory,,False,4.098068,42.24109
/content/quantum rheed codex/data/original data/Trajectories/2022-04-11/411_RR220411A_465C_1954.bmp,trajectory,,False,2.9847345,41.16386
/content/quantum rheed codex/data/original data/Trajectories/2022-04-11/412_RR220411A_454C_1955.bmp,trajectory,,False,4.7429657,43.382957
/content/quantum rheed codex/data/original data/Trajectories/2022-04-11/413_RR220411A_459C_1955.bmp,trajectory,,False,4.5886025,42.562172
/content/quantum rheed codex/data/original data/Trajectories/2022-04-11/414_RR220411A_445C_1955.bmp,trajectory,,False,4.3031282,42.885647
/content/quantum rheed codex/data/original data/Trajectories/2022-04-11/415_RR220411A_436C_1956.bmp,trajectory,,False,5.1891465,43.51001
/content/quantum rheed codex/data/original data/Trajectories/2022-04-11/416_RR220411A_441C_1956.bmp,trajectory,,False,4.0172544,42.348427
/content/quantum rheed codex/data/original data/Trajectories/2022-04-11/417_RR220411A_427C_1956.bmp,trajectory,,False,4.0634346,43.47876
/content/quantum rheed codex/data/original data/Trajectories/2022-04-11/418_RR220411A_420C_1957.bmp,trajectory,,False,5.0007644,43.725243
/content/quantum rheed codex/data/original data/Trajectories/2022-04-11/419_RR220411A_415C_1957.bmp,trajectory,,False,4.252343,43.74904
/content/quantum rheed codex/data/original data/Trajectories/2022-04-11/420_RR220411A_412C_1958.bmp,trajectory,,False,5.7212915,43.82432
/content/quantum rheed codex/data/original data/Trajectories/2022-04-11/421_RR220411A_408C_1959.bmp,trajectory,,False,4.699378,44.4061
/content/quantum rheed codex/data/original data/Trajectories/2022-04-11/422_RR220411A_403C_1959.bmp,trajectory,,False,5.1490426,44.29457
/content/quantum rheed codex/data/original data/Trajectories/2022-04-11/423_RR220411A_401C_2000.bmp,trajectory,,False,4.750258,44.356403
/content/quantum rheed codex/data/original data/Trajectories/2022-04-11/424_RR220411A_397C_2000.bmp,trajectory,,False,5.0781064,44.94613
/content/quantum rheed codex/data/original data/Trajectories/2022-04-11/425_RR220411A_387C_2000.bmp,trajectory,,False,5.416007,44.972095
/content/quantum rheed codex/data/original data/Trajectories/2022-04-11/426_RR220411A_384C_2001.bmp,trajectory,,False,4.938836,44.604652
/content/quantum rheed codex/data/original data/Trajectories/2022-04-11/427_RR220411A_371C_2001.bmp,trajectory,,False,5.4655027,45.69988
/content/quantum rheed codex/data/original data/Trajectories/2022-04-11/428_RR220411A_381C_2001.bmp,trajectory,,False,4.4652953,45.31531
/content/quantum rheed codex/data/original data/Trajectories/2022-04-11/429_RR220411A_358C_2002.bmp,trajectory,,False,4.855345,46.086586
/content/quantum rheed codex/data/original data/Trajectories/2022-04-11/430_RR220411A_365C_2002.bmp,trajectory,,False,6.4078946,45.66088
/content/quantum rheed codex/data/original data/Trajectories/2022-04-11/431_RR220411A_368C_2002.bmp,trajectory,,False,5.1285257,45.875095
/content/quantum rheed codex/data/original data/Trajectories/2022-04-11/432_RR220411A_352C_2003.bmp,trajectory,,False,5.9359922,45.92294
/content/quantum rheed codex/data/original data/Trajectories/2022-04-11/433_RR220411A_347C_2003.bmp,trajectory,,False,6.155459,45.90411
/content/quantum rheed codex/data/original data/Trajectories/2022-04-11/434_RR220411A_356C_2003.bmp,trajectory,,False,5.0136266,46.278522
/content/quantum rheed codex/data/original data/Trajectories/2022-04-11/435_RR220411A_333C_2004.bmp,trajectory,,False,4.9532795,46.667667
/content/quantum rheed codex/data/original data/Trajectories/2022-04-11/436_RR220411A_342C_2004.bmp,trajectory,,False,5.744476,45.911972
/content/quantum rheed codex/data/original data/Trajectories/2022-04-11/437_RR220411A_345C_2004.bmp,trajectory,,False,5.994812,46.354668
/content/quantum rheed codex/data/original data/Trajectories/2022-04-11/438_RR220411A_323C_2005.bmp,trajectory,,False,6.462787,46.70392
/content/quantum rheed codex/data/original data/Trajectories/2022-04-11/439_RR220411A_330C_2005.bmp,trajectory,,False,6.142562,46.93677
/content/quantum rheed codex/data/original data/Trajectories/2022-04-11/440_RR220411A_309C_2006.bmp,trajectory,,False,6.493448,47.0898
/content/quantum rheed codex/data/original data/Trajectories/2022-04-11/441_RR220411A_316C_2006.bmp,trajectory,,False,5.37511,47.020264
/content/quantum rheed codex/data/original data/Trajectories/2022-04-11/442_RR220411A_313C_2006.bmp,trajectory,,False,6.796996,46.41785
/content/quantum rheed codex/data/original data/Trajectories/2022-04-11/443_RR220411A_303C_2007.bmp,trajectory,,False,5.654979,47.36262
/content/quantum rheed codex/data/original data/Trajectories/2022-04-11/444_RR220411A_295C_2007.bmp,trajectory,,False,5.7599525,47.377846
/content/quantum rheed codex/data/original data/Trajectories/2022-04-11/445_RR220411A_300C_2007.bmp,trajectory,,False,7.0423827,46.58604
/content/quantum rheed codex/data/original data/Trajectories/2022-04-11/446_RR220411A_290C_2008.bmp,trajectory,,False,6.7493415,47.268547
/content/quantum rheed codex/data/original data/Trajectories/2022-04-11/447_RR220411A_287C_2008.bmp,trajectory,,False,6.8597813,46.791943
/content/quantum rheed codex/data/original data/Trajectories/2022-04-11/448_RR220411A_283C_2009.bmp,trajectory,,False,6.743482,47.04372
/content/quantum rheed codex/data/original data/Trajectories/2022-04-11/449_RR220411A_278C_2010.bmp,trajectory,,False,6.0932198,47.467297
