path,source,label,is_labeled,x,y
/content/quantum rheed codex/data/original data/STO_ideal_1x1/1x1_1.bmp,ideal,(1 x 1),True,-17.156353,4.272729
/content/quantum rheed codex/data/original data/STO_ideal_1x1/1x1_13.bmp,ideal,(1 x 1),True,-14.425611,7.225138
/content/quantum rheed codex/data/original data/STO_ideal_1x1/1x1_14.bmp,ideal,(1 x 1),True,-13.945207,8.621413
/content/quantum rheed codex/data/original data/STO_ideal_1x1/1x1_15.bmp,ideal,(1 x 1),True,-14.242011,8.455719
/content/quantum rheed codex/data/original data/STO_ideal_1x1/1x1_16.bmp,ideal,(1 x 1),True,-13.804319,8.630172
/content/quantum rheed codex/data/original data/STO_ideal_1x1/1x1_17.bmp,ideal,(1 x 1),True,-13.991082,8.30728
/content/quantum rheed codex/data/original data/STO_ideal_1x1/1x1_18.bmp,ideal,(1 x 1),True,-13.980758,8.645902
/content/quantum rheed codex/data/original data/STO_ideal_1x1/1x1_19.bmp,ideal,(1 x 1),True,-12.973014,8.796457
/content/quantum rheed codex/data/original data/STO_ideal_1x1/1x1_20.bmp,ideal,(1 x 1),True,-11.811881,-9.954296
/content/quantum rheed codex/data/original data/STO_ideal_1x1/1x1_21.bmp,ideal,(1 x 1),True,-16.539812,5.057435
/content/quantum rheed codex/data/original data/STO_ideal_1x1/1x1_22.bmp,ideal,(1 x 1),True,-14.037799,7.068145
/content/quantum rheed codex/data/original data/STO_ideal_1x1/1x1_23.bmp,ideal,(1 x 1),True,-13.993452,5.963672
/content/quantum rheed codex/data/original data/STO_ideal_1x1/1x1_24.bmp,ideal,(1 x 1),True,-13.456982,5.5516615
/content/quantum rheed codex/data/original data/STO_ideal_1x1/1x1_25.bmp,ideal,(1 x 1),True,-12.812664,-10.010159
/content/quantum rheed codex/data/original data/STO_ideal_1x1/1x1_26.bmp,ideal,(1 x 1),True,-12.706888,-9.946811
/content/quantum rheed codex/data/original data/STO_ideal_1x1/1x1_27.bmp,ideal,(1 x 1),True,-12.4854,-9.743202
/content/quantum rheed codex/data/original data/STO_ideal_1x1/ideal_1x1_28.bmp,ideal,(1 x 1),True,-17.715206,6.5984216
/content/quantum rheed codex/data/original data/STO_ideal_1x1/ideal_1x1_29.bmp,ideal,(1 x 1),True,-17.601994,5.052818
/content/quantum rheed codex/data/original data/STO_ideal_1x1/ideal_1x1_30.bmp,ideal,(1 x 1),True,-17.731115,5.607003
/content/quantum rheed codex/data/original data/STO_ideal_1x1/ideal_1x1_31.bmp,ideal,(1 x 1),True,-18.114511,5.3758073
/content/quantum rheed codex/data/original data/STO_ideal_1x1/ideal_1x1_32.bmp,ideal,(1 x 1),True,-17.737906,5.958482
/content/quantum rheed codex/data/original data/STO_ideal_1x1/ideal_1x1_33.bmp,ideal,(1 x 1),True,-17.891996,6.3869214
/content/quantum rheed codex/data/original data/STO_ideal_1x1/ideal_1x1_34.bmp,ideal,(1 x 1),True,-17.108757,5.4994817
/content/quantum rheed codex/data/original data/STO_ideal_1x1/ideal_1x1_35.bmp,ideal,(1 x 1),True,-17.863472,5.4980483
/content/quantum rheed codex/data/original data/STO_ideal_1x1/ideal_1x1_36.bmp,ideal,(1 x 1),True,-17.117325,5.256526
/content/quantum rheed codex/data/original data/STO_ideal_1x1/ideal_1x1_37.bmp,ideal,(1 x 1),True,-17.621212,5.1084604
/content/quantum rheed codex/data/original data/STO_ideal_1x1/ideal_1x1_38.bmp,ideal,(1 x 1),True,-16.622705,4.7787404
/content/quantum rheed codex/data/original data/STO_ideal_1x1/ideal_1x1_39.bmp,ideal,(1 x 1),True,-17.956964,5.9595056
/content/quantum rheed codex/data/original data/STO_ideal_1x1/ideal_1x1_40.bmp,ideal,(1 x 1),True,-16.978712,6.18385
/content/quantum rheed codex/data/original data/STO_ideal_1x1/ideal_1x1_41.bmp,ideal,(1 x 1),True,-17.028984,5.366864
/content/quantum rheed codex/data/original data/STO_ideal_1x1/ideal_1x1_42.bmp,ideal,(1 x 1),True,-17.13852,4.8773108
/content/quantum rheed codex/data/original data/STO_ideal_1x1/ideal_1x1_43.bmp,ideal,(1 x 1),True,-17.070148,5.812751
/content/quantum rheed codex/data/original data/STO_ideal_1x1/ideal_1x1_44.bmp,ideal,(1 x 1),True,-17.410439,5.9523435
/content/quantum rheed codex/data/original data/STO_ideal_1x1/ideal_1x1_45.bmp,ideal,(1 x 1),True,-17.16584,5.8745766
/content/quantum rheed codex/data/original data/STO_ideal_1x1/ideal_1x1_46.bmp,ideal,(1 x 1),True,-17.0857,5.5562844
/content/quantum rheed codex/data/original data/STO_ideal_1x1/ideal_1x1_47.bmp,ideal,(1 x 1),True,-16.686235,5.025623
/content/quantum rheed codex/data/original data/STO_ideal_1x1/ideal_1x1_48.bmp,ideal,(1 x 1),True,-17.73174,6.1761904
/content/quantum rheed codex/data/original data/STO_ideal_1x1/ideal_1x1_49.bmp,ideal,(1 x 1),True,-12.529588,-9.862591
/content/quantum rheed codex/data/original data/STO_ideal_1x1/ideal_1x1_50.bmp,ideal,(1 x 1),True,-12.856218,-9.802741
/content/quantum rheed codex/data/original data/STO_ideal_1x1/ideal_1x1_51.bmp,ideal,(1 x 1),True,-11.87136,-9.874408
/content/quantum rheed codex/data/original data/STO_ideal_1x1/ideal_1x1_52.bmp,ideal,(1 x 1),True,-12.747478,-9.8482485
/content/quantum rheed codex/data/original data/STO_ideal_Twinned2x1/Twinned2x1_1.bmp,ideal,Twinned(2 x 1),True,13.445789,2.05343
/content/quantum rheed codex/data/original data/STO_ideal_Twinned2x1/Twinned2x1_2.bmp,ideal,Twinned(2 x 1),True,11.3885145,1.6674272
/content/quantum rheed codex/data/original data/STO_ideal_Twinned2x1/Twinned2x1_3.bmp,ideal,Twinned(2 x 1),True,13.457127,2.7867172
/content/quantum rheed codex/data/original data/STO_ideal_Twinned2x1/Twinned2x1_4.bmp,ideal,Twinned(2 x 1),True,9.530785,0.21654682
/content/quantum rheed codex/data/original data/STO_ideal_c6x2/Twinned2x1_5_(!).bmp,ideal,c(6 x 2),True,6.245774,4.9453974
/content/quantum rheed codex/data/original data/STO_ideal_c6x2/Twinned2x1_6(!).bmp,ideal,c(6 x 2),True,6.256336,4.3897567
/content/quantum rheed codex/data/original data/STO_ideal_c6x2/c6x2_1.bmp,ideal,c(6 x 2),True,-13.362084,1.2300129
/content/quantum rheed codex/data/original data/STO_ideal_c6x2/c6x2_10.bmp,ideal,c(6 x 2),True,-1.3192933,1.1646054
/content/quantum rheed codex/data/original data/STO_ideal_c6x2/c6x2_11.bmp,ideal,c(6 x 2),True,-8.931502,-1.2449919
/content/quantum rheed codex/data/original data/STO_ideal_c6x2/c6x2_12.bmp,ideal,c(6 x 2),True,-10.633057,-4.0453744
/content/quantum rheed codex/data/original data/STO_ideal_c6x2/c6x2_13.bmp,ideal,c(6 x 2),True,-11.090227,-3.963891
/content/quantum rheed codex/data/original data/STO_ideal_c6x2/c6x2_14.bmp,ideal,c(6 x 2),True,-8.385195,-5.1569085
/content/quantum rheed codex/data/original data/STO_ideal_c6x2/c6x2_15.bmp,ideal,c(6 x 2),True,-8.242516,-3.0133727
/content/quantum rheed codex/data/original data/STO_ideal_c6x2/c6x2_16.bmp,ideal,c(6 x 2),True,-2.8796387,-2.6975942
/content/quantum rheed codex/data/original data/STO_ideal_c6x2/c6x2_17.bmp,ideal,c(6 x 2),True,-9.588723,8.169259
/content/quantum rheed codex/data/original data/STO_ideal_c6x2/c6x2_18.bmp,ideal,c(6 x 2),True,-13.461406,1.4610574
/content/quantum rheed codex/data/original data/STO_ideal_c6x2/c6x2_19.bmp,ideal,c(6 x 2),True,-13.490737,2.1207058
/content/quantum rheed codex/data/original data/STO_ideal_c6x2/c6x2_2.bmp,ideal,c(6 x 2),True,-13.393282,2.0390139
/content/quantum rheed codex/data/original data/STO_ideal_c6x2/c6x2_20.bmp,ideal,c(6 x 2),True,-11.664295,5.9322658
/content/quantum rheed codex/data/original data/STO_ideal_c6x2/c6x2_21.bmp,ideal,c(6 x 2),True,-11.105715,5.9765773
/content/quantum rheed codex/data/original data/STO_ideal_c6x2/c6x2_22.bmp,ideal,c(6 x 2),True,-11.657231,5.953499
/content/quantum rheed codex/data/original data/STO_ideal_c6x2/c6x2_23.bmp,ideal,c(6 x 2),True,-12.822644,5.824029
/content/quantum rheed codex/data/original data/STO_ideal_c6x2/c6x2_24.bmp,ideal,c(6 x 2),True,-12.478049,6.539585
/content/quantum rheed codex/data/original data/STO_ideal_c6x2/c6x2_3.bmp,ideal,c(6 x 2),True,-13.14026,1.0240114
/content/quantum rheed codex/data/original data/STO_ideal_c6x2/c6x2_4.bmp,ideal,c(6 x 2),True,-10.776738,5.827131
/content/quantum rheed codex/data/original data/STO_ideal_c6x2/c6x2_5.bmp,ideal,c(6 x 2),True,-11.983494,6.1200247
/content/quantum rheed codex/data/original data/STO_ideal_c6x2/c6x2_6.bmp,ideal,c(6 x 2),True,-12.255398,5.6964726
/content/quantum rheed codex/data/original data/STO_ideal_c6x2/c6x2_7.bmp,ideal,c(6 x 2),True,-10.308863,5.1675467
/content/quantum rheed codex/data/original data/STO_ideal_c6x2/c6x2_8.bmp,ideal,c(6 x 2),True,-10.491258,5.317888
/content/quantum rheed codex/data/original data/STO_ideal_c6x2/c6x2_9.bmp,ideal,c(6 x 2),True,-12.834131,4.611113
/content/quantum rheed codex/data/original data/STO_ideal_c6x2/ideal_c6x2_25.bmp,ideal,c(6 x 2),True,-13.3239,1.3287083
/content/quantum rheed codex/data/original data/STO_ideal_c6x2/ideal_c6x2_26.bmp,ideal,c(6 x 2),True,-12.97767,1.4144945
/content/quantum rheed codex/data/original data/STO_ideal_c6x2/ideal_c6x2_27.bmp,ideal,c(6 x 2),True,-12.81303,0.88652515
/content/quantum rheed codex/data/original data/STO_ideal_c6x2/ideal_c6x2_28.bmp,ideal,c(6 x 2),True,-12.746586,0.68674445
/content/quantum rheed codex/data/original data/STO_ideal_c6x2/ideal_c6x2_29.bmp,ideal,c(6 x 2),True,-10.285118,6.0135903
/content/quantum rheed codex/data/original data/STO_ideal_c6x2/ideal_c6x2_30.bmp,ideal,c(6 x 2),True,-10.268821,5.4067655
/content/quantum rheed codex/data/original data/STO_ideal_c6x2/ideal_c6x2_31.bmp,ideal,c(6 x 2),True,-11.210337,6.127599
/content/quantum rheed codex/data/original data/STO_ideal_c6x2/ideal_c6x2_32.bmp,ideal,c(6 x 2),True,-11.724235,5.9637313
/content/quantum rheed codex/data/original data/STO_ideal_c6x2/ideal_c6x2_33.bmp,ideal,c(6 x 2),True,-10.58674,5.3613114
/content/quantum rheed codex/data/original data/STO_ideal_c6x2/ideal_c6x2_34.bmp,ideal,c(6 x 2),True,-11.215816,5.6906095
/content/quantum rheed codex/data/original data/STO_ideal_c6x2/ideal_c6x2_35.bmp,ideal,c(6 x 2),True,-11.105715,5.9765773
/content/quantum rheed codex/data/original data/STO_ideal_c6x2/ideal_c6x2_36.bmp,ideal,c(6 x 2),True,-11.224009,5.496677
/content/quantum rheed codex/data/original data/STO_ideal_c6x2/ideal_c6x2_37.bmp,ideal,c(6 x 2),True,-10.86595,5.441745
/content/quantum rheed codex/data/original data/STO_ideal_c6x2/ideal_c6x2_38.bmp,ideal,c(6 x 2),True,-11.771249,5.5907197
/content/quantum rheed codex/data/original data/STO_ideal_c6x2/ideal_c6x2_39.bmp,ideal,c(6 x 2),True,-12.483904,6.1339545
/content/quantum rheed codex/data/original data/STO_ideal_c6x2/ideal_c6x2_40.bmp,ideal,c(6 x 2),True,-12.260501,6.2767687
/content/quantum rheed codex/data/original data/STO_ideal_RT13/RT13_1.png,ideal,RT13,True,-31.31082,62.429813
/content/quantum rheed codex/data/original data/STO_ideal_RT13/RT13_10.png,ideal,RT13,True,-27.954058,59.255062
/content/quantum rheed codex/data/original data/STO_ideal_RT13/RT13_11.png,ideal,RT13,True,-2.3315713,11.998335
/content/quantum rheed codex/data/original data/STO_ideal_RT13/RT13_14.png,ideal,RT13,True,-8.106801,9.257283
/content/quantum rheed codex/data/original data/STO_ideal_RT13/RT13_15.png,ideal,RT13,True,2.208103,-0.57822496
/content/quantum rheed codex/data/original data/STO_ideal_RT13/RT13_16.png,ideal,RT13,True,13.789128,3.0333586
/content/quantum rheed codex/data/original data/STO_ideal_RT13/RT13_17.png,ideal,RT13,True,14.090524,3.2721703
/content/quantum rheed codex/data/original data/STO_ideal_RT13/RT13_18.png,ideal,RT13,True,13.0153675,2.3652973
/content/quantum rheed codex/data/original data/STO_ideal_RT13/RT13_19.png,ideal,RT13,True,6.318501,5.7020326
/content/quantum rheed codex/data/original data/STO_ideal_RT13/RT13_20.png,ideal,RT13,True,6.0347204,7.5721583
/content/quantum rheed codex/data/original data/STO_ideal_RT13/RT13_21.png,ideal,RT13,True,-3.9105477,8.704505
/content/quantum rheed codex/data/original data/STO_ideal_RT13/RT13_22.png,ideal,RT13,True,-3.2443604,11.241813
/content/quantum rheed codex/data/original data/STO_ideal_RT13/RT13_23.png,ideal,RT13,True,-2.9042718,11.033621
/content/quantum rheed codex/data/original data/STO_ideal_RT13/RT13_24.bmp,ideal,RT13,True,2.0437522,1.0965705
/content/quantum rheed codex/data/original data/STO_ideal_RT13/RT13_25.bmp,ideal,RT13,True,1.2408872,0.08054177
/content/quantum rheed codex/data/original data/STO_ideal_RT13/RT13_26.bmp,ideal,RT13,True,-4.4444304,11.605385
/content/quantum rheed codex/data/original data/STO_ideal_RT13/RT13_27.bmp,ideal,RT13,True,-4.490991,8.7535715
/content/quantum rheed codex/data/original data/STO_ideal_RT13/RT13_28.bmp,ideal,RT13,True,5.601401,6.445935
/content/quantum rheed codex/data/original data/STO_ideal_RT13/RT13_29.bmp,ideal,RT13,True,6.32739,4.9688635
/content/quantum rheed codex/data/original data/STO_ideal_RT13/RT13_3.png,ideal,RT13,True,-20.68407,44.886868
/content/quantum rheed codex/data/original data/STO_ideal_RT13/RT13_30.bmp,ideal,RT13,True,6.3759704,4.92008
/content/quantum rheed codex/data/original data/STO_ideal_RT13/RT13_31.bmp,ideal,RT13,True,6.2825813,4.1982718
/content/quantum rheed codex/data/original data/STO_ideal_RT13/RT13_32.bmp,ideal,RT13,True,6.2825813,4.1982718
/content/quantum rheed codex/data/original data/STO_ideal_RT13/RT13_33.bmp,ideal,RT13,True,6.207166,4.062753
/content/quantum rheed codex/data/original data/STO_ideal_RT13/RT13_34.bmp,ideal,RT13,True,5.959813,3.4863336
/content/quantum rheed codex/data/original data/STO_ideal_RT13/RT13_35.bmp,ideal,RT13,True,6.1501985,3.4258213
/content/quantum rheed codex/data/original data/STO_ideal_RT13/RT13_36.bmp,ideal,RT13,True,6.1501985,3.4258213
/content/quantum rheed codex/data/original data/STO_ideal_RT13/RT13_37.bmp,ideal,RT13,True,6.3417025,3.4285939
/content/quantum rheed codex/data/original data/STO_ideal_RT13/RT13_38.bmp,ideal,RT13,True,5.9987373,1.9390285
/content/quantum rheed codex/data/original data/STO_ideal_RT13/RT13_39.bmp,ideal,RT13,True,6.0665984,1.9142312
/content/quantum rheed codex/data/original data/STO_ideal_RT13/RT13_40.bmp,ideal,RT13,True,5.8310914,1.3837049
/content/quantum rheed codex/data/original data/STO_ideal_RT13/RT13_41.bmp,ideal,RT13,True,5.089711,0.92229205
/content/quantum rheed codex/data/original data/STO_ideal_RT13/RT13_42.bmp,ideal,RT13,True,2.164299,-0.6800097
/content/quantum rheed codex/data/original data/STO_ideal_RT13/RT13_5.png,ideal,RT13,True,-31.039883,68.13769
/content/quantum rheed codex/data/original data/STO_ideal_RT13/RT13_6.png,ideal,RT13,True,-27.157867,60.656967
/content/quantum rheed codex/data/original data/STO_ideal_RT13/RT13_7.png,ideal,RT13,True,-30.707737,69.663246
/content/quantum rheed codex/data/original data/STO_ideal_RT13/RT13_8.png,ideal,RT13,True,-31.703804,69.51255
/content/quantum rheed codex/data/original data/STO_ideal_RT13/RT13_9.png,ideal,RT13,True,-29.700335,64.038185
/content/quantum rheed codex/data/original data/STO_ideal_HTR/HTR_1.png,ideal,HTR,True,-29.606148,65.58089
/content/quantum rheed codex/data/original data/STO_ideal_HTR/HTR_10.png,ideal,HTR,True,-32.018623,73.05331
/content/quantum rheed codex/data/original data/STO_ideal_HTR/HTR_11.png,ideal,HTR,True,-27.42867,62.453384
/content/quantum rheed codex/data/original data/STO_ideal_HTR/HTR_12.png,ideal,HTR,True,-8.20557,1.1129589
/content/quantum rheed codex/data/original data/STO_ideal_HTR/HTR_13.png,ideal,HTR,True,-5.8491964,5.6142015
/content/quantum rheed codex/data/original data/STO_ideal_HTR/HTR_14.png,ideal,HTR,True,-10.74943,4.720807
/content/quantum rheed codex/data/original data/STO_ideal_HTR/HTR_19.png,ideal,HTR,True,-4.8528066,-2.577328
/content/quantum rheed codex/data/original data/STO_ideal_HTR/HTR_2.png,ideal,HTR,True,-33.393333,76.28498
/content/quantum rheed codex/data/original data/STO_ideal_HTR/HTR_20.bmp,ideal,HTR,True,-5.744465,0.86063504
/content/quantum rheed codex/data/original data/STO_ideal_HTR/HTR_20.png,ideal,HTR,True,-9.89326,-0.45290717
/content/quantum rheed codex/data/original data/STO_ideal_HTR/HTR_21.bmp,ideal,HTR,True,-9.8541155,-0.27805585
/content/quantum rheed codex/data/original data/STO_ideal_HTR/HTR_22.png,ideal,HTR,True,-5.5169206,3.5320578
/content/quantum rheed codex/data/original data/STO_ideal_HTR/HTR_23.bmp,ideal,HTR,True,-6.1439652,1.5072324
/content/quantum rheed codex/data/original data/STO_ideal_HTR/HTR_24.bmp,ideal,HTR,True,-5.5725713,1.3905112
/content/quantum rheed codex/data/original data/STO_ideal_HTR/HTR_25.bmp,ideal,HTR,True,-5.7366548,1.8889298
/content/quantum rheed codex/data/original data/STO_ideal_HTR/HTR_26.bmp,ideal,HTR,True,-5.8203716,1.6862297
/content/quantum rheed codex/data/original data/STO_ideal_HTR/HTR_27.bmp,ideal,HTR,True,-5.8203716,1.6862297
/content/quantum rheed codex/data/original data/STO_ideal_HTR/HTR_28.bmp,ideal,HTR,True,-5.744465,0.86063504
/content/quantum rheed codex/data/original data/STO_ideal_HTR/HTR_29.bmp,ideal,HTR,True,-7.3992286,0.680608
/content/quantum rheed codex/data/original data/STO_ideal_HTR/HTR_3.png,ideal,HTR,True,-32.586716,72.02388
/content/quantum rheed codex/data/original data/STO_ideal_HTR/HTR_30.bmp,ideal,HTR,True,-7.7216187,0.59545964
/content/quantum rheed codex/data/original data/STO_ideal_HTR/HTR_31.bmp,ideal,HTR,True,-8.931462,-0.21078253
/content/quantum rheed codex/data/original data/STO_ideal_HTR/HTR_32.bmp,ideal,HTR,True,-9.798134,-0.24443911
/content/quantum rheed codex/data/original data/STO_ideal_HTR/HTR_33.bmp,ideal,HTR,True,-9.8541155,-0.27805585
/content/quantum rheed codex/data/original data/STO_ideal_HTR/HTR_4.png,ideal,HTR,True,-28.485176,62.258904
/content/quantum rheed codex/data/original data/STO_ideal_HTR/HTR_6.png,ideal,HTR,True,-27.815725,60.67466
/content/quantum rheed codex/data/original data/STO_ideal_HTR/HTR_7.png,ideal,HTR,True,-30.130848,63.241863
/content/quantum rheed codex/data/original data/STO_ideal_HTR/HTR_8.png,ideal,HTR,True,-24.297203,51.731297
/content/quantum rheed codex/data/original data/STO_ideal_HTR/HTR_9.png,ideal,HTR,True,-28.573877,61.43663
/content/quantum rheed codex/data/original data/Trajectories/2022-02-04/001_RR220204A_933C_0006.bmp,trajectory,,False,12.684209,2.2126026
/content/quantum rheed codex/data/original data/Trajectories/2022-02-04/002_RR220204A_933C_0010.bmp,trajectory,,False,12.6080265,2.5042365
/content/quantum rheed codex/data/original data/Trajectories/2022-02-04/003_RR220204A_932C_0017.bmp,trajectory,,False,12.902212,2.4661007
/content/quantum rheed codex/data/original data/Trajectories/2022-02-04/004_RR220204A_932C_0020.bmp,trajectory,,False,12.2997055,1.890284
/content/quantum rheed codex/data/original data/Trajectories/2022-02-04/005_RR220204A_933C_0031.bmp,trajectory,,False,11.868207,1.3487169
/content/quantum rheed codex/data/original data/Trajectories/2022-02-04/006_RR220204A_931C_0041.bmp,trajectory,,False,11.158868,0.9445883
/content/quantum rheed codex/data/original data/Trajectories/2022-02-04/007_RR220204A_931C_0051.bmp,trajectory,,False,10.561958,0.7310007
/content/quantum rheed codex/data/original data/Trajectories/2022-02-04/008_RR220204A_931C_0100.bmp,trajectory,,False,10.273448,0.48238057
/content/quantum rheed codex/data/original data/Trajectories/2022-02-04/009_RR220204A_943C_0101.bmp,trajectory,,False,11.264626,1.8353692
/content/quantum rheed codex/data/original data/Trajectories/2022-02-04/010_RR220204A_945C_0102.bmp,trajectory,,False,10.815292,1.433217
/content/quantum rheed codex/data/original data/Trajectories/2022-02-04/011_RR220204A_946C_0103.bmp,trajectory,,False,10.779007,1.3275135
/content/quantum rheed codex/data/original data/Trajectories/2022-02-04/012_RR220204A_931C_0107.bmp,trajectory,,False,10.591393,1.1225593
/content/quantum rheed codex/data/original data/Trajectories/2022-02-04/013_RR220204A_949C_0119.bmp,trajectory,,False,9.832286,0.844672
/content/quantum rheed codex/data/original data/Trajectories/2022-02-04/014_RR220204A_949C_0121.bmp,trajectory,,False,8.957527,0.43350127
/content/quantum rheed codex/data/original data/Trajectories/2022-02-04/015_RR220204A_961C_0123.bmp,trajectory,,False,7.2501874,-0.42373505
/content/quantum rheed codex/data/original data/Trajectories/2022-02-04/016_RR220204A_961C_0125.bmp,trajectory,,False,5.8755875,-0.79984117
/content/quantum rheed codex/data/original data/Trajectories/2022-02-04/017_RR220204A_981C_0125.bmp,trajectory,,False,3.465263,-1.680914
/content/quantum rheed codex/data/original data/Trajectories/2022-02-04/018_RR220204A_971C_0125.bmp,trajectory,,False,5.1678367,-0.9532627
/content/quantum rheed codex/data/original data/Trajectories/2022-02-04/019_RR220204A_981C_0126-01.bmp,trajectory,,False,2.572189,-1.7931067
/content/quantum rheed codex/data/original data/Trajectories/2022-02-04/020_RR220204A_981C_0126-02.bmp,trajectory,,False,1.9600916,-1.8959693
/content/quantum rheed codex/data/original data/Trajectories/2022-02-04/021_RR220204A_981C_0126-03.bmp,trajectory,,False,2.1614559,-2.0595245
/content/quantum rheed codex/data/original data/Trajectories/2022-02-04/022_RR220204A_981C_0127.bmp,trajectory,,False,1.344561,-2.221005
/content/quantum rheed codex/data/original data/Trajectories/2022-02-04/023_RR220204A_988C_0128.bmp,trajectory,,False,0.9625611,-2.6242104
/content/quantum rheed codex/data/original data/Trajectories/2022-02-04/024_RR220204A_927C_0130.bmp,trajectory,,False,4.07854,-1.2575583
/content/quantum rheed codex/data/original data/Trajectories/2022-02-04/025_RR220204A_923C_0132.bmp,trajectory,,False,6.376214,-0.7260293
/content/quantum rheed codex/data/original data/Trajectories/2022-02-04/026_RR220204A_869C_0133-01.bmp,trajectory,,False,8.668385,0.36664551
/content/quantum rheed codex/data/original data/Trajectories/2022-02-04/027_RR220204A_869C_0133-02.bmp,trajectory,,False,9.014139,0.20381723
/content/quantum rheed codex/data/original data/Trajectories/2022-02-04/028_RR220204A_869C_0134.bmp,trajectory,,False,8.782359,0.25461838
/content/quantum rheed codex/data/original data/Trajectories/2022-02-04/029_RR220204A_808C_0135.bmp,trajectory,,False,10.698653,1.3194813
/content/quantum rheed codex/data/original data/Trajectories/2022-02-04/030_RR220204A_800C_0136.bmp,trajectory,,False,11.076893,1.6158367
/content/quantum rheed codex/data/original data/Trajectories/2022-02-04/031_RR220204A_799C_0137.bmp,trajectory,,False,10.770751,1.7009004
/content/quantum rheed codex/data/original data/Trajectories/2022-02-04/032_RR220204A_711C_0139.bmp,trajectory,,False,11.252488,2.4571078
/content/quantum rheed codex/data/original data/Trajectories/2022-02-04/033_RR220204A_708C_0141.bmp,trajectory,,False,11.640911,2.34297
/content/quantum rheed codex/data/original data/Trajectories/2022-02-04/034_RR220204A_655C_0142.bmp,trajectory,,False,11.6010275,2.7596014
/content/quantum rheed codex/data/original data/Trajectories/2022-02-04/035_RR220204A_646C_0143.bmp,trajectory,,False,11.886205,2.9518669
/content/quantum rheed codex/data/original data/Trajectories/2022-02-04/036_RR220204A_587C_0145.bmp,trajectory,,False,11.905509,2.8367033
/content/quantum rheed codex/data/original data/Trajectories/2022-02-04/037_RR220204A_579C_0146.bmp,trajectory,,False,11.116534,2.5689592
/content/quantum rheed codex/data/original data/Trajectories/2022-02-04/038_RR220204A_576C_0147.bmp,trajectory,,False,11.075444,1.9909899
/content/quantum rheed codex/data/original data/Trajectories/2022-02-04/039_RR220204A_516C_0149.bmp,trajectory,,False,10.785732,2.4072485
/content/quantum rheed codex/data/original data/Trajectories/2022-02-04/040_RR220204A_505C_0150.bmp,trajectory,,False,10.703768,2.38267
/content/quantum rheed codex/data/original data/Trajectories/2022-02-04/041_RR220204A_431C_0153.bmp,trajectory,,False,10.0810585,2.2394989
/content/quantum rheed codex/data/original data/Trajectories/2022-02-04/042_RR220204A_423C_0154.bmp,trajectory,,False,9.373436,1.1493052
/content/quantum rheed codex/data/original data/Trajectories/2022-02-04/043_RR220204A_362C_0156.bmp,trajectory,,False,8.261724,0.66774124
/content/quantum rheed codex/data/original data/Trajectories/2022-02-04/044_RR220204A_348C_0157.bmp,trajectory,,False,8.150877,0.16865072
/content/quantum rheed codex/data/original data/Trajectories/2022-02-04/045_RR220204A_343C_0158.bmp,trajectory,,False,7.2931175,-0.67532724
/content/quantum rheed codex/data/original data/Trajectories/2022-02-04/046_RR220204A_339C_0159.bmp,trajectory,,False,6.6556797,-0.57470816
/content/quantum rheed codex/data/original data/Trajectories/2022-02-04/047_RR220204A_336C_0200.bmp,trajectory,,False,6.621166,-0.84329426
/content/quantum rheed codex/data/original data/Trajectories/2022-02-04/048_RR220204A_245C_0201.bmp,trajectory,,False,6.648759,-0.38281244
/content/quantum rheed codex/data/original data/Trajectories/2022-02-04/049_RR220204A_218C_0201.bmp,trajectory,,False,6.552215,-0.051980413
/content/quantum rheed codex/data/original data/Trajectories/2022-02-04/050_RR220204A_190C_0202.bmp,trajectory,,False,6.44989,-0.044541348
/content/quantum rheed codex/data/original data/Trajectories/2022-02-04/051_RR220204A_240C_0205.bmp,trajectory,,False,5.4217844,-1.2708167
/content/quantum rheed codex/data/original data/Trajectories/2022-02-04/052_RR220204A_239C_0205.bmp,trajectory,,False,5.9088044,-0.9553496
/content/quantum rheed codex/data/original data/Trajectories/2022-02-04/053_RR220204A_231C_0206.bmp,trajectory,,False,5.7925076,-0.81338966
/content/quantum rheed codex/data/original data/Trajectories/2022-02-04/054_RR220204A_241C_0206.bmp,trajectory,,False,5.6333737,-0.8044929
/content/quantum rheed codex/data/original data/Trajectories/2022-02-04/055_RR220204A_205C_0207.bmp,trajectory,,False,5.493306,-0.5960438
/content/quantum rheed codex/data/original data/Trajectories/2022-02-04/056_RR220204A_191C_0208.bmp,trajectory,,False,5.5308237,-0.2001413
/content/quantum rheed codex/data/original data/Trajectories/2022-02-04/057_RR220204A_188C_0209.bmp,trajectory,,False,5.705113,-0.075662576
/content/quantum rheed codex/data/original data/Trajectories/2022-02-04/058_RR220204A_178C_0211.bmp,trajectory,,False,5.40053,-0.091314845
/content/quantum rheed codex/data/original data/Trajectories/2022-02-04/059_RR220204A_180C_0211.bmp,trajectory,,False,5.40053,-0.091314845
/content/quantum rheed codex/data/original data/Trajectories/2022-02-04/060_RR220204A_165C_0212.bmp,trajectory,,False,5.17826,-0.43412682
/content/quantum rheed codex/data/original data/Trajectories/2022-02-04/061_RR220204A_165C_0215-01.bmp,trajectory,,False,5.298798,-0.13072601
/content/quantum rheed codex/data/original data/Trajectories/2022-02-04/062_RR220204A_165C_0215-02.bmp,trajectory,,False,4.5368423,-0.6669521
/content/quantum rheed codex/data/original data/Trajectories/2022-02-04/063_RR220204A_165C_0215-03.bmp,trajectory,,False,5.3086925,-0.14461179
/content/quantum rheed codex/data/original data/Trajectories/2022-02-04/064_RR220204A_165C_0216.bmp,trajectory,,False,4.6344876,-0.78208226
/content/quantum rheed codex/data/original data/Trajectories/2022-02-04/065_RR220204A_165C_0217.bmp,trajectory,,False,1.7987462,-3.2329106
/content/quantum rheed codex/data/original data/Trajectories/2022-02-04/066_RR220204A_165C_0218.bmp,trajectory,,False,1.9336421,-3.0186963
/content/quantum rheed codex/data/original data/Trajectories/2022-02-04/067_RR220204A_291C_1703.bmp,trajectory,,False,12.744964,1.9203775
/content/quantum rheed codex/data/original data/Trajectories/2022-02-04/068_RR220204A_291C_1704.bmp,trajectory,,False,12.994162,2.216581
/content/quantum rheed codex/data/original data/Trajectories/2022-02-04/069_RR220204A_293C_1706.bmp,trajectory,,False,14.187009,2.9374814
/content/quantum rheed codex/data/original data/Trajectories/2022-02-04/070_RR220204A_294C_1707.bmp,trajectory,,False,13.711469,2.3229897
/content/quantum rheed codex/data/original data/Trajectories/2022-02-04/071_RR220204A_296C_1709-01.bmp,trajectory,,False,13.524369,2.3727036
/content/quantum rheed codex/data/original data/Trajectories/2022-02-04/072_RR220204A_296C_1709-02.bmp,trajectory,,False,13.630058,2.4838898
/content/quantum rheed codex/data/original data/Trajectories/2022-02-04/073_RR220204A_297C_1710.bmp,trajectory,,False,13.620023,2.603501
/content/quantum rheed codex/data/original data/Trajectories/2022-02-04/074_RR220204A_297C_1711.bmp,trajectory,,False,13.973549,2.544171
/content/quantum rheed codex/data/original data/Trajectories/2022-02-04/075_RR220204A_298C_1712.bmp,trajectory,,False,13.483079,2.3825343
/content/quantum rheed codex/data/original data/Trajectories/2022-02-04/076_RR220204A_299C_1713.bmp,trajectory,,False,13.573128,2.3116887
/content/quantum rheed codex/data/original data/Trajectories/2022-02-04/077_RR220204A_300C_1715.bmp,trajectory,,False,13.806504,2.5910378
/content/quantum rheed codex/data/original data/Trajectories/2022-02-04/078_RR220204A_300C_1716.bmp,trajectory,,False,13.496059,2.2962337
/content/quantum rheed codex/data/original data/Trajectories/2022-02-04/079_RR220204A_301C_1717.bmp,trajectory,,False,13.599878,2.2254457
/content/quantum rheed codex/data/original data/Trajectories/2022-02-04/080_RR220204A_301C_1718.bmp,trajectory,,False,13.476821,2.1618912
/content/quantum rheed codex/data/original data/Trajectories/2022-02-04/081_RR220204A_344C_1719.bmp,trajectory,,False,13.576889,2.2994764
/content/quantum rheed codex/data/original data/Trajectories/2022-02-04/082_RR220204A_358C_1719.bmp,trajectory,,False,13.510094,2.5126276
/content/quantum rheed codex/data/original data/Trajectories/2022-02-04/083_RR220204A_365C_1720.bmp,trajectory,,False,13.61455,2.5336006
/content/quantum rheed codex/data/original data/Trajectories/2022-02-04/084_RR220204A_373C_1720.bmp,trajectory,,False,13.51685,2.5551243
/content/quantum rheed codex/data/original data/Trajectories/2022-02-04/085_RR220204A_378C_1720.bmp,trajectory,,False,13.589813,2.3913922
/content/quantum rheed codex/data/original data/Trajectories/2022-02-04/086_RR220204A_387C_1721.bmp,trajectory,,False,13.371466,2.3300776
/content/quantum rheed codex/data/original data/Trajectories/2022-02-04/087_RR220204A_389C_1721.bmp,trajectory,,False,13.262933,1.872695
/content/quantum rheed codex/data/original data/Trajectories/2022-02-04/088_RR220204A_382C_1721-01.bmp,trajectory,,False,13.261626,2.364266
/content/quantum rheed codex/data/original data/Trajectories/2022-02-04/089_RR220204A_382C_1721-02.bmp,trajectory,,False,13.492015,2.3316529
/content/quantum rheed codex/data/original data/Trajectories/2022-02-04/090_RR220204A_394C_1722.bmp,trajectory,,False,13.237323,1.7557416
/content/quantum rheed codex/data/original data/Trajectories/2022-02-04/091_RR220204A_393C_1722.bmp,trajectory,,False,13.619713,2.211933
/content/quantum rheed codex/data/original data/Trajectories/2022-02-04/092_RR220204A_396C_1722.bmp,trajectory,,False,13.195424,2.2407212
/content/quantum rheed codex/data/original data/Trajectories/2022-02-04/093_RR220204A_397C_1722.bmp,trajectory,,False,13.218132,1.9134722
/content/quantum rheed codex/data/original data/Trajectories/2022-02-04/094_RR220204A_400C_1724.bmp,trajectory,,False,13.41393,2.298077
/content/quantum rheed codex/data/original data/Trajectories/2022-02-04/095_RR220204A_403C_1725.bmp,trajectory,,False,13.696451,2.3346624
/content/quantum rheed codex/data/original data/Trajectories/2022-02-04/096_RR220204A_404C_1726.bmp,trajectory,,False,13.321123,2.0317917
/content/quantum rheed codex/data/original data/Trajectories/2022-02-04/097_RR220204A_405C_1727.bmp,trajectory,,False,13.461018,2.2529628
/content/quantum rheed codex/data/original data/Trajectories/2022-02-04/098_RR220204A_406C_1728.bmp,trajectory,,False,13.402432,2.2346015
/content/quantum rheed codex/data/original data/Trajectories/2022-02-04/099_RR220204A_406C_1729.bmp,trajectory,,False,13.228858,1.8361698
/content/quantum rheed codex/data/original data/Trajectories/2022-02-04/100_RR220204A_407C_1730.bmp,trajectory,,False,13.448898,2.1973765
/content/quantum rheed codex/data/original data/Trajectories/2022-02-04/101_RR220204A_407C_1731.bmp,trajectory,,False,13.408233,2.5198019
/content/quantum rheed codex/data/original data/Trajectories/2022-02-04/102_RR220204A_408C_1732.bmp,trajectory,,False,13.569303,2.5979927
/content/quantum rheed codex/data/original data/Trajectories/2022-02-04/103_RR220204A_408C_1733.bmp,trajectory,,False,13.600402,2.3249688
/content/quantum rheed codex/data/original data/Trajectories/2022-02-04/104_RR220204A_408C_1734.bmp,trajectory,,False,13.453273,2.1481469
/content/quantum rheed codex/data/original data/Trajectories/2022-02-04/105_RR220204A_409C_1735.bmp,trajectory,,False,13.523726,1.8928499
/content/quantum rheed codex/data/original data/Trajectories/2022-02-04/106_RR220204A_430C_1736.bmp,trajectory,,False,13.169933,1.5827935
/content/quantum rheed codex/data/original data/Trajectories/2022-02-04/107_RR220204A_409C_1736.bmp,trajectory,,False,13.3516,1.7004225
/content/quantum rheed codex/data/original data/Trajectories/2022-02-04/108_RR220204A_421C_1736.bmp,trajectory,,False,13.263967,1.6580337
/content/quantum rheed codex/data/original data/Trajectories/2022-02-04/109_RR220204A_437C_1737.bmp,trajectory,,False,13.385226,2.1171527
/content/quantum rheed codex/data/original data/Trajectories/2022-02-04/110_RR220204A_438C_1737.bmp,trajectory,,False,13.467432,2.238273
/content/quantum rheed codex/data/original data/Trajectories/2022-02-04/111_RR220204A_435C_1737.bmp,trajectory,,False,13.385226,2.1171527
/content/quantum rheed codex/data/original data/Trajectories/2022-02-04/112_RR220204A_442C_1738.bmp,trajectory,,False,13.309674,1.9458123
/content/quantum rheed codex/data/original data/Trajectories/2022-02-04/113_RR220204A_443C_1738.bmp,trajectory,,False,13.495587,1.9161489
/content/quantum rheed codex/data/original data/Trajectories/2022-02-04/114_RR220204A_440C_1738.bmp,trajectory,,False,13.467432,2.238273
/content/quantum rheed codex/data/original data/Trajectories/2022-02-04/115_RR220204A_441C_1738.bmp,trajectory,,False,13.467432,2.238273
/content/quantum rheed codex/data/original data/Trajectories/2022-02-04/116_RR220204A_445C_1739.bmp,trajectory,,False,13.573207,2.2765975
/content/quantum rheed codex/data/original data/Trajectories/2022-02-04/117_RR220204A_445C_1740.bmp,trajectory,,False,13.494188,2.065042
/content/quantum rheed codex/data/original data/Trajectories/2022-02-04/118_RR220204A_445C_1741.bmp,trajectory,,False,13.376895,2.0276031
/content/quantum rheed codex/data/original data/Trajectories/2022-02-04/119_RR220204A_445C_1743.bmp,trajectory,,False,13.0636,1.7500225
/content/quantum rheed codex/data/original data/Trajectories/2022-02-04/120_RR220204A_445C_1744.bmp,trajectory,,False,13.445789,2.05343
/content/quantum rheed codex/data/original data/Trajectories/2022-02-04/121_RR220204A_444C_1745.bmp,trajectory,,False,13.070342,1.823245
/content/quantum rheed codex/data/original data/Trajectories/2022-02-04/122_RR220204A_444C_1746.bmp,trajectory,,False,13.484824,1.8995107
/content/quantum rheed codex/data/original data/Trajectories/2022-02-04/123_RR220204A_444C_1747.bmp,trajectory,,False,13.4419,1.9443768
/content/quantum rheed codex/data/original data/Trajectories/2022-02-04/124_RR220204A_444C_1748.bmp,trajectory,,False,13.413446,2.1079087
/content/quantum rheed codex/data/original data/Trajectories/2022-02-04/125_RR220204A_444C_1749.bmp,trajectory,,False,13.099293,1.8948911
/content/quantum rheed codex/data/original data/Trajectories/2022-02-04/126_RR220204A_443C_1750.bmp,trajectory,,False,13.396024,1.9790251
/content/quantum rheed codex/data/original data/Trajectories/2022-02-04/127_RR220204A_461C_1753.bmp,trajectory,,False,13.398381,1.9420514
/content/quantum rheed codex/data/original data/Trajectories/2022-02-04/128_RR220204A_459C_1753.bmp,trajectory,,False,13.341319,1.7156138
/content/quantum rheed codex/data/original data/Trajectories/2022-02-04/129_RR220204A_465C_1753.bmp,trajectory,,False,13.081894,1.5241115
/content/quantum rheed codex/data/original data/Trajectories/2022-02-04/130_RR220204A_463C_1753.bmp,trajectory,,False,13.398381,1.9420514
/content/quantum rheed codex/data/original data/Trajectories/2022-02-04/131_RR220204A_466C_1754.bmp,trajectory,,False,13.298065,1.5416363
/content/quantum rheed codex/data/original data/Trajectories/2022-02-04/132_RR220204A_468C_1754.bmp,trajectory,,False,13.304639,1.6525726
/content/quantum rheed codex/data/original data/Trajectories/2022-02-04/133_RR220204A_467C_1754-01.bmp,trajectory,,False,13.414698,1.8464508
/content/quantum rheed codex/data/original data/Trajectories/2022-02-04/134_RR220204A_467C_1754-02.bmp,trajectory,,False,13.315239,1.8578662
/content/quantum rheed codex/data/original data/Trajectories/2022-02-04/135_RR220204A_468C_1755.bmp,trajectory,,False,13.086949,1.6295561
/content/quantum rheed codex/data/original data/Trajectories/2022-02-04/136_RR220204A_469C_1755-01.bmp,trajectory,,False,13.109841,1.6327088
/content/quantum rheed codex/data/original data/Trajectories/2022-02-04/137_RR220204A_469C_1755-02.bmp,trajectory,,False,13.331629,1.7744448
/content/quantum rheed codex/data/original data/Trajectories/2022-02-04/138_RR220204A_470C_1756.bmp,trajectory,,False,13.243714,1.7920747
/content/quantum rheed codex/data/original data/Trajectories/2022-02-04/139_RR220204A_470C_1758.bmp,trajectory,,False,13.28667,1.9030979
/content/quantum rheed codex/data/original data/Trajectories/2022-02-04/140_RR220204A_470C_1759.bmp,trajectory,,False,13.467559,2.0211816
/content/quantum rheed codex/data/original data/Trajectories/2022-02-04/141_RR220204A_471C_1759.bmp,trajectory,,False,13.578676,2.0531774
/content/quantum rheed codex/data/original data/Trajectories/2022-02-04/142_RR220204A_471C_1801.bmp,trajectory,,False,13.134117,1.7511357
/content/quantum rheed codex/data/original data/Trajectories/2022-02-04/143_RR220204A_471C_1802.bmp,trajectory,,False,13.510358,2.0084805
/content/quantum rheed codex/data/original data/Trajectories/2022-02-04/144_RR220204A_473C_1803.bmp,trajectory,,False,13.175029,1.482009
/content/quantum rheed codex/data/original data/Trajectories/2022-02-04/145_RR220204A_471C_1803.bmp,trajectory,,False,13.218861,1.4170151
/content/quantum rheed codex/data/original data/Trajectories/2022-02-04/146_RR220204A_484C_1804.bmp,trajectory,,False,13.060636,1.6949781
/content/quantum rheed codex/data/original data/Trajectories/2022-02-04/147_RR220204A_486C_1804.bmp,trajectory,,False,13.2000065,1.7151654
/content/quantum rheed codex/data/original data/Trajectories/2022-02-04/148_RR220204A_480C_1804.bmp,trajectory,,False,13.546574,2.0145187
/content/quantum rheed codex/data/original data/Trajectories/2022-02-04/149_RR220204A_487C_1804.bmp,trajectory,,False,12.979561,1.4827282
/content/quantum rheed codex/data/original data/Trajectories/2022-02-04/150_RR220204A_487C_1805.bmp,trajectory,,False,13.132109,1.6275103
/content/quantum rheed codex/data/original data/Trajectories/2022-02-04/151_RR220204A_488C_1805-01.bmp,trajectory,,False,13.447987,1.6980253
/content/quantum rheed codex/data/original data/Trajectories/2022-02-04/152_RR220204A_488C_1805-02.bmp,trajectory,,False,13.236363,1.8279271
/content/quantum rheed codex/data/original data/Trajectories/2022-02-04/153_RR220204A_489C_1806.bmp,trajectory,,False,12.96715,1.4459524
/content/quantum rheed codex/data/original data/Trajectories/2022-02-04/154_RR220204A_489C_1807.bmp,trajectory,,False,13.016634,1.4865392
/content/quantum rheed codex/data/original data/Trajectories/2022-02-04/155_RR220204A_490C_1807.bmp,trajectory,,False,13.217638,1.245259
/content/quantum rheed codex/data/original data/Trajectories/2022-02-04/156_RR220204A_490C_1808.bmp,trajectory,,False,12.872484,1.5007365
/content/quantum rheed codex/data/original data/Trajectories/2022-02-04/157_RR220204A_498C_1809.bmp,trajectory,,False,12.953129,1.4543393
/content/quantum rheed codex/data/original data/Trajectories/2022-02-04/158_RR220204A_490C_1809.bmp,trajectory,,False,13.012146,1.4137783
/content/quantum rheed codex/data/original data/Trajectories/2022-02-04/159_RR220204A_501C_1809-01.bmp,trajectory,,False,13.36633,1.714145
/content/quantum rheed codex/data/original data/Trajectories/2022-02-04/160_RR220204A_501C_1809-02.bmp,trajectory,,False,13.107024,1.6149122
/content/quantum rheed codex/data/original data/Trajectories/2022-02-04/161_RR220204A_504C_1810.bmp,trajectory,,False,13.190673,1.8775103
/content/quantum rheed codex/data/original data/Trajectories/2022-02-04/162_RR220204A_506C_1810-01.bmp,trajectory,,False,13.278221,1.7256918
/content/quantum rheed codex/data/original data/Trajectories/2022-02-04/163_RR220204A_506C_1810-02.bmp,trajectory,,False,13.308241,1.4680376
/content/quantum rheed codex/data/original data/Trajectories/2022-02-04/164_RR220204A_507C_1811.bmp,trajectory,,False,13.028708,1.3441875
/content/quantum rheed codex/data/original data/Trajectories/2022-02-04/165_RR220204A_508C_1812.bmp,trajectory,,False,13.230462,1.7417921
/content/quantum rheed codex/data/original data/Trajectories/2022-02-04/166_RR220204A_508C_1813.bmp,trajectory,,False,13.490253,1.6720384
/content/quantum rheed codex/data/original data/Trajectories/2022-02-04/167_RR220204A_509C_1814.bmp,trajectory,,False,12.919409,1.5579959
/content/quantum rheed codex/data/original data/Trajectories/2022-02-04/168_RR220204A_508C_1817.bmp,trajectory,,False,13.096494,1.5125637
/content/quantum rheed codex/data/original data/Trajectories/2022-02-04/169_RR220204A_511C_1817.bmp,trajectory,,False,13.155912,1.8033663
/content/quantum rheed codex/data/original data/Trajectories/2022-02-04/170_RR220204A_536C_1818.bmp,trajectory,,False,12.985895,1.4130507
/content/quantum rheed codex/data/original data/Trajectories/2022-02-04/171_RR220204A_531C_1818.bmp,trajectory,,False,13.099694,1.4662831
/content/quantum rheed codex/data/original data/Trajectories/2022-02-04/172_RR220204A_539C_1818.bmp,trajectory,,False,12.811715,1.2399137
/content/quantum rheed codex/data/original data/Trajectories/2022-02-04/173_RR220204A_534C_1818.bmp,trajectory,,False,13.026851,1.1946183
/content/quantum rheed codex/data/original data/Trajectories/2022-02-04/174_RR220204A_527C_1818.bmp,trajectory,,False,13.374015,1.494109
/content/quantum rheed codex/data/original data/Trajectories/2022-02-04/175_RR220204A_540C_1819.bmp,trajectory,,False,13.128774,1.5682453
/content/quantum rheed codex/data/original data/Trajectories/2022-02-04/176_RR220204A_543C_1820.bmp,trajectory,,False,13.041775,1.4986491
/content/quantum rheed codex/data/original data/Trajectories/2022-02-04/177_RR220204A_544C_1821.bmp,trajectory,,False,13.167214,1.7963071
/content/quantum rheed codex/data/original data/Trajectories/2022-02-04/178_RR220204A_544C_1822.bmp,trajectory,,False,13.049397,1.495834
/content/quantum rheed codex/data/original data/Trajectories/2022-02-04/179_RR220204A_544C_1823.bmp,trajectory,,False,13.029785,1.448657
/content/quantum rheed codex/data/original data/Trajectories/2022-02-04/180_RR220204A_553C_1824.bmp,trajectory,,False,13.539627,1.7407812
/content/quantum rheed codex/data/original data/Trajectories/2022-02-04/181_RR220204A_572C_1825.bmp,trajectory,,False,12.8873005,1.048093
/content/quantum rheed codex/data/original data/Trajectories/2022-02-04/182_RR220204A_567C_1825.bmp,trajectory,,False,13.162962,1.4729651
/content/quantum rheed codex/data/original data/Trajectories/2022-02-04/183_RR220204A_569C_1825.bmp,trajectory,,False,12.818309,1.2386793
/content/quantum rheed codex/data/original data/Trajectories/2022-02-04/184_RR220204A_576C_1826.bmp,trajectory,,False,13.235705,1.4584411
/content/quantum rheed codex/data/original data/Trajectories/2022-02-04/185_RR220204A_577C_1826.bmp,trajectory,,False,13.337809,1.541715
/content/quantum rheed codex/data/original data/Trajectories/2022-02-04/186_RR220204A_578C_1827.bmp,trajectory,,False,13.145707,1.4275166
/content/quantum rheed codex/data/original data/Trajectories/2022-02-04/187_RR220204A_579C_1828.bmp,trajectory,,False,12.862603,1.4605595
/content/quantum rheed codex/data/original data/Trajectories/2022-02-04/188_RR220204A_579C_1829.bmp,trajectory,,False,13.020928,1.3513689
/content/quantum rheed codex/data/original data/Trajectories/2022-02-04/189_RR220204A_578C_1830.bmp,trajectory,,False,13.096497,1.3145169
/content/quantum rheed codex/data/original data/Trajectories/2022-02-04/190_RR220204A_603C_1831.bmp,trajectory,,False,12.853042,1.2720598
/content/quantum rheed codex/data/original data/Trajectories/2022-02-04/191_RR220204A_582C_1831.bmp,trajectory,,False,13.104415,1.319201
/content/quantum rheed codex/data/original data/Trajectories/2022-02-04/192_RR220204A_607C_1831.bmp,trajectory,,False,13.143963,1.2740537
/content/quantum rheed codex/data/original data/Trajectories/2022-02-04/193_RR220204A_609C_1832.bmp,trajectory,,False,12.796591,1.0668385
/content/quantum rheed codex/data/original data/Trajectories/2022-02-04/194_RR220204A_610C_1832.bmp,trajectory,,False,12.728688,1.3522772
/content/quantum rheed codex/data/original data/Trajectories/2022-02-04/195_RR220204A_611C_1832.bmp,trajectory,,False,13.138948,1.4486382
/content/quantum rheed codex/data/original data/Trajectories/2022-02-04/196_RR220204A_611C_1834.bmp,trajectory,,False,12.933233,1.3392242
/content/quantum rheed codex/data/original data/Trajectories/2022-02-04/197_RR220204A_611C_1835.bmp,trajectory,,False,12.6927805,0.9717594
/content/quantum rheed codex/data/original data/Trajectories/2022-02-04/198_RR220204A_610C_1836.bmp,trajectory,,False,13.059226,1.4384184
/content/quantum rheed codex/data/original data/Trajectories/2022-02-04/199_RR220204A_636C_1837.bmp,trajectory,,False,13.045576,1.2133106
/content/quantum rheed codex/data/original data/Trajectories/2022-02-04/200_RR220204A_627C_1837.bmp,trajectory,,False,13.124375,1.2302499
/content/quantum rheed codex/data/original data/Trajectories/2022-02-04/201_RR220204A_642C_1838.bmp,trajectory,,False,13.190253,1.0899628
/content/quantum rheed codex/data/original data/Trajectories/2022-02-04/202_RR220204A_641C_1838.bmp,trajectory,,False,13.528936,1.6712829
/content/quantum rheed codex/data/original data/Trajectories/2022-02-04/203_RR220204A_640C_1838.bmp,trajectory,,False,12.931544,1.0815805
/content/quantum rheed codex/data/original data/Trajectories/2022-02-04/204_RR220204A_642C_1839-01.bmp,trajectory,,False,13.256787,1.6132629
/content/quantum rheed codex/data/original data/Trajectories/2022-02-04/205_RR220204A_642C_1839-02.bmp,trajectory,,False,13.358628,1.576658
/content/quantum rheed codex/data/original data/Trajectories/2022-02-04/206_RR220204A_641C_1841.bmp,trajectory,,False,13.116168,1.2727346
/content/quantum rheed codex/data/original data/Trajectories/2022-02-04/207_RR220204A_640C_1842.bmp,trajectory,,False,13.088914,1.0837271
/content/quantum rheed codex/data/original data/Trajectories/2022-02-04/208_RR220204A_639C_1843.bmp,trajectory,,False,13.026259,1.1575384
/content/quantum rheed codex/data/original data/Trajectories/2022-02-04/209_RR220204A_637C_1845.bmp,trajectory,,False,12.981509,0.7996956
/content/quantum rheed codex/data/original data/Trajectories/2022-02-04/210_RR220204A_651C_1846.bmp,trajectory,,False,13.054253,0.98461246
/content/quantum rheed codex/data/original data/Trajectories/2022-02-04/211_RR220204A_667C_1847.bmp,trajectory,,False,13.365921,1.1557771
/content/quantum rheed codex/data/original data/Trajectories/2022-02-04/212_RR220204A_669C_1847.bmp,trajectory,,False,13.2337675,1.1335348
/content/quantum rheed codex/data/original data/Trajectories/2022-02-04/213_RR220204A_668C_1847.bmp,trajectory,,False,13.087979,1.0510527
/content/quantum rheed codex/data/original data/Trajectories/2022-02-04/214_RR220204A_665C_1847.bmp,trajectory,,False,13.038973,1.0615441
/content/quantum rheed codex/data/original data/Trajectories/2022-02-04/215_RR220204A_669C_1848.bmp,trajectory,,False,13.015143,1.0616511
/content/quantum rheed codex/data/original data/Trajectories/2022-02-04/216_RR220204A_670C_1848.bmp,trajectory,,False,13.240105,1.1775926
/content/quantum rheed codex/data/original data/Trajectories/2022-02-04/217_RR220204A_670C_1850.bmp,trajectory,,False,13.263799,1.2167305
/content/quantum rheed codex/data/original data/Trajectories/2022-02-04/218_RR220204A_669C_1851.bmp,trajectory,,False,12.965788,0.96073943
/content/quantum rheed codex/data/original data/Trajectories/2022-02-04/219_RR220204A_668C_1852.bmp,trajectory,,False,13.190299,1.2162547
/content/quantum rheed codex/data/original data/Trajectories/2022-02-04/220_RR220204A_668C_1853.bmp,trajectory,,False,13.266885,1.3810191
/content/quantum rheed codex/data/original data/Trajectories/2022-02-04/221_RR220204A_666C_1854.bmp,trajectory,,False,13.240948,1.4387996
/content/quantum rheed codex/data/original data/Trajectories/2022-02-04/222_RR220204A_666C_1855.bmp,trajectory,,False,13.19285,1.2717317
/content/quantum rheed codex/data/original data/Trajectories/2022-02-04/223_RR220204A_666C_1856.bmp,trajectory,,False,13.294414,1.4413056
/content/quantum rheed codex/data/original data/Trajectories/2022-02-04/224_RR220204A_697C_1857.bmp,trajectory,,False,12.789952,1.0047934
/content/quantum rheed codex/data/original data/Trajectories/2022-02-04/225_RR220204A_690C_1857.bmp,trajectory,,False,13.1990185,1.4382876
/content/quantum rheed codex/data/original data/Trajectories/2022-02-04/226_RR220204A_698C_1857.bmp,trajectory,,False,13.263006,1.4130716
/content/quantum rheed codex/data/original data/Trajectories/2022-02-04/227_RR220204A_699C_1859.bmp,trajectory,,False,12.999141,1.1131828
/content/quantum rheed codex/data/original data/Trajectories/2022-02-04/228_RR220204A_696C_1901-01.bmp,trajectory,,False,13.291108,1.2839185
/content/quantum rheed codex/data/original data/Trajectories/2022-02-04/229_RR220204A_696C_1901-02.bmp,trajectory,,False,12.998816,1.3738904
/content/quantum rheed codex/data/original data/Trajectories/2022-02-04/230_RR220204A_695C_1902.bmp,trajectory,,False,12.90759,1.178089
/content/quantum rheed codex/data/original data/Trajectories/2022-02-04/231_RR220204A_694C_1903.bmp,trajectory,,False,12.929262,1.3661939
/content/quantum rheed codex/data/original data/Trajectories/2022-02-04/232_RR220204A_725C_1904.bmp,trajectory,,False,13.1272335,1.654774
/content/quantum rheed codex/data/original data/Trajectories/2022-02-04/233_RR220204A_709C_1904.bmp,trajectory,,False,13.042466,1.5361836
/content/quantum rheed codex/data/original data/Trajectories/2022-02-04/234_RR220204A_723C_1904.bmp,trajectory,,False,13.08892,1.3348917
/content/quantum rheed codex/data/original data/Trajectories/2022-02-04/235_RR220204A_725C_1905.bmp,trajectory,,False,12.908167,1.5377761
/content/quantum rheed codex/data/original data/Trajectories/2022-02-04/236_RR220204A_726C_1905.bmp,trajectory,,False,12.997773,1.5394452
/content/quantum rheed codex/data/original data/Trajectories/2022-02-04/237_RR220204A_725C_1906.bmp,trajectory,,False,12.844455,1.5075495
/content/quantum rheed codex/data/original data/Trajectories/2022-02-04/238_RR220204A_722C_1908.bmp,trajectory,,False,13.016744,1.4711154
/content/quantum rheed codex/data/original data/Trajectories/2022-02-04/239_RR220204A_720C_1910.bmp,trajectory,,False,12.569399,1.1464615
/content/quantum rheed codex/data/original data/Trajectories/2022-02-04/240_RR220204A_730C_1911.bmp,trajectory,,False,12.442354,1.136236
/content/quantum rheed codex/data/original data/Trajectories/2022-02-04/241_RR220204A_736C_1911.bmp,trajectory,,False,12.699178,1.908977
/content/quantum rheed codex/data/original data/Trajectories/2022-02-04/242_RR220204A_720C_1911.bmp,trajectory,,False,12.588402,1.4675548
/content/quantum rheed codex/data/original data/Trajectories/2022-02-04/243_RR220204A_740C_1912.bmp,trajectory,,False,12.549383,1.730067
/content/quantum rheed codex/data/original data/Trajectories/2022-02-04/244_RR220204A_737C_1912.bmp,trajectory,,False,12.508692,1.3800303
/content/quantum rheed codex/data/original data/Trajectories/2022-02-04/245_RR220204A_741C_1913.bmp,trajectory,,False,12.536595,1.6595757
/content/quantum rheed codex/data/original data/Trajectories/2022-02-04/246_RR220204A_742C_1914.bmp,trajectory,,False,12.332913,1.4617759
/content/quantum rheed codex/data/original data/Trajectories/2022-02-04/247_RR220204A_743C_1915.bmp,trajectory,,False,12.648523,1.5021328
/content/quantum rheed codex/data/original data/Trajectories/2022-02-04/248_RR220204A_745C_1916.bmp,trajectory,,False,12.4676895,1.3981673
/content/quantum rheed codex/data/original data/Trajectories/2022-02-04/249_RR220204A_746C_1917.bmp,trajectory,,False,12.249045,1.4433151
/content/quantum rheed codex/data/original data/Trajectories/2022-02-04/250_RR220204A_747C_1919.bmp,trajectory,,False,12.048413,1.6065456
/content/quantum rheed codex/data/original data/Trajectories/2022-02-04/251_RR220204A_747C_1920.bmp,trajectory,,False,11.846913,1.2411826
/content/quantum rheed codex/data/original data/Trajectories/2022-02-04/252_RR220204A_776C_1923.bmp,trajectory,,False,12.074031,1.4767479
/content/quantum rheed codex/data/original data/Trajectories/2022-02-04/253_RR220204A_782C_1923.bmp,trajectory,,False,11.54357,1.0590858
/content/quantum rheed codex/data/original data/Trajectories/2022-02-04/254_RR220204A_781C_1924.bmp,trajectory,,False,11.877951,1.6452512
/content/quantum rheed codex/data/original data/Trajectories/2022-02-04/255_RR220204A_780C_1925.bmp,trajectory,,False,11.793297,1.4027096
/content/quantum rheed codex/data/original data/Trajectories/2022-02-04/256_RR220204A_777C_1926.bmp,trajectory,,False,11.56799,1.0518581
/content/quantum rheed codex/data/original data/Trajectories/2022-02-04/257_RR220204A_774C_1927.bmp,trajectory,,False,11.463706,1.1883688
/content/quantum rheed codex/data/original data/Trajectories/2022-02-04/258_RR220204A_772C_1928.bmp,trajectory,,False,11.582983,1.6598321
/content/quantum rheed codex/data/original data/Trajectories/2022-02-04/259_RR220204A_789C_1929.bmp,trajectory,,False,11.4087,1.3150505
/content/quantum rheed codex/data/original data/Trajectories/2022-02-04/260_RR220204A_786C_1929.bmp,trajectory,,False,11.371646,1.303814
/content/quantum rheed codex/data/original data/Trajectories/2022-02-04/261_RR220204A_790C_1930.bmp,trajectory,,False,11.431507,0.97720015
/content/quantum rheed codex/data/original data/Trajectories/2022-02-04/262_RR220204A_793C_1932.bmp,trajectory,,False,11.709649,1.440286
/content/quantum rheed codex/data/original data/Trajectories/2022-02-04/263_RR220204A_793C_1934.bmp,trajectory,,False,11.1229515,1.1998105
/content/quantum rheed codex/data/original data/Trajectories/2022-02-04/264_RR220204A_793C_1935.bmp,trajectory,,False,11.451854,1.1474415
/content/quantum rheed codex/data/original data/Trajectories/2022-02-04/265_RR220204A_788C_1937.bmp,trajectory,,False,11.570744,1.497319
/content/quantum rheed codex/data/original data/Trajectories/2022-02-04/266_RR220204A_783C_1938.bmp,trajectory,,False,11.174305,1.0868014
/content/quantum rheed codex/data/original data/Trajectories/2022-02-04/267_RR220204A_793C_1940.bmp,trajectory,,False,11.178697,1.1311235
/content/quantum rheed codex/data/original data/Trajectories/2022-02-04/268_RR220204A_795C_1940.bmp,trajectory,,False,11.161465,1.0115101
/content/quantum rheed codex/data/original data/Trajectories/2022-02-04/269_RR220204A_797C_1941.bmp,trajectory,,False,11.447004,1.3501256
/content/quantum rheed codex/data/original data/Trajectories/2022-02-04/270_RR220204A_797C_1942.bmp,trajectory,,False,11.524716,1.3524356
/content/quantum rheed codex/data/original data/Trajectories/2022-02-04/271_RR220204A_794C_1944.bmp,trajectory,,False,11.3885145,1.6674272
/content/quantum rheed codex/data/original data/Trajectories/2022-02-04/272_RR220204A_797C_1947.bmp,trajectory,,False,11.237775,1.0218441
/content/quantum rheed codex/data/original data/Trajectories/2022-02-04/273_RR220204A_797C_1950.bmp,trajectory,,False,10.975459,1.2289078
/content/quantum rheed codex/data/original data/Trajectories/2022-02-04/274_RR220204A_816C_1951.bmp,trajectory,,False,11.035194,1.086573
/content/quantum rheed codex/data/original data/Trajectories/2022-02-04/275_RR220204A_819C_1951-01.bmp,trajectory,,False,10.903587,1.0131392
/content/quantum rheed codex/data/original data/Trajectories/2022-02-04/276_RR220204A_819C_1951-02.bmp,trajectory,,False,11.095778,1.3182951
/content/quantum rheed codex/data/original data/Trajectories/2022-02-04/277_RR220204A_814C_1953.bmp,trajectory,,False,11.107915,1.4283763
/content/quantum rheed codex/data/original data/Trajectories/2022-02-04/278_RR220204A_811C_1954.bmp,trajectory,,False,10.924279,1.4018513
/content/quantum rheed codex/data/original data/Trajectories/2022-02-04/279_RR220204A_812C_1956.bmp,trajectory,,False,10.647787,1.0418992
/content/quantum rheed codex/data/original data/Trajectories/2022-02-04/280_RR220204A_809C_1958.bmp,trajectory,,False,10.768203,1.3204077
/content/quantum rheed codex/data/original data/Trajectories/2022-02-04/281_RR220204A_806C_2000.bmp,trajectory,,False,10.603245,1.0622976
/content/quantum rheed codex/data/original data/Trajectories/2022-02-04/282_RR220204A_808C_2002.bmp,trajectory,,False,11.234892,1.4060526
/content/quantum rheed codex/data/original data/Trajectories/2022-02-04/283_RR220204A_807C_2003.bmp,trajectory,,False,11.085735,1.3797421
/content/quantum rheed codex/data/original data/Trajectories/2022-02-04/284_RR220204A_806C_2006.bmp,trajectory,,False,10.702601,0.7483645
/content/quantum rheed codex/data/original data/Trajectories/2022-02-04/285_RR220204A_820C_2007.bmp,trajectory,,False,10.135658,0.7590724
/content/quantum rheed codex/data/original data/Trajectories/2022-02-04/286_RR220204A_821C_2007.bmp,trajectory,,False,10.351638,0.58244026
/content/quantum rheed codex/data/original data/Trajectories/2022-02-04/287_RR220204A_851C_2008.bmp,trajectory,,False,10.390474,1.2900857
/content/quantum rheed codex/data/original data/Trajectories/2022-02-04/288_RR220204A_839C_2008.bmp,trajectory,,False,10.145278,0.78422105
/content/quantum rheed codex/data/original data/Trajectories/2022-02-04/289_RR220204A_853C_2008.bmp,trajectory,,False,9.214119,0.43836024
/content/quantum rheed codex/data/original data/Trajectories/2022-02-04/290_RR220204A_849C_2010.bmp,trajectory,,False,9.157236,0.4685067
/content/quantum rheed codex/data/original data/Trajectories/2022-02-04/291_RR220204A_848C_2011.bmp,trajectory,,False,9.528722,0.70578843
/content/quantum rheed codex/data/original data/Trajectories/2022-02-04/292_RR220204A_846C_2012.bmp,trajectory,,False,9.713047,0.81556004
/content/quantum rheed codex/data/original data/Trajectories/2022-02-04/293_RR220204A_845C_2013.bmp,trajectory,,False,9.684474,0.7117163
/content/quantum rheed codex/data/original data/Trajectories/2022-02-04/294_RR220204A_843C_2014.bmp,trajectory,,False,9.263693,0.65106
/content/quantum rheed codex/data/original data/Trajectories/2022-02-04/295_RR220204A_882C_2015.bmp,trajectory,,False,8.472858,0.27103737
/content/quantum rheed codex/data/original data/Trajectories/2022-02-04/296_RR220204A_869C_2015.bmp,trajectory,,False,8.839022,0.5120321
/content/quantum rheed codex/data/original data/Trajectories/2022-02-04/297_RR220204A_880C_2015.bmp,trajectory,,False,8.470717,0.4842903
/content/quantum rheed codex/data/original data/Trajectories/2022-02-04/298_RR220204A_882C_2016.bmp,trajectory,,False,8.549686,0.51342744
/content/quantum rheed codex/data/original data/Trajectories/2022-02-04/299_RR220204A_882C_2017.bmp,trajectory,,False,9.019859,0.93180543
/content/quantum rheed codex/data/original data/Trajectories/2022-02-04/300_RR220204A_881C_2018.bmp,trajectory,,False,8.899999,0.89648294
/content/quantum rheed codex/data/original data/Trajectories/2022-02-04/301_RR220204A_881C_2020.bmp,trajectory,,False,8.955596,0.9632959
/content/quantum rheed codex/data/original data/Trajectories/2022-02-04/302_RR220204A_894C_2021.bmp,trajectory,,False,8.2414875,0.7075026
/content/quantum rheed codex/data/original data/Trajectories/2022-02-04/303_RR220204A_917C_2021.bmp,trajectory,,False,7.7723083,0.76826566
/content/quantum rheed codex/data/original data/Trajectories/2022-02-04/304_RR220204A_915C_2021.bmp,trajectory,,False,8.220526,1.0572278
/content/quantum rheed codex/data/original data/Trajectories/2022-02-04/305_RR220204A_915C_2023.bmp,trajectory,,False,8.146189,0.8083073
/content/quantum rheed codex/data/original data/Trajectories/2022-02-04/306_RR220204A_913C_2024.bmp,trajectory,,False,8.079059,0.7919364
/content/quantum rheed codex/data/original data/Trajectories/2022-02-04/307_RR220204A_912C_2025.bmp,trajectory,,False,7.862908,0.6099989
/content/quantum rheed codex/data/original data/Trajectories/2022-02-04/308_RR220204A_912C_2026.bmp,trajectory,,False,8.365826,1.0340136
/content/quantum rheed codex/data/original data/Trajectories/2022-02-04/309_RR220204A_911C_2027.bmp,trajectory,,False,7.9990635,0.6689983
/content/quantum rheed codex/data/original data/Trajectories/2022-02-04/310_RR220204A_910C_2028.bmp,trajectory,,False,7.422723,0.7795915
/content/quantum rheed codex/data/original data/Trajectories/2022-02-04/311_RR220204A_925C_2028.bmp,trajectory,,False,6.9366894,0.27865264
/content/quantum rheed codex/data/original data/Trajectories/2022-02-04/312_RR220204A_934C_2029.bmp,trajectory,,False,7.0007234,0.1535
/content/quantum rheed codex/data/original data/Trajectories/2022-02-04/313_RR220204A_935C_2029.bmp,trajectory,,False,7.5190296,0.38697174
/content/quantum rheed codex/data/original data/Trajectories/2022-02-04/314_RR220204A_937C_2030.bmp,trajectory,,False,6.8389897,0.46770152
/content/quantum rheed codex/data/original data/Trajectories/2022-02-04/315_RR220204A_936C_2031.bmp,trajectory,,False,6.95968,0.2941966
/content/quantum rheed codex/data/original data/Trajectories/2022-02-04/316_RR220204A_936C_2032.bmp,trajectory,,False,7.282667,0.5404433
/content/quantum rheed codex/data/original data/Trajectories/2022-02-04/317_RR220204A_935C_2033.bmp,trajectory,,False,6.7049,0.2427041
/content/quantum rheed codex/data/original data/Trajectories/2022-02-04/318_RR220204A_923C_2034.bmp,trajectory,,False,6.884052,0.13715556
/content/quantum rheed codex/data/original data/Trajectories/2022-02-04/319_RR220204A_918C_2037.bmp,trajectory,,False,13.806458,3.0789337
/content/quantum rheed codex/data/original data/Trajectories/2022-02-04/320_RR220204A_915C_2039.bmp,trajectory,,False,14.05787,3.5102444
/content/quantum rheed codex/data/original data/Trajectories/2022-02-04/321_RR220204A_914C_2041.bmp,trajectory,,False,14.1324415,3.3783278
/content/quantum rheed codex/data/original data/Trajectories/2022-02-04/322_RR220204A_914C_2043.bmp,trajectory,,False,13.6097555,3.2219884
/content/quantum rheed codex/data/original data/Trajectories/2022-02-04/323_RR220204A_914C_2045.bmp,trajectory,,False,13.500971,2.4716682
/content/quantum rheed codex/data/original data/Trajectories/2022-02-04/324_RR220204A_913C_2047.bmp,trajectory,,False,13.789128,3.0333586
/content/quantum rheed codex/data/original data/Trajectories/2022-02-04/325_RR220204A_915C_2049.bmp,trajectory,,False,13.448788,2.8794422
/content/quantum rheed codex/data/original data/Trajectories/2022-02-04/326_RR220204A_937C_2052.bmp,trajectory,,False,13.660982,2.2246265
/content/quantum rheed codex/data/original data/Trajectories/2022-02-04/327_RR220204A_912C_2052.bmp,trajectory,,False,13.363997,2.8732674
/content/quantum rheed codex/data/original data/Trajectories/2022-02-04/328_RR220204A_946C_2053.bmp,trajectory,,False,13.763475,2.7339127
/content/quantum rheed codex/data/original data/Trajectories/2022-02-04/329_RR220204A_946C_2054.bmp,trajectory,,False,13.705924,2.411284
/content/quantum rheed codex/data/original data/Trajectories/2022-02-04/330_RR220204A_943C_2055.bmp,trajectory,,False,13.58123,2.5998921
/content/quantum rheed codex/data/original data/Trajectories/2022-02-04/331_RR220204A_941C_2056.bmp,trajectory,,False,13.604746,2.3940628
/content/quantum rheed codex/data/original data/Trajectories/2022-02-04/332_RR220204A_941C_2057.bmp,trajectory,,False,13.578667,2.5981433
/content/quantum rheed codex/data/original data/Trajectories/2022-02-04/333_RR220204A_939C_2059.bmp,trajectory,,False,13.660156,2.662811
/content/quantum rheed codex/data/original data/Trajectories/2022-02-04/334_RR220204A_939C_2101.bmp,trajectory,,False,13.749651,2.7650583
/content/quantum rheed codex/data/original data/Trajectories/2022-02-04/335_RR220204A_940C_2102.bmp,trajectory,,False,13.339744,2.450076
/content/quantum rheed codex/data/original data/Trajectories/2022-02-04/336_RR220204A_942C_2104.bmp,trajectory,,False,13.868351,3.0150118
/content/quantum rheed codex/data/original data/Trajectories/2022-02-04/337_RR220204A_938C_2106.bmp,trajectory,,False,13.7625065,3.0842245
/content/quantum rheed codex/data/original data/Trajectories/2022-02-04/338_RR220204A_940C_2108.bmp,trajectory,,False,13.081934,2.371368
/content/quantum rheed codex/data/original data/Trajectories/2022-02-04/339_RR220204A_938C_2110.bmp,trajectory,,False,14.061844,3.1945012
/content/quantum rheed codex/data/original data/Trajectories/2022-02-04/340_RR220204A_936C_2112.bmp,trajectory,,False,13.213069,2.684359
/content/quantum rheed codex/data/original data/Trajectories/2022-02-04/341_RR220204A_937C_2114.bmp,trajectory,,False,13.235923,3.0161853
/content/quantum rheed codex/data/original data/Trajectories/2022-02-04/342_RR220204A_941C_2115.bmp,trajectory,,False,12.969574,2.3706136
/content/quantum rheed codex/data/original data/Trajectories/2022-02-04/343_RR220204A_964C_2116.bmp,trajectory,,False,11.981969,1.5469557
/content/quantum rheed codex/data/original data/Trajectories/2022-02-04/344_RR220204A_958C_2116.bmp,trajectory,,False,12.04355,1.9035686
/content/quantum rheed codex/data/original data/Trajectories/2022-02-04/345_RR220204A_963C_2120.bmp,trajectory,,False,11.981969,1.5469557
/content/quantum rheed codex/data/original data/Trajectories/2022-02-04/346_RR220204A_957C_2123.bmp,trajectory,,False,11.590063,1.376502
/content/quantum rheed codex/data/original data/Trajectories/2022-02-04/347_RR220204A_954C_2124.bmp,trajectory,,False,11.850069,1.7827235
/content/quantum rheed codex/data/original data/Trajectories/2022-02-04/348_RR220204A_955C_2128.bmp,trajectory,,False,11.496283,1.6192869
/content/quantum rheed codex/data/original data/Trajectories/2022-02-04/349_RR220204A_952C_2130.bmp,trajectory,,False,11.082692,1.2399731
/content/quantum rheed codex/data/original data/Trajectories/2022-02-04/350_RR220204A_955C_2133.bmp,trajectory,,False,10.87317,1.2755892
/content/quantum rheed codex/data/original data/Trajectories/2022-02-04/351_RR220204A_953C_2135.bmp,trajectory,,False,10.548233,0.9710239
/content/quantum rheed codex/data/original data/Trajectories/2022-02-04/352_RR220204A_951C_2137.bmp,trajectory,,False,10.746724,1.198444
/content/quantum rheed codex/data/original data/Trajectories/2022-02-04/353_RR220204A_950C_2139.bmp,trajectory,,False,10.878084,1.0542877
/content/quantum rheed codex/data/original data/Trajectories/2022-02-04/354_RR220204A_951C_2141.bmp,trajectory,,False,10.855511,0.87164223
/content/quantum rheed codex/data/original data/Trajectories/2022-02-04/355_RR220204A_948C_2142.bmp,trajectory,,False,10.541131,1.1225274
/content/quantum rheed codex/data/original data/Trajectories/2022-02-04/356_RR220204A_949C_2144.bmp,trajectory,,False,10.500749,0.9637148
/content/quantum rheed codex/data/original data/Trajectories/2022-02-04/357_RR220204A_950C_2147.bmp,trajectory,,False,10.007854,0.47042152
/content/quantum rheed codex/data/original data/Trajectories/2022-02-04/358_RR220204A_951C_2149.bmp,trajectory,,False,9.888285,0.6219485
/content/quantum rheed codex/data/original data/Trajectories/2022-02-04/359_RR220204A_949C_2151.bmp,trajectory,,False,9.530785,0.21654682
/content/quantum rheed codex/data/original data/Trajectories/2022-02-04/360_RR220204A_951C_2154.bmp,trajectory,,False,9.0295925,0.20051461
/content/quantum rheed codex/data/original data/Trajectories/2022-02-04/361_RR220204A_947C_2156.bmp,trajectory,,False,8.736117,-0.21617341
/content/quantum rheed codex/data/original data/Trajectories/2022-02-04/362_RR220204A_948C_2200.bmp,trajectory,,False,8.554396,-0.12119643
/content/quantum rheed codex/data/original data/Trajectories/2022-02-04/363_RR220204A_946C_2202.bmp,trajectory,,False,13.739971,3.0660565
/content/quantum rheed codex/data/original data/Trajectories/2022-02-04/364_RR220204A_950C_2207.bmp,trajectory,,False,14.190093,3.8885472
/content/quantum rheed codex/data/original data/Trajectories/2022-02-04/365_RR220204A_950C_2210.bmp,trajectory,,False,14.021673,3.3429477
/content/quantum rheed codex/data/original data/Trajectories/2022-02-04/366_RR220204A_946C_2215.bmp,trajectory,,False,14.160647,3.5580997
/content/quantum rheed codex/data/original data/Trajectories/2022-02-04/367_RR220204A_945C_2221.bmp,trajectory,,False,14.090524,3.2721703
/content/quantum rheed codex/data/original data/Trajectories/2022-02-04/368_RR220204A_942C_2226.bmp,trajectory,,False,14.085083,3.1604552
/content/quantum rheed codex/data/original data/Trajectories/2022-02-04/369_RR220204A_943C_2231.bmp,trajectory,,False,13.888422,3.3445194
/content/quantum rheed codex/data/original data/Trajectories/2022-02-04/370_RR220204A_941C_2237.bmp,trajectory,,False,14.100875,3.440708
/content/quantum rheed codex/data/original data/Trajectories/2022-02-04/371_RR220204A_944C_2240.bmp,trajectory,,False,13.881161,3.3946636
/content/quantum rheed codex/data/original data/Trajectories/2022-02-04/372_RR220204A_940C_2245.bmp,trajectory,,False,14.026092,3.5316164
/content/quantum rheed codex/data/original data/Trajectories/2022-02-04/373_RR220204A_942C_2250.bmp,trajectory,,False,13.85936,3.2625694
/content/quantum rheed codex/data/original data/Trajectories/2022-02-04/374_RR220204A_939C_2254.bmp,trajectory,,False,13.896591,3.0829334
/content/quantum rheed codex/data/original data/Trajectories/2022-02-04/375_RR220204A_943C_2300.bmp,trajectory,,False,13.700707,3.0465057
/content/quantum rheed codex/data/original data/Trajectories/2022-02-04/376_RR220204A_938C_2306.bmp,trajectory,,False,13.4660225,2.9107902
/content/quantum rheed codex/data/original data/Trajectories/2022-02-04/377_RR220204A_936C_2310.bmp,trajectory,,False,13.876691,2.9396315
/content/quantum rheed codex/data/original data/Trajectories/2022-02-04/378_RR220204A_938C_2312.bmp,trajectory,,False,14.006146,3.1055043
/content/quantum rheed codex/data/original data/Trajectories/2022-02-04/379_RR220204A_937C_2315.bmp,trajectory,,False,13.825332,2.8388715
/content/quantum rheed codex/data/original data/Trajectories/2022-02-04/380_RR220204A_937C_2323.bmp,trajectory,,False,13.712361,2.5899239
/content/quantum rheed codex/data/original data/Trajectories/2022-02-04/381_RR220204A_936C_2326.bmp,trajectory,,False,13.457127,2.7867172
/content/quantum rheed codex/data/original data/Trajectories/2022-02-04/382_RR220204A_935C_2330.bmp,trajectory,,False,13.674607,3.03619
/content/quantum rheed codex/data/original data/Trajectories/2022-02-04/383_RR220204A_937C_2331.bmp,trajectory,,False,13.71271,3.0075831
/content/quantum rheed codex/data/original data/Trajectories/2022-02-04/384_RR220204A_935C_2335.bmp,trajectory,,False,13.203739,2.4556615
/content/quantum rheed codex/data/original data/Trajectories/2022-02-04/385_RR220204A_939C_2340.bmp,trajectory,,False,13.764145,2.7079525
/content/quantum rheed codex/data/original data/Trajectories/2022-02-04/386_RR220204A_935C_2346.bmp,trajectory,,False,13.451702,2.8821826
/content/quantum rheed codex/data/original data/Trajectories/2022-02-04/387_RR220204A_935C_2350.bmp,trajectory,,False,13.01219,2.6246111
/content/quantum rheed codex/data/original data/Trajectories/2022-02-04/388_RR220204A_934C_2355.bmp,trajectory,,False,13.0153675,2.3652973
/content/quantum rheed codex/data/original data/Trajectories/2022-02-06/001_RR220206A_165C_1659.bmp,trajectory,,False,-6.9433584,-1.358665
/content/quantum rheed codex/data/original data/Trajectories/2022-02-06/002_RR220206A_165C_1700.bmp,trajectory,,False,-8.858887,-3.2999434
/content/quantum rheed codex/data/original data/Trajectories/2022-02-06/003_RR220206A_165C_1701-01.bmp,trajectory,,False,-9.102262,-2.92428
/content/quantum rheed codex/data/original data/Trajectories/2022-02-06/004_RR220206A_165C_1701-02.bmp,trajectory,,False,-10.549945,-3.1774263
/content/quantum rheed codex/data/original data/Trajectories/2022-02-06/005_RR220206A_165C_1702-01.bmp,trajectory,,False,-10.401049,-3.0715134
/content/quantum rheed codex/data/original data/Trajectories/2022-02-06/006_RR220206A_165C_1702-02.bmp,trajectory,,False,-9.947818,-3.2582889
/content/quantum rheed codex/data/original data/Trajectories/2022-02-06/007_RR220206A_165C_1702-03.bmp,trajectory,,False,-9.947818,-3.2582889
/content/quantum rheed codex/data/original data/Trajectories/2022-02-06/008_RR220206A_165C_1702-04.bmp,trajectory,,False,-10.177866,-3.163396
/content/quantum rheed codex/data/original data/Trajectories/2022-02-06/009_RR220206A_165C_1703-01.bmp,trajectory,,False,-10.710603,-3.4414635
/content/quantum rheed codex/data/original data/Trajectories/2022-02-06/010_RR220206A_165C_1703-02.bmp,trajectory,,False,-10.984793,-4.1406145
/content/quantum rheed codex/data/original data/Trajectories/2022-02-06/011_RR220206A_165C_1703-03.bmp,trajectory,,False,-10.934341,-3.965186
/content/quantum rheed codex/data/original data/Trajectories/2022-02-06/012_RR220206A_165C_1703-04.bmp,trajectory,,False,-10.746552,-3.98751
/content/quantum rheed codex/data/original data/Trajectories/2022-02-06/013_RR220206A_165C_1703-05.bmp,trajectory,,False,-10.432644,-4.507818
/content/quantum rheed codex/data/original data/Trajectories/2022-02-06/014_RR220206A_165C_1704-01.bmp,trajectory,,False,-10.926379,-4.291321
/content/quantum rheed codex/data/original data/Trajectories/2022-02-06/015_RR220206A_165C_1704-02.bmp,trajectory,,False,-10.926379,-4.291321
/content/quantum rheed codex/data/original data/Trajectories/2022-02-06/016_RR220206A_165C_1704-03.bmp,trajectory,,False,-10.926379,-4.291321
/content/quantum rheed codex/data/original data/Trajectories/2022-02-06/017_RR220206A_165C_1704-04.bmp,trajectory,,False,-10.926379,-4.291321
/content/quantum rheed codex/data/original data/Trajectories/2022-02-06/018_RR220206A_165C_1704-05.bmp,trajectory,,False,-10.926379,-4.291321
/content/quantum rheed codex/data/original data/Trajectories/2022-02-06/019_RR220206A_165C_1704-06.bmp,trajectory,,False,-10.926379,-4.291321
/content/quantum rheed codex/data/original data/Trajectories/2022-02-06/020_RR220206A_165C_1705.bmp,trajectory,,False,-11.225154,-4.552977
/content/quantum rheed codex/data/original data/Trajectories/2022-02-06/021_RR220206A_165C_1706.bmp,trajectory,,False,-11.10832,-4.077699
/content/quantum rheed codex/data/original data/Trajectories/2022-02-06/022_RR220206A_165C_1708.bmp,trajectory,,False,-11.263838,-4.218417
/content/quantum rheed codex/data/original data/Trajectories/2022-02-06/023_RR220206A_165C_1709.bmp,trajectory,,False,-11.139529,-4.0937424
/content/quantum rheed codex/data/original data/Trajectories/2022-02-06/024_RR220206A_165C_1710-01.bmp,trajectory,,False,-11.142415,-4.748083
/content/quantum rheed codex/data/original data/Trajectories/2022-02-06/025_RR220206A_165C_1710-02.bmp,trajectory,,False,-11.71695,-4.823546
/content/quantum rheed codex/data/original data/Trajectories/2022-02-06/026_RR220206A_165C_1711.bmp,trajectory,,False,-11.139826,-5.2802825
/content/quantum rheed codex/data/original data/Trajectories/2022-02-06/027_RR220206A_165C_1712.bmp,trajectory,,False,-11.163942,-5.3188906
/content/quantum rheed codex/data/original data/Trajectories/2022-02-06/028_RR220206A_165C_1714-01.bmp,trajectory,,False,-11.407458,-6.0126915
/content/quantum rheed codex/data/original data/Trajectories/2022-02-06/029_RR220206A_165C_1714-02.bmp,trajectory,,False,-11.323304,-5.981728
/content/quantum rheed codex/data/original data/Trajectories/2022-02-06/030_RR220206A_165C_1715.bmp,trajectory,,False,-11.032336,-5.979845
/content/quantum rheed codex/data/original data/Trajectories/2022-02-06/031_RR220206A_165C_1716.bmp,trajectory,,False,-11.3211975,-6.2239447
/content/quantum rheed codex/data/original data/Trajectories/2022-02-06/032_RR220206A_165C_1717.bmp,trajectory,,False,-11.036779,-6.5790668
/content/quantum rheed codex/data/original data/Trajectories/2022-02-06/033_RR220206A_165C_1718.bmp,trajectory,,False,-11.185298,-6.8764505
/content/quantum rheed codex/data/original data/Trajectories/2022-02-06/034_RR220206A_165C_1719.bmp,trajectory,,False,-10.994869,-7.231874
/content/quantum rheed codex/data/original data/Trajectories/2022-02-06/035_RR220206A_165C_1720.bmp,trajectory,,False,-10.868144,-7.41289
/content/quantum rheed codex/data/original data/Trajectories/2022-02-06/036_RR220206A_165C_1721.bmp,trajectory,,False,-11.041431,-7.4384623
/content/quantum rheed codex/data/original data/Trajectories/2022-02-06/037_RR220206A_165C_1722.bmp,trajectory,,False,-11.161765,-7.6554875
/content/quantum rheed codex/data/original data/Trajectories/2022-02-06/038_RR220206A_165C_1723.bmp,trajectory,,False,-10.567334,-7.6241474
/content/quantum rheed codex/data/original data/Trajectories/2022-02-06/039_RR220206A_165C_1724.bmp,trajectory,,False,-10.867936,-7.974217
/content/quantum rheed codex/data/original data/Trajectories/2022-02-06/040_RR220206A_165C_1725.bmp,trajectory,,False,-10.861576,-7.974769
/content/quantum rheed codex/data/original data/Trajectories/2022-02-06/041_RR220206A_165C_1726.bmp,trajectory,,False,-10.779106,-8.1614065
/content/quantum rheed codex/data/original data/Trajectories/2022-02-06/042_RR220206A_165C_1727.bmp,trajectory,,False,-10.576337,-8.112795
/content/quantum rheed codex/data/original data/Trajectories/2022-02-06/043_RR220206A_165C_1728.bmp,trajectory,,False,-10.382146,-8.208046
/content/quantum rheed codex/data/original data/Trajectories/2022-02-06/044_RR220206A_165C_1729.bmp,trajectory,,False,-10.606061,-8.157863
/content/quantum rheed codex/data/original data/Trajectories/2022-02-06/045_RR220206A_165C_1730.bmp,trajectory,,False,-10.2610235,-8.469005
/content/quantum rheed codex/data/original data/Trajectories/2022-02-06/046_RR220206A_165C_1733.bmp,trajectory,,False,-10.893607,-8.413322
/content/quantum rheed codex/data/original data/Trajectories/2022-02-06/047_RR220206A_175C_1734.bmp,trajectory,,False,-10.598253,-8.487133
/content/quantum rheed codex/data/original data/Trajectories/2022-02-06/048_RR220206A_175C_1736.bmp,trajectory,,False,-10.617549,-8.453628
/content/quantum rheed codex/data/original data/Trajectories/2022-02-06/049_RR220206A_205C_1737.bmp,trajectory,,False,-10.465004,-8.358108
/content/quantum rheed codex/data/original data/Trajectories/2022-02-06/050_RR220206A_206C_1738.bmp,trajectory,,False,-10.454758,-8.47716
/content/quantum rheed codex/data/original data/Trajectories/2022-02-06/051_RR220206A_209C_1739.bmp,trajectory,,False,-10.977019,-8.393695
/content/quantum rheed codex/data/original data/Trajectories/2022-02-06/052_RR220206A_211C_1740.bmp,trajectory,,False,-10.737299,-8.386342
/content/quantum rheed codex/data/original data/Trajectories/2022-02-06/053_RR220206A_211C_1741.bmp,trajectory,,False,-10.7445755,-8.406293
/content/quantum rheed codex/data/original data/Trajectories/2022-02-06/054_RR220206A_236C_1742.bmp,trajectory,,False,-10.693401,-8.242873
/content/quantum rheed codex/data/original data/Trajectories/2022-02-06/055_RR220206A_239C_1742.bmp,trajectory,,False,-10.464733,-8.438973
/content/quantum rheed codex/data/original data/Trajectories/2022-02-06/056_RR220206A_246C_1743.bmp,trajectory,,False,-10.462306,-8.639003
/content/quantum rheed codex/data/original data/Trajectories/2022-02-06/057_RR220206A_249C_1744.bmp,trajectory,,False,-10.649713,-8.793239
/content/quantum rheed codex/data/original data/Trajectories/2022-02-06/058_RR220206A_249C_1745.bmp,trajectory,,False,-10.973761,-8.540307
/content/quantum rheed codex/data/original data/Trajectories/2022-02-06/059_RR220206A_280C_1747.bmp,trajectory,,False,-10.608861,-8.441123
/content/quantum rheed codex/data/original data/Trajectories/2022-02-06/060_RR220206A_284C_1748.bmp,trajectory,,False,-10.821745,-8.706602
/content/quantum rheed codex/data/original data/Trajectories/2022-02-06/061_RR220206A_286C_1749.bmp,trajectory,,False,-10.41864,-8.742687
/content/quantum rheed codex/data/original data/Trajectories/2022-02-06/062_RR220206A_287C_1750.bmp,trajectory,,False,-10.704055,-8.258824
/content/quantum rheed codex/data/original data/Trajectories/2022-02-06/063_RR220206A_319C_1751.bmp,trajectory,,False,-10.662966,-8.508485
/content/quantum rheed codex/data/original data/Trajectories/2022-02-06/064_RR220206A_321C_1753.bmp,trajectory,,False,-10.803972,-8.651691
/content/quantum rheed codex/data/original data/Trajectories/2022-02-06/065_RR220206A_322C_1754.bmp,trajectory,,False,-10.171255,-8.472854
/content/quantum rheed codex/data/original data/Trajectories/2022-02-06/066_RR220206A_323C_1756.bmp,trajectory,,False,-10.733051,-8.661202
/content/quantum rheed codex/data/original data/Trajectories/2022-02-06/067_RR220206A_359C_1757.bmp,trajectory,,False,-10.93873,-8.555418
/content/quantum rheed codex/data/original data/Trajectories/2022-02-06/068_RR220206A_362C_1759.bmp,trajectory,,False,-11.091814,-8.418626
/content/quantum rheed codex/data/original data/Trajectories/2022-02-06/069_RR220206A_393C_1801.bmp,trajectory,,False,-10.743155,-8.478062
/content/quantum rheed codex/data/original data/Trajectories/2022-02-06/070_RR220206A_395C_1802.bmp,trajectory,,False,-10.667311,-8.111223
/content/quantum rheed codex/data/original data/Trajectories/2022-02-06/071_RR220206A_396C_1803.bmp,trajectory,,False,-10.400428,-8.690632
/content/quantum rheed codex/data/original data/Trajectories/2022-02-06/072_RR220206A_397C_1804.bmp,trajectory,,False,-10.340716,-8.385941
/content/quantum rheed codex/data/original data/Trajectories/2022-02-06/073_RR220206A_428C_1807.bmp,trajectory,,False,-10.706121,-8.5441475
/content/quantum rheed codex/data/original data/Trajectories/2022-02-06/074_RR220206A_430C_1809.bmp,trajectory,,False,-10.17268,-8.3632145
/content/quantum rheed codex/data/original data/Trajectories/2022-02-06/075_RR220206A_431C_1810.bmp,trajectory,,False,-10.238294,-8.252643
/content/quantum rheed codex/data/original data/Trajectories/2022-02-06/076_RR220206A_460C_1812.bmp,trajectory,,False,-10.484312,-8.253744
/content/quantum rheed codex/data/original data/Trajectories/2022-02-06/077_RR220206A_461C_1813.bmp,trajectory,,False,-10.32924,-8.168365
/content/quantum rheed codex/data/original data/Trajectories/2022-02-06/078_RR220206A_462C_1814.bmp,trajectory,,False,-10.158922,-8.120382
/content/quantum rheed codex/data/original data/Trajectories/2022-02-06/079_RR220206A_489C_1815.bmp,trajectory,,False,-9.918108,-8.022222
/content/quantum rheed codex/data/original data/Trajectories/2022-02-06/080_RR220206A_490C_1816.bmp,trajectory,,False,-9.940215,-7.503663
/content/quantum rheed codex/data/original data/Trajectories/2022-02-06/081_RR220206A_491C_1817.bmp,trajectory,,False,-9.522148,-7.705926
/content/quantum rheed codex/data/original data/Trajectories/2022-02-06/082_RR220206A_517C_1819.bmp,trajectory,,False,-9.445085,-7.4140763
/content/quantum rheed codex/data/original data/Trajectories/2022-02-06/083_RR220206A_517C_1820.bmp,trajectory,,False,-9.28854,-7.454798
/content/quantum rheed codex/data/original data/Trajectories/2022-02-06/084_RR220206A_518C_1822.bmp,trajectory,,False,-4.7813916,-5.343416
/content/quantum rheed codex/data/original data/Trajectories/2022-02-06/085_RR220206A_518C_1823.bmp,trajectory,,False,-5.581427,-5.341424
/content/quantum rheed codex/data/original data/Trajectories/2022-02-06/086_RR220206A_543C_1824.bmp,trajectory,,False,-5.066974,-5.1820226
/content/quantum rheed codex/data/original data/Trajectories/2022-02-06/087_RR220206A_543C_1825.bmp,trajectory,,False,-5.6118665,-5.069738
/content/quantum rheed codex/data/original data/Trajectories/2022-02-06/088_RR220206A_544C_1826.bmp,trajectory,,False,-4.8211117,-4.8915854
/content/quantum rheed codex/data/original data/Trajectories/2022-02-06/089_RR220206A_544C_1827.bmp,trajectory,,False,-4.3669295,-4.8786907
/content/quantum rheed codex/data/original data/Trajectories/2022-02-06/090_RR220206A_568C_1828.bmp,trajectory,,False,-5.1373615,-5.115431
/content/quantum rheed codex/data/original data/Trajectories/2022-02-06/091_RR220206A_569C_1830.bmp,trajectory,,False,-4.492347,-4.5423565
/content/quantum rheed codex/data/original data/Trajectories/2022-02-06/092_RR220206A_570C_1832.bmp,trajectory,,False,-4.6938844,-4.652716
/content/quantum rheed codex/data/original data/Trajectories/2022-02-06/093_RR220206A_570C_1833.bmp,trajectory,,False,-4.5536294,-4.401315
/content/quantum rheed codex/data/original data/Trajectories/2022-02-06/094_RR220206A_612C_1834.bmp,trajectory,,False,-4.144061,-4.402896
/content/quantum rheed codex/data/original data/Trajectories/2022-02-06/095_RR220206A_614C_1835.bmp,trajectory,,False,-4.4613037,-4.3863063
/content/quantum rheed codex/data/original data/Trajectories/2022-02-06/096_RR220206A_614C_1836.bmp,trajectory,,False,-3.9192612,-4.4288635
/content/quantum rheed codex/data/original data/Trajectories/2022-02-06/097_RR220206A_654C_1837.bmp,trajectory,,False,-4.2198915,-4.2602997
/content/quantum rheed codex/data/original data/Trajectories/2022-02-06/098_RR220206A_656C_1838.bmp,trajectory,,False,-4.119891,-4.1809716
/content/quantum rheed codex/data/original data/Trajectories/2022-02-06/099_RR220206A_657C_1839.bmp,trajectory,,False,-4.4154167,-4.3140807
/content/quantum rheed codex/data/original data/Trajectories/2022-02-06/100_RR220206A_693C_1840.bmp,trajectory,,False,-4.439031,-3.8791683
/content/quantum rheed codex/data/original data/Trajectories/2022-02-06/101_RR220206A_697C_1842.bmp,trajectory,,False,-4.2703686,-4.1445527
/content/quantum rheed codex/data/original data/Trajectories/2022-02-06/102_RR220206A_698C_1845.bmp,trajectory,,False,-4.2338095,-4.287267
/content/quantum rheed codex/data/original data/Trajectories/2022-02-06/103_RR220206A_733C_1846.bmp,trajectory,,False,-4.553529,-4.3525662
/content/quantum rheed codex/data/original data/Trajectories/2022-02-06/104_RR220206A_734C_1847.bmp,trajectory,,False,-4.198495,-4.1508145
/content/quantum rheed codex/data/original data/Trajectories/2022-02-06/105_RR220206A_734C_1849.bmp,trajectory,,False,-4.6315894,-4.2549696
/content/quantum rheed codex/data/original data/Trajectories/2022-02-06/106_RR220206A_768C_1851.bmp,trajectory,,False,-4.4835525,-4.2493496
/content/quantum rheed codex/data/original data/Trajectories/2022-02-06/107_RR220206A_769C_1852.bmp,trajectory,,False,-4.372236,-4.3907146
/content/quantum rheed codex/data/original data/Trajectories/2022-02-06/108_RR220206A_769C_1854.bmp,trajectory,,False,-4.0652122,-4.3964553
/content/quantum rheed codex/data/original data/Trajectories/2022-02-06/109_RR220206A_773C_1901.bmp,trajectory,,False,-4.3405643,-4.4964104
/content/quantum rheed codex/data/original data/Trajectories/2022-02-06/110_RR220206A_810C_1905.bmp,trajectory,,False,-3.8364043,-4.394911
/content/quantum rheed codex/data/original data/Trajectories/2022-02-06/111_RR220206A_812C_1906.bmp,trajectory,,False,-4.2022514,-4.529202
/content/quantum rheed codex/data/original data/Trajectories/2022-02-06/112_RR220206A_813C_1908.bmp,trajectory,,False,-4.118156,-4.3743076
/content/quantum rheed codex/data/original data/Trajectories/2022-02-06/113_RR220206A_815C_1909.bmp,trajectory,,False,-4.1414566,-4.6720657
/content/quantum rheed codex/data/original data/Trajectories/2022-02-06/114_RR220206A_845C_1911.bmp,trajectory,,False,-3.8451445,-4.4103045
/content/quantum rheed codex/data/original data/Trajectories/2022-02-06/115_RR220206A_844C_1913.bmp,trajectory,,False,-3.5088,-4.596912
/content/quantum rheed codex/data/original data/Trajectories/2022-02-06/116_RR220206A_844C_1914.bmp,trajectory,,False,-3.5763342,-4.52044
/content/quantum rheed codex/data/original data/Trajectories/2022-02-06/117_RR220206A_844C_1915.bmp,trajectory,,False,-3.350144,-4.5555267
/content/quantum rheed codex/data/original data/Trajectories/2022-02-06/118_RR220206A_871C_1916.bmp,trajectory,,False,-2.9884713,-4.7494907
/content/quantum rheed codex/data/original data/Trajectories/2022-02-06/119_RR220206A_871C_1918.bmp,trajectory,,False,-2.13153,-4.8041525
/content/quantum rheed codex/data/original data/Trajectories/2022-02-06/120_RR220206A_895C_1920-01.bmp,trajectory,,False,-1.3842375,-4.701964
/content/quantum rheed codex/data/original data/Trajectories/2022-02-06/121_RR220206A_895C_1920-02.bmp,trajectory,,False,-0.82786906,-4.03472
/content/quantum rheed codex/data/original data/Trajectories/2022-02-06/122_RR220206A_894C_1922.bmp,trajectory,,False,2.0652812,-2.9996738
/content/quantum rheed codex/data/original data/Trajectories/2022-02-06/123_RR220206A_894C_1923.bmp,trajectory,,False,4.7707562,-1.9647923
/content/quantum rheed codex/data/original data/Trajectories/2022-02-06/124_RR220206A_894C_1924.bmp,trajectory,,False,5.1396666,-1.4534367
/content/quantum rheed codex/data/original data/Trajectories/2022-02-06/125_RR220206A_887C_1925.bmp,trajectory,,False,5.8803616,-0.7793264
/content/quantum rheed codex/data/original data/Trajectories/2022-02-06/126_RR220206A_884C_1926.bmp,trajectory,,False,6.886034,-0.37121573
/content/quantum rheed codex/data/original data/Trajectories/2022-02-06/127_RR220206A_885C_1927.bmp,trajectory,,False,7.096877,0.21050246
/content/quantum rheed codex/data/original data/Trajectories/2022-02-06/128_RR220206A_885C_1928.bmp,trajectory,,False,7.8466415,0.608377
/content/quantum rheed codex/data/original data/Trajectories/2022-02-06/129_RR220206A_912C_1929.bmp,trajectory,,False,6.3993707,-0.17061128
/content/quantum rheed codex/data/original data/Trajectories/2022-02-06/130_RR220206A_910C_1930.bmp,trajectory,,False,7.410673,0.09184465
/content/quantum rheed codex/data/original data/Trajectories/2022-02-06/131_RR220206A_909C_1931.bmp,trajectory,,False,7.710208,0.477526
/content/quantum rheed codex/data/original data/Trajectories/2022-02-06/132_RR220206A_959C_1932.bmp,trajectory,,False,3.3213713,-1.9324944
/content/quantum rheed codex/data/original data/Trajectories/2022-02-06/133_RR220206A_956C_1932.bmp,trajectory,,False,3.7733788,-1.7030187
/content/quantum rheed codex/data/original data/Trajectories/2022-02-06/134_RR220206A_956C_1934.bmp,trajectory,,False,3.5852332,-1.0102917
/content/quantum rheed codex/data/original data/Trajectories/2022-02-06/135_RR220206A_980C_1935.bmp,trajectory,,False,-3.9710274,-3.3424778
/content/quantum rheed codex/data/original data/Trajectories/2022-02-06/136_RR220206A_981C_1936.bmp,trajectory,,False,-4.0950723,-3.0943775
/content/quantum rheed codex/data/original data/Trajectories/2022-02-06/137_RR220206A_982C_1937.bmp,trajectory,,False,-4.5380154,-3.4862313
/content/quantum rheed codex/data/original data/Trajectories/2022-02-06/138_RR220206A_988C_1939.bmp,trajectory,,False,-4.569775,-2.6381907
/content/quantum rheed codex/data/original data/Trajectories/2022-02-06/139_RR220206A_990C_1940.bmp,trajectory,,False,-4.743709,-2.8356438
/content/quantum rheed codex/data/original data/Trajectories/2022-02-06/140_RR220206A_993C_1941.bmp,trajectory,,False,-4.768484,-3.0804403
/content/quantum rheed codex/data/original data/Trajectories/2022-02-06/141_RR220206A_995C_1942.bmp,trajectory,,False,-5.0301924,-2.5328655
/content/quantum rheed codex/data/original data/Trajectories/2022-02-06/142_RR220206A_994C_1944.bmp,trajectory,,False,-4.8528066,-2.577328
/content/quantum rheed codex/data/original data/Trajectories/2022-02-06/143_RR220206A_996C_1945.bmp,trajectory,,False,-6.615759,-3.9549482
/content/quantum rheed codex/data/original data/Trajectories/2022-02-06/144_RR220206A_1012C_1946.bmp,trajectory,,False,-6.909778,-3.7619858
/content/quantum rheed codex/data/original data/Trajectories/2022-02-06/145_RR220206A_1025C_1947.bmp,trajectory,,False,-6.7280803,-3.6997144
/content/quantum rheed codex/data/original data/Trajectories/2022-02-06/146_RR220206A_1024C_1948.bmp,trajectory,,False,-7.2729073,-3.5310793
/content/quantum rheed codex/data/original data/Trajectories/2022-02-06/147_RR220206A_1024C_1953.bmp,trajectory,,False,-8.083737,-3.1798408
/content/quantum rheed codex/data/original data/Trajectories/2022-02-06/148_RR220206A_1028C_1956.bmp,trajectory,,False,-8.21292,-3.1511803
/content/quantum rheed codex/data/original data/Trajectories/2022-02-06/149_RR220206A_1052C_1957.bmp,trajectory,,False,-8.801052,-3.2788315
/content/quantum rheed codex/data/original data/Trajectories/2022-02-06/150_RR220206A_1053C_1958.bmp,trajectory,,False,-8.850619,-2.7272406
/content/quantum rheed codex/data/original data/Trajectories/2022-02-06/151_RR220206A_1077C_2001-01.bmp,trajectory,,False,-9.47787,-2.8051994
/content/quantum rheed codex/data/original data/Trajectories/2022-02-06/152_RR220206A_1077C_2001-02.bmp,trajectory,,False,-9.664183,-2.7199378
/content/quantum rheed codex/data/original data/Trajectories/2022-02-06/153_RR220206A_1092C_2003-01.bmp,trajectory,,False,-9.501213,-3.0220723
/content/quantum rheed codex/data/original data/Trajectories/2022-02-06/154_RR220206A_1092C_2003-02.bmp,trajectory,,False,-10.033452,-2.9667308
/content/quantum rheed codex/data/original data/Trajectories/2022-02-06/155_RR220206A_1105C_2005-01.bmp,trajectory,,False,-10.109026,-2.8309686
/content/quantum rheed codex/data/original data/Trajectories/2022-02-06/156_RR220206A_1105C_2005-02.bmp,trajectory,,False,-10.406783,-2.7621245
/content/quantum rheed codex/data/original data/Trajectories/2022-02-06/157_RR220206A_1105C_2007.bmp,trajectory,,False,-10.370951,-2.7221105
/content/quantum rheed codex/data/original data/Trajectories/2022-02-06/158_RR220206A_1105C_2008.bmp,trajectory,,False,-10.259318,-3.2670581
/content/quantum rheed codex/data/original data/Trajectories/2022-02-06/159_RR220206A_1105C_2009.bmp,trajectory,,False,-10.55502,-2.9808125
/content/quantum rheed codex/data/original data/Trajectories/2022-02-06/160_RR220206A_1105C_2010.bmp,trajectory,,False,-10.491129,-3.2028244
/content/quantum rheed codex/data/original data/Trajectories/2022-02-06/161_RR220206A_1105C_2012.bmp,trajectory,,False,-10.744553,-2.9913206
/content/quantum rheed codex/data/original data/Trajectories/2022-02-06/162_RR220206A_1105C_2013.bmp,trajectory,,False,-10.971068,-2.9312906
/content/quantum rheed codex/data/original data/Trajectories/2022-02-06/163_RR220206A_1105C_2015.bmp,trajectory,,False,-10.955839,-3.1288052
/content/quantum rheed codex/data/original data/Trajectories/2022-02-06/164_RR220206A_1105C_2017.bmp,trajectory,,False,-11.02946,-2.9137254
/content/quantum rheed codex/data/original data/Trajectories/2022-02-06/165_RR220206A_1105C_2018.bmp,trajectory,,False,-10.64657,-2.7309906
/content/quantum rheed codex/data/original data/Trajectories/2022-02-06/166_RR220206A_1105C_2019.bmp,trajectory,,False,-11.165513,-2.8131583
/content/quantum rheed codex/data/original data/Trajectories/2022-02-06/167_RR220206A_1105C_2020.bmp,trajectory,,False,-11.372195,-3.0020838
/content/quantum rheed codex/data/original data/Trajectories/2022-02-06/168_RR220206A_1099C_2022.bmp,trajectory,,False,-10.9803705,-2.8716884
/content/quantum rheed codex/data/original data/Trajectories/2022-02-06/169_RR220206A_1101C_2024.bmp,trajectory,,False,-10.796858,-3.3092153
/content/quantum rheed codex/data/original data/Trajectories/2022-02-06/170_RR220206A_1085C_2025.bmp,trajectory,,False,-11.28856,-2.5065691
/content/quantum rheed codex/data/original data/Trajectories/2022-02-06/171_RR220206A_1085C_2027.bmp,trajectory,,False,-10.805482,-2.9493766
/content/quantum rheed codex/data/original data/Trajectories/2022-02-06/172_RR220206A_1074C_2028-01.bmp,trajectory,,False,-10.721492,-2.564174
/content/quantum rheed codex/data/original data/Trajectories/2022-02-06/173_RR220206A_1074C_2028-02.bmp,trajectory,,False,-10.980419,-2.607248
/content/quantum rheed codex/data/original data/Trajectories/2022-02-06/174_RR220206A_1074C_2030.bmp,trajectory,,False,-10.96296,-2.4705715
/content/quantum rheed codex/data/original data/Trajectories/2022-02-06/175_RR220206A_1051C_2032.bmp,trajectory,,False,-11.49726,-2.229186
/content/quantum rheed codex/data/original data/Trajectories/2022-02-06/176_RR220206A_1051C_2034.bmp,trajectory,,False,-10.993047,-2.0907803
/content/quantum rheed codex/data/original data/Trajectories/2022-02-06/177_RR220206A_1037C_2036.bmp,trajectory,,False,-10.885494,-2.1174238
/content/quantum rheed codex/data/original data/Trajectories/2022-02-06/178_RR220206A_1037C_2038.bmp,trajectory,,False,-10.729758,-2.2347472
/content/quantum rheed codex/data/original data/Trajectories/2022-02-06/179_RR220206A_1031C_2040.bmp,trajectory,,False,-11.139792,-1.9018532
/content/quantum rheed codex/data/original data/Trajectories/2022-02-06/180_RR220206A_1031C_2041.bmp,trajectory,,False,-11.038472,-1.6650337
/content/quantum rheed codex/data/original data/Trajectories/2022-02-06/181_RR220206A_1019C_2043.bmp,trajectory,,False,-10.660853,-1.9868369
/content/quantum rheed codex/data/original data/Trajectories/2022-02-06/182_RR220206A_1012C_2044.bmp,trajectory,,False,-10.570954,-1.8850408
/content/quantum rheed codex/data/original data/Trajectories/2022-02-06/183_RR220206A_995C_2046.bmp,trajectory,,False,-10.322562,-1.4283537
/content/quantum rheed codex/data/original data/Trajectories/2022-02-06/184_RR220206A_999C_2048.bmp,trajectory,,False,-10.781794,-1.5525812
/content/quantum rheed codex/data/original data/Trajectories/2022-02-06/185_RR220206A_999C_2049.bmp,trajectory,,False,-10.566184,-1.471242
/content/quantum rheed codex/data/original data/Trajectories/2022-02-06/186_RR220206A_985C_2050.bmp,trajectory,,False,-10.771355,-1.2024493
/content/quantum rheed codex/data/original data/Trajectories/2022-02-06/187_RR220206A_985C_2051.bmp,trajectory,,False,-10.551331,-1.5989667
/content/quantum rheed codex/data/original data/Trajectories/2022-02-06/188_RR220206A_971C_2053.bmp,trajectory,,False,-10.491447,-1.3286067
/content/quantum rheed codex/data/original data/Trajectories/2022-02-06/189_RR220206A_971C_2054-01.bmp,trajectory,,False,-10.556598,-1.5071763
/content/quantum rheed codex/data/original data/Trajectories/2022-02-06/190_RR220206A_971C_2054-02.bmp,trajectory,,False,-10.195173,-1.755754
/content/quantum rheed codex/data/original data/Trajectories/2022-02-06/191_RR220206A_960C_2056.bmp,trajectory,,False,-10.503515,-1.695889
/content/quantum rheed codex/data/original data/Trajectories/2022-02-06/192_RR220206A_959C_2057.bmp,trajectory,,False,-10.034976,-1.3562979
/content/quantum rheed codex/data/original data/Trajectories/2022-02-06/193_RR220206A_957C_2058.bmp,trajectory,,False,-10.87196,-0.93509346
/content/quantum rheed codex/data/original data/Trajectories/2022-02-06/194_RR220206A_962C_2059.bmp,trajectory,,False,-10.454099,-1.1535878
/content/quantum rheed codex/data/original data/Trajectories/2022-02-06/195_RR220206A_944C_2101.bmp,trajectory,,False,-10.218338,-1.0654947
/content/quantum rheed codex/data/original data/Trajectories/2022-02-06/196_RR220206A_945C_2102.bmp,trajectory,,False,-10.491565,-1.2326901
/content/quantum rheed codex/data/original data/Trajectories/2022-02-06/197_RR220206A_944C_2104.bmp,trajectory,,False,-10.267355,-1.0866257
/content/quantum rheed codex/data/original data/Trajectories/2022-02-06/198_RR220206A_927C_2105.bmp,trajectory,,False,-10.333005,-1.0987208
/content/quantum rheed codex/data/original data/Trajectories/2022-02-06/199_RR220206A_940C_2106.bmp,trajectory,,False,-11.085124,-0.6491793
/content/quantum rheed codex/data/original data/Trajectories/2022-02-06/200_RR220206A_933C_2107.bmp,trajectory,,False,-10.738645,-0.8256563
/content/quantum rheed codex/data/original data/Trajectories/2022-02-06/201_RR220206A_945C_2109.bmp,trajectory,,False,-10.145668,-1.3842105
/content/quantum rheed codex/data/original data/Trajectories/2022-02-06/202_RR220206A_934C_2109.bmp,trajectory,,False,-10.52856,-1.3708491
/content/quantum rheed codex/data/original data/Trajectories/2022-02-06/203_RR220206A_876C_2110-01.bmp,trajectory,,False,-10.031789,-1.121685
/content/quantum rheed codex/data/original data/Trajectories/2022-02-06/204_RR220206A_876C_2110-02.bmp,trajectory,,False,-10.408724,-0.83906484
/content/quantum rheed codex/data/original data/Trajectories/2022-02-06/205_RR220206A_875C_2111.bmp,trajectory,,False,-10.403917,-0.5551581
/content/quantum rheed codex/data/original data/Trajectories/2022-02-06/206_RR220206A_875C_2113.bmp,trajectory,,False,-10.105238,-0.98372847
/content/quantum rheed codex/data/original data/Trajectories/2022-02-06/207_RR220206A_875C_2114.bmp,trajectory,,False,-10.806121,-0.794852
/content/quantum rheed codex/data/original data/Trajectories/2022-02-06/208_RR220206A_860C_2115.bmp,trajectory,,False,-10.472191,-0.8051947
/content/quantum rheed codex/data/original data/Trajectories/2022-02-06/209_RR220206A_860C_2116.bmp,trajectory,,False,-10.444145,-0.9029098
/content/quantum rheed codex/data/original data/Trajectories/2022-02-06/210_RR220206A_861C_2117.bmp,trajectory,,False,-11.357748,-0.82244414
/content/quantum rheed codex/data/original data/Trajectories/2022-02-06/211_RR220206A_848C_2119.bmp,trajectory,,False,-9.970332,-0.90420145
/content/quantum rheed codex/data/original data/Trajectories/2022-02-06/212_RR220206A_849C_2120.bmp,trajectory,,False,-10.303604,-0.7528877
/content/quantum rheed codex/data/original data/Trajectories/2022-02-06/213_RR220206A_849C_2121.bmp,trajectory,,False,-10.00125,-0.70620173
/content/quantum rheed codex/data/original data/Trajectories/2022-02-06/214_RR220206A_834C_2122.bmp,trajectory,,False,-9.9218,-0.6572721
/content/quantum rheed codex/data/original data/Trajectories/2022-02-06/215_RR220206A_835C_2123.bmp,trajectory,,False,-9.950202,-0.35333502
/content/quantum rheed codex/data/original data/Trajectories/2022-02-06/216_RR220206A_837C_2124.bmp,trajectory,,False,-10.011885,-0.49789876
/content/quantum rheed codex/data/original data/Trajectories/2022-02-06/217_RR220206A_823C_2125.bmp,trajectory,,False,-9.885546,-1.0197103
/content/quantum rheed codex/data/original data/Trajectories/2022-02-06/218_RR220206A_821C_2127.bmp,trajectory,,False,-10.4598465,-0.8202738
/content/quantum rheed codex/data/original data/Trajectories/2022-02-06/219_RR220206A_823C_2128.bmp,trajectory,,False,-10.037038,-0.69202733
/content/quantum rheed codex/data/original data/Trajectories/2022-02-06/220_RR220206A_806C_2130.bmp,trajectory,,False,-9.643412,-0.461712
/content/quantum rheed codex/data/original data/Trajectories/2022-02-06/221_RR220206A_805C_2131.bmp,trajectory,,False,-10.330201,-0.58677727
/content/quantum rheed codex/data/original data/Trajectories/2022-02-06/222_RR220206A_805C_2132.bmp,trajectory,,False,-9.690344,-0.6540133
/content/quantum rheed codex/data/original data/Trajectories/2022-02-06/223_RR220206A_792C_2134.bmp,trajectory,,False,-9.837527,-0.6153342
/content/quantum rheed codex/data/original data/Trajectories/2022-02-06/224_RR220206A_793C_2135.bmp,trajectory,,False,-9.954127,-0.49281135
/content/quantum rheed codex/data/original data/Trajectories/2022-02-06/225_RR220206A_794C_2136.bmp,trajectory,,False,-9.551396,-0.32613057
/content/quantum rheed codex/data/original data/Trajectories/2022-02-06/226_RR220206A_778C_2137.bmp,trajectory,,False,-9.542026,-0.51657975
/content/quantum rheed codex/data/original data/Trajectories/2022-02-06/227_RR220206A_781C_2138.bmp,trajectory,,False,-9.8541155,-0.27805585
/content/quantum rheed codex/data/original data/Trajectories/2022-02-06/228_RR220206A_779C_2139.bmp,trajectory,,False,-9.89326,-0.45290717
/content/quantum rheed codex/data/original data/Trajectories/2022-02-06/229_RR220206A_766C_2141.bmp,trajectory,,False,-9.319996,-0.47820845
/content/quantum rheed codex/data/original data/Trajectories/2022-02-06/230_RR220206A_767C_2143.bmp,trajectory,,False,-9.608802,-0.46339127
/content/quantum rheed codex/data/original data/Trajectories/2022-02-06/231_RR220206A_770C_2145.bmp,trajectory,,False,-9.798134,-0.24443911
/content/quantum rheed codex/data/original data/Trajectories/2022-02-06/232_RR220206A_755C_2146.bmp,trajectory,,False,-9.028448,-0.46167555
/content/quantum rheed codex/data/original data/Trajectories/2022-02-06/233_RR220206A_754C_2147.bmp,trajectory,,False,-9.044672,-0.49952468
/content/quantum rheed codex/data/original data/Trajectories/2022-02-06/234_RR220206A_738C_2148.bmp,trajectory,,False,-9.567658,0.08860934
/content/quantum rheed codex/data/original data/Trajectories/2022-02-06/235_RR220206A_739C_2149.bmp,trajectory,,False,-8.890333,-0.20398512
/content/quantum rheed codex/data/original data/Trajectories/2022-02-06/236_RR220206A_724C_2151.bmp,trajectory,,False,-8.931462,-0.21078253
/content/quantum rheed codex/data/original data/Trajectories/2022-02-06/237_RR220206A_722C_2151.bmp,trajectory,,False,-9.272853,0.08840496
/content/quantum rheed codex/data/original data/Trajectories/2022-02-06/238_RR220206A_721C_2153.bmp,trajectory,,False,-9.337183,0.28124446
/content/quantum rheed codex/data/original data/Trajectories/2022-02-06/239_RR220206A_707C_2155.bmp,trajectory,,False,-8.987074,0.24679212
/content/quantum rheed codex/data/original data/Trajectories/2022-02-06/240_RR220206A_707C_2156.bmp,trajectory,,False,-8.885414,-0.22436902
/content/quantum rheed codex/data/original data/Trajectories/2022-02-06/241_RR220206A_692C_2157.bmp,trajectory,,False,-8.000461,0.043478318
/content/quantum rheed codex/data/original data/Trajectories/2022-02-06/242_RR220206A_690C_2158.bmp,trajectory,,False,-8.171685,-0.026837004
/content/quantum rheed codex/data/original data/Trajectories/2022-02-06/243_RR220206A_675C_2200.bmp,trajectory,,False,-7.774566,-0.055862185
/content/quantum rheed codex/data/original data/Trajectories/2022-02-06/244_RR220206A_674C_2202.bmp,trajectory,,False,-8.134414,0.2204763
/content/quantum rheed codex/data/original data/Trajectories/2022-02-06/245_RR220206A_674C_2203.bmp,trajectory,,False,-7.7216187,0.59545964
/content/quantum rheed codex/data/original data/Trajectories/2022-02-06/246_RR220206A_658C_2205.bmp,trajectory,,False,-7.3992286,0.680608
/content/quantum rheed codex/data/original data/Trajectories/2022-02-06/247_RR220206A_657C_2207.bmp,trajectory,,False,-7.3266716,0.32529238
/content/quantum rheed codex/data/original data/Trajectories/2022-02-06/248_RR220206A_639C_2209.bmp,trajectory,,False,-7.0696263,0.84177595
/content/quantum rheed codex/data/original data/Trajectories/2022-02-06/249_RR220206A_638C_2210.bmp,trajectory,,False,-6.487392,0.90990496
/content/quantum rheed codex/data/original data/Trajectories/2022-02-06/250_RR220206A_621C_2212.bmp,trajectory,,False,-6.36657,1.2471373
/content/quantum rheed codex/data/original data/Trajectories/2022-02-06/251_RR220206A_619C_2214.bmp,trajectory,,False,-6.311572,1.4819847
/content/quantum rheed codex/data/original data/Trajectories/2022-02-06/252_RR220206A_600C_2216.bmp,trajectory,,False,-6.281296,1.3651153
/content/quantum rheed codex/data/original data/Trajectories/2022-02-06/253_RR220206A_599C_2217.bmp,trajectory,,False,-5.9739294,1.0176134
/content/quantum rheed codex/data/original data/Trajectories/2022-02-06/254_RR220206A_599C_2218.bmp,trajectory,,False,-5.53132,0.9448996
/content/quantum rheed codex/data/original data/Trajectories/2022-02-06/255_RR220206A_581C_2220.bmp,trajectory,,False,-6.105122,0.9169023
/content/quantum rheed codex/data/original data/Trajectories/2022-02-06/256_RR220206A_580C_2221.bmp,trajectory,,False,-5.8203716,1.6862297
/content/quantum rheed codex/data/original data/Trajectories/2022-02-06/257_RR220206A_581C_2222.bmp,trajectory,,False,-6.176736,1.261246
/content/quantum rheed codex/data/original data/Trajectories/2022-02-06/258_RR220206A_580C_2223.bmp,trajectory,,False,-5.744465,0.86063504
/content/quantum rheed codex/data/original data/Trajectories/2022-02-06/259_RR220206A_561C_2225.bmp,trajectory,,False,-5.8693323,1.483963
/content/quantum rheed codex/data/original data/Trajectories/2022-02-06/260_RR220206A_560C_2226.bmp,trajectory,,False,-5.41937,1.4298552
/content/quantum rheed codex/data/original data/Trajectories/2022-02-06/261_RR220206A_540C_2227.bmp,trajectory,,False,-5.4914255,1.6023562
/content/quantum rheed codex/data/original data/Trajectories/2022-02-06/262_RR220206A_540C_2228.bmp,trajectory,,False,-5.429781,1.7666495
/content/quantum rheed codex/data/original data/Trajectories/2022-02-06/263_RR220206A_520C_2229.bmp,trajectory,,False,-5.510147,1.6665
/content/quantum rheed codex/data/original data/Trajectories/2022-02-06/264_RR220206A_519C_2230.bmp,trajectory,,False,-5.7366548,1.8889298
/content/quantum rheed codex/data/original data/Trajectories/2022-02-06/265_RR220206A_498C_2232.bmp,trajectory,,False,-6.0931377,1.7102677
/content/quantum rheed codex/data/original data/Trajectories/2022-02-06/266_RR220206A_496C_2233.bmp,trajectory,,False,-5.2673926,1.8116928
/content/quantum rheed codex/data/original data/Trajectories/2022-02-06/267_RR220206A_495C_2235.bmp,trajectory,,False,-5.5725713,1.3905112
/content/quantum rheed codex/data/original data/Trajectories/2022-02-06/268_RR220206A_472C_2237.bmp,trajectory,,False,-5.71742,1.9294428
/content/quantum rheed codex/data/original data/Trajectories/2022-02-06/269_RR220206A_471C_2238.bmp,trajectory,,False,-5.8132353,1.545036
/content/quantum rheed codex/data/original data/Trajectories/2022-02-06/270_RR220206A_471C_2240.bmp,trajectory,,False,-6.1439652,1.5072324
/content/quantum rheed codex/data/original data/Trajectories/2022-02-06/271_RR220206A_425C_2242.bmp,trajectory,,False,-5.266222,2.1989179
/content/quantum rheed codex/data/original data/Trajectories/2022-02-06/272_RR220206A_424C_2242.bmp,trajectory,,False,-5.9122186,2.0755324
/content/quantum rheed codex/data/original data/Trajectories/2022-02-06/273_RR220206A_423C_2243.bmp,trajectory,,False,-5.4783506,1.4761633
/content/quantum rheed codex/data/original data/Trajectories/2022-02-06/274_RR220206A_372C_2245.bmp,trajectory,,False,-6.5714455,2.4369285
/content/quantum rheed codex/data/original data/Trajectories/2022-02-06/275_RR220206A_370C_2246.bmp,trajectory,,False,-6.110271,2.3308291
/content/quantum rheed codex/data/original data/Trajectories/2022-02-06/276_RR220206A_368C_2247.bmp,trajectory,,False,-5.290093,2.6011949
/content/quantum rheed codex/data/original data/Trajectories/2022-02-06/277_RR220206A_310C_2249.bmp,trajectory,,False,-5.973711,2.3099494
/content/quantum rheed codex/data/original data/Trajectories/2022-02-06/278_RR220206A_308C_2250.bmp,trajectory,,False,-6.3016973,2.262693
/content/quantum rheed codex/data/original data/Trajectories/2022-02-06/279_RR220206A_253C_2251.bmp,trajectory,,False,-6.166594,2.8686771
/content/quantum rheed codex/data/original data/Trajectories/2022-02-06/280_RR220206A_244C_2253.bmp,trajectory,,False,-5.7669687,2.5452435
/content/quantum rheed codex/data/original data/Trajectories/2022-02-06/281_RR220206A_241C_2254.bmp,trajectory,,False,-5.9191465,2.4702206
/content/quantum rheed codex/data/original data/Trajectories/2022-02-06/282_RR220206A_184C_2256.bmp,trajectory,,False,-5.9066734,2.682752
/content/quantum rheed codex/data/original data/Trajectories/2022-02-06/283_RR220206A_172C_2258.bmp,trajectory,,False,-6.0913014,3.1875162
/content/quantum rheed codex/data/original data/Trajectories/2022-02-06/284_RR220206A_168C_2259.bmp,trajectory,,False,-6.2456956,2.4335897
/content/quantum rheed codex/data/original data/Trajectories/2022-02-06/285_RR220206A_165C_2301.bmp,trajectory,,False,-5.6060815,2.9451218
/content/quantum rheed codex/data/original data/Trajectories/2022-02-06/286_RR220206A_165C_2302.bmp,trajectory,,False,-5.7935295,2.8395808
/content/quantum rheed codex/data/original data/Trajectories/2022-02-06/287_RR220206A_165C_2303.bmp,trajectory,,False,-5.5169206,3.5320578
/content/quantum rheed codex/data/original data/Trajectories/2022-04-11/001_RR220411A_180C_1417-01.bmp,trajectory,,False,-12.904861,-9.584485
/content/quantum rheed codex/data/original data/Trajectories/2022-04-11/002_RR220411A_180C_1417-02.bmp,trajectory,,False,-12.477163,-9.573906
/content/quantum rheed codex/data/original data/Trajectories/2022-04-11/003_RR220411A_184C_1419.bmp,trajectory,,False,-12.882348,-9.780322
/content/quantum rheed codex/data/original data/Trajectories/2022-04-11/004_RR220411A_186C_1420.bmp,trajectory,,False,-12.738814,-9.856881
/content/quantum rheed codex/data/original data/Trajectories/2022-04-11/005_RR220411A_189C_1420.bmp,trajectory,,False,-12.403002,-9.828226
/content/quantum rheed codex/data/original data/Trajectories/2022-04-11/006_RR220411A_188C_1420.bmp,trajectory,,False,-12.518879,-9.8337145
/content/quantum rheed codex/data/original data/Trajectories/2022-04-11/007_RR220411A_190C_1421.bmp,trajectory,,False,-12.857916,-9.587265
/content/quantum rheed codex/data/original data/Trajectories/2022-04-11/008_RR220411A_193C_1422.bmp,trajectory,,False,-12.402924,-9.836531
/content/quantum rheed codex/data/original data/Trajectories/2022-04-11/009_RR220411A_206C_1423.bmp,trajectory,,False,-12.664151,-9.793932
/content/quantum rheed codex/data/original data/Trajectories/2022-04-11/010_RR220411A_197C_1423.bmp,trajectory,,False,-12.517039,-9.784751
/content/quantum rheed codex/data/original data/Trajectories/2022-04-11/011_RR220411A_219C_1424.bmp,trajectory,,False,-12.529588,-9.862591
/content/quantum rheed codex/data/original data/Trajectories/2022-04-11/012_RR220411A_211C_1424.bmp,trajectory,,False,-12.812664,-10.010159
/content/quantum rheed codex/data/original data/Trajectories/2022-04-11/013_RR220411A_223C_1424.bmp,trajectory,,False,-12.856218,-9.802741
/content/quantum rheed codex/data/original data/Trajectories/2022-04-11/014_RR220411A_228C_1425.bmp,trajectory,,False,-12.586367,-9.818734
/content/quantum rheed codex/data/original data/Trajectories/2022-04-11/015_RR220411A_232C_1426.bmp,trajectory,,False,-12.496072,-9.741185
/content/quantum rheed codex/data/original data/Trajectories/2022-04-11/016_RR220411A_235C_1426.bmp,trajectory,,False,-12.916049,-9.965877
/content/quantum rheed codex/data/original data/Trajectories/2022-04-11/017_RR220411A_238C_1427.bmp,trajectory,,False,-12.570933,-9.943086
/content/quantum rheed codex/data/original data/Trajectories/2022-04-11/018_RR220411A_241C_1428.bmp,trajectory,,False,-12.82506,-9.962061
/content/quantum rheed codex/data/original data/Trajectories/2022-04-11/019_RR220411A_247C_1429.bmp,trajectory,,False,-12.366906,-9.774061
/content/quantum rheed codex/data/original data/Trajectories/2022-04-11/020_RR220411A_256C_1429.bmp,trajectory,,False,-12.685865,-9.665958
/content/quantum rheed codex/data/original data/Trajectories/2022-04-11/021_RR220411A_260C_1430.bmp,trajectory,,False,-12.990209,-9.859527
/content/quantum rheed codex/data/original data/Trajectories/2022-04-11/022_RR220411A_265C_1431.bmp,trajectory,,False,-12.094434,-9.91858
/content/quantum rheed codex/data/original data/Trajectories/2022-04-11/023_RR220411A_267C_1432.bmp,trajectory,,False,-12.627207,-9.796736
/content/quantum rheed codex/data/original data/Trajectories/2022-04-11/024_RR220411A_267C_1433.bmp,trajectory,,False,-12.706888,-9.946811
/content/quantum rheed codex/data/original data/Trajectories/2022-04-11/025_RR220411A_271C_1434.bmp,trajectory,,False,-12.691201,-9.520139
/content/quantum rheed codex/data/original data/Trajectories/2022-04-11/026_RR220411A_282C_1434.bmp,trajectory,,False,-12.46392,-9.956564
/content/quantum rheed codex/data/original data/Trajectories/2022-04-11/027_RR220411A_287C_1435.bmp,trajectory,,False,-12.692521,-9.897336
/content/quantum rheed codex/data/original data/Trajectories/2022-04-11/028_RR220411A_291C_1436.bmp,trajectory,,False,-12.242077,-9.863888
/content/quantum rheed codex/data/original data/Trajectories/2022-04-11/029_RR220411A_292C_1437.bmp,trajectory,,False,-12.519904,-9.772851
/content/quantum rheed codex/data/original data/Trajectories/2022-04-11/030_RR220411A_291C_1437.bmp,trajectory,,False,-12.520309,-9.850142
/content/quantum rheed codex/data/original data/Trajectories/2022-04-11/031_RR220411A_296C_1438.bmp,trajectory,,False,-12.310101,-9.953804
/content/quantum rheed codex/data/original data/Trajectories/2022-04-11/032_RR220411A_309C_1439.bmp,trajectory,,False,-12.417276,-9.710365
/content/quantum rheed codex/data/original data/Trajectories/2022-04-11/033_RR220411A_310C_1440.bmp,trajectory,,False,-12.654658,-9.86867
/content/quantum rheed codex/data/original data/Trajectories/2022-04-11/034_RR220411A_311C_1441.bmp,trajectory,,False,-12.771719,-9.787731
/content/quantum rheed codex/data/original data/Trajectories/2022-04-11/035_RR220411A_314C_1442.bmp,trajectory,,False,-11.87136,-9.874408
/content/quantum rheed codex/data/original data/Trajectories/2022-04-11/036_RR220411A_313C_1443.bmp,trajectory,,False,-12.231289,-9.885238
/content/quantum rheed codex/data/original data/Trajectories/2022-04-11/037_RR220411A_312C_1444.bmp,trajectory,,False,-12.72543,-9.883803
/content/quantum rheed codex/data/original data/Trajectories/2022-04-11/038_RR220411A_314C_1445.bmp,trajectory,,False,-12.4854,-9.743202
/content/quantum rheed codex/data/original data/Trajectories/2022-04-11/039_RR220411A_325C_1446.bmp,trajectory,,False,-12.277364,-9.935278
/content/quantum rheed codex/data/original data/Trajectories/2022-04-11/040_RR220411A_329C_1446.bmp,trajectory,,False,-12.756491,-10.109798
/content/quantum rheed codex/data/original data/Trajectories/2022-04-11/041_RR220411A_330C_1447.bmp,trajectory,,False,-12.381834,-10.0588255
/content/quantum rheed codex/data/original data/Trajectories/2022-04-11/042_RR220411A_331C_1448.bmp,trajectory,,False,-12.374139,-9.726532
/content/quantum rheed codex/data/original data/Trajectories/2022-04-11/043_RR220411A_345C_1450.bmp,trajectory,,False,-12.7182,-9.831911
/content/quantum rheed codex/data/original data/Trajectories/2022-04-11/044_RR220411A_348C_1450.bmp,trajectory,,False,-12.327215,-9.764008
/content/quantum rheed codex/data/original data/Trajectories/2022-04-11/045_RR220411A_348C_1451.bmp,trajectory,,False,-12.747478,-9.8482485
/content/quantum rheed codex/data/original data/Trajectories/2022-04-11/046_RR220411A_349C_1453.bmp,trajectory,,False,-12.036849,-9.941539
/content/quantum rheed codex/data/original data/Trajectories/2022-04-11/047_RR220411A_350C_1454.bmp,trajectory,,False,-12.1427555,-10.06022
/content/quantum rheed codex/data/original data/Trajectories/2022-04-11/048_RR220411A_359C_1455.bmp,trajectory,,False,-12.31185,-9.970465
/content/quantum rheed codex/data/original data/Trajectories/2022-04-11/049_RR220411A_368C_1457.bmp,trajectory,,False,-12.304625,-9.919996
/content/quantum rheed codex/data/original data/Trajectories/2022-04-11/050_RR220411A_370C_1458.bmp,trajectory,,False,-12.034663,-9.924287
/content/quantum rheed codex/data/original data/Trajectories/2022-04-11/051_RR220411A_370C_1500.bmp,trajectory,,False,-12.274135,-9.867708
/content/quantum rheed codex/data/original data/Trajectories/2022-04-11/052_RR220411A_380C_1502.bmp,trajectory,,False,-12.277786,-10.045892
/content/quantum rheed codex/data/original data/Trajectories/2022-04-11/053_RR220411A_374C_1502.bmp,trajectory,,False,-12.092327,-9.873327
/content/quantum rheed codex/data/original data/Trajectories/2022-04-11/054_RR220411A_385C_1503.bmp,trajectory,,False,-12.11286,-10.276266
/content/quantum rheed codex/data/original data/Trajectories/2022-04-11/055_RR220411A_386C_1504.bmp,trajectory,,False,-12.04081,-9.577852
/content/quantum rheed codex/data/original data/Trajectories/2022-04-11/056_RR220411A_389C_1505.bmp,trajectory,,False,-12.349551,-9.904178
/content/quantum rheed codex/data/original data/Trajectories/2022-04-11/057_RR220411A_389C_1506-01.bmp,trajectory,,False,-12.12735,-9.880994
/content/quantum rheed codex/data/original data/Trajectories/2022-04-11/058_RR220411A_389C_1506-02.bmp,trajectory,,False,-11.871482,-10.039797
/content/quantum rheed codex/data/original data/Trajectories/2022-04-11/059_RR220411A_394C_1507.bmp,trajectory,,False,-12.148908,-10.126621
/content/quantum rheed codex/data/original data/Trajectories/2022-04-11/060_RR220411A_400C_1508.bmp,trajectory,,False,-11.92594,-10.059848
/content/quantum rheed codex/data/original data/Trajectories/2022-04-11/061_RR220411A_399C_1508.bmp,trajectory,,False,-11.971714,-10.074593
/content/quantum rheed codex/data/original data/Trajectories/2022-04-11/062_RR220411A_402C_1509.bmp,trajectory,,False,-11.7497225,-9.73968
/content/quantum rheed codex/data/original data/Trajectories/2022-04-11/063_RR220411A_402C_1510.bmp,trajectory,,False,-11.722013,-9.983171
/content/quantum rheed codex/data/original data/Trajectories/2022-04-11/064_RR220411A_413C_1511.bmp,trajectory,,False,-12.237721,-10.087466
/content/quantum rheed codex/data/original data/Trajectories/2022-04-11/065_RR220411A_414C_1512.bmp,trajectory,,False,-11.967489,-10.005607
/content/quantum rheed codex/data/original data/Trajectories/2022-04-11/066_RR220411A_416C_1513-01.bmp,trajectory,,False,-11.769496,-9.987181
/content/quantum rheed codex/data/original data/Trajectories/2022-04-11/067_RR220411A_416C_1513-02.bmp,trajectory,,False,-11.555071,-9.998305
/content/quantum rheed codex/data/original data/Trajectories/2022-04-11/068_RR220411A_424C_1514.bmp,trajectory,,False,-11.643828,-9.901312
/content/quantum rheed codex/data/original data/Trajectories/2022-04-11/069_RR220411A_428C_1515.bmp,trajectory,,False,-11.907189,-10.123963
/content/quantum rheed codex/data/original data/Trajectories/2022-04-11/070_RR220411A_427C_1515.bmp,trajectory,,False,-11.775935,-9.941743
/content/quantum rheed codex/data/original data/Trajectories/2022-04-11/071_RR220411A_430C_1516.bmp,trajectory,,False,-11.208574,-9.987275
/content/quantum rheed codex/data/original data/Trajectories/2022-04-11/072_RR220411A_429C_1516.bmp,trajectory,,False,-11.811881,-9.954296
/content/quantum rheed codex/data/original data/Trajectories/2022-04-11/073_RR220411A_435C_1518.bmp,trajectory,,False,-11.565873,-10.1075325
/content/quantum rheed codex/data/original data/Trajectories/2022-04-11/074_RR220411A_431C_1518.bmp,trajectory,,False,-11.262653,-9.991266
/content/quantum rheed codex/data/original data/Trajectories/2022-04-11/075_RR220411A_440C_1519.bmp,trajectory,,False,-11.535541,-10.053232
/content/quantum rheed codex/data/original data/Trajectories/2022-04-11/076_RR220411A_442C_1520.bmp,trajectory,,False,-11.668826,-9.96277
/content/quantum rheed codex/data/original data/Trajectories/2022-04-11/077_RR220411A_441C_1520.bmp,trajectory,,False,-11.343363,-10.021174
/content/quantum rheed codex/data/original data/Trajectories/2022-04-11/078_RR220411A_443C_1521.bmp,trajectory,,False,-11.2598505,-9.838158
/content/quantum rheed codex/data/original data/Trajectories/2022-04-11/079_RR220411A_445C_1522.bmp,trajectory,,False,-10.788182,-9.877281
/content/quantum rheed codex/data/original data/Trajectories/2022-04-11/080_RR220411A_451C_1523.bmp,trajectory,,False,-11.400039,-10.037334
/content/quantum rheed codex/data/original data/Trajectories/2022-04-11/081_RR220411A_453C_1523.bmp,trajectory,,False,-10.952487,-9.9654
/content/quantum rheed codex/data/original data/Trajectories/2022-04-11/082_RR220411A_454C_1523.bmp,trajectory,,False,-10.856306,-9.884447
/content/quantum rheed codex/data/original data/Trajectories/2022-04-11/083_RR220411A_455C_1524.bmp,trajectory,,False,-11.211736,-9.805781
/content/quantum rheed codex/data/original data/Trajectories/2022-04-11/084_RR220411A_456C_1525.bmp,trajectory,,False,-10.917868,-9.890578
/content/quantum rheed codex/data/original data/Trajectories/2022-04-11/085_RR220411A_456C_1526.bmp,trajectory,,False,-10.731055,-9.871375
/content/quantum rheed codex/data/original data/Trajectories/2022-04-11/086_RR220411A_465C_1527.bmp,trajectory,,False,-10.703821,-10.071766
/content/quantum rheed codex/data/original data/Trajectories/2022-04-11/087_RR220411A_466C_1527.bmp,trajectory,,False,-10.766532,-9.861264
/content/quantum rheed codex/data/original data/Trajectories/2022-04-11/088_RR220411A_459C_1527.bmp,trajectory,,False,-11.042512,-10.1462345
/content/quantum rheed codex/data/original data/Trajectories/2022-04-11/089_RR220411A_467C_1528.bmp,trajectory,,False,-10.988511,-9.934008
/content/quantum rheed codex/data/original data/Trajectories/2022-04-11/090_RR220411A_468C_1529.bmp,trajectory,,False,-10.900561,-9.844705
/content/quantum rheed codex/data/original data/Trajectories/2022-04-11/091_RR220411A_480C_1531.bmp,trajectory,,False,-10.594214,-9.720552
/content/quantum rheed codex/data/original data/Trajectories/2022-04-11/092_RR220411A_483C_1531.bmp,trajectory,,False,-10.443385,-9.631894
/content/quantum rheed codex/data/original data/Trajectories/2022-04-11/093_RR220411A_482C_1531.bmp,trajectory,,False,-10.1487875,-9.769391
/content/quantum rheed codex/data/original data/Trajectories/2022-04-11/094_RR220411A_484C_1532.bmp,trajectory,,False,-10.339138,-9.70025
/content/quantum rheed codex/data/original data/Trajectories/2022-04-11/095_RR220411A_485C_1533.bmp,trajectory,,False,-10.231763,-9.563581
/content/quantum rheed codex/data/original data/Trajectories/2022-04-11/096_RR220411A_486C_1535.bmp,trajectory,,False,-10.050981,-9.477342
/content/quantum rheed codex/data/original data/Trajectories/2022-04-11/097_RR220411A_491C_1536.bmp,trajectory,,False,-10.134951,-9.449662
/content/quantum rheed codex/data/original data/Trajectories/2022-04-11/098_RR220411A_488C_1536.bmp,trajectory,,False,-9.804607,-9.528496
/content/quantum rheed codex/data/original data/Trajectories/2022-04-11/099_RR220411A_490C_1536.bmp,trajectory,,False,-10.2404,-9.700474
/content/quantum rheed codex/data/original data/Trajectories/2022-04-11/100_RR220411A_492C_1537.bmp,trajectory,,False,-9.628161,-9.679533
/content/quantum rheed codex/data/original data/Trajectories/2022-04-11/101_RR220411A_493C_1539.bmp,trajectory,,False,-9.528399,-9.631465
/content/quantum rheed codex/data/original data/Trajectories/2022-04-11/102_RR220411A_502C_1540.bmp,trajectory,,False,-9.704156,-9.603656
/content/quantum rheed codex/data/original data/Trajectories/2022-04-11/103_RR220411A_496C_1540.bmp,trajectory,,False,-9.331826,-9.567695
/content/quantum rheed codex/data/original data/Trajectories/2022-04-11/104_RR220411A_501C_1540.bmp,trajectory,,False,-10.021236,-9.608553
/content/quantum rheed codex/data/original data/Trajectories/2022-04-11/105_RR220411A_503C_1541.bmp,trajectory,,False,-9.536296,-9.489426
/content/quantum rheed codex/data/original data/Trajectories/2022-04-11/106_RR220411A_504C_1542.bmp,trajectory,,False,-9.367745,-9.053927
/content/quantum rheed codex/data/original data/Trajectories/2022-04-11/107_RR220411A_513C_1543.bmp,trajectory,,False,-9.199421,-9.327133
/content/quantum rheed codex/data/original data/Trajectories/2022-04-11/108_RR220411A_507C_1543.bmp,trajectory,,False,-9.549472,-9.52839
/content/quantum rheed codex/data/original data/Trajectories/2022-04-11/109_RR220411A_522C_1544.bmp,trajectory,,False,-9.271358,-9.59901
/content/quantum rheed codex/data/original data/Trajectories/2022-04-11/110_RR220411A_537C_1546.bmp,trajectory,,False,-8.950042,-9.387632
/content/quantum rheed codex/data/original data/Trajectories/2022-04-11/111_RR220411A_536C_1546.bmp,trajectory,,False,-9.41754,-9.622979
/content/quantum rheed codex/data/original data/Trajectories/2022-04-11/112_RR220411A_538C_1547.bmp,trajectory,,False,-8.9811125,-9.285019
/content/quantum rheed codex/data/original data/Trajectories/2022-04-11/113_RR220411A_539C_1548.bmp,trajectory,,False,-8.736173,-9.191986
/content/quantum rheed codex/data/original data/Trajectories/2022-04-11/114_RR220411A_543C_1549.bmp,trajectory,,False,-8.916304,-9.325347
/content/quantum rheed codex/data/original data/Trajectories/2022-04-11/115_RR220411A_544C_1549.bmp,trajectory,,False,-9.045119,-8.839552
/content/quantum rheed codex/data/original data/Trajectories/2022-04-11/116_RR220411A_545C_1550.bmp,trajectory,,False,-8.867884,-9.243797
/content/quantum rheed codex/data/original data/Trajectories/2022-04-11/117_RR220411A_546C_1551.bmp,trajectory,,False,-8.665159,-9.3581295
/content/quantum rheed codex/data/original data/Trajectories/2022-04-11/118_RR220411A_549C_1552.bmp,trajectory,,False,-8.852248,-9.124601
/content/quantum rheed codex/data/original data/Trajectories/2022-04-11/119_RR220411A_554C_1553.bmp,trajectory,,False,-8.56099,-9.291138
/content/quantum rheed codex/data/original data/Trajectories/2022-04-11/120_RR220411A_555C_1553.bmp,trajectory,,False,-8.371556,-9.016862
/content/quantum rheed codex/data/original data/Trajectories/2022-04-11/121_RR220411A_559C_1554.bmp,trajectory,,False,-8.214584,-9.070436
/content/quantum rheed codex/data/original data/Trajectories/2022-04-11/122_RR220411A_565C_1554.bmp,trajectory,,False,-8.28674,-9.05201
/content/quantum rheed codex/data/original data/Trajectories/2022-04-11/123_RR220411A_566C_1555.bmp,trajectory,,False,-8.583471,-9.0848875
/content/quantum rheed codex/data/original data/Trajectories/2022-04-11/124_RR220411A_575C_1557.bmp,trajectory,,False,-7.9845924,-9.023424
/content/quantum rheed codex/data/original data/Trajectories/2022-04-11/125_RR220411A_576C_1558.bmp,trajectory,,False,-8.196468,-8.863998
/content/quantum rheed codex/data/original data/Trajectories/2022-04-11/126_RR220411A_585C_1600.bmp,trajectory,,False,-8.069661,-8.962222
/content/quantum rheed codex/data/original data/Trajectories/2022-04-11/127_RR220411A_589C_1600.bmp,trajectory,,False,-8.122194,-8.954557
/content/quantum rheed codex/data/original data/Trajectories/2022-04-11/128_RR220411A_595C_1601.bmp,trajectory,,False,-7.7517323,-8.750083
/content/quantum rheed codex/data/original data/Trajectories/2022-04-11/129_RR220411A_590C_1601.bmp,trajectory,,False,-7.7517323,-8.750083
/content/quantum rheed codex/data/original data/Trajectories/2022-04-11/130_RR220411A_596C_1602.bmp,trajectory,,False,-8.072723,-8.777828
/content/quantum rheed codex/data/original data/Trajectories/2022-04-11/131_RR220411A_606C_1603.bmp,trajectory,,False,-7.6376286,-8.823716
/content/quantum rheed codex/data/original data/Trajectories/2022-04-11/132_RR220411A_600C_1603.bmp,trajectory,,False,-7.809684,-8.774246
/content/quantum rheed codex/data/original data/Trajectories/2022-04-11/133_RR220411A_615C_1605.bmp,trajectory,,False,-7.8026514,-8.949728
/content/quantum rheed codex/data/original data/Trajectories/2022-04-11/134_RR220411A_617C_1606.bmp,trajectory,,False,-8.01172,-8.946859
/content/quantum rheed codex/data/original data/Trajectories/2022-04-11/135_RR220411A_624C_1608.bmp,trajectory,,False,-7.6303635,-8.76516
/content/quantum rheed codex/data/original data/Trajectories/2022-04-11/136_RR220411A_625C_1608.bmp,trajectory,,False,-7.7396636,-8.79153
/content/quantum rheed codex/data/original data/Trajectories/2022-04-11/137_RR220411A_633C_1609.bmp,trajectory,,False,-7.6016927,-8.922703
/content/quantum rheed codex/data/original data/Trajectories/2022-04-11/138_RR220411A_635C_1610.bmp,trajectory,,False,-7.6984587,-8.633405
/content/quantum rheed codex/data/original data/Trajectories/2022-04-11/139_RR220411A_645C_1611.bmp,trajectory,,False,-7.5428467,-8.872912
/content/quantum rheed codex/data/original data/Trajectories/2022-04-11/140_RR220411A_647C_1612.bmp,trajectory,,False,-7.219779,-8.432112
/content/quantum rheed codex/data/original data/Trajectories/2022-04-11/141_RR220411A_656C_1613.bmp,trajectory,,False,-7.8770604,-8.647498
/content/quantum rheed codex/data/original data/Trajectories/2022-04-11/142_RR220411A_648C_1613.bmp,trajectory,,False,-7.0780034,-8.689088
/content/quantum rheed codex/data/original data/Trajectories/2022-04-11/143_RR220411A_660C_1614.bmp,trajectory,,False,-7.246266,-8.681733
/content/quantum rheed codex/data/original data/Trajectories/2022-04-11/144_RR220411A_662C_1615.bmp,trajectory,,False,-7.557769,-8.734803
/content/quantum rheed codex/data/original data/Trajectories/2022-04-11/145_RR220411A_670C_1616.bmp,trajectory,,False,-6.9305534,-8.552191
/content/quantum rheed codex/data/original data/Trajectories/2022-04-11/146_RR220411A_662C_1616.bmp,trajectory,,False,-7.035849,-8.865931
/content/quantum rheed codex/data/original data/Trajectories/2022-04-11/147_RR220411A_671C_1617.bmp,trajectory,,False,-7.033339,-8.87674
/content/quantum rheed codex/data/original data/Trajectories/2022-04-11/148_RR220411A_672C_1618.bmp,trajectory,,False,-6.9965177,-8.862213
/content/quantum rheed codex/data/original data/Trajectories/2022-04-11/149_RR220411A_676C_1619.bmp,trajectory,,False,-6.817723,-8.794563
/content/quantum rheed codex/data/original data/Trajectories/2022-04-11/150_RR220411A_681C_1619.bmp,trajectory,,False,-7.021738,-8.349323
/content/quantum rheed codex/data/original data/Trajectories/2022-04-11/151_RR220411A_682C_1621.bmp,trajectory,,False,-6.958163,-8.436694
/content/quantum rheed codex/data/original data/Trajectories/2022-04-11/152_RR220411A_690C_1623-01.bmp,trajectory,,False,-6.7693934,-8.383811
/content/quantum rheed codex/data/original data/Trajectories/2022-04-11/153_RR220411A_690C_1623-02.bmp,trajectory,,False,-6.884027,-8.529271
/content/quantum rheed codex/data/original data/Trajectories/2022-04-11/154_RR220411A_696C_1624.bmp,trajectory,,False,-6.7597604,-8.540537
/content/quantum rheed codex/data/original data/Trajectories/2022-04-11/155_RR220411A_698C_1625.bmp,trajectory,,False,-6.7078414,-8.64437
/content/quantum rheed codex/data/original data/Trajectories/2022-04-11/156_RR220411A_699C_1628.bmp,trajectory,,False,-6.9640794,-8.646451
/content/quantum rheed codex/data/original data/Trajectories/2022-04-11/157_RR220411A_700C_1628.bmp,trajectory,,False,-6.7802234,-8.764259
/content/quantum rheed codex/data/original data/Trajectories/2022-04-11/158_RR220411A_708C_1629.bmp,trajectory,,False,-6.616847,-8.833604
/content/quantum rheed codex/data/original data/Trajectories/2022-04-11/159_RR220411A_708C_1630.bmp,trajectory,,False,-6.851751,-8.765291
/content/quantum rheed codex/data/original data/Trajectories/2022-04-11/160_RR220411A_708C_1631.bmp,trajectory,,False,-6.65523,-8.553046
/content/quantum rheed codex/data/original data/Trajectories/2022-04-11/161_RR220411A_715C_1632.bmp,trajectory,,False,-6.3958993,-8.468308
/content/quantum rheed codex/data/original data/Trajectories/2022-04-11/162_RR220411A_716C_1633.bmp,trajectory,,False,-6.513363,-8.468114
/content/quantum rheed codex/data/original data/Trajectories/2022-04-11/163_RR220411A_715C_1634.bmp,trajectory,,False,-6.3833,-8.414301
/content/quantum rheed codex/data/original data/Trajectories/2022-04-11/164_RR220411A_724C_1635.bmp,trajectory,,False,-6.922777,-8.823729
/content/quantum rheed codex/data/original data/Trajectories/2022-04-11/165_RR220411A_724C_1636.bmp,trajectory,,False,-6.498676,-8.512288
/content/quantum rheed codex/data/original data/Trajectories/2022-04-11/166_RR220411A_733C_1637.bmp,trajectory,,False,-6.6382747,-8.731774
/content/quantum rheed codex/data/original data/Trajectories/2022-04-11/167_RR220411A_734C_1638.bmp,trajectory,,False,-6.3276014,-8.428164
/content/quantum rheed codex/data/original data/Trajectories/2022-04-11/168_RR220411A_742C_1639.bmp,trajectory,,False,-6.01321,-8.362657
/content/quantum rheed codex/data/original data/Trajectories/2022-04-11/169_RR220411A_743C_1639.bmp,trajectory,,False,-6.6507235,-8.775468
/content/quantum rheed codex/data/original data/Trajectories/2022-04-11/170_RR220411A_744C_1640.bmp,trajectory,,False,-6.3282566,-8.450626
/content/quantum rheed codex/data/original data/Trajectories/2022-04-11/171_RR220411A_746C_1641.bmp,trajectory,,False,-6.305772,-8.760156
/content/quantum rheed codex/data/original data/Trajectories/2022-04-11/172_RR220411A_751C_1642.bmp,trajectory,,False,-6.311117,-8.496942
/content/quantum rheed codex/data/original data/Trajectories/2022-04-11/173_RR220411A_755C_1643.bmp,trajectory,,False,-6.101283,-8.742571
/content/quantum rheed codex/data/original data/Trajectories/2022-04-11/174_RR220411A_757C_1644.bmp,trajectory,,False,-6.6470103,-8.674881
/content/quantum rheed codex/data/original data/Trajectories/2022-04-11/175_RR220411A_765C_1645.bmp,trajectory,,False,-6.435551,-8.47598
/content/quantum rheed codex/data/original data/Trajectories/2022-04-11/176_RR220411A_769C_1647.bmp,trajectory,,False,-5.8091626,-8.329033
/content/quantum rheed codex/data/original data/Trajectories/2022-04-11/177_RR220411A_771C_1648.bmp,trajectory,,False,-6.1252046,-8.456989
/content/quantum rheed codex/data/original data/Trajectories/2022-04-11/178_RR220411A_774C_1649.bmp,trajectory,,False,-6.310407,-8.198011
/content/quantum rheed codex/data/original data/Trajectories/2022-04-11/179_RR220411A_776C_1650.bmp,trajectory,,False,-5.724286,-8.46635
/content/quantum rheed codex/data/original data/Trajectories/2022-04-11/180_RR220411A_778C_1652.bmp,trajectory,,False,-6.413883,-7.905963
/content/quantum rheed codex/data/original data/Trajectories/2022-04-11/181_RR220411A_786C_1653.bmp,trajectory,,False,-6.298535,-8.319748
/content/quantum rheed codex/data/original data/Trajectories/2022-04-11/182_RR220411A_787C_1654.bmp,trajectory,,False,-5.2933483,-8.02268
/content/quantum rheed codex/data/original data/Trajectories/2022-04-11/183_RR220411A_794C_1655.bmp,trajectory,,False,-5.826186,-7.9401236
/content/quantum rheed codex/data/original data/Trajectories/2022-04-11/184_RR220411A_795C_1656.bmp,trajectory,,False,-5.8123193,-8.168765
/content/quantum rheed codex/data/original data/Trajectories/2022-04-11/185_RR220411A_796C_1657.bmp,trajectory,,False,-5.64435,-7.994915
/content/quantum rheed codex/data/original data/Trajectories/2022-04-11/186_RR220411A_805C_1658.bmp,trajectory,,False,-5.9138365,-8.135635
/content/quantum rheed codex/data/original data/Trajectories/2022-04-11/187_RR220411A_804C_1659.bmp,trajectory,,False,-5.693821,-8.096924
/content/quantum rheed codex/data/original data/Trajectories/2022-04-11/188_RR220411A_813C_1700.bmp,trajectory,,False,-5.3219805,-7.969958
/content/quantum rheed codex/data/original data/Trajectories/2022-04-11/189_RR220411A_822C_1703.bmp,trajectory,,False,-5.480937,-7.7203655
/content/quantum rheed codex/data/original data/Trajectories/2022-04-11/190_RR220411A_813C_1703.bmp,trajectory,,False,-5.5789976,-7.589686
/content/quantum rheed codex/data/original data/Trajectories/2022-04-11/191_RR220411A_821C_1704.bmp,trajectory,,False,-5.1603136,-7.840146
/content/quantum rheed codex/data/original data/Trajectories/2022-04-11/192_RR220411A_829C_1705.bmp,trajectory,,False,-5.52934,-7.8178945
/content/quantum rheed codex/data/original data/Trajectories/2022-04-11/193_RR220411A_829C_1706.bmp,trajectory,,False,-5.4445195,-7.6450186
/content/quantum rheed codex/data/original data/Trajectories/2022-04-11/194_RR220411A_837C_1707.bmp,trajectory,,False,-5.518584,-7.358329
/content/quantum rheed codex/data/original data/Trajectories/2022-04-11/195_RR220411A_836C_1708.bmp,trajectory,,False,-5.3039417,-7.3400807
/content/quantum rheed codex/data/original data/Trajectories/2022-04-11/196_RR220411A_844C_1709-01.bmp,trajectory,,False,-4.9941816,-7.5328655
/content/quantum rheed codex/data/original data/Trajectories/2022-04-11/197_RR220411A_844C_1709-02.bmp,trajectory,,False,-5.0035744,-7.7160807
/content/quantum rheed codex/data/original data/Trajectories/2022-04-11/198_RR220411A_843C_1710.bmp,trajectory,,False,-4.3677588,-7.3931594
/content/quantum rheed codex/data/original data/Trajectories/2022-04-11/199_RR220411A_844C_1710-01.bmp,trajectory,,False,-4.792021,-7.536142
/content/quantum rheed codex/data/original data/Trajectories/2022-04-11/200_RR220411A_844C_1710-02.bmp,trajectory,,False,-4.370296,-7.3678784
/content/quantum rheed codex/data/original data/Trajectories/2022-04-11/201_RR220411A_843C_1711-01.bmp,trajectory,,False,-4.1660156,-7.251949
/content/quantum rheed codex/data/original data/Trajectories/2022-04-11/202_RR220411A_843C_1711-02.bmp,trajectory,,False,-3.6823304,-7.3096576
/content/quantum rheed codex/data/original data/Trajectories/2022-04-11/203_RR220411A_843C_1711-03.bmp,trajectory,,False,-3.670635,-7.1990075
/content/quantum rheed codex/data/original data/Trajectories/2022-04-11/204_RR220411A_851C_1712.bmp,trajectory,,False,-3.8781836,-6.8474784
/content/quantum rheed codex/data/original data/Trajectories/2022-04-11/205_RR220411A_850C_1712-01.bmp,trajectory,,False,-3.1889162,-6.5157466
/content/quantum rheed codex/data/original data/Trajectories/2022-04-11/206_RR220411A_850C_1712-02.bmp,trajectory,,False,-3.1206841,-6.6474004
/content/quantum rheed codex/data/original data/Trajectories/2022-04-11/207_RR220411A_850C_1713-01.bmp,trajectory,,False,-2.6699846,-6.3191543
/content/quantum rheed codex/data/original data/Trajectories/2022-04-11/208_RR220411A_850C_1713-02.bmp,trajectory,,False,-2.1416373,-5.900097
/content/quantum rheed codex/data/original data/Trajectories/2022-04-11/209_RR220411A_850C_1714-01.bmp,trajectory,,False,-1.7239838,-5.766765
/content/quantum rheed codex/data/original data/Trajectories/2022-04-11/210_RR220411A_850C_1714-02.bmp,trajectory,,False,-1.4891771,-5.638498
/content/quantum rheed codex/data/original data/Trajectories/2022-04-11/211_RR220411A_850C_1714-03.bmp,trajectory,,False,-0.80954164,-5.2814755
/content/quantum rheed codex/data/original data/Trajectories/2022-04-11/212_RR220411A_859C_1715.bmp,trajectory,,False,-0.24946275,-4.9279833
/content/quantum rheed codex/data/original data/Trajectories/2022-04-11/213_RR220411A_857C_1715.bmp,trajectory,,False,0.49171227,-4.6793146
/content/quantum rheed codex/data/original data/Trajectories/2022-04-11/214_RR220411A_857C_1717-01.bmp,trajectory,,False,2.1935616,-3.498139
/content/quantum rheed codex/data/original data/Trajectories/2022-04-11/215_RR220411A_857C_1717-02.bmp,trajectory,,False,2.5052977,-3.2727036
/content/quantum rheed codex/data/original data/Trajectories/2022-04-11/216_RR220411A_857C_1717-03.bmp,trajectory,,False,2.7643063,-3.340204
/content/quantum rheed codex/data/original data/Trajectories/2022-04-11/217_RR220411A_857C_1718.bmp,trajectory,,False,3.4059172,-2.4530642
/content/quantum rheed codex/data/original data/Trajectories/2022-04-11/218_RR220411A_858C_1719.bmp,trajectory,,False,3.9501321,-2.2908
/content/quantum rheed codex/data/original data/Trajectories/2022-04-11/219_RR220411A_865C_1720.bmp,trajectory,,False,4.440499,-1.9040368
/content/quantum rheed codex/data/original data/Trajectories/2022-04-11/220_RR220411A_865C_1721.bmp,trajectory,,False,4.5238247,-1.7652177
/content/quantum rheed codex/data/original data/Trajectories/2022-04-11/221_RR220411A_864C_1721-01.bmp,trajectory,,False,4.3374877,-2.0165725
/content/quantum rheed codex/data/original data/Trajectories/2022-04-11/222_RR220411A_864C_1721-02.bmp,trajectory,,False,4.7874074,-2.1295457
/content/quantum rheed codex/data/original data/Trajectories/2022-04-11/223_RR220411A_864C_1722.bmp,trajectory,,False,5.464476,-1.1431214
/content/quantum rheed codex/data/original data/Trajectories/2022-04-11/224_RR220411A_865C_1723.bmp,trajectory,,False,5.3090143,-1.4224716
/content/quantum rheed codex/data/original data/Trajectories/2022-04-11/225_RR220411A_873C_1724.bmp,trajectory,,False,5.2871294,-1.4455817
/content/quantum rheed codex/data/original data/Trajectories/2022-04-11/226_RR220411A_873C_1725.bmp,trajectory,,False,5.6970005,-1.3090259
/content/quantum rheed codex/data/original data/Trajectories/2022-04-11/227_RR220411A_877C_1726.bmp,trajectory,,False,5.563983,-1.2034874
/content/quantum rheed codex/data/original data/Trajectories/2022-04-11/228_RR220411A_872C_1726.bmp,trajectory,,False,5.9417634,-0.95348907
/content/quantum rheed codex/data/original data/Trajectories/2022-04-11/229_RR220411A_877C_1727.bmp,trajectory,,False,6.1224113,-0.7832484
/content/quantum rheed codex/data/original data/Trajectories/2022-04-11/230_RR220411A_876C_1728.bmp,trajectory,,False,6.2767053,-0.6861986
/content/quantum rheed codex/data/original data/Trajectories/2022-04-11/231_RR220411A_882C_1729.bmp,trajectory,,False,6.3452325,-0.44722706
/content/quantum rheed codex/data/original data/Trajectories/2022-04-11/232_RR220411A_882C_1730.bmp,trajectory,,False,6.5080357,-0.23102757
/content/quantum rheed codex/data/original data/Trajectories/2022-04-11/233_RR220411A_889C_1731.bmp,trajectory,,False,5.970383,-0.3296653
/content/quantum rheed codex/data/original data/Trajectories/2022-04-11/234_RR220411A_888C_1732.bmp,trajectory,,False,6.297084,-0.44804984
/content/quantum rheed codex/data/original data/Trajectories/2022-04-11/235_RR220411A_886C_1733.bmp,trajectory,,False,6.8042755,-0.22692345
/content/quantum rheed codex/data/original data/Trajectories/2022-04-11/236_RR220411A_903C_1735.bmp,trajectory,,False,6.628612,-0.0205525
/content/quantum rheed codex/data/original data/Trajectories/2022-04-11/237_RR220411A_901C_1735.bmp,trajectory,,False,6.3497295,-0.59243035
/content/quantum rheed codex/data/original data/Trajectories/2022-04-11/238_RR220411A_905C_1736.bmp,trajectory,,False,6.2059016,-0.36060044
/content/quantum rheed codex/data/original data/Trajectories/2022-04-11/239_RR220411A_901C_1736.bmp,trajectory,,False,6.4376435,-0.11961728
/content/quantum rheed codex/data/original data/Trajectories/2022-04-11/240_RR220411A_911C_1737.bmp,trajectory,,False,5.607238,-0.8514936
/content/quantum rheed codex/data/original data/Trajectories/2022-04-11/241_RR220411A_910C_1737.bmp,trajectory,,False,5.620605,-0.7194423
/content/quantum rheed codex/data/original data/Trajectories/2022-04-11/242_RR220411A_918C_1739.bmp,trajectory,,False,5.4387236,-0.6612209
/content/quantum rheed codex/data/original data/Trajectories/2022-04-11/243_RR220411A_909C_1739.bmp,trajectory,,False,6.148196,-0.08911327
/content/quantum rheed codex/data/original data/Trajectories/2022-04-11/244_RR220411A_916C_1740.bmp,trajectory,,False,5.4360223,-0.26374272
/content/quantum rheed codex/data/original data/Trajectories/2022-04-11/245_RR220411A_915C_1740.bmp,trajectory,,False,5.5869203,-0.44361386
/content/quantum rheed codex/data/original data/Trajectories/2022-04-11/246_RR220411A_915C_1741.bmp,trajectory,,False,5.3184776,-0.4465945
/content/quantum rheed codex/data/original data/Trajectories/2022-04-11/247_RR220411A_923C_1742.bmp,trajectory,,False,5.145772,-0.56421834
/content/quantum rheed codex/data/original data/Trajectories/2022-04-11/248_RR220411A_921C_1743.bmp,trajectory,,False,5.2321916,-0.58544666
/content/quantum rheed codex/data/original data/Trajectories/2022-04-11/249_RR220411A_920C_1743.bmp,trajectory,,False,5.3813996,-0.44141686
/content/quantum rheed codex/data/original data/Trajectories/2022-04-11/250_RR220411A_920C_1745.bmp,trajectory,,False,5.705318,-0.43239188
/content/quantum rheed codex/data/original data/Trajectories/2022-04-11/251_RR220411A_930C_1746.bmp,trajectory,,False,4.856925,-0.85484827
/content/quantum rheed codex/data/original data/Trajectories/2022-04-11/252_RR220411A_928C_1747.bmp,trajectory,,False,4.9278536,-0.66780627
/content/quantum rheed codex/data/original data/Trajectories/2022-04-11/253_RR220411A_929C_1747.bmp,trajectory,,False,4.4563546,-0.98170537
/content/quantum rheed codex/data/original data/Trajectories/2022-04-11/254_RR220411A_929C_1748.bmp,trajectory,,False,4.5408235,-0.72314894
/content/quantum rheed codex/data/original data/Trajectories/2022-04-11/255_RR220411A_927C_1749.bmp,trajectory,,False,4.884276,-0.5735207
/content/quantum rheed codex/data/original data/Trajectories/2022-04-11/256_RR220411A_927C_1750.bmp,trajectory,,False,4.8293934,-0.65244645
/content/quantum rheed codex/data/original data/Trajectories/2022-04-11/257_RR220411A_934C_1751.bmp,trajectory,,False,4.0317745,-1.154974
/content/quantum rheed codex/data/original data/Trajectories/2022-04-11/258_RR220411A_932C_1751.bmp,trajectory,,False,5.0062213,-0.23117355
/content/quantum rheed codex/data/original data/Trajectories/2022-04-11/259_RR220411A_941C_1752.bmp,trajectory,,False,3.4308043,-1.226398
/content/quantum rheed codex/data/original data/Trajectories/2022-04-11/260_RR220411A_942C_1752.bmp,trajectory,,False,3.535147,-0.96761227
/content/quantum rheed codex/data/original data/Trajectories/2022-04-11/261_RR220411A_948C_1753.bmp,trajectory,,False,2.8320057,-1.5162735
/content/quantum rheed codex/data/original data/Trajectories/2022-04-11/262_RR220411A_946C_1754.bmp,trajectory,,False,2.6285086,-1.759852
/content/quantum rheed codex/data/original data/Trajectories/2022-04-11/263_RR220411A_956C_1754.bmp,trajectory,,False,1.3136921,-1.952908
/content/quantum rheed codex/data/original data/Trajectories/2022-04-11/264_RR220411A_954C_1755.bmp,trajectory,,False,1.5952367,-1.7407308
/content/quantum rheed codex/data/original data/Trajectories/2022-04-11/265_RR220411A_952C_1757.bmp,trajectory,,False,1.3597434,-1.7297786
/content/quantum rheed codex/data/original data/Trajectories/2022-04-11/266_RR220411A_953C_1759.bmp,trajectory,,False,1.5187337,-1.5072335
/content/quantum rheed codex/data/original data/Trajectories/2022-04-11/267_RR220411A_953C_1800.bmp,trajectory,,False,1.519249,-1.3520122
/content/quantum rheed codex/data/original data/Trajectories/2022-04-11/268_RR220411A_952C_1801.bmp,trajectory,,False,1.748851,-1.2073933
/content/quantum rheed codex/data/original data/Trajectories/2022-04-11/269_RR220411A_952C_1804.bmp,trajectory,,False,1.4895418,-1.3937877
/content/quantum rheed codex/data/original data/Trajectories/2022-04-11/270_RR220411A_951C_1805.bmp,trajectory,,False,1.4653392,-0.94211704
/content/quantum rheed codex/data/original data/Trajectories/2022-04-11/271_RR220411A_951C_1811.bmp,trajectory,,False,0.8373541,-1.3033133
/content/quantum rheed codex/data/original data/Trajectories/2022-04-11/272_RR220411A_951C_1813.bmp,trajectory,,False,1.0159862,-1.6099803
/content/quantum rheed codex/data/original data/Trajectories/2022-04-11/273_RR220411A_950C_1815.bmp,trajectory,,False,1.1309984,-1.2414412
/content/quantum rheed codex/data/original data/Trajectories/2022-04-11/274_RR220411A_950C_1819.bmp,trajectory,,False,0.85597795,-1.0808815
/content/quantum rheed codex/data/original data/Trajectories/2022-04-11/275_RR220411A_950C_1820.bmp,trajectory,,False,1.2450333,-0.8233527
/content/quantum rheed codex/data/original data/Trajectories/2022-04-11/276_RR220411A_937C_1826.bmp,trajectory,,False,1.7559844,-0.49791202
/content/quantum rheed codex/data/original data/Trajectories/2022-04-11/277_RR220411A_936C_1828.bmp,trajectory,,False,2.0332236,-0.28546065
/content/quantum rheed codex/data/original data/Trajectories/2022-04-11/278_RR220411A_932C_1829.bmp,trajectory,,False,2.164299,-0.6800097
/content/quantum rheed codex/data/original data/Trajectories/2022-04-11/279_RR220411A_929C_1830.bmp,trajectory,,False,2.3205104,-0.42957905
/content/quantum rheed codex/data/original data/Trajectories/2022-04-11/280_RR220411A_927C_1831.bmp,trajectory,,False,2.208103,-0.57822496
/content/quantum rheed codex/data/original data/Trajectories/2022-04-11/281_RR220411A_923C_1832.bmp,trajectory,,False,2.2905138,-0.5023398
/content/quantum rheed codex/data/original data/Trajectories/2022-04-11/282_RR220411A_921C_1833.bmp,trajectory,,False,2.7340755,-0.58962166
/content/quantum rheed codex/data/original data/Trajectories/2022-04-11/283_RR220411A_918C_1834.bmp,trajectory,,False,3.2830856,0.09586924
/content/quantum rheed codex/data/original data/Trajectories/2022-04-11/284_RR220411A_912C_1835.bmp,trajectory,,False,3.6587954,-0.37137768
/content/quantum rheed codex/data/original data/Trajectories/2022-04-11/285_RR220411A_911C_1836.bmp,trajectory,,False,3.543155,0.13653716
/content/quantum rheed codex/data/original data/Trajectories/2022-04-11/286_RR220411A_906C_1837.bmp,trajectory,,False,4.018446,0.1467306
/content/quantum rheed codex/data/original data/Trajectories/2022-04-11/287_RR220411A_903C_1837.bmp,trajectory,,False,3.5504627,-0.04825125
/content/quantum rheed codex/data/original data/Trajectories/2022-04-11/288_RR220411A_904C_1837.bmp,trajectory,,False,2.9222105,-0.1796451
/content/quantum rheed codex/data/original data/Trajectories/2022-04-11/289_RR220411A_899C_1839.bmp,trajectory,,False,4.3073816,0.64283377
/content/quantum rheed codex/data/original data/Trajectories/2022-04-11/290_RR220411A_890C_1839.bmp,trajectory,,False,4.517877,0.4041946
/content/quantum rheed codex/data/original data/Trajectories/2022-04-11/291_RR220411A_888C_1840.bmp,trajectory,,False,4.797499,0.69335204
/content/quantum rheed codex/data/original data/Trajectories/2022-04-11/292_RR220411A_887C_1841.bmp,trajectory,,False,4.3183293,0.7306152
/content/quantum rheed codex/data/original data/Trajectories/2022-04-11/293_RR220411A_882C_1842.bmp,trajectory,,False,4.959507,0.4628864
/content/quantum rheed codex/data/original data/Trajectories/2022-04-11/294_RR220411A_883C_1842.bmp,trajectory,,False,4.902845,0.70528805
/content/quantum rheed codex/data/original data/Trajectories/2022-04-11/295_RR220411A_881C_1843.bmp,trajectory,,False,4.7301416,0.7902628
/content/quantum rheed codex/data/original data/Trajectories/2022-04-11/296_RR220411A_878C_1844.bmp,trajectory,,False,4.9391193,0.4965666
/content/quantum rheed codex/data/original data/Trajectories/2022-04-11/297_RR220411A_879C_1844.bmp,trajectory,,False,5.3668065,1.1198841
/content/quantum rheed codex/data/original data/Trajectories/2022-04-11/298_RR220411A_877C_1845.bmp,trajectory,,False,5.089711,0.92229205
/content/quantum rheed codex/data/original data/Trajectories/2022-04-11/299_RR220411A_874C_1846.bmp,trajectory,,False,5.318357,0.8805365
/content/quantum rheed codex/data/original data/Trajectories/2022-04-11/300_RR220411A_872C_1846.bmp,trajectory,,False,5.3263383,1.2740415
/content/quantum rheed codex/data/original data/Trajectories/2022-04-11/301_RR220411A_869C_1848.bmp,trajectory,,False,5.130503,1.2533098
/content/quantum rheed codex/data/original data/Trajectories/2022-04-11/302_RR220411A_865C_1848.bmp,trajectory,,False,5.590047,1.1031773
/content/quantum rheed codex/data/original data/Trajectories/2022-04-11/303_RR220411A_863C_1849.bmp,trajectory,,False,5.3386207,1.197533
/content/quantum rheed codex/data/original data/Trajectories/2022-04-11/304_RR220411A_861C_1849.bmp,trajectory,,False,5.4349837,1.3145455
/content/quantum rheed codex/data/original data/Trajectories/2022-04-11/305_RR220411A_859C_1850.bmp,trajectory,,False,5.8310914,1.3837049
/content/quantum rheed codex/data/original data/Trajectories/2022-04-11/306_RR220411A_857C_1850.bmp,trajectory,,False,5.565562,1.0883358
/content/quantum rheed codex/data/original data/Trajectories/2022-04-11/307_RR220411A_855C_1851.bmp,trajectory,,False,5.58347,1.1953489
/content/quantum rheed codex/data/original data/Trajectories/2022-04-11/308_RR220411A_852C_1852.bmp,trajectory,,False,5.883776,1.2985497
/content/quantum rheed codex/data/original data/Trajectories/2022-04-11/309_RR220411A_847C_1853.bmp,trajectory,,False,5.729038,1.2647054
/content/quantum rheed codex/data/original data/Trajectories/2022-04-11/310_RR220411A_849C_1853.bmp,trajectory,,False,5.5564556,1.3985578
/content/quantum rheed codex/data/original data/Trajectories/2022-04-11/311_RR220411A_845C_1854.bmp,trajectory,,False,5.5785074,1.435375
/content/quantum rheed codex/data/original data/Trajectories/2022-04-11/312_RR220411A_841C_1856.bmp,trajectory,,False,5.8619723,1.4858459
/content/quantum rheed codex/data/original data/Trajectories/2022-04-11/313_RR220411A_839C_1856.bmp,trajectory,,False,5.8773656,1.8729147
/content/quantum rheed codex/data/original data/Trajectories/2022-04-11/314_RR220411A_836C_1857.bmp,trajectory,,False,5.916319,1.5251079
/content/quantum rheed codex/data/original data/Trajectories/2022-04-11/315_RR220411A_835C_1857.bmp,trajectory,,False,6.200176,1.8691591
/content/quantum rheed codex/data/original data/Trajectories/2022-04-11/316_RR220411A_833C_1858.bmp,trajectory,,False,5.8919954,1.7940581
/content/quantum rheed codex/data/original data/Trajectories/2022-04-11/317_RR220411A_831C_1858.bmp,trajectory,,False,5.891913,1.4581653
/content/quantum rheed codex/data/original data/Trajectories/2022-04-11/318_RR220411A_826C_1900.bmp,trajectory,,False,6.0665984,1.9142312
/content/quantum rheed codex/data/original data/Trajectories/2022-04-11/319_RR220411A_828C_1900.bmp,trajectory,,False,6.11638,1.5344387
/content/quantum rheed codex/data/original data/Trajectories/2022-04-11/320_RR220411A_824C_1901.bmp,trajectory,,False,6.094721,1.7964562
/content/quantum rheed codex/data/original data/Trajectories/2022-04-11/321_RR220411A_823C_1901.bmp,trajectory,,False,6.002608,1.9745643
/content/quantum rheed codex/data/original data/Trajectories/2022-04-11/322_RR220411A_818C_1902.bmp,trajectory,,False,5.9987373,1.9390285
/content/quantum rheed codex/data/original data/Trajectories/2022-04-11/323_RR220411A_816C_1903.bmp,trajectory,,False,5.983045,2.0790014
/content/quantum rheed codex/data/original data/Trajectories/2022-04-11/324_RR220411A_783C_1905.bmp,trajectory,,False,6.153751,2.7866986
/content/quantum rheed codex/data/original data/Trajectories/2022-04-11/325_RR220411A_773C_1906.bmp,trajectory,,False,6.4714546,2.9758296
/content/quantum rheed codex/data/original data/Trajectories/2022-04-11/326_RR220411A_772C_1907.bmp,trajectory,,False,6.3685584,2.911693
/content/quantum rheed codex/data/original data/Trajectories/2022-04-11/327_RR220411A_766C_1908.bmp,trajectory,,False,6.357818,3.237882
/content/quantum rheed codex/data/original data/Trajectories/2022-04-11/328_RR220411A_767C_1908.bmp,trajectory,,False,6.273966,2.9779186
/content/quantum rheed codex/data/original data/Trajectories/2022-04-11/329_RR220411A_765C_1909.bmp,trajectory,,False,5.9235024,2.8613503
/content/quantum rheed codex/data/original data/Trajectories/2022-04-11/330_RR220411A_762C_1910.bmp,trajectory,,False,6.101373,2.7765653
/content/quantum rheed codex/data/original data/Trajectories/2022-04-11/331_RR220411A_760C_1910.bmp,trajectory,,False,5.7348914,2.677682
/content/quantum rheed codex/data/original data/Trajectories/2022-04-11/332_RR220411A_756C_1911.bmp,trajectory,,False,6.083747,3.2739778
/content/quantum rheed codex/data/original data/Trajectories/2022-04-11/333_RR220411A_752C_1911.bmp,trajectory,,False,6.4020877,3.5112188
/content/quantum rheed codex/data/original data/Trajectories/2022-04-11/334_RR220411A_751C_1912.bmp,trajectory,,False,6.3973093,3.2630606
/content/quantum rheed codex/data/original data/Trajectories/2022-04-11/335_RR220411A_742C_1913.bmp,trajectory,,False,5.884774,2.9764986
/content/quantum rheed codex/data/original data/Trajectories/2022-04-11/336_RR220411A_747C_1913.bmp,trajectory,,False,5.9853897,3.060536
/content/quantum rheed codex/data/original data/Trajectories/2022-04-11/337_RR220411A_741C_1914.bmp,trajectory,,False,5.7812867,3.362926
/content/quantum rheed codex/data/original data/Trajectories/2022-04-11/338_RR220411A_734C_1915.bmp,trajectory,,False,6.1501985,3.4258213
/content/quantum rheed codex/data/original data/Trajectories/2022-04-11/339_RR220411A_737C_1915.bmp,trajectory,,False,6.3417025,3.4285939
/content/quantum rheed codex/data/original data/Trajectories/2022-04-11/340_RR220411A_731C_1916.bmp,trajectory,,False,5.903061,3.3581948
/content/quantum rheed codex/data/original data/Trajectories/2022-04-11/341_RR220411A_727C_1917.bmp,trajectory,,False,5.959813,3.4863336
/content/quantum rheed codex/data/original data/Trajectories/2022-04-11/342_RR220411A_728C_1917.bmp,trajectory,,False,5.9900584,3.4493055
/content/quantum rheed codex/data/original data/Trajectories/2022-04-11/343_RR220411A_722C_1918.bmp,trajectory,,False,6.2184377,3.4235497
/content/quantum rheed codex/data/original data/Trajectories/2022-04-11/344_RR220411A_719C_1918.bmp,trajectory,,False,6.2515783,3.8616261
/content/quantum rheed codex/data/original data/Trajectories/2022-04-11/345_RR220411A_717C_1919.bmp,trajectory,,False,6.632723,3.9589188
/content/quantum rheed codex/data/original data/Trajectories/2022-04-11/346_RR220411A_714C_1919.bmp,trajectory,,False,6.1437535,3.7145383
/content/quantum rheed codex/data/original data/Trajectories/2022-04-11/347_RR220411A_708C_1920.bmp,trajectory,,False,6.424357,3.8595407
/content/quantum rheed codex/data/original data/Trajectories/2022-04-11/348_RR220411A_709C_1920.bmp,trajectory,,False,6.2654605,3.5739918
/content/quantum rheed codex/data/original data/Trajectories/2022-04-11/349_RR220411A_705C_1921.bmp,trajectory,,False,6.5552897,3.826725
/content/quantum rheed codex/data/original data/Trajectories/2022-04-11/350_RR220411A_701C_1921.bmp,trajectory,,False,6.44027,3.9118197
/content/quantum rheed codex/data/original data/Trajectories/2022-04-11/351_RR220411A_700C_1922.bmp,trajectory,,False,6.706412,3.9858794
/content/quantum rheed codex/data/original data/Trajectories/2022-04-11/352_RR220411A_694C_1923.bmp,trajectory,,False,6.2825813,4.1982718
/content/quantum rheed codex/data/original data/Trajectories/2022-04-11/353_RR220411A_697C_1923.bmp,trajectory,,False,6.207166,4.062753
/content/quantum rheed codex/data/original data/Trajectories/2022-04-11/354_RR220411A_693C_1924.bmp,trajectory,,False,6.5930223,4.1056986
/content/quantum rheed codex/data/original data/Trajectories/2022-04-11/355_RR220411A_690C_1924.bmp,trajectory,,False,6.32698,3.9644153
/content/quantum rheed codex/data/original data/Trajectories/2022-04-11/356_RR220411A_685C_1925.bmp,trajectory,,False,6.2531605,4.010288
/content/quantum rheed codex/data/original data/Trajectories/2022-04-11/357_RR220411A_684C_1925.bmp,trajectory,,False,6.5023074,3.8282208
/content/quantum rheed codex/data/original data/Trajectories/2022-04-11/358_RR220411A_677C_1926.bmp,trajectory,,False,6.605889,4.44772
/content/quantum rheed codex/data/original data/Trajectories/2022-04-11/359_RR220411A_675C_1926.bmp,trajectory,,False,6.887746,4.211641
/content/quantum rheed codex/data/original data/Trajectories/2022-04-11/360_RR220411A_671C_1927.bmp,trajectory,,False,6.788408,4.153564
/content/quantum rheed codex/data/original data/Trajectories/2022-04-11/361_RR220411A_667C_1928.bmp,trajectory,,False,6.8061028,4.337152
/content/quantum rheed codex/data/original data/Trajectories/2022-04-11/362_RR220411A_666C_1928.bmp,trajectory,,False,6.430178,4.5601583
/content/quantum rheed codex/data/original data/Trajectories/2022-04-11/363_RR220411A_661C_1929.bmp,trajectory,,False,6.673546,4.4186683
/content/quantum rheed codex/data/original data/Trajectories/2022-04-11/364_RR220411A_660C_1929.bmp,trajectory,,False,6.476736,4.3277955
/content/quantum rheed codex/data/original data/Trajectories/2022-04-11/365_RR220411A_658C_1930.bmp,trajectory,,False,6.256336,4.3897567
/content/quantum rheed codex/data/original data/Trajectories/2022-04-11/366_RR220411A_654C_1930.bmp,trajectory,,False,6.6774087,4.556221
/content/quantum rheed codex/data/original data/Trajectories/2022-04-11/367_RR220411A_648C_1932.bmp,trajectory,,False,6.6650386,4.3893213
/content/quantum rheed codex/data/original data/Trajectories/2022-04-11/368_RR220411A_647C_1932.bmp,trajectory,,False,6.7211475,4.4387045
/content/quantum rheed codex/data/original data/Trajectories/2022-04-11/369_RR220411A_643C_1933.bmp,trajectory,,False,6.7940154,4.870721
/content/quantum rheed codex/data/original data/Trajectories/2022-04-11/370_RR220411A_640C_1934.bmp,trajectory,,False,6.662929,4.607331
/content/quantum rheed codex/data/original data/Trajectories/2022-04-11/371_RR220411A_633C_1935.bmp,trajectory,,False,6.716487,4.345361
/content/quantum rheed codex/data/original data/Trajectories/2022-04-11/372_RR220411A_636C_1935.bmp,trajectory,,False,6.5254617,4.6378975
/content/quantum rheed codex/data/original data/Trajectories/2022-04-11/373_RR220411A_630C_1937.bmp,trajectory,,False,6.5808196,4.8498406
/content/quantum rheed codex/data/original data/Trajectories/2022-04-11/374_RR220411A_625C_1937.bmp,trajectory,,False,6.5334344,4.606293
/content/quantum rheed codex/data/original data/Trajectories/2022-04-11/375_RR220411A_617C_1938.bmp,trajectory,,False,6.409263,4.6561866
/content/quantum rheed codex/data/original data/Trajectories/2022-04-11/376_RR220411A_620C_1938.bmp,trajectory,,False,6.54952,4.811742
/content/quantum rheed codex/data/original data/Trajectories/2022-04-11/377_RR220411A_616C_1939.bmp,trajectory,,False,6.5592084,5.0961895
/content/quantum rheed codex/data/original data/Trajectories/2022-04-11/378_RR220411A_600C_1940.bmp,trajectory,,False,6.533203,5.2773066
/content/quantum rheed codex/data/original data/Trajectories/2022-04-11/379_RR220411A_614C_1940.bmp,trajectory,,False,6.245774,4.9453974
/content/quantum rheed codex/data/original data/Trajectories/2022-04-11/380_RR220411A_610C_1940.bmp,trajectory,,False,6.3759704,4.92008
/content/quantum rheed codex/data/original data/Trajectories/2022-04-11/381_RR220411A_605C_1940.bmp,trajectory,,False,6.4289255,4.798242
/content/quantum rheed codex/data/original data/Trajectories/2022-04-11/382_RR220411A_595C_1941.bmp,trajectory,,False,6.4552345,4.8479037
/content/quantum rheed codex/data/original data/Trajectories/2022-04-11/383_RR220411A_597C_1941.bmp,trajectory,,False,6.722754,4.9572167
/content/quantum rheed codex/data/original data/Trajectories/2022-04-11/384_RR220411A_586C_1942.bmp,trajectory,,False,6.679426,4.98803
/content/quantum rheed codex/data/original data/Trajectories/2022-04-11/385_RR220411A_590C_1942.bmp,trajectory,,False,6.537708,4.9711637
/content/quantum rheed codex/data/original data/Trajectories/2022-04-11/386_RR220411A_580C_1943.bmp,trajectory,,False,6.2009416,4.643338
/content/quantum rheed codex/data/original data/Trajectories/2022-04-11/387_RR220411A_578C_1943.bmp,trajectory,,False,6.5220895,5.0055723
/content/quantum rheed codex/data/original data/Trajectories/2022-04-11/388_RR220411A_576C_1944.bmp,trajectory,,False,6.32739,4.9688635
/content/quantum rheed codex/data/original data/Trajectories/2022-04-11/389_RR220411A_571C_1944.bmp,trajectory,,False,6.2990804,5.3902674
/content/quantum rheed codex/data/original data/Trajectories/2022-04-11/390_RR220411A_565C_1944.bmp,trajectory,,False,6.0287786,5.466507
/content/quantum rheed codex/data/original data/Trajectories/2022-04-11/391_RR220411A_556C_1945.bmp,trajectory,,False,6.8611627,5.2890973
/content/quantum rheed codex/data/original data/Trajectories/2022-04-11/392_RR220411A_560C_1945.bmp,trajectory,,False,6.0879283,5.3871946
/content/quantum rheed codex/data/original data/Trajectories/2022-04-11/393_RR220411A_551C_1946.bmp,trajectory,,False,6.5435843,5.412936
/content/quantum rheed codex/data/original data/Trajectories/2022-04-11/394_RR220411A_546C_1946.bmp,trajectory,,False,6.258844,5.3422036
/content/quantum rheed codex/data/original data/Trajectories/2022-04-11/395_RR220411A_543C_1947.bmp,trajectory,,False,6.2771297,5.5170045
/content/quantum rheed codex/data/original data/Trajectories/2022-04-11/396_RR220411A_537C_1947.bmp,trajectory,,False,6.111432,5.388191
/content/quantum rheed codex/data/original data/Trajectories/2022-04-11/397_RR220411A_528C_1948.bmp,trajectory,,False,6.241214,5.566002
/content/quantum rheed codex/data/original data/Trajectories/2022-04-11/398_RR220411A_527C_1948.bmp,trajectory,,False,6.318501,5.7020326
/content/quantum rheed codex/data/original data/Trajectories/2022-04-11/399_RR220411A_534C_1948.bmp,trajectory,,False,6.2670784,5.534567
/content/quantum rheed codex/data/original data/Trajectories/2022-04-11/400_RR220411A_516C_1949.bmp,trajectory,,False,6.1917896,5.9628377
/content/quantum rheed codex/data/original data/Trajectories/2022-04-11/401_RR220411A_524C_1949.bmp,trajectory,,False,6.273226,5.4313083
/content/quantum rheed codex/data/original data/Trajectories/2022-04-11/402_RR220411A_506C_1950.bmp,trajectory,,False,6.0993876,6.0909576
/content/quantum rheed codex/data/original data/Trajectories/2022-04-11/403_RR220411A_510C_1950.bmp,trajectory,,False,6.1889315,6.0197525
/content/quantum rheed codex/data/original data/Trajectories/2022-04-11/404_RR220411A_500C_1951.bmp,trajectory,,False,6.0319724,5.693034
/content/quantum rheed codex/data/original data/Trajectories/2022-04-11/405_RR220411A_493C_1951.bmp,trajectory,,False,5.9208846,5.847565
/content/quantum rheed codex/data/original data/Trajectories/2022-04-11/406_RR220411A_478C_1952.bmp,trajectory,,False,6.312506,6.047122
/content/quantum rheed codex/data/original data/Trajectories/2022-04-11/407_RR220411A_487C_1952.bmp,trajectory,,False,6.129376,6.066989
/content/quantum rheed codex/data/original data/Trajectories/2022-04-11/408_RR220411A_480C_1952.bmp,trajectory,,False,6.1062083,5.832005
/content/quantum rheed codex/data/original data/Trajectories/2022-04-11/409_RR220411A_474C_1953.bmp,trajectory,,False,6.139614,6.1301694
/content/quantum rheed codex/data/original data/Trajectories/2022-04-11/410_RR220411A_470C_1953.bmp,trajectory,,False,5.8065567,5.975168
/content/quantum rheed codex/data/original data/Trajectories/2022-04-11/411_RR220411A_465C_1954.bmp,trajectory,,False,6.0920753,5.96517
/content/quantum rheed codex/data/original data/Trajectories/2022-04-11/412_RR220411A_454C_1955.bmp,trajectory,,False,5.6340923,6.2140346
/content/quantum rheed codex/data/original data/Trajectories/2022-04-11/413_RR220411A_459C_1955.bmp,trajectory,,False,5.7115235,6.190893
/content/quantum rheed codex/data/original data/Trajectories/2022-04-11/414_RR220411A_445C_1955.bmp,trajectory,,False,5.7867527,5.9843526
/content/quantum rheed codex/data/original data/Trajectories/2022-04-11/415_RR220411A_436C_1956.bmp,trajectory,,False,5.8802347,6.5449266
/content/quantum rheed codex/data/original data/Trajectories/2022-04-11/416_RR220411A_441C_1956.bmp,trajectory,,False,5.963347,6.1300015
/content/quantum rheed codex/data/original data/Trajectories/2022-04-11/417_RR220411A_427C_1956.bmp,trajectory,,False,5.5217957,5.9598837
/content/quantum rheed codex/data/original data/Trajectories/2022-04-11/418_RR220411A_420C_1957.bmp,trajectory,,False,5.817885,6.2511086
/content/quantum rheed codex/data/original data/Trajectories/2022-04-11/419_RR220411A_415C_1957.bmp,trajectory,,False,5.789324,6.301949
/content/quantum rheed codex/data/original data/Trajectories/2022-04-11/420_RR220411A_412C_1958.bmp,trajectory,,False,5.9729404,6.3088355
/content/quantum rheed codex/data/original data/Trajectories/2022-04-11/421_RR220411A_408C_1959.bmp,trajectory,,False,5.601401,6.445935
/content/quantum rheed codex/data/original data/Trajectories/2022-04-11/422_RR220411A_403C_1959.bmp,trajectory,,False,5.7333765,6.3578963
/content/quantum rheed codex/data/original data/Trajectories/2022-04-11/423_RR220411A_401C_2000.bmp,trajectory,,False,5.7491612,6.4693575
/content/quantum rheed codex/data/original data/Trajectories/2022-04-11/424_RR220411A_397C_2000.bmp,trajectory,,False,6.0239987,6.317884
/content/quantum rheed codex/data/original data/Trajectories/2022-04-11/425_RR220411A_387C_2000.bmp,trajectory,,False,5.8039293,6.777391
/content/quantum rheed codex/data/original data/Trajectories/2022-04-11/426_RR220411A_384C_2001.bmp,trajectory,,False,5.812436,6.3779407
/content/quantum rheed codex/data/original data/Trajectories/2022-04-11/427_RR220411A_371C_2001.bmp,trajectory,,False,5.8851566,6.8518467
/content/quantum rheed codex/data/original data/Trajectories/2022-04-11/428_RR220411A_381C_2001.bmp,trajectory,,False,5.6112776,6.506011
/content/quantum rheed codex/data/original data/Trajectories/2022-04-11/429_RR220411A_358C_2002.bmp,trajectory,,False,5.883441,6.4489307
/content/quantum rheed codex/data/original data/Trajectories/2022-04-11/430_RR220411A_365C_2002.bmp,trajectory,,False,5.9015,7.025505
/content/quantum rheed codex/data/original data/Trajectories/2022-04-11/431_RR220411A_368C_2002.bmp,trajectory,,False,6.159411,6.8206153
/content/quantum rheed codex/data/original data/Trajectories/2022-04-11/432_RR220411A_352C_2003.bmp,trajectory,,False,6.1854725,7.2578006
/content/quantum rheed codex/data/original data/Trajectories/2022-04-11/433_RR220411A_347C_2003.bmp,trajectory,,False,5.6761236,6.9538264
/content/quantum rheed codex/data/original data/Trajectories/2022-04-11/434_RR220411A_356C_2003.bmp,trajectory,,False,5.9939694,6.830872
/content/quantum rheed codex/data/original data/Trajectories/2022-04-11/435_RR220411A_333C_2004.bmp,trajectory,,False,5.4007916,6.595305
/content/quantum rheed codex/data/original data/Trajectories/2022-04-11/436_RR220411A_342C_2004.bmp,trajectory,,False,6.077358,7.1630955
/content/quantum rheed codex/data/original data/Trajectories/2022-04-11/437_RR220411A_345C_2004.bmp,trajectory,,False,5.9944096,6.952263
/content/quantum rheed codex/data/original data/Trajectories/2022-04-11/438_RR220411A_323C_2005.bmp,trajectory,,False,5.9694705,7.270456
/content/quantum rheed codex/data/original data/Trajectories/2022-04-11/439_RR220411A_330C_2005.bmp,trajectory,,False,5.582432,7.099253
/content/quantum rheed codex/data/original data/Trajectories/2022-04-11/440_RR220411A_309C_2006.bmp,trajectory,,False,5.8659315,7.3794856
/content/quantum rheed codex/data/original data/Trajectories/2022-04-11/441_RR220411A_316C_2006.bmp,trajectory,,False,5.9866085,6.7818036
/content/quantum rheed codex/data/original data/Trajectories/2022-04-11/442_RR220411A_313C_2006.bmp,trajectory,,False,5.7594733,7.149173
/content/quantum rheed codex/data/original data/Trajectories/2022-04-11/443_RR220411A_303C_2007.bmp,trajectory,,False,6.045097,7.327181
/content/quantum rheed codex/data/original data/Trajectories/2022-04-11/444_RR220411A_295C_2007.bmp,trajectory,,False,6.138483,7.1024194
/content/quantum rheed codex/data/original data/Trajectories/2022-04-11/445_RR220411A_300C_2007.bmp,trajectory,,False,5.5555615,7.3853397
/content/quantum rheed codex/data/original data/Trajectories/2022-04-11/446_RR220411A_290C_2008.bmp,trajectory,,False,5.2551513,7.625862
/content/quantum rheed codex/data/original data/Trajectories/2022-04-11/447_RR220411A_287C_2008.bmp,trajectory,,False,5.769693,7.3147087
/content/quantum rheed codex/data/original data/Trajectories/2022-04-11/448_RR220411A_283C_2009.bmp,trajectory,,False,5.721448,7.249894
/content/quantum rheed codex/data/original data/Trajectories/2022-04-11/449_RR220411A_278C_2010.bmp,trajectory,,False,6.0347204,7.5721583
