path,source,label,is_labeled,x,y
/content/quantum rheed codex/data/original data/STO_ideal_1x1/1x1_1.bmp,ideal,(1 x 1),True,40.500374,-24.952497
/content/quantum rheed codex/data/original data/STO_ideal_1x1/1x1_13.bmp,ideal,(1 x 1),True,-5.8959236,-9.634433
/content/quantum rheed codex/data/original data/STO_ideal_1x1/1x1_14.bmp,ideal,(1 x 1),True,-6.292456,-9.494808
/content/quantum rheed codex/data/original data/STO_ideal_1x1/1x1_15.bmp,ideal,(1 x 1),True,-6.2330112,-9.496847
/content/quantum rheed codex/data/original data/STO_ideal_1x1/1x1_16.bmp,ideal,(1 x 1),True,-6.2748184,-9.501834
/content/quantum rheed codex/data/original data/STO_ideal_1x1/1x1_17.bmp,ideal,(1 x 1),True,-6.254499,-9.508131
/content/quantum rheed codex/data/original data/STO_ideal_1x1/1x1_18.bmp,ideal,(1 x 1),True,-6.2049417,-9.503432
/content/quantum rheed codex/data/original data/STO_ideal_1x1/1x1_19.bmp,ideal,(1 x 1),True,-6.249289,-9.507812
/content/quantum rheed codex/data/original data/STO_ideal_1x1/1x1_20.bmp,ideal,(1 x 1),True,19.291698,-11.662676
/content/quantum rheed codex/data/original data/STO_ideal_1x1/1x1_21.bmp,ideal,(1 x 1),True,39.93227,-24.934755
/content/quantum rheed codex/data/original data/STO_ideal_1x1/1x1_22.bmp,ideal,(1 x 1),True,39.034367,-24.889095
/content/quantum rheed codex/data/original data/STO_ideal_1x1/1x1_23.bmp,ideal,(1 x 1),True,-5.7734723,-9.683371
/content/quantum rheed codex/data/original data/STO_ideal_1x1/1x1_24.bmp,ideal,(1 x 1),True,-5.738876,-9.695295
/content/quantum rheed codex/data/original data/STO_ideal_1x1/1x1_25.bmp,ideal,(1 x 1),True,17.323643,-23.593138
/content/quantum rheed codex/data/original data/STO_ideal_1x1/1x1_26.bmp,ideal,(1 x 1),True,18.397654,-21.152761
/content/quantum rheed codex/data/original data/STO_ideal_1x1/1x1_27.bmp,ideal,(1 x 1),True,19.072445,-18.650738
/content/quantum rheed codex/data/original data/STO_ideal_1x1/ideal_1x1_28.bmp,ideal,(1 x 1),True,40.23894,-25.844168
/content/quantum rheed codex/data/original data/STO_ideal_1x1/ideal_1x1_29.bmp,ideal,(1 x 1),True,40.71109,-25.649593
/content/quantum rheed codex/data/original data/STO_ideal_1x1/ideal_1x1_30.bmp,ideal,(1 x 1),True,40.88012,-25.423735
/content/quantum rheed codex/data/original data/STO_ideal_1x1/ideal_1x1_31.bmp,ideal,(1 x 1),True,40.729015,-25.59315
/content/quantum rheed codex/data/original data/STO_ideal_1x1/ideal_1x1_32.bmp,ideal,(1 x 1),True,40.241917,-25.80692
/content/quantum rheed codex/data/original data/STO_ideal_1x1/ideal_1x1_33.bmp,ideal,(1 x 1),True,39.962723,-25.761574
/content/quantum rheed codex/data/original data/STO_ideal_1x1/ideal_1x1_34.bmp,ideal,(1 x 1),True,39.740433,-25.545412
/content/quantum rheed codex/data/original data/STO_ideal_1x1/ideal_1x1_35.bmp,ideal,(1 x 1),True,40.47869,-24.989687
/content/quantum rheed codex/data/original data/STO_ideal_1x1/ideal_1x1_36.bmp,ideal,(1 x 1),True,40.186886,-24.850327
/content/quantum rheed codex/data/original data/STO_ideal_1x1/ideal_1x1_37.bmp,ideal,(1 x 1),True,40.379627,-24.904821
/content/quantum rheed codex/data/original data/STO_ideal_1x1/ideal_1x1_38.bmp,ideal,(1 x 1),True,39.943275,-24.905891
/content/quantum rheed codex/data/original data/STO_ideal_1x1/ideal_1x1_39.bmp,ideal,(1 x 1),True,39.70277,-25.107294
/content/quantum rheed codex/data/original data/STO_ideal_1x1/ideal_1x1_40.bmp,ideal,(1 x 1),True,39.70708,-25.290138
/content/quantum rheed codex/data/original data/STO_ideal_1x1/ideal_1x1_41.bmp,ideal,(1 x 1),True,40.584515,-25.162006
/content/quantum rheed codex/data/original data/STO_ideal_1x1/ideal_1x1_42.bmp,ideal,(1 x 1),True,40.489697,-25.694532
/content/quantum rheed codex/data/original data/STO_ideal_1x1/ideal_1x1_43.bmp,ideal,(1 x 1),True,39.760616,-25.585756
/content/quantum rheed codex/data/original data/STO_ideal_1x1/ideal_1x1_44.bmp,ideal,(1 x 1),True,40.078594,-24.928907
/content/quantum rheed codex/data/original data/STO_ideal_1x1/ideal_1x1_45.bmp,ideal,(1 x 1),True,39.684647,-25.313347
/content/quantum rheed codex/data/original data/STO_ideal_1x1/ideal_1x1_46.bmp,ideal,(1 x 1),True,39.83137,-25.6922
/content/quantum rheed codex/data/original data/STO_ideal_1x1/ideal_1x1_47.bmp,ideal,(1 x 1),True,40.78729,-25.167759
/content/quantum rheed codex/data/original data/STO_ideal_1x1/ideal_1x1_48.bmp,ideal,(1 x 1),True,40.401028,-25.789652
/content/quantum rheed codex/data/original data/STO_ideal_1x1/ideal_1x1_49.bmp,ideal,(1 x 1),True,17.801285,-23.73978
/content/quantum rheed codex/data/original data/STO_ideal_1x1/ideal_1x1_50.bmp,ideal,(1 x 1),True,18.037119,-23.89008
/content/quantum rheed codex/data/original data/STO_ideal_1x1/ideal_1x1_51.bmp,ideal,(1 x 1),True,18.992998,-19.296803
/content/quantum rheed codex/data/original data/STO_ideal_1x1/ideal_1x1_52.bmp,ideal,(1 x 1),True,19.135338,-17.45628
/content/quantum rheed codex/data/original data/STO_ideal_Twinned2x1/Twinned2x1_1.bmp,ideal,Twinned(2 x 1),True,-6.558257,-16.662361
/content/quantum rheed codex/data/original data/STO_ideal_Twinned2x1/Twinned2x1_2.bmp,ideal,Twinned(2 x 1),True,-34.356873,-13.510344
/content/quantum rheed codex/data/original data/STO_ideal_Twinned2x1/Twinned2x1_3.bmp,ideal,Twinned(2 x 1),True,-13.0010195,-48.427418
/content/quantum rheed codex/data/original data/STO_ideal_Twinned2x1/Twinned2x1_4.bmp,ideal,Twinned(2 x 1),True,-36.425022,-8.725756
/content/quantum rheed codex/data/original data/STO_ideal_c6x2/Twinned2x1_5_(!).bmp,ideal,c(6 x 2),True,46.93268,6.309803
/content/quantum rheed codex/data/original data/STO_ideal_c6x2/Twinned2x1_6(!).bmp,ideal,c(6 x 2),True,45.955196,10.114885
/content/quantum rheed codex/data/original data/STO_ideal_c6x2/c6x2_1.bmp,ideal,c(6 x 2),True,26.514017,-20.926315
/content/quantum rheed codex/data/original data/STO_ideal_c6x2/c6x2_10.bmp,ideal,c(6 x 2),True,25.994379,-21.156464
/content/quantum rheed codex/data/original data/STO_ideal_c6x2/c6x2_11.bmp,ideal,c(6 x 2),True,26.169722,-21.073248
/content/quantum rheed codex/data/original data/STO_ideal_c6x2/c6x2_12.bmp,ideal,c(6 x 2),True,12.215273,-20.550201
/content/quantum rheed codex/data/original data/STO_ideal_c6x2/c6x2_13.bmp,ideal,c(6 x 2),True,12.199395,-20.538239
/content/quantum rheed codex/data/original data/STO_ideal_c6x2/c6x2_14.bmp,ideal,c(6 x 2),True,12.129563,-20.520514
/content/quantum rheed codex/data/original data/STO_ideal_c6x2/c6x2_15.bmp,ideal,c(6 x 2),True,11.93174,-20.477337
/content/quantum rheed codex/data/original data/STO_ideal_c6x2/c6x2_16.bmp,ideal,c(6 x 2),True,11.85926,-20.467365
/content/quantum rheed codex/data/original data/STO_ideal_c6x2/c6x2_17.bmp,ideal,c(6 x 2),True,-35.192677,-18.528313
/content/quantum rheed codex/data/original data/STO_ideal_c6x2/c6x2_18.bmp,ideal,c(6 x 2),True,26.507038,-20.931984
/content/quantum rheed codex/data/original data/STO_ideal_c6x2/c6x2_19.bmp,ideal,c(6 x 2),True,26.636618,-20.91896
/content/quantum rheed codex/data/original data/STO_ideal_c6x2/c6x2_2.bmp,ideal,c(6 x 2),True,26.568214,-20.923584
/content/quantum rheed codex/data/original data/STO_ideal_c6x2/c6x2_20.bmp,ideal,c(6 x 2),True,34.213238,-22.69824
/content/quantum rheed codex/data/original data/STO_ideal_c6x2/c6x2_21.bmp,ideal,c(6 x 2),True,34.117275,-22.63322
/content/quantum rheed codex/data/original data/STO_ideal_c6x2/c6x2_22.bmp,ideal,c(6 x 2),True,34.069855,-22.481976
/content/quantum rheed codex/data/original data/STO_ideal_c6x2/c6x2_23.bmp,ideal,c(6 x 2),True,34.56493,-23.062222
/content/quantum rheed codex/data/original data/STO_ideal_c6x2/c6x2_24.bmp,ideal,c(6 x 2),True,33.959637,-23.330908
/content/quantum rheed codex/data/original data/STO_ideal_c6x2/c6x2_3.bmp,ideal,c(6 x 2),True,26.825901,-20.925676
/content/quantum rheed codex/data/original data/STO_ideal_c6x2/c6x2_4.bmp,ideal,c(6 x 2),True,34.106148,-22.50234
/content/quantum rheed codex/data/original data/STO_ideal_c6x2/c6x2_5.bmp,ideal,c(6 x 2),True,34.188293,-23.278723
/content/quantum rheed codex/data/original data/STO_ideal_c6x2/c6x2_6.bmp,ideal,c(6 x 2),True,34.352356,-23.26697
/content/quantum rheed codex/data/original data/STO_ideal_c6x2/c6x2_7.bmp,ideal,c(6 x 2),True,33.31965,-22.711601
/content/quantum rheed codex/data/original data/STO_ideal_c6x2/c6x2_8.bmp,ideal,c(6 x 2),True,33.318428,-23.00064
/content/quantum rheed codex/data/original data/STO_ideal_c6x2/c6x2_9.bmp,ideal,c(6 x 2),True,33.694996,-23.294525
/content/quantum rheed codex/data/original data/STO_ideal_c6x2/ideal_c6x2_25.bmp,ideal,c(6 x 2),True,26.484745,-20.933254
/content/quantum rheed codex/data/original data/STO_ideal_c6x2/ideal_c6x2_26.bmp,ideal,c(6 x 2),True,26.441736,-20.956367
/content/quantum rheed codex/data/original data/STO_ideal_c6x2/ideal_c6x2_27.bmp,ideal,c(6 x 2),True,26.57307,-20.921324
/content/quantum rheed codex/data/original data/STO_ideal_c6x2/ideal_c6x2_28.bmp,ideal,c(6 x 2),True,26.567501,-20.91626
/content/quantum rheed codex/data/original data/STO_ideal_c6x2/ideal_c6x2_29.bmp,ideal,c(6 x 2),True,33.21006,-22.62457
/content/quantum rheed codex/data/original data/STO_ideal_c6x2/ideal_c6x2_30.bmp,ideal,c(6 x 2),True,33.608597,-22.421215
/content/quantum rheed codex/data/original data/STO_ideal_c6x2/ideal_c6x2_31.bmp,ideal,c(6 x 2),True,33.565197,-22.453936
/content/quantum rheed codex/data/original data/STO_ideal_c6x2/ideal_c6x2_32.bmp,ideal,c(6 x 2),True,33.864223,-22.42714
/content/quantum rheed codex/data/original data/STO_ideal_c6x2/ideal_c6x2_33.bmp,ideal,c(6 x 2),True,33.113075,-22.815214
/content/quantum rheed codex/data/original data/STO_ideal_c6x2/ideal_c6x2_34.bmp,ideal,c(6 x 2),True,33.5647,-23.142614
/content/quantum rheed codex/data/original data/STO_ideal_c6x2/ideal_c6x2_35.bmp,ideal,c(6 x 2),True,34.117275,-22.63322
/content/quantum rheed codex/data/original data/STO_ideal_c6x2/ideal_c6x2_36.bmp,ideal,c(6 x 2),True,33.590824,-22.465439
/content/quantum rheed codex/data/original data/STO_ideal_c6x2/ideal_c6x2_37.bmp,ideal,c(6 x 2),True,33.40924,-23.131168
/content/quantum rheed codex/data/original data/STO_ideal_c6x2/ideal_c6x2_38.bmp,ideal,c(6 x 2),True,33.814045,-23.249784
/content/quantum rheed codex/data/original data/STO_ideal_c6x2/ideal_c6x2_39.bmp,ideal,c(6 x 2),True,33.778496,-23.372795
/content/quantum rheed codex/data/original data/STO_ideal_c6x2/ideal_c6x2_40.bmp,ideal,c(6 x 2),True,34.36413,-23.049614
/content/quantum rheed codex/data/original data/STO_ideal_RT13/RT13_1.png,ideal,RT13,True,45.44541,-19.003807
/content/quantum rheed codex/data/original data/STO_ideal_RT13/RT13_10.png,ideal,RT13,True,45.23779,-18.328867
/content/quantum rheed codex/data/original data/STO_ideal_RT13/RT13_11.png,ideal,RT13,True,-35.47668,-18.552866
/content/quantum rheed codex/data/original data/STO_ideal_RT13/RT13_14.png,ideal,RT13,True,-24.326136,-16.019905
/content/quantum rheed codex/data/original data/STO_ideal_RT13/RT13_15.png,ideal,RT13,True,14.473539,28.46732
/content/quantum rheed codex/data/original data/STO_ideal_RT13/RT13_16.png,ideal,RT13,True,-34.441628,-1.2888621
/content/quantum rheed codex/data/original data/STO_ideal_RT13/RT13_17.png,ideal,RT13,True,-10.708588,-48.22804
/content/quantum rheed codex/data/original data/STO_ideal_RT13/RT13_18.png,ideal,RT13,True,-14.364375,-48.83408
/content/quantum rheed codex/data/original data/STO_ideal_RT13/RT13_19.png,ideal,RT13,True,47.83185,2.8098454
/content/quantum rheed codex/data/original data/STO_ideal_RT13/RT13_20.png,ideal,RT13,True,49.641148,-5.9352856
/content/quantum rheed codex/data/original data/STO_ideal_RT13/RT13_21.png,ideal,RT13,True,-35.797077,-18.530558
/content/quantum rheed codex/data/original data/STO_ideal_RT13/RT13_22.png,ideal,RT13,True,-35.76457,-18.536549
/content/quantum rheed codex/data/original data/STO_ideal_RT13/RT13_23.png,ideal,RT13,True,-35.758614,-18.536533
/content/quantum rheed codex/data/original data/STO_ideal_RT13/RT13_24.bmp,ideal,RT13,True,-37.215553,-16.059853
/content/quantum rheed codex/data/original data/STO_ideal_RT13/RT13_25.bmp,ideal,RT13,True,-37.082596,-16.119194
/content/quantum rheed codex/data/original data/STO_ideal_RT13/RT13_26.bmp,ideal,RT13,True,-35.69668,-18.534075
/content/quantum rheed codex/data/original data/STO_ideal_RT13/RT13_27.bmp,ideal,RT13,True,-35.40524,-18.532862
/content/quantum rheed codex/data/original data/STO_ideal_RT13/RT13_28.bmp,ideal,RT13,True,48.93478,-2.3015401
/content/quantum rheed codex/data/original data/STO_ideal_RT13/RT13_29.bmp,ideal,RT13,True,47.237442,4.7049303
/content/quantum rheed codex/data/original data/STO_ideal_RT13/RT13_3.png,ideal,RT13,True,44.904438,-18.818863
/content/quantum rheed codex/data/original data/STO_ideal_RT13/RT13_30.bmp,ideal,RT13,True,46.749428,5.8126264
/content/quantum rheed codex/data/original data/STO_ideal_RT13/RT13_31.bmp,ideal,RT13,True,45.69346,12.638476
/content/quantum rheed codex/data/original data/STO_ideal_RT13/RT13_32.bmp,ideal,RT13,True,45.69346,12.638476
/content/quantum rheed codex/data/original data/STO_ideal_RT13/RT13_33.bmp,ideal,RT13,True,45.76541,13.11491
/content/quantum rheed codex/data/original data/STO_ideal_RT13/RT13_34.bmp,ideal,RT13,True,44.775288,15.370866
/content/quantum rheed codex/data/original data/STO_ideal_RT13/RT13_35.bmp,ideal,RT13,True,44.39572,15.51928
/content/quantum rheed codex/data/original data/STO_ideal_RT13/RT13_36.bmp,ideal,RT13,True,44.39572,15.51928
/content/quantum rheed codex/data/original data/STO_ideal_RT13/RT13_37.bmp,ideal,RT13,True,44.666927,15.914112
/content/quantum rheed codex/data/original data/STO_ideal_RT13/RT13_38.bmp,ideal,RT13,True,18.702599,34.5926
/content/quantum rheed codex/data/original data/STO_ideal_RT13/RT13_39.bmp,ideal,RT13,True,17.908443,34.48109
/content/quantum rheed codex/data/original data/STO_ideal_RT13/RT13_40.bmp,ideal,RT13,True,16.973448,32.84414
/content/quantum rheed codex/data/original data/STO_ideal_RT13/RT13_41.bmp,ideal,RT13,True,15.830534,31.913424
/content/quantum rheed codex/data/original data/STO_ideal_RT13/RT13_42.bmp,ideal,RT13,True,13.532732,28.685013
/content/quantum rheed codex/data/original data/STO_ideal_RT13/RT13_5.png,ideal,RT13,True,45.36333,-19.140049
/content/quantum rheed codex/data/original data/STO_ideal_RT13/RT13_6.png,ideal,RT13,True,45.22765,-18.335394
/content/quantum rheed codex/data/original data/STO_ideal_RT13/RT13_7.png,ideal,RT13,True,45.524,-18.768938
/content/quantum rheed codex/data/original data/STO_ideal_RT13/RT13_8.png,ideal,RT13,True,45.362144,-19.13107
/content/quantum rheed codex/data/original data/STO_ideal_RT13/RT13_9.png,ideal,RT13,True,45.16815,-18.492714
/content/quantum rheed codex/data/original data/STO_ideal_HTR/HTR_1.png,ideal,HTR,True,44.911434,-18.865316
/content/quantum rheed codex/data/original data/STO_ideal_HTR/HTR_10.png,ideal,HTR,True,45.58779,-18.662422
/content/quantum rheed codex/data/original data/STO_ideal_HTR/HTR_11.png,ideal,HTR,True,44.8922,-18.757143
/content/quantum rheed codex/data/original data/STO_ideal_HTR/HTR_12.png,ideal,HTR,True,48.29516,-6.1761665
/content/quantum rheed codex/data/original data/STO_ideal_HTR/HTR_13.png,ideal,HTR,True,25.454342,-21.460783
/content/quantum rheed codex/data/original data/STO_ideal_HTR/HTR_14.png,ideal,HTR,True,37.807346,-24.378664
/content/quantum rheed codex/data/original data/STO_ideal_HTR/HTR_19.png,ideal,HTR,True,-19.315544,16.875614
/content/quantum rheed codex/data/original data/STO_ideal_HTR/HTR_2.png,ideal,HTR,True,45.580315,-18.711195
/content/quantum rheed codex/data/original data/STO_ideal_HTR/HTR_20.bmp,ideal,HTR,True,-6.9825172,46.46557
/content/quantum rheed codex/data/original data/STO_ideal_HTR/HTR_20.png,ideal,HTR,True,-11.41775,38.88937
/content/quantum rheed codex/data/original data/STO_ideal_HTR/HTR_21.bmp,ideal,HTR,True,-11.590826,39.40637
/content/quantum rheed codex/data/original data/STO_ideal_HTR/HTR_22.png,ideal,HTR,True,-4.082296,50.149357
/content/quantum rheed codex/data/original data/STO_ideal_HTR/HTR_23.bmp,ideal,HTR,True,-5.64083,47.728268
/content/quantum rheed codex/data/original data/STO_ideal_HTR/HTR_24.bmp,ideal,HTR,True,-5.9765415,46.998924
/content/quantum rheed codex/data/original data/STO_ideal_HTR/HTR_25.bmp,ideal,HTR,True,-6.4396267,47.226933
/content/quantum rheed codex/data/original data/STO_ideal_HTR/HTR_26.bmp,ideal,HTR,True,-7.298233,45.47986
/content/quantum rheed codex/data/original data/STO_ideal_HTR/HTR_27.bmp,ideal,HTR,True,-7.298233,45.47986
/content/quantum rheed codex/data/original data/STO_ideal_HTR/HTR_28.bmp,ideal,HTR,True,-6.9825172,46.46557
/content/quantum rheed codex/data/original data/STO_ideal_HTR/HTR_29.bmp,ideal,HTR,True,-8.496261,43.596706
/content/quantum rheed codex/data/original data/STO_ideal_HTR/HTR_3.png,ideal,HTR,True,45.58219,-18.793543
/content/quantum rheed codex/data/original data/STO_ideal_HTR/HTR_30.bmp,ideal,HTR,True,-8.827562,43.087135
/content/quantum rheed codex/data/original data/STO_ideal_HTR/HTR_31.bmp,ideal,HTR,True,-10.269302,40.907494
/content/quantum rheed codex/data/original data/STO_ideal_HTR/HTR_32.bmp,ideal,HTR,True,-11.142775,39.847485
/content/quantum rheed codex/data/original data/STO_ideal_HTR/HTR_33.bmp,ideal,HTR,True,-11.590826,39.40637
/content/quantum rheed codex/data/original data/STO_ideal_HTR/HTR_4.png,ideal,HTR,True,44.891193,-18.854553
/content/quantum rheed codex/data/original data/STO_ideal_HTR/HTR_6.png,ideal,HTR,True,45.12751,-19.08426
/content/quantum rheed codex/data/original data/STO_ideal_HTR/HTR_7.png,ideal,HTR,True,45.455734,-18.455347
/content/quantum rheed codex/data/original data/STO_ideal_HTR/HTR_8.png,ideal,HTR,True,44.978733,-18.434711
/content/quantum rheed codex/data/original data/STO_ideal_HTR/HTR_9.png,ideal,HTR,True,45.08366,-19.105728
/content/quantum rheed codex/data/original data/Trajectories/2022-02-04/001_RR220204A_933C_0006.bmp,trajectory,,False,-14.711336,-48.953743
/content/quantum rheed codex/data/original data/Trajectories/2022-02-04/002_RR220204A_933C_0010.bmp,trajectory,,False,-14.816774,-48.981594
/content/quantum rheed codex/data/original data/Trajectories/2022-02-04/003_RR220204A_932C_0017.bmp,trajectory,,False,-14.965774,-49.045616
/content/quantum rheed codex/data/original data/Trajectories/2022-02-04/004_RR220204A_932C_0020.bmp,trajectory,,False,-15.057433,-49.074554
/content/quantum rheed codex/data/original data/Trajectories/2022-02-04/005_RR220204A_933C_0031.bmp,trajectory,,False,-15.233263,-49.12843
/content/quantum rheed codex/data/original data/Trajectories/2022-02-04/006_RR220204A_931C_0041.bmp,trajectory,,False,-15.424144,-49.167175
/content/quantum rheed codex/data/original data/Trajectories/2022-02-04/007_RR220204A_931C_0051.bmp,trajectory,,False,-15.542563,-49.195286
/content/quantum rheed codex/data/original data/Trajectories/2022-02-04/008_RR220204A_931C_0100.bmp,trajectory,,False,-15.573957,-49.205307
/content/quantum rheed codex/data/original data/Trajectories/2022-02-04/009_RR220204A_943C_0101.bmp,trajectory,,False,-11.457007,-46.819702
/content/quantum rheed codex/data/original data/Trajectories/2022-02-04/010_RR220204A_945C_0102.bmp,trajectory,,False,-11.505201,-46.82869
/content/quantum rheed codex/data/original data/Trajectories/2022-02-04/011_RR220204A_946C_0103.bmp,trajectory,,False,-11.506624,-46.8025
/content/quantum rheed codex/data/original data/Trajectories/2022-02-04/012_RR220204A_931C_0107.bmp,trajectory,,False,-11.493018,-46.891315
/content/quantum rheed codex/data/original data/Trajectories/2022-02-04/013_RR220204A_949C_0119.bmp,trajectory,,False,-11.391617,-46.565147
/content/quantum rheed codex/data/original data/Trajectories/2022-02-04/014_RR220204A_949C_0121.bmp,trajectory,,False,-11.344399,-46.131153
/content/quantum rheed codex/data/original data/Trajectories/2022-02-04/015_RR220204A_961C_0123.bmp,trajectory,,False,-10.900069,-45.61902
/content/quantum rheed codex/data/original data/Trajectories/2022-02-04/016_RR220204A_961C_0125.bmp,trajectory,,False,-11.033317,-45.767616
/content/quantum rheed codex/data/original data/Trajectories/2022-02-04/017_RR220204A_981C_0125.bmp,trajectory,,False,-10.457108,-45.266685
/content/quantum rheed codex/data/original data/Trajectories/2022-02-04/018_RR220204A_971C_0125.bmp,trajectory,,False,-10.482754,-45.32731
/content/quantum rheed codex/data/original data/Trajectories/2022-02-04/019_RR220204A_981C_0126-01.bmp,trajectory,,False,-10.548926,-45.341602
/content/quantum rheed codex/data/original data/Trajectories/2022-02-04/020_RR220204A_981C_0126-02.bmp,trajectory,,False,-10.630457,-45.385273
/content/quantum rheed codex/data/original data/Trajectories/2022-02-04/021_RR220204A_981C_0126-03.bmp,trajectory,,False,-10.612756,-45.377872
/content/quantum rheed codex/data/original data/Trajectories/2022-02-04/022_RR220204A_981C_0127.bmp,trajectory,,False,-10.4669695,-45.320423
/content/quantum rheed codex/data/original data/Trajectories/2022-02-04/023_RR220204A_988C_0128.bmp,trajectory,,False,-10.499862,-45.155148
/content/quantum rheed codex/data/original data/Trajectories/2022-02-04/024_RR220204A_927C_0130.bmp,trajectory,,False,-11.901859,-45.698246
/content/quantum rheed codex/data/original data/Trajectories/2022-02-04/025_RR220204A_923C_0132.bmp,trajectory,,False,-12.1532955,-45.682716
/content/quantum rheed codex/data/original data/Trajectories/2022-02-04/026_RR220204A_869C_0133-01.bmp,trajectory,,False,-14.401504,-43.719536
/content/quantum rheed codex/data/original data/Trajectories/2022-02-04/027_RR220204A_869C_0133-02.bmp,trajectory,,False,-14.378034,-43.74356
/content/quantum rheed codex/data/original data/Trajectories/2022-02-04/028_RR220204A_869C_0134.bmp,trajectory,,False,-14.281476,-43.84459
/content/quantum rheed codex/data/original data/Trajectories/2022-02-04/029_RR220204A_808C_0135.bmp,trajectory,,False,-14.784739,-43.27482
/content/quantum rheed codex/data/original data/Trajectories/2022-02-04/030_RR220204A_800C_0136.bmp,trajectory,,False,-14.8489685,-43.201763
/content/quantum rheed codex/data/original data/Trajectories/2022-02-04/031_RR220204A_799C_0137.bmp,trajectory,,False,-14.876708,-43.16766
/content/quantum rheed codex/data/original data/Trajectories/2022-02-04/032_RR220204A_711C_0139.bmp,trajectory,,False,-15.10182,-42.89087
/content/quantum rheed codex/data/original data/Trajectories/2022-02-04/033_RR220204A_708C_0141.bmp,trajectory,,False,-15.13375,-42.850163
/content/quantum rheed codex/data/original data/Trajectories/2022-02-04/034_RR220204A_655C_0142.bmp,trajectory,,False,-15.336148,-42.599644
/content/quantum rheed codex/data/original data/Trajectories/2022-02-04/035_RR220204A_646C_0143.bmp,trajectory,,False,-15.419959,-42.49672
/content/quantum rheed codex/data/original data/Trajectories/2022-02-04/036_RR220204A_587C_0145.bmp,trajectory,,False,-15.646273,-42.21194
/content/quantum rheed codex/data/original data/Trajectories/2022-02-04/037_RR220204A_579C_0146.bmp,trajectory,,False,-15.7583885,-42.070133
/content/quantum rheed codex/data/original data/Trajectories/2022-02-04/038_RR220204A_576C_0147.bmp,trajectory,,False,-15.785821,-42.03545
/content/quantum rheed codex/data/original data/Trajectories/2022-02-04/039_RR220204A_516C_0149.bmp,trajectory,,False,-16.085295,-41.655243
/content/quantum rheed codex/data/original data/Trajectories/2022-02-04/040_RR220204A_505C_0150.bmp,trajectory,,False,-16.18139,-41.534393
/content/quantum rheed codex/data/original data/Trajectories/2022-02-04/041_RR220204A_431C_0153.bmp,trajectory,,False,-16.494806,-41.137745
/content/quantum rheed codex/data/original data/Trajectories/2022-02-04/042_RR220204A_423C_0154.bmp,trajectory,,False,-16.548185,-41.070015
/content/quantum rheed codex/data/original data/Trajectories/2022-02-04/043_RR220204A_362C_0156.bmp,trajectory,,False,-16.845905,-40.69505
/content/quantum rheed codex/data/original data/Trajectories/2022-02-04/044_RR220204A_348C_0157.bmp,trajectory,,False,-16.969208,-40.535915
/content/quantum rheed codex/data/original data/Trajectories/2022-02-04/045_RR220204A_343C_0158.bmp,trajectory,,False,-17.053757,-40.434734
/content/quantum rheed codex/data/original data/Trajectories/2022-02-04/046_RR220204A_339C_0159.bmp,trajectory,,False,-17.033094,-40.44351
/content/quantum rheed codex/data/original data/Trajectories/2022-02-04/047_RR220204A_336C_0200.bmp,trajectory,,False,-17.10875,-40.315907
/content/quantum rheed codex/data/original data/Trajectories/2022-02-04/048_RR220204A_245C_0201.bmp,trajectory,,False,-17.833702,-39.866734
/content/quantum rheed codex/data/original data/Trajectories/2022-02-04/049_RR220204A_218C_0201.bmp,trajectory,,False,-17.852478,-39.840355
/content/quantum rheed codex/data/original data/Trajectories/2022-02-04/050_RR220204A_190C_0202.bmp,trajectory,,False,-17.907713,-39.78996
/content/quantum rheed codex/data/original data/Trajectories/2022-02-04/051_RR220204A_240C_0205.bmp,trajectory,,False,-17.71164,-39.346943
/content/quantum rheed codex/data/original data/Trajectories/2022-02-04/052_RR220204A_239C_0205.bmp,trajectory,,False,-17.6827,-39.42838
/content/quantum rheed codex/data/original data/Trajectories/2022-02-04/053_RR220204A_231C_0206.bmp,trajectory,,False,-18.060785,-39.175568
/content/quantum rheed codex/data/original data/Trajectories/2022-02-04/054_RR220204A_241C_0206.bmp,trajectory,,False,-17.771122,-39.23675
/content/quantum rheed codex/data/original data/Trajectories/2022-02-04/055_RR220204A_205C_0207.bmp,trajectory,,False,-18.110565,-39.10343
/content/quantum rheed codex/data/original data/Trajectories/2022-02-04/056_RR220204A_191C_0208.bmp,trajectory,,False,-18.178944,-38.943367
/content/quantum rheed codex/data/original data/Trajectories/2022-02-04/057_RR220204A_188C_0209.bmp,trajectory,,False,-18.159056,-38.86236
/content/quantum rheed codex/data/original data/Trajectories/2022-02-04/058_RR220204A_178C_0211.bmp,trajectory,,False,-18.292442,-38.681396
/content/quantum rheed codex/data/original data/Trajectories/2022-02-04/059_RR220204A_180C_0211.bmp,trajectory,,False,-18.292442,-38.681396
/content/quantum rheed codex/data/original data/Trajectories/2022-02-04/060_RR220204A_165C_0212.bmp,trajectory,,False,-18.373283,-38.548985
/content/quantum rheed codex/data/original data/Trajectories/2022-02-04/061_RR220204A_165C_0215-01.bmp,trajectory,,False,-18.456697,-38.460495
/content/quantum rheed codex/data/original data/Trajectories/2022-02-04/062_RR220204A_165C_0215-02.bmp,trajectory,,False,-18.47302,-38.43111
/content/quantum rheed codex/data/original data/Trajectories/2022-02-04/063_RR220204A_165C_0215-03.bmp,trajectory,,False,-18.517063,-38.376156
/content/quantum rheed codex/data/original data/Trajectories/2022-02-04/064_RR220204A_165C_0216.bmp,trajectory,,False,-18.516811,-38.37412
/content/quantum rheed codex/data/original data/Trajectories/2022-02-04/065_RR220204A_165C_0217.bmp,trajectory,,False,-50.971,14.042417
/content/quantum rheed codex/data/original data/Trajectories/2022-02-04/066_RR220204A_165C_0218.bmp,trajectory,,False,-50.972527,14.039073
/content/quantum rheed codex/data/original data/Trajectories/2022-02-04/067_RR220204A_291C_1703.bmp,trajectory,,False,2.1858408,-18.398516
/content/quantum rheed codex/data/original data/Trajectories/2022-02-04/068_RR220204A_291C_1704.bmp,trajectory,,False,2.1708648,-18.344936
/content/quantum rheed codex/data/original data/Trajectories/2022-02-04/069_RR220204A_293C_1706.bmp,trajectory,,False,1.7681067,-16.438385
/content/quantum rheed codex/data/original data/Trajectories/2022-02-04/070_RR220204A_294C_1707.bmp,trajectory,,False,1.7302408,-16.631226
/content/quantum rheed codex/data/original data/Trajectories/2022-02-04/071_RR220204A_296C_1709-01.bmp,trajectory,,False,1.2838923,-16.467384
/content/quantum rheed codex/data/original data/Trajectories/2022-02-04/072_RR220204A_296C_1709-02.bmp,trajectory,,False,1.7225916,-16.527332
/content/quantum rheed codex/data/original data/Trajectories/2022-02-04/073_RR220204A_297C_1710.bmp,trajectory,,False,1.5191971,-16.408028
/content/quantum rheed codex/data/original data/Trajectories/2022-02-04/074_RR220204A_297C_1711.bmp,trajectory,,False,1.4567571,-16.284578
/content/quantum rheed codex/data/original data/Trajectories/2022-02-04/075_RR220204A_298C_1712.bmp,trajectory,,False,1.568358,-16.133827
/content/quantum rheed codex/data/original data/Trajectories/2022-02-04/076_RR220204A_299C_1713.bmp,trajectory,,False,1.2961913,-16.0094
/content/quantum rheed codex/data/original data/Trajectories/2022-02-04/077_RR220204A_300C_1715.bmp,trajectory,,False,1.1178395,-15.927566
/content/quantum rheed codex/data/original data/Trajectories/2022-02-04/078_RR220204A_300C_1716.bmp,trajectory,,False,1.2177579,-15.950137
/content/quantum rheed codex/data/original data/Trajectories/2022-02-04/079_RR220204A_301C_1717.bmp,trajectory,,False,0.9336845,-15.833173
/content/quantum rheed codex/data/original data/Trajectories/2022-02-04/080_RR220204A_301C_1718.bmp,trajectory,,False,1.2607452,-15.837089
/content/quantum rheed codex/data/original data/Trajectories/2022-02-04/081_RR220204A_344C_1719.bmp,trajectory,,False,-3.2112253,-17.988577
/content/quantum rheed codex/data/original data/Trajectories/2022-02-04/082_RR220204A_358C_1719.bmp,trajectory,,False,-0.87680846,-15.792266
/content/quantum rheed codex/data/original data/Trajectories/2022-02-04/083_RR220204A_365C_1720.bmp,trajectory,,False,-0.7244497,-15.703105
/content/quantum rheed codex/data/original data/Trajectories/2022-02-04/084_RR220204A_373C_1720.bmp,trajectory,,False,-0.78390115,-15.621561
/content/quantum rheed codex/data/original data/Trajectories/2022-02-04/085_RR220204A_378C_1720.bmp,trajectory,,False,-1.5116031,-16.540922
/content/quantum rheed codex/data/original data/Trajectories/2022-02-04/086_RR220204A_387C_1721.bmp,trajectory,,False,-2.635009,-17.501297
/content/quantum rheed codex/data/original data/Trajectories/2022-02-04/087_RR220204A_389C_1721.bmp,trajectory,,False,-1.6574737,-16.368385
/content/quantum rheed codex/data/original data/Trajectories/2022-02-04/088_RR220204A_382C_1721-01.bmp,trajectory,,False,-1.4466189,-16.442282
/content/quantum rheed codex/data/original data/Trajectories/2022-02-04/089_RR220204A_382C_1721-02.bmp,trajectory,,False,-2.9342113,-17.792194
/content/quantum rheed codex/data/original data/Trajectories/2022-02-04/090_RR220204A_394C_1722.bmp,trajectory,,False,-1.7659011,-16.499887
/content/quantum rheed codex/data/original data/Trajectories/2022-02-04/091_RR220204A_393C_1722.bmp,trajectory,,False,-1.3525106,-16.002365
/content/quantum rheed codex/data/original data/Trajectories/2022-02-04/092_RR220204A_396C_1722.bmp,trajectory,,False,-1.7895867,-16.54788
/content/quantum rheed codex/data/original data/Trajectories/2022-02-04/093_RR220204A_397C_1722.bmp,trajectory,,False,-1.1717324,-15.734057
/content/quantum rheed codex/data/original data/Trajectories/2022-02-04/094_RR220204A_400C_1724.bmp,trajectory,,False,-1.8496287,-16.197525
/content/quantum rheed codex/data/original data/Trajectories/2022-02-04/095_RR220204A_403C_1725.bmp,trajectory,,False,-1.3277771,-15.33393
/content/quantum rheed codex/data/original data/Trajectories/2022-02-04/096_RR220204A_404C_1726.bmp,trajectory,,False,-2.5113485,-16.144
/content/quantum rheed codex/data/original data/Trajectories/2022-02-04/097_RR220204A_405C_1727.bmp,trajectory,,False,-2.7739863,-16.026705
/content/quantum rheed codex/data/original data/Trajectories/2022-02-04/098_RR220204A_406C_1728.bmp,trajectory,,False,-2.3406723,-15.244983
/content/quantum rheed codex/data/original data/Trajectories/2022-02-04/099_RR220204A_406C_1729.bmp,trajectory,,False,-2.0945945,-15.008326
/content/quantum rheed codex/data/original data/Trajectories/2022-02-04/100_RR220204A_407C_1730.bmp,trajectory,,False,-2.6696942,-15.524108
/content/quantum rheed codex/data/original data/Trajectories/2022-02-04/101_RR220204A_407C_1731.bmp,trajectory,,False,-2.9451606,-16.491695
/content/quantum rheed codex/data/original data/Trajectories/2022-02-04/102_RR220204A_408C_1732.bmp,trajectory,,False,-3.0764532,-15.2072315
/content/quantum rheed codex/data/original data/Trajectories/2022-02-04/103_RR220204A_408C_1733.bmp,trajectory,,False,-2.7662122,-14.760712
/content/quantum rheed codex/data/original data/Trajectories/2022-02-04/104_RR220204A_408C_1734.bmp,trajectory,,False,-2.628442,-14.605166
/content/quantum rheed codex/data/original data/Trajectories/2022-02-04/105_RR220204A_409C_1735.bmp,trajectory,,False,-3.106635,-14.960438
/content/quantum rheed codex/data/original data/Trajectories/2022-02-04/106_RR220204A_430C_1736.bmp,trajectory,,False,-5.206063,-16.214642
/content/quantum rheed codex/data/original data/Trajectories/2022-02-04/107_RR220204A_409C_1736.bmp,trajectory,,False,-3.3442047,-15.20314
/content/quantum rheed codex/data/original data/Trajectories/2022-02-04/108_RR220204A_421C_1736.bmp,trajectory,,False,-3.1655593,-14.563582
/content/quantum rheed codex/data/original data/Trajectories/2022-02-04/109_RR220204A_437C_1737.bmp,trajectory,,False,-5.846031,-16.866339
/content/quantum rheed codex/data/original data/Trajectories/2022-02-04/110_RR220204A_438C_1737.bmp,trajectory,,False,-5.413071,-16.198353
/content/quantum rheed codex/data/original data/Trajectories/2022-02-04/111_RR220204A_435C_1737.bmp,trajectory,,False,-5.846031,-16.866339
/content/quantum rheed codex/data/original data/Trajectories/2022-02-04/112_RR220204A_442C_1738.bmp,trajectory,,False,-5.8295765,-16.519724
/content/quantum rheed codex/data/original data/Trajectories/2022-02-04/113_RR220204A_443C_1738.bmp,trajectory,,False,-4.720072,-15.32244
/content/quantum rheed codex/data/original data/Trajectories/2022-02-04/114_RR220204A_440C_1738.bmp,trajectory,,False,-5.413071,-16.198353
/content/quantum rheed codex/data/original data/Trajectories/2022-02-04/115_RR220204A_441C_1738.bmp,trajectory,,False,-5.413083,-16.19835
/content/quantum rheed codex/data/original data/Trajectories/2022-02-04/116_RR220204A_445C_1739.bmp,trajectory,,False,-7.1926546,-17.894438
/content/quantum rheed codex/data/original data/Trajectories/2022-02-04/117_RR220204A_445C_1740.bmp,trajectory,,False,-4.9876494,-15.272432
/content/quantum rheed codex/data/original data/Trajectories/2022-02-04/118_RR220204A_445C_1741.bmp,trajectory,,False,-6.820086,-17.418873
/content/quantum rheed codex/data/original data/Trajectories/2022-02-04/119_RR220204A_445C_1743.bmp,trajectory,,False,-6.8445177,-17.20817
/content/quantum rheed codex/data/original data/Trajectories/2022-02-04/120_RR220204A_445C_1744.bmp,trajectory,,False,-6.5582685,-16.662357
/content/quantum rheed codex/data/original data/Trajectories/2022-02-04/121_RR220204A_444C_1745.bmp,trajectory,,False,-6.115471,-15.98581
/content/quantum rheed codex/data/original data/Trajectories/2022-02-04/122_RR220204A_444C_1746.bmp,trajectory,,False,-5.7128887,-15.317931
/content/quantum rheed codex/data/original data/Trajectories/2022-02-04/123_RR220204A_444C_1747.bmp,trajectory,,False,-5.413511,-14.812249
/content/quantum rheed codex/data/original data/Trajectories/2022-02-04/124_RR220204A_444C_1748.bmp,trajectory,,False,-7.4061937,-17.832098
/content/quantum rheed codex/data/original data/Trajectories/2022-02-04/125_RR220204A_444C_1749.bmp,trajectory,,False,-7.1462092,-17.375124
/content/quantum rheed codex/data/original data/Trajectories/2022-02-04/126_RR220204A_443C_1750.bmp,trajectory,,False,-6.375456,-15.817377
/content/quantum rheed codex/data/original data/Trajectories/2022-02-04/127_RR220204A_461C_1753.bmp,trajectory,,False,-7.756927,-16.730145
/content/quantum rheed codex/data/original data/Trajectories/2022-02-04/128_RR220204A_459C_1753.bmp,trajectory,,False,-7.250418,-16.219168
/content/quantum rheed codex/data/original data/Trajectories/2022-02-04/129_RR220204A_465C_1753.bmp,trajectory,,False,-6.649219,-13.836655
/content/quantum rheed codex/data/original data/Trajectories/2022-02-04/130_RR220204A_463C_1753.bmp,trajectory,,False,-7.756929,-16.730143
/content/quantum rheed codex/data/original data/Trajectories/2022-02-04/131_RR220204A_466C_1754.bmp,trajectory,,False,-7.852192,-17.808653
/content/quantum rheed codex/data/original data/Trajectories/2022-02-04/132_RR220204A_468C_1754.bmp,trajectory,,False,-8.025968,-16.187174
/content/quantum rheed codex/data/original data/Trajectories/2022-02-04/133_RR220204A_467C_1754-01.bmp,trajectory,,False,-7.227581,-15.250625
/content/quantum rheed codex/data/original data/Trajectories/2022-02-04/134_RR220204A_467C_1754-02.bmp,trajectory,,False,-7.1809525,-14.967611
/content/quantum rheed codex/data/original data/Trajectories/2022-02-04/135_RR220204A_468C_1755.bmp,trajectory,,False,-6.7022786,-13.939085
/content/quantum rheed codex/data/original data/Trajectories/2022-02-04/136_RR220204A_469C_1755-01.bmp,trajectory,,False,-7.500511,-15.524547
/content/quantum rheed codex/data/original data/Trajectories/2022-02-04/137_RR220204A_469C_1755-02.bmp,trajectory,,False,-7.4555473,-14.767089
/content/quantum rheed codex/data/original data/Trajectories/2022-02-04/138_RR220204A_470C_1756.bmp,trajectory,,False,-8.086006,-17.14055
/content/quantum rheed codex/data/original data/Trajectories/2022-02-04/139_RR220204A_470C_1758.bmp,trajectory,,False,-8.075618,-16.647707
/content/quantum rheed codex/data/original data/Trajectories/2022-02-04/140_RR220204A_470C_1759.bmp,trajectory,,False,-7.863391,-14.774421
/content/quantum rheed codex/data/original data/Trajectories/2022-02-04/141_RR220204A_471C_1759.bmp,trajectory,,False,-7.60783,-13.866684
/content/quantum rheed codex/data/original data/Trajectories/2022-02-04/142_RR220204A_471C_1801.bmp,trajectory,,False,-8.498028,-15.681124
/content/quantum rheed codex/data/original data/Trajectories/2022-02-04/143_RR220204A_471C_1802.bmp,trajectory,,False,-8.023918,-14.015956
/content/quantum rheed codex/data/original data/Trajectories/2022-02-04/144_RR220204A_473C_1803.bmp,trajectory,,False,-8.240474,-14.328008
/content/quantum rheed codex/data/original data/Trajectories/2022-02-04/145_RR220204A_471C_1803.bmp,trajectory,,False,-8.645645,-15.467425
/content/quantum rheed codex/data/original data/Trajectories/2022-02-04/146_RR220204A_484C_1804.bmp,trajectory,,False,-10.0633335,-14.564656
/content/quantum rheed codex/data/original data/Trajectories/2022-02-04/147_RR220204A_486C_1804.bmp,trajectory,,False,-10.313623,-15.263152
/content/quantum rheed codex/data/original data/Trajectories/2022-02-04/148_RR220204A_480C_1804.bmp,trajectory,,False,-9.6981535,-14.712905
/content/quantum rheed codex/data/original data/Trajectories/2022-02-04/149_RR220204A_487C_1804.bmp,trajectory,,False,-9.895534,-15.0323305
/content/quantum rheed codex/data/original data/Trajectories/2022-02-04/150_RR220204A_487C_1805.bmp,trajectory,,False,-8.78084,-13.549047
/content/quantum rheed codex/data/original data/Trajectories/2022-02-04/151_RR220204A_488C_1805-01.bmp,trajectory,,False,-8.735126,-13.508897
/content/quantum rheed codex/data/original data/Trajectories/2022-02-04/152_RR220204A_488C_1805-02.bmp,trajectory,,False,-8.549211,-13.919068
/content/quantum rheed codex/data/original data/Trajectories/2022-02-04/153_RR220204A_489C_1806.bmp,trajectory,,False,-8.638722,-14.026118
/content/quantum rheed codex/data/original data/Trajectories/2022-02-04/154_RR220204A_489C_1807.bmp,trajectory,,False,-9.72777,-14.431735
/content/quantum rheed codex/data/original data/Trajectories/2022-02-04/155_RR220204A_490C_1807.bmp,trajectory,,False,-10.637649,-15.218987
/content/quantum rheed codex/data/original data/Trajectories/2022-02-04/156_RR220204A_490C_1808.bmp,trajectory,,False,-11.36667,-14.471683
/content/quantum rheed codex/data/original data/Trajectories/2022-02-04/157_RR220204A_498C_1809.bmp,trajectory,,False,-11.992992,-14.953104
/content/quantum rheed codex/data/original data/Trajectories/2022-02-04/158_RR220204A_490C_1809.bmp,trajectory,,False,-10.4585,-14.228402
/content/quantum rheed codex/data/original data/Trajectories/2022-02-04/159_RR220204A_501C_1809-01.bmp,trajectory,,False,-11.7232275,-14.642938
/content/quantum rheed codex/data/original data/Trajectories/2022-02-04/160_RR220204A_501C_1809-02.bmp,trajectory,,False,-11.226512,-14.477233
/content/quantum rheed codex/data/original data/Trajectories/2022-02-04/161_RR220204A_504C_1810.bmp,trajectory,,False,-11.656388,-14.80565
/content/quantum rheed codex/data/original data/Trajectories/2022-02-04/162_RR220204A_506C_1810-01.bmp,trajectory,,False,-12.678008,-15.104094
/content/quantum rheed codex/data/original data/Trajectories/2022-02-04/163_RR220204A_506C_1810-02.bmp,trajectory,,False,-11.309693,-14.658788
/content/quantum rheed codex/data/original data/Trajectories/2022-02-04/164_RR220204A_507C_1811.bmp,trajectory,,False,-11.381657,-14.085366
/content/quantum rheed codex/data/original data/Trajectories/2022-02-04/165_RR220204A_508C_1812.bmp,trajectory,,False,-12.498473,-14.855157
/content/quantum rheed codex/data/original data/Trajectories/2022-02-04/166_RR220204A_508C_1813.bmp,trajectory,,False,-12.187996,-14.536687
/content/quantum rheed codex/data/original data/Trajectories/2022-02-04/167_RR220204A_509C_1814.bmp,trajectory,,False,-12.448548,-14.06217
/content/quantum rheed codex/data/original data/Trajectories/2022-02-04/168_RR220204A_508C_1817.bmp,trajectory,,False,-13.285443,-14.596298
/content/quantum rheed codex/data/original data/Trajectories/2022-02-04/169_RR220204A_511C_1817.bmp,trajectory,,False,-13.498185,-14.830037
/content/quantum rheed codex/data/original data/Trajectories/2022-02-04/170_RR220204A_536C_1818.bmp,trajectory,,False,-14.084255,-14.523439
/content/quantum rheed codex/data/original data/Trajectories/2022-02-04/171_RR220204A_531C_1818.bmp,trajectory,,False,-13.96693,-14.5351305
/content/quantum rheed codex/data/original data/Trajectories/2022-02-04/172_RR220204A_539C_1818.bmp,trajectory,,False,-14.13882,-14.411384
/content/quantum rheed codex/data/original data/Trajectories/2022-02-04/173_RR220204A_534C_1818.bmp,trajectory,,False,-13.676456,-14.118352
/content/quantum rheed codex/data/original data/Trajectories/2022-02-04/174_RR220204A_527C_1818.bmp,trajectory,,False,-13.670235,-14.783302
/content/quantum rheed codex/data/original data/Trajectories/2022-02-04/175_RR220204A_540C_1819.bmp,trajectory,,False,-14.376105,-14.445101
/content/quantum rheed codex/data/original data/Trajectories/2022-02-04/176_RR220204A_543C_1820.bmp,trajectory,,False,-14.744314,-14.46077
/content/quantum rheed codex/data/original data/Trajectories/2022-02-04/177_RR220204A_544C_1821.bmp,trajectory,,False,-15.127788,-14.524511
/content/quantum rheed codex/data/original data/Trajectories/2022-02-04/178_RR220204A_544C_1822.bmp,trajectory,,False,-14.997367,-14.325357
/content/quantum rheed codex/data/original data/Trajectories/2022-02-04/179_RR220204A_544C_1823.bmp,trajectory,,False,-15.5784025,-14.410493
/content/quantum rheed codex/data/original data/Trajectories/2022-02-04/180_RR220204A_553C_1824.bmp,trajectory,,False,-15.918382,-14.462587
/content/quantum rheed codex/data/original data/Trajectories/2022-02-04/181_RR220204A_572C_1825.bmp,trajectory,,False,-16.554676,-14.407117
/content/quantum rheed codex/data/original data/Trajectories/2022-02-04/182_RR220204A_567C_1825.bmp,trajectory,,False,-16.234743,-14.407754
/content/quantum rheed codex/data/original data/Trajectories/2022-02-04/183_RR220204A_569C_1825.bmp,trajectory,,False,-16.412828,-14.343031
/content/quantum rheed codex/data/original data/Trajectories/2022-02-04/184_RR220204A_576C_1826.bmp,trajectory,,False,-16.822186,-14.597731
/content/quantum rheed codex/data/original data/Trajectories/2022-02-04/185_RR220204A_577C_1826.bmp,trajectory,,False,-16.383446,-14.529396
/content/quantum rheed codex/data/original data/Trajectories/2022-02-04/186_RR220204A_578C_1827.bmp,trajectory,,False,-16.54855,-14.325066
/content/quantum rheed codex/data/original data/Trajectories/2022-02-04/187_RR220204A_579C_1828.bmp,trajectory,,False,-17.367481,-14.369137
/content/quantum rheed codex/data/original data/Trajectories/2022-02-04/188_RR220204A_579C_1829.bmp,trajectory,,False,-17.62122,-14.440438
/content/quantum rheed codex/data/original data/Trajectories/2022-02-04/189_RR220204A_578C_1830.bmp,trajectory,,False,-18.14129,-14.690989
/content/quantum rheed codex/data/original data/Trajectories/2022-02-04/190_RR220204A_603C_1831.bmp,trajectory,,False,-18.429588,-14.6572275
/content/quantum rheed codex/data/original data/Trajectories/2022-02-04/191_RR220204A_582C_1831.bmp,trajectory,,False,-18.024683,-14.427779
/content/quantum rheed codex/data/original data/Trajectories/2022-02-04/192_RR220204A_607C_1831.bmp,trajectory,,False,-18.29761,-14.359701
/content/quantum rheed codex/data/original data/Trajectories/2022-02-04/193_RR220204A_609C_1832.bmp,trajectory,,False,-18.542686,-14.429958
/content/quantum rheed codex/data/original data/Trajectories/2022-02-04/194_RR220204A_610C_1832.bmp,trajectory,,False,-18.490383,-14.311556
/content/quantum rheed codex/data/original data/Trajectories/2022-02-04/195_RR220204A_611C_1832.bmp,trajectory,,False,-18.662745,-14.479385
/content/quantum rheed codex/data/original data/Trajectories/2022-02-04/196_RR220204A_611C_1834.bmp,trajectory,,False,-18.974588,-14.476955
/content/quantum rheed codex/data/original data/Trajectories/2022-02-04/197_RR220204A_611C_1835.bmp,trajectory,,False,-19.381594,-14.62301
/content/quantum rheed codex/data/original data/Trajectories/2022-02-04/198_RR220204A_610C_1836.bmp,trajectory,,False,-19.345123,-14.487821
/content/quantum rheed codex/data/original data/Trajectories/2022-02-04/199_RR220204A_636C_1837.bmp,trajectory,,False,-19.73782,-14.538587
/content/quantum rheed codex/data/original data/Trajectories/2022-02-04/200_RR220204A_627C_1837.bmp,trajectory,,False,-19.38885,-14.450191
/content/quantum rheed codex/data/original data/Trajectories/2022-02-04/201_RR220204A_642C_1838.bmp,trajectory,,False,-20.368393,-14.546883
/content/quantum rheed codex/data/original data/Trajectories/2022-02-04/202_RR220204A_641C_1838.bmp,trajectory,,False,-20.144781,-14.553805
/content/quantum rheed codex/data/original data/Trajectories/2022-02-04/203_RR220204A_640C_1838.bmp,trajectory,,False,-19.658688,-14.563041
/content/quantum rheed codex/data/original data/Trajectories/2022-02-04/204_RR220204A_642C_1839-01.bmp,trajectory,,False,-20.423414,-14.567623
/content/quantum rheed codex/data/original data/Trajectories/2022-02-04/205_RR220204A_642C_1839-02.bmp,trajectory,,False,-20.293066,-14.564391
/content/quantum rheed codex/data/original data/Trajectories/2022-02-04/206_RR220204A_641C_1841.bmp,trajectory,,False,-21.317928,-14.622383
/content/quantum rheed codex/data/original data/Trajectories/2022-02-04/207_RR220204A_640C_1842.bmp,trajectory,,False,-21.586094,-14.6176605
/content/quantum rheed codex/data/original data/Trajectories/2022-02-04/208_RR220204A_639C_1843.bmp,trajectory,,False,-21.72553,-14.631483
/content/quantum rheed codex/data/original data/Trajectories/2022-02-04/209_RR220204A_637C_1845.bmp,trajectory,,False,-21.72159,-14.618734
/content/quantum rheed codex/data/original data/Trajectories/2022-02-04/210_RR220204A_651C_1846.bmp,trajectory,,False,-22.491606,-14.653225
/content/quantum rheed codex/data/original data/Trajectories/2022-02-04/211_RR220204A_667C_1847.bmp,trajectory,,False,-22.933384,-14.683815
/content/quantum rheed codex/data/original data/Trajectories/2022-02-04/212_RR220204A_669C_1847.bmp,trajectory,,False,-22.99241,-14.616068
/content/quantum rheed codex/data/original data/Trajectories/2022-02-04/213_RR220204A_668C_1847.bmp,trajectory,,False,-22.969412,-14.6745205
/content/quantum rheed codex/data/original data/Trajectories/2022-02-04/214_RR220204A_665C_1847.bmp,trajectory,,False,-22.878315,-14.748843
/content/quantum rheed codex/data/original data/Trajectories/2022-02-04/215_RR220204A_669C_1848.bmp,trajectory,,False,-23.248775,-14.625183
/content/quantum rheed codex/data/original data/Trajectories/2022-02-04/216_RR220204A_670C_1848.bmp,trajectory,,False,-23.409517,-15.104307
/content/quantum rheed codex/data/original data/Trajectories/2022-02-04/217_RR220204A_670C_1850.bmp,trajectory,,False,-23.580072,-14.9144535
/content/quantum rheed codex/data/original data/Trajectories/2022-02-04/218_RR220204A_669C_1851.bmp,trajectory,,False,-23.807419,-14.560013
/content/quantum rheed codex/data/original data/Trajectories/2022-02-04/219_RR220204A_668C_1852.bmp,trajectory,,False,-23.57479,-14.421991
/content/quantum rheed codex/data/original data/Trajectories/2022-02-04/220_RR220204A_668C_1853.bmp,trajectory,,False,-23.76527,-14.6910925
/content/quantum rheed codex/data/original data/Trajectories/2022-02-04/221_RR220204A_666C_1854.bmp,trajectory,,False,-24.088787,-14.657948
/content/quantum rheed codex/data/original data/Trajectories/2022-02-04/222_RR220204A_666C_1855.bmp,trajectory,,False,-24.483826,-14.667153
/content/quantum rheed codex/data/original data/Trajectories/2022-02-04/223_RR220204A_666C_1856.bmp,trajectory,,False,-24.53603,-14.762621
/content/quantum rheed codex/data/original data/Trajectories/2022-02-04/224_RR220204A_697C_1857.bmp,trajectory,,False,-24.952482,-14.712648
/content/quantum rheed codex/data/original data/Trajectories/2022-02-04/225_RR220204A_690C_1857.bmp,trajectory,,False,-25.072876,-14.662824
/content/quantum rheed codex/data/original data/Trajectories/2022-02-04/226_RR220204A_698C_1857.bmp,trajectory,,False,-24.83078,-14.593554
/content/quantum rheed codex/data/original data/Trajectories/2022-02-04/227_RR220204A_699C_1859.bmp,trajectory,,False,-25.52565,-14.7522745
/content/quantum rheed codex/data/original data/Trajectories/2022-02-04/228_RR220204A_696C_1901-01.bmp,trajectory,,False,-25.523048,-14.734665
/content/quantum rheed codex/data/original data/Trajectories/2022-02-04/229_RR220204A_696C_1901-02.bmp,trajectory,,False,-25.934122,-14.592137
/content/quantum rheed codex/data/original data/Trajectories/2022-02-04/230_RR220204A_695C_1902.bmp,trajectory,,False,-26.226988,-14.69049
/content/quantum rheed codex/data/original data/Trajectories/2022-02-04/231_RR220204A_694C_1903.bmp,trajectory,,False,-26.394543,-14.665238
/content/quantum rheed codex/data/original data/Trajectories/2022-02-04/232_RR220204A_725C_1904.bmp,trajectory,,False,-26.748198,-14.548936
/content/quantum rheed codex/data/original data/Trajectories/2022-02-04/233_RR220204A_709C_1904.bmp,trajectory,,False,-26.3147,-14.666301
/content/quantum rheed codex/data/original data/Trajectories/2022-02-04/234_RR220204A_723C_1904.bmp,trajectory,,False,-26.468517,-14.6512
/content/quantum rheed codex/data/original data/Trajectories/2022-02-04/235_RR220204A_725C_1905.bmp,trajectory,,False,-27.221552,-14.608295
/content/quantum rheed codex/data/original data/Trajectories/2022-02-04/236_RR220204A_726C_1905.bmp,trajectory,,False,-26.931486,-14.663463
/content/quantum rheed codex/data/original data/Trajectories/2022-02-04/237_RR220204A_725C_1906.bmp,trajectory,,False,-27.148106,-14.641233
/content/quantum rheed codex/data/original data/Trajectories/2022-02-04/238_RR220204A_722C_1908.bmp,trajectory,,False,-27.462225,-14.515004
/content/quantum rheed codex/data/original data/Trajectories/2022-02-04/239_RR220204A_720C_1910.bmp,trajectory,,False,-27.821568,-14.670938
/content/quantum rheed codex/data/original data/Trajectories/2022-02-04/240_RR220204A_730C_1911.bmp,trajectory,,False,-28.020555,-14.657759
/content/quantum rheed codex/data/original data/Trajectories/2022-02-04/241_RR220204A_736C_1911.bmp,trajectory,,False,-28.500732,-14.568678
/content/quantum rheed codex/data/original data/Trajectories/2022-02-04/242_RR220204A_720C_1911.bmp,trajectory,,False,-27.669077,-14.4891
/content/quantum rheed codex/data/original data/Trajectories/2022-02-04/243_RR220204A_740C_1912.bmp,trajectory,,False,-28.564825,-14.572352
/content/quantum rheed codex/data/original data/Trajectories/2022-02-04/244_RR220204A_737C_1912.bmp,trajectory,,False,-28.199112,-14.352814
/content/quantum rheed codex/data/original data/Trajectories/2022-02-04/245_RR220204A_741C_1913.bmp,trajectory,,False,-28.306217,-14.32905
/content/quantum rheed codex/data/original data/Trajectories/2022-02-04/246_RR220204A_742C_1914.bmp,trajectory,,False,-28.673374,-14.361697
/content/quantum rheed codex/data/original data/Trajectories/2022-02-04/247_RR220204A_743C_1915.bmp,trajectory,,False,-28.733606,-14.410778
/content/quantum rheed codex/data/original data/Trajectories/2022-02-04/248_RR220204A_745C_1916.bmp,trajectory,,False,-29.131557,-14.358941
/content/quantum rheed codex/data/original data/Trajectories/2022-02-04/249_RR220204A_746C_1917.bmp,trajectory,,False,-29.32906,-14.331744
/content/quantum rheed codex/data/original data/Trajectories/2022-02-04/250_RR220204A_747C_1919.bmp,trajectory,,False,-29.599207,-14.288669
/content/quantum rheed codex/data/original data/Trajectories/2022-02-04/251_RR220204A_747C_1920.bmp,trajectory,,False,-30.023567,-14.223723
/content/quantum rheed codex/data/original data/Trajectories/2022-02-04/252_RR220204A_776C_1923.bmp,trajectory,,False,-30.480188,-14.159194
/content/quantum rheed codex/data/original data/Trajectories/2022-02-04/253_RR220204A_782C_1923.bmp,trajectory,,False,-31.004122,-14.072479
/content/quantum rheed codex/data/original data/Trajectories/2022-02-04/254_RR220204A_781C_1924.bmp,trajectory,,False,-30.933456,-14.085902
/content/quantum rheed codex/data/original data/Trajectories/2022-02-04/255_RR220204A_780C_1925.bmp,trajectory,,False,-31.389946,-14.011479
/content/quantum rheed codex/data/original data/Trajectories/2022-02-04/256_RR220204A_777C_1926.bmp,trajectory,,False,-31.174063,-14.049264
/content/quantum rheed codex/data/original data/Trajectories/2022-02-04/257_RR220204A_774C_1927.bmp,trajectory,,False,-31.58631,-13.973514
/content/quantum rheed codex/data/original data/Trajectories/2022-02-04/258_RR220204A_772C_1928.bmp,trajectory,,False,-31.955044,-13.91301
/content/quantum rheed codex/data/original data/Trajectories/2022-02-04/259_RR220204A_789C_1929.bmp,trajectory,,False,-32.071285,-13.900815
/content/quantum rheed codex/data/original data/Trajectories/2022-02-04/260_RR220204A_786C_1929.bmp,trajectory,,False,-32.047115,-13.89627
/content/quantum rheed codex/data/original data/Trajectories/2022-02-04/261_RR220204A_790C_1930.bmp,trajectory,,False,-32.24093,-13.861472
/content/quantum rheed codex/data/original data/Trajectories/2022-02-04/262_RR220204A_793C_1932.bmp,trajectory,,False,-32.40898,-13.840423
/content/quantum rheed codex/data/original data/Trajectories/2022-02-04/263_RR220204A_793C_1934.bmp,trajectory,,False,-32.702755,-13.778452
/content/quantum rheed codex/data/original data/Trajectories/2022-02-04/264_RR220204A_793C_1935.bmp,trajectory,,False,-32.907986,-13.746927
/content/quantum rheed codex/data/original data/Trajectories/2022-02-04/265_RR220204A_788C_1937.bmp,trajectory,,False,-33.427143,-13.652703
/content/quantum rheed codex/data/original data/Trajectories/2022-02-04/266_RR220204A_783C_1938.bmp,trajectory,,False,-33.406857,-13.668628
/content/quantum rheed codex/data/original data/Trajectories/2022-02-04/267_RR220204A_793C_1940.bmp,trajectory,,False,-33.781986,-13.605209
/content/quantum rheed codex/data/original data/Trajectories/2022-02-04/268_RR220204A_795C_1940.bmp,trajectory,,False,-33.79055,-13.600106
/content/quantum rheed codex/data/original data/Trajectories/2022-02-04/269_RR220204A_797C_1941.bmp,trajectory,,False,-34.05361,-13.540424
/content/quantum rheed codex/data/original data/Trajectories/2022-02-04/270_RR220204A_797C_1942.bmp,trajectory,,False,-34.23457,-13.535343
/content/quantum rheed codex/data/original data/Trajectories/2022-02-04/271_RR220204A_794C_1944.bmp,trajectory,,False,-34.356873,-13.510344
/content/quantum rheed codex/data/original data/Trajectories/2022-02-04/272_RR220204A_797C_1947.bmp,trajectory,,False,-34.81098,-13.456191
/content/quantum rheed codex/data/original data/Trajectories/2022-02-04/273_RR220204A_797C_1950.bmp,trajectory,,False,-35.76886,-13.393068
/content/quantum rheed codex/data/original data/Trajectories/2022-02-04/274_RR220204A_816C_1951.bmp,trajectory,,False,-35.931057,-13.339047
/content/quantum rheed codex/data/original data/Trajectories/2022-02-04/275_RR220204A_819C_1951-01.bmp,trajectory,,False,-36.090744,-13.310518
/content/quantum rheed codex/data/original data/Trajectories/2022-02-04/276_RR220204A_819C_1951-02.bmp,trajectory,,False,-35.84338,-13.356489
/content/quantum rheed codex/data/original data/Trajectories/2022-02-04/277_RR220204A_814C_1953.bmp,trajectory,,False,-35.947403,-13.29752
/content/quantum rheed codex/data/original data/Trajectories/2022-02-04/278_RR220204A_811C_1954.bmp,trajectory,,False,-36.32352,-13.32203
/content/quantum rheed codex/data/original data/Trajectories/2022-02-04/279_RR220204A_812C_1956.bmp,trajectory,,False,-36.527653,-13.284032
/content/quantum rheed codex/data/original data/Trajectories/2022-02-04/280_RR220204A_809C_1958.bmp,trajectory,,False,-36.85478,-13.348049
/content/quantum rheed codex/data/original data/Trajectories/2022-02-04/281_RR220204A_806C_2000.bmp,trajectory,,False,-36.917793,-13.366578
/content/quantum rheed codex/data/original data/Trajectories/2022-02-04/282_RR220204A_808C_2002.bmp,trajectory,,False,-37.30361,-13.390368
/content/quantum rheed codex/data/original data/Trajectories/2022-02-04/283_RR220204A_807C_2003.bmp,trajectory,,False,-37.41831,-13.421096
/content/quantum rheed codex/data/original data/Trajectories/2022-02-04/284_RR220204A_806C_2006.bmp,trajectory,,False,-37.510914,-13.432827
/content/quantum rheed codex/data/original data/Trajectories/2022-02-04/285_RR220204A_820C_2007.bmp,trajectory,,False,-38.187344,-13.517633
/content/quantum rheed codex/data/original data/Trajectories/2022-02-04/286_RR220204A_821C_2007.bmp,trajectory,,False,-38.013565,-13.529821
/content/quantum rheed codex/data/original data/Trajectories/2022-02-04/287_RR220204A_851C_2008.bmp,trajectory,,False,-38.226753,-13.584258
/content/quantum rheed codex/data/original data/Trajectories/2022-02-04/288_RR220204A_839C_2008.bmp,trajectory,,False,-38.248974,-13.600283
/content/quantum rheed codex/data/original data/Trajectories/2022-02-04/289_RR220204A_853C_2008.bmp,trajectory,,False,-38.626053,-13.661313
/content/quantum rheed codex/data/original data/Trajectories/2022-02-04/290_RR220204A_849C_2010.bmp,trajectory,,False,-38.71614,-13.697643
/content/quantum rheed codex/data/original data/Trajectories/2022-02-04/291_RR220204A_848C_2011.bmp,trajectory,,False,-39.027275,-13.800852
/content/quantum rheed codex/data/original data/Trajectories/2022-02-04/292_RR220204A_846C_2012.bmp,trajectory,,False,-39.032986,-13.800063
/content/quantum rheed codex/data/original data/Trajectories/2022-02-04/293_RR220204A_845C_2013.bmp,trajectory,,False,-39.23574,-13.79037
/content/quantum rheed codex/data/original data/Trajectories/2022-02-04/294_RR220204A_843C_2014.bmp,trajectory,,False,-39.429363,-13.902698
/content/quantum rheed codex/data/original data/Trajectories/2022-02-04/295_RR220204A_882C_2015.bmp,trajectory,,False,-39.805412,-14.103826
/content/quantum rheed codex/data/original data/Trajectories/2022-02-04/296_RR220204A_869C_2015.bmp,trajectory,,False,-39.77879,-13.921246
/content/quantum rheed codex/data/original data/Trajectories/2022-02-04/297_RR220204A_880C_2015.bmp,trajectory,,False,-39.759346,-14.102164
/content/quantum rheed codex/data/original data/Trajectories/2022-02-04/298_RR220204A_882C_2016.bmp,trajectory,,False,-40.099163,-13.999103
/content/quantum rheed codex/data/original data/Trajectories/2022-02-04/299_RR220204A_882C_2017.bmp,trajectory,,False,-40.1915,-14.167274
/content/quantum rheed codex/data/original data/Trajectories/2022-02-04/300_RR220204A_881C_2018.bmp,trajectory,,False,-40.419044,-14.123988
/content/quantum rheed codex/data/original data/Trajectories/2022-02-04/301_RR220204A_881C_2020.bmp,trajectory,,False,-40.288864,-14.319524
/content/quantum rheed codex/data/original data/Trajectories/2022-02-04/302_RR220204A_894C_2021.bmp,trajectory,,False,-40.648064,-14.4343195
/content/quantum rheed codex/data/original data/Trajectories/2022-02-04/303_RR220204A_917C_2021.bmp,trajectory,,False,-41.07716,-14.28953
/content/quantum rheed codex/data/original data/Trajectories/2022-02-04/304_RR220204A_915C_2021.bmp,trajectory,,False,-41.070873,-14.287782
/content/quantum rheed codex/data/original data/Trajectories/2022-02-04/305_RR220204A_915C_2023.bmp,trajectory,,False,-41.035366,-14.715324
/content/quantum rheed codex/data/original data/Trajectories/2022-02-04/306_RR220204A_913C_2024.bmp,trajectory,,False,-41.174812,-14.793966
/content/quantum rheed codex/data/original data/Trajectories/2022-02-04/307_RR220204A_912C_2025.bmp,trajectory,,False,-41.433037,-14.312797
/content/quantum rheed codex/data/original data/Trajectories/2022-02-04/308_RR220204A_912C_2026.bmp,trajectory,,False,-41.43333,-14.306934
/content/quantum rheed codex/data/original data/Trajectories/2022-02-04/309_RR220204A_911C_2027.bmp,trajectory,,False,-41.362625,-14.897549
/content/quantum rheed codex/data/original data/Trajectories/2022-02-04/310_RR220204A_910C_2028.bmp,trajectory,,False,-41.473156,-14.963118
/content/quantum rheed codex/data/original data/Trajectories/2022-02-04/311_RR220204A_925C_2028.bmp,trajectory,,False,-41.88778,-14.440857
/content/quantum rheed codex/data/original data/Trajectories/2022-02-04/312_RR220204A_934C_2029.bmp,trajectory,,False,-41.935707,-14.452824
/content/quantum rheed codex/data/original data/Trajectories/2022-02-04/313_RR220204A_935C_2029.bmp,trajectory,,False,-42.00522,-14.499139
/content/quantum rheed codex/data/original data/Trajectories/2022-02-04/314_RR220204A_937C_2030.bmp,trajectory,,False,-41.831036,-15.0847
/content/quantum rheed codex/data/original data/Trajectories/2022-02-04/315_RR220204A_936C_2031.bmp,trajectory,,False,-42.0193,-15.065948
/content/quantum rheed codex/data/original data/Trajectories/2022-02-04/316_RR220204A_936C_2032.bmp,trajectory,,False,-42.028225,-15.057728
/content/quantum rheed codex/data/original data/Trajectories/2022-02-04/317_RR220204A_935C_2033.bmp,trajectory,,False,-42.273647,-14.891875
/content/quantum rheed codex/data/original data/Trajectories/2022-02-04/318_RR220204A_923C_2034.bmp,trajectory,,False,-42.21304,-14.732379
/content/quantum rheed codex/data/original data/Trajectories/2022-02-04/319_RR220204A_918C_2037.bmp,trajectory,,False,-34.491028,-0.95598567
/content/quantum rheed codex/data/original data/Trajectories/2022-02-04/320_RR220204A_915C_2039.bmp,trajectory,,False,-34.475605,-0.969877
/content/quantum rheed codex/data/original data/Trajectories/2022-02-04/321_RR220204A_914C_2041.bmp,trajectory,,False,-34.513905,-1.0132616
/content/quantum rheed codex/data/original data/Trajectories/2022-02-04/322_RR220204A_914C_2043.bmp,trajectory,,False,-34.614876,-1.0848687
/content/quantum rheed codex/data/original data/Trajectories/2022-02-04/323_RR220204A_914C_2045.bmp,trajectory,,False,-34.402866,-1.3451921
/content/quantum rheed codex/data/original data/Trajectories/2022-02-04/324_RR220204A_913C_2047.bmp,trajectory,,False,-34.441628,-1.2888621
/content/quantum rheed codex/data/original data/Trajectories/2022-02-04/325_RR220204A_915C_2049.bmp,trajectory,,False,-34.792515,-1.3129951
/content/quantum rheed codex/data/original data/Trajectories/2022-02-04/326_RR220204A_937C_2052.bmp,trajectory,,False,-34.44682,-1.8379823
/content/quantum rheed codex/data/original data/Trajectories/2022-02-04/327_RR220204A_912C_2052.bmp,trajectory,,False,-34.850677,-1.3943913
/content/quantum rheed codex/data/original data/Trajectories/2022-02-04/328_RR220204A_946C_2053.bmp,trajectory,,False,-34.90503,-1.9134884
/content/quantum rheed codex/data/original data/Trajectories/2022-02-04/329_RR220204A_946C_2054.bmp,trajectory,,False,-34.49119,-2.1055543
/content/quantum rheed codex/data/original data/Trajectories/2022-02-04/330_RR220204A_943C_2055.bmp,trajectory,,False,-34.9123,-1.8875858
/content/quantum rheed codex/data/original data/Trajectories/2022-02-04/331_RR220204A_941C_2056.bmp,trajectory,,False,-34.546803,-2.2479322
/content/quantum rheed codex/data/original data/Trajectories/2022-02-04/332_RR220204A_941C_2057.bmp,trajectory,,False,-34.963448,-2.2041461
/content/quantum rheed codex/data/original data/Trajectories/2022-02-04/333_RR220204A_939C_2059.bmp,trajectory,,False,-34.99395,-2.3072948
/content/quantum rheed codex/data/original data/Trajectories/2022-02-04/334_RR220204A_939C_2101.bmp,trajectory,,False,-34.734905,-2.4681766
/content/quantum rheed codex/data/original data/Trajectories/2022-02-04/335_RR220204A_940C_2102.bmp,trajectory,,False,-34.827072,-2.7983325
/content/quantum rheed codex/data/original data/Trajectories/2022-02-04/336_RR220204A_942C_2104.bmp,trajectory,,False,-34.937256,-2.7933924
/content/quantum rheed codex/data/original data/Trajectories/2022-02-04/337_RR220204A_938C_2106.bmp,trajectory,,False,-34.973907,-3.003373
/content/quantum rheed codex/data/original data/Trajectories/2022-02-04/338_RR220204A_940C_2108.bmp,trajectory,,False,-34.978455,-3.286152
/content/quantum rheed codex/data/original data/Trajectories/2022-02-04/339_RR220204A_938C_2110.bmp,trajectory,,False,-34.977737,-3.233626
/content/quantum rheed codex/data/original data/Trajectories/2022-02-04/340_RR220204A_936C_2112.bmp,trajectory,,False,-35.05568,-3.5921733
/content/quantum rheed codex/data/original data/Trajectories/2022-02-04/341_RR220204A_937C_2114.bmp,trajectory,,False,-35.116234,-3.8095105
/content/quantum rheed codex/data/original data/Trajectories/2022-02-04/342_RR220204A_941C_2115.bmp,trajectory,,False,-35.147305,-3.997949
/content/quantum rheed codex/data/original data/Trajectories/2022-02-04/343_RR220204A_964C_2116.bmp,trajectory,,False,-35.22648,-4.411198
/content/quantum rheed codex/data/original data/Trajectories/2022-02-04/344_RR220204A_958C_2116.bmp,trajectory,,False,-35.20229,-4.285714
/content/quantum rheed codex/data/original data/Trajectories/2022-02-04/345_RR220204A_963C_2120.bmp,trajectory,,False,-35.226482,-4.4113464
/content/quantum rheed codex/data/original data/Trajectories/2022-02-04/346_RR220204A_957C_2123.bmp,trajectory,,False,-35.395958,-5.2034082
/content/quantum rheed codex/data/original data/Trajectories/2022-02-04/347_RR220204A_954C_2124.bmp,trajectory,,False,-35.45794,-5.487303
/content/quantum rheed codex/data/original data/Trajectories/2022-02-04/348_RR220204A_955C_2128.bmp,trajectory,,False,-35.58911,-6.0768123
/content/quantum rheed codex/data/original data/Trajectories/2022-02-04/349_RR220204A_952C_2130.bmp,trajectory,,False,-35.70456,-6.5771947
/content/quantum rheed codex/data/original data/Trajectories/2022-02-04/350_RR220204A_955C_2133.bmp,trajectory,,False,-35.753197,-6.7720323
/content/quantum rheed codex/data/original data/Trajectories/2022-02-04/351_RR220204A_953C_2135.bmp,trajectory,,False,-35.81569,-7.014842
/content/quantum rheed codex/data/original data/Trajectories/2022-02-04/352_RR220204A_951C_2137.bmp,trajectory,,False,-35.93907,-7.4314256
/content/quantum rheed codex/data/original data/Trajectories/2022-02-04/353_RR220204A_950C_2139.bmp,trajectory,,False,-35.98247,-7.558018
/content/quantum rheed codex/data/original data/Trajectories/2022-02-04/354_RR220204A_951C_2141.bmp,trajectory,,False,-35.99759,-7.618634
/content/quantum rheed codex/data/original data/Trajectories/2022-02-04/355_RR220204A_948C_2142.bmp,trajectory,,False,-36.071735,-7.8178806
/content/quantum rheed codex/data/original data/Trajectories/2022-02-04/356_RR220204A_949C_2144.bmp,trajectory,,False,-36.213997,-8.21655
/content/quantum rheed codex/data/original data/Trajectories/2022-02-04/357_RR220204A_950C_2147.bmp,trajectory,,False,-36.275307,-8.378889
/content/quantum rheed codex/data/original data/Trajectories/2022-02-04/358_RR220204A_951C_2149.bmp,trajectory,,False,-36.38936,-8.627363
/content/quantum rheed codex/data/original data/Trajectories/2022-02-04/359_RR220204A_949C_2151.bmp,trajectory,,False,-36.425022,-8.725756
/content/quantum rheed codex/data/original data/Trajectories/2022-02-04/360_RR220204A_951C_2154.bmp,trajectory,,False,-36.55606,-8.981043
/content/quantum rheed codex/data/original data/Trajectories/2022-02-04/361_RR220204A_947C_2156.bmp,trajectory,,False,-36.599884,-9.063743
/content/quantum rheed codex/data/original data/Trajectories/2022-02-04/362_RR220204A_948C_2200.bmp,trajectory,,False,-36.67838,-9.196527
/content/quantum rheed codex/data/original data/Trajectories/2022-02-04/363_RR220204A_946C_2202.bmp,trajectory,,False,-10.767489,-47.836918
/content/quantum rheed codex/data/original data/Trajectories/2022-02-04/364_RR220204A_950C_2207.bmp,trajectory,,False,-10.707684,-47.83487
/content/quantum rheed codex/data/original data/Trajectories/2022-02-04/365_RR220204A_950C_2210.bmp,trajectory,,False,-10.578558,-48.142612
/content/quantum rheed codex/data/original data/Trajectories/2022-02-04/366_RR220204A_946C_2215.bmp,trajectory,,False,-10.657702,-48.022823
/content/quantum rheed codex/data/original data/Trajectories/2022-02-04/367_RR220204A_945C_2221.bmp,trajectory,,False,-10.708588,-48.22804
/content/quantum rheed codex/data/original data/Trajectories/2022-02-04/368_RR220204A_942C_2226.bmp,trajectory,,False,-10.758521,-48.49825
/content/quantum rheed codex/data/original data/Trajectories/2022-02-04/369_RR220204A_943C_2231.bmp,trajectory,,False,-10.813058,-48.481094
/content/quantum rheed codex/data/original data/Trajectories/2022-02-04/370_RR220204A_941C_2237.bmp,trajectory,,False,-11.012869,-48.58758
/content/quantum rheed codex/data/original data/Trajectories/2022-02-04/371_RR220204A_944C_2240.bmp,trajectory,,False,-11.043565,-48.548943
/content/quantum rheed codex/data/original data/Trajectories/2022-02-04/372_RR220204A_940C_2245.bmp,trajectory,,False,-11.255189,-48.251762
/content/quantum rheed codex/data/original data/Trajectories/2022-02-04/373_RR220204A_942C_2250.bmp,trajectory,,False,-11.309758,-48.114452
/content/quantum rheed codex/data/original data/Trajectories/2022-02-04/374_RR220204A_939C_2254.bmp,trajectory,,False,-11.513228,-48.288445
/content/quantum rheed codex/data/original data/Trajectories/2022-02-04/375_RR220204A_943C_2300.bmp,trajectory,,False,-11.712377,-48.270256
/content/quantum rheed codex/data/original data/Trajectories/2022-02-04/376_RR220204A_938C_2306.bmp,trajectory,,False,-12.090895,-48.21462
/content/quantum rheed codex/data/original data/Trajectories/2022-02-04/377_RR220204A_936C_2310.bmp,trajectory,,False,-12.252749,-48.35685
/content/quantum rheed codex/data/original data/Trajectories/2022-02-04/378_RR220204A_938C_2312.bmp,trajectory,,False,-12.251835,-48.309013
/content/quantum rheed codex/data/original data/Trajectories/2022-02-04/379_RR220204A_937C_2315.bmp,trajectory,,False,-12.506347,-48.150913
/content/quantum rheed codex/data/original data/Trajectories/2022-02-04/380_RR220204A_937C_2323.bmp,trajectory,,False,-12.753877,-48.263626
/content/quantum rheed codex/data/original data/Trajectories/2022-02-04/381_RR220204A_936C_2326.bmp,trajectory,,False,-13.0010195,-48.427418
/content/quantum rheed codex/data/original data/Trajectories/2022-02-04/382_RR220204A_935C_2330.bmp,trajectory,,False,-13.120459,-48.470547
/content/quantum rheed codex/data/original data/Trajectories/2022-02-04/383_RR220204A_937C_2331.bmp,trajectory,,False,-13.227792,-48.38573
/content/quantum rheed codex/data/original data/Trajectories/2022-02-04/384_RR220204A_935C_2335.bmp,trajectory,,False,-13.498069,-48.53595
/content/quantum rheed codex/data/original data/Trajectories/2022-02-04/385_RR220204A_939C_2340.bmp,trajectory,,False,-13.610616,-48.541027
/content/quantum rheed codex/data/original data/Trajectories/2022-02-04/386_RR220204A_935C_2346.bmp,trajectory,,False,-13.961954,-48.68993
/content/quantum rheed codex/data/original data/Trajectories/2022-02-04/387_RR220204A_935C_2350.bmp,trajectory,,False,-14.200427,-48.777786
/content/quantum rheed codex/data/original data/Trajectories/2022-02-04/388_RR220204A_934C_2355.bmp,trajectory,,False,-14.364375,-48.83408
/content/quantum rheed codex/data/original data/Trajectories/2022-02-06/001_RR220206A_165C_1659.bmp,trajectory,,False,-50.44751,8.989859
/content/quantum rheed codex/data/original data/Trajectories/2022-02-06/002_RR220206A_165C_1700.bmp,trajectory,,False,-50.74613,9.423655
/content/quantum rheed codex/data/original data/Trajectories/2022-02-06/003_RR220206A_165C_1701-01.bmp,trajectory,,False,-51.023132,9.819676
/content/quantum rheed codex/data/original data/Trajectories/2022-02-06/004_RR220206A_165C_1701-02.bmp,trajectory,,False,-51.086815,9.911528
/content/quantum rheed codex/data/original data/Trajectories/2022-02-06/005_RR220206A_165C_1702-01.bmp,trajectory,,False,-51.182495,10.054959
/content/quantum rheed codex/data/original data/Trajectories/2022-02-06/006_RR220206A_165C_1702-02.bmp,trajectory,,False,-51.232548,10.162887
/content/quantum rheed codex/data/original data/Trajectories/2022-02-06/007_RR220206A_165C_1702-03.bmp,trajectory,,False,-51.232548,10.162887
/content/quantum rheed codex/data/original data/Trajectories/2022-02-06/008_RR220206A_165C_1702-04.bmp,trajectory,,False,-51.22972,10.442346
/content/quantum rheed codex/data/original data/Trajectories/2022-02-06/009_RR220206A_165C_1703-01.bmp,trajectory,,False,-51.587936,10.283798
/content/quantum rheed codex/data/original data/Trajectories/2022-02-06/010_RR220206A_165C_1703-02.bmp,trajectory,,False,-51.65982,10.3371525
/content/quantum rheed codex/data/original data/Trajectories/2022-02-06/011_RR220206A_165C_1703-03.bmp,trajectory,,False,-51.365253,10.734155
/content/quantum rheed codex/data/original data/Trajectories/2022-02-06/012_RR220206A_165C_1703-04.bmp,trajectory,,False,-51.45908,10.867622
/content/quantum rheed codex/data/original data/Trajectories/2022-02-06/013_RR220206A_165C_1703-05.bmp,trajectory,,False,-51.913372,10.604435
/content/quantum rheed codex/data/original data/Trajectories/2022-02-06/014_RR220206A_165C_1704-01.bmp,trajectory,,False,-51.88318,10.823855
/content/quantum rheed codex/data/original data/Trajectories/2022-02-06/015_RR220206A_165C_1704-02.bmp,trajectory,,False,-51.638004,11.004956
/content/quantum rheed codex/data/original data/Trajectories/2022-02-06/016_RR220206A_165C_1704-03.bmp,trajectory,,False,-51.638004,11.004956
/content/quantum rheed codex/data/original data/Trajectories/2022-02-06/017_RR220206A_165C_1704-04.bmp,trajectory,,False,-51.88318,10.823855
/content/quantum rheed codex/data/original data/Trajectories/2022-02-06/018_RR220206A_165C_1704-05.bmp,trajectory,,False,-51.88318,10.823855
/content/quantum rheed codex/data/original data/Trajectories/2022-02-06/019_RR220206A_165C_1704-06.bmp,trajectory,,False,-51.88318,10.823855
/content/quantum rheed codex/data/original data/Trajectories/2022-02-06/020_RR220206A_165C_1705.bmp,trajectory,,False,-52.265163,11.374681
/content/quantum rheed codex/data/original data/Trajectories/2022-02-06/021_RR220206A_165C_1706.bmp,trajectory,,False,-52.845154,11.895468
/content/quantum rheed codex/data/original data/Trajectories/2022-02-06/022_RR220206A_165C_1708.bmp,trajectory,,False,-53.600163,12.58418
/content/quantum rheed codex/data/original data/Trajectories/2022-02-06/023_RR220206A_165C_1709.bmp,trajectory,,False,-53.844097,12.8075285
/content/quantum rheed codex/data/original data/Trajectories/2022-02-06/024_RR220206A_165C_1710-01.bmp,trajectory,,False,-54.107395,13.040414
/content/quantum rheed codex/data/original data/Trajectories/2022-02-06/025_RR220206A_165C_1710-02.bmp,trajectory,,False,-54.18328,13.104163
/content/quantum rheed codex/data/original data/Trajectories/2022-02-06/026_RR220206A_165C_1711.bmp,trajectory,,False,-54.48657,13.355505
/content/quantum rheed codex/data/original data/Trajectories/2022-02-06/027_RR220206A_165C_1712.bmp,trajectory,,False,-54.58907,13.4396105
/content/quantum rheed codex/data/original data/Trajectories/2022-02-06/028_RR220206A_165C_1714-01.bmp,trajectory,,False,-54.82967,13.634668
/content/quantum rheed codex/data/original data/Trajectories/2022-02-06/029_RR220206A_165C_1714-02.bmp,trajectory,,False,-55.064064,13.831819
/content/quantum rheed codex/data/original data/Trajectories/2022-02-06/030_RR220206A_165C_1715.bmp,trajectory,,False,-55.23888,13.974473
/content/quantum rheed codex/data/original data/Trajectories/2022-02-06/031_RR220206A_165C_1716.bmp,trajectory,,False,-55.384106,14.101403
/content/quantum rheed codex/data/original data/Trajectories/2022-02-06/032_RR220206A_165C_1717.bmp,trajectory,,False,-55.527668,14.23873
/content/quantum rheed codex/data/original data/Trajectories/2022-02-06/033_RR220206A_165C_1718.bmp,trajectory,,False,-55.731445,14.440377
/content/quantum rheed codex/data/original data/Trajectories/2022-02-06/034_RR220206A_165C_1719.bmp,trajectory,,False,-55.864872,14.49226
/content/quantum rheed codex/data/original data/Trajectories/2022-02-06/035_RR220206A_165C_1720.bmp,trajectory,,False,-56.245113,15.007305
/content/quantum rheed codex/data/original data/Trajectories/2022-02-06/036_RR220206A_165C_1721.bmp,trajectory,,False,-56.386284,15.119142
/content/quantum rheed codex/data/original data/Trajectories/2022-02-06/037_RR220206A_165C_1722.bmp,trajectory,,False,-56.40592,15.212369
/content/quantum rheed codex/data/original data/Trajectories/2022-02-06/038_RR220206A_165C_1723.bmp,trajectory,,False,-56.591312,15.083902
/content/quantum rheed codex/data/original data/Trajectories/2022-02-06/039_RR220206A_165C_1724.bmp,trajectory,,False,-56.703663,15.251847
/content/quantum rheed codex/data/original data/Trajectories/2022-02-06/040_RR220206A_165C_1725.bmp,trajectory,,False,-56.686954,15.258739
/content/quantum rheed codex/data/original data/Trajectories/2022-02-06/041_RR220206A_165C_1726.bmp,trajectory,,False,-56.700336,15.255007
/content/quantum rheed codex/data/original data/Trajectories/2022-02-06/042_RR220206A_165C_1727.bmp,trajectory,,False,-56.639782,15.368249
/content/quantum rheed codex/data/original data/Trajectories/2022-02-06/043_RR220206A_165C_1728.bmp,trajectory,,False,-56.582012,15.733367
/content/quantum rheed codex/data/original data/Trajectories/2022-02-06/044_RR220206A_165C_1729.bmp,trajectory,,False,-56.542877,15.829234
/content/quantum rheed codex/data/original data/Trajectories/2022-02-06/045_RR220206A_165C_1730.bmp,trajectory,,False,-56.47537,15.926934
/content/quantum rheed codex/data/original data/Trajectories/2022-02-06/046_RR220206A_165C_1733.bmp,trajectory,,False,-56.255245,16.654797
/content/quantum rheed codex/data/original data/Trajectories/2022-02-06/047_RR220206A_175C_1734.bmp,trajectory,,False,-56.211166,16.738628
/content/quantum rheed codex/data/original data/Trajectories/2022-02-06/048_RR220206A_175C_1736.bmp,trajectory,,False,-56.166115,16.829668
/content/quantum rheed codex/data/original data/Trajectories/2022-02-06/049_RR220206A_205C_1737.bmp,trajectory,,False,-55.973698,17.281
/content/quantum rheed codex/data/original data/Trajectories/2022-02-06/050_RR220206A_206C_1738.bmp,trajectory,,False,-55.973778,17.297386
/content/quantum rheed codex/data/original data/Trajectories/2022-02-06/051_RR220206A_209C_1739.bmp,trajectory,,False,-55.83953,17.467325
/content/quantum rheed codex/data/original data/Trajectories/2022-02-06/052_RR220206A_211C_1740.bmp,trajectory,,False,-55.868916,17.484585
/content/quantum rheed codex/data/original data/Trajectories/2022-02-06/053_RR220206A_211C_1741.bmp,trajectory,,False,-55.75313,17.51548
/content/quantum rheed codex/data/original data/Trajectories/2022-02-06/054_RR220206A_236C_1742.bmp,trajectory,,False,-55.73281,17.813845
/content/quantum rheed codex/data/original data/Trajectories/2022-02-06/055_RR220206A_239C_1742.bmp,trajectory,,False,-55.49811,17.786163
/content/quantum rheed codex/data/original data/Trajectories/2022-02-06/056_RR220206A_246C_1743.bmp,trajectory,,False,-55.357475,18.003918
/content/quantum rheed codex/data/original data/Trajectories/2022-02-06/057_RR220206A_249C_1744.bmp,trajectory,,False,-55.55046,18.114882
/content/quantum rheed codex/data/original data/Trajectories/2022-02-06/058_RR220206A_249C_1745.bmp,trajectory,,False,-55.49474,18.171534
/content/quantum rheed codex/data/original data/Trajectories/2022-02-06/059_RR220206A_280C_1747.bmp,trajectory,,False,-55.21422,18.442413
/content/quantum rheed codex/data/original data/Trajectories/2022-02-06/060_RR220206A_284C_1748.bmp,trajectory,,False,-55.160942,18.632517
/content/quantum rheed codex/data/original data/Trajectories/2022-02-06/061_RR220206A_286C_1749.bmp,trajectory,,False,-54.917084,18.645468
/content/quantum rheed codex/data/original data/Trajectories/2022-02-06/062_RR220206A_287C_1750.bmp,trajectory,,False,-54.929535,18.692526
/content/quantum rheed codex/data/original data/Trajectories/2022-02-06/063_RR220206A_319C_1751.bmp,trajectory,,False,-54.804577,19.081768
/content/quantum rheed codex/data/original data/Trajectories/2022-02-06/064_RR220206A_321C_1753.bmp,trajectory,,False,-54.49352,19.058578
/content/quantum rheed codex/data/original data/Trajectories/2022-02-06/065_RR220206A_322C_1754.bmp,trajectory,,False,-54.82454,19.143705
/content/quantum rheed codex/data/original data/Trajectories/2022-02-06/066_RR220206A_323C_1756.bmp,trajectory,,False,-54.266953,19.260872
/content/quantum rheed codex/data/original data/Trajectories/2022-02-06/067_RR220206A_359C_1757.bmp,trajectory,,False,-54.46286,19.498655
/content/quantum rheed codex/data/original data/Trajectories/2022-02-06/068_RR220206A_362C_1759.bmp,trajectory,,False,-54.390553,19.56686
/content/quantum rheed codex/data/original data/Trajectories/2022-02-06/069_RR220206A_393C_1801.bmp,trajectory,,False,-54.22607,19.795778
/content/quantum rheed codex/data/original data/Trajectories/2022-02-06/070_RR220206A_395C_1802.bmp,trajectory,,False,-53.882626,19.518942
/content/quantum rheed codex/data/original data/Trajectories/2022-02-06/071_RR220206A_396C_1803.bmp,trajectory,,False,-53.811546,19.530039
/content/quantum rheed codex/data/original data/Trajectories/2022-02-06/072_RR220206A_397C_1804.bmp,trajectory,,False,-54.10715,19.89181
/content/quantum rheed codex/data/original data/Trajectories/2022-02-06/073_RR220206A_428C_1807.bmp,trajectory,,False,-53.601463,19.669224
/content/quantum rheed codex/data/original data/Trajectories/2022-02-06/074_RR220206A_430C_1809.bmp,trajectory,,False,-53.674324,20.127308
/content/quantum rheed codex/data/original data/Trajectories/2022-02-06/075_RR220206A_431C_1810.bmp,trajectory,,False,-53.659607,20.127708
/content/quantum rheed codex/data/original data/Trajectories/2022-02-06/076_RR220206A_460C_1812.bmp,trajectory,,False,-53.147068,19.808817
/content/quantum rheed codex/data/original data/Trajectories/2022-02-06/077_RR220206A_461C_1813.bmp,trajectory,,False,-53.135258,19.831985
/content/quantum rheed codex/data/original data/Trajectories/2022-02-06/078_RR220206A_462C_1814.bmp,trajectory,,False,-53.30039,20.286314
/content/quantum rheed codex/data/original data/Trajectories/2022-02-06/079_RR220206A_489C_1815.bmp,trajectory,,False,-53.25074,20.330208
/content/quantum rheed codex/data/original data/Trajectories/2022-02-06/080_RR220206A_490C_1816.bmp,trajectory,,False,-53.020412,20.245573
/content/quantum rheed codex/data/original data/Trajectories/2022-02-06/081_RR220206A_491C_1817.bmp,trajectory,,False,-52.85352,20.076738
/content/quantum rheed codex/data/original data/Trajectories/2022-02-06/082_RR220206A_517C_1819.bmp,trajectory,,False,-52.808838,20.18365
/content/quantum rheed codex/data/original data/Trajectories/2022-02-06/083_RR220206A_517C_1820.bmp,trajectory,,False,-52.74726,20.184916
/content/quantum rheed codex/data/original data/Trajectories/2022-02-06/084_RR220206A_518C_1822.bmp,trajectory,,False,-15.8,8.340973
/content/quantum rheed codex/data/original data/Trajectories/2022-02-06/085_RR220206A_518C_1823.bmp,trajectory,,False,-15.939202,8.209662
/content/quantum rheed codex/data/original data/Trajectories/2022-02-06/086_RR220206A_543C_1824.bmp,trajectory,,False,-16.21813,8.024442
/content/quantum rheed codex/data/original data/Trajectories/2022-02-06/087_RR220206A_543C_1825.bmp,trajectory,,False,-16.30423,7.979458
/content/quantum rheed codex/data/original data/Trajectories/2022-02-06/088_RR220206A_544C_1826.bmp,trajectory,,False,-16.387526,8.019614
/content/quantum rheed codex/data/original data/Trajectories/2022-02-06/089_RR220206A_544C_1827.bmp,trajectory,,False,-16.07204,8.556712
/content/quantum rheed codex/data/original data/Trajectories/2022-02-06/090_RR220206A_568C_1828.bmp,trajectory,,False,-16.150188,8.703974
/content/quantum rheed codex/data/original data/Trajectories/2022-02-06/091_RR220206A_569C_1830.bmp,trajectory,,False,-16.62682,8.103329
/content/quantum rheed codex/data/original data/Trajectories/2022-02-06/092_RR220206A_570C_1832.bmp,trajectory,,False,-16.281816,8.7221985
/content/quantum rheed codex/data/original data/Trajectories/2022-02-06/093_RR220206A_570C_1833.bmp,trajectory,,False,-16.685465,8.130132
/content/quantum rheed codex/data/original data/Trajectories/2022-02-06/094_RR220206A_612C_1834.bmp,trajectory,,False,-16.422615,8.922474
/content/quantum rheed codex/data/original data/Trajectories/2022-02-06/095_RR220206A_614C_1835.bmp,trajectory,,False,-16.581465,8.832935
/content/quantum rheed codex/data/original data/Trajectories/2022-02-06/096_RR220206A_614C_1836.bmp,trajectory,,False,-16.729681,8.59387
/content/quantum rheed codex/data/original data/Trajectories/2022-02-06/097_RR220206A_654C_1837.bmp,trajectory,,False,-16.821262,8.783266
/content/quantum rheed codex/data/original data/Trajectories/2022-02-06/098_RR220206A_656C_1838.bmp,trajectory,,False,-17.127485,8.410877
/content/quantum rheed codex/data/original data/Trajectories/2022-02-06/099_RR220206A_657C_1839.bmp,trajectory,,False,-17.231133,8.337517
/content/quantum rheed codex/data/original data/Trajectories/2022-02-06/100_RR220206A_693C_1840.bmp,trajectory,,False,-17.365438,8.399215
/content/quantum rheed codex/data/original data/Trajectories/2022-02-06/101_RR220206A_697C_1842.bmp,trajectory,,False,-17.455042,8.561602
/content/quantum rheed codex/data/original data/Trajectories/2022-02-06/102_RR220206A_698C_1845.bmp,trajectory,,False,-17.519592,8.590656
/content/quantum rheed codex/data/original data/Trajectories/2022-02-06/103_RR220206A_733C_1846.bmp,trajectory,,False,-17.276947,9.050619
/content/quantum rheed codex/data/original data/Trajectories/2022-02-06/104_RR220206A_734C_1847.bmp,trajectory,,False,-17.49137,9.006312
/content/quantum rheed codex/data/original data/Trajectories/2022-02-06/105_RR220206A_734C_1849.bmp,trajectory,,False,-17.615492,8.928986
/content/quantum rheed codex/data/original data/Trajectories/2022-02-06/106_RR220206A_768C_1851.bmp,trajectory,,False,-17.281256,9.349953
/content/quantum rheed codex/data/original data/Trajectories/2022-02-06/107_RR220206A_769C_1852.bmp,trajectory,,False,-17.417059,9.387694
/content/quantum rheed codex/data/original data/Trajectories/2022-02-06/108_RR220206A_769C_1854.bmp,trajectory,,False,-17.641794,9.360514
/content/quantum rheed codex/data/original data/Trajectories/2022-02-06/109_RR220206A_773C_1901.bmp,trajectory,,False,-17.546305,9.714616
/content/quantum rheed codex/data/original data/Trajectories/2022-02-06/110_RR220206A_810C_1905.bmp,trajectory,,False,-17.326548,10.09539
/content/quantum rheed codex/data/original data/Trajectories/2022-02-06/111_RR220206A_812C_1906.bmp,trajectory,,False,-17.341198,10.169411
/content/quantum rheed codex/data/original data/Trajectories/2022-02-06/112_RR220206A_813C_1908.bmp,trajectory,,False,-17.394394,10.233023
/content/quantum rheed codex/data/original data/Trajectories/2022-02-06/113_RR220206A_815C_1909.bmp,trajectory,,False,-17.647362,10.22331
/content/quantum rheed codex/data/original data/Trajectories/2022-02-06/114_RR220206A_845C_1911.bmp,trajectory,,False,-17.430576,10.534115
/content/quantum rheed codex/data/original data/Trajectories/2022-02-06/115_RR220206A_844C_1913.bmp,trajectory,,False,-17.710897,10.644006
/content/quantum rheed codex/data/original data/Trajectories/2022-02-06/116_RR220206A_844C_1914.bmp,trajectory,,False,-17.708838,10.786647
/content/quantum rheed codex/data/original data/Trajectories/2022-02-06/117_RR220206A_844C_1915.bmp,trajectory,,False,-17.7276,10.949159
/content/quantum rheed codex/data/original data/Trajectories/2022-02-06/118_RR220206A_871C_1916.bmp,trajectory,,False,-17.816904,11.268099
/content/quantum rheed codex/data/original data/Trajectories/2022-02-06/119_RR220206A_871C_1918.bmp,trajectory,,False,-18.057192,12.019705
/content/quantum rheed codex/data/original data/Trajectories/2022-02-06/120_RR220206A_895C_1920-01.bmp,trajectory,,False,-18.588478,13.733943
/content/quantum rheed codex/data/original data/Trajectories/2022-02-06/121_RR220206A_895C_1920-02.bmp,trajectory,,False,-18.647987,13.922652
/content/quantum rheed codex/data/original data/Trajectories/2022-02-06/122_RR220206A_894C_1922.bmp,trajectory,,False,-18.778893,14.4462185
/content/quantum rheed codex/data/original data/Trajectories/2022-02-06/123_RR220206A_894C_1923.bmp,trajectory,,False,-18.851774,14.618327
/content/quantum rheed codex/data/original data/Trajectories/2022-02-06/124_RR220206A_894C_1924.bmp,trajectory,,False,-18.868805,14.696591
/content/quantum rheed codex/data/original data/Trajectories/2022-02-06/125_RR220206A_887C_1925.bmp,trajectory,,False,-18.861305,14.768429
/content/quantum rheed codex/data/original data/Trajectories/2022-02-06/126_RR220206A_884C_1926.bmp,trajectory,,False,-18.953363,14.857112
/content/quantum rheed codex/data/original data/Trajectories/2022-02-06/127_RR220206A_885C_1927.bmp,trajectory,,False,-19.030493,14.8924265
/content/quantum rheed codex/data/original data/Trajectories/2022-02-06/128_RR220206A_885C_1928.bmp,trajectory,,False,-19.097784,14.972118
/content/quantum rheed codex/data/original data/Trajectories/2022-02-06/129_RR220206A_912C_1929.bmp,trajectory,,False,-18.860508,15.177775
/content/quantum rheed codex/data/original data/Trajectories/2022-02-06/130_RR220206A_910C_1930.bmp,trajectory,,False,-18.907661,15.238937
/content/quantum rheed codex/data/original data/Trajectories/2022-02-06/131_RR220206A_909C_1931.bmp,trajectory,,False,-19.119543,15.35709
/content/quantum rheed codex/data/original data/Trajectories/2022-02-06/132_RR220206A_959C_1932.bmp,trajectory,,False,-19.090322,15.63702
/content/quantum rheed codex/data/original data/Trajectories/2022-02-06/133_RR220206A_956C_1932.bmp,trajectory,,False,-19.129654,15.743167
/content/quantum rheed codex/data/original data/Trajectories/2022-02-06/134_RR220206A_956C_1934.bmp,trajectory,,False,-19.130066,15.960654
/content/quantum rheed codex/data/original data/Trajectories/2022-02-06/135_RR220206A_980C_1935.bmp,trajectory,,False,-19.20089,16.307114
/content/quantum rheed codex/data/original data/Trajectories/2022-02-06/136_RR220206A_981C_1936.bmp,trajectory,,False,-19.239529,16.469193
/content/quantum rheed codex/data/original data/Trajectories/2022-02-06/137_RR220206A_982C_1937.bmp,trajectory,,False,-19.23079,16.460663
/content/quantum rheed codex/data/original data/Trajectories/2022-02-06/138_RR220206A_988C_1939.bmp,trajectory,,False,-19.273336,16.654566
/content/quantum rheed codex/data/original data/Trajectories/2022-02-06/139_RR220206A_990C_1940.bmp,trajectory,,False,-19.28443,16.716423
/content/quantum rheed codex/data/original data/Trajectories/2022-02-06/140_RR220206A_993C_1941.bmp,trajectory,,False,-19.29226,16.758404
/content/quantum rheed codex/data/original data/Trajectories/2022-02-06/141_RR220206A_995C_1942.bmp,trajectory,,False,-19.298851,16.795218
/content/quantum rheed codex/data/original data/Trajectories/2022-02-06/142_RR220206A_994C_1944.bmp,trajectory,,False,-19.315544,16.875614
/content/quantum rheed codex/data/original data/Trajectories/2022-02-06/143_RR220206A_996C_1945.bmp,trajectory,,False,-19.904474,25.597013
/content/quantum rheed codex/data/original data/Trajectories/2022-02-06/144_RR220206A_1012C_1946.bmp,trajectory,,False,-19.89557,25.623564
/content/quantum rheed codex/data/original data/Trajectories/2022-02-06/145_RR220206A_1025C_1947.bmp,trajectory,,False,-19.88868,25.651451
/content/quantum rheed codex/data/original data/Trajectories/2022-02-06/146_RR220206A_1024C_1948.bmp,trajectory,,False,-19.835905,25.75476
/content/quantum rheed codex/data/original data/Trajectories/2022-02-06/147_RR220206A_1024C_1953.bmp,trajectory,,False,-19.770777,25.91311
/content/quantum rheed codex/data/original data/Trajectories/2022-02-06/148_RR220206A_1028C_1956.bmp,trajectory,,False,-19.699118,26.075497
/content/quantum rheed codex/data/original data/Trajectories/2022-02-06/149_RR220206A_1052C_1957.bmp,trajectory,,False,-19.652618,26.139015
/content/quantum rheed codex/data/original data/Trajectories/2022-02-06/150_RR220206A_1053C_1958.bmp,trajectory,,False,-19.612398,26.183826
/content/quantum rheed codex/data/original data/Trajectories/2022-02-06/151_RR220206A_1077C_2001-01.bmp,trajectory,,False,-19.386515,26.546276
/content/quantum rheed codex/data/original data/Trajectories/2022-02-06/152_RR220206A_1077C_2001-02.bmp,trajectory,,False,-19.374548,26.568861
/content/quantum rheed codex/data/original data/Trajectories/2022-02-06/153_RR220206A_1092C_2003-01.bmp,trajectory,,False,-19.21896,26.818428
/content/quantum rheed codex/data/original data/Trajectories/2022-02-06/154_RR220206A_1092C_2003-02.bmp,trajectory,,False,-19.174448,26.88137
/content/quantum rheed codex/data/original data/Trajectories/2022-02-06/155_RR220206A_1105C_2005-01.bmp,trajectory,,False,-19.004606,27.143547
/content/quantum rheed codex/data/original data/Trajectories/2022-02-06/156_RR220206A_1105C_2005-02.bmp,trajectory,,False,-19.00939,27.134588
/content/quantum rheed codex/data/original data/Trajectories/2022-02-06/157_RR220206A_1105C_2007.bmp,trajectory,,False,-18.873978,27.33947
/content/quantum rheed codex/data/original data/Trajectories/2022-02-06/158_RR220206A_1105C_2008.bmp,trajectory,,False,-18.76462,27.511362
/content/quantum rheed codex/data/original data/Trajectories/2022-02-06/159_RR220206A_1105C_2009.bmp,trajectory,,False,-18.689457,27.632782
/content/quantum rheed codex/data/original data/Trajectories/2022-02-06/160_RR220206A_1105C_2010.bmp,trajectory,,False,-18.729448,27.567492
/content/quantum rheed codex/data/original data/Trajectories/2022-02-06/161_RR220206A_1105C_2012.bmp,trajectory,,False,-18.513355,27.890888
/content/quantum rheed codex/data/original data/Trajectories/2022-02-06/162_RR220206A_1105C_2013.bmp,trajectory,,False,-18.444048,28.006145
/content/quantum rheed codex/data/original data/Trajectories/2022-02-06/163_RR220206A_1105C_2015.bmp,trajectory,,False,-18.28977,28.242353
/content/quantum rheed codex/data/original data/Trajectories/2022-02-06/164_RR220206A_1105C_2017.bmp,trajectory,,False,-18.179323,28.424925
/content/quantum rheed codex/data/original data/Trajectories/2022-02-06/165_RR220206A_1105C_2018.bmp,trajectory,,False,-18.004581,28.664314
/content/quantum rheed codex/data/original data/Trajectories/2022-02-06/166_RR220206A_1105C_2019.bmp,trajectory,,False,-17.96511,28.788633
/content/quantum rheed codex/data/original data/Trajectories/2022-02-06/167_RR220206A_1105C_2020.bmp,trajectory,,False,-17.97158,28.787962
/content/quantum rheed codex/data/original data/Trajectories/2022-02-06/168_RR220206A_1099C_2022.bmp,trajectory,,False,-17.762934,29.08635
/content/quantum rheed codex/data/original data/Trajectories/2022-02-06/169_RR220206A_1101C_2024.bmp,trajectory,,False,-17.590378,29.276606
/content/quantum rheed codex/data/original data/Trajectories/2022-02-06/170_RR220206A_1085C_2025.bmp,trajectory,,False,-17.625278,29.322117
/content/quantum rheed codex/data/original data/Trajectories/2022-02-06/171_RR220206A_1085C_2027.bmp,trajectory,,False,-17.545378,29.450851
/content/quantum rheed codex/data/original data/Trajectories/2022-02-06/172_RR220206A_1074C_2028-01.bmp,trajectory,,False,-17.410648,29.670832
/content/quantum rheed codex/data/original data/Trajectories/2022-02-06/173_RR220206A_1074C_2028-02.bmp,trajectory,,False,-17.436272,29.626888
/content/quantum rheed codex/data/original data/Trajectories/2022-02-06/174_RR220206A_1074C_2030.bmp,trajectory,,False,-17.623522,29.526133
/content/quantum rheed codex/data/original data/Trajectories/2022-02-06/175_RR220206A_1051C_2032.bmp,trajectory,,False,-17.230263,30.00155
/content/quantum rheed codex/data/original data/Trajectories/2022-02-06/176_RR220206A_1051C_2034.bmp,trajectory,,False,-17.190115,30.070831
/content/quantum rheed codex/data/original data/Trajectories/2022-02-06/177_RR220206A_1037C_2036.bmp,trajectory,,False,-16.741074,30.900448
/content/quantum rheed codex/data/original data/Trajectories/2022-02-06/178_RR220206A_1037C_2038.bmp,trajectory,,False,-16.73126,30.867678
/content/quantum rheed codex/data/original data/Trajectories/2022-02-06/179_RR220206A_1031C_2040.bmp,trajectory,,False,-16.577158,31.313705
/content/quantum rheed codex/data/original data/Trajectories/2022-02-06/180_RR220206A_1031C_2041.bmp,trajectory,,False,-16.496698,31.3782
/content/quantum rheed codex/data/original data/Trajectories/2022-02-06/181_RR220206A_1019C_2043.bmp,trajectory,,False,-16.4658,31.543348
/content/quantum rheed codex/data/original data/Trajectories/2022-02-06/182_RR220206A_1012C_2044.bmp,trajectory,,False,-16.307549,31.588415
/content/quantum rheed codex/data/original data/Trajectories/2022-02-06/183_RR220206A_995C_2046.bmp,trajectory,,False,-16.440632,32.12152
/content/quantum rheed codex/data/original data/Trajectories/2022-02-06/184_RR220206A_999C_2048.bmp,trajectory,,False,-16.407827,32.18965
/content/quantum rheed codex/data/original data/Trajectories/2022-02-06/185_RR220206A_999C_2049.bmp,trajectory,,False,-16.546587,32.003735
/content/quantum rheed codex/data/original data/Trajectories/2022-02-06/186_RR220206A_985C_2050.bmp,trajectory,,False,-16.05117,31.89305
/content/quantum rheed codex/data/original data/Trajectories/2022-02-06/187_RR220206A_985C_2051.bmp,trajectory,,False,-16.012182,31.942533
/content/quantum rheed codex/data/original data/Trajectories/2022-02-06/188_RR220206A_971C_2053.bmp,trajectory,,False,-15.703075,32.283123
/content/quantum rheed codex/data/original data/Trajectories/2022-02-06/189_RR220206A_971C_2054-01.bmp,trajectory,,False,-16.093596,32.5242
/content/quantum rheed codex/data/original data/Trajectories/2022-02-06/190_RR220206A_971C_2054-02.bmp,trajectory,,False,-15.832528,32.20435
/content/quantum rheed codex/data/original data/Trajectories/2022-02-06/191_RR220206A_960C_2056.bmp,trajectory,,False,-15.59176,32.478035
/content/quantum rheed codex/data/original data/Trajectories/2022-02-06/192_RR220206A_959C_2057.bmp,trajectory,,False,-15.692141,32.753628
/content/quantum rheed codex/data/original data/Trajectories/2022-02-06/193_RR220206A_957C_2058.bmp,trajectory,,False,-15.738649,32.8707
/content/quantum rheed codex/data/original data/Trajectories/2022-02-06/194_RR220206A_962C_2059.bmp,trajectory,,False,-15.966199,32.681892
/content/quantum rheed codex/data/original data/Trajectories/2022-02-06/195_RR220206A_944C_2101.bmp,trajectory,,False,-15.426494,32.997402
/content/quantum rheed codex/data/original data/Trajectories/2022-02-06/196_RR220206A_945C_2102.bmp,trajectory,,False,-15.274472,33.317028
/content/quantum rheed codex/data/original data/Trajectories/2022-02-06/197_RR220206A_944C_2104.bmp,trajectory,,False,-15.353817,33.20109
/content/quantum rheed codex/data/original data/Trajectories/2022-02-06/198_RR220206A_927C_2105.bmp,trajectory,,False,-14.774382,34.090893
/content/quantum rheed codex/data/original data/Trajectories/2022-02-06/199_RR220206A_940C_2106.bmp,trajectory,,False,-14.249031,34.917095
/content/quantum rheed codex/data/original data/Trajectories/2022-02-06/200_RR220206A_933C_2107.bmp,trajectory,,False,-14.968207,33.77389
/content/quantum rheed codex/data/original data/Trajectories/2022-02-06/201_RR220206A_945C_2109.bmp,trajectory,,False,-14.986888,33.733425
/content/quantum rheed codex/data/original data/Trajectories/2022-02-06/202_RR220206A_934C_2109.bmp,trajectory,,False,-14.206575,34.973038
/content/quantum rheed codex/data/original data/Trajectories/2022-02-06/203_RR220206A_876C_2110-01.bmp,trajectory,,False,-13.754116,35.705936
/content/quantum rheed codex/data/original data/Trajectories/2022-02-06/204_RR220206A_876C_2110-02.bmp,trajectory,,False,-13.908084,35.45235
/content/quantum rheed codex/data/original data/Trajectories/2022-02-06/205_RR220206A_875C_2111.bmp,trajectory,,False,-13.817904,35.59615
/content/quantum rheed codex/data/original data/Trajectories/2022-02-06/206_RR220206A_875C_2113.bmp,trajectory,,False,-13.947499,35.394054
/content/quantum rheed codex/data/original data/Trajectories/2022-02-06/207_RR220206A_875C_2114.bmp,trajectory,,False,-13.775215,35.66831
/content/quantum rheed codex/data/original data/Trajectories/2022-02-06/208_RR220206A_860C_2115.bmp,trajectory,,False,-13.363235,36.320976
/content/quantum rheed codex/data/original data/Trajectories/2022-02-06/209_RR220206A_860C_2116.bmp,trajectory,,False,-13.352267,36.338177
/content/quantum rheed codex/data/original data/Trajectories/2022-02-06/210_RR220206A_861C_2117.bmp,trajectory,,False,-13.25596,36.516285
/content/quantum rheed codex/data/original data/Trajectories/2022-02-06/211_RR220206A_848C_2119.bmp,trajectory,,False,-12.918568,37.149876
/content/quantum rheed codex/data/original data/Trajectories/2022-02-06/212_RR220206A_849C_2120.bmp,trajectory,,False,-13.003022,36.865864
/content/quantum rheed codex/data/original data/Trajectories/2022-02-06/213_RR220206A_849C_2121.bmp,trajectory,,False,-12.985145,36.88655
/content/quantum rheed codex/data/original data/Trajectories/2022-02-06/214_RR220206A_834C_2122.bmp,trajectory,,False,-12.689381,37.615574
/content/quantum rheed codex/data/original data/Trajectories/2022-02-06/215_RR220206A_835C_2123.bmp,trajectory,,False,-12.629239,37.387524
/content/quantum rheed codex/data/original data/Trajectories/2022-02-06/216_RR220206A_837C_2124.bmp,trajectory,,False,-12.685477,37.309994
/content/quantum rheed codex/data/original data/Trajectories/2022-02-06/217_RR220206A_823C_2125.bmp,trajectory,,False,-12.41503,37.861225
/content/quantum rheed codex/data/original data/Trajectories/2022-02-06/218_RR220206A_821C_2127.bmp,trajectory,,False,-12.410446,38.070683
/content/quantum rheed codex/data/original data/Trajectories/2022-02-06/219_RR220206A_823C_2128.bmp,trajectory,,False,-12.300901,37.724297
/content/quantum rheed codex/data/original data/Trajectories/2022-02-06/220_RR220206A_806C_2130.bmp,trajectory,,False,-12.014001,38.10991
/content/quantum rheed codex/data/original data/Trajectories/2022-02-06/221_RR220206A_805C_2131.bmp,trajectory,,False,-12.104091,38.523533
/content/quantum rheed codex/data/original data/Trajectories/2022-02-06/222_RR220206A_805C_2132.bmp,trajectory,,False,-12.046175,38.27986
/content/quantum rheed codex/data/original data/Trajectories/2022-02-06/223_RR220206A_792C_2134.bmp,trajectory,,False,-11.917033,38.95079
/content/quantum rheed codex/data/original data/Trajectories/2022-02-06/224_RR220206A_793C_2135.bmp,trajectory,,False,-11.862728,39.399426
/content/quantum rheed codex/data/original data/Trajectories/2022-02-06/225_RR220206A_794C_2136.bmp,trajectory,,False,-11.833943,38.777298
/content/quantum rheed codex/data/original data/Trajectories/2022-02-06/226_RR220206A_778C_2137.bmp,trajectory,,False,-11.454255,38.759014
/content/quantum rheed codex/data/original data/Trajectories/2022-02-06/227_RR220206A_781C_2138.bmp,trajectory,,False,-11.590829,39.40637
/content/quantum rheed codex/data/original data/Trajectories/2022-02-06/228_RR220206A_779C_2139.bmp,trajectory,,False,-11.417749,38.88937
/content/quantum rheed codex/data/original data/Trajectories/2022-02-06/229_RR220206A_766C_2141.bmp,trajectory,,False,-11.070996,39.310184
/content/quantum rheed codex/data/original data/Trajectories/2022-02-06/230_RR220206A_767C_2143.bmp,trajectory,,False,-11.034105,39.413574
/content/quantum rheed codex/data/original data/Trajectories/2022-02-06/231_RR220206A_770C_2145.bmp,trajectory,,False,-11.142775,39.847485
/content/quantum rheed codex/data/original data/Trajectories/2022-02-06/232_RR220206A_755C_2146.bmp,trajectory,,False,-10.824584,39.862846
/content/quantum rheed codex/data/original data/Trajectories/2022-02-06/233_RR220206A_754C_2147.bmp,trajectory,,False,-10.63968,40.538845
/content/quantum rheed codex/data/original data/Trajectories/2022-02-06/234_RR220206A_738C_2148.bmp,trajectory,,False,-10.461023,40.580936
/content/quantum rheed codex/data/original data/Trajectories/2022-02-06/235_RR220206A_739C_2149.bmp,trajectory,,False,-10.525443,40.507603
/content/quantum rheed codex/data/original data/Trajectories/2022-02-06/236_RR220206A_724C_2151.bmp,trajectory,,False,-10.269302,40.907494
/content/quantum rheed codex/data/original data/Trajectories/2022-02-06/237_RR220206A_722C_2151.bmp,trajectory,,False,-10.173955,41.03362
/content/quantum rheed codex/data/original data/Trajectories/2022-02-06/238_RR220206A_721C_2153.bmp,trajectory,,False,-10.044684,41.2358
/content/quantum rheed codex/data/original data/Trajectories/2022-02-06/239_RR220206A_707C_2155.bmp,trajectory,,False,-9.831632,41.56016
/content/quantum rheed codex/data/original data/Trajectories/2022-02-06/240_RR220206A_707C_2156.bmp,trajectory,,False,-9.505442,42.056213
/content/quantum rheed codex/data/original data/Trajectories/2022-02-06/241_RR220206A_692C_2157.bmp,trajectory,,False,-9.31378,42.339336
/content/quantum rheed codex/data/original data/Trajectories/2022-02-06/242_RR220206A_690C_2158.bmp,trajectory,,False,-9.152208,42.58586
/content/quantum rheed codex/data/original data/Trajectories/2022-02-06/243_RR220206A_675C_2200.bmp,trajectory,,False,-8.737326,43.22575
/content/quantum rheed codex/data/original data/Trajectories/2022-02-06/244_RR220206A_674C_2202.bmp,trajectory,,False,-8.819471,43.0967
/content/quantum rheed codex/data/original data/Trajectories/2022-02-06/245_RR220206A_674C_2203.bmp,trajectory,,False,-8.827562,43.087135
/content/quantum rheed codex/data/original data/Trajectories/2022-02-06/246_RR220206A_658C_2205.bmp,trajectory,,False,-8.496265,43.59675
/content/quantum rheed codex/data/original data/Trajectories/2022-02-06/247_RR220206A_657C_2207.bmp,trajectory,,False,-8.450122,43.663017
/content/quantum rheed codex/data/original data/Trajectories/2022-02-06/248_RR220206A_639C_2209.bmp,trajectory,,False,-8.120243,44.18158
/content/quantum rheed codex/data/original data/Trajectories/2022-02-06/249_RR220206A_638C_2210.bmp,trajectory,,False,-8.066322,44.272953
/content/quantum rheed codex/data/original data/Trajectories/2022-02-06/250_RR220206A_621C_2212.bmp,trajectory,,False,-7.837519,44.600964
/content/quantum rheed codex/data/original data/Trajectories/2022-02-06/251_RR220206A_619C_2214.bmp,trajectory,,False,-7.8923817,44.5127
/content/quantum rheed codex/data/original data/Trajectories/2022-02-06/252_RR220206A_600C_2216.bmp,trajectory,,False,-7.671643,44.86203
/content/quantum rheed codex/data/original data/Trajectories/2022-02-06/253_RR220206A_599C_2217.bmp,trajectory,,False,-7.579727,45.196247
/content/quantum rheed codex/data/original data/Trajectories/2022-02-06/254_RR220206A_599C_2218.bmp,trajectory,,False,-7.5784655,45.37961
/content/quantum rheed codex/data/original data/Trajectories/2022-02-06/255_RR220206A_581C_2220.bmp,trajectory,,False,-7.261096,45.251804
/content/quantum rheed codex/data/original data/Trajectories/2022-02-06/256_RR220206A_580C_2221.bmp,trajectory,,False,-7.298233,45.47986
/content/quantum rheed codex/data/original data/Trajectories/2022-02-06/257_RR220206A_581C_2222.bmp,trajectory,,False,-7.236593,45.273617
/content/quantum rheed codex/data/original data/Trajectories/2022-02-06/258_RR220206A_580C_2223.bmp,trajectory,,False,-6.9825172,46.46557
/content/quantum rheed codex/data/original data/Trajectories/2022-02-06/259_RR220206A_561C_2225.bmp,trajectory,,False,-6.760267,46.146805
/content/quantum rheed codex/data/original data/Trajectories/2022-02-06/260_RR220206A_560C_2226.bmp,trajectory,,False,-6.5575447,46.256176
/content/quantum rheed codex/data/original data/Trajectories/2022-02-06/261_RR220206A_540C_2227.bmp,trajectory,,False,-6.456072,46.35514
/content/quantum rheed codex/data/original data/Trajectories/2022-02-06/262_RR220206A_540C_2228.bmp,trajectory,,False,-6.5707164,46.87864
/content/quantum rheed codex/data/original data/Trajectories/2022-02-06/263_RR220206A_520C_2229.bmp,trajectory,,False,-6.2056665,46.911625
/content/quantum rheed codex/data/original data/Trajectories/2022-02-06/264_RR220206A_519C_2230.bmp,trajectory,,False,-6.4396267,47.226933
/content/quantum rheed codex/data/original data/Trajectories/2022-02-06/265_RR220206A_498C_2232.bmp,trajectory,,False,-6.2286224,47.406593
/content/quantum rheed codex/data/original data/Trajectories/2022-02-06/266_RR220206A_496C_2233.bmp,trajectory,,False,-5.978602,46.967464
/content/quantum rheed codex/data/original data/Trajectories/2022-02-06/267_RR220206A_495C_2235.bmp,trajectory,,False,-5.9765415,46.998924
/content/quantum rheed codex/data/original data/Trajectories/2022-02-06/268_RR220206A_472C_2237.bmp,trajectory,,False,-5.9145994,47.79662
/content/quantum rheed codex/data/original data/Trajectories/2022-02-06/269_RR220206A_471C_2238.bmp,trajectory,,False,-5.7497535,47.646904
/content/quantum rheed codex/data/original data/Trajectories/2022-02-06/270_RR220206A_471C_2240.bmp,trajectory,,False,-5.64083,47.728268
/content/quantum rheed codex/data/original data/Trajectories/2022-02-06/271_RR220206A_425C_2242.bmp,trajectory,,False,-5.280947,48.27965
/content/quantum rheed codex/data/original data/Trajectories/2022-02-06/272_RR220206A_424C_2242.bmp,trajectory,,False,-5.4276457,48.00141
/content/quantum rheed codex/data/original data/Trajectories/2022-02-06/273_RR220206A_423C_2243.bmp,trajectory,,False,-5.2950826,48.259518
/content/quantum rheed codex/data/original data/Trajectories/2022-02-06/274_RR220206A_372C_2245.bmp,trajectory,,False,-4.990831,48.726326
/content/quantum rheed codex/data/original data/Trajectories/2022-02-06/275_RR220206A_370C_2246.bmp,trajectory,,False,-5.017185,48.679924
/content/quantum rheed codex/data/original data/Trajectories/2022-02-06/276_RR220206A_368C_2247.bmp,trajectory,,False,-4.9769683,48.755657
/content/quantum rheed codex/data/original data/Trajectories/2022-02-06/277_RR220206A_310C_2249.bmp,trajectory,,False,-4.6922264,49.112396
/content/quantum rheed codex/data/original data/Trajectories/2022-02-06/278_RR220206A_308C_2250.bmp,trajectory,,False,-4.6224656,49.20224
/content/quantum rheed codex/data/original data/Trajectories/2022-02-06/279_RR220206A_253C_2251.bmp,trajectory,,False,-4.3679767,49.508167
/content/quantum rheed codex/data/original data/Trajectories/2022-02-06/280_RR220206A_244C_2253.bmp,trajectory,,False,-4.164859,49.578526
/content/quantum rheed codex/data/original data/Trajectories/2022-02-06/281_RR220206A_241C_2254.bmp,trajectory,,False,-4.5386662,49.55141
/content/quantum rheed codex/data/original data/Trajectories/2022-02-06/282_RR220206A_184C_2256.bmp,trajectory,,False,-4.0776625,49.74394
/content/quantum rheed codex/data/original data/Trajectories/2022-02-06/283_RR220206A_172C_2258.bmp,trajectory,,False,-4.357557,50.001358
/content/quantum rheed codex/data/original data/Trajectories/2022-02-06/284_RR220206A_168C_2259.bmp,trajectory,,False,-4.3392477,50.03037
/content/quantum rheed codex/data/original data/Trajectories/2022-02-06/285_RR220206A_165C_2301.bmp,trajectory,,False,-3.9838881,50.014744
/content/quantum rheed codex/data/original data/Trajectories/2022-02-06/286_RR220206A_165C_2302.bmp,trajectory,,False,-4.043896,50.132652
/content/quantum rheed codex/data/original data/Trajectories/2022-02-06/287_RR220206A_165C_2303.bmp,trajectory,,False,-4.082296,50.149357
/content/quantum rheed codex/data/original data/Trajectories/2022-04-11/001_RR220411A_180C_1417-01.bmp,trajectory,,False,16.903574,-25.257875
/content/quantum rheed codex/data/original data/Trajectories/2022-04-11/002_RR220411A_180C_1417-02.bmp,trajectory,,False,16.984236,-25.211525
/content/quantum rheed codex/data/original data/Trajectories/2022-04-11/003_RR220411A_184C_1419.bmp,trajectory,,False,17.217815,-24.860111
/content/quantum rheed codex/data/original data/Trajectories/2022-04-11/004_RR220411A_186C_1420.bmp,trajectory,,False,17.033266,-24.704124
/content/quantum rheed codex/data/original data/Trajectories/2022-04-11/005_RR220411A_189C_1420.bmp,trajectory,,False,17.477707,-24.714987
/content/quantum rheed codex/data/original data/Trajectories/2022-04-11/006_RR220411A_188C_1420.bmp,trajectory,,False,17.349691,-24.731224
/content/quantum rheed codex/data/original data/Trajectories/2022-04-11/007_RR220411A_190C_1421.bmp,trajectory,,False,17.158287,-24.40977
/content/quantum rheed codex/data/original data/Trajectories/2022-04-11/008_RR220411A_193C_1422.bmp,trajectory,,False,17.235697,-24.149244
/content/quantum rheed codex/data/original data/Trajectories/2022-04-11/009_RR220411A_206C_1423.bmp,trajectory,,False,17.681705,-23.90317
/content/quantum rheed codex/data/original data/Trajectories/2022-04-11/010_RR220411A_197C_1423.bmp,trajectory,,False,17.747993,-24.075205
/content/quantum rheed codex/data/original data/Trajectories/2022-04-11/011_RR220411A_219C_1424.bmp,trajectory,,False,17.801287,-23.73978
/content/quantum rheed codex/data/original data/Trajectories/2022-04-11/012_RR220411A_211C_1424.bmp,trajectory,,False,17.32364,-23.593138
/content/quantum rheed codex/data/original data/Trajectories/2022-04-11/013_RR220411A_223C_1424.bmp,trajectory,,False,18.038338,-23.889835
/content/quantum rheed codex/data/original data/Trajectories/2022-04-11/014_RR220411A_228C_1425.bmp,trajectory,,False,17.469208,-23.252174
/content/quantum rheed codex/data/original data/Trajectories/2022-04-11/015_RR220411A_232C_1426.bmp,trajectory,,False,17.656504,-23.082167
/content/quantum rheed codex/data/original data/Trajectories/2022-04-11/016_RR220411A_235C_1426.bmp,trajectory,,False,17.994488,-23.18383
/content/quantum rheed codex/data/original data/Trajectories/2022-04-11/017_RR220411A_238C_1427.bmp,trajectory,,False,17.926144,-22.819832
/content/quantum rheed codex/data/original data/Trajectories/2022-04-11/018_RR220411A_241C_1428.bmp,trajectory,,False,17.939484,-22.560474
/content/quantum rheed codex/data/original data/Trajectories/2022-04-11/019_RR220411A_247C_1429.bmp,trajectory,,False,18.115938,-22.440826
/content/quantum rheed codex/data/original data/Trajectories/2022-04-11/020_RR220411A_256C_1429.bmp,trajectory,,False,17.996952,-22.221735
/content/quantum rheed codex/data/original data/Trajectories/2022-04-11/021_RR220411A_260C_1430.bmp,trajectory,,False,18.143145,-22.112206
/content/quantum rheed codex/data/original data/Trajectories/2022-04-11/022_RR220411A_265C_1431.bmp,trajectory,,False,18.421062,-21.87253
/content/quantum rheed codex/data/original data/Trajectories/2022-04-11/023_RR220411A_267C_1432.bmp,trajectory,,False,18.348318,-21.512804
/content/quantum rheed codex/data/original data/Trajectories/2022-04-11/024_RR220411A_267C_1433.bmp,trajectory,,False,18.397654,-21.152758
/content/quantum rheed codex/data/original data/Trajectories/2022-04-11/025_RR220411A_271C_1434.bmp,trajectory,,False,18.462666,-21.121195
/content/quantum rheed codex/data/original data/Trajectories/2022-04-11/026_RR220411A_282C_1434.bmp,trajectory,,False,18.676662,-21.201588
/content/quantum rheed codex/data/original data/Trajectories/2022-04-11/027_RR220411A_287C_1435.bmp,trajectory,,False,18.254295,-20.756128
/content/quantum rheed codex/data/original data/Trajectories/2022-04-11/028_RR220411A_291C_1436.bmp,trajectory,,False,18.599894,-20.659271
/content/quantum rheed codex/data/original data/Trajectories/2022-04-11/029_RR220411A_292C_1437.bmp,trajectory,,False,18.549566,-20.432816
/content/quantum rheed codex/data/original data/Trajectories/2022-04-11/030_RR220411A_291C_1437.bmp,trajectory,,False,19.14286,-20.590864
/content/quantum rheed codex/data/original data/Trajectories/2022-04-11/031_RR220411A_296C_1438.bmp,trajectory,,False,18.54569,-20.127192
/content/quantum rheed codex/data/original data/Trajectories/2022-04-11/032_RR220411A_309C_1439.bmp,trajectory,,False,19.006512,-20.086445
/content/quantum rheed codex/data/original data/Trajectories/2022-04-11/033_RR220411A_310C_1440.bmp,trajectory,,False,18.574923,-19.546717
/content/quantum rheed codex/data/original data/Trajectories/2022-04-11/034_RR220411A_311C_1441.bmp,trajectory,,False,18.51674,-19.316662
/content/quantum rheed codex/data/original data/Trajectories/2022-04-11/035_RR220411A_314C_1442.bmp,trajectory,,False,18.992998,-19.296804
/content/quantum rheed codex/data/original data/Trajectories/2022-04-11/036_RR220411A_313C_1443.bmp,trajectory,,False,19.131718,-19.19225
/content/quantum rheed codex/data/original data/Trajectories/2022-04-11/037_RR220411A_312C_1444.bmp,trajectory,,False,18.834604,-18.906471
/content/quantum rheed codex/data/original data/Trajectories/2022-04-11/038_RR220411A_314C_1445.bmp,trajectory,,False,19.072445,-18.650742
/content/quantum rheed codex/data/original data/Trajectories/2022-04-11/039_RR220411A_325C_1446.bmp,trajectory,,False,19.491629,-18.72721
/content/quantum rheed codex/data/original data/Trajectories/2022-04-11/040_RR220411A_329C_1446.bmp,trajectory,,False,18.5494,-18.352274
/content/quantum rheed codex/data/original data/Trajectories/2022-04-11/041_RR220411A_330C_1447.bmp,trajectory,,False,18.801733,-18.143795
/content/quantum rheed codex/data/original data/Trajectories/2022-04-11/042_RR220411A_331C_1448.bmp,trajectory,,False,19.583614,-18.226137
/content/quantum rheed codex/data/original data/Trajectories/2022-04-11/043_RR220411A_345C_1450.bmp,trajectory,,False,19.305592,-18.015535
/content/quantum rheed codex/data/original data/Trajectories/2022-04-11/044_RR220411A_348C_1450.bmp,trajectory,,False,19.079046,-17.671669
/content/quantum rheed codex/data/original data/Trajectories/2022-04-11/045_RR220411A_348C_1451.bmp,trajectory,,False,19.135338,-17.456282
/content/quantum rheed codex/data/original data/Trajectories/2022-04-11/046_RR220411A_349C_1453.bmp,trajectory,,False,19.562218,-17.422445
/content/quantum rheed codex/data/original data/Trajectories/2022-04-11/047_RR220411A_350C_1454.bmp,trajectory,,False,19.20293,-16.91946
/content/quantum rheed codex/data/original data/Trajectories/2022-04-11/048_RR220411A_359C_1455.bmp,trajectory,,False,19.09698,-16.435446
/content/quantum rheed codex/data/original data/Trajectories/2022-04-11/049_RR220411A_368C_1457.bmp,trajectory,,False,19.45833,-16.362822
/content/quantum rheed codex/data/original data/Trajectories/2022-04-11/050_RR220411A_370C_1458.bmp,trajectory,,False,19.555971,-15.871556
/content/quantum rheed codex/data/original data/Trajectories/2022-04-11/051_RR220411A_370C_1500.bmp,trajectory,,False,19.510052,-15.55139
/content/quantum rheed codex/data/original data/Trajectories/2022-04-11/052_RR220411A_380C_1502.bmp,trajectory,,False,19.292826,-15.001971
/content/quantum rheed codex/data/original data/Trajectories/2022-04-11/053_RR220411A_374C_1502.bmp,trajectory,,False,19.21845,-14.991312
/content/quantum rheed codex/data/original data/Trajectories/2022-04-11/054_RR220411A_385C_1503.bmp,trajectory,,False,19.57614,-14.97172
/content/quantum rheed codex/data/original data/Trajectories/2022-04-11/055_RR220411A_386C_1504.bmp,trajectory,,False,19.890007,-15.019425
/content/quantum rheed codex/data/original data/Trajectories/2022-04-11/056_RR220411A_389C_1505.bmp,trajectory,,False,19.557785,-14.501884
/content/quantum rheed codex/data/original data/Trajectories/2022-04-11/057_RR220411A_389C_1506-01.bmp,trajectory,,False,19.3573,-14.265786
/content/quantum rheed codex/data/original data/Trajectories/2022-04-11/058_RR220411A_389C_1506-02.bmp,trajectory,,False,19.532852,-14.238602
/content/quantum rheed codex/data/original data/Trajectories/2022-04-11/059_RR220411A_394C_1507.bmp,trajectory,,False,19.324726,-13.900447
/content/quantum rheed codex/data/original data/Trajectories/2022-04-11/060_RR220411A_400C_1508.bmp,trajectory,,False,20.029694,-14.039184
/content/quantum rheed codex/data/original data/Trajectories/2022-04-11/061_RR220411A_399C_1508.bmp,trajectory,,False,19.425755,-13.833598
/content/quantum rheed codex/data/original data/Trajectories/2022-04-11/062_RR220411A_402C_1509.bmp,trajectory,,False,19.420626,-13.554269
/content/quantum rheed codex/data/original data/Trajectories/2022-04-11/063_RR220411A_402C_1510.bmp,trajectory,,False,19.772654,-13.56592
/content/quantum rheed codex/data/original data/Trajectories/2022-04-11/064_RR220411A_413C_1511.bmp,trajectory,,False,19.385614,-12.994375
/content/quantum rheed codex/data/original data/Trajectories/2022-04-11/065_RR220411A_414C_1512.bmp,trajectory,,False,19.352613,-12.807653
/content/quantum rheed codex/data/original data/Trajectories/2022-04-11/066_RR220411A_416C_1513-01.bmp,trajectory,,False,19.605001,-12.725743
/content/quantum rheed codex/data/original data/Trajectories/2022-04-11/067_RR220411A_416C_1513-02.bmp,trajectory,,False,19.718332,-12.589261
/content/quantum rheed codex/data/original data/Trajectories/2022-04-11/068_RR220411A_424C_1514.bmp,trajectory,,False,19.403297,-12.14288
/content/quantum rheed codex/data/original data/Trajectories/2022-04-11/069_RR220411A_428C_1515.bmp,trajectory,,False,19.178495,-11.736095
/content/quantum rheed codex/data/original data/Trajectories/2022-04-11/070_RR220411A_427C_1515.bmp,trajectory,,False,19.242456,-12.024624
/content/quantum rheed codex/data/original data/Trajectories/2022-04-11/071_RR220411A_430C_1516.bmp,trajectory,,False,19.794603,-11.668399
/content/quantum rheed codex/data/original data/Trajectories/2022-04-11/072_RR220411A_429C_1516.bmp,trajectory,,False,19.291695,-11.662671
/content/quantum rheed codex/data/original data/Trajectories/2022-04-11/073_RR220411A_435C_1518.bmp,trajectory,,False,19.559782,-11.056636
/content/quantum rheed codex/data/original data/Trajectories/2022-04-11/074_RR220411A_431C_1518.bmp,trajectory,,False,19.56375,-11.283048
/content/quantum rheed codex/data/original data/Trajectories/2022-04-11/075_RR220411A_440C_1519.bmp,trajectory,,False,19.119888,-11.041805
/content/quantum rheed codex/data/original data/Trajectories/2022-04-11/076_RR220411A_442C_1520.bmp,trajectory,,False,19.203867,-10.593944
/content/quantum rheed codex/data/original data/Trajectories/2022-04-11/077_RR220411A_441C_1520.bmp,trajectory,,False,19.279144,-10.759465
/content/quantum rheed codex/data/original data/Trajectories/2022-04-11/078_RR220411A_443C_1521.bmp,trajectory,,False,19.727907,-10.45819
/content/quantum rheed codex/data/original data/Trajectories/2022-04-11/079_RR220411A_445C_1522.bmp,trajectory,,False,19.190004,-10.060546
/content/quantum rheed codex/data/original data/Trajectories/2022-04-11/080_RR220411A_451C_1523.bmp,trajectory,,False,19.084517,-9.859441
/content/quantum rheed codex/data/original data/Trajectories/2022-04-11/081_RR220411A_453C_1523.bmp,trajectory,,False,19.210304,-9.857347
/content/quantum rheed codex/data/original data/Trajectories/2022-04-11/082_RR220411A_454C_1523.bmp,trajectory,,False,19.13915,-9.696263
/content/quantum rheed codex/data/original data/Trajectories/2022-04-11/083_RR220411A_455C_1524.bmp,trajectory,,False,19.027527,-9.359751
/content/quantum rheed codex/data/original data/Trajectories/2022-04-11/084_RR220411A_456C_1525.bmp,trajectory,,False,19.093767,-9.40326
/content/quantum rheed codex/data/original data/Trajectories/2022-04-11/085_RR220411A_456C_1526.bmp,trajectory,,False,19.22141,-8.576496
/content/quantum rheed codex/data/original data/Trajectories/2022-04-11/086_RR220411A_465C_1527.bmp,trajectory,,False,18.861183,-8.578834
/content/quantum rheed codex/data/original data/Trajectories/2022-04-11/087_RR220411A_466C_1527.bmp,trajectory,,False,18.786345,-8.598295
/content/quantum rheed codex/data/original data/Trajectories/2022-04-11/088_RR220411A_459C_1527.bmp,trajectory,,False,18.904709,-8.934046
/content/quantum rheed codex/data/original data/Trajectories/2022-04-11/089_RR220411A_467C_1528.bmp,trajectory,,False,18.792503,-8.242331
/content/quantum rheed codex/data/original data/Trajectories/2022-04-11/090_RR220411A_468C_1529.bmp,trajectory,,False,18.729198,-8.112956
/content/quantum rheed codex/data/original data/Trajectories/2022-04-11/091_RR220411A_480C_1531.bmp,trajectory,,False,18.596727,-7.6923866
/content/quantum rheed codex/data/original data/Trajectories/2022-04-11/092_RR220411A_483C_1531.bmp,trajectory,,False,18.507788,-7.349646
/content/quantum rheed codex/data/original data/Trajectories/2022-04-11/093_RR220411A_482C_1531.bmp,trajectory,,False,18.563929,-7.5233345
/content/quantum rheed codex/data/original data/Trajectories/2022-04-11/094_RR220411A_484C_1532.bmp,trajectory,,False,18.420387,-7.1680326
/content/quantum rheed codex/data/original data/Trajectories/2022-04-11/095_RR220411A_485C_1533.bmp,trajectory,,False,18.26511,-6.88767
/content/quantum rheed codex/data/original data/Trajectories/2022-04-11/096_RR220411A_486C_1535.bmp,trajectory,,False,18.45441,-6.3944435
/content/quantum rheed codex/data/original data/Trajectories/2022-04-11/097_RR220411A_491C_1536.bmp,trajectory,,False,18.193602,-6.1434364
/content/quantum rheed codex/data/original data/Trajectories/2022-04-11/098_RR220411A_488C_1536.bmp,trajectory,,False,18.074276,-6.341023
/content/quantum rheed codex/data/original data/Trajectories/2022-04-11/099_RR220411A_490C_1536.bmp,trajectory,,False,17.995773,-6.1692114
/content/quantum rheed codex/data/original data/Trajectories/2022-04-11/100_RR220411A_492C_1537.bmp,trajectory,,False,18.208515,-6.040878
/content/quantum rheed codex/data/original data/Trajectories/2022-04-11/101_RR220411A_493C_1539.bmp,trajectory,,False,18.001883,-5.7356825
/content/quantum rheed codex/data/original data/Trajectories/2022-04-11/102_RR220411A_502C_1540.bmp,trajectory,,False,17.653774,-5.412246
/content/quantum rheed codex/data/original data/Trajectories/2022-04-11/103_RR220411A_496C_1540.bmp,trajectory,,False,17.678303,-5.572115
/content/quantum rheed codex/data/original data/Trajectories/2022-04-11/104_RR220411A_501C_1540.bmp,trajectory,,False,17.85275,-5.4090953
/content/quantum rheed codex/data/original data/Trajectories/2022-04-11/105_RR220411A_503C_1541.bmp,trajectory,,False,17.837397,-5.152149
/content/quantum rheed codex/data/original data/Trajectories/2022-04-11/106_RR220411A_504C_1542.bmp,trajectory,,False,17.968998,-4.849036
/content/quantum rheed codex/data/original data/Trajectories/2022-04-11/107_RR220411A_513C_1543.bmp,trajectory,,False,17.38249,-4.834795
/content/quantum rheed codex/data/original data/Trajectories/2022-04-11/108_RR220411A_507C_1543.bmp,trajectory,,False,17.461254,-4.937024
/content/quantum rheed codex/data/original data/Trajectories/2022-04-11/109_RR220411A_522C_1544.bmp,trajectory,,False,17.712988,-4.425718
/content/quantum rheed codex/data/original data/Trajectories/2022-04-11/110_RR220411A_537C_1546.bmp,trajectory,,False,17.317104,-3.8650599
/content/quantum rheed codex/data/original data/Trajectories/2022-04-11/111_RR220411A_536C_1546.bmp,trajectory,,False,17.29875,-4.1117153
/content/quantum rheed codex/data/original data/Trajectories/2022-04-11/112_RR220411A_538C_1547.bmp,trajectory,,False,17.09681,-3.623484
/content/quantum rheed codex/data/original data/Trajectories/2022-04-11/113_RR220411A_539C_1548.bmp,trajectory,,False,17.179146,-3.437231
/content/quantum rheed codex/data/original data/Trajectories/2022-04-11/114_RR220411A_543C_1549.bmp,trajectory,,False,16.591114,-2.8418672
/content/quantum rheed codex/data/original data/Trajectories/2022-04-11/115_RR220411A_544C_1549.bmp,trajectory,,False,16.802368,-2.8956368
/content/quantum rheed codex/data/original data/Trajectories/2022-04-11/116_RR220411A_545C_1550.bmp,trajectory,,False,16.717484,-2.5565088
/content/quantum rheed codex/data/original data/Trajectories/2022-04-11/117_RR220411A_546C_1551.bmp,trajectory,,False,16.501806,-2.3835576
/content/quantum rheed codex/data/original data/Trajectories/2022-04-11/118_RR220411A_549C_1552.bmp,trajectory,,False,16.443779,-2.1949747
/content/quantum rheed codex/data/original data/Trajectories/2022-04-11/119_RR220411A_554C_1553.bmp,trajectory,,False,16.9881,-2.5877624
/content/quantum rheed codex/data/original data/Trajectories/2022-04-11/120_RR220411A_555C_1553.bmp,trajectory,,False,16.369911,-1.9851146
/content/quantum rheed codex/data/original data/Trajectories/2022-04-11/121_RR220411A_559C_1554.bmp,trajectory,,False,16.304358,-1.8853014
/content/quantum rheed codex/data/original data/Trajectories/2022-04-11/122_RR220411A_565C_1554.bmp,trajectory,,False,16.480192,-1.9292098
/content/quantum rheed codex/data/original data/Trajectories/2022-04-11/123_RR220411A_566C_1555.bmp,trajectory,,False,16.141945,-1.5647913
/content/quantum rheed codex/data/original data/Trajectories/2022-04-11/124_RR220411A_575C_1557.bmp,trajectory,,False,16.062494,-1.3420575
/content/quantum rheed codex/data/original data/Trajectories/2022-04-11/125_RR220411A_576C_1558.bmp,trajectory,,False,16.119747,-1.1653619
/content/quantum rheed codex/data/original data/Trajectories/2022-04-11/126_RR220411A_585C_1600.bmp,trajectory,,False,15.893989,-1.0890307
/content/quantum rheed codex/data/original data/Trajectories/2022-04-11/127_RR220411A_589C_1600.bmp,trajectory,,False,16.089931,-0.9879281
/content/quantum rheed codex/data/original data/Trajectories/2022-04-11/128_RR220411A_595C_1601.bmp,trajectory,,False,15.643018,-0.64315
/content/quantum rheed codex/data/original data/Trajectories/2022-04-11/129_RR220411A_590C_1601.bmp,trajectory,,False,15.643018,-0.64315
/content/quantum rheed codex/data/original data/Trajectories/2022-04-11/130_RR220411A_596C_1602.bmp,trajectory,,False,15.687722,-0.49629945
/content/quantum rheed codex/data/original data/Trajectories/2022-04-11/131_RR220411A_606C_1603.bmp,trajectory,,False,15.284799,0.20374367
/content/quantum rheed codex/data/original data/Trajectories/2022-04-11/132_RR220411A_600C_1603.bmp,trajectory,,False,15.508217,-0.17548224
/content/quantum rheed codex/data/original data/Trajectories/2022-04-11/133_RR220411A_615C_1605.bmp,trajectory,,False,15.294966,0.21351151
/content/quantum rheed codex/data/original data/Trajectories/2022-04-11/134_RR220411A_617C_1606.bmp,trajectory,,False,15.142128,0.50790787
/content/quantum rheed codex/data/original data/Trajectories/2022-04-11/135_RR220411A_624C_1608.bmp,trajectory,,False,15.073583,0.75322014
/content/quantum rheed codex/data/original data/Trajectories/2022-04-11/136_RR220411A_625C_1608.bmp,trajectory,,False,14.798551,1.0812079
/content/quantum rheed codex/data/original data/Trajectories/2022-04-11/137_RR220411A_633C_1609.bmp,trajectory,,False,14.499147,1.3674679
/content/quantum rheed codex/data/original data/Trajectories/2022-04-11/138_RR220411A_635C_1610.bmp,trajectory,,False,14.165007,1.6898594
/content/quantum rheed codex/data/original data/Trajectories/2022-04-11/139_RR220411A_645C_1611.bmp,trajectory,,False,14.092205,1.745083
/content/quantum rheed codex/data/original data/Trajectories/2022-04-11/140_RR220411A_647C_1612.bmp,trajectory,,False,14.787734,1.4243501
/content/quantum rheed codex/data/original data/Trajectories/2022-04-11/141_RR220411A_656C_1613.bmp,trajectory,,False,14.896939,1.788435
/content/quantum rheed codex/data/original data/Trajectories/2022-04-11/142_RR220411A_648C_1613.bmp,trajectory,,False,14.135898,1.6571032
/content/quantum rheed codex/data/original data/Trajectories/2022-04-11/143_RR220411A_660C_1614.bmp,trajectory,,False,13.861098,1.9753772
/content/quantum rheed codex/data/original data/Trajectories/2022-04-11/144_RR220411A_662C_1615.bmp,trajectory,,False,14.456696,2.2248414
/content/quantum rheed codex/data/original data/Trajectories/2022-04-11/145_RR220411A_670C_1616.bmp,trajectory,,False,13.65079,2.342154
/content/quantum rheed codex/data/original data/Trajectories/2022-04-11/146_RR220411A_662C_1616.bmp,trajectory,,False,13.825036,2.4723437
/content/quantum rheed codex/data/original data/Trajectories/2022-04-11/147_RR220411A_671C_1617.bmp,trajectory,,False,14.0046835,2.6013641
/content/quantum rheed codex/data/original data/Trajectories/2022-04-11/148_RR220411A_672C_1618.bmp,trajectory,,False,14.220823,2.731372
/content/quantum rheed codex/data/original data/Trajectories/2022-04-11/149_RR220411A_676C_1619.bmp,trajectory,,False,13.719153,2.7393494
/content/quantum rheed codex/data/original data/Trajectories/2022-04-11/150_RR220411A_681C_1619.bmp,trajectory,,False,14.1303625,2.8160007
/content/quantum rheed codex/data/original data/Trajectories/2022-04-11/151_RR220411A_682C_1621.bmp,trajectory,,False,13.667706,3.2895167
/content/quantum rheed codex/data/original data/Trajectories/2022-04-11/152_RR220411A_690C_1623-01.bmp,trajectory,,False,13.425055,3.7440655
/content/quantum rheed codex/data/original data/Trajectories/2022-04-11/153_RR220411A_690C_1623-02.bmp,trajectory,,False,13.273835,4.011992
/content/quantum rheed codex/data/original data/Trajectories/2022-04-11/154_RR220411A_696C_1624.bmp,trajectory,,False,13.404474,3.7877786
/content/quantum rheed codex/data/original data/Trajectories/2022-04-11/155_RR220411A_698C_1625.bmp,trajectory,,False,13.147112,4.270223
/content/quantum rheed codex/data/original data/Trajectories/2022-04-11/156_RR220411A_699C_1628.bmp,trajectory,,False,13.040044,4.38147
/content/quantum rheed codex/data/original data/Trajectories/2022-04-11/157_RR220411A_700C_1628.bmp,trajectory,,False,13.178615,5.4512205
/content/quantum rheed codex/data/original data/Trajectories/2022-04-11/158_RR220411A_708C_1629.bmp,trajectory,,False,12.90691,4.898666
/content/quantum rheed codex/data/original data/Trajectories/2022-04-11/159_RR220411A_708C_1630.bmp,trajectory,,False,12.69276,4.8874435
/content/quantum rheed codex/data/original data/Trajectories/2022-04-11/160_RR220411A_708C_1631.bmp,trajectory,,False,12.833611,5.216934
/content/quantum rheed codex/data/original data/Trajectories/2022-04-11/161_RR220411A_715C_1632.bmp,trajectory,,False,12.522126,5.1558485
/content/quantum rheed codex/data/original data/Trajectories/2022-04-11/162_RR220411A_716C_1633.bmp,trajectory,,False,12.794627,5.2644835
/content/quantum rheed codex/data/original data/Trajectories/2022-04-11/163_RR220411A_715C_1634.bmp,trajectory,,False,12.501744,5.019991
/content/quantum rheed codex/data/original data/Trajectories/2022-04-11/164_RR220411A_724C_1635.bmp,trajectory,,False,12.825932,5.690353
/content/quantum rheed codex/data/original data/Trajectories/2022-04-11/165_RR220411A_724C_1636.bmp,trajectory,,False,12.359925,5.7141895
/content/quantum rheed codex/data/original data/Trajectories/2022-04-11/166_RR220411A_733C_1637.bmp,trajectory,,False,12.624662,5.9986405
/content/quantum rheed codex/data/original data/Trajectories/2022-04-11/167_RR220411A_734C_1638.bmp,trajectory,,False,12.55019,6.0116224
/content/quantum rheed codex/data/original data/Trajectories/2022-04-11/168_RR220411A_742C_1639.bmp,trajectory,,False,12.445268,6.121072
/content/quantum rheed codex/data/original data/Trajectories/2022-04-11/169_RR220411A_743C_1639.bmp,trajectory,,False,12.067042,5.6116853
/content/quantum rheed codex/data/original data/Trajectories/2022-04-11/170_RR220411A_744C_1640.bmp,trajectory,,False,12.031753,5.7038364
/content/quantum rheed codex/data/original data/Trajectories/2022-04-11/171_RR220411A_746C_1641.bmp,trajectory,,False,12.468141,6.317481
/content/quantum rheed codex/data/original data/Trajectories/2022-04-11/172_RR220411A_751C_1642.bmp,trajectory,,False,11.700194,5.8242536
/content/quantum rheed codex/data/original data/Trajectories/2022-04-11/173_RR220411A_755C_1643.bmp,trajectory,,False,12.300066,6.4909816
/content/quantum rheed codex/data/original data/Trajectories/2022-04-11/174_RR220411A_757C_1644.bmp,trajectory,,False,11.822489,6.3989525
/content/quantum rheed codex/data/original data/Trajectories/2022-04-11/175_RR220411A_765C_1645.bmp,trajectory,,False,12.081271,6.7313714
/content/quantum rheed codex/data/original data/Trajectories/2022-04-11/176_RR220411A_769C_1647.bmp,trajectory,,False,11.767195,6.547643
/content/quantum rheed codex/data/original data/Trajectories/2022-04-11/177_RR220411A_771C_1648.bmp,trajectory,,False,11.807325,6.8190727
/content/quantum rheed codex/data/original data/Trajectories/2022-04-11/178_RR220411A_774C_1649.bmp,trajectory,,False,11.801767,7.2699347
/content/quantum rheed codex/data/original data/Trajectories/2022-04-11/179_RR220411A_776C_1650.bmp,trajectory,,False,11.753969,7.599437
/content/quantum rheed codex/data/original data/Trajectories/2022-04-11/180_RR220411A_778C_1652.bmp,trajectory,,False,11.569042,7.8875594
/content/quantum rheed codex/data/original data/Trajectories/2022-04-11/181_RR220411A_786C_1653.bmp,trajectory,,False,11.49097,7.9610744
/content/quantum rheed codex/data/original data/Trajectories/2022-04-11/182_RR220411A_787C_1654.bmp,trajectory,,False,11.501145,8.186018
/content/quantum rheed codex/data/original data/Trajectories/2022-04-11/183_RR220411A_794C_1655.bmp,trajectory,,False,11.2601185,8.295461
/content/quantum rheed codex/data/original data/Trajectories/2022-04-11/184_RR220411A_795C_1656.bmp,trajectory,,False,11.388433,8.592227
/content/quantum rheed codex/data/original data/Trajectories/2022-04-11/185_RR220411A_796C_1657.bmp,trajectory,,False,11.275661,8.838981
/content/quantum rheed codex/data/original data/Trajectories/2022-04-11/186_RR220411A_805C_1658.bmp,trajectory,,False,11.1957655,9.153028
/content/quantum rheed codex/data/original data/Trajectories/2022-04-11/187_RR220411A_804C_1659.bmp,trajectory,,False,11.146336,9.299076
/content/quantum rheed codex/data/original data/Trajectories/2022-04-11/188_RR220411A_813C_1700.bmp,trajectory,,False,11.050112,9.816554
/content/quantum rheed codex/data/original data/Trajectories/2022-04-11/189_RR220411A_822C_1703.bmp,trajectory,,False,10.816292,10.853117
/content/quantum rheed codex/data/original data/Trajectories/2022-04-11/190_RR220411A_813C_1703.bmp,trajectory,,False,10.777282,11.029534
/content/quantum rheed codex/data/original data/Trajectories/2022-04-11/191_RR220411A_821C_1704.bmp,trajectory,,False,10.680924,11.492915
/content/quantum rheed codex/data/original data/Trajectories/2022-04-11/192_RR220411A_829C_1705.bmp,trajectory,,False,10.632016,11.75244
/content/quantum rheed codex/data/original data/Trajectories/2022-04-11/193_RR220411A_829C_1706.bmp,trajectory,,False,10.528552,12.294816
/content/quantum rheed codex/data/original data/Trajectories/2022-04-11/194_RR220411A_837C_1707.bmp,trajectory,,False,10.498948,12.444761
/content/quantum rheed codex/data/original data/Trajectories/2022-04-11/195_RR220411A_836C_1708.bmp,trajectory,,False,10.449993,12.933191
/content/quantum rheed codex/data/original data/Trajectories/2022-04-11/196_RR220411A_844C_1709-01.bmp,trajectory,,False,10.352686,13.208473
/content/quantum rheed codex/data/original data/Trajectories/2022-04-11/197_RR220411A_844C_1709-02.bmp,trajectory,,False,10.318337,13.4681225
/content/quantum rheed codex/data/original data/Trajectories/2022-04-11/198_RR220411A_843C_1710.bmp,trajectory,,False,10.456896,13.9626665
/content/quantum rheed codex/data/original data/Trajectories/2022-04-11/199_RR220411A_844C_1710-01.bmp,trajectory,,False,10.449513,13.677772
/content/quantum rheed codex/data/original data/Trajectories/2022-04-11/200_RR220411A_844C_1710-02.bmp,trajectory,,False,10.331766,13.754861
/content/quantum rheed codex/data/original data/Trajectories/2022-04-11/201_RR220411A_843C_1711-01.bmp,trajectory,,False,10.084491,13.997692
/content/quantum rheed codex/data/original data/Trajectories/2022-04-11/202_RR220411A_843C_1711-02.bmp,trajectory,,False,10.019647,14.140406
/content/quantum rheed codex/data/original data/Trajectories/2022-04-11/203_RR220411A_843C_1711-03.bmp,trajectory,,False,10.511452,14.410414
/content/quantum rheed codex/data/original data/Trajectories/2022-04-11/204_RR220411A_851C_1712.bmp,trajectory,,False,10.473573,14.46322
/content/quantum rheed codex/data/original data/Trajectories/2022-04-11/205_RR220411A_850C_1712-01.bmp,trajectory,,False,10.123153,14.598628
/content/quantum rheed codex/data/original data/Trajectories/2022-04-11/206_RR220411A_850C_1712-02.bmp,trajectory,,False,10.130732,14.765155
/content/quantum rheed codex/data/original data/Trajectories/2022-04-11/207_RR220411A_850C_1713-01.bmp,trajectory,,False,10.204733,14.89348
/content/quantum rheed codex/data/original data/Trajectories/2022-04-11/208_RR220411A_850C_1713-02.bmp,trajectory,,False,10.371,15.09581
/content/quantum rheed codex/data/original data/Trajectories/2022-04-11/209_RR220411A_850C_1714-01.bmp,trajectory,,False,10.33368,15.252956
/content/quantum rheed codex/data/original data/Trajectories/2022-04-11/210_RR220411A_850C_1714-02.bmp,trajectory,,False,10.275879,15.377346
/content/quantum rheed codex/data/original data/Trajectories/2022-04-11/211_RR220411A_850C_1714-03.bmp,trajectory,,False,10.063405,15.411336
/content/quantum rheed codex/data/original data/Trajectories/2022-04-11/212_RR220411A_859C_1715.bmp,trajectory,,False,10.389662,15.726018
/content/quantum rheed codex/data/original data/Trajectories/2022-04-11/213_RR220411A_857C_1715.bmp,trajectory,,False,10.274752,15.848548
/content/quantum rheed codex/data/original data/Trajectories/2022-04-11/214_RR220411A_857C_1717-01.bmp,trajectory,,False,10.230686,16.306091
/content/quantum rheed codex/data/original data/Trajectories/2022-04-11/215_RR220411A_857C_1717-02.bmp,trajectory,,False,10.352615,16.510916
/content/quantum rheed codex/data/original data/Trajectories/2022-04-11/216_RR220411A_857C_1717-03.bmp,trajectory,,False,10.287217,16.573462
/content/quantum rheed codex/data/original data/Trajectories/2022-04-11/217_RR220411A_857C_1718.bmp,trajectory,,False,10.276209,16.758049
/content/quantum rheed codex/data/original data/Trajectories/2022-04-11/218_RR220411A_858C_1719.bmp,trajectory,,False,10.393077,17.095272
/content/quantum rheed codex/data/original data/Trajectories/2022-04-11/219_RR220411A_865C_1720.bmp,trajectory,,False,10.07597,17.15154
/content/quantum rheed codex/data/original data/Trajectories/2022-04-11/220_RR220411A_865C_1721.bmp,trajectory,,False,10.414745,17.4645
/content/quantum rheed codex/data/original data/Trajectories/2022-04-11/221_RR220411A_864C_1721-01.bmp,trajectory,,False,10.328824,17.487028
/content/quantum rheed codex/data/original data/Trajectories/2022-04-11/222_RR220411A_864C_1721-02.bmp,trajectory,,False,10.34749,17.610195
/content/quantum rheed codex/data/original data/Trajectories/2022-04-11/223_RR220411A_864C_1722.bmp,trajectory,,False,10.3700695,17.866764
/content/quantum rheed codex/data/original data/Trajectories/2022-04-11/224_RR220411A_865C_1723.bmp,trajectory,,False,10.386033,18.035719
/content/quantum rheed codex/data/original data/Trajectories/2022-04-11/225_RR220411A_873C_1724.bmp,trajectory,,False,10.44986,18.242785
/content/quantum rheed codex/data/original data/Trajectories/2022-04-11/226_RR220411A_873C_1725.bmp,trajectory,,False,10.208392,18.341488
/content/quantum rheed codex/data/original data/Trajectories/2022-04-11/227_RR220411A_877C_1726.bmp,trajectory,,False,10.472942,18.896702
/content/quantum rheed codex/data/original data/Trajectories/2022-04-11/228_RR220411A_872C_1726.bmp,trajectory,,False,10.449405,18.73072
/content/quantum rheed codex/data/original data/Trajectories/2022-04-11/229_RR220411A_877C_1727.bmp,trajectory,,False,10.472273,19.033585
/content/quantum rheed codex/data/original data/Trajectories/2022-04-11/230_RR220411A_876C_1728.bmp,trajectory,,False,10.578873,19.353523
/content/quantum rheed codex/data/original data/Trajectories/2022-04-11/231_RR220411A_882C_1729.bmp,trajectory,,False,10.612725,19.618383
/content/quantum rheed codex/data/original data/Trajectories/2022-04-11/232_RR220411A_882C_1730.bmp,trajectory,,False,10.58823,19.73526
/content/quantum rheed codex/data/original data/Trajectories/2022-04-11/233_RR220411A_889C_1731.bmp,trajectory,,False,10.321349,19.746363
/content/quantum rheed codex/data/original data/Trajectories/2022-04-11/234_RR220411A_888C_1732.bmp,trajectory,,False,10.679355,20.192163
/content/quantum rheed codex/data/original data/Trajectories/2022-04-11/235_RR220411A_886C_1733.bmp,trajectory,,False,10.6633625,20.479137
/content/quantum rheed codex/data/original data/Trajectories/2022-04-11/236_RR220411A_903C_1735.bmp,trajectory,,False,10.803169,20.83721
/content/quantum rheed codex/data/original data/Trajectories/2022-04-11/237_RR220411A_901C_1735.bmp,trajectory,,False,10.799281,20.87456
/content/quantum rheed codex/data/original data/Trajectories/2022-04-11/238_RR220411A_905C_1736.bmp,trajectory,,False,10.734281,21.195559
/content/quantum rheed codex/data/original data/Trajectories/2022-04-11/239_RR220411A_901C_1736.bmp,trajectory,,False,10.996173,21.173767
/content/quantum rheed codex/data/original data/Trajectories/2022-04-11/240_RR220411A_911C_1737.bmp,trajectory,,False,10.890171,21.356766
/content/quantum rheed codex/data/original data/Trajectories/2022-04-11/241_RR220411A_910C_1737.bmp,trajectory,,False,11.016238,21.592375
/content/quantum rheed codex/data/original data/Trajectories/2022-04-11/242_RR220411A_918C_1739.bmp,trajectory,,False,10.782385,21.974846
/content/quantum rheed codex/data/original data/Trajectories/2022-04-11/243_RR220411A_909C_1739.bmp,trajectory,,False,11.215235,22.005657
/content/quantum rheed codex/data/original data/Trajectories/2022-04-11/244_RR220411A_916C_1740.bmp,trajectory,,False,11.206357,22.235237
/content/quantum rheed codex/data/original data/Trajectories/2022-04-11/245_RR220411A_915C_1740.bmp,trajectory,,False,11.096944,22.36633
/content/quantum rheed codex/data/original data/Trajectories/2022-04-11/246_RR220411A_915C_1741.bmp,trajectory,,False,10.46178,22.401262
/content/quantum rheed codex/data/original data/Trajectories/2022-04-11/247_RR220411A_923C_1742.bmp,trajectory,,False,11.661889,22.92027
/content/quantum rheed codex/data/original data/Trajectories/2022-04-11/248_RR220411A_921C_1743.bmp,trajectory,,False,11.2477,22.840826
/content/quantum rheed codex/data/original data/Trajectories/2022-04-11/249_RR220411A_920C_1743.bmp,trajectory,,False,11.680991,23.192133
/content/quantum rheed codex/data/original data/Trajectories/2022-04-11/250_RR220411A_920C_1745.bmp,trajectory,,False,10.831855,23.058867
/content/quantum rheed codex/data/original data/Trajectories/2022-04-11/251_RR220411A_930C_1746.bmp,trajectory,,False,11.385662,23.481289
/content/quantum rheed codex/data/original data/Trajectories/2022-04-11/252_RR220411A_928C_1747.bmp,trajectory,,False,11.685457,23.778791
/content/quantum rheed codex/data/original data/Trajectories/2022-04-11/253_RR220411A_929C_1747.bmp,trajectory,,False,11.810032,23.711544
/content/quantum rheed codex/data/original data/Trajectories/2022-04-11/254_RR220411A_929C_1748.bmp,trajectory,,False,11.915669,23.96454
/content/quantum rheed codex/data/original data/Trajectories/2022-04-11/255_RR220411A_927C_1749.bmp,trajectory,,False,11.244505,23.827818
/content/quantum rheed codex/data/original data/Trajectories/2022-04-11/256_RR220411A_927C_1750.bmp,trajectory,,False,11.900267,24.12356
/content/quantum rheed codex/data/original data/Trajectories/2022-04-11/257_RR220411A_934C_1751.bmp,trajectory,,False,11.27889,24.084318
/content/quantum rheed codex/data/original data/Trajectories/2022-04-11/258_RR220411A_932C_1751.bmp,trajectory,,False,11.800978,24.173342
/content/quantum rheed codex/data/original data/Trajectories/2022-04-11/259_RR220411A_941C_1752.bmp,trajectory,,False,11.638966,24.47612
/content/quantum rheed codex/data/original data/Trajectories/2022-04-11/260_RR220411A_942C_1752.bmp,trajectory,,False,12.135125,24.754889
/content/quantum rheed codex/data/original data/Trajectories/2022-04-11/261_RR220411A_948C_1753.bmp,trajectory,,False,12.017526,24.848097
/content/quantum rheed codex/data/original data/Trajectories/2022-04-11/262_RR220411A_946C_1754.bmp,trajectory,,False,11.81329,24.764906
/content/quantum rheed codex/data/original data/Trajectories/2022-04-11/263_RR220411A_956C_1754.bmp,trajectory,,False,12.271196,25.402634
/content/quantum rheed codex/data/original data/Trajectories/2022-04-11/264_RR220411A_954C_1755.bmp,trajectory,,False,12.403904,25.692879
/content/quantum rheed codex/data/original data/Trajectories/2022-04-11/265_RR220411A_952C_1757.bmp,trajectory,,False,12.510092,25.926086
/content/quantum rheed codex/data/original data/Trajectories/2022-04-11/266_RR220411A_953C_1759.bmp,trajectory,,False,12.647329,26.210535
/content/quantum rheed codex/data/original data/Trajectories/2022-04-11/267_RR220411A_953C_1800.bmp,trajectory,,False,12.751,26.527782
/content/quantum rheed codex/data/original data/Trajectories/2022-04-11/268_RR220411A_952C_1801.bmp,trajectory,,False,12.76998,26.762754
/content/quantum rheed codex/data/original data/Trajectories/2022-04-11/269_RR220411A_952C_1804.bmp,trajectory,,False,13.00393,26.721834
/content/quantum rheed codex/data/original data/Trajectories/2022-04-11/270_RR220411A_951C_1805.bmp,trajectory,,False,12.859762,27.10861
/content/quantum rheed codex/data/original data/Trajectories/2022-04-11/271_RR220411A_951C_1811.bmp,trajectory,,False,13.22187,27.248953
/content/quantum rheed codex/data/original data/Trajectories/2022-04-11/272_RR220411A_951C_1813.bmp,trajectory,,False,13.344797,27.350384
/content/quantum rheed codex/data/original data/Trajectories/2022-04-11/273_RR220411A_950C_1815.bmp,trajectory,,False,13.386247,27.452137
/content/quantum rheed codex/data/original data/Trajectories/2022-04-11/274_RR220411A_950C_1819.bmp,trajectory,,False,13.802125,27.456114
/content/quantum rheed codex/data/original data/Trajectories/2022-04-11/275_RR220411A_950C_1820.bmp,trajectory,,False,13.134805,27.832159
/content/quantum rheed codex/data/original data/Trajectories/2022-04-11/276_RR220411A_937C_1826.bmp,trajectory,,False,13.412527,28.372301
/content/quantum rheed codex/data/original data/Trajectories/2022-04-11/277_RR220411A_936C_1828.bmp,trajectory,,False,13.198121,28.533077
/content/quantum rheed codex/data/original data/Trajectories/2022-04-11/278_RR220411A_932C_1829.bmp,trajectory,,False,13.532732,28.685013
/content/quantum rheed codex/data/original data/Trajectories/2022-04-11/279_RR220411A_929C_1830.bmp,trajectory,,False,13.85772,28.65399
/content/quantum rheed codex/data/original data/Trajectories/2022-04-11/280_RR220411A_927C_1831.bmp,trajectory,,False,14.473539,28.46732
/content/quantum rheed codex/data/original data/Trajectories/2022-04-11/281_RR220411A_923C_1832.bmp,trajectory,,False,14.615588,28.781553
/content/quantum rheed codex/data/original data/Trajectories/2022-04-11/282_RR220411A_921C_1833.bmp,trajectory,,False,13.743303,29.068089
/content/quantum rheed codex/data/original data/Trajectories/2022-04-11/283_RR220411A_918C_1834.bmp,trajectory,,False,14.047762,29.314043
/content/quantum rheed codex/data/original data/Trajectories/2022-04-11/284_RR220411A_912C_1835.bmp,trajectory,,False,14.350704,29.570839
/content/quantum rheed codex/data/original data/Trajectories/2022-04-11/285_RR220411A_911C_1836.bmp,trajectory,,False,14.365067,29.652418
/content/quantum rheed codex/data/original data/Trajectories/2022-04-11/286_RR220411A_906C_1837.bmp,trajectory,,False,14.632834,30.029118
/content/quantum rheed codex/data/original data/Trajectories/2022-04-11/287_RR220411A_903C_1837.bmp,trajectory,,False,15.268274,29.93866
/content/quantum rheed codex/data/original data/Trajectories/2022-04-11/288_RR220411A_904C_1837.bmp,trajectory,,False,15.078456,29.99507
/content/quantum rheed codex/data/original data/Trajectories/2022-04-11/289_RR220411A_899C_1839.bmp,trajectory,,False,15.127707,30.506992
/content/quantum rheed codex/data/original data/Trajectories/2022-04-11/290_RR220411A_890C_1839.bmp,trajectory,,False,15.675583,30.569046
/content/quantum rheed codex/data/original data/Trajectories/2022-04-11/291_RR220411A_888C_1840.bmp,trajectory,,False,15.382153,31.003853
/content/quantum rheed codex/data/original data/Trajectories/2022-04-11/292_RR220411A_887C_1841.bmp,trajectory,,False,15.574777,31.223886
/content/quantum rheed codex/data/original data/Trajectories/2022-04-11/293_RR220411A_882C_1842.bmp,trajectory,,False,15.669537,31.52159
/content/quantum rheed codex/data/original data/Trajectories/2022-04-11/294_RR220411A_883C_1842.bmp,trajectory,,False,15.856932,31.40633
/content/quantum rheed codex/data/original data/Trajectories/2022-04-11/295_RR220411A_881C_1843.bmp,trajectory,,False,16.114407,31.17075
/content/quantum rheed codex/data/original data/Trajectories/2022-04-11/296_RR220411A_878C_1844.bmp,trajectory,,False,16.2425,31.471489
/content/quantum rheed codex/data/original data/Trajectories/2022-04-11/297_RR220411A_879C_1844.bmp,trajectory,,False,16.188541,31.524323
/content/quantum rheed codex/data/original data/Trajectories/2022-04-11/298_RR220411A_877C_1845.bmp,trajectory,,False,15.830534,31.913424
/content/quantum rheed codex/data/original data/Trajectories/2022-04-11/299_RR220411A_874C_1846.bmp,trajectory,,False,15.838947,32.347214
/content/quantum rheed codex/data/original data/Trajectories/2022-04-11/300_RR220411A_872C_1846.bmp,trajectory,,False,16.65249,31.772331
/content/quantum rheed codex/data/original data/Trajectories/2022-04-11/301_RR220411A_869C_1848.bmp,trajectory,,False,16.376484,32.224552
/content/quantum rheed codex/data/original data/Trajectories/2022-04-11/302_RR220411A_865C_1848.bmp,trajectory,,False,16.220312,32.798786
/content/quantum rheed codex/data/original data/Trajectories/2022-04-11/303_RR220411A_863C_1849.bmp,trajectory,,False,16.424957,32.75592
/content/quantum rheed codex/data/original data/Trajectories/2022-04-11/304_RR220411A_861C_1849.bmp,trajectory,,False,16.85619,32.47616
/content/quantum rheed codex/data/original data/Trajectories/2022-04-11/305_RR220411A_859C_1850.bmp,trajectory,,False,16.973448,32.84414
/content/quantum rheed codex/data/original data/Trajectories/2022-04-11/306_RR220411A_857C_1850.bmp,trajectory,,False,16.793936,33.013268
/content/quantum rheed codex/data/original data/Trajectories/2022-04-11/307_RR220411A_855C_1851.bmp,trajectory,,False,16.847054,32.97726
/content/quantum rheed codex/data/original data/Trajectories/2022-04-11/308_RR220411A_852C_1852.bmp,trajectory,,False,16.995028,33.387924
/content/quantum rheed codex/data/original data/Trajectories/2022-04-11/309_RR220411A_847C_1853.bmp,trajectory,,False,17.492208,33.382977
/content/quantum rheed codex/data/original data/Trajectories/2022-04-11/310_RR220411A_849C_1853.bmp,trajectory,,False,17.456776,33.345028
/content/quantum rheed codex/data/original data/Trajectories/2022-04-11/311_RR220411A_845C_1854.bmp,trajectory,,False,17.467016,33.401863
/content/quantum rheed codex/data/original data/Trajectories/2022-04-11/312_RR220411A_841C_1856.bmp,trajectory,,False,18.571917,33.91923
/content/quantum rheed codex/data/original data/Trajectories/2022-04-11/313_RR220411A_839C_1856.bmp,trajectory,,False,18.213005,33.79553
/content/quantum rheed codex/data/original data/Trajectories/2022-04-11/314_RR220411A_836C_1857.bmp,trajectory,,False,17.049774,34.00416
/content/quantum rheed codex/data/original data/Trajectories/2022-04-11/315_RR220411A_835C_1857.bmp,trajectory,,False,17.921724,33.820797
/content/quantum rheed codex/data/original data/Trajectories/2022-04-11/316_RR220411A_833C_1858.bmp,trajectory,,False,17.94892,34.043434
/content/quantum rheed codex/data/original data/Trajectories/2022-04-11/317_RR220411A_831C_1858.bmp,trajectory,,False,17.96855,34.002365
/content/quantum rheed codex/data/original data/Trajectories/2022-04-11/318_RR220411A_826C_1900.bmp,trajectory,,False,17.908443,34.48109
/content/quantum rheed codex/data/original data/Trajectories/2022-04-11/319_RR220411A_828C_1900.bmp,trajectory,,False,17.517782,34.26701
/content/quantum rheed codex/data/original data/Trajectories/2022-04-11/320_RR220411A_824C_1901.bmp,trajectory,,False,17.78376,34.506905
/content/quantum rheed codex/data/original data/Trajectories/2022-04-11/321_RR220411A_823C_1901.bmp,trajectory,,False,18.747597,34.378086
/content/quantum rheed codex/data/original data/Trajectories/2022-04-11/322_RR220411A_818C_1902.bmp,trajectory,,False,18.7026,34.5926
/content/quantum rheed codex/data/original data/Trajectories/2022-04-11/323_RR220411A_816C_1903.bmp,trajectory,,False,18.310837,34.71183
/content/quantum rheed codex/data/original data/Trajectories/2022-04-11/324_RR220411A_783C_1905.bmp,trajectory,,False,43.575226,17.586866
/content/quantum rheed codex/data/original data/Trajectories/2022-04-11/325_RR220411A_773C_1906.bmp,trajectory,,False,43.688313,17.365799
/content/quantum rheed codex/data/original data/Trajectories/2022-04-11/326_RR220411A_772C_1907.bmp,trajectory,,False,43.369736,16.993807
/content/quantum rheed codex/data/original data/Trajectories/2022-04-11/327_RR220411A_766C_1908.bmp,trajectory,,False,43.48581,16.813017
/content/quantum rheed codex/data/original data/Trajectories/2022-04-11/328_RR220411A_767C_1908.bmp,trajectory,,False,43.479034,16.83604
/content/quantum rheed codex/data/original data/Trajectories/2022-04-11/329_RR220411A_765C_1909.bmp,trajectory,,False,43.658962,16.920156
/content/quantum rheed codex/data/original data/Trajectories/2022-04-11/330_RR220411A_762C_1910.bmp,trajectory,,False,43.892986,16.817026
/content/quantum rheed codex/data/original data/Trajectories/2022-04-11/331_RR220411A_760C_1910.bmp,trajectory,,False,43.436333,16.431957
/content/quantum rheed codex/data/original data/Trajectories/2022-04-11/332_RR220411A_756C_1911.bmp,trajectory,,False,44.06274,16.523611
/content/quantum rheed codex/data/original data/Trajectories/2022-04-11/333_RR220411A_752C_1911.bmp,trajectory,,False,43.73624,16.141035
/content/quantum rheed codex/data/original data/Trajectories/2022-04-11/334_RR220411A_751C_1912.bmp,trajectory,,False,44.29983,16.574335
/content/quantum rheed codex/data/original data/Trajectories/2022-04-11/335_RR220411A_742C_1913.bmp,trajectory,,False,43.932434,15.706729
/content/quantum rheed codex/data/original data/Trajectories/2022-04-11/336_RR220411A_747C_1913.bmp,trajectory,,False,43.674698,15.585672
/content/quantum rheed codex/data/original data/Trajectories/2022-04-11/337_RR220411A_741C_1914.bmp,trajectory,,False,44.465584,16.122572
/content/quantum rheed codex/data/original data/Trajectories/2022-04-11/338_RR220411A_734C_1915.bmp,trajectory,,False,44.39572,15.51928
/content/quantum rheed codex/data/original data/Trajectories/2022-04-11/339_RR220411A_737C_1915.bmp,trajectory,,False,44.666927,15.914112
/content/quantum rheed codex/data/original data/Trajectories/2022-04-11/340_RR220411A_731C_1916.bmp,trajectory,,False,44.41928,15.00663
/content/quantum rheed codex/data/original data/Trajectories/2022-04-11/341_RR220411A_727C_1917.bmp,trajectory,,False,44.775288,15.370866
/content/quantum rheed codex/data/original data/Trajectories/2022-04-11/342_RR220411A_728C_1917.bmp,trajectory,,False,44.39235,14.71367
/content/quantum rheed codex/data/original data/Trajectories/2022-04-11/343_RR220411A_722C_1918.bmp,trajectory,,False,44.75525,14.393388
/content/quantum rheed codex/data/original data/Trajectories/2022-04-11/344_RR220411A_719C_1918.bmp,trajectory,,False,44.71399,14.137166
/content/quantum rheed codex/data/original data/Trajectories/2022-04-11/345_RR220411A_717C_1919.bmp,trajectory,,False,44.633507,13.961897
/content/quantum rheed codex/data/original data/Trajectories/2022-04-11/346_RR220411A_714C_1919.bmp,trajectory,,False,45.034016,13.791151
/content/quantum rheed codex/data/original data/Trajectories/2022-04-11/347_RR220411A_708C_1920.bmp,trajectory,,False,44.306133,11.205448
/content/quantum rheed codex/data/original data/Trajectories/2022-04-11/348_RR220411A_709C_1920.bmp,trajectory,,False,44.950527,13.410494
/content/quantum rheed codex/data/original data/Trajectories/2022-04-11/349_RR220411A_705C_1921.bmp,trajectory,,False,44.803783,12.456486
/content/quantum rheed codex/data/original data/Trajectories/2022-04-11/350_RR220411A_701C_1921.bmp,trajectory,,False,45.21579,12.914136
/content/quantum rheed codex/data/original data/Trajectories/2022-04-11/351_RR220411A_700C_1922.bmp,trajectory,,False,45.528896,13.290888
/content/quantum rheed codex/data/original data/Trajectories/2022-04-11/352_RR220411A_694C_1923.bmp,trajectory,,False,45.69346,12.638476
/content/quantum rheed codex/data/original data/Trajectories/2022-04-11/353_RR220411A_697C_1923.bmp,trajectory,,False,45.76541,13.11491
/content/quantum rheed codex/data/original data/Trajectories/2022-04-11/354_RR220411A_693C_1924.bmp,trajectory,,False,44.68202,10.843007
/content/quantum rheed codex/data/original data/Trajectories/2022-04-11/355_RR220411A_690C_1924.bmp,trajectory,,False,45.863132,12.119061
/content/quantum rheed codex/data/original data/Trajectories/2022-04-11/356_RR220411A_685C_1925.bmp,trajectory,,False,45.949097,11.898005
/content/quantum rheed codex/data/original data/Trajectories/2022-04-11/357_RR220411A_684C_1925.bmp,trajectory,,False,45.326435,10.845462
/content/quantum rheed codex/data/original data/Trajectories/2022-04-11/358_RR220411A_677C_1926.bmp,trajectory,,False,46.308563,11.805165
/content/quantum rheed codex/data/original data/Trajectories/2022-04-11/359_RR220411A_675C_1926.bmp,trajectory,,False,46.3039,11.6750965
/content/quantum rheed codex/data/original data/Trajectories/2022-04-11/360_RR220411A_671C_1927.bmp,trajectory,,False,45.23597,9.775043
/content/quantum rheed codex/data/original data/Trajectories/2022-04-11/361_RR220411A_667C_1928.bmp,trajectory,,False,46.342846,11.0885515
/content/quantum rheed codex/data/original data/Trajectories/2022-04-11/362_RR220411A_666C_1928.bmp,trajectory,,False,46.613716,11.471825
/content/quantum rheed codex/data/original data/Trajectories/2022-04-11/363_RR220411A_661C_1929.bmp,trajectory,,False,46.150475,11.191334
/content/quantum rheed codex/data/original data/Trajectories/2022-04-11/364_RR220411A_660C_1929.bmp,trajectory,,False,46.1809,11.054823
/content/quantum rheed codex/data/original data/Trajectories/2022-04-11/365_RR220411A_658C_1930.bmp,trajectory,,False,45.955196,10.114883
/content/quantum rheed codex/data/original data/Trajectories/2022-04-11/366_RR220411A_654C_1930.bmp,trajectory,,False,45.897556,9.889414
/content/quantum rheed codex/data/original data/Trajectories/2022-04-11/367_RR220411A_648C_1932.bmp,trajectory,,False,46.65152,10.728043
/content/quantum rheed codex/data/original data/Trajectories/2022-04-11/368_RR220411A_647C_1932.bmp,trajectory,,False,46.670914,10.86283
/content/quantum rheed codex/data/original data/Trajectories/2022-04-11/369_RR220411A_643C_1933.bmp,trajectory,,False,46.340424,10.017054
/content/quantum rheed codex/data/original data/Trajectories/2022-04-11/370_RR220411A_640C_1934.bmp,trajectory,,False,46.27949,9.816788
/content/quantum rheed codex/data/original data/Trajectories/2022-04-11/371_RR220411A_633C_1935.bmp,trajectory,,False,46.55731,10.023346
/content/quantum rheed codex/data/original data/Trajectories/2022-04-11/372_RR220411A_636C_1935.bmp,trajectory,,False,46.319725,9.724785
/content/quantum rheed codex/data/original data/Trajectories/2022-04-11/373_RR220411A_630C_1937.bmp,trajectory,,False,46.91459,10.357756
/content/quantum rheed codex/data/original data/Trajectories/2022-04-11/374_RR220411A_625C_1937.bmp,trajectory,,False,46.22153,8.985793
/content/quantum rheed codex/data/original data/Trajectories/2022-04-11/375_RR220411A_617C_1938.bmp,trajectory,,False,46.900013,6.341718
/content/quantum rheed codex/data/original data/Trajectories/2022-04-11/376_RR220411A_620C_1938.bmp,trajectory,,False,47.06566,6.93704
/content/quantum rheed codex/data/original data/Trajectories/2022-04-11/377_RR220411A_616C_1939.bmp,trajectory,,False,47.07746,6.9518895
/content/quantum rheed codex/data/original data/Trajectories/2022-04-11/378_RR220411A_600C_1940.bmp,trajectory,,False,47.04955,5.673486
/content/quantum rheed codex/data/original data/Trajectories/2022-04-11/379_RR220411A_614C_1940.bmp,trajectory,,False,46.932674,6.309802
/content/quantum rheed codex/data/original data/Trajectories/2022-04-11/380_RR220411A_610C_1940.bmp,trajectory,,False,46.749428,5.8126264
/content/quantum rheed codex/data/original data/Trajectories/2022-04-11/381_RR220411A_605C_1940.bmp,trajectory,,False,46.554535,5.388627
/content/quantum rheed codex/data/original data/Trajectories/2022-04-11/382_RR220411A_595C_1941.bmp,trajectory,,False,47.414528,6.0514545
/content/quantum rheed codex/data/original data/Trajectories/2022-04-11/383_RR220411A_597C_1941.bmp,trajectory,,False,47.285995,6.32778
/content/quantum rheed codex/data/original data/Trajectories/2022-04-11/384_RR220411A_586C_1942.bmp,trajectory,,False,46.81531,4.906462
/content/quantum rheed codex/data/original data/Trajectories/2022-04-11/385_RR220411A_590C_1942.bmp,trajectory,,False,46.73706,5.0967126
/content/quantum rheed codex/data/original data/Trajectories/2022-04-11/386_RR220411A_580C_1943.bmp,trajectory,,False,46.49371,4.586811
/content/quantum rheed codex/data/original data/Trajectories/2022-04-11/387_RR220411A_578C_1943.bmp,trajectory,,False,46.958553,4.764547
/content/quantum rheed codex/data/original data/Trajectories/2022-04-11/388_RR220411A_576C_1944.bmp,trajectory,,False,47.237442,4.7049303
/content/quantum rheed codex/data/original data/Trajectories/2022-04-11/389_RR220411A_571C_1944.bmp,trajectory,,False,47.684517,4.666261
/content/quantum rheed codex/data/original data/Trajectories/2022-04-11/390_RR220411A_565C_1944.bmp,trajectory,,False,47.690678,4.262473
/content/quantum rheed codex/data/original data/Trajectories/2022-04-11/391_RR220411A_556C_1945.bmp,trajectory,,False,47.4381,3.825966
/content/quantum rheed codex/data/original data/Trajectories/2022-04-11/392_RR220411A_560C_1945.bmp,trajectory,,False,47.59003,4.0397215
/content/quantum rheed codex/data/original data/Trajectories/2022-04-11/393_RR220411A_551C_1946.bmp,trajectory,,False,46.61893,3.7226949
/content/quantum rheed codex/data/original data/Trajectories/2022-04-11/394_RR220411A_546C_1946.bmp,trajectory,,False,48.032158,3.532168
/content/quantum rheed codex/data/original data/Trajectories/2022-04-11/395_RR220411A_543C_1947.bmp,trajectory,,False,48.149437,3.3650022
/content/quantum rheed codex/data/original data/Trajectories/2022-04-11/396_RR220411A_537C_1947.bmp,trajectory,,False,48.02056,3.3614376
/content/quantum rheed codex/data/original data/Trajectories/2022-04-11/397_RR220411A_528C_1948.bmp,trajectory,,False,47.645733,2.779754
/content/quantum rheed codex/data/original data/Trajectories/2022-04-11/398_RR220411A_527C_1948.bmp,trajectory,,False,47.83185,2.8098454
/content/quantum rheed codex/data/original data/Trajectories/2022-04-11/399_RR220411A_534C_1948.bmp,trajectory,,False,47.39134,2.9239435
/content/quantum rheed codex/data/original data/Trajectories/2022-04-11/400_RR220411A_516C_1949.bmp,trajectory,,False,48.089157,2.3852253
/content/quantum rheed codex/data/original data/Trajectories/2022-04-11/401_RR220411A_524C_1949.bmp,trajectory,,False,48.022434,2.6029437
/content/quantum rheed codex/data/original data/Trajectories/2022-04-11/402_RR220411A_506C_1950.bmp,trajectory,,False,48.166744,1.9673624
/content/quantum rheed codex/data/original data/Trajectories/2022-04-11/403_RR220411A_510C_1950.bmp,trajectory,,False,47.867382,1.8591306
/content/quantum rheed codex/data/original data/Trajectories/2022-04-11/404_RR220411A_500C_1951.bmp,trajectory,,False,47.870083,1.3951077
/content/quantum rheed codex/data/original data/Trajectories/2022-04-11/405_RR220411A_493C_1951.bmp,trajectory,,False,47.623325,1.1435636
/content/quantum rheed codex/data/original data/Trajectories/2022-04-11/406_RR220411A_478C_1952.bmp,trajectory,,False,47.97642,0.8512373
/content/quantum rheed codex/data/original data/Trajectories/2022-04-11/407_RR220411A_487C_1952.bmp,trajectory,,False,48.39821,1.1129788
/content/quantum rheed codex/data/original data/Trajectories/2022-04-11/408_RR220411A_480C_1952.bmp,trajectory,,False,47.95319,0.8598796
/content/quantum rheed codex/data/original data/Trajectories/2022-04-11/409_RR220411A_474C_1953.bmp,trajectory,,False,47.863956,0.72535765
/content/quantum rheed codex/data/original data/Trajectories/2022-04-11/410_RR220411A_470C_1953.bmp,trajectory,,False,48.702705,0.3848135
/content/quantum rheed codex/data/original data/Trajectories/2022-04-11/411_RR220411A_465C_1954.bmp,trajectory,,False,47.91664,0.58964396
/content/quantum rheed codex/data/original data/Trajectories/2022-04-11/412_RR220411A_454C_1955.bmp,trajectory,,False,48.46952,-0.1283751
/content/quantum rheed codex/data/original data/Trajectories/2022-04-11/413_RR220411A_459C_1955.bmp,trajectory,,False,48.159412,0.33344325
/content/quantum rheed codex/data/original data/Trajectories/2022-04-11/414_RR220411A_445C_1955.bmp,trajectory,,False,48.58693,-0.3859306
/content/quantum rheed codex/data/original data/Trajectories/2022-04-11/415_RR220411A_436C_1956.bmp,trajectory,,False,48.598877,-0.9505597
/content/quantum rheed codex/data/original data/Trajectories/2022-04-11/416_RR220411A_441C_1956.bmp,trajectory,,False,48.414627,-0.44057247
/content/quantum rheed codex/data/original data/Trajectories/2022-04-11/417_RR220411A_427C_1956.bmp,trajectory,,False,48.63439,-1.264609
/content/quantum rheed codex/data/original data/Trajectories/2022-04-11/418_RR220411A_420C_1957.bmp,trajectory,,False,48.659603,-1.5901711
/content/quantum rheed codex/data/original data/Trajectories/2022-04-11/419_RR220411A_415C_1957.bmp,trajectory,,False,48.75848,-1.9315469
/content/quantum rheed codex/data/original data/Trajectories/2022-04-11/420_RR220411A_412C_1958.bmp,trajectory,,False,48.726112,-1.8902369
/content/quantum rheed codex/data/original data/Trajectories/2022-04-11/421_RR220411A_408C_1959.bmp,trajectory,,False,48.93478,-2.3015401
/content/quantum rheed codex/data/original data/Trajectories/2022-04-11/422_RR220411A_403C_1959.bmp,trajectory,,False,48.893314,-2.4142733
/content/quantum rheed codex/data/original data/Trajectories/2022-04-11/423_RR220411A_401C_2000.bmp,trajectory,,False,48.78174,-2.3582354
/content/quantum rheed codex/data/original data/Trajectories/2022-04-11/424_RR220411A_397C_2000.bmp,trajectory,,False,48.97718,-2.7005293
/content/quantum rheed codex/data/original data/Trajectories/2022-04-11/425_RR220411A_387C_2000.bmp,trajectory,,False,48.641342,-2.7695892
/content/quantum rheed codex/data/original data/Trajectories/2022-04-11/426_RR220411A_384C_2001.bmp,trajectory,,False,49.097504,-3.245208
/content/quantum rheed codex/data/original data/Trajectories/2022-04-11/427_RR220411A_371C_2001.bmp,trajectory,,False,49.11055,-3.673184
/content/quantum rheed codex/data/original data/Trajectories/2022-04-11/428_RR220411A_381C_2001.bmp,trajectory,,False,49.47001,-3.5561795
/content/quantum rheed codex/data/original data/Trajectories/2022-04-11/429_RR220411A_358C_2002.bmp,trajectory,,False,49.66745,-4.222882
/content/quantum rheed codex/data/original data/Trajectories/2022-04-11/430_RR220411A_365C_2002.bmp,trajectory,,False,48.64977,-3.8621202
/content/quantum rheed codex/data/original data/Trajectories/2022-04-11/431_RR220411A_368C_2002.bmp,trajectory,,False,48.948936,-3.6918206
/content/quantum rheed codex/data/original data/Trajectories/2022-04-11/432_RR220411A_352C_2003.bmp,trajectory,,False,49.375515,-4.352419
/content/quantum rheed codex/data/original data/Trajectories/2022-04-11/433_RR220411A_347C_2003.bmp,trajectory,,False,48.745857,-4.404447
/content/quantum rheed codex/data/original data/Trajectories/2022-04-11/434_RR220411A_356C_2003.bmp,trajectory,,False,49.55074,-4.240797
/content/quantum rheed codex/data/original data/Trajectories/2022-04-11/435_RR220411A_333C_2004.bmp,trajectory,,False,49.657562,-4.8154
/content/quantum rheed codex/data/original data/Trajectories/2022-04-11/436_RR220411A_342C_2004.bmp,trajectory,,False,49.25504,-4.627524
/content/quantum rheed codex/data/original data/Trajectories/2022-04-11/437_RR220411A_345C_2004.bmp,trajectory,,False,48.82801,-4.454946
/content/quantum rheed codex/data/original data/Trajectories/2022-04-11/438_RR220411A_323C_2005.bmp,trajectory,,False,48.970985,-5.0375805
/content/quantum rheed codex/data/original data/Trajectories/2022-04-11/439_RR220411A_330C_2005.bmp,trajectory,,False,49.278416,-4.840952
/content/quantum rheed codex/data/original data/Trajectories/2022-04-11/440_RR220411A_309C_2006.bmp,trajectory,,False,49.79602,-5.30369
/content/quantum rheed codex/data/original data/Trajectories/2022-04-11/441_RR220411A_316C_2006.bmp,trajectory,,False,49.02034,-5.1788454
/content/quantum rheed codex/data/original data/Trajectories/2022-04-11/442_RR220411A_313C_2006.bmp,trajectory,,False,48.878277,-5.2408648
/content/quantum rheed codex/data/original data/Trajectories/2022-04-11/443_RR220411A_303C_2007.bmp,trajectory,,False,49.677013,-5.376326
/content/quantum rheed codex/data/original data/Trajectories/2022-04-11/444_RR220411A_295C_2007.bmp,trajectory,,False,49.551632,-5.5990453
/content/quantum rheed codex/data/original data/Trajectories/2022-04-11/445_RR220411A_300C_2007.bmp,trajectory,,False,48.84114,-5.474969
/content/quantum rheed codex/data/original data/Trajectories/2022-04-11/446_RR220411A_290C_2008.bmp,trajectory,,False,49.863434,-5.600215
/content/quantum rheed codex/data/original data/Trajectories/2022-04-11/447_RR220411A_287C_2008.bmp,trajectory,,False,50.044044,-5.6618385
/content/quantum rheed codex/data/original data/Trajectories/2022-04-11/448_RR220411A_283C_2009.bmp,trajectory,,False,49.320766,-5.781582
/content/quantum rheed codex/data/original data/Trajectories/2022-04-11/449_RR220411A_278C_2010.bmp,trajectory,,False,49.641148,-5.9352856
