path,source,label,is_labeled,x,y
/content/quantum rheed codex/data/original data/STO_ideal_1x1/1x1_1.bmp,ideal,(1 x 1),True,24.156439,-39.34628
/content/quantum rheed codex/data/original data/STO_ideal_1x1/1x1_13.bmp,ideal,(1 x 1),True,29.08706,-23.637245
/content/quantum rheed codex/data/original data/STO_ideal_1x1/1x1_14.bmp,ideal,(1 x 1),True,29.049139,-24.359808
/content/quantum rheed codex/data/original data/STO_ideal_1x1/1x1_15.bmp,ideal,(1 x 1),True,29.04357,-24.373554
/content/quantum rheed codex/data/original data/STO_ideal_1x1/1x1_16.bmp,ideal,(1 x 1),True,29.042517,-24.407574
/content/quantum rheed codex/data/original data/STO_ideal_1x1/1x1_17.bmp,ideal,(1 x 1),True,29.041063,-24.40725
/content/quantum rheed codex/data/original data/STO_ideal_1x1/1x1_18.bmp,ideal,(1 x 1),True,29.037012,-24.424099
/content/quantum rheed codex/data/original data/STO_ideal_1x1/1x1_19.bmp,ideal,(1 x 1),True,29.030708,-24.511414
/content/quantum rheed codex/data/original data/STO_ideal_1x1/1x1_20.bmp,ideal,(1 x 1),True,-20.611559,11.294738
/content/quantum rheed codex/data/original data/STO_ideal_1x1/1x1_21.bmp,ideal,(1 x 1),True,24.210989,-38.88592
/content/quantum rheed codex/data/original data/STO_ideal_1x1/1x1_22.bmp,ideal,(1 x 1),True,24.427889,-38.077534
/content/quantum rheed codex/data/original data/STO_ideal_1x1/1x1_23.bmp,ideal,(1 x 1),True,29.093729,-23.49131
/content/quantum rheed codex/data/original data/STO_ideal_1x1/1x1_24.bmp,ideal,(1 x 1),True,29.09136,-23.496176
/content/quantum rheed codex/data/original data/STO_ideal_1x1/1x1_25.bmp,ideal,(1 x 1),True,-25.46591,22.399952
/content/quantum rheed codex/data/original data/STO_ideal_1x1/1x1_26.bmp,ideal,(1 x 1),True,-24.47723,20.170296
/content/quantum rheed codex/data/original data/STO_ideal_1x1/1x1_27.bmp,ideal,(1 x 1),True,-23.45812,17.96418
/content/quantum rheed codex/data/original data/STO_ideal_1x1/ideal_1x1_28.bmp,ideal,(1 x 1),True,25.060654,-39.365532
/content/quantum rheed codex/data/original data/STO_ideal_1x1/ideal_1x1_29.bmp,ideal,(1 x 1),True,24.804346,-39.70485
/content/quantum rheed codex/data/original data/STO_ideal_1x1/ideal_1x1_30.bmp,ideal,(1 x 1),True,24.768015,-39.752117
/content/quantum rheed codex/data/original data/STO_ideal_1x1/ideal_1x1_31.bmp,ideal,(1 x 1),True,24.50796,-39.73211
/content/quantum rheed codex/data/original data/STO_ideal_1x1/ideal_1x1_32.bmp,ideal,(1 x 1),True,24.870594,-39.29003
/content/quantum rheed codex/data/original data/STO_ideal_1x1/ideal_1x1_33.bmp,ideal,(1 x 1),True,24.105633,-39.19152
/content/quantum rheed codex/data/original data/STO_ideal_1x1/ideal_1x1_34.bmp,ideal,(1 x 1),True,24.332867,-38.77031
/content/quantum rheed codex/data/original data/STO_ideal_1x1/ideal_1x1_35.bmp,ideal,(1 x 1),True,24.132013,-39.327595
/content/quantum rheed codex/data/original data/STO_ideal_1x1/ideal_1x1_36.bmp,ideal,(1 x 1),True,24.216581,-38.923336
/content/quantum rheed codex/data/original data/STO_ideal_1x1/ideal_1x1_37.bmp,ideal,(1 x 1),True,24.093645,-39.205116
/content/quantum rheed codex/data/original data/STO_ideal_1x1/ideal_1x1_38.bmp,ideal,(1 x 1),True,24.178017,-38.874187
/content/quantum rheed codex/data/original data/STO_ideal_1x1/ideal_1x1_39.bmp,ideal,(1 x 1),True,24.552624,-38.66293
/content/quantum rheed codex/data/original data/STO_ideal_1x1/ideal_1x1_40.bmp,ideal,(1 x 1),True,24.874243,-38.77871
/content/quantum rheed codex/data/original data/STO_ideal_1x1/ideal_1x1_41.bmp,ideal,(1 x 1),True,25.02614,-39.295216
/content/quantum rheed codex/data/original data/STO_ideal_1x1/ideal_1x1_42.bmp,ideal,(1 x 1),True,24.376537,-39.5737
/content/quantum rheed codex/data/original data/STO_ideal_1x1/ideal_1x1_43.bmp,ideal,(1 x 1),True,24.931704,-38.816242
/content/quantum rheed codex/data/original data/STO_ideal_1x1/ideal_1x1_44.bmp,ideal,(1 x 1),True,24.998928,-38.93923
/content/quantum rheed codex/data/original data/STO_ideal_1x1/ideal_1x1_45.bmp,ideal,(1 x 1),True,24.728855,-38.658245
/content/quantum rheed codex/data/original data/STO_ideal_1x1/ideal_1x1_46.bmp,ideal,(1 x 1),True,24.91417,-38.817265
/content/quantum rheed codex/data/original data/STO_ideal_1x1/ideal_1x1_47.bmp,ideal,(1 x 1),True,24.415937,-39.710674
/content/quantum rheed codex/data/original data/STO_ideal_1x1/ideal_1x1_48.bmp,ideal,(1 x 1),True,25.084137,-39.382145
/content/quantum rheed codex/data/original data/STO_ideal_1x1/ideal_1x1_49.bmp,ideal,(1 x 1),True,-25.753653,22.14018
/content/quantum rheed codex/data/original data/STO_ideal_1x1/ideal_1x1_50.bmp,ideal,(1 x 1),True,-26.043736,22.216215
/content/quantum rheed codex/data/original data/STO_ideal_1x1/ideal_1x1_51.bmp,ideal,(1 x 1),True,-23.826687,18.264355
/content/quantum rheed codex/data/original data/STO_ideal_1x1/ideal_1x1_52.bmp,ideal,(1 x 1),True,-22.924517,16.825922
/content/quantum rheed codex/data/original data/STO_ideal_Twinned2x1/Twinned2x1_1.bmp,ideal,Twinned(2 x 1),True,16.104095,17.762035
/content/quantum rheed codex/data/original data/STO_ideal_Twinned2x1/Twinned2x1_2.bmp,ideal,Twinned(2 x 1),True,-5.2016006,38.258194
/content/quantum rheed codex/data/original data/STO_ideal_Twinned2x1/Twinned2x1_3.bmp,ideal,Twinned(2 x 1),True,21.695845,49.19657
/content/quantum rheed codex/data/original data/STO_ideal_Twinned2x1/Twinned2x1_4.bmp,ideal,Twinned(2 x 1),True,-4.9236965,43.355206
/content/quantum rheed codex/data/original data/STO_ideal_c6x2/Twinned2x1_5_(!).bmp,ideal,c(6 x 2),True,34.396847,-8.672311
/content/quantum rheed codex/data/original data/STO_ideal_c6x2/Twinned2x1_6(!).bmp,ideal,c(6 x 2),True,30.864973,-9.797952
/content/quantum rheed codex/data/original data/STO_ideal_c6x2/c6x2_1.bmp,ideal,c(6 x 2),True,26.154036,-27.085854
/content/quantum rheed codex/data/original data/STO_ideal_c6x2/c6x2_10.bmp,ideal,c(6 x 2),True,25.95624,-25.990355
/content/quantum rheed codex/data/original data/STO_ideal_c6x2/c6x2_11.bmp,ideal,c(6 x 2),True,25.932108,-26.599869
/content/quantum rheed codex/data/original data/STO_ideal_c6x2/c6x2_12.bmp,ideal,c(6 x 2),True,25.04574,-27.275284
/content/quantum rheed codex/data/original data/STO_ideal_c6x2/c6x2_13.bmp,ideal,c(6 x 2),True,25.074907,-27.34016
/content/quantum rheed codex/data/original data/STO_ideal_c6x2/c6x2_14.bmp,ideal,c(6 x 2),True,25.073523,-27.373951
/content/quantum rheed codex/data/original data/STO_ideal_c6x2/c6x2_15.bmp,ideal,c(6 x 2),True,25.184427,-27.621199
/content/quantum rheed codex/data/original data/STO_ideal_c6x2/c6x2_16.bmp,ideal,c(6 x 2),True,25.077002,-27.534956
/content/quantum rheed codex/data/original data/STO_ideal_c6x2/c6x2_17.bmp,ideal,c(6 x 2),True,37.836502,-0.28536668
/content/quantum rheed codex/data/original data/STO_ideal_c6x2/c6x2_18.bmp,ideal,c(6 x 2),True,26.1695,-27.078758
/content/quantum rheed codex/data/original data/STO_ideal_c6x2/c6x2_19.bmp,ideal,c(6 x 2),True,26.27032,-27.179499
/content/quantum rheed codex/data/original data/STO_ideal_c6x2/c6x2_2.bmp,ideal,c(6 x 2),True,26.213758,-27.112782
/content/quantum rheed codex/data/original data/STO_ideal_c6x2/c6x2_20.bmp,ideal,c(6 x 2),True,27.186913,-29.615686
/content/quantum rheed codex/data/original data/STO_ideal_c6x2/c6x2_21.bmp,ideal,c(6 x 2),True,27.642233,-29.371742
/content/quantum rheed codex/data/original data/STO_ideal_c6x2/c6x2_22.bmp,ideal,c(6 x 2),True,28.005928,-29.166079
/content/quantum rheed codex/data/original data/STO_ideal_c6x2/c6x2_23.bmp,ideal,c(6 x 2),True,28.121906,-29.839386
/content/quantum rheed codex/data/original data/STO_ideal_c6x2/c6x2_24.bmp,ideal,c(6 x 2),True,28.104904,-29.541798
/content/quantum rheed codex/data/original data/STO_ideal_c6x2/c6x2_3.bmp,ideal,c(6 x 2),True,26.402422,-27.426369
/content/quantum rheed codex/data/original data/STO_ideal_c6x2/c6x2_4.bmp,ideal,c(6 x 2),True,28.02876,-29.1965
/content/quantum rheed codex/data/original data/STO_ideal_c6x2/c6x2_5.bmp,ideal,c(6 x 2),True,27.821478,-29.934278
/content/quantum rheed codex/data/original data/STO_ideal_c6x2/c6x2_6.bmp,ideal,c(6 x 2),True,27.873993,-30.045353
/content/quantum rheed codex/data/original data/STO_ideal_c6x2/c6x2_7.bmp,ideal,c(6 x 2),True,27.235882,-28.963167
/content/quantum rheed codex/data/original data/STO_ideal_c6x2/c6x2_8.bmp,ideal,c(6 x 2),True,27.082481,-29.319296
/content/quantum rheed codex/data/original data/STO_ideal_c6x2/c6x2_9.bmp,ideal,c(6 x 2),True,27.352661,-29.984024
/content/quantum rheed codex/data/original data/STO_ideal_c6x2/ideal_c6x2_25.bmp,ideal,c(6 x 2),True,26.12439,-27.031124
/content/quantum rheed codex/data/original data/STO_ideal_c6x2/ideal_c6x2_26.bmp,ideal,c(6 x 2),True,26.06927,-27.023447
/content/quantum rheed codex/data/original data/STO_ideal_c6x2/ideal_c6x2_27.bmp,ideal,c(6 x 2),True,26.236788,-27.178663
/content/quantum rheed codex/data/original data/STO_ideal_c6x2/ideal_c6x2_28.bmp,ideal,c(6 x 2),True,26.204844,-27.143581
/content/quantum rheed codex/data/original data/STO_ideal_c6x2/ideal_c6x2_29.bmp,ideal,c(6 x 2),True,27.260046,-28.820276
/content/quantum rheed codex/data/original data/STO_ideal_c6x2/ideal_c6x2_30.bmp,ideal,c(6 x 2),True,27.756756,-28.897598
/content/quantum rheed codex/data/original data/STO_ideal_c6x2/ideal_c6x2_31.bmp,ideal,c(6 x 2),True,27.697529,-28.857695
/content/quantum rheed codex/data/original data/STO_ideal_c6x2/ideal_c6x2_32.bmp,ideal,c(6 x 2),True,28.007662,-29.073492
/content/quantum rheed codex/data/original data/STO_ideal_c6x2/ideal_c6x2_33.bmp,ideal,c(6 x 2),True,27.174435,-28.875902
/content/quantum rheed codex/data/original data/STO_ideal_c6x2/ideal_c6x2_34.bmp,ideal,c(6 x 2),True,27.141508,-29.49407
/content/quantum rheed codex/data/original data/STO_ideal_c6x2/ideal_c6x2_35.bmp,ideal,c(6 x 2),True,27.642233,-29.371742
/content/quantum rheed codex/data/original data/STO_ideal_c6x2/ideal_c6x2_36.bmp,ideal,c(6 x 2),True,27.755337,-28.863174
/content/quantum rheed codex/data/original data/STO_ideal_c6x2/ideal_c6x2_37.bmp,ideal,c(6 x 2),True,27.116865,-29.35989
/content/quantum rheed codex/data/original data/STO_ideal_c6x2/ideal_c6x2_38.bmp,ideal,c(6 x 2),True,27.436964,-29.782055
/content/quantum rheed codex/data/original data/STO_ideal_c6x2/ideal_c6x2_39.bmp,ideal,c(6 x 2),True,27.429983,-29.801888
/content/quantum rheed codex/data/original data/STO_ideal_c6x2/ideal_c6x2_40.bmp,ideal,c(6 x 2),True,28.074665,-29.739748
/content/quantum rheed codex/data/original data/STO_ideal_RT13/RT13_1.png,ideal,RT13,True,25.473219,-43.80821
/content/quantum rheed codex/data/original data/STO_ideal_RT13/RT13_10.png,ideal,RT13,True,25.58158,-44.441444
/content/quantum rheed codex/data/original data/STO_ideal_RT13/RT13_11.png,ideal,RT13,True,38.31078,0.09798262
/content/quantum rheed codex/data/original data/STO_ideal_RT13/RT13_14.png,ideal,RT13,True,28.97462,-21.060287
/content/quantum rheed codex/data/original data/STO_ideal_RT13/RT13_15.png,ideal,RT13,True,3.9893973,-11.340648
/content/quantum rheed codex/data/original data/STO_ideal_RT13/RT13_16.png,ideal,RT13,True,4.98297,37.604183
/content/quantum rheed codex/data/original data/STO_ideal_RT13/RT13_17.png,ideal,RT13,True,20.388643,48.410122
/content/quantum rheed codex/data/original data/STO_ideal_RT13/RT13_18.png,ideal,RT13,True,22.847889,49.29435
/content/quantum rheed codex/data/original data/STO_ideal_RT13/RT13_19.png,ideal,RT13,True,38.220318,-6.651876
/content/quantum rheed codex/data/original data/STO_ideal_RT13/RT13_20.png,ideal,RT13,True,45.22434,-1.662453
/content/quantum rheed codex/data/original data/STO_ideal_RT13/RT13_21.png,ideal,RT13,True,38.150158,0.18413746
/content/quantum rheed codex/data/original data/STO_ideal_RT13/RT13_22.png,ideal,RT13,True,38.221214,0.122284085
/content/quantum rheed codex/data/original data/STO_ideal_RT13/RT13_23.png,ideal,RT13,True,38.219597,0.12553844
/content/quantum rheed codex/data/original data/STO_ideal_RT13/RT13_24.bmp,ideal,RT13,True,37.12475,-2.518531
/content/quantum rheed codex/data/original data/STO_ideal_RT13/RT13_25.bmp,ideal,RT13,True,37.05183,-2.6015549
/content/quantum rheed codex/data/original data/STO_ideal_RT13/RT13_26.bmp,ideal,RT13,True,38.136993,0.05052519
/content/quantum rheed codex/data/original data/STO_ideal_RT13/RT13_27.bmp,ideal,RT13,True,38.003937,-0.12344858
/content/quantum rheed codex/data/original data/STO_ideal_RT13/RT13_28.bmp,ideal,RT13,True,42.46387,-3.6360807
/content/quantum rheed codex/data/original data/STO_ideal_RT13/RT13_29.bmp,ideal,RT13,True,35.794872,-7.934034
/content/quantum rheed codex/data/original data/STO_ideal_RT13/RT13_3.png,ideal,RT13,True,25.067757,-43.908115
/content/quantum rheed codex/data/original data/STO_ideal_RT13/RT13_30.bmp,ideal,RT13,True,34.126614,-8.813631
/content/quantum rheed codex/data/original data/STO_ideal_RT13/RT13_31.bmp,ideal,RT13,True,28.462078,-10.451735
/content/quantum rheed codex/data/original data/STO_ideal_RT13/RT13_32.bmp,ideal,RT13,True,28.462078,-10.451735
/content/quantum rheed codex/data/original data/STO_ideal_RT13/RT13_33.bmp,ideal,RT13,True,28.199835,-10.677385
/content/quantum rheed codex/data/original data/STO_ideal_RT13/RT13_34.bmp,ideal,RT13,True,25.93777,-11.208461
/content/quantum rheed codex/data/original data/STO_ideal_RT13/RT13_35.bmp,ideal,RT13,True,25.352839,-11.0885725
/content/quantum rheed codex/data/original data/STO_ideal_RT13/RT13_36.bmp,ideal,RT13,True,25.352839,-11.0885725
/content/quantum rheed codex/data/original data/STO_ideal_RT13/RT13_37.bmp,ideal,RT13,True,25.485195,-11.284039
/content/quantum rheed codex/data/original data/STO_ideal_RT13/RT13_38.bmp,ideal,RT13,True,14.123375,-10.144695
/content/quantum rheed codex/data/original data/STO_ideal_RT13/RT13_39.bmp,ideal,RT13,True,13.895472,-10.565634
/content/quantum rheed codex/data/original data/STO_ideal_RT13/RT13_40.bmp,ideal,RT13,True,11.948765,-10.40084
/content/quantum rheed codex/data/original data/STO_ideal_RT13/RT13_41.bmp,ideal,RT13,True,10.535504,-10.145253
/content/quantum rheed codex/data/original data/STO_ideal_RT13/RT13_42.bmp,ideal,RT13,True,4.1295133,-11.240726
/content/quantum rheed codex/data/original data/STO_ideal_RT13/RT13_5.png,ideal,RT13,True,25.230648,-44.471478
/content/quantum rheed codex/data/original data/STO_ideal_RT13/RT13_6.png,ideal,RT13,True,25.64503,-44.363792
/content/quantum rheed codex/data/original data/STO_ideal_RT13/RT13_7.png,ideal,RT13,True,25.24369,-44.473984
/content/quantum rheed codex/data/original data/STO_ideal_RT13/RT13_8.png,ideal,RT13,True,25.142263,-44.417084
/content/quantum rheed codex/data/original data/STO_ideal_RT13/RT13_9.png,ideal,RT13,True,25.702793,-44.09201
/content/quantum rheed codex/data/original data/STO_ideal_HTR/HTR_1.png,ideal,HTR,True,25.003273,-44.22833
/content/quantum rheed codex/data/original data/STO_ideal_HTR/HTR_10.png,ideal,HTR,True,25.63791,-43.94096
/content/quantum rheed codex/data/original data/STO_ideal_HTR/HTR_11.png,ideal,HTR,True,25.2146,-43.794243
/content/quantum rheed codex/data/original data/STO_ideal_HTR/HTR_12.png,ideal,HTR,True,-0.99602956,-44.126526
/content/quantum rheed codex/data/original data/STO_ideal_HTR/HTR_13.png,ideal,HTR,True,28.968655,-21.039501
/content/quantum rheed codex/data/original data/STO_ideal_HTR/HTR_14.png,ideal,HTR,True,24.037256,-37.94887
/content/quantum rheed codex/data/original data/STO_ideal_HTR/HTR_19.png,ideal,HTR,True,3.9537122,-36.15516
/content/quantum rheed codex/data/original data/STO_ideal_HTR/HTR_2.png,ideal,HTR,True,25.595896,-43.88865
/content/quantum rheed codex/data/original data/STO_ideal_HTR/HTR_20.bmp,ideal,HTR,True,-18.992636,-34.70042
/content/quantum rheed codex/data/original data/STO_ideal_HTR/HTR_20.png,ideal,HTR,True,-11.137195,-39.60194
/content/quantum rheed codex/data/original data/STO_ideal_HTR/HTR_21.bmp,ideal,HTR,True,-11.610603,-39.80774
/content/quantum rheed codex/data/original data/STO_ideal_HTR/HTR_22.png,ideal,HTR,True,-23.038065,-32.05364
/content/quantum rheed codex/data/original data/STO_ideal_HTR/HTR_23.bmp,ideal,HTR,True,-20.677454,-33.52301
/content/quantum rheed codex/data/original data/STO_ideal_HTR/HTR_24.bmp,ideal,HTR,True,-19.996374,-33.854233
/content/quantum rheed codex/data/original data/STO_ideal_HTR/HTR_25.bmp,ideal,HTR,True,-19.643875,-34.07405
/content/quantum rheed codex/data/original data/STO_ideal_HTR/HTR_26.bmp,ideal,HTR,True,-18.24878,-34.498394
/content/quantum rheed codex/data/original data/STO_ideal_HTR/HTR_27.bmp,ideal,HTR,True,-18.24878,-34.498394
/content/quantum rheed codex/data/original data/STO_ideal_HTR/HTR_28.bmp,ideal,HTR,True,-18.992636,-34.70042
/content/quantum rheed codex/data/original data/STO_ideal_HTR/HTR_29.bmp,ideal,HTR,True,-15.723835,-36.643383
/content/quantum rheed codex/data/original data/STO_ideal_HTR/HTR_3.png,ideal,HTR,True,24.9937,-44.08326
/content/quantum rheed codex/data/original data/STO_ideal_HTR/HTR_30.bmp,ideal,HTR,True,-15.258832,-36.990044
/content/quantum rheed codex/data/original data/STO_ideal_HTR/HTR_31.bmp,ideal,HTR,True,-13.145091,-38.48873
/content/quantum rheed codex/data/original data/STO_ideal_HTR/HTR_32.bmp,ideal,HTR,True,-11.983159,-39.400883
/content/quantum rheed codex/data/original data/STO_ideal_HTR/HTR_33.bmp,ideal,HTR,True,-11.610745,-39.807995
/content/quantum rheed codex/data/original data/STO_ideal_HTR/HTR_4.png,ideal,HTR,True,25.420338,-43.79475
/content/quantum rheed codex/data/original data/STO_ideal_HTR/HTR_6.png,ideal,HTR,True,25.000261,-44.226433
/content/quantum rheed codex/data/original data/STO_ideal_HTR/HTR_7.png,ideal,HTR,True,25.52425,-44.467014
/content/quantum rheed codex/data/original data/STO_ideal_HTR/HTR_8.png,ideal,HTR,True,25.706669,-44.19112
/content/quantum rheed codex/data/original data/STO_ideal_HTR/HTR_9.png,ideal,HTR,True,25.098906,-43.86449
/content/quantum rheed codex/data/original data/Trajectories/2022-02-04/001_RR220204A_933C_0006.bmp,trajectory,,False,23.181057,49.41863
/content/quantum rheed codex/data/original data/Trajectories/2022-02-04/002_RR220204A_933C_0010.bmp,trajectory,,False,23.304346,49.45746
/content/quantum rheed codex/data/original data/Trajectories/2022-02-04/003_RR220204A_932C_0017.bmp,trajectory,,False,23.490225,49.496853
/content/quantum rheed codex/data/original data/Trajectories/2022-02-04/004_RR220204A_932C_0020.bmp,trajectory,,False,23.540981,49.512947
/content/quantum rheed codex/data/original data/Trajectories/2022-02-04/005_RR220204A_933C_0031.bmp,trajectory,,False,23.821743,49.583557
/content/quantum rheed codex/data/original data/Trajectories/2022-02-04/006_RR220204A_931C_0041.bmp,trajectory,,False,24.009048,49.643574
/content/quantum rheed codex/data/original data/Trajectories/2022-02-04/007_RR220204A_931C_0051.bmp,trajectory,,False,24.157381,49.68074
/content/quantum rheed codex/data/original data/Trajectories/2022-02-04/008_RR220204A_931C_0100.bmp,trajectory,,False,24.191414,49.687805
/content/quantum rheed codex/data/original data/Trajectories/2022-02-04/009_RR220204A_943C_0101.bmp,trajectory,,False,20.539177,45.523224
/content/quantum rheed codex/data/original data/Trajectories/2022-02-04/010_RR220204A_945C_0102.bmp,trajectory,,False,20.521603,45.346523
/content/quantum rheed codex/data/original data/Trajectories/2022-02-04/011_RR220204A_946C_0103.bmp,trajectory,,False,20.510292,45.32172
/content/quantum rheed codex/data/original data/Trajectories/2022-02-04/012_RR220204A_931C_0107.bmp,trajectory,,False,20.511873,45.30741
/content/quantum rheed codex/data/original data/Trajectories/2022-02-04/013_RR220204A_949C_0119.bmp,trajectory,,False,20.598959,44.842476
/content/quantum rheed codex/data/original data/Trajectories/2022-02-04/014_RR220204A_949C_0121.bmp,trajectory,,False,20.604803,44.728954
/content/quantum rheed codex/data/original data/Trajectories/2022-02-04/015_RR220204A_961C_0123.bmp,trajectory,,False,20.825262,44.071198
/content/quantum rheed codex/data/original data/Trajectories/2022-02-04/016_RR220204A_961C_0125.bmp,trajectory,,False,20.868917,43.876095
/content/quantum rheed codex/data/original data/Trajectories/2022-02-04/017_RR220204A_981C_0125.bmp,trajectory,,False,20.956852,43.500103
/content/quantum rheed codex/data/original data/Trajectories/2022-02-04/018_RR220204A_971C_0125.bmp,trajectory,,False,20.955305,43.59163
/content/quantum rheed codex/data/original data/Trajectories/2022-02-04/019_RR220204A_981C_0126-01.bmp,trajectory,,False,20.96453,43.452713
/content/quantum rheed codex/data/original data/Trajectories/2022-02-04/020_RR220204A_981C_0126-02.bmp,trajectory,,False,20.961107,43.474518
/content/quantum rheed codex/data/original data/Trajectories/2022-02-04/021_RR220204A_981C_0126-03.bmp,trajectory,,False,20.974169,43.43399
/content/quantum rheed codex/data/original data/Trajectories/2022-02-04/022_RR220204A_981C_0127.bmp,trajectory,,False,20.987514,43.380955
/content/quantum rheed codex/data/original data/Trajectories/2022-02-04/023_RR220204A_988C_0128.bmp,trajectory,,False,20.978117,43.40622
/content/quantum rheed codex/data/original data/Trajectories/2022-02-04/024_RR220204A_927C_0130.bmp,trajectory,,False,20.719536,43.939198
/content/quantum rheed codex/data/original data/Trajectories/2022-02-04/025_RR220204A_923C_0132.bmp,trajectory,,False,20.56006,44.362595
/content/quantum rheed codex/data/original data/Trajectories/2022-02-04/026_RR220204A_869C_0133-01.bmp,trajectory,,False,19.596066,45.577324
/content/quantum rheed codex/data/original data/Trajectories/2022-02-04/027_RR220204A_869C_0133-02.bmp,trajectory,,False,19.610909,45.587845
/content/quantum rheed codex/data/original data/Trajectories/2022-02-04/028_RR220204A_869C_0134.bmp,trajectory,,False,19.663778,45.566677
/content/quantum rheed codex/data/original data/Trajectories/2022-02-04/029_RR220204A_808C_0135.bmp,trajectory,,False,17.77554,46.982246
/content/quantum rheed codex/data/original data/Trajectories/2022-02-04/030_RR220204A_800C_0136.bmp,trajectory,,False,17.562725,47.125484
/content/quantum rheed codex/data/original data/Trajectories/2022-02-04/031_RR220204A_799C_0137.bmp,trajectory,,False,17.531744,47.151573
/content/quantum rheed codex/data/original data/Trajectories/2022-02-04/032_RR220204A_711C_0139.bmp,trajectory,,False,16.960041,47.32002
/content/quantum rheed codex/data/original data/Trajectories/2022-02-04/033_RR220204A_708C_0141.bmp,trajectory,,False,16.833876,47.278362
/content/quantum rheed codex/data/original data/Trajectories/2022-02-04/034_RR220204A_655C_0142.bmp,trajectory,,False,16.444717,47.262333
/content/quantum rheed codex/data/original data/Trajectories/2022-02-04/035_RR220204A_646C_0143.bmp,trajectory,,False,16.183983,47.24106
/content/quantum rheed codex/data/original data/Trajectories/2022-02-04/036_RR220204A_587C_0145.bmp,trajectory,,False,15.547824,47.191265
/content/quantum rheed codex/data/original data/Trajectories/2022-02-04/037_RR220204A_579C_0146.bmp,trajectory,,False,15.362433,47.17242
/content/quantum rheed codex/data/original data/Trajectories/2022-02-04/038_RR220204A_576C_0147.bmp,trajectory,,False,15.272446,47.162464
/content/quantum rheed codex/data/original data/Trajectories/2022-02-04/039_RR220204A_516C_0149.bmp,trajectory,,False,14.928338,47.13263
/content/quantum rheed codex/data/original data/Trajectories/2022-02-04/040_RR220204A_505C_0150.bmp,trajectory,,False,14.682977,47.104576
/content/quantum rheed codex/data/original data/Trajectories/2022-02-04/041_RR220204A_431C_0153.bmp,trajectory,,False,13.910846,47.032005
/content/quantum rheed codex/data/original data/Trajectories/2022-02-04/042_RR220204A_423C_0154.bmp,trajectory,,False,13.653783,47.009647
/content/quantum rheed codex/data/original data/Trajectories/2022-02-04/043_RR220204A_362C_0156.bmp,trajectory,,False,13.303976,46.981274
/content/quantum rheed codex/data/original data/Trajectories/2022-02-04/044_RR220204A_348C_0157.bmp,trajectory,,False,13.122361,46.968685
/content/quantum rheed codex/data/original data/Trajectories/2022-02-04/045_RR220204A_343C_0158.bmp,trajectory,,False,13.020556,46.963005
/content/quantum rheed codex/data/original data/Trajectories/2022-02-04/046_RR220204A_339C_0159.bmp,trajectory,,False,12.975824,46.959442
/content/quantum rheed codex/data/original data/Trajectories/2022-02-04/047_RR220204A_336C_0200.bmp,trajectory,,False,12.85538,46.955017
/content/quantum rheed codex/data/original data/Trajectories/2022-02-04/048_RR220204A_245C_0201.bmp,trajectory,,False,12.386253,46.933502
/content/quantum rheed codex/data/original data/Trajectories/2022-02-04/049_RR220204A_218C_0201.bmp,trajectory,,False,12.328772,46.93445
/content/quantum rheed codex/data/original data/Trajectories/2022-02-04/050_RR220204A_190C_0202.bmp,trajectory,,False,12.244859,46.936638
/content/quantum rheed codex/data/original data/Trajectories/2022-02-04/051_RR220204A_240C_0205.bmp,trajectory,,False,9.136083,47.17108
/content/quantum rheed codex/data/original data/Trajectories/2022-02-04/052_RR220204A_239C_0205.bmp,trajectory,,False,9.292259,47.157272
/content/quantum rheed codex/data/original data/Trajectories/2022-02-04/053_RR220204A_231C_0206.bmp,trajectory,,False,8.77487,47.20939
/content/quantum rheed codex/data/original data/Trajectories/2022-02-04/054_RR220204A_241C_0206.bmp,trajectory,,False,8.990803,47.185623
/content/quantum rheed codex/data/original data/Trajectories/2022-02-04/055_RR220204A_205C_0207.bmp,trajectory,,False,8.617227,47.225945
/content/quantum rheed codex/data/original data/Trajectories/2022-02-04/056_RR220204A_191C_0208.bmp,trajectory,,False,8.347433,47.25531
/content/quantum rheed codex/data/original data/Trajectories/2022-02-04/057_RR220204A_188C_0209.bmp,trajectory,,False,8.235624,47.26691
/content/quantum rheed codex/data/original data/Trajectories/2022-02-04/058_RR220204A_178C_0211.bmp,trajectory,,False,7.8975263,47.30346
/content/quantum rheed codex/data/original data/Trajectories/2022-02-04/059_RR220204A_180C_0211.bmp,trajectory,,False,7.8975263,47.30346
/content/quantum rheed codex/data/original data/Trajectories/2022-02-04/060_RR220204A_165C_0212.bmp,trajectory,,False,7.717544,47.324024
/content/quantum rheed codex/data/original data/Trajectories/2022-02-04/061_RR220204A_165C_0215-01.bmp,trajectory,,False,7.6922917,47.32596
/content/quantum rheed codex/data/original data/Trajectories/2022-02-04/062_RR220204A_165C_0215-02.bmp,trajectory,,False,7.6521935,47.33012
/content/quantum rheed codex/data/original data/Trajectories/2022-02-04/063_RR220204A_165C_0215-03.bmp,trajectory,,False,7.674991,47.325806
/content/quantum rheed codex/data/original data/Trajectories/2022-02-04/064_RR220204A_165C_0216.bmp,trajectory,,False,7.660081,47.326717
/content/quantum rheed codex/data/original data/Trajectories/2022-02-04/065_RR220204A_165C_0217.bmp,trajectory,,False,-16.746183,10.474632
/content/quantum rheed codex/data/original data/Trajectories/2022-02-04/066_RR220204A_165C_0218.bmp,trajectory,,False,-16.749695,10.468709
/content/quantum rheed codex/data/original data/Trajectories/2022-02-04/067_RR220204A_291C_1703.bmp,trajectory,,False,25.081673,14.359806
/content/quantum rheed codex/data/original data/Trajectories/2022-02-04/068_RR220204A_291C_1704.bmp,trajectory,,False,25.190641,14.584861
/content/quantum rheed codex/data/original data/Trajectories/2022-02-04/069_RR220204A_293C_1706.bmp,trajectory,,False,25.505697,15.220056
/content/quantum rheed codex/data/original data/Trajectories/2022-02-04/070_RR220204A_294C_1707.bmp,trajectory,,False,25.391394,15.208057
/content/quantum rheed codex/data/original data/Trajectories/2022-02-04/071_RR220204A_296C_1709-01.bmp,trajectory,,False,25.303253,15.268225
/content/quantum rheed codex/data/original data/Trajectories/2022-02-04/072_RR220204A_296C_1709-02.bmp,trajectory,,False,25.411509,15.307278
/content/quantum rheed codex/data/original data/Trajectories/2022-02-04/073_RR220204A_297C_1710.bmp,trajectory,,False,25.30538,15.365504
/content/quantum rheed codex/data/original data/Trajectories/2022-02-04/074_RR220204A_297C_1711.bmp,trajectory,,False,25.365116,15.490327
/content/quantum rheed codex/data/original data/Trajectories/2022-02-04/075_RR220204A_298C_1712.bmp,trajectory,,False,25.461529,15.482495
/content/quantum rheed codex/data/original data/Trajectories/2022-02-04/076_RR220204A_299C_1713.bmp,trajectory,,False,25.431404,15.65348
/content/quantum rheed codex/data/original data/Trajectories/2022-02-04/077_RR220204A_300C_1715.bmp,trajectory,,False,25.333471,15.693813
/content/quantum rheed codex/data/original data/Trajectories/2022-02-04/078_RR220204A_300C_1716.bmp,trajectory,,False,25.349947,15.748687
/content/quantum rheed codex/data/original data/Trajectories/2022-02-04/079_RR220204A_301C_1717.bmp,trajectory,,False,25.30719,15.734467
/content/quantum rheed codex/data/original data/Trajectories/2022-02-04/080_RR220204A_301C_1718.bmp,trajectory,,False,25.531425,15.648102
/content/quantum rheed codex/data/original data/Trajectories/2022-02-04/081_RR220204A_344C_1719.bmp,trajectory,,False,20.29408,14.793261
/content/quantum rheed codex/data/original data/Trajectories/2022-02-04/082_RR220204A_358C_1719.bmp,trajectory,,False,21.779907,15.518922
/content/quantum rheed codex/data/original data/Trajectories/2022-02-04/083_RR220204A_365C_1720.bmp,trajectory,,False,21.850513,15.343956
/content/quantum rheed codex/data/original data/Trajectories/2022-02-04/084_RR220204A_373C_1720.bmp,trajectory,,False,22.054913,15.437242
/content/quantum rheed codex/data/original data/Trajectories/2022-02-04/085_RR220204A_378C_1720.bmp,trajectory,,False,21.498693,15.403532
/content/quantum rheed codex/data/original data/Trajectories/2022-02-04/086_RR220204A_387C_1721.bmp,trajectory,,False,20.87581,15.470456
/content/quantum rheed codex/data/original data/Trajectories/2022-02-04/087_RR220204A_389C_1721.bmp,trajectory,,False,21.243998,15.841501
/content/quantum rheed codex/data/original data/Trajectories/2022-02-04/088_RR220204A_382C_1721-01.bmp,trajectory,,False,20.902298,15.597714
/content/quantum rheed codex/data/original data/Trajectories/2022-02-04/089_RR220204A_382C_1721-02.bmp,trajectory,,False,20.370928,15.371054
/content/quantum rheed codex/data/original data/Trajectories/2022-02-04/090_RR220204A_394C_1722.bmp,trajectory,,False,21.229633,15.470065
/content/quantum rheed codex/data/original data/Trajectories/2022-02-04/091_RR220204A_393C_1722.bmp,trajectory,,False,21.714804,16.067423
/content/quantum rheed codex/data/original data/Trajectories/2022-02-04/092_RR220204A_396C_1722.bmp,trajectory,,False,21.322948,15.525841
/content/quantum rheed codex/data/original data/Trajectories/2022-02-04/093_RR220204A_397C_1722.bmp,trajectory,,False,21.77575,15.913796
/content/quantum rheed codex/data/original data/Trajectories/2022-02-04/094_RR220204A_400C_1724.bmp,trajectory,,False,21.402674,15.785641
/content/quantum rheed codex/data/original data/Trajectories/2022-02-04/095_RR220204A_403C_1725.bmp,trajectory,,False,22.098276,16.535769
/content/quantum rheed codex/data/original data/Trajectories/2022-02-04/096_RR220204A_404C_1726.bmp,trajectory,,False,21.892977,15.977986
/content/quantum rheed codex/data/original data/Trajectories/2022-02-04/097_RR220204A_405C_1727.bmp,trajectory,,False,21.510023,16.414764
/content/quantum rheed codex/data/original data/Trajectories/2022-02-04/098_RR220204A_406C_1728.bmp,trajectory,,False,22.065115,16.677895
/content/quantum rheed codex/data/original data/Trajectories/2022-02-04/099_RR220204A_406C_1729.bmp,trajectory,,False,22.267145,16.888905
/content/quantum rheed codex/data/original data/Trajectories/2022-02-04/100_RR220204A_407C_1730.bmp,trajectory,,False,22.060099,16.603497
/content/quantum rheed codex/data/original data/Trajectories/2022-02-04/101_RR220204A_407C_1731.bmp,trajectory,,False,22.490913,16.18137
/content/quantum rheed codex/data/original data/Trajectories/2022-02-04/102_RR220204A_408C_1732.bmp,trajectory,,False,21.823668,16.820648
/content/quantum rheed codex/data/original data/Trajectories/2022-02-04/103_RR220204A_408C_1733.bmp,trajectory,,False,21.982697,17.250217
/content/quantum rheed codex/data/original data/Trajectories/2022-02-04/104_RR220204A_408C_1734.bmp,trajectory,,False,21.797195,17.16006
/content/quantum rheed codex/data/original data/Trajectories/2022-02-04/105_RR220204A_409C_1735.bmp,trajectory,,False,21.835005,17.112368
/content/quantum rheed codex/data/original data/Trajectories/2022-02-04/106_RR220204A_430C_1736.bmp,trajectory,,False,17.092133,16.521952
/content/quantum rheed codex/data/original data/Trajectories/2022-02-04/107_RR220204A_409C_1736.bmp,trajectory,,False,21.688171,17.17199
/content/quantum rheed codex/data/original data/Trajectories/2022-02-04/108_RR220204A_421C_1736.bmp,trajectory,,False,17.96567,17.17935
/content/quantum rheed codex/data/original data/Trajectories/2022-02-04/109_RR220204A_437C_1737.bmp,trajectory,,False,16.61766,16.577158
/content/quantum rheed codex/data/original data/Trajectories/2022-02-04/110_RR220204A_438C_1737.bmp,trajectory,,False,17.10189,16.95979
/content/quantum rheed codex/data/original data/Trajectories/2022-02-04/111_RR220204A_435C_1737.bmp,trajectory,,False,16.617657,16.57716
/content/quantum rheed codex/data/original data/Trajectories/2022-02-04/112_RR220204A_442C_1738.bmp,trajectory,,False,16.418224,17.334024
/content/quantum rheed codex/data/original data/Trajectories/2022-02-04/113_RR220204A_443C_1738.bmp,trajectory,,False,17.381123,17.410109
/content/quantum rheed codex/data/original data/Trajectories/2022-02-04/114_RR220204A_440C_1738.bmp,trajectory,,False,17.101887,16.959963
/content/quantum rheed codex/data/original data/Trajectories/2022-02-04/115_RR220204A_441C_1738.bmp,trajectory,,False,17.101887,16.959963
/content/quantum rheed codex/data/original data/Trajectories/2022-02-04/116_RR220204A_445C_1739.bmp,trajectory,,False,15.414763,16.743708
/content/quantum rheed codex/data/original data/Trajectories/2022-02-04/117_RR220204A_445C_1740.bmp,trajectory,,False,17.243662,18.032936
/content/quantum rheed codex/data/original data/Trajectories/2022-02-04/118_RR220204A_445C_1741.bmp,trajectory,,False,16.331825,17.181553
/content/quantum rheed codex/data/original data/Trajectories/2022-02-04/119_RR220204A_445C_1743.bmp,trajectory,,False,16.286476,17.097486
/content/quantum rheed codex/data/original data/Trajectories/2022-02-04/120_RR220204A_445C_1744.bmp,trajectory,,False,16.104095,17.762035
/content/quantum rheed codex/data/original data/Trajectories/2022-02-04/121_RR220204A_444C_1745.bmp,trajectory,,False,16.654396,17.633207
/content/quantum rheed codex/data/original data/Trajectories/2022-02-04/122_RR220204A_444C_1746.bmp,trajectory,,False,17.005304,17.69328
/content/quantum rheed codex/data/original data/Trajectories/2022-02-04/123_RR220204A_444C_1747.bmp,trajectory,,False,17.361906,17.64642
/content/quantum rheed codex/data/original data/Trajectories/2022-02-04/124_RR220204A_444C_1748.bmp,trajectory,,False,15.837331,17.023575
/content/quantum rheed codex/data/original data/Trajectories/2022-02-04/125_RR220204A_444C_1749.bmp,trajectory,,False,15.723187,17.216013
/content/quantum rheed codex/data/original data/Trajectories/2022-02-04/126_RR220204A_443C_1750.bmp,trajectory,,False,16.747948,17.603739
/content/quantum rheed codex/data/original data/Trajectories/2022-02-04/127_RR220204A_461C_1753.bmp,trajectory,,False,12.113073,18.308744
/content/quantum rheed codex/data/original data/Trajectories/2022-02-04/128_RR220204A_459C_1753.bmp,trajectory,,False,11.859705,18.414642
/content/quantum rheed codex/data/original data/Trajectories/2022-02-04/129_RR220204A_465C_1753.bmp,trajectory,,False,14.759119,18.56987
/content/quantum rheed codex/data/original data/Trajectories/2022-02-04/130_RR220204A_463C_1753.bmp,trajectory,,False,12.113073,18.308744
/content/quantum rheed codex/data/original data/Trajectories/2022-02-04/131_RR220204A_466C_1754.bmp,trajectory,,False,12.0915785,17.89172
/content/quantum rheed codex/data/original data/Trajectories/2022-02-04/132_RR220204A_468C_1754.bmp,trajectory,,False,13.450925,18.386675
/content/quantum rheed codex/data/original data/Trajectories/2022-02-04/133_RR220204A_467C_1754-01.bmp,trajectory,,False,13.075357,18.52812
/content/quantum rheed codex/data/original data/Trajectories/2022-02-04/134_RR220204A_467C_1754-02.bmp,trajectory,,False,13.593463,18.661274
/content/quantum rheed codex/data/original data/Trajectories/2022-02-04/135_RR220204A_468C_1755.bmp,trajectory,,False,14.496844,18.690655
/content/quantum rheed codex/data/original data/Trajectories/2022-02-04/136_RR220204A_469C_1755-01.bmp,trajectory,,False,13.34638,18.666111
/content/quantum rheed codex/data/original data/Trajectories/2022-02-04/137_RR220204A_469C_1755-02.bmp,trajectory,,False,14.014324,18.582005
/content/quantum rheed codex/data/original data/Trajectories/2022-02-04/138_RR220204A_470C_1756.bmp,trajectory,,False,12.459144,18.104502
/content/quantum rheed codex/data/original data/Trajectories/2022-02-04/139_RR220204A_470C_1758.bmp,trajectory,,False,12.446824,18.3517
/content/quantum rheed codex/data/original data/Trajectories/2022-02-04/140_RR220204A_470C_1759.bmp,trajectory,,False,13.704767,18.718885
/content/quantum rheed codex/data/original data/Trajectories/2022-02-04/141_RR220204A_471C_1759.bmp,trajectory,,False,14.706375,18.5308
/content/quantum rheed codex/data/original data/Trajectories/2022-02-04/142_RR220204A_471C_1801.bmp,trajectory,,False,13.473641,18.539717
/content/quantum rheed codex/data/original data/Trajectories/2022-02-04/143_RR220204A_471C_1802.bmp,trajectory,,False,13.838444,18.922882
/content/quantum rheed codex/data/original data/Trajectories/2022-02-04/144_RR220204A_473C_1803.bmp,trajectory,,False,12.079606,19.17334
/content/quantum rheed codex/data/original data/Trajectories/2022-02-04/145_RR220204A_471C_1803.bmp,trajectory,,False,13.097428,18.498251
/content/quantum rheed codex/data/original data/Trajectories/2022-02-04/146_RR220204A_484C_1804.bmp,trajectory,,False,11.767367,19.352936
/content/quantum rheed codex/data/original data/Trajectories/2022-02-04/147_RR220204A_486C_1804.bmp,trajectory,,False,11.060168,19.2929
/content/quantum rheed codex/data/original data/Trajectories/2022-02-04/148_RR220204A_480C_1804.bmp,trajectory,,False,11.732216,19.409164
/content/quantum rheed codex/data/original data/Trajectories/2022-02-04/149_RR220204A_487C_1804.bmp,trajectory,,False,10.984811,19.540724
/content/quantum rheed codex/data/original data/Trajectories/2022-02-04/150_RR220204A_487C_1805.bmp,trajectory,,False,12.653029,19.806667
/content/quantum rheed codex/data/original data/Trajectories/2022-02-04/151_RR220204A_488C_1805-01.bmp,trajectory,,False,12.076013,20.02786
/content/quantum rheed codex/data/original data/Trajectories/2022-02-04/152_RR220204A_488C_1805-02.bmp,trajectory,,False,12.387915,19.52167
/content/quantum rheed codex/data/original data/Trajectories/2022-02-04/153_RR220204A_489C_1806.bmp,trajectory,,False,12.698244,19.57859
/content/quantum rheed codex/data/original data/Trajectories/2022-02-04/154_RR220204A_489C_1807.bmp,trajectory,,False,11.138187,19.775032
/content/quantum rheed codex/data/original data/Trajectories/2022-02-04/155_RR220204A_490C_1807.bmp,trajectory,,False,10.677148,19.67015
/content/quantum rheed codex/data/original data/Trajectories/2022-02-04/156_RR220204A_490C_1808.bmp,trajectory,,False,10.934455,20.020123
/content/quantum rheed codex/data/original data/Trajectories/2022-02-04/157_RR220204A_498C_1809.bmp,trajectory,,False,9.396996,20.6556
/content/quantum rheed codex/data/original data/Trajectories/2022-02-04/158_RR220204A_490C_1809.bmp,trajectory,,False,11.672296,19.837688
/content/quantum rheed codex/data/original data/Trajectories/2022-02-04/159_RR220204A_501C_1809-01.bmp,trajectory,,False,9.510023,20.698395
/content/quantum rheed codex/data/original data/Trajectories/2022-02-04/160_RR220204A_501C_1809-02.bmp,trajectory,,False,10.18337,20.195782
/content/quantum rheed codex/data/original data/Trajectories/2022-02-04/161_RR220204A_504C_1810.bmp,trajectory,,False,9.554965,20.592192
/content/quantum rheed codex/data/original data/Trajectories/2022-02-04/162_RR220204A_506C_1810-01.bmp,trajectory,,False,8.91068,21.062576
/content/quantum rheed codex/data/original data/Trajectories/2022-02-04/163_RR220204A_506C_1810-02.bmp,trajectory,,False,9.75247,20.44218
/content/quantum rheed codex/data/original data/Trajectories/2022-02-04/164_RR220204A_507C_1811.bmp,trajectory,,False,10.182694,20.29268
/content/quantum rheed codex/data/original data/Trajectories/2022-02-04/165_RR220204A_508C_1812.bmp,trajectory,,False,9.248566,20.822422
/content/quantum rheed codex/data/original data/Trajectories/2022-02-04/166_RR220204A_508C_1813.bmp,trajectory,,False,9.560996,20.651182
/content/quantum rheed codex/data/original data/Trajectories/2022-02-04/167_RR220204A_509C_1814.bmp,trajectory,,False,10.026563,20.633507
/content/quantum rheed codex/data/original data/Trajectories/2022-02-04/168_RR220204A_508C_1817.bmp,trajectory,,False,9.2230835,20.940771
/content/quantum rheed codex/data/original data/Trajectories/2022-02-04/169_RR220204A_511C_1817.bmp,trajectory,,False,6.481512,22.38736
/content/quantum rheed codex/data/original data/Trajectories/2022-02-04/170_RR220204A_536C_1818.bmp,trajectory,,False,6.8670306,22.510197
/content/quantum rheed codex/data/original data/Trajectories/2022-02-04/171_RR220204A_531C_1818.bmp,trajectory,,False,7.0935388,22.286995
/content/quantum rheed codex/data/original data/Trajectories/2022-02-04/172_RR220204A_539C_1818.bmp,trajectory,,False,6.881797,22.511154
/content/quantum rheed codex/data/original data/Trajectories/2022-02-04/173_RR220204A_534C_1818.bmp,trajectory,,False,7.3086834,22.264225
/content/quantum rheed codex/data/original data/Trajectories/2022-02-04/174_RR220204A_527C_1818.bmp,trajectory,,False,6.6740165,22.366476
/content/quantum rheed codex/data/original data/Trajectories/2022-02-04/175_RR220204A_540C_1819.bmp,trajectory,,False,6.807475,22.694298
/content/quantum rheed codex/data/original data/Trajectories/2022-02-04/176_RR220204A_543C_1820.bmp,trajectory,,False,6.965654,22.59581
/content/quantum rheed codex/data/original data/Trajectories/2022-02-04/177_RR220204A_544C_1821.bmp,trajectory,,False,6.509439,22.816284
/content/quantum rheed codex/data/original data/Trajectories/2022-02-04/178_RR220204A_544C_1822.bmp,trajectory,,False,7.411872,22.453522
/content/quantum rheed codex/data/original data/Trajectories/2022-02-04/179_RR220204A_544C_1823.bmp,trajectory,,False,6.8553777,22.91452
/content/quantum rheed codex/data/original data/Trajectories/2022-02-04/180_RR220204A_553C_1824.bmp,trajectory,,False,5.450174,23.411785
/content/quantum rheed codex/data/original data/Trajectories/2022-02-04/181_RR220204A_572C_1825.bmp,trajectory,,False,5.4946566,23.717999
/content/quantum rheed codex/data/original data/Trajectories/2022-02-04/182_RR220204A_567C_1825.bmp,trajectory,,False,5.4924846,23.583872
/content/quantum rheed codex/data/original data/Trajectories/2022-02-04/183_RR220204A_569C_1825.bmp,trajectory,,False,5.64817,23.689344
/content/quantum rheed codex/data/original data/Trajectories/2022-02-04/184_RR220204A_576C_1826.bmp,trajectory,,False,4.980039,23.743853
/content/quantum rheed codex/data/original data/Trajectories/2022-02-04/185_RR220204A_577C_1826.bmp,trajectory,,False,5.286053,23.642687
/content/quantum rheed codex/data/original data/Trajectories/2022-02-04/186_RR220204A_578C_1827.bmp,trajectory,,False,5.8546467,23.55307
/content/quantum rheed codex/data/original data/Trajectories/2022-02-04/187_RR220204A_579C_1828.bmp,trajectory,,False,5.1964297,24.214832
/content/quantum rheed codex/data/original data/Trajectories/2022-02-04/188_RR220204A_579C_1829.bmp,trajectory,,False,5.052145,24.229134
/content/quantum rheed codex/data/original data/Trajectories/2022-02-04/189_RR220204A_578C_1830.bmp,trajectory,,False,4.786345,24.40711
/content/quantum rheed codex/data/original data/Trajectories/2022-02-04/190_RR220204A_603C_1831.bmp,trajectory,,False,4.121411,24.382868
/content/quantum rheed codex/data/original data/Trajectories/2022-02-04/191_RR220204A_582C_1831.bmp,trajectory,,False,4.224127,24.314043
/content/quantum rheed codex/data/original data/Trajectories/2022-02-04/192_RR220204A_607C_1831.bmp,trajectory,,False,4.31326,24.41582
/content/quantum rheed codex/data/original data/Trajectories/2022-02-04/193_RR220204A_609C_1832.bmp,trajectory,,False,4.294844,24.62676
/content/quantum rheed codex/data/original data/Trajectories/2022-02-04/194_RR220204A_610C_1832.bmp,trajectory,,False,4.4505157,24.614925
/content/quantum rheed codex/data/original data/Trajectories/2022-02-04/195_RR220204A_611C_1832.bmp,trajectory,,False,4.4300256,24.654863
/content/quantum rheed codex/data/original data/Trajectories/2022-02-04/196_RR220204A_611C_1834.bmp,trajectory,,False,4.054388,25.258873
/content/quantum rheed codex/data/original data/Trajectories/2022-02-04/197_RR220204A_611C_1835.bmp,trajectory,,False,3.8937218,25.453197
/content/quantum rheed codex/data/original data/Trajectories/2022-02-04/198_RR220204A_610C_1836.bmp,trajectory,,False,3.710768,25.83263
/content/quantum rheed codex/data/original data/Trajectories/2022-02-04/199_RR220204A_636C_1837.bmp,trajectory,,False,3.4518607,25.417183
/content/quantum rheed codex/data/original data/Trajectories/2022-02-04/200_RR220204A_627C_1837.bmp,trajectory,,False,3.563429,25.226929
/content/quantum rheed codex/data/original data/Trajectories/2022-02-04/201_RR220204A_642C_1838.bmp,trajectory,,False,3.1869447,26.067995
/content/quantum rheed codex/data/original data/Trajectories/2022-02-04/202_RR220204A_641C_1838.bmp,trajectory,,False,3.265408,25.907072
/content/quantum rheed codex/data/original data/Trajectories/2022-02-04/203_RR220204A_640C_1838.bmp,trajectory,,False,3.4569561,25.483164
/content/quantum rheed codex/data/original data/Trajectories/2022-02-04/204_RR220204A_642C_1839-01.bmp,trajectory,,False,3.1603165,25.996523
/content/quantum rheed codex/data/original data/Trajectories/2022-02-04/205_RR220204A_642C_1839-02.bmp,trajectory,,False,2.9044387,26.348179
/content/quantum rheed codex/data/original data/Trajectories/2022-02-04/206_RR220204A_641C_1841.bmp,trajectory,,False,1.9724975,27.45205
/content/quantum rheed codex/data/original data/Trajectories/2022-02-04/207_RR220204A_640C_1842.bmp,trajectory,,False,1.3699975,28.181807
/content/quantum rheed codex/data/original data/Trajectories/2022-02-04/208_RR220204A_639C_1843.bmp,trajectory,,False,1.2115121,28.363243
/content/quantum rheed codex/data/original data/Trajectories/2022-02-04/209_RR220204A_637C_1845.bmp,trajectory,,False,1.0444185,28.515068
/content/quantum rheed codex/data/original data/Trajectories/2022-02-04/210_RR220204A_651C_1846.bmp,trajectory,,False,0.8490273,28.855469
/content/quantum rheed codex/data/original data/Trajectories/2022-02-04/211_RR220204A_667C_1847.bmp,trajectory,,False,0.72258043,28.993973
/content/quantum rheed codex/data/original data/Trajectories/2022-02-04/212_RR220204A_669C_1847.bmp,trajectory,,False,0.6668617,28.975368
/content/quantum rheed codex/data/original data/Trajectories/2022-02-04/213_RR220204A_668C_1847.bmp,trajectory,,False,0.61712337,29.02315
/content/quantum rheed codex/data/original data/Trajectories/2022-02-04/214_RR220204A_665C_1847.bmp,trajectory,,False,0.6382301,29.075762
/content/quantum rheed codex/data/original data/Trajectories/2022-02-04/215_RR220204A_669C_1848.bmp,trajectory,,False,0.42707372,29.249323
/content/quantum rheed codex/data/original data/Trajectories/2022-02-04/216_RR220204A_670C_1848.bmp,trajectory,,False,0.57369584,29.285534
/content/quantum rheed codex/data/original data/Trajectories/2022-02-04/217_RR220204A_670C_1850.bmp,trajectory,,False,0.08747009,29.715849
/content/quantum rheed codex/data/original data/Trajectories/2022-02-04/218_RR220204A_669C_1851.bmp,trajectory,,False,-0.19093564,29.864918
/content/quantum rheed codex/data/original data/Trajectories/2022-02-04/219_RR220204A_668C_1852.bmp,trajectory,,False,-0.066496514,29.653194
/content/quantum rheed codex/data/original data/Trajectories/2022-02-04/220_RR220204A_668C_1853.bmp,trajectory,,False,-0.26028973,30.003439
/content/quantum rheed codex/data/original data/Trajectories/2022-02-04/221_RR220204A_666C_1854.bmp,trajectory,,False,-0.58451176,30.066626
/content/quantum rheed codex/data/original data/Trajectories/2022-02-04/222_RR220204A_666C_1855.bmp,trajectory,,False,-0.8179443,30.211391
/content/quantum rheed codex/data/original data/Trajectories/2022-02-04/223_RR220204A_666C_1856.bmp,trajectory,,False,-0.5815775,30.906696
/content/quantum rheed codex/data/original data/Trajectories/2022-02-04/224_RR220204A_697C_1857.bmp,trajectory,,False,-0.78162634,30.897278
/content/quantum rheed codex/data/original data/Trajectories/2022-02-04/225_RR220204A_690C_1857.bmp,trajectory,,False,-0.75973344,30.797508
/content/quantum rheed codex/data/original data/Trajectories/2022-02-04/226_RR220204A_698C_1857.bmp,trajectory,,False,-0.7019313,30.582699
/content/quantum rheed codex/data/original data/Trajectories/2022-02-04/227_RR220204A_699C_1859.bmp,trajectory,,False,-1.1092203,31.153425
/content/quantum rheed codex/data/original data/Trajectories/2022-02-04/228_RR220204A_696C_1901-01.bmp,trajectory,,False,-1.206064,31.064201
/content/quantum rheed codex/data/original data/Trajectories/2022-02-04/229_RR220204A_696C_1901-02.bmp,trajectory,,False,-1.5658374,30.996506
/content/quantum rheed codex/data/original data/Trajectories/2022-02-04/230_RR220204A_695C_1902.bmp,trajectory,,False,-1.6941996,31.304655
/content/quantum rheed codex/data/original data/Trajectories/2022-02-04/231_RR220204A_694C_1903.bmp,trajectory,,False,-1.8430026,31.298635
/content/quantum rheed codex/data/original data/Trajectories/2022-02-04/232_RR220204A_725C_1904.bmp,trajectory,,False,-1.6133189,31.901241
/content/quantum rheed codex/data/original data/Trajectories/2022-02-04/233_RR220204A_709C_1904.bmp,trajectory,,False,-1.4872841,31.893112
/content/quantum rheed codex/data/original data/Trajectories/2022-02-04/234_RR220204A_723C_1904.bmp,trajectory,,False,-1.3437505,31.883856
/content/quantum rheed codex/data/original data/Trajectories/2022-02-04/235_RR220204A_725C_1905.bmp,trajectory,,False,-2.071174,32.08367
/content/quantum rheed codex/data/original data/Trajectories/2022-02-04/236_RR220204A_726C_1905.bmp,trajectory,,False,-1.7948606,32.069965
/content/quantum rheed codex/data/original data/Trajectories/2022-02-04/237_RR220204A_725C_1906.bmp,trajectory,,False,-2.0998583,32.105785
/content/quantum rheed codex/data/original data/Trajectories/2022-02-04/238_RR220204A_722C_1908.bmp,trajectory,,False,-2.2406223,32.269897
/content/quantum rheed codex/data/original data/Trajectories/2022-02-04/239_RR220204A_720C_1910.bmp,trajectory,,False,-2.5840473,32.097317
/content/quantum rheed codex/data/original data/Trajectories/2022-02-04/240_RR220204A_730C_1911.bmp,trajectory,,False,-2.4793267,32.570843
/content/quantum rheed codex/data/original data/Trajectories/2022-02-04/241_RR220204A_736C_1911.bmp,trajectory,,False,-2.9023488,33.056767
/content/quantum rheed codex/data/original data/Trajectories/2022-02-04/242_RR220204A_720C_1911.bmp,trajectory,,False,-2.5171595,32.14861
/content/quantum rheed codex/data/original data/Trajectories/2022-02-04/243_RR220204A_740C_1912.bmp,trajectory,,False,-2.92294,33.06877
/content/quantum rheed codex/data/original data/Trajectories/2022-02-04/244_RR220204A_737C_1912.bmp,trajectory,,False,-2.5056581,32.91579
/content/quantum rheed codex/data/original data/Trajectories/2022-02-04/245_RR220204A_741C_1913.bmp,trajectory,,False,-2.5704768,33.04136
/content/quantum rheed codex/data/original data/Trajectories/2022-02-04/246_RR220204A_742C_1914.bmp,trajectory,,False,-2.8527749,33.224434
/content/quantum rheed codex/data/original data/Trajectories/2022-02-04/247_RR220204A_743C_1915.bmp,trajectory,,False,-2.7894638,33.192223
/content/quantum rheed codex/data/original data/Trajectories/2022-02-04/248_RR220204A_745C_1916.bmp,trajectory,,False,-3.1122994,33.55607
/content/quantum rheed codex/data/original data/Trajectories/2022-02-04/249_RR220204A_746C_1917.bmp,trajectory,,False,-3.2146995,33.737488
/content/quantum rheed codex/data/original data/Trajectories/2022-02-04/250_RR220204A_747C_1919.bmp,trajectory,,False,-3.3037357,33.84501
/content/quantum rheed codex/data/original data/Trajectories/2022-02-04/251_RR220204A_747C_1920.bmp,trajectory,,False,-3.5540235,34.319492
/content/quantum rheed codex/data/original data/Trajectories/2022-02-04/252_RR220204A_776C_1923.bmp,trajectory,,False,-3.8853521,34.9788
/content/quantum rheed codex/data/original data/Trajectories/2022-02-04/253_RR220204A_782C_1923.bmp,trajectory,,False,-4.064629,35.36513
/content/quantum rheed codex/data/original data/Trajectories/2022-02-04/254_RR220204A_781C_1924.bmp,trajectory,,False,-3.998492,35.160557
/content/quantum rheed codex/data/original data/Trajectories/2022-02-04/255_RR220204A_780C_1925.bmp,trajectory,,False,-4.2155914,35.65494
/content/quantum rheed codex/data/original data/Trajectories/2022-02-04/256_RR220204A_777C_1926.bmp,trajectory,,False,-4.072582,35.26463
/content/quantum rheed codex/data/original data/Trajectories/2022-02-04/257_RR220204A_774C_1927.bmp,trajectory,,False,-4.3452654,35.612152
/content/quantum rheed codex/data/original data/Trajectories/2022-02-04/258_RR220204A_772C_1928.bmp,trajectory,,False,-4.4967833,35.977474
/content/quantum rheed codex/data/original data/Trajectories/2022-02-04/259_RR220204A_789C_1929.bmp,trajectory,,False,-4.4522967,36.191864
/content/quantum rheed codex/data/original data/Trajectories/2022-02-04/260_RR220204A_786C_1929.bmp,trajectory,,False,-4.485979,36.21472
/content/quantum rheed codex/data/original data/Trajectories/2022-02-04/261_RR220204A_790C_1930.bmp,trajectory,,False,-4.5549045,36.34591
/content/quantum rheed codex/data/original data/Trajectories/2022-02-04/262_RR220204A_793C_1932.bmp,trajectory,,False,-4.550958,36.412746
/content/quantum rheed codex/data/original data/Trajectories/2022-02-04/263_RR220204A_793C_1934.bmp,trajectory,,False,-4.6982937,36.65308
/content/quantum rheed codex/data/original data/Trajectories/2022-02-04/264_RR220204A_793C_1935.bmp,trajectory,,False,-4.7614985,36.8736
/content/quantum rheed codex/data/original data/Trajectories/2022-02-04/265_RR220204A_788C_1937.bmp,trajectory,,False,-4.945992,37.338367
/content/quantum rheed codex/data/original data/Trajectories/2022-02-04/266_RR220204A_783C_1938.bmp,trajectory,,False,-4.9330726,37.28444
/content/quantum rheed codex/data/original data/Trajectories/2022-02-04/267_RR220204A_793C_1940.bmp,trajectory,,False,-5.0476737,37.802586
/content/quantum rheed codex/data/original data/Trajectories/2022-02-04/268_RR220204A_795C_1940.bmp,trajectory,,False,-5.05852,37.78915
/content/quantum rheed codex/data/original data/Trajectories/2022-02-04/269_RR220204A_797C_1941.bmp,trajectory,,False,-5.119033,37.943745
/content/quantum rheed codex/data/original data/Trajectories/2022-02-04/270_RR220204A_797C_1942.bmp,trajectory,,False,-5.160004,38.139874
/content/quantum rheed codex/data/original data/Trajectories/2022-02-04/271_RR220204A_794C_1944.bmp,trajectory,,False,-5.2016006,38.258194
/content/quantum rheed codex/data/original data/Trajectories/2022-02-04/272_RR220204A_797C_1947.bmp,trajectory,,False,-5.3028493,38.69284
/content/quantum rheed codex/data/original data/Trajectories/2022-02-04/273_RR220204A_797C_1950.bmp,trajectory,,False,-5.562699,39.655415
/content/quantum rheed codex/data/original data/Trajectories/2022-02-04/274_RR220204A_816C_1951.bmp,trajectory,,False,-5.5562177,40.175503
/content/quantum rheed codex/data/original data/Trajectories/2022-02-04/275_RR220204A_819C_1951-01.bmp,trajectory,,False,-5.6064453,40.40744
/content/quantum rheed codex/data/original data/Trajectories/2022-02-04/276_RR220204A_819C_1951-02.bmp,trajectory,,False,-5.53945,40.139668
/content/quantum rheed codex/data/original data/Trajectories/2022-02-04/277_RR220204A_814C_1953.bmp,trajectory,,False,-5.6060166,40.014122
/content/quantum rheed codex/data/original data/Trajectories/2022-02-04/278_RR220204A_811C_1954.bmp,trajectory,,False,-5.7048826,40.240204
/content/quantum rheed codex/data/original data/Trajectories/2022-02-04/279_RR220204A_812C_1956.bmp,trajectory,,False,-5.778886,40.38926
/content/quantum rheed codex/data/original data/Trajectories/2022-02-04/280_RR220204A_809C_1958.bmp,trajectory,,False,-5.853209,40.717297
/content/quantum rheed codex/data/original data/Trajectories/2022-02-04/281_RR220204A_806C_2000.bmp,trajectory,,False,-5.8353105,40.718628
/content/quantum rheed codex/data/original data/Trajectories/2022-02-04/282_RR220204A_808C_2002.bmp,trajectory,,False,-5.9719195,41.171677
/content/quantum rheed codex/data/original data/Trajectories/2022-02-04/283_RR220204A_807C_2003.bmp,trajectory,,False,-5.9886427,41.079987
/content/quantum rheed codex/data/original data/Trajectories/2022-02-04/284_RR220204A_806C_2006.bmp,trajectory,,False,-6.0328,41.275257
/content/quantum rheed codex/data/original data/Trajectories/2022-02-04/285_RR220204A_820C_2007.bmp,trajectory,,False,-6.342645,42.420288
/content/quantum rheed codex/data/original data/Trajectories/2022-02-04/286_RR220204A_821C_2007.bmp,trajectory,,False,-6.2554464,42.178246
/content/quantum rheed codex/data/original data/Trajectories/2022-02-04/287_RR220204A_851C_2008.bmp,trajectory,,False,-6.25484,43.21987
/content/quantum rheed codex/data/original data/Trajectories/2022-02-04/288_RR220204A_839C_2008.bmp,trajectory,,False,-6.3373456,42.982403
/content/quantum rheed codex/data/original data/Trajectories/2022-02-04/289_RR220204A_853C_2008.bmp,trajectory,,False,-6.3591638,43.622738
/content/quantum rheed codex/data/original data/Trajectories/2022-02-04/290_RR220204A_849C_2010.bmp,trajectory,,False,-6.415461,43.411972
/content/quantum rheed codex/data/original data/Trajectories/2022-02-04/291_RR220204A_848C_2011.bmp,trajectory,,False,-6.5788813,43.44373
/content/quantum rheed codex/data/original data/Trajectories/2022-02-04/292_RR220204A_846C_2012.bmp,trajectory,,False,-6.579176,43.381413
/content/quantum rheed codex/data/original data/Trajectories/2022-02-04/293_RR220204A_845C_2013.bmp,trajectory,,False,-6.654967,43.21616
/content/quantum rheed codex/data/original data/Trajectories/2022-02-04/294_RR220204A_843C_2014.bmp,trajectory,,False,-6.7407207,43.357292
/content/quantum rheed codex/data/original data/Trajectories/2022-02-04/295_RR220204A_882C_2015.bmp,trajectory,,False,-6.654085,44.75988
/content/quantum rheed codex/data/original data/Trajectories/2022-02-04/296_RR220204A_869C_2015.bmp,trajectory,,False,-6.598001,44.505222
/content/quantum rheed codex/data/original data/Trajectories/2022-02-04/297_RR220204A_880C_2015.bmp,trajectory,,False,-6.6064844,44.752403
/content/quantum rheed codex/data/original data/Trajectories/2022-02-04/298_RR220204A_882C_2016.bmp,trajectory,,False,-6.7467365,44.65879
/content/quantum rheed codex/data/original data/Trajectories/2022-02-04/299_RR220204A_882C_2017.bmp,trajectory,,False,-6.8622823,44.563953
/content/quantum rheed codex/data/original data/Trajectories/2022-02-04/300_RR220204A_881C_2018.bmp,trajectory,,False,-6.952262,44.708485
/content/quantum rheed codex/data/original data/Trajectories/2022-02-04/301_RR220204A_881C_2020.bmp,trajectory,,False,-6.962164,44.555084
/content/quantum rheed codex/data/original data/Trajectories/2022-02-04/302_RR220204A_894C_2021.bmp,trajectory,,False,-7.077014,45.48948
/content/quantum rheed codex/data/original data/Trajectories/2022-02-04/303_RR220204A_917C_2021.bmp,trajectory,,False,-7.4155183,46.222733
/content/quantum rheed codex/data/original data/Trajectories/2022-02-04/304_RR220204A_915C_2021.bmp,trajectory,,False,-7.398163,46.265873
/content/quantum rheed codex/data/original data/Trajectories/2022-02-04/305_RR220204A_915C_2023.bmp,trajectory,,False,-7.425473,46.12735
/content/quantum rheed codex/data/original data/Trajectories/2022-02-04/306_RR220204A_913C_2024.bmp,trajectory,,False,-7.499814,46.28126
/content/quantum rheed codex/data/original data/Trajectories/2022-02-04/307_RR220204A_912C_2025.bmp,trajectory,,False,-7.4253254,46.414417
/content/quantum rheed codex/data/original data/Trajectories/2022-02-04/308_RR220204A_912C_2026.bmp,trajectory,,False,-7.424216,46.38786
/content/quantum rheed codex/data/original data/Trajectories/2022-02-04/309_RR220204A_911C_2027.bmp,trajectory,,False,-7.63931,46.434082
/content/quantum rheed codex/data/original data/Trajectories/2022-02-04/310_RR220204A_910C_2028.bmp,trajectory,,False,-7.6608505,46.55862
/content/quantum rheed codex/data/original data/Trajectories/2022-02-04/311_RR220204A_925C_2028.bmp,trajectory,,False,-7.779523,47.091553
/content/quantum rheed codex/data/original data/Trajectories/2022-02-04/312_RR220204A_934C_2029.bmp,trajectory,,False,-7.816192,47.17939
/content/quantum rheed codex/data/original data/Trajectories/2022-02-04/313_RR220204A_935C_2029.bmp,trajectory,,False,-8.070151,47.110435
/content/quantum rheed codex/data/original data/Trajectories/2022-02-04/314_RR220204A_937C_2030.bmp,trajectory,,False,-8.097207,47.206673
/content/quantum rheed codex/data/original data/Trajectories/2022-02-04/315_RR220204A_936C_2031.bmp,trajectory,,False,-8.09603,47.418694
/content/quantum rheed codex/data/original data/Trajectories/2022-02-04/316_RR220204A_936C_2032.bmp,trajectory,,False,-8.092416,47.414463
/content/quantum rheed codex/data/original data/Trajectories/2022-02-04/317_RR220204A_935C_2033.bmp,trajectory,,False,-8.169445,47.540974
/content/quantum rheed codex/data/original data/Trajectories/2022-02-04/318_RR220204A_923C_2034.bmp,trajectory,,False,-8.07577,47.387966
/content/quantum rheed codex/data/original data/Trajectories/2022-02-04/319_RR220204A_918C_2037.bmp,trajectory,,False,4.9627814,37.62248
/content/quantum rheed codex/data/original data/Trajectories/2022-02-04/320_RR220204A_915C_2039.bmp,trajectory,,False,5.0158195,37.596535
/content/quantum rheed codex/data/original data/Trajectories/2022-02-04/321_RR220204A_914C_2041.bmp,trajectory,,False,5.0118337,37.600025
/content/quantum rheed codex/data/original data/Trajectories/2022-02-04/322_RR220204A_914C_2043.bmp,trajectory,,False,5.105198,37.580734
/content/quantum rheed codex/data/original data/Trajectories/2022-02-04/323_RR220204A_914C_2045.bmp,trajectory,,False,4.6888604,37.711815
/content/quantum rheed codex/data/original data/Trajectories/2022-02-04/324_RR220204A_913C_2047.bmp,trajectory,,False,4.98297,37.604183
/content/quantum rheed codex/data/original data/Trajectories/2022-02-04/325_RR220204A_915C_2049.bmp,trajectory,,False,5.038782,37.583477
/content/quantum rheed codex/data/original data/Trajectories/2022-02-04/326_RR220204A_937C_2052.bmp,trajectory,,False,3.7609596,38.157932
/content/quantum rheed codex/data/original data/Trajectories/2022-02-04/327_RR220204A_912C_2052.bmp,trajectory,,False,5.123772,37.555115
/content/quantum rheed codex/data/original data/Trajectories/2022-02-04/328_RR220204A_946C_2053.bmp,trajectory,,False,3.552458,38.264935
/content/quantum rheed codex/data/original data/Trajectories/2022-02-04/329_RR220204A_946C_2054.bmp,trajectory,,False,3.4772904,38.413315
/content/quantum rheed codex/data/original data/Trajectories/2022-02-04/330_RR220204A_943C_2055.bmp,trajectory,,False,3.8351688,38.00909
/content/quantum rheed codex/data/original data/Trajectories/2022-02-04/331_RR220204A_941C_2056.bmp,trajectory,,False,3.3767688,38.403465
/content/quantum rheed codex/data/original data/Trajectories/2022-02-04/332_RR220204A_941C_2057.bmp,trajectory,,False,3.4244037,38.17663
/content/quantum rheed codex/data/original data/Trajectories/2022-02-04/333_RR220204A_939C_2059.bmp,trajectory,,False,3.3407326,38.117336
/content/quantum rheed codex/data/original data/Trajectories/2022-02-04/334_RR220204A_939C_2101.bmp,trajectory,,False,3.339205,38.040318
/content/quantum rheed codex/data/original data/Trajectories/2022-02-04/335_RR220204A_940C_2102.bmp,trajectory,,False,2.8879826,38.412598
/content/quantum rheed codex/data/original data/Trajectories/2022-02-04/336_RR220204A_942C_2104.bmp,trajectory,,False,2.9116871,38.248707
/content/quantum rheed codex/data/original data/Trajectories/2022-02-04/337_RR220204A_938C_2106.bmp,trajectory,,False,2.6989706,38.266575
/content/quantum rheed codex/data/original data/Trajectories/2022-02-04/338_RR220204A_940C_2108.bmp,trajectory,,False,2.3728719,38.455013
/content/quantum rheed codex/data/original data/Trajectories/2022-02-04/339_RR220204A_938C_2110.bmp,trajectory,,False,2.487696,38.28619
/content/quantum rheed codex/data/original data/Trajectories/2022-02-04/340_RR220204A_936C_2112.bmp,trajectory,,False,2.0441997,38.516804
/content/quantum rheed codex/data/original data/Trajectories/2022-02-04/341_RR220204A_937C_2114.bmp,trajectory,,False,1.9239517,38.520386
/content/quantum rheed codex/data/original data/Trajectories/2022-02-04/342_RR220204A_941C_2115.bmp,trajectory,,False,1.600688,38.649525
/content/quantum rheed codex/data/original data/Trajectories/2022-02-04/343_RR220204A_964C_2116.bmp,trajectory,,False,0.4304083,39.09536
/content/quantum rheed codex/data/original data/Trajectories/2022-02-04/344_RR220204A_958C_2116.bmp,trajectory,,False,0.74097526,38.979553
/content/quantum rheed codex/data/original data/Trajectories/2022-02-04/345_RR220204A_963C_2120.bmp,trajectory,,False,0.43040815,39.09533
/content/quantum rheed codex/data/original data/Trajectories/2022-02-04/346_RR220204A_957C_2123.bmp,trajectory,,False,-0.42586026,39.417446
/content/quantum rheed codex/data/original data/Trajectories/2022-02-04/347_RR220204A_954C_2124.bmp,trajectory,,False,-0.6819346,39.50787
/content/quantum rheed codex/data/original data/Trajectories/2022-02-04/348_RR220204A_955C_2128.bmp,trajectory,,False,-1.198246,39.74528
/content/quantum rheed codex/data/original data/Trajectories/2022-02-04/349_RR220204A_952C_2130.bmp,trajectory,,False,-1.9598302,40.1587
/content/quantum rheed codex/data/original data/Trajectories/2022-02-04/350_RR220204A_955C_2133.bmp,trajectory,,False,-2.2561958,40.34829
/content/quantum rheed codex/data/original data/Trajectories/2022-02-04/351_RR220204A_953C_2135.bmp,trajectory,,False,-2.5950212,40.55488
/content/quantum rheed codex/data/original data/Trajectories/2022-02-04/352_RR220204A_951C_2137.bmp,trajectory,,False,-3.0982041,40.9562
/content/quantum rheed codex/data/original data/Trajectories/2022-02-04/353_RR220204A_950C_2139.bmp,trajectory,,False,-3.2330332,40.97296
/content/quantum rheed codex/data/original data/Trajectories/2022-02-04/354_RR220204A_951C_2141.bmp,trajectory,,False,-3.3331823,41.203762
/content/quantum rheed codex/data/original data/Trajectories/2022-02-04/355_RR220204A_948C_2142.bmp,trajectory,,False,-3.5298264,41.218777
/content/quantum rheed codex/data/original data/Trajectories/2022-02-04/356_RR220204A_949C_2144.bmp,trajectory,,False,-4.010047,41.888187
/content/quantum rheed codex/data/original data/Trajectories/2022-02-04/357_RR220204A_950C_2147.bmp,trajectory,,False,-4.3888674,42.5466
/content/quantum rheed codex/data/original data/Trajectories/2022-02-04/358_RR220204A_951C_2149.bmp,trajectory,,False,-4.7919464,43.210766
/content/quantum rheed codex/data/original data/Trajectories/2022-02-04/359_RR220204A_949C_2151.bmp,trajectory,,False,-4.9236965,43.355206
/content/quantum rheed codex/data/original data/Trajectories/2022-02-04/360_RR220204A_951C_2154.bmp,trajectory,,False,-5.208996,43.933308
/content/quantum rheed codex/data/original data/Trajectories/2022-02-04/361_RR220204A_947C_2156.bmp,trajectory,,False,-5.3436074,43.9977
/content/quantum rheed codex/data/original data/Trajectories/2022-02-04/362_RR220204A_948C_2200.bmp,trajectory,,False,-5.555843,44.336525
/content/quantum rheed codex/data/original data/Trajectories/2022-02-04/363_RR220204A_946C_2202.bmp,trajectory,,False,20.197945,48.61216
/content/quantum rheed codex/data/original data/Trajectories/2022-02-04/364_RR220204A_950C_2207.bmp,trajectory,,False,20.462605,48.19555
/content/quantum rheed codex/data/original data/Trajectories/2022-02-04/365_RR220204A_950C_2210.bmp,trajectory,,False,20.144524,48.678444
/content/quantum rheed codex/data/original data/Trajectories/2022-02-04/366_RR220204A_946C_2215.bmp,trajectory,,False,20.255976,48.360947
/content/quantum rheed codex/data/original data/Trajectories/2022-02-04/367_RR220204A_945C_2221.bmp,trajectory,,False,20.388643,48.410122
/content/quantum rheed codex/data/original data/Trajectories/2022-02-04/368_RR220204A_942C_2226.bmp,trajectory,,False,20.186754,48.899624
/content/quantum rheed codex/data/original data/Trajectories/2022-02-04/369_RR220204A_943C_2231.bmp,trajectory,,False,20.26676,48.953995
/content/quantum rheed codex/data/original data/Trajectories/2022-02-04/370_RR220204A_941C_2237.bmp,trajectory,,False,20.35418,49.066254
/content/quantum rheed codex/data/original data/Trajectories/2022-02-04/371_RR220204A_944C_2240.bmp,trajectory,,False,20.724213,48.32618
/content/quantum rheed codex/data/original data/Trajectories/2022-02-04/372_RR220204A_940C_2245.bmp,trajectory,,False,20.553747,49.05524
/content/quantum rheed codex/data/original data/Trajectories/2022-02-04/373_RR220204A_942C_2250.bmp,trajectory,,False,20.858368,48.35074
/content/quantum rheed codex/data/original data/Trajectories/2022-02-04/374_RR220204A_939C_2254.bmp,trajectory,,False,20.724152,49.067158
/content/quantum rheed codex/data/original data/Trajectories/2022-02-04/375_RR220204A_943C_2300.bmp,trajectory,,False,20.951782,48.79019
/content/quantum rheed codex/data/original data/Trajectories/2022-02-04/376_RR220204A_938C_2306.bmp,trajectory,,False,21.119806,49.09109
/content/quantum rheed codex/data/original data/Trajectories/2022-02-04/377_RR220204A_936C_2310.bmp,trajectory,,False,21.361364,48.647083
/content/quantum rheed codex/data/original data/Trajectories/2022-02-04/378_RR220204A_938C_2312.bmp,trajectory,,False,21.389181,48.62067
/content/quantum rheed codex/data/original data/Trajectories/2022-02-04/379_RR220204A_937C_2315.bmp,trajectory,,False,21.325993,49.14383
/content/quantum rheed codex/data/original data/Trajectories/2022-02-04/380_RR220204A_937C_2323.bmp,trajectory,,False,21.644312,48.708
/content/quantum rheed codex/data/original data/Trajectories/2022-02-04/381_RR220204A_936C_2326.bmp,trajectory,,False,21.695847,49.19657
/content/quantum rheed codex/data/original data/Trajectories/2022-02-04/382_RR220204A_935C_2330.bmp,trajectory,,False,21.87796,48.87196
/content/quantum rheed codex/data/original data/Trajectories/2022-02-04/383_RR220204A_937C_2331.bmp,trajectory,,False,22.042803,48.896095
/content/quantum rheed codex/data/original data/Trajectories/2022-02-04/384_RR220204A_935C_2335.bmp,trajectory,,False,22.059961,49.232487
/content/quantum rheed codex/data/original data/Trajectories/2022-02-04/385_RR220204A_939C_2340.bmp,trajectory,,False,22.348116,48.98259
/content/quantum rheed codex/data/original data/Trajectories/2022-02-04/386_RR220204A_935C_2346.bmp,trajectory,,False,22.497911,49.24579
/content/quantum rheed codex/data/original data/Trajectories/2022-02-04/387_RR220204A_935C_2350.bmp,trajectory,,False,22.705202,49.3305
/content/quantum rheed codex/data/original data/Trajectories/2022-02-04/388_RR220204A_934C_2355.bmp,trajectory,,False,22.847889,49.29435
/content/quantum rheed codex/data/original data/Trajectories/2022-02-06/001_RR220206A_165C_1659.bmp,trajectory,,False,-53.49082,3.9324503
/content/quantum rheed codex/data/original data/Trajectories/2022-02-06/002_RR220206A_165C_1700.bmp,trajectory,,False,-53.81085,3.7790625
/content/quantum rheed codex/data/original data/Trajectories/2022-02-06/003_RR220206A_165C_1701-01.bmp,trajectory,,False,-54.38801,3.9838405
/content/quantum rheed codex/data/original data/Trajectories/2022-02-06/004_RR220206A_165C_1701-02.bmp,trajectory,,False,-54.67092,3.9727116
/content/quantum rheed codex/data/original data/Trajectories/2022-02-06/005_RR220206A_165C_1702-01.bmp,trajectory,,False,-54.71477,3.8385696
/content/quantum rheed codex/data/original data/Trajectories/2022-02-06/006_RR220206A_165C_1702-02.bmp,trajectory,,False,-54.4926,3.72505
/content/quantum rheed codex/data/original data/Trajectories/2022-02-06/007_RR220206A_165C_1702-03.bmp,trajectory,,False,-54.4926,3.72505
/content/quantum rheed codex/data/original data/Trajectories/2022-02-06/008_RR220206A_165C_1702-04.bmp,trajectory,,False,-54.175316,3.5414863
/content/quantum rheed codex/data/original data/Trajectories/2022-02-06/009_RR220206A_165C_1703-01.bmp,trajectory,,False,-54.061214,3.4263306
/content/quantum rheed codex/data/original data/Trajectories/2022-02-06/010_RR220206A_165C_1703-02.bmp,trajectory,,False,-53.91434,3.2445757
/content/quantum rheed codex/data/original data/Trajectories/2022-02-06/011_RR220206A_165C_1703-03.bmp,trajectory,,False,-53.920948,3.1781094
/content/quantum rheed codex/data/original data/Trajectories/2022-02-06/012_RR220206A_165C_1703-04.bmp,trajectory,,False,-53.898136,3.05114
/content/quantum rheed codex/data/original data/Trajectories/2022-02-06/013_RR220206A_165C_1703-05.bmp,trajectory,,False,-53.91516,3.0355449
/content/quantum rheed codex/data/original data/Trajectories/2022-02-06/014_RR220206A_165C_1704-01.bmp,trajectory,,False,-54.63572,3.0383987
/content/quantum rheed codex/data/original data/Trajectories/2022-02-06/015_RR220206A_165C_1704-02.bmp,trajectory,,False,-54.63572,3.0383987
/content/quantum rheed codex/data/original data/Trajectories/2022-02-06/016_RR220206A_165C_1704-03.bmp,trajectory,,False,-54.63572,3.0383987
/content/quantum rheed codex/data/original data/Trajectories/2022-02-06/017_RR220206A_165C_1704-04.bmp,trajectory,,False,-54.63572,3.0383987
/content/quantum rheed codex/data/original data/Trajectories/2022-02-06/018_RR220206A_165C_1704-05.bmp,trajectory,,False,-54.63572,3.0383987
/content/quantum rheed codex/data/original data/Trajectories/2022-02-06/019_RR220206A_165C_1704-06.bmp,trajectory,,False,-54.63572,3.0383987
/content/quantum rheed codex/data/original data/Trajectories/2022-02-06/020_RR220206A_165C_1705.bmp,trajectory,,False,-53.998455,2.724908
/content/quantum rheed codex/data/original data/Trajectories/2022-02-06/021_RR220206A_165C_1706.bmp,trajectory,,False,-54.35306,2.6271334
/content/quantum rheed codex/data/original data/Trajectories/2022-02-06/022_RR220206A_165C_1708.bmp,trajectory,,False,-54.252598,2.2456508
/content/quantum rheed codex/data/original data/Trajectories/2022-02-06/023_RR220206A_165C_1709.bmp,trajectory,,False,-54.1581,2.1679869
/content/quantum rheed codex/data/original data/Trajectories/2022-02-06/024_RR220206A_165C_1710-01.bmp,trajectory,,False,-54.198704,1.9074522
/content/quantum rheed codex/data/original data/Trajectories/2022-02-06/025_RR220206A_165C_1710-02.bmp,trajectory,,False,-54.197273,1.8312364
/content/quantum rheed codex/data/original data/Trajectories/2022-02-06/026_RR220206A_165C_1711.bmp,trajectory,,False,-54.17649,1.3404422
/content/quantum rheed codex/data/original data/Trajectories/2022-02-06/027_RR220206A_165C_1712.bmp,trajectory,,False,-54.17403,1.2032524
/content/quantum rheed codex/data/original data/Trajectories/2022-02-06/028_RR220206A_165C_1714-01.bmp,trajectory,,False,-54.16176,0.8228315
/content/quantum rheed codex/data/original data/Trajectories/2022-02-06/029_RR220206A_165C_1714-02.bmp,trajectory,,False,-54.154327,0.5603365
/content/quantum rheed codex/data/original data/Trajectories/2022-02-06/030_RR220206A_165C_1715.bmp,trajectory,,False,-54.14661,0.2694735
/content/quantum rheed codex/data/original data/Trajectories/2022-02-06/031_RR220206A_165C_1716.bmp,trajectory,,False,-54.14732,0.17799832
/content/quantum rheed codex/data/original data/Trajectories/2022-02-06/032_RR220206A_165C_1717.bmp,trajectory,,False,-54.145752,0.077704206
/content/quantum rheed codex/data/original data/Trajectories/2022-02-06/033_RR220206A_165C_1718.bmp,trajectory,,False,-54.14358,-0.15740174
/content/quantum rheed codex/data/original data/Trajectories/2022-02-06/034_RR220206A_165C_1719.bmp,trajectory,,False,-54.14939,-0.39264604
/content/quantum rheed codex/data/original data/Trajectories/2022-02-06/035_RR220206A_165C_1720.bmp,trajectory,,False,-54.470856,-4.103869
/content/quantum rheed codex/data/original data/Trajectories/2022-02-06/036_RR220206A_165C_1721.bmp,trajectory,,False,-54.530754,-4.470638
/content/quantum rheed codex/data/original data/Trajectories/2022-02-06/037_RR220206A_165C_1722.bmp,trajectory,,False,-54.56725,-4.614047
/content/quantum rheed codex/data/original data/Trajectories/2022-02-06/038_RR220206A_165C_1723.bmp,trajectory,,False,-54.589493,-4.673541
/content/quantum rheed codex/data/original data/Trajectories/2022-02-06/039_RR220206A_165C_1724.bmp,trajectory,,False,-54.634754,-4.8068027
/content/quantum rheed codex/data/original data/Trajectories/2022-02-06/040_RR220206A_165C_1725.bmp,trajectory,,False,-54.651863,-4.860807
/content/quantum rheed codex/data/original data/Trajectories/2022-02-06/041_RR220206A_165C_1726.bmp,trajectory,,False,-54.653614,-4.8728294
/content/quantum rheed codex/data/original data/Trajectories/2022-02-06/042_RR220206A_165C_1727.bmp,trajectory,,False,-54.66992,-4.906584
/content/quantum rheed codex/data/original data/Trajectories/2022-02-06/043_RR220206A_165C_1728.bmp,trajectory,,False,-54.8838,-5.4517455
/content/quantum rheed codex/data/original data/Trajectories/2022-02-06/044_RR220206A_165C_1729.bmp,trajectory,,False,-54.977085,-5.681567
/content/quantum rheed codex/data/original data/Trajectories/2022-02-06/045_RR220206A_165C_1730.bmp,trajectory,,False,-54.954113,-5.6557107
/content/quantum rheed codex/data/original data/Trajectories/2022-02-06/046_RR220206A_165C_1733.bmp,trajectory,,False,-55.43811,-7.4169393
/content/quantum rheed codex/data/original data/Trajectories/2022-02-06/047_RR220206A_175C_1734.bmp,trajectory,,False,-55.5109,-7.627604
/content/quantum rheed codex/data/original data/Trajectories/2022-02-06/048_RR220206A_175C_1736.bmp,trajectory,,False,-55.470104,-7.6256566
/content/quantum rheed codex/data/original data/Trajectories/2022-02-06/049_RR220206A_205C_1737.bmp,trajectory,,False,-55.395233,-7.9934464
/content/quantum rheed codex/data/original data/Trajectories/2022-02-06/050_RR220206A_206C_1738.bmp,trajectory,,False,-55.52748,-8.118826
/content/quantum rheed codex/data/original data/Trajectories/2022-02-06/051_RR220206A_209C_1739.bmp,trajectory,,False,-55.630283,-8.46605
/content/quantum rheed codex/data/original data/Trajectories/2022-02-06/052_RR220206A_211C_1740.bmp,trajectory,,False,-55.554394,-8.393492
/content/quantum rheed codex/data/original data/Trajectories/2022-02-06/053_RR220206A_211C_1741.bmp,trajectory,,False,-55.36291,-8.323773
/content/quantum rheed codex/data/original data/Trajectories/2022-02-06/054_RR220206A_236C_1742.bmp,trajectory,,False,-55.11408,-8.277368
/content/quantum rheed codex/data/original data/Trajectories/2022-02-06/055_RR220206A_239C_1742.bmp,trajectory,,False,-55.117714,-8.334742
/content/quantum rheed codex/data/original data/Trajectories/2022-02-06/056_RR220206A_246C_1743.bmp,trajectory,,False,-55.27062,-8.678929
/content/quantum rheed codex/data/original data/Trajectories/2022-02-06/057_RR220206A_249C_1744.bmp,trajectory,,False,-55.403564,-8.914196
/content/quantum rheed codex/data/original data/Trajectories/2022-02-06/058_RR220206A_249C_1745.bmp,trajectory,,False,-55.378754,-8.97656
/content/quantum rheed codex/data/original data/Trajectories/2022-02-06/059_RR220206A_280C_1747.bmp,trajectory,,False,-54.902237,-8.701883
/content/quantum rheed codex/data/original data/Trajectories/2022-02-06/060_RR220206A_284C_1748.bmp,trajectory,,False,-55.15695,-9.366661
/content/quantum rheed codex/data/original data/Trajectories/2022-02-06/061_RR220206A_286C_1749.bmp,trajectory,,False,-55.10242,-9.416171
/content/quantum rheed codex/data/original data/Trajectories/2022-02-06/062_RR220206A_287C_1750.bmp,trajectory,,False,-54.842285,-9.160333
/content/quantum rheed codex/data/original data/Trajectories/2022-02-06/063_RR220206A_319C_1751.bmp,trajectory,,False,-54.845882,-9.526867
/content/quantum rheed codex/data/original data/Trajectories/2022-02-06/064_RR220206A_321C_1753.bmp,trajectory,,False,-54.795506,-9.544411
/content/quantum rheed codex/data/original data/Trajectories/2022-02-06/065_RR220206A_322C_1754.bmp,trajectory,,False,-54.848873,-9.809085
/content/quantum rheed codex/data/original data/Trajectories/2022-02-06/066_RR220206A_323C_1756.bmp,trajectory,,False,-54.45619,-9.417229
/content/quantum rheed codex/data/original data/Trajectories/2022-02-06/067_RR220206A_359C_1757.bmp,trajectory,,False,-54.476646,-9.692707
/content/quantum rheed codex/data/original data/Trajectories/2022-02-06/068_RR220206A_362C_1759.bmp,trajectory,,False,-54.355606,-9.657996
/content/quantum rheed codex/data/original data/Trajectories/2022-02-06/069_RR220206A_393C_1801.bmp,trajectory,,False,-54.162033,-9.520342
/content/quantum rheed codex/data/original data/Trajectories/2022-02-06/070_RR220206A_395C_1802.bmp,trajectory,,False,-54.139053,-9.2528
/content/quantum rheed codex/data/original data/Trajectories/2022-02-06/071_RR220206A_396C_1803.bmp,trajectory,,False,-54.138237,-9.169739
/content/quantum rheed codex/data/original data/Trajectories/2022-02-06/072_RR220206A_397C_1804.bmp,trajectory,,False,-54.124847,-9.070005
/content/quantum rheed codex/data/original data/Trajectories/2022-02-06/073_RR220206A_428C_1807.bmp,trajectory,,False,-53.96673,-8.734435
/content/quantum rheed codex/data/original data/Trajectories/2022-02-06/074_RR220206A_430C_1809.bmp,trajectory,,False,-53.86088,-8.371333
/content/quantum rheed codex/data/original data/Trajectories/2022-02-06/075_RR220206A_431C_1810.bmp,trajectory,,False,-53.81912,-8.119183
/content/quantum rheed codex/data/original data/Trajectories/2022-02-06/076_RR220206A_460C_1812.bmp,trajectory,,False,-53.576187,-7.275103
/content/quantum rheed codex/data/original data/Trajectories/2022-02-06/077_RR220206A_461C_1813.bmp,trajectory,,False,-53.541523,-7.210244
/content/quantum rheed codex/data/original data/Trajectories/2022-02-06/078_RR220206A_462C_1814.bmp,trajectory,,False,-53.488247,-6.998392
/content/quantum rheed codex/data/original data/Trajectories/2022-02-06/079_RR220206A_489C_1815.bmp,trajectory,,False,-53.385815,-6.53556
/content/quantum rheed codex/data/original data/Trajectories/2022-02-06/080_RR220206A_490C_1816.bmp,trajectory,,False,-53.371124,-6.3231645
/content/quantum rheed codex/data/original data/Trajectories/2022-02-06/081_RR220206A_491C_1817.bmp,trajectory,,False,-53.373734,-6.2096076
/content/quantum rheed codex/data/original data/Trajectories/2022-02-06/082_RR220206A_517C_1819.bmp,trajectory,,False,-53.348175,-6.0431743
/content/quantum rheed codex/data/original data/Trajectories/2022-02-06/083_RR220206A_517C_1820.bmp,trajectory,,False,-53.34924,-5.9805093
/content/quantum rheed codex/data/original data/Trajectories/2022-02-06/084_RR220206A_518C_1822.bmp,trajectory,,False,-37.8262,-0.4769546
/content/quantum rheed codex/data/original data/Trajectories/2022-02-06/085_RR220206A_518C_1823.bmp,trajectory,,False,-38.007465,-0.31472713
/content/quantum rheed codex/data/original data/Trajectories/2022-02-06/086_RR220206A_543C_1824.bmp,trajectory,,False,-38.343185,-0.015843358
/content/quantum rheed codex/data/original data/Trajectories/2022-02-06/087_RR220206A_543C_1825.bmp,trajectory,,False,-38.165928,-0.14265643
/content/quantum rheed codex/data/original data/Trajectories/2022-02-06/088_RR220206A_544C_1826.bmp,trajectory,,False,-38.359684,0.15913923
/content/quantum rheed codex/data/original data/Trajectories/2022-02-06/089_RR220206A_544C_1827.bmp,trajectory,,False,-37.96599,-0.22049753
/content/quantum rheed codex/data/original data/Trajectories/2022-02-06/090_RR220206A_568C_1828.bmp,trajectory,,False,-38.406097,0.3743767
/content/quantum rheed codex/data/original data/Trajectories/2022-02-06/091_RR220206A_569C_1830.bmp,trajectory,,False,-38.324333,0.501006
/content/quantum rheed codex/data/original data/Trajectories/2022-02-06/092_RR220206A_570C_1832.bmp,trajectory,,False,-38.11624,0.5065243
/content/quantum rheed codex/data/original data/Trajectories/2022-02-06/093_RR220206A_570C_1833.bmp,trajectory,,False,-37.93329,-0.04001142
/content/quantum rheed codex/data/original data/Trajectories/2022-02-06/094_RR220206A_612C_1834.bmp,trajectory,,False,-38.204437,0.7502951
/content/quantum rheed codex/data/original data/Trajectories/2022-02-06/095_RR220206A_614C_1835.bmp,trajectory,,False,-37.984688,0.7969368
/content/quantum rheed codex/data/original data/Trajectories/2022-02-06/096_RR220206A_614C_1836.bmp,trajectory,,False,-37.811344,0.31958228
/content/quantum rheed codex/data/original data/Trajectories/2022-02-06/097_RR220206A_654C_1837.bmp,trajectory,,False,-37.866608,0.8358532
/content/quantum rheed codex/data/original data/Trajectories/2022-02-06/098_RR220206A_656C_1838.bmp,trajectory,,False,-37.621037,0.30556616
/content/quantum rheed codex/data/original data/Trajectories/2022-02-06/099_RR220206A_657C_1839.bmp,trajectory,,False,-37.5034,0.73147124
/content/quantum rheed codex/data/original data/Trajectories/2022-02-06/100_RR220206A_693C_1840.bmp,trajectory,,False,-37.667038,0.9158658
/content/quantum rheed codex/data/original data/Trajectories/2022-02-06/101_RR220206A_697C_1842.bmp,trajectory,,False,-37.238068,0.6847883
/content/quantum rheed codex/data/original data/Trajectories/2022-02-06/102_RR220206A_698C_1845.bmp,trajectory,,False,-37.157463,0.7029596
/content/quantum rheed codex/data/original data/Trajectories/2022-02-06/103_RR220206A_733C_1846.bmp,trajectory,,False,-37.21144,-0.13127354
/content/quantum rheed codex/data/original data/Trajectories/2022-02-06/104_RR220206A_734C_1847.bmp,trajectory,,False,-37.18842,-0.022711577
/content/quantum rheed codex/data/original data/Trajectories/2022-02-06/105_RR220206A_734C_1849.bmp,trajectory,,False,-37.06175,0.6822079
/content/quantum rheed codex/data/original data/Trajectories/2022-02-06/106_RR220206A_768C_1851.bmp,trajectory,,False,-37.178726,-0.032300945
/content/quantum rheed codex/data/original data/Trajectories/2022-02-06/107_RR220206A_769C_1852.bmp,trajectory,,False,-37.071953,-0.002145665
/content/quantum rheed codex/data/original data/Trajectories/2022-02-06/108_RR220206A_769C_1854.bmp,trajectory,,False,-36.845764,0.50928634
/content/quantum rheed codex/data/original data/Trajectories/2022-02-06/109_RR220206A_773C_1901.bmp,trajectory,,False,-36.444267,0.3086497
/content/quantum rheed codex/data/original data/Trajectories/2022-02-06/110_RR220206A_810C_1905.bmp,trajectory,,False,-36.542248,-0.027715003
/content/quantum rheed codex/data/original data/Trajectories/2022-02-06/111_RR220206A_812C_1906.bmp,trajectory,,False,-36.45099,0.056198068
/content/quantum rheed codex/data/original data/Trajectories/2022-02-06/112_RR220206A_813C_1908.bmp,trajectory,,False,-36.28347,0.27200136
/content/quantum rheed codex/data/original data/Trajectories/2022-02-06/113_RR220206A_815C_1909.bmp,trajectory,,False,-35.939686,0.124137476
/content/quantum rheed codex/data/original data/Trajectories/2022-02-06/114_RR220206A_845C_1911.bmp,trajectory,,False,-35.851738,0.08855167
/content/quantum rheed codex/data/original data/Trajectories/2022-02-06/115_RR220206A_844C_1913.bmp,trajectory,,False,-34.186863,-0.18111406
/content/quantum rheed codex/data/original data/Trajectories/2022-02-06/116_RR220206A_844C_1914.bmp,trajectory,,False,-33.897774,-0.22335468
/content/quantum rheed codex/data/original data/Trajectories/2022-02-06/117_RR220206A_844C_1915.bmp,trajectory,,False,-33.6704,-0.25024685
/content/quantum rheed codex/data/original data/Trajectories/2022-02-06/118_RR220206A_871C_1916.bmp,trajectory,,False,-33.265896,-0.2607796
/content/quantum rheed codex/data/original data/Trajectories/2022-02-06/119_RR220206A_871C_1918.bmp,trajectory,,False,-32.17207,-0.1825684
/content/quantum rheed codex/data/original data/Trajectories/2022-02-06/120_RR220206A_895C_1920-01.bmp,trajectory,,False,1.478464,-36.426052
/content/quantum rheed codex/data/original data/Trajectories/2022-02-06/121_RR220206A_895C_1920-02.bmp,trajectory,,False,1.5453761,-36.391315
/content/quantum rheed codex/data/original data/Trajectories/2022-02-06/122_RR220206A_894C_1922.bmp,trajectory,,False,3.624226,-34.718597
/content/quantum rheed codex/data/original data/Trajectories/2022-02-06/123_RR220206A_894C_1923.bmp,trajectory,,False,4.1384373,-34.372124
/content/quantum rheed codex/data/original data/Trajectories/2022-02-06/124_RR220206A_894C_1924.bmp,trajectory,,False,4.2736015,-34.301533
/content/quantum rheed codex/data/original data/Trajectories/2022-02-06/125_RR220206A_887C_1925.bmp,trajectory,,False,4.450555,-34.212868
/content/quantum rheed codex/data/original data/Trajectories/2022-02-06/126_RR220206A_884C_1926.bmp,trajectory,,False,4.641212,-34.11577
/content/quantum rheed codex/data/original data/Trajectories/2022-02-06/127_RR220206A_885C_1927.bmp,trajectory,,False,4.711335,-34.080143
/content/quantum rheed codex/data/original data/Trajectories/2022-02-06/128_RR220206A_885C_1928.bmp,trajectory,,False,4.8018045,-33.98637
/content/quantum rheed codex/data/original data/Trajectories/2022-02-06/129_RR220206A_912C_1929.bmp,trajectory,,False,4.7173586,-34.14123
/content/quantum rheed codex/data/original data/Trajectories/2022-02-06/130_RR220206A_910C_1930.bmp,trajectory,,False,4.807923,-34.049248
/content/quantum rheed codex/data/original data/Trajectories/2022-02-06/131_RR220206A_909C_1931.bmp,trajectory,,False,4.8782196,-33.970745
/content/quantum rheed codex/data/original data/Trajectories/2022-02-06/132_RR220206A_959C_1932.bmp,trajectory,,False,4.4770193,-34.6661
/content/quantum rheed codex/data/original data/Trajectories/2022-02-06/133_RR220206A_956C_1932.bmp,trajectory,,False,4.5344796,-34.691784
/content/quantum rheed codex/data/original data/Trajectories/2022-02-06/134_RR220206A_956C_1934.bmp,trajectory,,False,4.528397,-34.91697
/content/quantum rheed codex/data/original data/Trajectories/2022-02-06/135_RR220206A_980C_1935.bmp,trajectory,,False,4.091632,-35.59651
/content/quantum rheed codex/data/original data/Trajectories/2022-02-06/136_RR220206A_981C_1936.bmp,trajectory,,False,4.0830064,-35.736874
/content/quantum rheed codex/data/original data/Trajectories/2022-02-06/137_RR220206A_982C_1937.bmp,trajectory,,False,4.0438924,-35.819405
/content/quantum rheed codex/data/original data/Trajectories/2022-02-06/138_RR220206A_988C_1939.bmp,trajectory,,False,4.0027575,-35.95019
/content/quantum rheed codex/data/original data/Trajectories/2022-02-06/139_RR220206A_990C_1940.bmp,trajectory,,False,3.994097,-36.01007
/content/quantum rheed codex/data/original data/Trajectories/2022-02-06/140_RR220206A_993C_1941.bmp,trajectory,,False,3.975271,-36.058838
/content/quantum rheed codex/data/original data/Trajectories/2022-02-06/141_RR220206A_995C_1942.bmp,trajectory,,False,3.9592812,-36.101673
/content/quantum rheed codex/data/original data/Trajectories/2022-02-06/142_RR220206A_994C_1944.bmp,trajectory,,False,3.9537122,-36.15516
/content/quantum rheed codex/data/original data/Trajectories/2022-02-06/143_RR220206A_996C_1945.bmp,trajectory,,False,2.8274229,-39.43239
/content/quantum rheed codex/data/original data/Trajectories/2022-02-06/144_RR220206A_1012C_1946.bmp,trajectory,,False,2.79519,-39.486073
/content/quantum rheed codex/data/original data/Trajectories/2022-02-06/145_RR220206A_1025C_1947.bmp,trajectory,,False,2.7720377,-39.528297
/content/quantum rheed codex/data/original data/Trajectories/2022-02-06/146_RR220206A_1024C_1948.bmp,trajectory,,False,2.6929836,-39.650963
/content/quantum rheed codex/data/original data/Trajectories/2022-02-06/147_RR220206A_1024C_1953.bmp,trajectory,,False,2.5730064,-39.828487
/content/quantum rheed codex/data/original data/Trajectories/2022-02-06/148_RR220206A_1028C_1956.bmp,trajectory,,False,2.4555283,-40.01082
/content/quantum rheed codex/data/original data/Trajectories/2022-02-06/149_RR220206A_1052C_1957.bmp,trajectory,,False,2.3395765,-40.17656
/content/quantum rheed codex/data/original data/Trajectories/2022-02-06/150_RR220206A_1053C_1958.bmp,trajectory,,False,2.2990432,-40.22891
/content/quantum rheed codex/data/original data/Trajectories/2022-02-06/151_RR220206A_1077C_2001-01.bmp,trajectory,,False,1.9192077,-40.713287
/content/quantum rheed codex/data/original data/Trajectories/2022-02-06/152_RR220206A_1077C_2001-02.bmp,trajectory,,False,1.8841317,-40.75519
/content/quantum rheed codex/data/original data/Trajectories/2022-02-06/153_RR220206A_1092C_2003-01.bmp,trajectory,,False,1.5622579,-41.129837
/content/quantum rheed codex/data/original data/Trajectories/2022-02-06/154_RR220206A_1092C_2003-02.bmp,trajectory,,False,1.5556444,-41.136963
/content/quantum rheed codex/data/original data/Trajectories/2022-02-06/155_RR220206A_1105C_2005-01.bmp,trajectory,,False,1.172771,-41.5551
/content/quantum rheed codex/data/original data/Trajectories/2022-02-06/156_RR220206A_1105C_2005-02.bmp,trajectory,,False,1.3006704,-41.40489
/content/quantum rheed codex/data/original data/Trajectories/2022-02-06/157_RR220206A_1105C_2007.bmp,trajectory,,False,1.128748,-41.58795
/content/quantum rheed codex/data/original data/Trajectories/2022-02-06/158_RR220206A_1105C_2008.bmp,trajectory,,False,0.86520576,-41.844967
/content/quantum rheed codex/data/original data/Trajectories/2022-02-06/159_RR220206A_1105C_2009.bmp,trajectory,,False,0.90394497,-41.783524
/content/quantum rheed codex/data/original data/Trajectories/2022-02-06/160_RR220206A_1105C_2010.bmp,trajectory,,False,0.8081954,-41.91191
/content/quantum rheed codex/data/original data/Trajectories/2022-02-06/161_RR220206A_1105C_2012.bmp,trajectory,,False,0.59090954,-42.062267
/content/quantum rheed codex/data/original data/Trajectories/2022-02-06/162_RR220206A_1105C_2013.bmp,trajectory,,False,0.41922975,-42.1877
/content/quantum rheed codex/data/original data/Trajectories/2022-02-06/163_RR220206A_1105C_2015.bmp,trajectory,,False,0.26669538,-42.323803
/content/quantum rheed codex/data/original data/Trajectories/2022-02-06/164_RR220206A_1105C_2017.bmp,trajectory,,False,0.16107072,-42.347458
/content/quantum rheed codex/data/original data/Trajectories/2022-02-06/165_RR220206A_1105C_2018.bmp,trajectory,,False,-0.19257392,-42.539036
/content/quantum rheed codex/data/original data/Trajectories/2022-02-06/166_RR220206A_1105C_2019.bmp,trajectory,,False,-0.24000768,-42.615177
/content/quantum rheed codex/data/original data/Trajectories/2022-02-06/167_RR220206A_1105C_2020.bmp,trajectory,,False,-0.2553074,-42.754898
/content/quantum rheed codex/data/original data/Trajectories/2022-02-06/168_RR220206A_1099C_2022.bmp,trajectory,,False,-0.5432709,-42.87615
/content/quantum rheed codex/data/original data/Trajectories/2022-02-06/169_RR220206A_1101C_2024.bmp,trajectory,,False,-0.8240528,-43.08757
/content/quantum rheed codex/data/original data/Trajectories/2022-02-06/170_RR220206A_1085C_2025.bmp,trajectory,,False,-1.0232143,-42.807377
/content/quantum rheed codex/data/original data/Trajectories/2022-02-06/171_RR220206A_1085C_2027.bmp,trajectory,,False,-1.1190834,-42.80793
/content/quantum rheed codex/data/original data/Trajectories/2022-02-06/172_RR220206A_1074C_2028-01.bmp,trajectory,,False,-1.4526085,-42.907692
/content/quantum rheed codex/data/original data/Trajectories/2022-02-06/173_RR220206A_1074C_2028-02.bmp,trajectory,,False,-1.4773506,-42.814262
/content/quantum rheed codex/data/original data/Trajectories/2022-02-06/174_RR220206A_1074C_2030.bmp,trajectory,,False,-0.985896,-43.157784
/content/quantum rheed codex/data/original data/Trajectories/2022-02-06/175_RR220206A_1051C_2032.bmp,trajectory,,False,-1.9159182,-42.944046
/content/quantum rheed codex/data/original data/Trajectories/2022-02-06/176_RR220206A_1051C_2034.bmp,trajectory,,False,-1.9920921,-42.90879
/content/quantum rheed codex/data/original data/Trajectories/2022-02-06/177_RR220206A_1037C_2036.bmp,trajectory,,False,-2.617946,-42.861126
/content/quantum rheed codex/data/original data/Trajectories/2022-02-06/178_RR220206A_1037C_2038.bmp,trajectory,,False,-2.5010018,-43.0065
/content/quantum rheed codex/data/original data/Trajectories/2022-02-06/179_RR220206A_1031C_2040.bmp,trajectory,,False,-2.9191437,-42.89339
/content/quantum rheed codex/data/original data/Trajectories/2022-02-06/180_RR220206A_1031C_2041.bmp,trajectory,,False,-2.9578018,-42.878193
/content/quantum rheed codex/data/original data/Trajectories/2022-02-06/181_RR220206A_1019C_2043.bmp,trajectory,,False,-3.013416,-43.03108
/content/quantum rheed codex/data/original data/Trajectories/2022-02-06/182_RR220206A_1012C_2044.bmp,trajectory,,False,-3.2363727,-42.94498
/content/quantum rheed codex/data/original data/Trajectories/2022-02-06/183_RR220206A_995C_2046.bmp,trajectory,,False,-3.720251,-43.079285
/content/quantum rheed codex/data/original data/Trajectories/2022-02-06/184_RR220206A_999C_2048.bmp,trajectory,,False,-3.784393,-43.176064
/content/quantum rheed codex/data/original data/Trajectories/2022-02-06/185_RR220206A_999C_2049.bmp,trajectory,,False,-3.521842,-43.16992
/content/quantum rheed codex/data/original data/Trajectories/2022-02-06/186_RR220206A_985C_2050.bmp,trajectory,,False,-3.6300137,-42.70861
/content/quantum rheed codex/data/original data/Trajectories/2022-02-06/187_RR220206A_985C_2051.bmp,trajectory,,False,-3.7184684,-42.707653
/content/quantum rheed codex/data/original data/Trajectories/2022-02-06/188_RR220206A_971C_2053.bmp,trajectory,,False,-4.112587,-42.65472
/content/quantum rheed codex/data/original data/Trajectories/2022-02-06/189_RR220206A_971C_2054-01.bmp,trajectory,,False,-4.256616,-42.98708
/content/quantum rheed codex/data/original data/Trajectories/2022-02-06/190_RR220206A_971C_2054-02.bmp,trajectory,,False,-4.198376,-42.871796
/content/quantum rheed codex/data/original data/Trajectories/2022-02-06/191_RR220206A_960C_2056.bmp,trajectory,,False,-4.3713174,-42.56018
/content/quantum rheed codex/data/original data/Trajectories/2022-02-06/192_RR220206A_959C_2057.bmp,trajectory,,False,-4.83348,-42.6983
/content/quantum rheed codex/data/original data/Trajectories/2022-02-06/193_RR220206A_957C_2058.bmp,trajectory,,False,-4.9368896,-42.766838
/content/quantum rheed codex/data/original data/Trajectories/2022-02-06/194_RR220206A_962C_2059.bmp,trajectory,,False,-4.5431304,-42.827053
/content/quantum rheed codex/data/original data/Trajectories/2022-02-06/195_RR220206A_944C_2101.bmp,trajectory,,False,-4.99429,-42.557064
/content/quantum rheed codex/data/original data/Trajectories/2022-02-06/196_RR220206A_945C_2102.bmp,trajectory,,False,-5.261769,-42.509464
/content/quantum rheed codex/data/original data/Trajectories/2022-02-06/197_RR220206A_944C_2104.bmp,trajectory,,False,-5.2425575,-42.505672
/content/quantum rheed codex/data/original data/Trajectories/2022-02-06/198_RR220206A_927C_2105.bmp,trajectory,,False,-6.013246,-42.25864
/content/quantum rheed codex/data/original data/Trajectories/2022-02-06/199_RR220206A_940C_2106.bmp,trajectory,,False,-7.0342927,-41.86245
/content/quantum rheed codex/data/original data/Trajectories/2022-02-06/200_RR220206A_933C_2107.bmp,trajectory,,False,-5.527374,-42.432922
/content/quantum rheed codex/data/original data/Trajectories/2022-02-06/201_RR220206A_945C_2109.bmp,trajectory,,False,-5.4834127,-42.4367
/content/quantum rheed codex/data/original data/Trajectories/2022-02-06/202_RR220206A_934C_2109.bmp,trajectory,,False,-6.9350104,-41.900394
/content/quantum rheed codex/data/original data/Trajectories/2022-02-06/203_RR220206A_876C_2110-01.bmp,trajectory,,False,-8.129003,-41.41782
/content/quantum rheed codex/data/original data/Trajectories/2022-02-06/204_RR220206A_876C_2110-02.bmp,trajectory,,False,-8.173624,-41.40353
/content/quantum rheed codex/data/original data/Trajectories/2022-02-06/205_RR220206A_875C_2111.bmp,trajectory,,False,-8.327628,-41.31231
/content/quantum rheed codex/data/original data/Trajectories/2022-02-06/206_RR220206A_875C_2113.bmp,trajectory,,False,-8.241714,-41.345078
/content/quantum rheed codex/data/original data/Trajectories/2022-02-06/207_RR220206A_875C_2114.bmp,trajectory,,False,-8.299819,-41.385605
/content/quantum rheed codex/data/original data/Trajectories/2022-02-06/208_RR220206A_860C_2115.bmp,trajectory,,False,-8.88367,-41.046864
/content/quantum rheed codex/data/original data/Trajectories/2022-02-06/209_RR220206A_860C_2116.bmp,trajectory,,False,-8.927974,-41.062824
/content/quantum rheed codex/data/original data/Trajectories/2022-02-06/210_RR220206A_861C_2117.bmp,trajectory,,False,-8.951281,-41.183483
/content/quantum rheed codex/data/original data/Trajectories/2022-02-06/211_RR220206A_848C_2119.bmp,trajectory,,False,-9.68616,-40.99283
/content/quantum rheed codex/data/original data/Trajectories/2022-02-06/212_RR220206A_849C_2120.bmp,trajectory,,False,-9.192277,-40.86158
/content/quantum rheed codex/data/original data/Trajectories/2022-02-06/213_RR220206A_849C_2121.bmp,trajectory,,False,-9.2476845,-40.76951
/content/quantum rheed codex/data/original data/Trajectories/2022-02-06/214_RR220206A_834C_2122.bmp,trajectory,,False,-9.951561,-40.701305
/content/quantum rheed codex/data/original data/Trajectories/2022-02-06/215_RR220206A_835C_2123.bmp,trajectory,,False,-9.656109,-40.50775
/content/quantum rheed codex/data/original data/Trajectories/2022-02-06/216_RR220206A_837C_2124.bmp,trajectory,,False,-9.829072,-40.549526
/content/quantum rheed codex/data/original data/Trajectories/2022-02-06/217_RR220206A_823C_2125.bmp,trajectory,,False,-10.13914,-40.38807
/content/quantum rheed codex/data/original data/Trajectories/2022-02-06/218_RR220206A_821C_2127.bmp,trajectory,,False,-10.493684,-40.433563
/content/quantum rheed codex/data/original data/Trajectories/2022-02-06/219_RR220206A_823C_2128.bmp,trajectory,,False,-10.240443,-40.076164
/content/quantum rheed codex/data/original data/Trajectories/2022-02-06/220_RR220206A_806C_2130.bmp,trajectory,,False,-10.354378,-40.0221
/content/quantum rheed codex/data/original data/Trajectories/2022-02-06/221_RR220206A_805C_2131.bmp,trajectory,,False,-10.904594,-40.20973
/content/quantum rheed codex/data/original data/Trajectories/2022-02-06/222_RR220206A_805C_2132.bmp,trajectory,,False,-10.476163,-40.234802
/content/quantum rheed codex/data/original data/Trajectories/2022-02-06/223_RR220206A_792C_2134.bmp,trajectory,,False,-11.317585,-40.07023
/content/quantum rheed codex/data/original data/Trajectories/2022-02-06/224_RR220206A_793C_2135.bmp,trajectory,,False,-11.459985,-40.277637
/content/quantum rheed codex/data/original data/Trajectories/2022-02-06/225_RR220206A_794C_2136.bmp,trajectory,,False,-10.999897,-39.73326
/content/quantum rheed codex/data/original data/Trajectories/2022-02-06/226_RR220206A_778C_2137.bmp,trajectory,,False,-11.037765,-39.51037
/content/quantum rheed codex/data/original data/Trajectories/2022-02-06/227_RR220206A_781C_2138.bmp,trajectory,,False,-11.610749,-39.807888
/content/quantum rheed codex/data/original data/Trajectories/2022-02-06/228_RR220206A_779C_2139.bmp,trajectory,,False,-11.136335,-39.599045
/content/quantum rheed codex/data/original data/Trajectories/2022-02-06/229_RR220206A_766C_2141.bmp,trajectory,,False,-11.831637,-39.1461
/content/quantum rheed codex/data/original data/Trajectories/2022-02-06/230_RR220206A_767C_2143.bmp,trajectory,,False,-11.636017,-39.15865
/content/quantum rheed codex/data/original data/Trajectories/2022-02-06/231_RR220206A_770C_2145.bmp,trajectory,,False,-11.983159,-39.400883
/content/quantum rheed codex/data/original data/Trajectories/2022-02-06/232_RR220206A_755C_2146.bmp,trajectory,,False,-12.342768,-38.841125
/content/quantum rheed codex/data/original data/Trajectories/2022-02-06/233_RR220206A_754C_2147.bmp,trajectory,,False,-12.678108,-39.09558
/content/quantum rheed codex/data/original data/Trajectories/2022-02-06/234_RR220206A_738C_2148.bmp,trajectory,,False,-12.795651,-38.7963
/content/quantum rheed codex/data/original data/Trajectories/2022-02-06/235_RR220206A_739C_2149.bmp,trajectory,,False,-12.876167,-38.66131
/content/quantum rheed codex/data/original data/Trajectories/2022-02-06/236_RR220206A_724C_2151.bmp,trajectory,,False,-13.145077,-38.48851
/content/quantum rheed codex/data/original data/Trajectories/2022-02-06/237_RR220206A_722C_2151.bmp,trajectory,,False,-13.38219,-38.342133
/content/quantum rheed codex/data/original data/Trajectories/2022-02-06/238_RR220206A_721C_2153.bmp,trajectory,,False,-13.518136,-38.25658
/content/quantum rheed codex/data/original data/Trajectories/2022-02-06/239_RR220206A_707C_2155.bmp,trajectory,,False,-13.809279,-38.031277
/content/quantum rheed codex/data/original data/Trajectories/2022-02-06/240_RR220206A_707C_2156.bmp,trajectory,,False,-14.0573635,-37.863365
/content/quantum rheed codex/data/original data/Trajectories/2022-02-06/241_RR220206A_692C_2157.bmp,trajectory,,False,-14.314634,-37.677036
/content/quantum rheed codex/data/original data/Trajectories/2022-02-06/242_RR220206A_690C_2158.bmp,trajectory,,False,-14.409205,-37.61007
/content/quantum rheed codex/data/original data/Trajectories/2022-02-06/243_RR220206A_675C_2200.bmp,trajectory,,False,-14.868233,-37.277725
/content/quantum rheed codex/data/original data/Trajectories/2022-02-06/244_RR220206A_674C_2202.bmp,trajectory,,False,-15.014924,-37.17198
/content/quantum rheed codex/data/original data/Trajectories/2022-02-06/245_RR220206A_674C_2203.bmp,trajectory,,False,-15.258832,-36.990044
/content/quantum rheed codex/data/original data/Trajectories/2022-02-06/246_RR220206A_658C_2205.bmp,trajectory,,False,-15.72393,-36.643402
/content/quantum rheed codex/data/original data/Trajectories/2022-02-06/247_RR220206A_657C_2207.bmp,trajectory,,False,-16.233593,-36.26474
/content/quantum rheed codex/data/original data/Trajectories/2022-02-06/248_RR220206A_639C_2209.bmp,trajectory,,False,-16.964018,-35.72164
/content/quantum rheed codex/data/original data/Trajectories/2022-02-06/249_RR220206A_638C_2210.bmp,trajectory,,False,-17.17359,-35.56899
/content/quantum rheed codex/data/original data/Trajectories/2022-02-06/250_RR220206A_621C_2212.bmp,trajectory,,False,-17.585768,-35.264732
/content/quantum rheed codex/data/original data/Trajectories/2022-02-06/251_RR220206A_619C_2214.bmp,trajectory,,False,-17.578009,-35.26318
/content/quantum rheed codex/data/original data/Trajectories/2022-02-06/252_RR220206A_600C_2216.bmp,trajectory,,False,-17.736248,-35.042587
/content/quantum rheed codex/data/original data/Trajectories/2022-02-06/253_RR220206A_599C_2217.bmp,trajectory,,False,-18.109554,-34.98674
/content/quantum rheed codex/data/original data/Trajectories/2022-02-06/254_RR220206A_599C_2218.bmp,trajectory,,False,-18.363646,-34.99931
/content/quantum rheed codex/data/original data/Trajectories/2022-02-06/255_RR220206A_581C_2220.bmp,trajectory,,False,-18.344841,-34.900715
/content/quantum rheed codex/data/original data/Trajectories/2022-02-06/256_RR220206A_580C_2221.bmp,trajectory,,False,-18.24878,-34.498394
/content/quantum rheed codex/data/original data/Trajectories/2022-02-06/257_RR220206A_581C_2222.bmp,trajectory,,False,-18.244925,-34.470875
/content/quantum rheed codex/data/original data/Trajectories/2022-02-06/258_RR220206A_580C_2223.bmp,trajectory,,False,-18.992636,-34.70042
/content/quantum rheed codex/data/original data/Trajectories/2022-02-06/259_RR220206A_561C_2225.bmp,trajectory,,False,-18.832188,-34.145332
/content/quantum rheed codex/data/original data/Trajectories/2022-02-06/260_RR220206A_560C_2226.bmp,trajectory,,False,-18.529345,-34.109978
/content/quantum rheed codex/data/original data/Trajectories/2022-02-06/261_RR220206A_540C_2227.bmp,trajectory,,False,-18.92989,-34.025158
/content/quantum rheed codex/data/original data/Trajectories/2022-02-06/262_RR220206A_540C_2228.bmp,trajectory,,False,-19.161171,-34.26753
/content/quantum rheed codex/data/original data/Trajectories/2022-02-06/263_RR220206A_520C_2229.bmp,trajectory,,False,-19.290281,-33.86541
/content/quantum rheed codex/data/original data/Trajectories/2022-02-06/264_RR220206A_519C_2230.bmp,trajectory,,False,-19.643875,-34.07405
/content/quantum rheed codex/data/original data/Trajectories/2022-02-06/265_RR220206A_498C_2232.bmp,trajectory,,False,-19.770483,-33.649754
/content/quantum rheed codex/data/original data/Trajectories/2022-02-06/266_RR220206A_496C_2233.bmp,trajectory,,False,-19.79335,-33.65973
/content/quantum rheed codex/data/original data/Trajectories/2022-02-06/267_RR220206A_495C_2235.bmp,trajectory,,False,-19.996374,-33.854233
/content/quantum rheed codex/data/original data/Trajectories/2022-02-06/268_RR220206A_472C_2237.bmp,trajectory,,False,-20.315802,-33.434
/content/quantum rheed codex/data/original data/Trajectories/2022-02-06/269_RR220206A_471C_2238.bmp,trajectory,,False,-20.384968,-33.400223
/content/quantum rheed codex/data/original data/Trajectories/2022-02-06/270_RR220206A_471C_2240.bmp,trajectory,,False,-20.677454,-33.52301
/content/quantum rheed codex/data/original data/Trajectories/2022-02-06/271_RR220206A_425C_2242.bmp,trajectory,,False,-20.969242,-33.08595
/content/quantum rheed codex/data/original data/Trajectories/2022-02-06/272_RR220206A_424C_2242.bmp,trajectory,,False,-20.696388,-33.120285
/content/quantum rheed codex/data/original data/Trajectories/2022-02-06/273_RR220206A_423C_2243.bmp,trajectory,,False,-21.103336,-33.17133
/content/quantum rheed codex/data/original data/Trajectories/2022-02-06/274_RR220206A_372C_2245.bmp,trajectory,,False,-21.296164,-32.9209
/content/quantum rheed codex/data/original data/Trajectories/2022-02-06/275_RR220206A_370C_2246.bmp,trajectory,,False,-21.306725,-32.885265
/content/quantum rheed codex/data/original data/Trajectories/2022-02-06/276_RR220206A_368C_2247.bmp,trajectory,,False,-21.384962,-32.90016
/content/quantum rheed codex/data/original data/Trajectories/2022-02-06/277_RR220206A_310C_2249.bmp,trajectory,,False,-21.796255,-32.661507
/content/quantum rheed codex/data/original data/Trajectories/2022-02-06/278_RR220206A_308C_2250.bmp,trajectory,,False,-21.915281,-32.585155
/content/quantum rheed codex/data/original data/Trajectories/2022-02-06/279_RR220206A_253C_2251.bmp,trajectory,,False,-22.20498,-32.421295
/content/quantum rheed codex/data/original data/Trajectories/2022-02-06/280_RR220206A_244C_2253.bmp,trajectory,,False,-22.420177,-32.251728
/content/quantum rheed codex/data/original data/Trajectories/2022-02-06/281_RR220206A_241C_2254.bmp,trajectory,,False,-22.335829,-32.385696
/content/quantum rheed codex/data/original data/Trajectories/2022-02-06/282_RR220206A_184C_2256.bmp,trajectory,,False,-22.744726,-32.235382
/content/quantum rheed codex/data/original data/Trajectories/2022-02-06/283_RR220206A_172C_2258.bmp,trajectory,,False,-22.677546,-32.103695
/content/quantum rheed codex/data/original data/Trajectories/2022-02-06/284_RR220206A_168C_2259.bmp,trajectory,,False,-22.729336,-32.063614
/content/quantum rheed codex/data/original data/Trajectories/2022-02-06/285_RR220206A_165C_2301.bmp,trajectory,,False,-22.918829,-32.10076
/content/quantum rheed codex/data/original data/Trajectories/2022-02-06/286_RR220206A_165C_2302.bmp,trajectory,,False,-23.0448,-32.048622
/content/quantum rheed codex/data/original data/Trajectories/2022-02-06/287_RR220206A_165C_2303.bmp,trajectory,,False,-23.038065,-32.05364
/content/quantum rheed codex/data/original data/Trajectories/2022-04-11/001_RR220411A_180C_1417-01.bmp,trajectory,,False,-26.502344,23.860413
/content/quantum rheed codex/data/original data/Trajectories/2022-04-11/002_RR220411A_180C_1417-02.bmp,trajectory,,False,-26.472404,23.79234
/content/quantum rheed codex/data/original data/Trajectories/2022-04-11/003_RR220411A_184C_1419.bmp,trajectory,,False,-26.28338,23.396292
/content/quantum rheed codex/data/original data/Trajectories/2022-04-11/004_RR220411A_186C_1420.bmp,trajectory,,False,-26.169865,23.354763
/content/quantum rheed codex/data/original data/Trajectories/2022-04-11/005_RR220411A_189C_1420.bmp,trajectory,,False,-26.288088,23.123642
/content/quantum rheed codex/data/original data/Trajectories/2022-04-11/006_RR220411A_188C_1420.bmp,trajectory,,False,-26.234184,23.224863
/content/quantum rheed codex/data/original data/Trajectories/2022-04-11/007_RR220411A_190C_1421.bmp,trajectory,,False,-26.02387,23.040068
/content/quantum rheed codex/data/original data/Trajectories/2022-04-11/008_RR220411A_193C_1422.bmp,trajectory,,False,-25.777826,22.815147
/content/quantum rheed codex/data/original data/Trajectories/2022-04-11/009_RR220411A_206C_1423.bmp,trajectory,,False,-25.641697,22.498083
/content/quantum rheed codex/data/original data/Trajectories/2022-04-11/010_RR220411A_197C_1423.bmp,trajectory,,False,-26.14264,22.357588
/content/quantum rheed codex/data/original data/Trajectories/2022-04-11/011_RR220411A_219C_1424.bmp,trajectory,,False,-25.753653,22.14018
/content/quantum rheed codex/data/original data/Trajectories/2022-04-11/012_RR220411A_211C_1424.bmp,trajectory,,False,-25.46591,22.399952
/content/quantum rheed codex/data/original data/Trajectories/2022-04-11/013_RR220411A_223C_1424.bmp,trajectory,,False,-26.043737,22.216215
/content/quantum rheed codex/data/original data/Trajectories/2022-04-11/014_RR220411A_228C_1425.bmp,trajectory,,False,-25.347382,21.971132
/content/quantum rheed codex/data/original data/Trajectories/2022-04-11/015_RR220411A_232C_1426.bmp,trajectory,,False,-25.26444,21.713654
/content/quantum rheed codex/data/original data/Trajectories/2022-04-11/016_RR220411A_235C_1426.bmp,trajectory,,False,-25.563675,21.629768
/content/quantum rheed codex/data/original data/Trajectories/2022-04-11/017_RR220411A_238C_1427.bmp,trajectory,,False,-25.258518,21.469065
/content/quantum rheed codex/data/original data/Trajectories/2022-04-11/018_RR220411A_241C_1428.bmp,trajectory,,False,-25.136927,21.190954
/content/quantum rheed codex/data/original data/Trajectories/2022-04-11/019_RR220411A_247C_1429.bmp,trajectory,,False,-25.198223,21.174091
/content/quantum rheed codex/data/original data/Trajectories/2022-04-11/020_RR220411A_256C_1429.bmp,trajectory,,False,-24.896011,20.93464
/content/quantum rheed codex/data/original data/Trajectories/2022-04-11/021_RR220411A_260C_1430.bmp,trajectory,,False,-24.87382,20.79239
/content/quantum rheed codex/data/original data/Trajectories/2022-04-11/022_RR220411A_265C_1431.bmp,trajectory,,False,-24.882338,20.57699
/content/quantum rheed codex/data/original data/Trajectories/2022-04-11/023_RR220411A_267C_1432.bmp,trajectory,,False,-24.748898,20.412436
/content/quantum rheed codex/data/original data/Trajectories/2022-04-11/024_RR220411A_267C_1433.bmp,trajectory,,False,-24.477226,20.170298
/content/quantum rheed codex/data/original data/Trajectories/2022-04-11/025_RR220411A_271C_1434.bmp,trajectory,,False,-24.535458,19.996052
/content/quantum rheed codex/data/original data/Trajectories/2022-04-11/026_RR220411A_282C_1434.bmp,trajectory,,False,-24.639648,19.951883
/content/quantum rheed codex/data/original data/Trajectories/2022-04-11/027_RR220411A_287C_1435.bmp,trajectory,,False,-24.253199,19.744888
/content/quantum rheed codex/data/original data/Trajectories/2022-04-11/028_RR220411A_291C_1436.bmp,trajectory,,False,-24.17008,19.427216
/content/quantum rheed codex/data/original data/Trajectories/2022-04-11/029_RR220411A_292C_1437.bmp,trajectory,,False,-24.130323,19.323536
/content/quantum rheed codex/data/original data/Trajectories/2022-04-11/030_RR220411A_291C_1437.bmp,trajectory,,False,-24.669077,19.56943
/content/quantum rheed codex/data/original data/Trajectories/2022-04-11/031_RR220411A_296C_1438.bmp,trajectory,,False,-23.949974,19.024052
/content/quantum rheed codex/data/original data/Trajectories/2022-04-11/032_RR220411A_309C_1439.bmp,trajectory,,False,-24.110521,18.75318
/content/quantum rheed codex/data/original data/Trajectories/2022-04-11/033_RR220411A_310C_1440.bmp,trajectory,,False,-23.795324,18.71672
/content/quantum rheed codex/data/original data/Trajectories/2022-04-11/034_RR220411A_311C_1441.bmp,trajectory,,False,-23.605053,18.588589
/content/quantum rheed codex/data/original data/Trajectories/2022-04-11/035_RR220411A_314C_1442.bmp,trajectory,,False,-23.826687,18.264355
/content/quantum rheed codex/data/original data/Trajectories/2022-04-11/036_RR220411A_313C_1443.bmp,trajectory,,False,-23.786476,18.01862
/content/quantum rheed codex/data/original data/Trajectories/2022-04-11/037_RR220411A_312C_1444.bmp,trajectory,,False,-23.477507,18.282137
/content/quantum rheed codex/data/original data/Trajectories/2022-04-11/038_RR220411A_314C_1445.bmp,trajectory,,False,-23.449688,17.968536
/content/quantum rheed codex/data/original data/Trajectories/2022-04-11/039_RR220411A_325C_1446.bmp,trajectory,,False,-23.548023,17.533882
/content/quantum rheed codex/data/original data/Trajectories/2022-04-11/040_RR220411A_329C_1446.bmp,trajectory,,False,-23.1526,17.827469
/content/quantum rheed codex/data/original data/Trajectories/2022-04-11/041_RR220411A_330C_1447.bmp,trajectory,,False,-23.103365,17.475927
/content/quantum rheed codex/data/original data/Trajectories/2022-04-11/042_RR220411A_331C_1448.bmp,trajectory,,False,-23.40862,17.231205
/content/quantum rheed codex/data/original data/Trajectories/2022-04-11/043_RR220411A_345C_1450.bmp,trajectory,,False,-23.168446,16.972748
/content/quantum rheed codex/data/original data/Trajectories/2022-04-11/044_RR220411A_348C_1450.bmp,trajectory,,False,-22.936096,16.769163
/content/quantum rheed codex/data/original data/Trajectories/2022-04-11/045_RR220411A_348C_1451.bmp,trajectory,,False,-22.924517,16.825922
/content/quantum rheed codex/data/original data/Trajectories/2022-04-11/046_RR220411A_349C_1453.bmp,trajectory,,False,-22.90366,16.523798
/content/quantum rheed codex/data/original data/Trajectories/2022-04-11/047_RR220411A_350C_1454.bmp,trajectory,,False,-22.68418,16.202116
/content/quantum rheed codex/data/original data/Trajectories/2022-04-11/048_RR220411A_359C_1455.bmp,trajectory,,False,-22.586658,15.991179
/content/quantum rheed codex/data/original data/Trajectories/2022-04-11/049_RR220411A_368C_1457.bmp,trajectory,,False,-22.320253,15.420259
/content/quantum rheed codex/data/original data/Trajectories/2022-04-11/050_RR220411A_370C_1458.bmp,trajectory,,False,-22.224012,15.2257595
/content/quantum rheed codex/data/original data/Trajectories/2022-04-11/051_RR220411A_370C_1500.bmp,trajectory,,False,-22.079466,14.917993
/content/quantum rheed codex/data/original data/Trajectories/2022-04-11/052_RR220411A_380C_1502.bmp,trajectory,,False,-21.90904,14.537424
/content/quantum rheed codex/data/original data/Trajectories/2022-04-11/053_RR220411A_374C_1502.bmp,trajectory,,False,-21.968369,14.659493
/content/quantum rheed codex/data/original data/Trajectories/2022-04-11/054_RR220411A_385C_1503.bmp,trajectory,,False,-21.810022,14.335794
/content/quantum rheed codex/data/original data/Trajectories/2022-04-11/055_RR220411A_386C_1504.bmp,trajectory,,False,-21.803425,14.346731
/content/quantum rheed codex/data/original data/Trajectories/2022-04-11/056_RR220411A_389C_1505.bmp,trajectory,,False,-21.639847,13.936626
/content/quantum rheed codex/data/original data/Trajectories/2022-04-11/057_RR220411A_389C_1506-01.bmp,trajectory,,False,-21.587917,13.816783
/content/quantum rheed codex/data/original data/Trajectories/2022-04-11/058_RR220411A_389C_1506-02.bmp,trajectory,,False,-21.543943,13.741056
/content/quantum rheed codex/data/original data/Trajectories/2022-04-11/059_RR220411A_394C_1507.bmp,trajectory,,False,-21.517834,13.682862
/content/quantum rheed codex/data/original data/Trajectories/2022-04-11/060_RR220411A_400C_1508.bmp,trajectory,,False,-21.376959,13.353213
/content/quantum rheed codex/data/original data/Trajectories/2022-04-11/061_RR220411A_399C_1508.bmp,trajectory,,False,-21.382513,13.332162
/content/quantum rheed codex/data/original data/Trajectories/2022-04-11/062_RR220411A_402C_1509.bmp,trajectory,,False,-21.29597,13.118442
/content/quantum rheed codex/data/original data/Trajectories/2022-04-11/063_RR220411A_402C_1510.bmp,trajectory,,False,-21.190691,12.873271
/content/quantum rheed codex/data/original data/Trajectories/2022-04-11/064_RR220411A_413C_1511.bmp,trajectory,,False,-21.069859,12.540282
/content/quantum rheed codex/data/original data/Trajectories/2022-04-11/065_RR220411A_414C_1512.bmp,trajectory,,False,-21.053455,12.511104
/content/quantum rheed codex/data/original data/Trajectories/2022-04-11/066_RR220411A_416C_1513-01.bmp,trajectory,,False,-20.916895,12.141501
/content/quantum rheed codex/data/original data/Trajectories/2022-04-11/067_RR220411A_416C_1513-02.bmp,trajectory,,False,-20.865484,12.021388
/content/quantum rheed codex/data/original data/Trajectories/2022-04-11/068_RR220411A_424C_1514.bmp,trajectory,,False,-20.722347,11.599125
/content/quantum rheed codex/data/original data/Trajectories/2022-04-11/069_RR220411A_428C_1515.bmp,trajectory,,False,-20.656902,11.430082
/content/quantum rheed codex/data/original data/Trajectories/2022-04-11/070_RR220411A_427C_1515.bmp,trajectory,,False,-20.707355,11.576664
/content/quantum rheed codex/data/original data/Trajectories/2022-04-11/071_RR220411A_430C_1516.bmp,trajectory,,False,-20.501331,10.952955
/content/quantum rheed codex/data/original data/Trajectories/2022-04-11/072_RR220411A_429C_1516.bmp,trajectory,,False,-20.611557,11.294736
/content/quantum rheed codex/data/original data/Trajectories/2022-04-11/073_RR220411A_435C_1518.bmp,trajectory,,False,-20.376234,10.584381
/content/quantum rheed codex/data/original data/Trajectories/2022-04-11/074_RR220411A_431C_1518.bmp,trajectory,,False,-20.433056,10.757523
/content/quantum rheed codex/data/original data/Trajectories/2022-04-11/075_RR220411A_440C_1519.bmp,trajectory,,False,-20.372269,10.520498
/content/quantum rheed codex/data/original data/Trajectories/2022-04-11/076_RR220411A_442C_1520.bmp,trajectory,,False,-20.260464,10.120042
/content/quantum rheed codex/data/original data/Trajectories/2022-04-11/077_RR220411A_441C_1520.bmp,trajectory,,False,-20.257679,10.077849
/content/quantum rheed codex/data/original data/Trajectories/2022-04-11/078_RR220411A_443C_1521.bmp,trajectory,,False,-20.160471,9.933082
/content/quantum rheed codex/data/original data/Trajectories/2022-04-11/079_RR220411A_445C_1522.bmp,trajectory,,False,-20.099073,9.483386
/content/quantum rheed codex/data/original data/Trajectories/2022-04-11/080_RR220411A_451C_1523.bmp,trajectory,,False,-20.081575,9.288319
/content/quantum rheed codex/data/original data/Trajectories/2022-04-11/081_RR220411A_453C_1523.bmp,trajectory,,False,-19.934042,9.254877
/content/quantum rheed codex/data/original data/Trajectories/2022-04-11/082_RR220411A_454C_1523.bmp,trajectory,,False,-19.962687,9.141321
/content/quantum rheed codex/data/original data/Trajectories/2022-04-11/083_RR220411A_455C_1524.bmp,trajectory,,False,-19.998089,9.024839
/content/quantum rheed codex/data/original data/Trajectories/2022-04-11/084_RR220411A_456C_1525.bmp,trajectory,,False,-19.814814,8.753844
/content/quantum rheed codex/data/original data/Trajectories/2022-04-11/085_RR220411A_456C_1526.bmp,trajectory,,False,-20.0053,8.763185
/content/quantum rheed codex/data/original data/Trajectories/2022-04-11/086_RR220411A_465C_1527.bmp,trajectory,,False,-19.825935,8.259591
/content/quantum rheed codex/data/original data/Trajectories/2022-04-11/087_RR220411A_466C_1527.bmp,trajectory,,False,-19.785423,8.181833
/content/quantum rheed codex/data/original data/Trajectories/2022-04-11/088_RR220411A_459C_1527.bmp,trajectory,,False,-19.825104,8.320676
/content/quantum rheed codex/data/original data/Trajectories/2022-04-11/089_RR220411A_467C_1528.bmp,trajectory,,False,-19.772564,8.044572
/content/quantum rheed codex/data/original data/Trajectories/2022-04-11/090_RR220411A_468C_1529.bmp,trajectory,,False,-19.723637,7.742873
/content/quantum rheed codex/data/original data/Trajectories/2022-04-11/091_RR220411A_480C_1531.bmp,trajectory,,False,-19.618715,7.0473423
/content/quantum rheed codex/data/original data/Trajectories/2022-04-11/092_RR220411A_483C_1531.bmp,trajectory,,False,-19.60479,6.863556
/content/quantum rheed codex/data/original data/Trajectories/2022-04-11/093_RR220411A_482C_1531.bmp,trajectory,,False,-19.607529,6.8731084
/content/quantum rheed codex/data/original data/Trajectories/2022-04-11/094_RR220411A_484C_1532.bmp,trajectory,,False,-19.580498,6.6385536
/content/quantum rheed codex/data/original data/Trajectories/2022-04-11/095_RR220411A_485C_1533.bmp,trajectory,,False,-19.55583,6.4806786
/content/quantum rheed codex/data/original data/Trajectories/2022-04-11/096_RR220411A_486C_1535.bmp,trajectory,,False,-19.505688,5.95543
/content/quantum rheed codex/data/original data/Trajectories/2022-04-11/097_RR220411A_491C_1536.bmp,trajectory,,False,-19.503439,5.546656
/content/quantum rheed codex/data/original data/Trajectories/2022-04-11/098_RR220411A_488C_1536.bmp,trajectory,,False,-19.507383,5.8485737
/content/quantum rheed codex/data/original data/Trajectories/2022-04-11/099_RR220411A_490C_1536.bmp,trajectory,,False,-19.502712,5.7425904
/content/quantum rheed codex/data/original data/Trajectories/2022-04-11/100_RR220411A_492C_1537.bmp,trajectory,,False,-19.472511,5.567869
/content/quantum rheed codex/data/original data/Trajectories/2022-04-11/101_RR220411A_493C_1539.bmp,trajectory,,False,-19.484135,5.1383386
/content/quantum rheed codex/data/original data/Trajectories/2022-04-11/102_RR220411A_502C_1540.bmp,trajectory,,False,-19.447136,4.846286
/content/quantum rheed codex/data/original data/Trajectories/2022-04-11/103_RR220411A_496C_1540.bmp,trajectory,,False,-19.454853,5.1039147
/content/quantum rheed codex/data/original data/Trajectories/2022-04-11/104_RR220411A_501C_1540.bmp,trajectory,,False,-19.478807,4.834275
/content/quantum rheed codex/data/original data/Trajectories/2022-04-11/105_RR220411A_503C_1541.bmp,trajectory,,False,-19.494852,4.7055025
/content/quantum rheed codex/data/original data/Trajectories/2022-04-11/106_RR220411A_504C_1542.bmp,trajectory,,False,-19.489853,4.410976
/content/quantum rheed codex/data/original data/Trajectories/2022-04-11/107_RR220411A_513C_1543.bmp,trajectory,,False,-19.50017,4.057741
/content/quantum rheed codex/data/original data/Trajectories/2022-04-11/108_RR220411A_507C_1543.bmp,trajectory,,False,-19.483961,4.4598017
/content/quantum rheed codex/data/original data/Trajectories/2022-04-11/109_RR220411A_522C_1544.bmp,trajectory,,False,-19.531929,3.6139264
/content/quantum rheed codex/data/original data/Trajectories/2022-04-11/110_RR220411A_537C_1546.bmp,trajectory,,False,-19.60063,2.737657
/content/quantum rheed codex/data/original data/Trajectories/2022-04-11/111_RR220411A_536C_1546.bmp,trajectory,,False,-19.57377,3.070001
/content/quantum rheed codex/data/original data/Trajectories/2022-04-11/112_RR220411A_538C_1547.bmp,trajectory,,False,-19.605484,2.606071
/content/quantum rheed codex/data/original data/Trajectories/2022-04-11/113_RR220411A_539C_1548.bmp,trajectory,,False,-19.670286,2.217079
/content/quantum rheed codex/data/original data/Trajectories/2022-04-11/114_RR220411A_543C_1549.bmp,trajectory,,False,-19.65004,2.1698766
/content/quantum rheed codex/data/original data/Trajectories/2022-04-11/115_RR220411A_544C_1549.bmp,trajectory,,False,-19.68009,1.9122654
/content/quantum rheed codex/data/original data/Trajectories/2022-04-11/116_RR220411A_545C_1550.bmp,trajectory,,False,-19.695446,1.8568192
/content/quantum rheed codex/data/original data/Trajectories/2022-04-11/117_RR220411A_546C_1551.bmp,trajectory,,False,-19.692823,1.6289389
/content/quantum rheed codex/data/original data/Trajectories/2022-04-11/118_RR220411A_549C_1552.bmp,trajectory,,False,-19.698744,1.3920965
/content/quantum rheed codex/data/original data/Trajectories/2022-04-11/119_RR220411A_554C_1553.bmp,trajectory,,False,-19.967514,1.5095322
/content/quantum rheed codex/data/original data/Trajectories/2022-04-11/120_RR220411A_555C_1553.bmp,trajectory,,False,-19.786158,1.2693064
/content/quantum rheed codex/data/original data/Trajectories/2022-04-11/121_RR220411A_559C_1554.bmp,trajectory,,False,-19.795462,1.0693197
/content/quantum rheed codex/data/original data/Trajectories/2022-04-11/122_RR220411A_565C_1554.bmp,trajectory,,False,-19.906763,0.9065271
/content/quantum rheed codex/data/original data/Trajectories/2022-04-11/123_RR220411A_566C_1555.bmp,trajectory,,False,-19.898378,0.7800878
/content/quantum rheed codex/data/original data/Trajectories/2022-04-11/124_RR220411A_575C_1557.bmp,trajectory,,False,-20.03273,0.25815114
/content/quantum rheed codex/data/original data/Trajectories/2022-04-11/125_RR220411A_576C_1558.bmp,trajectory,,False,-20.09737,0.22702172
/content/quantum rheed codex/data/original data/Trajectories/2022-04-11/126_RR220411A_585C_1600.bmp,trajectory,,False,-20.195526,-0.12063026
/content/quantum rheed codex/data/original data/Trajectories/2022-04-11/127_RR220411A_589C_1600.bmp,trajectory,,False,-20.240252,-0.20811644
/content/quantum rheed codex/data/original data/Trajectories/2022-04-11/128_RR220411A_595C_1601.bmp,trajectory,,False,-20.08487,-0.065172166
/content/quantum rheed codex/data/original data/Trajectories/2022-04-11/129_RR220411A_590C_1601.bmp,trajectory,,False,-20.08487,-0.065172166
/content/quantum rheed codex/data/original data/Trajectories/2022-04-11/130_RR220411A_596C_1602.bmp,trajectory,,False,-20.308046,-0.5782925
/content/quantum rheed codex/data/original data/Trajectories/2022-04-11/131_RR220411A_606C_1603.bmp,trajectory,,False,-20.515957,-1.1873568
/content/quantum rheed codex/data/original data/Trajectories/2022-04-11/132_RR220411A_600C_1603.bmp,trajectory,,False,-20.408722,-0.9055428
/content/quantum rheed codex/data/original data/Trajectories/2022-04-11/133_RR220411A_615C_1605.bmp,trajectory,,False,-20.53232,-1.2463591
/content/quantum rheed codex/data/original data/Trajectories/2022-04-11/134_RR220411A_617C_1606.bmp,trajectory,,False,-20.72978,-1.7570795
/content/quantum rheed codex/data/original data/Trajectories/2022-04-11/135_RR220411A_624C_1608.bmp,trajectory,,False,-20.9285,-2.204138
/content/quantum rheed codex/data/original data/Trajectories/2022-04-11/136_RR220411A_625C_1608.bmp,trajectory,,False,-20.918285,-2.1192136
/content/quantum rheed codex/data/original data/Trajectories/2022-04-11/137_RR220411A_633C_1609.bmp,trajectory,,False,-20.840523,-2.1439183
/content/quantum rheed codex/data/original data/Trajectories/2022-04-11/138_RR220411A_635C_1610.bmp,trajectory,,False,-21.017952,-2.5741572
/content/quantum rheed codex/data/original data/Trajectories/2022-04-11/139_RR220411A_645C_1611.bmp,trajectory,,False,-21.223808,-2.9958992
/content/quantum rheed codex/data/original data/Trajectories/2022-04-11/140_RR220411A_647C_1612.bmp,trajectory,,False,-21.320145,-3.0635552
/content/quantum rheed codex/data/original data/Trajectories/2022-04-11/141_RR220411A_656C_1613.bmp,trajectory,,False,-21.492733,-3.2850804
/content/quantum rheed codex/data/original data/Trajectories/2022-04-11/142_RR220411A_648C_1613.bmp,trajectory,,False,-21.122805,-3.0088
/content/quantum rheed codex/data/original data/Trajectories/2022-04-11/143_RR220411A_660C_1614.bmp,trajectory,,False,-21.380121,-3.6345642
/content/quantum rheed codex/data/original data/Trajectories/2022-04-11/144_RR220411A_662C_1615.bmp,trajectory,,False,-21.60078,-3.8563201
/content/quantum rheed codex/data/original data/Trajectories/2022-04-11/145_RR220411A_670C_1616.bmp,trajectory,,False,-21.48461,-3.707991
/content/quantum rheed codex/data/original data/Trajectories/2022-04-11/146_RR220411A_662C_1616.bmp,trajectory,,False,-21.447748,-3.708179
/content/quantum rheed codex/data/original data/Trajectories/2022-04-11/147_RR220411A_671C_1617.bmp,trajectory,,False,-21.695131,-4.208494
/content/quantum rheed codex/data/original data/Trajectories/2022-04-11/148_RR220411A_672C_1618.bmp,trajectory,,False,-21.889256,-4.660331
/content/quantum rheed codex/data/original data/Trajectories/2022-04-11/149_RR220411A_676C_1619.bmp,trajectory,,False,-21.8511,-4.6698484
/content/quantum rheed codex/data/original data/Trajectories/2022-04-11/150_RR220411A_681C_1619.bmp,trajectory,,False,-22.01433,-4.9552193
/content/quantum rheed codex/data/original data/Trajectories/2022-04-11/151_RR220411A_682C_1621.bmp,trajectory,,False,-22.066755,-5.390123
/content/quantum rheed codex/data/original data/Trajectories/2022-04-11/152_RR220411A_690C_1623-01.bmp,trajectory,,False,-22.235748,-5.96118
/content/quantum rheed codex/data/original data/Trajectories/2022-04-11/153_RR220411A_690C_1623-02.bmp,trajectory,,False,-22.294373,-6.1682825
/content/quantum rheed codex/data/original data/Trajectories/2022-04-11/154_RR220411A_696C_1624.bmp,trajectory,,False,-22.36443,-6.138641
/content/quantum rheed codex/data/original data/Trajectories/2022-04-11/155_RR220411A_698C_1625.bmp,trajectory,,False,-22.465746,-6.0917563
/content/quantum rheed codex/data/original data/Trajectories/2022-04-11/156_RR220411A_699C_1628.bmp,trajectory,,False,-22.66927,-6.4990244
/content/quantum rheed codex/data/original data/Trajectories/2022-04-11/157_RR220411A_700C_1628.bmp,trajectory,,False,-22.099323,-6.4243937
/content/quantum rheed codex/data/original data/Trajectories/2022-04-11/158_RR220411A_708C_1629.bmp,trajectory,,False,-22.26149,-6.6600647
/content/quantum rheed codex/data/original data/Trajectories/2022-04-11/159_RR220411A_708C_1630.bmp,trajectory,,False,-22.621557,-6.856433
/content/quantum rheed codex/data/original data/Trajectories/2022-04-11/160_RR220411A_708C_1631.bmp,trajectory,,False,-22.31669,-6.907686
/content/quantum rheed codex/data/original data/Trajectories/2022-04-11/161_RR220411A_715C_1632.bmp,trajectory,,False,-22.424522,-6.917632
/content/quantum rheed codex/data/original data/Trajectories/2022-04-11/162_RR220411A_716C_1633.bmp,trajectory,,False,-23.015268,-7.1118336
/content/quantum rheed codex/data/original data/Trajectories/2022-04-11/163_RR220411A_715C_1634.bmp,trajectory,,False,-22.994524,-7.2233176
/content/quantum rheed codex/data/original data/Trajectories/2022-04-11/164_RR220411A_724C_1635.bmp,trajectory,,False,-22.914564,-7.562533
/content/quantum rheed codex/data/original data/Trajectories/2022-04-11/165_RR220411A_724C_1636.bmp,trajectory,,False,-22.232103,-7.416997
/content/quantum rheed codex/data/original data/Trajectories/2022-04-11/166_RR220411A_733C_1637.bmp,trajectory,,False,-22.943676,-7.525631
/content/quantum rheed codex/data/original data/Trajectories/2022-04-11/167_RR220411A_734C_1638.bmp,trajectory,,False,-22.869188,-7.725181
/content/quantum rheed codex/data/original data/Trajectories/2022-04-11/168_RR220411A_742C_1639.bmp,trajectory,,False,-23.16572,-7.8136616
/content/quantum rheed codex/data/original data/Trajectories/2022-04-11/169_RR220411A_743C_1639.bmp,trajectory,,False,-22.785614,-7.9660597
/content/quantum rheed codex/data/original data/Trajectories/2022-04-11/170_RR220411A_744C_1640.bmp,trajectory,,False,-22.828949,-8.25416
/content/quantum rheed codex/data/original data/Trajectories/2022-04-11/171_RR220411A_746C_1641.bmp,trajectory,,False,-22.261917,-7.546955
/content/quantum rheed codex/data/original data/Trajectories/2022-04-11/172_RR220411A_751C_1642.bmp,trajectory,,False,-22.973682,-8.216019
/content/quantum rheed codex/data/original data/Trajectories/2022-04-11/173_RR220411A_755C_1643.bmp,trajectory,,False,-22.412441,-8.09645
/content/quantum rheed codex/data/original data/Trajectories/2022-04-11/174_RR220411A_757C_1644.bmp,trajectory,,False,-22.357754,-8.110288
/content/quantum rheed codex/data/original data/Trajectories/2022-04-11/175_RR220411A_765C_1645.bmp,trajectory,,False,-22.237019,-7.97579
/content/quantum rheed codex/data/original data/Trajectories/2022-04-11/176_RR220411A_769C_1647.bmp,trajectory,,False,-22.041368,-7.7144756
/content/quantum rheed codex/data/original data/Trajectories/2022-04-11/177_RR220411A_771C_1648.bmp,trajectory,,False,-21.906105,-7.690937
/content/quantum rheed codex/data/original data/Trajectories/2022-04-11/178_RR220411A_774C_1649.bmp,trajectory,,False,-21.452932,-7.1682305
/content/quantum rheed codex/data/original data/Trajectories/2022-04-11/179_RR220411A_776C_1650.bmp,trajectory,,False,-20.873814,-6.3271046
/content/quantum rheed codex/data/original data/Trajectories/2022-04-11/180_RR220411A_778C_1652.bmp,trajectory,,False,-20.136747,-5.378954
/content/quantum rheed codex/data/original data/Trajectories/2022-04-11/181_RR220411A_786C_1653.bmp,trajectory,,False,-19.944683,-5.196156
/content/quantum rheed codex/data/original data/Trajectories/2022-04-11/182_RR220411A_787C_1654.bmp,trajectory,,False,-19.68311,-4.7964334
/content/quantum rheed codex/data/original data/Trajectories/2022-04-11/183_RR220411A_794C_1655.bmp,trajectory,,False,-19.652725,-4.7273135
/content/quantum rheed codex/data/original data/Trajectories/2022-04-11/184_RR220411A_795C_1656.bmp,trajectory,,False,-19.057764,-4.1050835
/content/quantum rheed codex/data/original data/Trajectories/2022-04-11/185_RR220411A_796C_1657.bmp,trajectory,,False,-18.769884,-3.7950828
/content/quantum rheed codex/data/original data/Trajectories/2022-04-11/186_RR220411A_805C_1658.bmp,trajectory,,False,-18.374657,-3.4148793
/content/quantum rheed codex/data/original data/Trajectories/2022-04-11/187_RR220411A_804C_1659.bmp,trajectory,,False,-18.099062,-3.1622474
/content/quantum rheed codex/data/original data/Trajectories/2022-04-11/188_RR220411A_813C_1700.bmp,trajectory,,False,-17.854225,-3.0210478
/content/quantum rheed codex/data/original data/Trajectories/2022-04-11/189_RR220411A_822C_1703.bmp,trajectory,,False,-8.414893,-1.8453457
/content/quantum rheed codex/data/original data/Trajectories/2022-04-11/190_RR220411A_813C_1703.bmp,trajectory,,False,-8.424938,-1.8447983
/content/quantum rheed codex/data/original data/Trajectories/2022-04-11/191_RR220411A_821C_1704.bmp,trajectory,,False,-8.031193,-1.9279519
/content/quantum rheed codex/data/original data/Trajectories/2022-04-11/192_RR220411A_829C_1705.bmp,trajectory,,False,-7.8054194,-1.9887393
/content/quantum rheed codex/data/original data/Trajectories/2022-04-11/193_RR220411A_829C_1706.bmp,trajectory,,False,-7.080386,-2.20207
/content/quantum rheed codex/data/original data/Trajectories/2022-04-11/194_RR220411A_837C_1707.bmp,trajectory,,False,-6.806416,-2.2873378
/content/quantum rheed codex/data/original data/Trajectories/2022-04-11/195_RR220411A_836C_1708.bmp,trajectory,,False,-6.2690268,-2.470343
/content/quantum rheed codex/data/original data/Trajectories/2022-04-11/196_RR220411A_844C_1709-01.bmp,trajectory,,False,-6.087143,-2.529293
/content/quantum rheed codex/data/original data/Trajectories/2022-04-11/197_RR220411A_844C_1709-02.bmp,trajectory,,False,-5.734984,-2.6520755
/content/quantum rheed codex/data/original data/Trajectories/2022-04-11/198_RR220411A_843C_1710.bmp,trajectory,,False,-5.3210554,-2.7455983
/content/quantum rheed codex/data/original data/Trajectories/2022-04-11/199_RR220411A_844C_1710-01.bmp,trajectory,,False,-5.599002,-2.7176852
/content/quantum rheed codex/data/original data/Trajectories/2022-04-11/200_RR220411A_844C_1710-02.bmp,trajectory,,False,-5.436692,-2.7928927
/content/quantum rheed codex/data/original data/Trajectories/2022-04-11/201_RR220411A_843C_1711-01.bmp,trajectory,,False,-5.3297205,-2.9642613
/content/quantum rheed codex/data/original data/Trajectories/2022-04-11/202_RR220411A_843C_1711-02.bmp,trajectory,,False,-4.988031,-2.768843
/content/quantum rheed codex/data/original data/Trajectories/2022-04-11/203_RR220411A_843C_1711-03.bmp,trajectory,,False,-4.8168464,-2.8298228
/content/quantum rheed codex/data/original data/Trajectories/2022-04-11/204_RR220411A_851C_1712.bmp,trajectory,,False,-4.9919405,-3.1730688
/content/quantum rheed codex/data/original data/Trajectories/2022-04-11/205_RR220411A_850C_1712-01.bmp,trajectory,,False,-4.834077,-3.2536333
/content/quantum rheed codex/data/original data/Trajectories/2022-04-11/206_RR220411A_850C_1712-02.bmp,trajectory,,False,-4.513943,-2.9505267
/content/quantum rheed codex/data/original data/Trajectories/2022-04-11/207_RR220411A_850C_1713-01.bmp,trajectory,,False,-4.581244,-3.3769808
/content/quantum rheed codex/data/original data/Trajectories/2022-04-11/208_RR220411A_850C_1713-02.bmp,trajectory,,False,-4.2312617,-3.1015441
/content/quantum rheed codex/data/original data/Trajectories/2022-04-11/209_RR220411A_850C_1714-01.bmp,trajectory,,False,-4.141061,-3.1425798
/content/quantum rheed codex/data/original data/Trajectories/2022-04-11/210_RR220411A_850C_1714-02.bmp,trajectory,,False,-4.299744,-3.477145
/content/quantum rheed codex/data/original data/Trajectories/2022-04-11/211_RR220411A_850C_1714-03.bmp,trajectory,,False,-4.152481,-3.5015934
/content/quantum rheed codex/data/original data/Trajectories/2022-04-11/212_RR220411A_859C_1715.bmp,trajectory,,False,-3.9226925,-3.4609191
/content/quantum rheed codex/data/original data/Trajectories/2022-04-11/213_RR220411A_857C_1715.bmp,trajectory,,False,-3.809092,-3.5285027
/content/quantum rheed codex/data/original data/Trajectories/2022-04-11/214_RR220411A_857C_1717-01.bmp,trajectory,,False,-3.5100904,-3.7222564
/content/quantum rheed codex/data/original data/Trajectories/2022-04-11/215_RR220411A_857C_1717-02.bmp,trajectory,,False,-3.3168764,-3.8249106
/content/quantum rheed codex/data/original data/Trajectories/2022-04-11/216_RR220411A_857C_1717-03.bmp,trajectory,,False,-3.1427062,-3.9187229
/content/quantum rheed codex/data/original data/Trajectories/2022-04-11/217_RR220411A_857C_1718.bmp,trajectory,,False,-3.0416365,-3.9820735
/content/quantum rheed codex/data/original data/Trajectories/2022-04-11/218_RR220411A_858C_1719.bmp,trajectory,,False,-2.879922,-4.0822334
/content/quantum rheed codex/data/original data/Trajectories/2022-04-11/219_RR220411A_865C_1720.bmp,trajectory,,False,-2.6312497,-4.24307
/content/quantum rheed codex/data/original data/Trajectories/2022-04-11/220_RR220411A_865C_1721.bmp,trajectory,,False,-2.5312722,-4.3099256
/content/quantum rheed codex/data/original data/Trajectories/2022-04-11/221_RR220411A_864C_1721-01.bmp,trajectory,,False,-2.3613868,-4.410582
/content/quantum rheed codex/data/original data/Trajectories/2022-04-11/222_RR220411A_864C_1721-02.bmp,trajectory,,False,-2.4088213,-4.376077
/content/quantum rheed codex/data/original data/Trajectories/2022-04-11/223_RR220411A_864C_1722.bmp,trajectory,,False,-2.0913,-4.585658
/content/quantum rheed codex/data/original data/Trajectories/2022-04-11/224_RR220411A_865C_1723.bmp,trajectory,,False,-1.8636034,-4.7318535
/content/quantum rheed codex/data/original data/Trajectories/2022-04-11/225_RR220411A_873C_1724.bmp,trajectory,,False,-1.8837937,-4.719785
/content/quantum rheed codex/data/original data/Trajectories/2022-04-11/226_RR220411A_873C_1725.bmp,trajectory,,False,-1.5705249,-4.924884
/content/quantum rheed codex/data/original data/Trajectories/2022-04-11/227_RR220411A_877C_1726.bmp,trajectory,,False,-1.1314065,-5.226885
/content/quantum rheed codex/data/original data/Trajectories/2022-04-11/228_RR220411A_872C_1726.bmp,trajectory,,False,-1.2801535,-5.1263585
/content/quantum rheed codex/data/original data/Trajectories/2022-04-11/229_RR220411A_877C_1727.bmp,trajectory,,False,-1.0031818,-5.3145447
/content/quantum rheed codex/data/original data/Trajectories/2022-04-11/230_RR220411A_876C_1728.bmp,trajectory,,False,-0.43174848,-5.701761
/content/quantum rheed codex/data/original data/Trajectories/2022-04-11/231_RR220411A_882C_1729.bmp,trajectory,,False,-0.31844667,-5.7819586
/content/quantum rheed codex/data/original data/Trajectories/2022-04-11/232_RR220411A_882C_1730.bmp,trajectory,,False,-0.045486845,-5.983903
/content/quantum rheed codex/data/original data/Trajectories/2022-04-11/233_RR220411A_889C_1731.bmp,trajectory,,False,-0.26007965,-5.8390102
/content/quantum rheed codex/data/original data/Trajectories/2022-04-11/234_RR220411A_888C_1732.bmp,trajectory,,False,0.21121275,-6.158097
/content/quantum rheed codex/data/original data/Trajectories/2022-04-11/235_RR220411A_886C_1733.bmp,trajectory,,False,0.7060433,-6.4363627
/content/quantum rheed codex/data/original data/Trajectories/2022-04-11/236_RR220411A_903C_1735.bmp,trajectory,,False,1.4956058,-6.722308
/content/quantum rheed codex/data/original data/Trajectories/2022-04-11/237_RR220411A_901C_1735.bmp,trajectory,,False,0.64350986,-6.476969
/content/quantum rheed codex/data/original data/Trajectories/2022-04-11/238_RR220411A_905C_1736.bmp,trajectory,,False,0.9822773,-6.7068977
/content/quantum rheed codex/data/original data/Trajectories/2022-04-11/239_RR220411A_901C_1736.bmp,trajectory,,False,1.1557969,-6.7984443
/content/quantum rheed codex/data/original data/Trajectories/2022-04-11/240_RR220411A_911C_1737.bmp,trajectory,,False,0.7733315,-6.65608
/content/quantum rheed codex/data/original data/Trajectories/2022-04-11/241_RR220411A_910C_1737.bmp,trajectory,,False,1.2206762,-6.9846334
/content/quantum rheed codex/data/original data/Trajectories/2022-04-11/242_RR220411A_918C_1739.bmp,trajectory,,False,1.673923,-7.329281
/content/quantum rheed codex/data/original data/Trajectories/2022-04-11/243_RR220411A_909C_1739.bmp,trajectory,,False,2.0596862,-7.2022405
/content/quantum rheed codex/data/original data/Trajectories/2022-04-11/244_RR220411A_916C_1740.bmp,trajectory,,False,1.8783064,-7.46824
/content/quantum rheed codex/data/original data/Trajectories/2022-04-11/245_RR220411A_915C_1740.bmp,trajectory,,False,2.1389835,-7.4238977
/content/quantum rheed codex/data/original data/Trajectories/2022-04-11/246_RR220411A_915C_1741.bmp,trajectory,,False,2.287256,-7.322232
/content/quantum rheed codex/data/original data/Trajectories/2022-04-11/247_RR220411A_923C_1742.bmp,trajectory,,False,2.5281188,-7.6435556
/content/quantum rheed codex/data/original data/Trajectories/2022-04-11/248_RR220411A_921C_1743.bmp,trajectory,,False,2.4985266,-7.6501436
/content/quantum rheed codex/data/original data/Trajectories/2022-04-11/249_RR220411A_920C_1743.bmp,trajectory,,False,2.9648087,-7.4876685
/content/quantum rheed codex/data/original data/Trajectories/2022-04-11/250_RR220411A_920C_1745.bmp,trajectory,,False,2.964325,-7.523532
/content/quantum rheed codex/data/original data/Trajectories/2022-04-11/251_RR220411A_930C_1746.bmp,trajectory,,False,2.5786893,-8.124205
/content/quantum rheed codex/data/original data/Trajectories/2022-04-11/252_RR220411A_928C_1747.bmp,trajectory,,False,2.9183064,-8.017576
/content/quantum rheed codex/data/original data/Trajectories/2022-04-11/253_RR220411A_929C_1747.bmp,trajectory,,False,2.8986442,-8.0312195
/content/quantum rheed codex/data/original data/Trajectories/2022-04-11/254_RR220411A_929C_1748.bmp,trajectory,,False,3.288677,-7.845711
/content/quantum rheed codex/data/original data/Trajectories/2022-04-11/255_RR220411A_927C_1749.bmp,trajectory,,False,3.2678418,-7.9377866
/content/quantum rheed codex/data/original data/Trajectories/2022-04-11/256_RR220411A_927C_1750.bmp,trajectory,,False,3.6624389,-7.8748035
/content/quantum rheed codex/data/original data/Trajectories/2022-04-11/257_RR220411A_934C_1751.bmp,trajectory,,False,2.83741,-8.410768
/content/quantum rheed codex/data/original data/Trajectories/2022-04-11/258_RR220411A_932C_1751.bmp,trajectory,,False,3.5070124,-7.853719
/content/quantum rheed codex/data/original data/Trajectories/2022-04-11/259_RR220411A_941C_1752.bmp,trajectory,,False,2.7831502,-9.46088
/content/quantum rheed codex/data/original data/Trajectories/2022-04-11/260_RR220411A_942C_1752.bmp,trajectory,,False,2.8043835,-9.347561
/content/quantum rheed codex/data/original data/Trajectories/2022-04-11/261_RR220411A_948C_1753.bmp,trajectory,,False,2.5801966,-11.35585
/content/quantum rheed codex/data/original data/Trajectories/2022-04-11/262_RR220411A_946C_1754.bmp,trajectory,,False,2.4414685,-11.67068
/content/quantum rheed codex/data/original data/Trajectories/2022-04-11/263_RR220411A_956C_1754.bmp,trajectory,,False,2.2672448,-12.270356
/content/quantum rheed codex/data/original data/Trajectories/2022-04-11/264_RR220411A_954C_1755.bmp,trajectory,,False,2.2952027,-12.410458
/content/quantum rheed codex/data/original data/Trajectories/2022-04-11/265_RR220411A_952C_1757.bmp,trajectory,,False,2.3797514,-12.3240795
/content/quantum rheed codex/data/original data/Trajectories/2022-04-11/266_RR220411A_953C_1759.bmp,trajectory,,False,2.5622728,-12.156984
/content/quantum rheed codex/data/original data/Trajectories/2022-04-11/267_RR220411A_953C_1800.bmp,trajectory,,False,2.724481,-12.020106
/content/quantum rheed codex/data/original data/Trajectories/2022-04-11/268_RR220411A_952C_1801.bmp,trajectory,,False,2.8229241,-11.984982
/content/quantum rheed codex/data/original data/Trajectories/2022-04-11/269_RR220411A_952C_1804.bmp,trajectory,,False,2.844538,-12.368222
/content/quantum rheed codex/data/original data/Trajectories/2022-04-11/270_RR220411A_951C_1805.bmp,trajectory,,False,3.0088284,-12.037221
/content/quantum rheed codex/data/original data/Trajectories/2022-04-11/271_RR220411A_951C_1811.bmp,trajectory,,False,3.0110452,-12.434429
/content/quantum rheed codex/data/original data/Trajectories/2022-04-11/272_RR220411A_951C_1813.bmp,trajectory,,False,3.170406,-12.429371
/content/quantum rheed codex/data/original data/Trajectories/2022-04-11/273_RR220411A_950C_1815.bmp,trajectory,,False,2.94102,-12.626832
/content/quantum rheed codex/data/original data/Trajectories/2022-04-11/274_RR220411A_950C_1819.bmp,trajectory,,False,2.8528209,-12.7592
/content/quantum rheed codex/data/original data/Trajectories/2022-04-11/275_RR220411A_950C_1820.bmp,trajectory,,False,3.2294266,-12.386659
/content/quantum rheed codex/data/original data/Trajectories/2022-04-11/276_RR220411A_937C_1826.bmp,trajectory,,False,3.6204216,-11.866283
/content/quantum rheed codex/data/original data/Trajectories/2022-04-11/277_RR220411A_936C_1828.bmp,trajectory,,False,3.9363208,-11.448538
/content/quantum rheed codex/data/original data/Trajectories/2022-04-11/278_RR220411A_932C_1829.bmp,trajectory,,False,4.1295133,-11.240726
/content/quantum rheed codex/data/original data/Trajectories/2022-04-11/279_RR220411A_929C_1830.bmp,trajectory,,False,4.25616,-11.109457
/content/quantum rheed codex/data/original data/Trajectories/2022-04-11/280_RR220411A_927C_1831.bmp,trajectory,,False,3.9890735,-11.340173
/content/quantum rheed codex/data/original data/Trajectories/2022-04-11/281_RR220411A_923C_1832.bmp,trajectory,,False,4.422608,-10.95806
/content/quantum rheed codex/data/original data/Trajectories/2022-04-11/282_RR220411A_921C_1833.bmp,trajectory,,False,5.3672867,-10.182754
/content/quantum rheed codex/data/original data/Trajectories/2022-04-11/283_RR220411A_918C_1834.bmp,trajectory,,False,5.6379013,-10.01924
/content/quantum rheed codex/data/original data/Trajectories/2022-04-11/284_RR220411A_912C_1835.bmp,trajectory,,False,6.050048,-9.84834
/content/quantum rheed codex/data/original data/Trajectories/2022-04-11/285_RR220411A_911C_1836.bmp,trajectory,,False,6.230023,-9.774536
/content/quantum rheed codex/data/original data/Trajectories/2022-04-11/286_RR220411A_906C_1837.bmp,trajectory,,False,6.520035,-9.774327
/content/quantum rheed codex/data/original data/Trajectories/2022-04-11/287_RR220411A_903C_1837.bmp,trajectory,,False,6.58726,-9.7403555
/content/quantum rheed codex/data/original data/Trajectories/2022-04-11/288_RR220411A_904C_1837.bmp,trajectory,,False,6.4234643,-9.746637
/content/quantum rheed codex/data/original data/Trajectories/2022-04-11/289_RR220411A_899C_1839.bmp,trajectory,,False,7.295548,-9.778663
/content/quantum rheed codex/data/original data/Trajectories/2022-04-11/290_RR220411A_890C_1839.bmp,trajectory,,False,7.6752076,-9.808475
/content/quantum rheed codex/data/original data/Trajectories/2022-04-11/291_RR220411A_888C_1840.bmp,trajectory,,False,9.082616,-9.948119
/content/quantum rheed codex/data/original data/Trajectories/2022-04-11/292_RR220411A_887C_1841.bmp,trajectory,,False,9.557841,-9.998157
/content/quantum rheed codex/data/original data/Trajectories/2022-04-11/293_RR220411A_882C_1842.bmp,trajectory,,False,9.965812,-10.037781
/content/quantum rheed codex/data/original data/Trajectories/2022-04-11/294_RR220411A_883C_1842.bmp,trajectory,,False,9.745203,-10.02843
/content/quantum rheed codex/data/original data/Trajectories/2022-04-11/295_RR220411A_881C_1843.bmp,trajectory,,False,9.96947,-10.01378
/content/quantum rheed codex/data/original data/Trajectories/2022-04-11/296_RR220411A_878C_1844.bmp,trajectory,,False,10.25869,-10.02862
/content/quantum rheed codex/data/original data/Trajectories/2022-04-11/297_RR220411A_879C_1844.bmp,trajectory,,False,10.206699,-10.041293
/content/quantum rheed codex/data/original data/Trajectories/2022-04-11/298_RR220411A_877C_1845.bmp,trajectory,,False,10.535839,-10.1421795
/content/quantum rheed codex/data/original data/Trajectories/2022-04-11/299_RR220411A_874C_1846.bmp,trajectory,,False,11.023853,-10.164705
/content/quantum rheed codex/data/original data/Trajectories/2022-04-11/300_RR220411A_872C_1846.bmp,trajectory,,False,10.723883,-10.01086
/content/quantum rheed codex/data/original data/Trajectories/2022-04-11/301_RR220411A_869C_1848.bmp,trajectory,,False,11.18639,-10.182485
/content/quantum rheed codex/data/original data/Trajectories/2022-04-11/302_RR220411A_865C_1848.bmp,trajectory,,False,11.609704,-10.305396
/content/quantum rheed codex/data/original data/Trajectories/2022-04-11/303_RR220411A_863C_1849.bmp,trajectory,,False,11.737068,-10.0851345
/content/quantum rheed codex/data/original data/Trajectories/2022-04-11/304_RR220411A_861C_1849.bmp,trajectory,,False,11.660502,-10.067848
/content/quantum rheed codex/data/original data/Trajectories/2022-04-11/305_RR220411A_859C_1850.bmp,trajectory,,False,11.948765,-10.40084
/content/quantum rheed codex/data/original data/Trajectories/2022-04-11/306_RR220411A_857C_1850.bmp,trajectory,,False,12.086933,-10.0339155
/content/quantum rheed codex/data/original data/Trajectories/2022-04-11/307_RR220411A_855C_1851.bmp,trajectory,,False,12.219741,-10.101869
/content/quantum rheed codex/data/original data/Trajectories/2022-04-11/308_RR220411A_852C_1852.bmp,trajectory,,False,12.469799,-10.528814
/content/quantum rheed codex/data/original data/Trajectories/2022-04-11/309_RR220411A_847C_1853.bmp,trajectory,,False,12.760984,-10.415969
/content/quantum rheed codex/data/original data/Trajectories/2022-04-11/310_RR220411A_849C_1853.bmp,trajectory,,False,12.577345,-10.105355
/content/quantum rheed codex/data/original data/Trajectories/2022-04-11/311_RR220411A_845C_1854.bmp,trajectory,,False,12.7352295,-10.442983
/content/quantum rheed codex/data/original data/Trajectories/2022-04-11/312_RR220411A_841C_1856.bmp,trajectory,,False,12.973284,-9.9554
/content/quantum rheed codex/data/original data/Trajectories/2022-04-11/313_RR220411A_839C_1856.bmp,trajectory,,False,13.120281,-10.1570425
/content/quantum rheed codex/data/original data/Trajectories/2022-04-11/314_RR220411A_836C_1857.bmp,trajectory,,False,13.48748,-10.72495
/content/quantum rheed codex/data/original data/Trajectories/2022-04-11/315_RR220411A_835C_1857.bmp,trajectory,,False,13.298262,-10.552847
/content/quantum rheed codex/data/original data/Trajectories/2022-04-11/316_RR220411A_833C_1858.bmp,trajectory,,False,13.492699,-10.180934
/content/quantum rheed codex/data/original data/Trajectories/2022-04-11/317_RR220411A_831C_1858.bmp,trajectory,,False,13.487442,-10.164182
/content/quantum rheed codex/data/original data/Trajectories/2022-04-11/318_RR220411A_826C_1900.bmp,trajectory,,False,13.895361,-10.567049
/content/quantum rheed codex/data/original data/Trajectories/2022-04-11/319_RR220411A_828C_1900.bmp,trajectory,,False,13.9328985,-10.6482
/content/quantum rheed codex/data/original data/Trajectories/2022-04-11/320_RR220411A_824C_1901.bmp,trajectory,,False,13.962327,-10.542729
/content/quantum rheed codex/data/original data/Trajectories/2022-04-11/321_RR220411A_823C_1901.bmp,trajectory,,False,13.719767,-9.940174
/content/quantum rheed codex/data/original data/Trajectories/2022-04-11/322_RR220411A_818C_1902.bmp,trajectory,,False,14.123985,-10.145725
/content/quantum rheed codex/data/original data/Trajectories/2022-04-11/323_RR220411A_816C_1903.bmp,trajectory,,False,14.367339,-10.398091
/content/quantum rheed codex/data/original data/Trajectories/2022-04-11/324_RR220411A_783C_1905.bmp,trajectory,,False,22.904617,-11.157871
/content/quantum rheed codex/data/original data/Trajectories/2022-04-11/325_RR220411A_773C_1906.bmp,trajectory,,False,23.262623,-11.204091
/content/quantum rheed codex/data/original data/Trajectories/2022-04-11/326_RR220411A_772C_1907.bmp,trajectory,,False,23.119837,-11.102677
/content/quantum rheed codex/data/original data/Trajectories/2022-04-11/327_RR220411A_766C_1908.bmp,trajectory,,False,23.488129,-11.106367
/content/quantum rheed codex/data/original data/Trajectories/2022-04-11/328_RR220411A_767C_1908.bmp,trajectory,,False,23.320822,-11.127251
/content/quantum rheed codex/data/original data/Trajectories/2022-04-11/329_RR220411A_765C_1909.bmp,trajectory,,False,23.42985,-11.162496
/content/quantum rheed codex/data/original data/Trajectories/2022-04-11/330_RR220411A_762C_1910.bmp,trajectory,,False,23.867567,-11.222521
/content/quantum rheed codex/data/original data/Trajectories/2022-04-11/331_RR220411A_760C_1910.bmp,trajectory,,False,23.83731,-11.021923
/content/quantum rheed codex/data/original data/Trajectories/2022-04-11/332_RR220411A_756C_1911.bmp,trajectory,,False,24.119259,-11.313593
/content/quantum rheed codex/data/original data/Trajectories/2022-04-11/333_RR220411A_752C_1911.bmp,trajectory,,False,24.249943,-11.1168995
/content/quantum rheed codex/data/original data/Trajectories/2022-04-11/334_RR220411A_751C_1912.bmp,trajectory,,False,24.546835,-11.29086
/content/quantum rheed codex/data/original data/Trajectories/2022-04-11/335_RR220411A_742C_1913.bmp,trajectory,,False,24.846638,-10.951469
/content/quantum rheed codex/data/original data/Trajectories/2022-04-11/336_RR220411A_747C_1913.bmp,trajectory,,False,24.46074,-10.912574
/content/quantum rheed codex/data/original data/Trajectories/2022-04-11/337_RR220411A_741C_1914.bmp,trajectory,,False,25.061354,-11.201868
/content/quantum rheed codex/data/original data/Trajectories/2022-04-11/338_RR220411A_734C_1915.bmp,trajectory,,False,25.329504,-10.819916
/content/quantum rheed codex/data/original data/Trajectories/2022-04-11/339_RR220411A_737C_1915.bmp,trajectory,,False,25.485195,-11.284039
/content/quantum rheed codex/data/original data/Trajectories/2022-04-11/340_RR220411A_731C_1916.bmp,trajectory,,False,25.609142,-10.757581
/content/quantum rheed codex/data/original data/Trajectories/2022-04-11/341_RR220411A_727C_1917.bmp,trajectory,,False,25.93777,-11.208461
/content/quantum rheed codex/data/original data/Trajectories/2022-04-11/342_RR220411A_728C_1917.bmp,trajectory,,False,25.626926,-10.7129345
/content/quantum rheed codex/data/original data/Trajectories/2022-04-11/343_RR220411A_722C_1918.bmp,trajectory,,False,26.094326,-10.8723955
/content/quantum rheed codex/data/original data/Trajectories/2022-04-11/344_RR220411A_719C_1918.bmp,trajectory,,False,26.225403,-10.8465605
/content/quantum rheed codex/data/original data/Trajectories/2022-04-11/345_RR220411A_717C_1919.bmp,trajectory,,False,26.489813,-10.870507
/content/quantum rheed codex/data/original data/Trajectories/2022-04-11/346_RR220411A_714C_1919.bmp,trajectory,,False,26.958544,-10.801506
/content/quantum rheed codex/data/original data/Trajectories/2022-04-11/347_RR220411A_708C_1920.bmp,trajectory,,False,26.458542,-10.468178
/content/quantum rheed codex/data/original data/Trajectories/2022-04-11/348_RR220411A_709C_1920.bmp,trajectory,,False,27.098917,-10.685197
/content/quantum rheed codex/data/original data/Trajectories/2022-04-11/349_RR220411A_705C_1921.bmp,trajectory,,False,27.344702,-10.600314
/content/quantum rheed codex/data/original data/Trajectories/2022-04-11/350_RR220411A_701C_1921.bmp,trajectory,,False,27.862953,-10.484899
/content/quantum rheed codex/data/original data/Trajectories/2022-04-11/351_RR220411A_700C_1922.bmp,trajectory,,False,28.389378,-10.539199
/content/quantum rheed codex/data/original data/Trajectories/2022-04-11/352_RR220411A_694C_1923.bmp,trajectory,,False,28.462078,-10.451735
/content/quantum rheed codex/data/original data/Trajectories/2022-04-11/353_RR220411A_697C_1923.bmp,trajectory,,False,28.199835,-10.677385
/content/quantum rheed codex/data/original data/Trajectories/2022-04-11/354_RR220411A_693C_1924.bmp,trajectory,,False,28.05877,-10.019514
/content/quantum rheed codex/data/original data/Trajectories/2022-04-11/355_RR220411A_690C_1924.bmp,trajectory,,False,28.992147,-10.373825
/content/quantum rheed codex/data/original data/Trajectories/2022-04-11/356_RR220411A_685C_1925.bmp,trajectory,,False,29.098804,-10.296403
/content/quantum rheed codex/data/original data/Trajectories/2022-04-11/357_RR220411A_684C_1925.bmp,trajectory,,False,28.577965,-10.141608
/content/quantum rheed codex/data/original data/Trajectories/2022-04-11/358_RR220411A_677C_1926.bmp,trajectory,,False,29.667435,-10.196167
/content/quantum rheed codex/data/original data/Trajectories/2022-04-11/359_RR220411A_675C_1926.bmp,trajectory,,False,29.943716,-10.066413
/content/quantum rheed codex/data/original data/Trajectories/2022-04-11/360_RR220411A_671C_1927.bmp,trajectory,,False,29.37457,-9.965407
/content/quantum rheed codex/data/original data/Trajectories/2022-04-11/361_RR220411A_667C_1928.bmp,trajectory,,False,29.912842,-10.079435
/content/quantum rheed codex/data/original data/Trajectories/2022-04-11/362_RR220411A_666C_1928.bmp,trajectory,,False,30.26861,-9.969407
/content/quantum rheed codex/data/original data/Trajectories/2022-04-11/363_RR220411A_661C_1929.bmp,trajectory,,False,31.00282,-9.772525
/content/quantum rheed codex/data/original data/Trajectories/2022-04-11/364_RR220411A_660C_1929.bmp,trajectory,,False,31.168936,-9.72181
/content/quantum rheed codex/data/original data/Trajectories/2022-04-11/365_RR220411A_658C_1930.bmp,trajectory,,False,30.864973,-9.797952
/content/quantum rheed codex/data/original data/Trajectories/2022-04-11/366_RR220411A_654C_1930.bmp,trajectory,,False,31.441404,-9.638111
/content/quantum rheed codex/data/original data/Trajectories/2022-04-11/367_RR220411A_648C_1932.bmp,trajectory,,False,31.804466,-9.5276785
/content/quantum rheed codex/data/original data/Trajectories/2022-04-11/368_RR220411A_647C_1932.bmp,trajectory,,False,31.829676,-9.519502
/content/quantum rheed codex/data/original data/Trajectories/2022-04-11/369_RR220411A_643C_1933.bmp,trajectory,,False,32.02993,-9.4550705
/content/quantum rheed codex/data/original data/Trajectories/2022-04-11/370_RR220411A_640C_1934.bmp,trajectory,,False,31.877262,-9.502715
/content/quantum rheed codex/data/original data/Trajectories/2022-04-11/371_RR220411A_633C_1935.bmp,trajectory,,False,32.706295,-9.222814
/content/quantum rheed codex/data/original data/Trajectories/2022-04-11/372_RR220411A_636C_1935.bmp,trajectory,,False,32.434086,-9.320584
/content/quantum rheed codex/data/original data/Trajectories/2022-04-11/373_RR220411A_630C_1937.bmp,trajectory,,False,33.213203,-9.034062
/content/quantum rheed codex/data/original data/Trajectories/2022-04-11/374_RR220411A_625C_1937.bmp,trajectory,,False,33.055725,-9.100836
/content/quantum rheed codex/data/original data/Trajectories/2022-04-11/375_RR220411A_617C_1938.bmp,trajectory,,False,33.7286,-8.853636
/content/quantum rheed codex/data/original data/Trajectories/2022-04-11/376_RR220411A_620C_1938.bmp,trajectory,,False,33.89339,-8.724409
/content/quantum rheed codex/data/original data/Trajectories/2022-04-11/377_RR220411A_616C_1939.bmp,trajectory,,False,34.204865,-8.471828
/content/quantum rheed codex/data/original data/Trajectories/2022-04-11/378_RR220411A_600C_1940.bmp,trajectory,,False,34.77839,-8.307243
/content/quantum rheed codex/data/original data/Trajectories/2022-04-11/379_RR220411A_614C_1940.bmp,trajectory,,False,34.32962,-8.51262
/content/quantum rheed codex/data/original data/Trajectories/2022-04-11/380_RR220411A_610C_1940.bmp,trajectory,,False,34.126614,-8.813631
/content/quantum rheed codex/data/original data/Trajectories/2022-04-11/381_RR220411A_605C_1940.bmp,trajectory,,False,34.730663,-8.613508
/content/quantum rheed codex/data/original data/Trajectories/2022-04-11/382_RR220411A_595C_1941.bmp,trajectory,,False,35.480495,-7.9626513
/content/quantum rheed codex/data/original data/Trajectories/2022-04-11/383_RR220411A_597C_1941.bmp,trajectory,,False,35.035645,-8.156199
/content/quantum rheed codex/data/original data/Trajectories/2022-04-11/384_RR220411A_586C_1942.bmp,trajectory,,False,35.32889,-8.155855
/content/quantum rheed codex/data/original data/Trajectories/2022-04-11/385_RR220411A_590C_1942.bmp,trajectory,,False,34.93668,-8.460893
/content/quantum rheed codex/data/original data/Trajectories/2022-04-11/386_RR220411A_580C_1943.bmp,trajectory,,False,35.3866,-8.332322
/content/quantum rheed codex/data/original data/Trajectories/2022-04-11/387_RR220411A_578C_1943.bmp,trajectory,,False,35.67983,-8.07132
/content/quantum rheed codex/data/original data/Trajectories/2022-04-11/388_RR220411A_576C_1944.bmp,trajectory,,False,35.794872,-7.934034
/content/quantum rheed codex/data/original data/Trajectories/2022-04-11/389_RR220411A_571C_1944.bmp,trajectory,,False,36.279644,-7.688404
/content/quantum rheed codex/data/original data/Trajectories/2022-04-11/390_RR220411A_565C_1944.bmp,trajectory,,False,36.49962,-7.5903845
/content/quantum rheed codex/data/original data/Trajectories/2022-04-11/391_RR220411A_556C_1945.bmp,trajectory,,False,36.784588,-7.4462886
/content/quantum rheed codex/data/original data/Trajectories/2022-04-11/392_RR220411A_560C_1945.bmp,trajectory,,False,36.64919,-7.520487
/content/quantum rheed codex/data/original data/Trajectories/2022-04-11/393_RR220411A_551C_1946.bmp,trajectory,,False,36.71368,-7.493376
/content/quantum rheed codex/data/original data/Trajectories/2022-04-11/394_RR220411A_546C_1946.bmp,trajectory,,False,37.53025,-7.0563817
/content/quantum rheed codex/data/original data/Trajectories/2022-04-11/395_RR220411A_543C_1947.bmp,trajectory,,False,38.027287,-6.8159375
/content/quantum rheed codex/data/original data/Trajectories/2022-04-11/396_RR220411A_537C_1947.bmp,trajectory,,False,37.641594,-7.000136
/content/quantum rheed codex/data/original data/Trajectories/2022-04-11/397_RR220411A_528C_1948.bmp,trajectory,,False,38.02188,-6.8058953
/content/quantum rheed codex/data/original data/Trajectories/2022-04-11/398_RR220411A_527C_1948.bmp,trajectory,,False,38.220318,-6.651876
/content/quantum rheed codex/data/original data/Trajectories/2022-04-11/399_RR220411A_534C_1948.bmp,trajectory,,False,37.62357,-7.0112233
/content/quantum rheed codex/data/original data/Trajectories/2022-04-11/400_RR220411A_516C_1949.bmp,trajectory,,False,38.67732,-6.426408
/content/quantum rheed codex/data/original data/Trajectories/2022-04-11/401_RR220411A_524C_1949.bmp,trajectory,,False,38.3497,-6.6509085
/content/quantum rheed codex/data/original data/Trajectories/2022-04-11/402_RR220411A_506C_1950.bmp,trajectory,,False,38.87421,-6.2954464
/content/quantum rheed codex/data/original data/Trajectories/2022-04-11/403_RR220411A_510C_1950.bmp,trajectory,,False,38.6207,-6.4459996
/content/quantum rheed codex/data/original data/Trajectories/2022-04-11/404_RR220411A_500C_1951.bmp,trajectory,,False,39.102528,-6.14801
/content/quantum rheed codex/data/original data/Trajectories/2022-04-11/405_RR220411A_493C_1951.bmp,trajectory,,False,39.022034,-6.1980853
/content/quantum rheed codex/data/original data/Trajectories/2022-04-11/406_RR220411A_478C_1952.bmp,trajectory,,False,39.91145,-5.63329
/content/quantum rheed codex/data/original data/Trajectories/2022-04-11/407_RR220411A_487C_1952.bmp,trajectory,,False,39.557186,-5.862502
/content/quantum rheed codex/data/original data/Trajectories/2022-04-11/408_RR220411A_480C_1952.bmp,trajectory,,False,39.602154,-5.8335323
/content/quantum rheed codex/data/original data/Trajectories/2022-04-11/409_RR220411A_474C_1953.bmp,trajectory,,False,40.094147,-5.5161896
/content/quantum rheed codex/data/original data/Trajectories/2022-04-11/410_RR220411A_470C_1953.bmp,trajectory,,False,40.367046,-5.335728
/content/quantum rheed codex/data/original data/Trajectories/2022-04-11/411_RR220411A_465C_1954.bmp,trajectory,,False,40.4989,-5.246215
/content/quantum rheed codex/data/original data/Trajectories/2022-04-11/412_RR220411A_454C_1955.bmp,trajectory,,False,41.138912,-4.81343
/content/quantum rheed codex/data/original data/Trajectories/2022-04-11/413_RR220411A_459C_1955.bmp,trajectory,,False,40.73663,-5.0874414
/content/quantum rheed codex/data/original data/Trajectories/2022-04-11/414_RR220411A_445C_1955.bmp,trajectory,,False,41.62282,-4.498619
/content/quantum rheed codex/data/original data/Trajectories/2022-04-11/415_RR220411A_436C_1956.bmp,trajectory,,False,41.850353,-4.3456903
/content/quantum rheed codex/data/original data/Trajectories/2022-04-11/416_RR220411A_441C_1956.bmp,trajectory,,False,41.509933,-4.555126
/content/quantum rheed codex/data/original data/Trajectories/2022-04-11/417_RR220411A_427C_1956.bmp,trajectory,,False,42.09327,-4.167355
/content/quantum rheed codex/data/original data/Trajectories/2022-04-11/418_RR220411A_420C_1957.bmp,trajectory,,False,42.225613,-3.9706883
/content/quantum rheed codex/data/original data/Trajectories/2022-04-11/419_RR220411A_415C_1957.bmp,trajectory,,False,42.32041,-4.140667
/content/quantum rheed codex/data/original data/Trajectories/2022-04-11/420_RR220411A_412C_1958.bmp,trajectory,,False,42.627075,-4.091737
/content/quantum rheed codex/data/original data/Trajectories/2022-04-11/421_RR220411A_408C_1959.bmp,trajectory,,False,42.72837,-4.0292306
/content/quantum rheed codex/data/original data/Trajectories/2022-04-11/422_RR220411A_403C_1959.bmp,trajectory,,False,42.414154,-3.675115
/content/quantum rheed codex/data/original data/Trajectories/2022-04-11/423_RR220411A_401C_2000.bmp,trajectory,,False,42.65348,-3.5185385
/content/quantum rheed codex/data/original data/Trajectories/2022-04-11/424_RR220411A_397C_2000.bmp,trajectory,,False,42.902622,-3.8776588
/content/quantum rheed codex/data/original data/Trajectories/2022-04-11/425_RR220411A_387C_2000.bmp,trajectory,,False,43.172947,-3.4736676
/content/quantum rheed codex/data/original data/Trajectories/2022-04-11/426_RR220411A_384C_2001.bmp,trajectory,,False,43.101307,-3.342838
/content/quantum rheed codex/data/original data/Trajectories/2022-04-11/427_RR220411A_371C_2001.bmp,trajectory,,False,43.676426,-3.274938
/content/quantum rheed codex/data/original data/Trajectories/2022-04-11/428_RR220411A_381C_2001.bmp,trajectory,,False,42.972755,-3.798993
/content/quantum rheed codex/data/original data/Trajectories/2022-04-11/429_RR220411A_358C_2002.bmp,trajectory,,False,43.643635,-2.8571706
/content/quantum rheed codex/data/original data/Trajectories/2022-04-11/430_RR220411A_365C_2002.bmp,trajectory,,False,44.090282,-3.0829482
/content/quantum rheed codex/data/original data/Trajectories/2022-04-11/431_RR220411A_368C_2002.bmp,trajectory,,False,43.8245,-3.2037423
/content/quantum rheed codex/data/original data/Trajectories/2022-04-11/432_RR220411A_352C_2003.bmp,trajectory,,False,43.75375,-2.8809724
/content/quantum rheed codex/data/original data/Trajectories/2022-04-11/433_RR220411A_347C_2003.bmp,trajectory,,False,44.269573,-2.8742208
/content/quantum rheed codex/data/original data/Trajectories/2022-04-11/434_RR220411A_356C_2003.bmp,trajectory,,False,43.59693,-2.97587
/content/quantum rheed codex/data/original data/Trajectories/2022-04-11/435_RR220411A_333C_2004.bmp,trajectory,,False,44.11843,-2.5550826
/content/quantum rheed codex/data/original data/Trajectories/2022-04-11/436_RR220411A_342C_2004.bmp,trajectory,,False,44.417004,-2.7162821
/content/quantum rheed codex/data/original data/Trajectories/2022-04-11/437_RR220411A_345C_2004.bmp,trajectory,,False,44.043674,-2.6503074
/content/quantum rheed codex/data/original data/Trajectories/2022-04-11/438_RR220411A_323C_2005.bmp,trajectory,,False,44.572823,-2.135641
/content/quantum rheed codex/data/original data/Trajectories/2022-04-11/439_RR220411A_330C_2005.bmp,trajectory,,False,44.664413,-2.506642
/content/quantum rheed codex/data/original data/Trajectories/2022-04-11/440_RR220411A_309C_2006.bmp,trajectory,,False,44.586086,-2.0469143
/content/quantum rheed codex/data/original data/Trajectories/2022-04-11/441_RR220411A_316C_2006.bmp,trajectory,,False,45.034782,-2.4403198
/content/quantum rheed codex/data/original data/Trajectories/2022-04-11/442_RR220411A_313C_2006.bmp,trajectory,,False,45.26563,-2.3183773
/content/quantum rheed codex/data/original data/Trajectories/2022-04-11/443_RR220411A_303C_2007.bmp,trajectory,,False,45.177956,-2.3303049
/content/quantum rheed codex/data/original data/Trajectories/2022-04-11/444_RR220411A_295C_2007.bmp,trajectory,,False,44.91833,-1.7220918
/content/quantum rheed codex/data/original data/Trajectories/2022-04-11/445_RR220411A_300C_2007.bmp,trajectory,,False,45.424305,-2.235199
/content/quantum rheed codex/data/original data/Trajectories/2022-04-11/446_RR220411A_290C_2008.bmp,trajectory,,False,44.966778,-1.6926268
/content/quantum rheed codex/data/original data/Trajectories/2022-04-11/447_RR220411A_287C_2008.bmp,trajectory,,False,45.462753,-1.875359
/content/quantum rheed codex/data/original data/Trajectories/2022-04-11/448_RR220411A_283C_2009.bmp,trajectory,,False,45.498665,-1.9253763
/content/quantum rheed codex/data/original data/Trajectories/2022-04-11/449_RR220411A_278C_2010.bmp,trajectory,,False,45.22434,-1.6624528
