Image1_Path,Image1_Name,Image2_Path,Image2_Name,Reconstruction_Type,Winner,Labeler_Name,Notes,Created_At,Brightness_1,Brightness_2,Confidence,canonical_type,pair_id,resolved_img1,resolved_img2,type_idx,confidence_weight
Trajectories/2022-02-06/195_RR220206A_944C_2101.bmp,195_RR220206A_944C_2101.bmp,Trajectories/2022-02-04/300_RR220204A_881C_2018.bmp,300_RR220204A_881C_2018.bmp,c(6 x 2),not_apply,HL,,2025-12-15T21:29:05.568661,,,,c(6 x 2),Trajectories/2022-02-04/300_RR220204A_881C_2018.bmp || Trajectories/2022-02-06/195_RR220206A_944C_2101.bmp,/content/rl_quantum_2026summer/data/original data/Trajectories/2022-02-06/195_RR220206A_944C_2101.bmp,/content/rl_quantum_2026summer/data/original data/Trajectories/2022-02-04/300_RR220204A_881C_2018.bmp,2,1.0
Trajectories/2022-02-06/195_RR220206A_944C_2101.bmp,195_RR220206A_944C_2101.bmp,Trajectories/2022-02-04/300_RR220204A_881C_2018.bmp,300_RR220204A_881C_2018.bmp,(1 x 1),not_apply,HL,,2025-12-15T21:29:06.411459,,,,(1 x 1),Trajectories/2022-02-04/300_RR220204A_881C_2018.bmp || Trajectories/2022-02-06/195_RR220206A_944C_2101.bmp,/content/rl_quantum_2026summer/data/original data/Trajectories/2022-02-06/195_RR220206A_944C_2101.bmp,/content/rl_quantum_2026summer/data/original data/Trajectories/2022-02-04/300_RR220204A_881C_2018.bmp,0,1.0
Trajectories/2022-02-06/195_RR220206A_944C_2101.bmp,195_RR220206A_944C_2101.bmp,Trajectories/2022-02-04/300_RR220204A_881C_2018.bmp,300_RR220204A_881C_2018.bmp,HTR,1,HL,,2025-12-15T21:29:07.207056,,,,HTR,Trajectories/2022-02-04/300_RR220204A_881C_2018.bmp || Trajectories/2022-02-06/195_RR220206A_944C_2101.bmp,/content/rl_quantum_2026summer/data/original data/Trajectories/2022-02-06/195_RR220206A_944C_2101.bmp,/content/rl_quantum_2026summer/data/original data/Trajectories/2022-02-04/300_RR220204A_881C_2018.bmp,4,1.0
Trajectories/2022-02-06/195_RR220206A_944C_2101.bmp,195_RR220206A_944C_2101.bmp,Trajectories/2022-02-04/300_RR220204A_881C_2018.bmp,300_RR220204A_881C_2018.bmp,(√13 x √13),2,HL,,2025-12-15T21:29:08.028312,,,,(√13 x √13),Trajectories/2022-02-04/300_RR220204A_881C_2018.bmp || Trajectories/2022-02-06/195_RR220206A_944C_2101.bmp,/content/rl_quantum_2026summer/data/original data/Trajectories/2022-02-06/195_RR220206A_944C_2101.bmp,/content/rl_quantum_2026summer/data/original data/Trajectories/2022-02-04/300_RR220204A_881C_2018.bmp,3,1.0
Trajectories/2022-02-06/195_RR220206A_944C_2101.bmp,195_RR220206A_944C_2101.bmp,Trajectories/2022-02-04/300_RR220204A_881C_2018.bmp,300_RR220204A_881C_2018.bmp,Twinned(2 x 1),2,HL,,2025-12-15T21:29:08.845080,,,,Twinned(2 x 1),Trajectories/2022-02-04/300_RR220204A_881C_2018.bmp || Trajectories/2022-02-06/195_RR220206A_944C_2101.bmp,/content/rl_quantum_2026summer/data/original data/Trajectories/2022-02-06/195_RR220206A_944C_2101.bmp,/content/rl_quantum_2026summer/data/original data/Trajectories/2022-02-04/300_RR220204A_881C_2018.bmp,1,1.0
Trajectories/2022-02-04/044_RR220204A_348C_0157.bmp,044_RR220204A_348C_0157.bmp,Trajectories/2022-02-04/059_RR220204A_180C_0211.bmp,059_RR220204A_180C_0211.bmp,(1 x 1),1,SY,,2025-12-10T17:02:50.595070,,,,(1 x 1),Trajectories/2022-02-04/044_RR220204A_348C_0157.bmp || Trajectories/2022-02-04/059_RR220204A_180C_0211.bmp,/content/rl_quantum_2026summer/data/original data/Trajectories/2022-02-04/044_RR220204A_348C_0157.bmp,/content/rl_quantum_2026summer/data/original data/Trajectories/2022-02-04/059_RR220204A_180C_0211.bmp,0,1.0
Trajectories/2022-02-04/044_RR220204A_348C_0157.bmp,044_RR220204A_348C_0157.bmp,Trajectories/2022-02-04/059_RR220204A_180C_0211.bmp,059_RR220204A_180C_0211.bmp,(√13 x √13),1,SY,,2025-12-10T17:02:51.649320,,,,(√13 x √13),Trajectories/2022-02-04/044_RR220204A_348C_0157.bmp || Trajectories/2022-02-04/059_RR220204A_180C_0211.bmp,/content/rl_quantum_2026summer/data/original data/Trajectories/2022-02-04/044_RR220204A_348C_0157.bmp,/content/rl_quantum_2026summer/data/original data/Trajectories/2022-02-04/059_RR220204A_180C_0211.bmp,3,1.0
Trajectories/2022-02-04/044_RR220204A_348C_0157.bmp,044_RR220204A_348C_0157.bmp,Trajectories/2022-02-04/059_RR220204A_180C_0211.bmp,059_RR220204A_180C_0211.bmp,Twinned(2 x 1),1,SY,,2025-12-10T17:02:52.338417,,,,Twinned(2 x 1),Trajectories/2022-02-04/044_RR220204A_348C_0157.bmp || Trajectories/2022-02-04/059_RR220204A_180C_0211.bmp,/content/rl_quantum_2026summer/data/original data/Trajectories/2022-02-04/044_RR220204A_348C_0157.bmp,/content/rl_quantum_2026summer/data/original data/Trajectories/2022-02-04/059_RR220204A_180C_0211.bmp,1,1.0
Trajectories/2022-02-04/044_RR220204A_348C_0157.bmp,044_RR220204A_348C_0157.bmp,Trajectories/2022-02-04/059_RR220204A_180C_0211.bmp,059_RR220204A_180C_0211.bmp,HTR,not_apply,SY,,2025-12-10T17:02:53.031443,,,,HTR,Trajectories/2022-02-04/044_RR220204A_348C_0157.bmp || Trajectories/2022-02-04/059_RR220204A_180C_0211.bmp,/content/rl_quantum_2026summer/data/original data/Trajectories/2022-02-04/044_RR220204A_348C_0157.bmp,/content/rl_quantum_2026summer/data/original data/Trajectories/2022-02-04/059_RR220204A_180C_0211.bmp,4,1.0
Trajectories/2022-02-04/044_RR220204A_348C_0157.bmp,044_RR220204A_348C_0157.bmp,Trajectories/2022-02-04/059_RR220204A_180C_0211.bmp,059_RR220204A_180C_0211.bmp,c(6 x 2),not_apply,SY,,2025-12-10T17:02:53.743362,,,,c(6 x 2),Trajectories/2022-02-04/044_RR220204A_348C_0157.bmp || Trajectories/2022-02-04/059_RR220204A_180C_0211.bmp,/content/rl_quantum_2026summer/data/original data/Trajectories/2022-02-04/044_RR220204A_348C_0157.bmp,/content/rl_quantum_2026summer/data/original data/Trajectories/2022-02-04/059_RR220204A_180C_0211.bmp,2,1.0
Trajectories/2022-02-04/063_RR220204A_165C_0215-03.bmp,063_RR220204A_165C_0215-03.bmp,Trajectories/2022-04-11/376_RR220411A_620C_1938.bmp,376_RR220411A_620C_1938.bmp,HTR,2,AJ,,2025-12-06 01:21:25,,,,HTR,Trajectories/2022-02-04/063_RR220204A_165C_0215-03.bmp || Trajectories/2022-04-11/376_RR220411A_620C_1938.bmp,/content/rl_quantum_2026summer/data/original data/Trajectories/2022-02-04/063_RR220204A_165C_0215-03.bmp,/content/rl_quantum_2026summer/data/original data/Trajectories/2022-04-11/376_RR220411A_620C_1938.bmp,4,1.0
Trajectories/2022-02-04/307_RR220204A_912C_2025.bmp,307_RR220204A_912C_2025.bmp,Trajectories/2022-04-11/386_RR220411A_580C_1943.bmp,386_RR220411A_580C_1943.bmp,HTR,not_apply,HL,,2025-12-15T21:30:47.452461,,,,HTR,Trajectories/2022-02-04/307_RR220204A_912C_2025.bmp || Trajectories/2022-04-11/386_RR220411A_580C_1943.bmp,/content/rl_quantum_2026summer/data/original data/Trajectories/2022-02-04/307_RR220204A_912C_2025.bmp,/content/rl_quantum_2026summer/data/original data/Trajectories/2022-04-11/386_RR220411A_580C_1943.bmp,4,1.0
Trajectories/2022-02-04/307_RR220204A_912C_2025.bmp,307_RR220204A_912C_2025.bmp,Trajectories/2022-04-11/386_RR220411A_580C_1943.bmp,386_RR220411A_580C_1943.bmp,Twinned(2 x 1),1,HL,,2025-12-15T21:30:48.774165,,,,Twinned(2 x 1),Trajectories/2022-02-04/307_RR220204A_912C_2025.bmp || Trajectories/2022-04-11/386_RR220411A_580C_1943.bmp,/content/rl_quantum_2026summer/data/original data/Trajectories/2022-02-04/307_RR220204A_912C_2025.bmp,/content/rl_quantum_2026summer/data/original data/Trajectories/2022-04-11/386_RR220411A_580C_1943.bmp,1,1.0
Trajectories/2022-02-04/307_RR220204A_912C_2025.bmp,307_RR220204A_912C_2025.bmp,Trajectories/2022-04-11/386_RR220411A_580C_1943.bmp,386_RR220411A_580C_1943.bmp,(1 x 1),not_apply,HL,,2025-12-15T21:30:49.989237,,,,(1 x 1),Trajectories/2022-02-04/307_RR220204A_912C_2025.bmp || Trajectories/2022-04-11/386_RR220411A_580C_1943.bmp,/content/rl_quantum_2026summer/data/original data/Trajectories/2022-02-04/307_RR220204A_912C_2025.bmp,/content/rl_quantum_2026summer/data/original data/Trajectories/2022-04-11/386_RR220411A_580C_1943.bmp,0,1.0
Trajectories/2022-02-04/307_RR220204A_912C_2025.bmp,307_RR220204A_912C_2025.bmp,Trajectories/2022-04-11/386_RR220411A_580C_1943.bmp,386_RR220411A_580C_1943.bmp,c(6 x 2),2,HL,,2025-12-15T21:30:51.298834,,,,c(6 x 2),Trajectories/2022-02-04/307_RR220204A_912C_2025.bmp || Trajectories/2022-04-11/386_RR220411A_580C_1943.bmp,/content/rl_quantum_2026summer/data/original data/Trajectories/2022-02-04/307_RR220204A_912C_2025.bmp,/content/rl_quantum_2026summer/data/original data/Trajectories/2022-04-11/386_RR220411A_580C_1943.bmp,2,1.0
Trajectories/2022-02-04/307_RR220204A_912C_2025.bmp,307_RR220204A_912C_2025.bmp,Trajectories/2022-04-11/386_RR220411A_580C_1943.bmp,386_RR220411A_580C_1943.bmp,(√13 x √13),2,HL,,2025-12-15T21:30:52.520278,,,,(√13 x √13),Trajectories/2022-02-04/307_RR220204A_912C_2025.bmp || Trajectories/2022-04-11/386_RR220411A_580C_1943.bmp,/content/rl_quantum_2026summer/data/original data/Trajectories/2022-02-04/307_RR220204A_912C_2025.bmp,/content/rl_quantum_2026summer/data/original data/Trajectories/2022-04-11/386_RR220411A_580C_1943.bmp,3,1.0
Trajectories/2022-04-11/011_RR220411A_219C_1424.bmp,011_RR220411A_219C_1424.bmp,Trajectories/2022-02-06/016_RR220206A_165C_1704-03.bmp,016_RR220206A_165C_1704-03.bmp,Twinned(2 x 1),not_apply,SY,,2025-12-11T15:11:43.075851,,,,Twinned(2 x 1),Trajectories/2022-02-06/016_RR220206A_165C_1704-03.bmp || Trajectories/2022-04-11/011_RR220411A_219C_1424.bmp,/content/rl_quantum_2026summer/data/original data/Trajectories/2022-04-11/011_RR220411A_219C_1424.bmp,/content/rl_quantum_2026summer/data/original data/Trajectories/2022-02-06/016_RR220206A_165C_1704-03.bmp,1,1.0
Trajectories/2022-04-11/011_RR220411A_219C_1424.bmp,011_RR220411A_219C_1424.bmp,Trajectories/2022-02-06/016_RR220206A_165C_1704-03.bmp,016_RR220206A_165C_1704-03.bmp,HTR,1,SY,,2025-12-11T15:11:44.123863,,,,HTR,Trajectories/2022-02-06/016_RR220206A_165C_1704-03.bmp || Trajectories/2022-04-11/011_RR220411A_219C_1424.bmp,/content/rl_quantum_2026summer/data/original data/Trajectories/2022-04-11/011_RR220411A_219C_1424.bmp,/content/rl_quantum_2026summer/data/original data/Trajectories/2022-02-06/016_RR220206A_165C_1704-03.bmp,4,1.0
Trajectories/2022-04-11/011_RR220411A_219C_1424.bmp,011_RR220411A_219C_1424.bmp,Trajectories/2022-02-06/016_RR220206A_165C_1704-03.bmp,016_RR220206A_165C_1704-03.bmp,(1 x 1),1,SY,,2025-12-11T15:11:45.065479,,,,(1 x 1),Trajectories/2022-02-06/016_RR220206A_165C_1704-03.bmp || Trajectories/2022-04-11/011_RR220411A_219C_1424.bmp,/content/rl_quantum_2026summer/data/original data/Trajectories/2022-04-11/011_RR220411A_219C_1424.bmp,/content/rl_quantum_2026summer/data/original data/Trajectories/2022-02-06/016_RR220206A_165C_1704-03.bmp,0,1.0
Trajectories/2022-04-11/011_RR220411A_219C_1424.bmp,011_RR220411A_219C_1424.bmp,Trajectories/2022-02-06/016_RR220206A_165C_1704-03.bmp,016_RR220206A_165C_1704-03.bmp,c(6 x 2),not_apply,SY,,2025-12-11T15:11:45.779871,,,,c(6 x 2),Trajectories/2022-02-06/016_RR220206A_165C_1704-03.bmp || Trajectories/2022-04-11/011_RR220411A_219C_1424.bmp,/content/rl_quantum_2026summer/data/original data/Trajectories/2022-04-11/011_RR220411A_219C_1424.bmp,/content/rl_quantum_2026summer/data/original data/Trajectories/2022-02-06/016_RR220206A_165C_1704-03.bmp,2,1.0
Trajectories/2022-04-11/011_RR220411A_219C_1424.bmp,011_RR220411A_219C_1424.bmp,Trajectories/2022-02-06/016_RR220206A_165C_1704-03.bmp,016_RR220206A_165C_1704-03.bmp,(√13 x √13),not_apply,SY,,2025-12-11T15:11:46.484415,,,,(√13 x √13),Trajectories/2022-02-06/016_RR220206A_165C_1704-03.bmp || Trajectories/2022-04-11/011_RR220411A_219C_1424.bmp,/content/rl_quantum_2026summer/data/original data/Trajectories/2022-04-11/011_RR220411A_219C_1424.bmp,/content/rl_quantum_2026summer/data/original data/Trajectories/2022-02-06/016_RR220206A_165C_1704-03.bmp,3,1.0
Trajectories/2022-02-06/055_RR220206A_239C_1742.bmp,055_RR220206A_239C_1742.bmp,Trajectories/2022-04-11/409_RR220411A_474C_1953.bmp,409_RR220411A_474C_1953.bmp,(1 x 1),2,SY,,2025-12-14 08:53:40,,,,(1 x 1),Trajectories/2022-02-06/055_RR220206A_239C_1742.bmp || Trajectories/2022-04-11/409_RR220411A_474C_1953.bmp,/content/rl_quantum_2026summer/data/original data/Trajectories/2022-02-06/055_RR220206A_239C_1742.bmp,/content/rl_quantum_2026summer/data/original data/Trajectories/2022-04-11/409_RR220411A_474C_1953.bmp,0,1.0
Trajectories/2022-02-06/055_RR220206A_239C_1742.bmp,055_RR220206A_239C_1742.bmp,Trajectories/2022-04-11/409_RR220411A_474C_1953.bmp,409_RR220411A_474C_1953.bmp,(√13 x √13),2,SY,,2025-12-14 08:53:40,,,,(√13 x √13),Trajectories/2022-02-06/055_RR220206A_239C_1742.bmp || Trajectories/2022-04-11/409_RR220411A_474C_1953.bmp,/content/rl_quantum_2026summer/data/original data/Trajectories/2022-02-06/055_RR220206A_239C_1742.bmp,/content/rl_quantum_2026summer/data/original data/Trajectories/2022-04-11/409_RR220411A_474C_1953.bmp,3,1.0
Trajectories/2022-02-06/055_RR220206A_239C_1742.bmp,055_RR220206A_239C_1742.bmp,Trajectories/2022-04-11/409_RR220411A_474C_1953.bmp,409_RR220411A_474C_1953.bmp,HTR,not_apply,SY,,2025-12-14 08:53:40,,,,HTR,Trajectories/2022-02-06/055_RR220206A_239C_1742.bmp || Trajectories/2022-04-11/409_RR220411A_474C_1953.bmp,/content/rl_quantum_2026summer/data/original data/Trajectories/2022-02-06/055_RR220206A_239C_1742.bmp,/content/rl_quantum_2026summer/data/original data/Trajectories/2022-04-11/409_RR220411A_474C_1953.bmp,4,1.0
Trajectories/2022-02-06/055_RR220206A_239C_1742.bmp,055_RR220206A_239C_1742.bmp,Trajectories/2022-04-11/409_RR220411A_474C_1953.bmp,409_RR220411A_474C_1953.bmp,c(6 x 2),2,SY,,2025-12-14 08:53:40,,,,c(6 x 2),Trajectories/2022-02-06/055_RR220206A_239C_1742.bmp || Trajectories/2022-04-11/409_RR220411A_474C_1953.bmp,/content/rl_quantum_2026summer/data/original data/Trajectories/2022-02-06/055_RR220206A_239C_1742.bmp,/content/rl_quantum_2026summer/data/original data/Trajectories/2022-04-11/409_RR220411A_474C_1953.bmp,2,1.0
Trajectories/2022-02-06/055_RR220206A_239C_1742.bmp,055_RR220206A_239C_1742.bmp,Trajectories/2022-04-11/409_RR220411A_474C_1953.bmp,409_RR220411A_474C_1953.bmp,Twinned(2 x 1),not_apply,SY,,2025-12-14 08:53:40,,,,Twinned(2 x 1),Trajectories/2022-02-06/055_RR220206A_239C_1742.bmp || Trajectories/2022-04-11/409_RR220411A_474C_1953.bmp,/content/rl_quantum_2026summer/data/original data/Trajectories/2022-02-06/055_RR220206A_239C_1742.bmp,/content/rl_quantum_2026summer/data/original data/Trajectories/2022-04-11/409_RR220411A_474C_1953.bmp,1,1.0
Trajectories/2022-02-04/303_RR220204A_917C_2021.bmp,303_RR220204A_917C_2021.bmp,Trajectories/2022-04-11/226_RR220411A_873C_1725.bmp,226_RR220411A_873C_1725.bmp,c(6 x 2),tie,AJ,,2025-12-26T08:12:58.531056,335.0,204.0,Confident,c(6 x 2),Trajectories/2022-02-04/303_RR220204A_917C_2021.bmp || Trajectories/2022-04-11/226_RR220411A_873C_1725.bmp,/content/rl_quantum_2026summer/data/original data/Trajectories/2022-02-04/303_RR220204A_917C_2021.bmp,/content/rl_quantum_2026summer/data/original data/Trajectories/2022-04-11/226_RR220411A_873C_1725.bmp,2,1.0
Trajectories/2022-02-04/303_RR220204A_917C_2021.bmp,303_RR220204A_917C_2021.bmp,Trajectories/2022-04-11/226_RR220411A_873C_1725.bmp,226_RR220411A_873C_1725.bmp,(√13 x √13),tie,AJ,,2025-12-26T08:12:59.493280,335.0,204.0,Confident,(√13 x √13),Trajectories/2022-02-04/303_RR220204A_917C_2021.bmp || Trajectories/2022-04-11/226_RR220411A_873C_1725.bmp,/content/rl_quantum_2026summer/data/original data/Trajectories/2022-02-04/303_RR220204A_917C_2021.bmp,/content/rl_quantum_2026summer/data/original data/Trajectories/2022-04-11/226_RR220411A_873C_1725.bmp,3,1.0
Trajectories/2022-02-04/303_RR220204A_917C_2021.bmp,303_RR220204A_917C_2021.bmp,Trajectories/2022-04-11/226_RR220411A_873C_1725.bmp,226_RR220411A_873C_1725.bmp,(1 x 1),not_apply,AJ,,2025-12-26T08:13:00.440229,335.0,204.0,Confident,(1 x 1),Trajectories/2022-02-04/303_RR220204A_917C_2021.bmp || Trajectories/2022-04-11/226_RR220411A_873C_1725.bmp,/content/rl_quantum_2026summer/data/original data/Trajectories/2022-02-04/303_RR220204A_917C_2021.bmp,/content/rl_quantum_2026summer/data/original data/Trajectories/2022-04-11/226_RR220411A_873C_1725.bmp,0,1.0
Trajectories/2022-02-04/303_RR220204A_917C_2021.bmp,303_RR220204A_917C_2021.bmp,Trajectories/2022-04-11/226_RR220411A_873C_1725.bmp,226_RR220411A_873C_1725.bmp,HTR,not_apply,AJ,,2025-12-26T08:13:01.588867,335.0,204.0,Confident,HTR,Trajectories/2022-02-04/303_RR220204A_917C_2021.bmp || Trajectories/2022-04-11/226_RR220411A_873C_1725.bmp,/content/rl_quantum_2026summer/data/original data/Trajectories/2022-02-04/303_RR220204A_917C_2021.bmp,/content/rl_quantum_2026summer/data/original data/Trajectories/2022-04-11/226_RR220411A_873C_1725.bmp,4,1.0
Trajectories/2022-02-04/303_RR220204A_917C_2021.bmp,303_RR220204A_917C_2021.bmp,Trajectories/2022-04-11/226_RR220411A_873C_1725.bmp,226_RR220411A_873C_1725.bmp,Twinned(2 x 1),not_apply,AJ,,2025-12-26T08:13:02.569286,335.0,204.0,Confident,Twinned(2 x 1),Trajectories/2022-02-04/303_RR220204A_917C_2021.bmp || Trajectories/2022-04-11/226_RR220411A_873C_1725.bmp,/content/rl_quantum_2026summer/data/original data/Trajectories/2022-02-04/303_RR220204A_917C_2021.bmp,/content/rl_quantum_2026summer/data/original data/Trajectories/2022-04-11/226_RR220411A_873C_1725.bmp,1,1.0
Trajectories/2022-02-06/095_RR220206A_614C_1835.bmp,095_RR220206A_614C_1835.bmp,Trajectories/2022-02-06/195_RR220206A_944C_2101.bmp,195_RR220206A_944C_2101.bmp,c(6 x 2),not_apply,AJ,,2025-12-26T10:21:08.236795,210.0,199.0,Confident,c(6 x 2),Trajectories/2022-02-06/095_RR220206A_614C_1835.bmp || Trajectories/2022-02-06/195_RR220206A_944C_2101.bmp,/content/rl_quantum_2026summer/data/original data/Trajectories/2022-02-06/095_RR220206A_614C_1835.bmp,/content/rl_quantum_2026summer/data/original data/Trajectories/2022-02-06/195_RR220206A_944C_2101.bmp,2,1.0
Trajectories/2022-02-06/095_RR220206A_614C_1835.bmp,095_RR220206A_614C_1835.bmp,Trajectories/2022-02-06/195_RR220206A_944C_2101.bmp,195_RR220206A_944C_2101.bmp,Twinned(2 x 1),not_apply,AJ,,2025-12-26T10:21:14.217541,210.0,199.0,Confident,Twinned(2 x 1),Trajectories/2022-02-06/095_RR220206A_614C_1835.bmp || Trajectories/2022-02-06/195_RR220206A_944C_2101.bmp,/content/rl_quantum_2026summer/data/original data/Trajectories/2022-02-06/095_RR220206A_614C_1835.bmp,/content/rl_quantum_2026summer/data/original data/Trajectories/2022-02-06/195_RR220206A_944C_2101.bmp,1,1.0
Trajectories/2022-02-06/095_RR220206A_614C_1835.bmp,095_RR220206A_614C_1835.bmp,Trajectories/2022-02-06/195_RR220206A_944C_2101.bmp,195_RR220206A_944C_2101.bmp,HTR,2,AJ,,2025-12-26T10:21:21.079234,210.0,199.0,Confident,HTR,Trajectories/2022-02-06/095_RR220206A_614C_1835.bmp || Trajectories/2022-02-06/195_RR220206A_944C_2101.bmp,/content/rl_quantum_2026summer/data/original data/Trajectories/2022-02-06/095_RR220206A_614C_1835.bmp,/content/rl_quantum_2026summer/data/original data/Trajectories/2022-02-06/195_RR220206A_944C_2101.bmp,4,1.0
Trajectories/2022-02-06/095_RR220206A_614C_1835.bmp,095_RR220206A_614C_1835.bmp,Trajectories/2022-02-06/195_RR220206A_944C_2101.bmp,195_RR220206A_944C_2101.bmp,(1 x 1),1,AJ,,2025-12-26T10:21:27.714054,210.0,199.0,Confident,(1 x 1),Trajectories/2022-02-06/095_RR220206A_614C_1835.bmp || Trajectories/2022-02-06/195_RR220206A_944C_2101.bmp,/content/rl_quantum_2026summer/data/original data/Trajectories/2022-02-06/095_RR220206A_614C_1835.bmp,/content/rl_quantum_2026summer/data/original data/Trajectories/2022-02-06/195_RR220206A_944C_2101.bmp,0,1.0
Trajectories/2022-02-06/095_RR220206A_614C_1835.bmp,095_RR220206A_614C_1835.bmp,Trajectories/2022-02-06/195_RR220206A_944C_2101.bmp,195_RR220206A_944C_2101.bmp,(√13 x √13),not_apply,AJ,,2025-12-26T10:21:34.921390,210.0,199.0,Confident,(√13 x √13),Trajectories/2022-02-06/095_RR220206A_614C_1835.bmp || Trajectories/2022-02-06/195_RR220206A_944C_2101.bmp,/content/rl_quantum_2026summer/data/original data/Trajectories/2022-02-06/095_RR220206A_614C_1835.bmp,/content/rl_quantum_2026summer/data/original data/Trajectories/2022-02-06/195_RR220206A_944C_2101.bmp,3,1.0
Trajectories/2022-02-04/049_RR220204A_218C_0201.bmp,049_RR220204A_218C_0201.bmp,Trajectories/2022-02-04/307_RR220204A_912C_2025.bmp,307_RR220204A_912C_2025.bmp,(1 x 1),tie,SY,,2025-12-10T16:54:22.255228,,,,(1 x 1),Trajectories/2022-02-04/049_RR220204A_218C_0201.bmp || Trajectories/2022-02-04/307_RR220204A_912C_2025.bmp,/content/rl_quantum_2026summer/data/original data/Trajectories/2022-02-04/049_RR220204A_218C_0201.bmp,/content/rl_quantum_2026summer/data/original data/Trajectories/2022-02-04/307_RR220204A_912C_2025.bmp,0,1.0
Trajectories/2022-02-04/049_RR220204A_218C_0201.bmp,049_RR220204A_218C_0201.bmp,Trajectories/2022-02-04/307_RR220204A_912C_2025.bmp,307_RR220204A_912C_2025.bmp,HTR,not_apply,SY,,2025-12-10T16:54:23.058574,,,,HTR,Trajectories/2022-02-04/049_RR220204A_218C_0201.bmp || Trajectories/2022-02-04/307_RR220204A_912C_2025.bmp,/content/rl_quantum_2026summer/data/original data/Trajectories/2022-02-04/049_RR220204A_218C_0201.bmp,/content/rl_quantum_2026summer/data/original data/Trajectories/2022-02-04/307_RR220204A_912C_2025.bmp,4,1.0
Trajectories/2022-02-04/049_RR220204A_218C_0201.bmp,049_RR220204A_218C_0201.bmp,Trajectories/2022-02-04/307_RR220204A_912C_2025.bmp,307_RR220204A_912C_2025.bmp,(√13 x √13),2,SY,,2025-12-10T16:54:23.808624,,,,(√13 x √13),Trajectories/2022-02-04/049_RR220204A_218C_0201.bmp || Trajectories/2022-02-04/307_RR220204A_912C_2025.bmp,/content/rl_quantum_2026summer/data/original data/Trajectories/2022-02-04/049_RR220204A_218C_0201.bmp,/content/rl_quantum_2026summer/data/original data/Trajectories/2022-02-04/307_RR220204A_912C_2025.bmp,3,1.0
Trajectories/2022-02-04/049_RR220204A_218C_0201.bmp,049_RR220204A_218C_0201.bmp,Trajectories/2022-02-04/307_RR220204A_912C_2025.bmp,307_RR220204A_912C_2025.bmp,c(6 x 2),not_apply,SY,,2025-12-10T16:54:24.538820,,,,c(6 x 2),Trajectories/2022-02-04/049_RR220204A_218C_0201.bmp || Trajectories/2022-02-04/307_RR220204A_912C_2025.bmp,/content/rl_quantum_2026summer/data/original data/Trajectories/2022-02-04/049_RR220204A_218C_0201.bmp,/content/rl_quantum_2026summer/data/original data/Trajectories/2022-02-04/307_RR220204A_912C_2025.bmp,2,1.0
Trajectories/2022-02-04/049_RR220204A_218C_0201.bmp,049_RR220204A_218C_0201.bmp,Trajectories/2022-02-04/307_RR220204A_912C_2025.bmp,307_RR220204A_912C_2025.bmp,Twinned(2 x 1),1,SY,,2025-12-10T16:54:25.263096,,,,Twinned(2 x 1),Trajectories/2022-02-04/049_RR220204A_218C_0201.bmp || Trajectories/2022-02-04/307_RR220204A_912C_2025.bmp,/content/rl_quantum_2026summer/data/original data/Trajectories/2022-02-04/049_RR220204A_218C_0201.bmp,/content/rl_quantum_2026summer/data/original data/Trajectories/2022-02-04/307_RR220204A_912C_2025.bmp,1,1.0
Trajectories/2022-04-11/437_RR220411A_345C_2004.bmp,437_RR220411A_345C_2004.bmp,Trajectories/2022-02-04/181_RR220204A_572C_1825.bmp,181_RR220204A_572C_1825.bmp,c(6 x 2),1,HL,,2025-12-15T21:07:11.235892,,,,c(6 x 2),Trajectories/2022-02-04/181_RR220204A_572C_1825.bmp || Trajectories/2022-04-11/437_RR220411A_345C_2004.bmp,/content/rl_quantum_2026summer/data/original data/Trajectories/2022-04-11/437_RR220411A_345C_2004.bmp,/content/rl_quantum_2026summer/data/original data/Trajectories/2022-02-04/181_RR220204A_572C_1825.bmp,2,1.0
Trajectories/2022-04-11/437_RR220411A_345C_2004.bmp,437_RR220411A_345C_2004.bmp,Trajectories/2022-02-04/181_RR220204A_572C_1825.bmp,181_RR220204A_572C_1825.bmp,HTR,not_apply,HL,,2025-12-15T21:07:12.137885,,,,HTR,Trajectories/2022-02-04/181_RR220204A_572C_1825.bmp || Trajectories/2022-04-11/437_RR220411A_345C_2004.bmp,/content/rl_quantum_2026summer/data/original data/Trajectories/2022-04-11/437_RR220411A_345C_2004.bmp,/content/rl_quantum_2026summer/data/original data/Trajectories/2022-02-04/181_RR220204A_572C_1825.bmp,4,1.0
Trajectories/2022-04-11/437_RR220411A_345C_2004.bmp,437_RR220411A_345C_2004.bmp,Trajectories/2022-02-04/181_RR220204A_572C_1825.bmp,181_RR220204A_572C_1825.bmp,(1 x 1),not_apply,HL,,2025-12-15T21:07:13.104534,,,,(1 x 1),Trajectories/2022-02-04/181_RR220204A_572C_1825.bmp || Trajectories/2022-04-11/437_RR220411A_345C_2004.bmp,/content/rl_quantum_2026summer/data/original data/Trajectories/2022-04-11/437_RR220411A_345C_2004.bmp,/content/rl_quantum_2026summer/data/original data/Trajectories/2022-02-04/181_RR220204A_572C_1825.bmp,0,1.0
Trajectories/2022-04-11/437_RR220411A_345C_2004.bmp,437_RR220411A_345C_2004.bmp,Trajectories/2022-02-04/181_RR220204A_572C_1825.bmp,181_RR220204A_572C_1825.bmp,(√13 x √13),1,HL,,2025-12-15T21:07:14.262371,,,,(√13 x √13),Trajectories/2022-02-04/181_RR220204A_572C_1825.bmp || Trajectories/2022-04-11/437_RR220411A_345C_2004.bmp,/content/rl_quantum_2026summer/data/original data/Trajectories/2022-04-11/437_RR220411A_345C_2004.bmp,/content/rl_quantum_2026summer/data/original data/Trajectories/2022-02-04/181_RR220204A_572C_1825.bmp,3,1.0
Trajectories/2022-04-11/437_RR220411A_345C_2004.bmp,437_RR220411A_345C_2004.bmp,Trajectories/2022-02-04/181_RR220204A_572C_1825.bmp,181_RR220204A_572C_1825.bmp,Twinned(2 x 1),2,HL,,2025-12-15T21:07:15.202419,,,,Twinned(2 x 1),Trajectories/2022-02-04/181_RR220204A_572C_1825.bmp || Trajectories/2022-04-11/437_RR220411A_345C_2004.bmp,/content/rl_quantum_2026summer/data/original data/Trajectories/2022-04-11/437_RR220411A_345C_2004.bmp,/content/rl_quantum_2026summer/data/original data/Trajectories/2022-02-04/181_RR220204A_572C_1825.bmp,1,1.0
Trajectories/2022-04-11/443_RR220411A_303C_2007.bmp,443_RR220411A_303C_2007.bmp,Trajectories/2022-04-11/397_RR220411A_528C_1948.bmp,397_RR220411A_528C_1948.bmp,(√13 x √13),tie,AJ,,2025-12-12T00:18:11.173158,,,,(√13 x √13),Trajectories/2022-04-11/397_RR220411A_528C_1948.bmp || Trajectories/2022-04-11/443_RR220411A_303C_2007.bmp,/content/rl_quantum_2026summer/data/original data/Trajectories/2022-04-11/443_RR220411A_303C_2007.bmp,/content/rl_quantum_2026summer/data/original data/Trajectories/2022-04-11/397_RR220411A_528C_1948.bmp,3,1.0
Trajectories/2022-02-04/295_RR220204A_882C_2015.bmp,295_RR220204A_882C_2015.bmp,Trajectories/2022-02-06/117_RR220206A_844C_1915.bmp,117_RR220206A_844C_1915.bmp,(1 x 1),2,HL,,2025-12-15T20:53:19.696941,,,,(1 x 1),Trajectories/2022-02-04/295_RR220204A_882C_2015.bmp || Trajectories/2022-02-06/117_RR220206A_844C_1915.bmp,/content/rl_quantum_2026summer/data/original data/Trajectories/2022-02-04/295_RR220204A_882C_2015.bmp,/content/rl_quantum_2026summer/data/original data/Trajectories/2022-02-06/117_RR220206A_844C_1915.bmp,0,1.0
Trajectories/2022-02-04/295_RR220204A_882C_2015.bmp,295_RR220204A_882C_2015.bmp,Trajectories/2022-02-06/117_RR220206A_844C_1915.bmp,117_RR220206A_844C_1915.bmp,c(6 x 2),not_apply,HL,,2025-12-15T20:53:20.777642,,,,c(6 x 2),Trajectories/2022-02-04/295_RR220204A_882C_2015.bmp || Trajectories/2022-02-06/117_RR220206A_844C_1915.bmp,/content/rl_quantum_2026summer/data/original data/Trajectories/2022-02-04/295_RR220204A_882C_2015.bmp,/content/rl_quantum_2026summer/data/original data/Trajectories/2022-02-06/117_RR220206A_844C_1915.bmp,2,1.0
Trajectories/2022-02-04/295_RR220204A_882C_2015.bmp,295_RR220204A_882C_2015.bmp,Trajectories/2022-02-06/117_RR220206A_844C_1915.bmp,117_RR220206A_844C_1915.bmp,Twinned(2 x 1),1,HL,,2025-12-15T20:53:21.884946,,,,Twinned(2 x 1),Trajectories/2022-02-04/295_RR220204A_882C_2015.bmp || Trajectories/2022-02-06/117_RR220206A_844C_1915.bmp,/content/rl_quantum_2026summer/data/original data/Trajectories/2022-02-04/295_RR220204A_882C_2015.bmp,/content/rl_quantum_2026summer/data/original data/Trajectories/2022-02-06/117_RR220206A_844C_1915.bmp,1,1.0
Trajectories/2022-02-04/295_RR220204A_882C_2015.bmp,295_RR220204A_882C_2015.bmp,Trajectories/2022-02-06/117_RR220206A_844C_1915.bmp,117_RR220206A_844C_1915.bmp,(√13 x √13),1,HL,,2025-12-15T20:53:23.012108,,,,(√13 x √13),Trajectories/2022-02-04/295_RR220204A_882C_2015.bmp || Trajectories/2022-02-06/117_RR220206A_844C_1915.bmp,/content/rl_quantum_2026summer/data/original data/Trajectories/2022-02-04/295_RR220204A_882C_2015.bmp,/content/rl_quantum_2026summer/data/original data/Trajectories/2022-02-06/117_RR220206A_844C_1915.bmp,3,1.0
Trajectories/2022-02-04/295_RR220204A_882C_2015.bmp,295_RR220204A_882C_2015.bmp,Trajectories/2022-02-06/117_RR220206A_844C_1915.bmp,117_RR220206A_844C_1915.bmp,HTR,not_apply,HL,,2025-12-15T20:53:23.955106,,,,HTR,Trajectories/2022-02-04/295_RR220204A_882C_2015.bmp || Trajectories/2022-02-06/117_RR220206A_844C_1915.bmp,/content/rl_quantum_2026summer/data/original data/Trajectories/2022-02-04/295_RR220204A_882C_2015.bmp,/content/rl_quantum_2026summer/data/original data/Trajectories/2022-02-06/117_RR220206A_844C_1915.bmp,4,1.0
Trajectories/2022-04-11/001_RR220411A_180C_1417-01.bmp,001_RR220411A_180C_1417-01.bmp,Trajectories/2022-04-11/051_RR220411A_370C_1500.bmp,051_RR220411A_370C_1500.bmp,(1 x 1),tie,AJ,,2025-12-12T00:17:07.694727,,,,(1 x 1),Trajectories/2022-04-11/001_RR220411A_180C_1417-01.bmp || Trajectories/2022-04-11/051_RR220411A_370C_1500.bmp,/content/rl_quantum_2026summer/data/original data/Trajectories/2022-04-11/001_RR220411A_180C_1417-01.bmp,/content/rl_quantum_2026summer/data/original data/Trajectories/2022-04-11/051_RR220411A_370C_1500.bmp,0,1.0
Trajectories/2022-02-06/241_RR220206A_692C_2157.bmp,241_RR220206A_692C_2157.bmp,Trajectories/2022-04-11/201_RR220411A_843C_1711-01.bmp,201_RR220411A_843C_1711-01.bmp,Twinned(2 x 1),not_apply,HL,,2026-01-06T21:51:01.638435,312.0,308.0,Confident,Twinned(2 x 1),Trajectories/2022-02-06/241_RR220206A_692C_2157.bmp || Trajectories/2022-04-11/201_RR220411A_843C_1711-01.bmp,/content/rl_quantum_2026summer/data/original data/Trajectories/2022-02-06/241_RR220206A_692C_2157.bmp,/content/rl_quantum_2026summer/data/original data/Trajectories/2022-04-11/201_RR220411A_843C_1711-01.bmp,1,1.0
Trajectories/2022-02-06/241_RR220206A_692C_2157.bmp,241_RR220206A_692C_2157.bmp,Trajectories/2022-04-11/201_RR220411A_843C_1711-01.bmp,201_RR220411A_843C_1711-01.bmp,(1 x 1),1,HL,,2026-01-06T21:51:02.759982,312.0,308.0,Confident,(1 x 1),Trajectories/2022-02-06/241_RR220206A_692C_2157.bmp || Trajectories/2022-04-11/201_RR220411A_843C_1711-01.bmp,/content/rl_quantum_2026summer/data/original data/Trajectories/2022-02-06/241_RR220206A_692C_2157.bmp,/content/rl_quantum_2026summer/data/original data/Trajectories/2022-04-11/201_RR220411A_843C_1711-01.bmp,0,1.0
Trajectories/2022-02-06/241_RR220206A_692C_2157.bmp,241_RR220206A_692C_2157.bmp,Trajectories/2022-04-11/201_RR220411A_843C_1711-01.bmp,201_RR220411A_843C_1711-01.bmp,(√13 x √13),2,HL,,2026-01-06T21:51:03.653875,312.0,308.0,Confident,(√13 x √13),Trajectories/2022-02-06/241_RR220206A_692C_2157.bmp || Trajectories/2022-04-11/201_RR220411A_843C_1711-01.bmp,/content/rl_quantum_2026summer/data/original data/Trajectories/2022-02-06/241_RR220206A_692C_2157.bmp,/content/rl_quantum_2026summer/data/original data/Trajectories/2022-04-11/201_RR220411A_843C_1711-01.bmp,3,1.0
Trajectories/2022-02-06/241_RR220206A_692C_2157.bmp,241_RR220206A_692C_2157.bmp,Trajectories/2022-04-11/201_RR220411A_843C_1711-01.bmp,201_RR220411A_843C_1711-01.bmp,HTR,1,HL,,2026-01-06T21:51:04.502073,312.0,308.0,Confident,HTR,Trajectories/2022-02-06/241_RR220206A_692C_2157.bmp || Trajectories/2022-04-11/201_RR220411A_843C_1711-01.bmp,/content/rl_quantum_2026summer/data/original data/Trajectories/2022-02-06/241_RR220206A_692C_2157.bmp,/content/rl_quantum_2026summer/data/original data/Trajectories/2022-04-11/201_RR220411A_843C_1711-01.bmp,4,1.0
Trajectories/2022-02-06/241_RR220206A_692C_2157.bmp,241_RR220206A_692C_2157.bmp,Trajectories/2022-04-11/201_RR220411A_843C_1711-01.bmp,201_RR220411A_843C_1711-01.bmp,c(6 x 2),not_apply,HL,,2026-01-06T21:51:05.408432,312.0,308.0,Confident,c(6 x 2),Trajectories/2022-02-06/241_RR220206A_692C_2157.bmp || Trajectories/2022-04-11/201_RR220411A_843C_1711-01.bmp,/content/rl_quantum_2026summer/data/original data/Trajectories/2022-02-06/241_RR220206A_692C_2157.bmp,/content/rl_quantum_2026summer/data/original data/Trajectories/2022-04-11/201_RR220411A_843C_1711-01.bmp,2,1.0
Trajectories/2022-04-11/359_RR220411A_675C_1926.bmp,359_RR220411A_675C_1926.bmp,Trajectories/2022-02-04/262_RR220204A_793C_1932.bmp,262_RR220204A_793C_1932.bmp,c(6 x 2),2,AJ,,2025-12-06 01:24:10,,,,c(6 x 2),Trajectories/2022-02-04/262_RR220204A_793C_1932.bmp || Trajectories/2022-04-11/359_RR220411A_675C_1926.bmp,/content/rl_quantum_2026summer/data/original data/Trajectories/2022-04-11/359_RR220411A_675C_1926.bmp,/content/rl_quantum_2026summer/data/original data/Trajectories/2022-02-04/262_RR220204A_793C_1932.bmp,2,1.0
Trajectories/2022-04-11/359_RR220411A_675C_1926.bmp,359_RR220411A_675C_1926.bmp,Trajectories/2022-02-04/262_RR220204A_793C_1932.bmp,262_RR220204A_793C_1932.bmp,(√13 x √13),1,AJ,,2025-12-06 01:24:10,,,,(√13 x √13),Trajectories/2022-02-04/262_RR220204A_793C_1932.bmp || Trajectories/2022-04-11/359_RR220411A_675C_1926.bmp,/content/rl_quantum_2026summer/data/original data/Trajectories/2022-04-11/359_RR220411A_675C_1926.bmp,/content/rl_quantum_2026summer/data/original data/Trajectories/2022-02-04/262_RR220204A_793C_1932.bmp,3,1.0
Trajectories/2022-04-11/370_RR220411A_640C_1934.bmp,370_RR220411A_640C_1934.bmp,Trajectories/2022-02-06/036_RR220206A_165C_1721.bmp,036_RR220206A_165C_1721.bmp,c(6 x 2),1,HL,,2025-12-15T21:29:38.721946,,,,c(6 x 2),Trajectories/2022-02-06/036_RR220206A_165C_1721.bmp || Trajectories/2022-04-11/370_RR220411A_640C_1934.bmp,/content/rl_quantum_2026summer/data/original data/Trajectories/2022-04-11/370_RR220411A_640C_1934.bmp,/content/rl_quantum_2026summer/data/original data/Trajectories/2022-02-06/036_RR220206A_165C_1721.bmp,2,1.0
Trajectories/2022-04-11/370_RR220411A_640C_1934.bmp,370_RR220411A_640C_1934.bmp,Trajectories/2022-02-06/036_RR220206A_165C_1721.bmp,036_RR220206A_165C_1721.bmp,Twinned(2 x 1),not_apply,HL,,2025-12-15T21:29:39.496119,,,,Twinned(2 x 1),Trajectories/2022-02-06/036_RR220206A_165C_1721.bmp || Trajectories/2022-04-11/370_RR220411A_640C_1934.bmp,/content/rl_quantum_2026summer/data/original data/Trajectories/2022-04-11/370_RR220411A_640C_1934.bmp,/content/rl_quantum_2026summer/data/original data/Trajectories/2022-02-06/036_RR220206A_165C_1721.bmp,1,1.0
Trajectories/2022-04-11/370_RR220411A_640C_1934.bmp,370_RR220411A_640C_1934.bmp,Trajectories/2022-02-06/036_RR220206A_165C_1721.bmp,036_RR220206A_165C_1721.bmp,(1 x 1),2,HL,,2025-12-15T21:29:40.356698,,,,(1 x 1),Trajectories/2022-02-06/036_RR220206A_165C_1721.bmp || Trajectories/2022-04-11/370_RR220411A_640C_1934.bmp,/content/rl_quantum_2026summer/data/original data/Trajectories/2022-04-11/370_RR220411A_640C_1934.bmp,/content/rl_quantum_2026summer/data/original data/Trajectories/2022-02-06/036_RR220206A_165C_1721.bmp,0,1.0
Trajectories/2022-04-11/370_RR220411A_640C_1934.bmp,370_RR220411A_640C_1934.bmp,Trajectories/2022-02-06/036_RR220206A_165C_1721.bmp,036_RR220206A_165C_1721.bmp,HTR,not_apply,HL,,2025-12-15T21:29:59.675290,,,,HTR,Trajectories/2022-02-06/036_RR220206A_165C_1721.bmp || Trajectories/2022-04-11/370_RR220411A_640C_1934.bmp,/content/rl_quantum_2026summer/data/original data/Trajectories/2022-04-11/370_RR220411A_640C_1934.bmp,/content/rl_quantum_2026summer/data/original data/Trajectories/2022-02-06/036_RR220206A_165C_1721.bmp,4,1.0
Trajectories/2022-04-11/370_RR220411A_640C_1934.bmp,370_RR220411A_640C_1934.bmp,Trajectories/2022-02-06/036_RR220206A_165C_1721.bmp,036_RR220206A_165C_1721.bmp,(√13 x √13),1,HL,,2025-12-15T21:30:01.222676,,,,(√13 x √13),Trajectories/2022-02-06/036_RR220206A_165C_1721.bmp || Trajectories/2022-04-11/370_RR220411A_640C_1934.bmp,/content/rl_quantum_2026summer/data/original data/Trajectories/2022-04-11/370_RR220411A_640C_1934.bmp,/content/rl_quantum_2026summer/data/original data/Trajectories/2022-02-06/036_RR220206A_165C_1721.bmp,3,1.0
Trajectories/2022-02-04/080_RR220204A_301C_1718.bmp,080_RR220204A_301C_1718.bmp,Trajectories/2022-02-04/076_RR220204A_299C_1713.bmp,076_RR220204A_299C_1713.bmp,(√13 x √13),tie,AJ,,2025-12-12T00:09:31.398149,,,,(√13 x √13),Trajectories/2022-02-04/076_RR220204A_299C_1713.bmp || Trajectories/2022-02-04/080_RR220204A_301C_1718.bmp,/content/rl_quantum_2026summer/data/original data/Trajectories/2022-02-04/080_RR220204A_301C_1718.bmp,/content/rl_quantum_2026summer/data/original data/Trajectories/2022-02-04/076_RR220204A_299C_1713.bmp,3,1.0
Trajectories/2022-02-06/068_RR220206A_362C_1759.bmp,068_RR220206A_362C_1759.bmp,Trajectories/2022-04-11/075_RR220411A_440C_1519.bmp,075_RR220411A_440C_1519.bmp,(1 x 1),2,SY,,2025-12-23T22:34:37.509154,252.0,251.0,Confident,(1 x 1),Trajectories/2022-02-06/068_RR220206A_362C_1759.bmp || Trajectories/2022-04-11/075_RR220411A_440C_1519.bmp,/content/rl_quantum_2026summer/data/original data/Trajectories/2022-02-06/068_RR220206A_362C_1759.bmp,/content/rl_quantum_2026summer/data/original data/Trajectories/2022-04-11/075_RR220411A_440C_1519.bmp,0,1.0
Trajectories/2022-02-06/068_RR220206A_362C_1759.bmp,068_RR220206A_362C_1759.bmp,Trajectories/2022-04-11/075_RR220411A_440C_1519.bmp,075_RR220411A_440C_1519.bmp,HTR,not_apply,SY,,2025-12-23T22:34:38.747588,252.0,251.0,Confident,HTR,Trajectories/2022-02-06/068_RR220206A_362C_1759.bmp || Trajectories/2022-04-11/075_RR220411A_440C_1519.bmp,/content/rl_quantum_2026summer/data/original data/Trajectories/2022-02-06/068_RR220206A_362C_1759.bmp,/content/rl_quantum_2026summer/data/original data/Trajectories/2022-04-11/075_RR220411A_440C_1519.bmp,4,1.0
Trajectories/2022-02-06/068_RR220206A_362C_1759.bmp,068_RR220206A_362C_1759.bmp,Trajectories/2022-04-11/075_RR220411A_440C_1519.bmp,075_RR220411A_440C_1519.bmp,Twinned(2 x 1),not_apply,SY,,2025-12-23T22:34:40.121540,252.0,251.0,Confident,Twinned(2 x 1),Trajectories/2022-02-06/068_RR220206A_362C_1759.bmp || Trajectories/2022-04-11/075_RR220411A_440C_1519.bmp,/content/rl_quantum_2026summer/data/original data/Trajectories/2022-02-06/068_RR220206A_362C_1759.bmp,/content/rl_quantum_2026summer/data/original data/Trajectories/2022-04-11/075_RR220411A_440C_1519.bmp,1,1.0
Trajectories/2022-02-06/068_RR220206A_362C_1759.bmp,068_RR220206A_362C_1759.bmp,Trajectories/2022-04-11/075_RR220411A_440C_1519.bmp,075_RR220411A_440C_1519.bmp,(√13 x √13),not_apply,SY,,2025-12-23T22:34:41.420550,252.0,251.0,Confident,(√13 x √13),Trajectories/2022-02-06/068_RR220206A_362C_1759.bmp || Trajectories/2022-04-11/075_RR220411A_440C_1519.bmp,/content/rl_quantum_2026summer/data/original data/Trajectories/2022-02-06/068_RR220206A_362C_1759.bmp,/content/rl_quantum_2026summer/data/original data/Trajectories/2022-04-11/075_RR220411A_440C_1519.bmp,3,1.0
Trajectories/2022-02-06/068_RR220206A_362C_1759.bmp,068_RR220206A_362C_1759.bmp,Trajectories/2022-04-11/075_RR220411A_440C_1519.bmp,075_RR220411A_440C_1519.bmp,c(6 x 2),not_apply,SY,,2025-12-23T22:34:42.520829,252.0,251.0,Confident,c(6 x 2),Trajectories/2022-02-06/068_RR220206A_362C_1759.bmp || Trajectories/2022-04-11/075_RR220411A_440C_1519.bmp,/content/rl_quantum_2026summer/data/original data/Trajectories/2022-02-06/068_RR220206A_362C_1759.bmp,/content/rl_quantum_2026summer/data/original data/Trajectories/2022-04-11/075_RR220411A_440C_1519.bmp,2,1.0
Trajectories/2022-04-11/387_RR220411A_578C_1943.bmp,387_RR220411A_578C_1943.bmp,Trajectories/2022-04-11/076_RR220411A_442C_1520.bmp,076_RR220411A_442C_1520.bmp,Twinned(2 x 1),not_apply,SY,,2025-12-10T17:01:38.885310,,,,Twinned(2 x 1),Trajectories/2022-04-11/076_RR220411A_442C_1520.bmp || Trajectories/2022-04-11/387_RR220411A_578C_1943.bmp,/content/rl_quantum_2026summer/data/original data/Trajectories/2022-04-11/387_RR220411A_578C_1943.bmp,/content/rl_quantum_2026summer/data/original data/Trajectories/2022-04-11/076_RR220411A_442C_1520.bmp,1,1.0
Trajectories/2022-04-11/387_RR220411A_578C_1943.bmp,387_RR220411A_578C_1943.bmp,Trajectories/2022-04-11/076_RR220411A_442C_1520.bmp,076_RR220411A_442C_1520.bmp,c(6 x 2),1,SY,,2025-12-10T17:01:39.593567,,,,c(6 x 2),Trajectories/2022-04-11/076_RR220411A_442C_1520.bmp || Trajectories/2022-04-11/387_RR220411A_578C_1943.bmp,/content/rl_quantum_2026summer/data/original data/Trajectories/2022-04-11/387_RR220411A_578C_1943.bmp,/content/rl_quantum_2026summer/data/original data/Trajectories/2022-04-11/076_RR220411A_442C_1520.bmp,2,1.0
Trajectories/2022-04-11/387_RR220411A_578C_1943.bmp,387_RR220411A_578C_1943.bmp,Trajectories/2022-04-11/076_RR220411A_442C_1520.bmp,076_RR220411A_442C_1520.bmp,(√13 x √13),1,SY,,2025-12-10T17:01:40.254501,,,,(√13 x √13),Trajectories/2022-04-11/076_RR220411A_442C_1520.bmp || Trajectories/2022-04-11/387_RR220411A_578C_1943.bmp,/content/rl_quantum_2026summer/data/original data/Trajectories/2022-04-11/387_RR220411A_578C_1943.bmp,/content/rl_quantum_2026summer/data/original data/Trajectories/2022-04-11/076_RR220411A_442C_1520.bmp,3,1.0
Trajectories/2022-04-11/387_RR220411A_578C_1943.bmp,387_RR220411A_578C_1943.bmp,Trajectories/2022-04-11/076_RR220411A_442C_1520.bmp,076_RR220411A_442C_1520.bmp,HTR,not_apply,SY,,2025-12-10T17:01:40.972197,,,,HTR,Trajectories/2022-04-11/076_RR220411A_442C_1520.bmp || Trajectories/2022-04-11/387_RR220411A_578C_1943.bmp,/content/rl_quantum_2026summer/data/original data/Trajectories/2022-04-11/387_RR220411A_578C_1943.bmp,/content/rl_quantum_2026summer/data/original data/Trajectories/2022-04-11/076_RR220411A_442C_1520.bmp,4,1.0
Trajectories/2022-04-11/387_RR220411A_578C_1943.bmp,387_RR220411A_578C_1943.bmp,Trajectories/2022-04-11/076_RR220411A_442C_1520.bmp,076_RR220411A_442C_1520.bmp,(1 x 1),tie,SY,,2025-12-10T17:01:41.638551,,,,(1 x 1),Trajectories/2022-04-11/076_RR220411A_442C_1520.bmp || Trajectories/2022-04-11/387_RR220411A_578C_1943.bmp,/content/rl_quantum_2026summer/data/original data/Trajectories/2022-04-11/387_RR220411A_578C_1943.bmp,/content/rl_quantum_2026summer/data/original data/Trajectories/2022-04-11/076_RR220411A_442C_1520.bmp,0,1.0
Trajectories/2022-02-04/294_RR220204A_843C_2014.bmp,294_RR220204A_843C_2014.bmp,Trajectories/2022-02-06/140_RR220206A_993C_1941.bmp,140_RR220206A_993C_1941.bmp,(√13 x √13),1,AJ,,2025-12-12T00:11:31.731499,,,,(√13 x √13),Trajectories/2022-02-04/294_RR220204A_843C_2014.bmp || Trajectories/2022-02-06/140_RR220206A_993C_1941.bmp,/content/rl_quantum_2026summer/data/original data/Trajectories/2022-02-04/294_RR220204A_843C_2014.bmp,/content/rl_quantum_2026summer/data/original data/Trajectories/2022-02-06/140_RR220206A_993C_1941.bmp,3,1.0
Trajectories/2022-02-04/294_RR220204A_843C_2014.bmp,294_RR220204A_843C_2014.bmp,Trajectories/2022-02-06/140_RR220206A_993C_1941.bmp,140_RR220206A_993C_1941.bmp,HTR,2,AJ,,2025-12-12T00:11:32.525228,,,,HTR,Trajectories/2022-02-04/294_RR220204A_843C_2014.bmp || Trajectories/2022-02-06/140_RR220206A_993C_1941.bmp,/content/rl_quantum_2026summer/data/original data/Trajectories/2022-02-04/294_RR220204A_843C_2014.bmp,/content/rl_quantum_2026summer/data/original data/Trajectories/2022-02-06/140_RR220206A_993C_1941.bmp,4,1.0
Trajectories/2022-02-06/137_RR220206A_982C_1937.bmp,137_RR220206A_982C_1937.bmp,Trajectories/2022-04-11/191_RR220411A_821C_1704.bmp,191_RR220411A_821C_1704.bmp,c(6 x 2),1,HL,,2026-01-06T21:41:32.149785,252.0,252.0,Confident,c(6 x 2),Trajectories/2022-02-06/137_RR220206A_982C_1937.bmp || Trajectories/2022-04-11/191_RR220411A_821C_1704.bmp,/content/rl_quantum_2026summer/data/original data/Trajectories/2022-02-06/137_RR220206A_982C_1937.bmp,/content/rl_quantum_2026summer/data/original data/Trajectories/2022-04-11/191_RR220411A_821C_1704.bmp,2,1.0
Trajectories/2022-02-06/137_RR220206A_982C_1937.bmp,137_RR220206A_982C_1937.bmp,Trajectories/2022-04-11/191_RR220411A_821C_1704.bmp,191_RR220411A_821C_1704.bmp,(1 x 1),1,HL,,2026-01-06T21:41:33.206052,252.0,252.0,Confident,(1 x 1),Trajectories/2022-02-06/137_RR220206A_982C_1937.bmp || Trajectories/2022-04-11/191_RR220411A_821C_1704.bmp,/content/rl_quantum_2026summer/data/original data/Trajectories/2022-02-06/137_RR220206A_982C_1937.bmp,/content/rl_quantum_2026summer/data/original data/Trajectories/2022-04-11/191_RR220411A_821C_1704.bmp,0,1.0
Trajectories/2022-02-06/137_RR220206A_982C_1937.bmp,137_RR220206A_982C_1937.bmp,Trajectories/2022-04-11/191_RR220411A_821C_1704.bmp,191_RR220411A_821C_1704.bmp,Twinned(2 x 1),not_apply,HL,,2026-01-06T21:41:34.001989,252.0,252.0,Confident,Twinned(2 x 1),Trajectories/2022-02-06/137_RR220206A_982C_1937.bmp || Trajectories/2022-04-11/191_RR220411A_821C_1704.bmp,/content/rl_quantum_2026summer/data/original data/Trajectories/2022-02-06/137_RR220206A_982C_1937.bmp,/content/rl_quantum_2026summer/data/original data/Trajectories/2022-04-11/191_RR220411A_821C_1704.bmp,1,1.0
Trajectories/2022-02-06/137_RR220206A_982C_1937.bmp,137_RR220206A_982C_1937.bmp,Trajectories/2022-04-11/191_RR220411A_821C_1704.bmp,191_RR220411A_821C_1704.bmp,HTR,not_apply,HL,,2026-01-06T21:41:34.801341,252.0,252.0,Confident,HTR,Trajectories/2022-02-06/137_RR220206A_982C_1937.bmp || Trajectories/2022-04-11/191_RR220411A_821C_1704.bmp,/content/rl_quantum_2026summer/data/original data/Trajectories/2022-02-06/137_RR220206A_982C_1937.bmp,/content/rl_quantum_2026summer/data/original data/Trajectories/2022-04-11/191_RR220411A_821C_1704.bmp,4,1.0
Trajectories/2022-02-06/137_RR220206A_982C_1937.bmp,137_RR220206A_982C_1937.bmp,Trajectories/2022-04-11/191_RR220411A_821C_1704.bmp,191_RR220411A_821C_1704.bmp,(√13 x √13),not_apply,HL,,2026-01-06T21:41:35.548672,252.0,252.0,Confident,(√13 x √13),Trajectories/2022-02-06/137_RR220206A_982C_1937.bmp || Trajectories/2022-04-11/191_RR220411A_821C_1704.bmp,/content/rl_quantum_2026summer/data/original data/Trajectories/2022-02-06/137_RR220206A_982C_1937.bmp,/content/rl_quantum_2026summer/data/original data/Trajectories/2022-04-11/191_RR220411A_821C_1704.bmp,3,1.0
Trajectories/2022-02-06/180_RR220206A_1031C_2041.bmp,180_RR220206A_1031C_2041.bmp,Trajectories/2022-04-11/277_RR220411A_936C_1828.bmp,277_RR220411A_936C_1828.bmp,(√13 x √13),2,AJ,,2025-12-12T00:09:09.670203,,,,(√13 x √13),Trajectories/2022-02-06/180_RR220206A_1031C_2041.bmp || Trajectories/2022-04-11/277_RR220411A_936C_1828.bmp,/content/rl_quantum_2026summer/data/original data/Trajectories/2022-02-06/180_RR220206A_1031C_2041.bmp,/content/rl_quantum_2026summer/data/original data/Trajectories/2022-04-11/277_RR220411A_936C_1828.bmp,3,1.0
Trajectories/2022-02-06/180_RR220206A_1031C_2041.bmp,180_RR220206A_1031C_2041.bmp,Trajectories/2022-04-11/277_RR220411A_936C_1828.bmp,277_RR220411A_936C_1828.bmp,HTR,1,AJ,,2025-12-12T00:09:10.571310,,,,HTR,Trajectories/2022-02-06/180_RR220206A_1031C_2041.bmp || Trajectories/2022-04-11/277_RR220411A_936C_1828.bmp,/content/rl_quantum_2026summer/data/original data/Trajectories/2022-02-06/180_RR220206A_1031C_2041.bmp,/content/rl_quantum_2026summer/data/original data/Trajectories/2022-04-11/277_RR220411A_936C_1828.bmp,4,1.0
Trajectories/2022-04-11/001_RR220411A_180C_1417-01.bmp,001_RR220411A_180C_1417-01.bmp,Trajectories/2022-04-11/321_RR220411A_823C_1901.bmp,321_RR220411A_823C_1901.bmp,(1 x 1),1,HL,,2026-01-06T21:40:33.373222,280.0,280.0,Confident,(1 x 1),Trajectories/2022-04-11/001_RR220411A_180C_1417-01.bmp || Trajectories/2022-04-11/321_RR220411A_823C_1901.bmp,/content/rl_quantum_2026summer/data/original data/Trajectories/2022-04-11/001_RR220411A_180C_1417-01.bmp,/content/rl_quantum_2026summer/data/original data/Trajectories/2022-04-11/321_RR220411A_823C_1901.bmp,0,1.0
Trajectories/2022-04-11/001_RR220411A_180C_1417-01.bmp,001_RR220411A_180C_1417-01.bmp,Trajectories/2022-04-11/321_RR220411A_823C_1901.bmp,321_RR220411A_823C_1901.bmp,Twinned(2 x 1),not_apply,HL,,2026-01-06T21:40:34.275568,280.0,280.0,Confident,Twinned(2 x 1),Trajectories/2022-04-11/001_RR220411A_180C_1417-01.bmp || Trajectories/2022-04-11/321_RR220411A_823C_1901.bmp,/content/rl_quantum_2026summer/data/original data/Trajectories/2022-04-11/001_RR220411A_180C_1417-01.bmp,/content/rl_quantum_2026summer/data/original data/Trajectories/2022-04-11/321_RR220411A_823C_1901.bmp,1,1.0
Trajectories/2022-04-11/001_RR220411A_180C_1417-01.bmp,001_RR220411A_180C_1417-01.bmp,Trajectories/2022-04-11/321_RR220411A_823C_1901.bmp,321_RR220411A_823C_1901.bmp,c(6 x 2),2,HL,,2026-01-06T21:40:35.035904,280.0,280.0,Confident,c(6 x 2),Trajectories/2022-04-11/001_RR220411A_180C_1417-01.bmp || Trajectories/2022-04-11/321_RR220411A_823C_1901.bmp,/content/rl_quantum_2026summer/data/original data/Trajectories/2022-04-11/001_RR220411A_180C_1417-01.bmp,/content/rl_quantum_2026summer/data/original data/Trajectories/2022-04-11/321_RR220411A_823C_1901.bmp,2,1.0
Trajectories/2022-04-11/001_RR220411A_180C_1417-01.bmp,001_RR220411A_180C_1417-01.bmp,Trajectories/2022-04-11/321_RR220411A_823C_1901.bmp,321_RR220411A_823C_1901.bmp,(√13 x √13),2,HL,,2026-01-06T21:40:35.894092,280.0,280.0,Confident,(√13 x √13),Trajectories/2022-04-11/001_RR220411A_180C_1417-01.bmp || Trajectories/2022-04-11/321_RR220411A_823C_1901.bmp,/content/rl_quantum_2026summer/data/original data/Trajectories/2022-04-11/001_RR220411A_180C_1417-01.bmp,/content/rl_quantum_2026summer/data/original data/Trajectories/2022-04-11/321_RR220411A_823C_1901.bmp,3,1.0
Trajectories/2022-04-11/001_RR220411A_180C_1417-01.bmp,001_RR220411A_180C_1417-01.bmp,Trajectories/2022-04-11/321_RR220411A_823C_1901.bmp,321_RR220411A_823C_1901.bmp,HTR,not_apply,HL,,2026-01-06T21:40:36.603092,280.0,280.0,Confident,HTR,Trajectories/2022-04-11/001_RR220411A_180C_1417-01.bmp || Trajectories/2022-04-11/321_RR220411A_823C_1901.bmp,/content/rl_quantum_2026summer/data/original data/Trajectories/2022-04-11/001_RR220411A_180C_1417-01.bmp,/content/rl_quantum_2026summer/data/original data/Trajectories/2022-04-11/321_RR220411A_823C_1901.bmp,4,1.0
Trajectories/2022-02-06/163_RR220206A_1105C_2015.bmp,163_RR220206A_1105C_2015.bmp,Trajectories/2022-02-04/341_RR220204A_937C_2114.bmp,341_RR220204A_937C_2114.bmp,(√13 x √13),2,AJ,,2025-12-06 01:19:50,,,,(√13 x √13),Trajectories/2022-02-04/341_RR220204A_937C_2114.bmp || Trajectories/2022-02-06/163_RR220206A_1105C_2015.bmp,/content/rl_quantum_2026summer/data/original data/Trajectories/2022-02-06/163_RR220206A_1105C_2015.bmp,/content/rl_quantum_2026summer/data/original data/Trajectories/2022-02-04/341_RR220204A_937C_2114.bmp,3,1.0
Trajectories/2022-02-06/163_RR220206A_1105C_2015.bmp,163_RR220206A_1105C_2015.bmp,Trajectories/2022-02-04/341_RR220204A_937C_2114.bmp,341_RR220204A_937C_2114.bmp,HTR,1,AJ,,2025-12-06 01:19:50,,,,HTR,Trajectories/2022-02-04/341_RR220204A_937C_2114.bmp || Trajectories/2022-02-06/163_RR220206A_1105C_2015.bmp,/content/rl_quantum_2026summer/data/original data/Trajectories/2022-02-06/163_RR220206A_1105C_2015.bmp,/content/rl_quantum_2026summer/data/original data/Trajectories/2022-02-04/341_RR220204A_937C_2114.bmp,4,1.0
Trajectories/2022-02-04/221_RR220204A_666C_1854.bmp,221_RR220204A_666C_1854.bmp,Trajectories/2022-04-11/358_RR220411A_677C_1926.bmp,358_RR220411A_677C_1926.bmp,(√13 x √13),2,HL,,2026-01-02T22:37:17.937343,249.0,291.0,Confident,(√13 x √13),Trajectories/2022-02-04/221_RR220204A_666C_1854.bmp || Trajectories/2022-04-11/358_RR220411A_677C_1926.bmp,/content/rl_quantum_2026summer/data/original data/Trajectories/2022-02-04/221_RR220204A_666C_1854.bmp,/content/rl_quantum_2026summer/data/original data/Trajectories/2022-04-11/358_RR220411A_677C_1926.bmp,3,1.0
Trajectories/2022-02-04/221_RR220204A_666C_1854.bmp,221_RR220204A_666C_1854.bmp,Trajectories/2022-04-11/358_RR220411A_677C_1926.bmp,358_RR220411A_677C_1926.bmp,c(6 x 2),2,HL,,2026-01-02T22:37:19.622291,249.0,291.0,Confident,c(6 x 2),Trajectories/2022-02-04/221_RR220204A_666C_1854.bmp || Trajectories/2022-04-11/358_RR220411A_677C_1926.bmp,/content/rl_quantum_2026summer/data/original data/Trajectories/2022-02-04/221_RR220204A_666C_1854.bmp,/content/rl_quantum_2026summer/data/original data/Trajectories/2022-04-11/358_RR220411A_677C_1926.bmp,2,1.0
Trajectories/2022-02-04/221_RR220204A_666C_1854.bmp,221_RR220204A_666C_1854.bmp,Trajectories/2022-04-11/358_RR220411A_677C_1926.bmp,358_RR220411A_677C_1926.bmp,HTR,not_apply,HL,,2026-01-02T22:37:20.894927,249.0,291.0,Confident,HTR,Trajectories/2022-02-04/221_RR220204A_666C_1854.bmp || Trajectories/2022-04-11/358_RR220411A_677C_1926.bmp,/content/rl_quantum_2026summer/data/original data/Trajectories/2022-02-04/221_RR220204A_666C_1854.bmp,/content/rl_quantum_2026summer/data/original data/Trajectories/2022-04-11/358_RR220411A_677C_1926.bmp,4,1.0
Trajectories/2022-02-04/221_RR220204A_666C_1854.bmp,221_RR220204A_666C_1854.bmp,Trajectories/2022-04-11/358_RR220411A_677C_1926.bmp,358_RR220411A_677C_1926.bmp,Twinned(2 x 1),1,HL,,2026-01-02T22:37:22.173621,249.0,291.0,Confident,Twinned(2 x 1),Trajectories/2022-02-04/221_RR220204A_666C_1854.bmp || Trajectories/2022-04-11/358_RR220411A_677C_1926.bmp,/content/rl_quantum_2026summer/data/original data/Trajectories/2022-02-04/221_RR220204A_666C_1854.bmp,/content/rl_quantum_2026summer/data/original data/Trajectories/2022-04-11/358_RR220411A_677C_1926.bmp,1,1.0
Trajectories/2022-02-04/221_RR220204A_666C_1854.bmp,221_RR220204A_666C_1854.bmp,Trajectories/2022-04-11/358_RR220411A_677C_1926.bmp,358_RR220411A_677C_1926.bmp,(1 x 1),2,HL,,2026-01-02T22:37:23.459411,249.0,291.0,Confident,(1 x 1),Trajectories/2022-02-04/221_RR220204A_666C_1854.bmp || Trajectories/2022-04-11/358_RR220411A_677C_1926.bmp,/content/rl_quantum_2026summer/data/original data/Trajectories/2022-02-04/221_RR220204A_666C_1854.bmp,/content/rl_quantum_2026summer/data/original data/Trajectories/2022-04-11/358_RR220411A_677C_1926.bmp,0,1.0
Trajectories/2022-04-11/183_RR220411A_794C_1655.bmp,183_RR220411A_794C_1655.bmp,Trajectories/2022-04-11/226_RR220411A_873C_1725.bmp,226_RR220411A_873C_1725.bmp,c(6 x 2),2,SY,,2025-12-10T17:02:15.862234,,,,c(6 x 2),Trajectories/2022-04-11/183_RR220411A_794C_1655.bmp || Trajectories/2022-04-11/226_RR220411A_873C_1725.bmp,/content/rl_quantum_2026summer/data/original data/Trajectories/2022-04-11/183_RR220411A_794C_1655.bmp,/content/rl_quantum_2026summer/data/original data/Trajectories/2022-04-11/226_RR220411A_873C_1725.bmp,2,1.0
Trajectories/2022-04-11/183_RR220411A_794C_1655.bmp,183_RR220411A_794C_1655.bmp,Trajectories/2022-04-11/226_RR220411A_873C_1725.bmp,226_RR220411A_873C_1725.bmp,(√13 x √13),2,SY,,2025-12-10T17:02:16.573074,,,,(√13 x √13),Trajectories/2022-04-11/183_RR220411A_794C_1655.bmp || Trajectories/2022-04-11/226_RR220411A_873C_1725.bmp,/content/rl_quantum_2026summer/data/original data/Trajectories/2022-04-11/183_RR220411A_794C_1655.bmp,/content/rl_quantum_2026summer/data/original data/Trajectories/2022-04-11/226_RR220411A_873C_1725.bmp,3,1.0
Trajectories/2022-04-11/183_RR220411A_794C_1655.bmp,183_RR220411A_794C_1655.bmp,Trajectories/2022-04-11/226_RR220411A_873C_1725.bmp,226_RR220411A_873C_1725.bmp,(1 x 1),tie,SY,,2025-12-10T17:02:17.241921,,,,(1 x 1),Trajectories/2022-04-11/183_RR220411A_794C_1655.bmp || Trajectories/2022-04-11/226_RR220411A_873C_1725.bmp,/content/rl_quantum_2026summer/data/original data/Trajectories/2022-04-11/183_RR220411A_794C_1655.bmp,/content/rl_quantum_2026summer/data/original data/Trajectories/2022-04-11/226_RR220411A_873C_1725.bmp,0,1.0
Trajectories/2022-04-11/183_RR220411A_794C_1655.bmp,183_RR220411A_794C_1655.bmp,Trajectories/2022-04-11/226_RR220411A_873C_1725.bmp,226_RR220411A_873C_1725.bmp,Twinned(2 x 1),not_apply,SY,,2025-12-10T17:02:17.909252,,,,Twinned(2 x 1),Trajectories/2022-04-11/183_RR220411A_794C_1655.bmp || Trajectories/2022-04-11/226_RR220411A_873C_1725.bmp,/content/rl_quantum_2026summer/data/original data/Trajectories/2022-04-11/183_RR220411A_794C_1655.bmp,/content/rl_quantum_2026summer/data/original data/Trajectories/2022-04-11/226_RR220411A_873C_1725.bmp,1,1.0
Trajectories/2022-04-11/183_RR220411A_794C_1655.bmp,183_RR220411A_794C_1655.bmp,Trajectories/2022-04-11/226_RR220411A_873C_1725.bmp,226_RR220411A_873C_1725.bmp,HTR,not_apply,SY,,2025-12-10T17:02:18.571634,,,,HTR,Trajectories/2022-04-11/183_RR220411A_794C_1655.bmp || Trajectories/2022-04-11/226_RR220411A_873C_1725.bmp,/content/rl_quantum_2026summer/data/original data/Trajectories/2022-04-11/183_RR220411A_794C_1655.bmp,/content/rl_quantum_2026summer/data/original data/Trajectories/2022-04-11/226_RR220411A_873C_1725.bmp,4,1.0
Trajectories/2022-04-11/439_RR220411A_330C_2005.bmp,439_RR220411A_330C_2005.bmp,Trajectories/2022-02-04/003_RR220204A_932C_0017.bmp,003_RR220204A_932C_0017.bmp,c(6 x 2),1,HL,,2026-01-06T21:40:19.381737,258.0,257.0,Confident,c(6 x 2),Trajectories/2022-02-04/003_RR220204A_932C_0017.bmp || Trajectories/2022-04-11/439_RR220411A_330C_2005.bmp,/content/rl_quantum_2026summer/data/original data/Trajectories/2022-04-11/439_RR220411A_330C_2005.bmp,/content/rl_quantum_2026summer/data/original data/Trajectories/2022-02-04/003_RR220204A_932C_0017.bmp,2,1.0
Trajectories/2022-04-11/439_RR220411A_330C_2005.bmp,439_RR220411A_330C_2005.bmp,Trajectories/2022-02-04/003_RR220204A_932C_0017.bmp,003_RR220204A_932C_0017.bmp,(√13 x √13),1,HL,,2026-01-06T21:40:20.591934,258.0,257.0,Confident,(√13 x √13),Trajectories/2022-02-04/003_RR220204A_932C_0017.bmp || Trajectories/2022-04-11/439_RR220411A_330C_2005.bmp,/content/rl_quantum_2026summer/data/original data/Trajectories/2022-04-11/439_RR220411A_330C_2005.bmp,/content/rl_quantum_2026summer/data/original data/Trajectories/2022-02-04/003_RR220204A_932C_0017.bmp,3,1.0
Trajectories/2022-04-11/439_RR220411A_330C_2005.bmp,439_RR220411A_330C_2005.bmp,Trajectories/2022-02-04/003_RR220204A_932C_0017.bmp,003_RR220204A_932C_0017.bmp,Twinned(2 x 1),2,HL,,2026-01-06T21:40:21.488602,258.0,257.0,Confident,Twinned(2 x 1),Trajectories/2022-02-04/003_RR220204A_932C_0017.bmp || Trajectories/2022-04-11/439_RR220411A_330C_2005.bmp,/content/rl_quantum_2026summer/data/original data/Trajectories/2022-04-11/439_RR220411A_330C_2005.bmp,/content/rl_quantum_2026summer/data/original data/Trajectories/2022-02-04/003_RR220204A_932C_0017.bmp,1,1.0
Trajectories/2022-04-11/439_RR220411A_330C_2005.bmp,439_RR220411A_330C_2005.bmp,Trajectories/2022-02-04/003_RR220204A_932C_0017.bmp,003_RR220204A_932C_0017.bmp,HTR,not_apply,HL,,2026-01-06T21:40:22.350885,258.0,257.0,Confident,HTR,Trajectories/2022-02-04/003_RR220204A_932C_0017.bmp || Trajectories/2022-04-11/439_RR220411A_330C_2005.bmp,/content/rl_quantum_2026summer/data/original data/Trajectories/2022-04-11/439_RR220411A_330C_2005.bmp,/content/rl_quantum_2026summer/data/original data/Trajectories/2022-02-04/003_RR220204A_932C_0017.bmp,4,1.0
Trajectories/2022-04-11/439_RR220411A_330C_2005.bmp,439_RR220411A_330C_2005.bmp,Trajectories/2022-02-04/003_RR220204A_932C_0017.bmp,003_RR220204A_932C_0017.bmp,(1 x 1),2,HL,,2026-01-06T21:40:23.086599,258.0,257.0,Confident,(1 x 1),Trajectories/2022-02-04/003_RR220204A_932C_0017.bmp || Trajectories/2022-04-11/439_RR220411A_330C_2005.bmp,/content/rl_quantum_2026summer/data/original data/Trajectories/2022-04-11/439_RR220411A_330C_2005.bmp,/content/rl_quantum_2026summer/data/original data/Trajectories/2022-02-04/003_RR220204A_932C_0017.bmp,0,1.0
Trajectories/2022-04-11/330_RR220411A_762C_1910.bmp,330_RR220411A_762C_1910.bmp,Trajectories/2022-02-04/124_RR220204A_444C_1748.bmp,124_RR220204A_444C_1748.bmp,Twinned(2 x 1),2,HL,,2026-01-06T21:45:48.881523,286.0,284.0,Confident,Twinned(2 x 1),Trajectories/2022-02-04/124_RR220204A_444C_1748.bmp || Trajectories/2022-04-11/330_RR220411A_762C_1910.bmp,/content/rl_quantum_2026summer/data/original data/Trajectories/2022-04-11/330_RR220411A_762C_1910.bmp,/content/rl_quantum_2026summer/data/original data/Trajectories/2022-02-04/124_RR220204A_444C_1748.bmp,1,1.0
Trajectories/2022-04-11/330_RR220411A_762C_1910.bmp,330_RR220411A_762C_1910.bmp,Trajectories/2022-02-04/124_RR220204A_444C_1748.bmp,124_RR220204A_444C_1748.bmp,HTR,not_apply,HL,,2026-01-06T21:45:49.968279,286.0,284.0,Confident,HTR,Trajectories/2022-02-04/124_RR220204A_444C_1748.bmp || Trajectories/2022-04-11/330_RR220411A_762C_1910.bmp,/content/rl_quantum_2026summer/data/original data/Trajectories/2022-04-11/330_RR220411A_762C_1910.bmp,/content/rl_quantum_2026summer/data/original data/Trajectories/2022-02-04/124_RR220204A_444C_1748.bmp,4,1.0
Trajectories/2022-04-11/330_RR220411A_762C_1910.bmp,330_RR220411A_762C_1910.bmp,Trajectories/2022-02-04/124_RR220204A_444C_1748.bmp,124_RR220204A_444C_1748.bmp,(√13 x √13),1,HL,,2026-01-06T21:45:50.860061,286.0,284.0,Confident,(√13 x √13),Trajectories/2022-02-04/124_RR220204A_444C_1748.bmp || Trajectories/2022-04-11/330_RR220411A_762C_1910.bmp,/content/rl_quantum_2026summer/data/original data/Trajectories/2022-04-11/330_RR220411A_762C_1910.bmp,/content/rl_quantum_2026summer/data/original data/Trajectories/2022-02-04/124_RR220204A_444C_1748.bmp,3,1.0
Trajectories/2022-04-11/330_RR220411A_762C_1910.bmp,330_RR220411A_762C_1910.bmp,Trajectories/2022-02-04/124_RR220204A_444C_1748.bmp,124_RR220204A_444C_1748.bmp,c(6 x 2),1,HL,,2026-01-06T21:45:51.625776,286.0,284.0,Confident,c(6 x 2),Trajectories/2022-02-04/124_RR220204A_444C_1748.bmp || Trajectories/2022-04-11/330_RR220411A_762C_1910.bmp,/content/rl_quantum_2026summer/data/original data/Trajectories/2022-04-11/330_RR220411A_762C_1910.bmp,/content/rl_quantum_2026summer/data/original data/Trajectories/2022-02-04/124_RR220204A_444C_1748.bmp,2,1.0
Trajectories/2022-04-11/330_RR220411A_762C_1910.bmp,330_RR220411A_762C_1910.bmp,Trajectories/2022-02-04/124_RR220204A_444C_1748.bmp,124_RR220204A_444C_1748.bmp,(1 x 1),2,HL,,2026-01-06T21:45:52.380055,286.0,284.0,Confident,(1 x 1),Trajectories/2022-02-04/124_RR220204A_444C_1748.bmp || Trajectories/2022-04-11/330_RR220411A_762C_1910.bmp,/content/rl_quantum_2026summer/data/original data/Trajectories/2022-04-11/330_RR220411A_762C_1910.bmp,/content/rl_quantum_2026summer/data/original data/Trajectories/2022-02-04/124_RR220204A_444C_1748.bmp,0,1.0
Trajectories/2022-04-11/258_RR220411A_932C_1751.bmp,258_RR220411A_932C_1751.bmp,Trajectories/2022-04-11/246_RR220411A_915C_1741.bmp,246_RR220411A_915C_1741.bmp,(√13 x √13),tie,AJ,,2025-12-06 01:22:11,,,,(√13 x √13),Trajectories/2022-04-11/246_RR220411A_915C_1741.bmp || Trajectories/2022-04-11/258_RR220411A_932C_1751.bmp,/content/rl_quantum_2026summer/data/original data/Trajectories/2022-04-11/258_RR220411A_932C_1751.bmp,/content/rl_quantum_2026summer/data/original data/Trajectories/2022-04-11/246_RR220411A_915C_1741.bmp,3,1.0
Trajectories/2022-04-11/081_RR220411A_453C_1523.bmp,081_RR220411A_453C_1523.bmp,Trajectories/2022-02-04/314_RR220204A_937C_2030.bmp,314_RR220204A_937C_2030.bmp,(1 x 1),2,HL,,2026-01-02T22:20:07.278909,320.0,400.0,Confident,(1 x 1),Trajectories/2022-02-04/314_RR220204A_937C_2030.bmp || Trajectories/2022-04-11/081_RR220411A_453C_1523.bmp,/content/rl_quantum_2026summer/data/original data/Trajectories/2022-04-11/081_RR220411A_453C_1523.bmp,/content/rl_quantum_2026summer/data/original data/Trajectories/2022-02-04/314_RR220204A_937C_2030.bmp,0,1.0
Trajectories/2022-04-11/081_RR220411A_453C_1523.bmp,081_RR220411A_453C_1523.bmp,Trajectories/2022-02-04/314_RR220204A_937C_2030.bmp,314_RR220204A_937C_2030.bmp,Twinned(2 x 1),2,HL,,2026-01-02T22:20:08.533379,320.0,400.0,Confident,Twinned(2 x 1),Trajectories/2022-02-04/314_RR220204A_937C_2030.bmp || Trajectories/2022-04-11/081_RR220411A_453C_1523.bmp,/content/rl_quantum_2026summer/data/original data/Trajectories/2022-04-11/081_RR220411A_453C_1523.bmp,/content/rl_quantum_2026summer/data/original data/Trajectories/2022-02-04/314_RR220204A_937C_2030.bmp,1,1.0
Trajectories/2022-04-11/081_RR220411A_453C_1523.bmp,081_RR220411A_453C_1523.bmp,Trajectories/2022-02-04/314_RR220204A_937C_2030.bmp,314_RR220204A_937C_2030.bmp,(√13 x √13),2,HL,,2026-01-02T22:20:09.737265,320.0,400.0,Confident,(√13 x √13),Trajectories/2022-02-04/314_RR220204A_937C_2030.bmp || Trajectories/2022-04-11/081_RR220411A_453C_1523.bmp,/content/rl_quantum_2026summer/data/original data/Trajectories/2022-04-11/081_RR220411A_453C_1523.bmp,/content/rl_quantum_2026summer/data/original data/Trajectories/2022-02-04/314_RR220204A_937C_2030.bmp,3,1.0
Trajectories/2022-04-11/081_RR220411A_453C_1523.bmp,081_RR220411A_453C_1523.bmp,Trajectories/2022-02-04/314_RR220204A_937C_2030.bmp,314_RR220204A_937C_2030.bmp,HTR,not_apply,HL,,2026-01-02T22:20:10.841465,320.0,400.0,Confident,HTR,Trajectories/2022-02-04/314_RR220204A_937C_2030.bmp || Trajectories/2022-04-11/081_RR220411A_453C_1523.bmp,/content/rl_quantum_2026summer/data/original data/Trajectories/2022-04-11/081_RR220411A_453C_1523.bmp,/content/rl_quantum_2026summer/data/original data/Trajectories/2022-02-04/314_RR220204A_937C_2030.bmp,4,1.0
Trajectories/2022-04-11/081_RR220411A_453C_1523.bmp,081_RR220411A_453C_1523.bmp,Trajectories/2022-02-04/314_RR220204A_937C_2030.bmp,314_RR220204A_937C_2030.bmp,c(6 x 2),not_apply,HL,,2026-01-02T22:20:11.937876,320.0,400.0,Confident,c(6 x 2),Trajectories/2022-02-04/314_RR220204A_937C_2030.bmp || Trajectories/2022-04-11/081_RR220411A_453C_1523.bmp,/content/rl_quantum_2026summer/data/original data/Trajectories/2022-04-11/081_RR220411A_453C_1523.bmp,/content/rl_quantum_2026summer/data/original data/Trajectories/2022-02-04/314_RR220204A_937C_2030.bmp,2,1.0
Trajectories/2022-02-04/133_RR220204A_467C_1754-01.bmp,133_RR220204A_467C_1754-01.bmp,Trajectories/2022-02-04/020_RR220204A_981C_0126-02.bmp,020_RR220204A_981C_0126-02.bmp,(1 x 1),2,AJ,,2025-12-11T15:22:36.381750,,,,(1 x 1),Trajectories/2022-02-04/020_RR220204A_981C_0126-02.bmp || Trajectories/2022-02-04/133_RR220204A_467C_1754-01.bmp,/content/rl_quantum_2026summer/data/original data/Trajectories/2022-02-04/133_RR220204A_467C_1754-01.bmp,/content/rl_quantum_2026summer/data/original data/Trajectories/2022-02-04/020_RR220204A_981C_0126-02.bmp,0,1.0
Trajectories/2022-02-04/133_RR220204A_467C_1754-01.bmp,133_RR220204A_467C_1754-01.bmp,Trajectories/2022-02-04/020_RR220204A_981C_0126-02.bmp,020_RR220204A_981C_0126-02.bmp,c(6 x 2),1,AJ,,2025-12-11T15:22:37.139293,,,,c(6 x 2),Trajectories/2022-02-04/020_RR220204A_981C_0126-02.bmp || Trajectories/2022-02-04/133_RR220204A_467C_1754-01.bmp,/content/rl_quantum_2026summer/data/original data/Trajectories/2022-02-04/133_RR220204A_467C_1754-01.bmp,/content/rl_quantum_2026summer/data/original data/Trajectories/2022-02-04/020_RR220204A_981C_0126-02.bmp,2,1.0
Trajectories/2022-02-06/077_RR220206A_461C_1813.bmp,077_RR220206A_461C_1813.bmp,Trajectories/2022-02-04/013_RR220204A_949C_0119.bmp,013_RR220204A_949C_0119.bmp,(√13 x √13),2,HL,,2025-12-15T20:55:48.977621,,,,(√13 x √13),Trajectories/2022-02-04/013_RR220204A_949C_0119.bmp || Trajectories/2022-02-06/077_RR220206A_461C_1813.bmp,/content/rl_quantum_2026summer/data/original data/Trajectories/2022-02-06/077_RR220206A_461C_1813.bmp,/content/rl_quantum_2026summer/data/original data/Trajectories/2022-02-04/013_RR220204A_949C_0119.bmp,3,1.0
Trajectories/2022-02-06/077_RR220206A_461C_1813.bmp,077_RR220206A_461C_1813.bmp,Trajectories/2022-02-04/013_RR220204A_949C_0119.bmp,013_RR220204A_949C_0119.bmp,(1 x 1),1,HL,,2025-12-15T20:55:49.946509,,,,(1 x 1),Trajectories/2022-02-04/013_RR220204A_949C_0119.bmp || Trajectories/2022-02-06/077_RR220206A_461C_1813.bmp,/content/rl_quantum_2026summer/data/original data/Trajectories/2022-02-06/077_RR220206A_461C_1813.bmp,/content/rl_quantum_2026summer/data/original data/Trajectories/2022-02-04/013_RR220204A_949C_0119.bmp,0,1.0
Trajectories/2022-02-06/077_RR220206A_461C_1813.bmp,077_RR220206A_461C_1813.bmp,Trajectories/2022-02-04/013_RR220204A_949C_0119.bmp,013_RR220204A_949C_0119.bmp,HTR,not_apply,HL,,2025-12-15T20:55:50.957856,,,,HTR,Trajectories/2022-02-04/013_RR220204A_949C_0119.bmp || Trajectories/2022-02-06/077_RR220206A_461C_1813.bmp,/content/rl_quantum_2026summer/data/original data/Trajectories/2022-02-06/077_RR220206A_461C_1813.bmp,/content/rl_quantum_2026summer/data/original data/Trajectories/2022-02-04/013_RR220204A_949C_0119.bmp,4,1.0
Trajectories/2022-02-06/077_RR220206A_461C_1813.bmp,077_RR220206A_461C_1813.bmp,Trajectories/2022-02-04/013_RR220204A_949C_0119.bmp,013_RR220204A_949C_0119.bmp,Twinned(2 x 1),2,HL,,2025-12-15T20:55:51.830799,,,,Twinned(2 x 1),Trajectories/2022-02-04/013_RR220204A_949C_0119.bmp || Trajectories/2022-02-06/077_RR220206A_461C_1813.bmp,/content/rl_quantum_2026summer/data/original data/Trajectories/2022-02-06/077_RR220206A_461C_1813.bmp,/content/rl_quantum_2026summer/data/original data/Trajectories/2022-02-04/013_RR220204A_949C_0119.bmp,1,1.0
Trajectories/2022-02-06/077_RR220206A_461C_1813.bmp,077_RR220206A_461C_1813.bmp,Trajectories/2022-02-04/013_RR220204A_949C_0119.bmp,013_RR220204A_949C_0119.bmp,c(6 x 2),not_apply,HL,,2025-12-15T20:55:52.755378,,,,c(6 x 2),Trajectories/2022-02-04/013_RR220204A_949C_0119.bmp || Trajectories/2022-02-06/077_RR220206A_461C_1813.bmp,/content/rl_quantum_2026summer/data/original data/Trajectories/2022-02-06/077_RR220206A_461C_1813.bmp,/content/rl_quantum_2026summer/data/original data/Trajectories/2022-02-04/013_RR220204A_949C_0119.bmp,2,1.0
Trajectories/2022-04-11/386_RR220411A_580C_1943.bmp,386_RR220411A_580C_1943.bmp,Trajectories/2022-04-11/278_RR220411A_932C_1829.bmp,278_RR220411A_932C_1829.bmp,Twinned(2 x 1),not_apply,AJ,,2025-12-26T10:54:57.090303,212.0,243.0,Confident,Twinned(2 x 1),Trajectories/2022-04-11/278_RR220411A_932C_1829.bmp || Trajectories/2022-04-11/386_RR220411A_580C_1943.bmp,/content/rl_quantum_2026summer/data/original data/Trajectories/2022-04-11/386_RR220411A_580C_1943.bmp,/content/rl_quantum_2026summer/data/original data/Trajectories/2022-04-11/278_RR220411A_932C_1829.bmp,1,1.0
Trajectories/2022-04-11/386_RR220411A_580C_1943.bmp,386_RR220411A_580C_1943.bmp,Trajectories/2022-04-11/278_RR220411A_932C_1829.bmp,278_RR220411A_932C_1829.bmp,(√13 x √13),tie,AJ,,2025-12-26T10:54:57.940859,212.0,243.0,Confident,(√13 x √13),Trajectories/2022-04-11/278_RR220411A_932C_1829.bmp || Trajectories/2022-04-11/386_RR220411A_580C_1943.bmp,/content/rl_quantum_2026summer/data/original data/Trajectories/2022-04-11/386_RR220411A_580C_1943.bmp,/content/rl_quantum_2026summer/data/original data/Trajectories/2022-04-11/278_RR220411A_932C_1829.bmp,3,1.0
Trajectories/2022-04-11/386_RR220411A_580C_1943.bmp,386_RR220411A_580C_1943.bmp,Trajectories/2022-04-11/278_RR220411A_932C_1829.bmp,278_RR220411A_932C_1829.bmp,HTR,not_apply,AJ,,2025-12-26T10:54:58.885493,212.0,243.0,Confident,HTR,Trajectories/2022-04-11/278_RR220411A_932C_1829.bmp || Trajectories/2022-04-11/386_RR220411A_580C_1943.bmp,/content/rl_quantum_2026summer/data/original data/Trajectories/2022-04-11/386_RR220411A_580C_1943.bmp,/content/rl_quantum_2026summer/data/original data/Trajectories/2022-04-11/278_RR220411A_932C_1829.bmp,4,1.0
Trajectories/2022-04-11/386_RR220411A_580C_1943.bmp,386_RR220411A_580C_1943.bmp,Trajectories/2022-04-11/278_RR220411A_932C_1829.bmp,278_RR220411A_932C_1829.bmp,c(6 x 2),tie,AJ,,2025-12-26T10:54:59.856663,212.0,243.0,Confident,c(6 x 2),Trajectories/2022-04-11/278_RR220411A_932C_1829.bmp || Trajectories/2022-04-11/386_RR220411A_580C_1943.bmp,/content/rl_quantum_2026summer/data/original data/Trajectories/2022-04-11/386_RR220411A_580C_1943.bmp,/content/rl_quantum_2026summer/data/original data/Trajectories/2022-04-11/278_RR220411A_932C_1829.bmp,2,1.0
Trajectories/2022-04-11/386_RR220411A_580C_1943.bmp,386_RR220411A_580C_1943.bmp,Trajectories/2022-04-11/278_RR220411A_932C_1829.bmp,278_RR220411A_932C_1829.bmp,(1 x 1),not_apply,AJ,,2025-12-26T10:55:00.739197,212.0,243.0,Confident,(1 x 1),Trajectories/2022-04-11/278_RR220411A_932C_1829.bmp || Trajectories/2022-04-11/386_RR220411A_580C_1943.bmp,/content/rl_quantum_2026summer/data/original data/Trajectories/2022-04-11/386_RR220411A_580C_1943.bmp,/content/rl_quantum_2026summer/data/original data/Trajectories/2022-04-11/278_RR220411A_932C_1829.bmp,0,1.0
Trajectories/2022-02-04/320_RR220204A_915C_2039.bmp,320_RR220204A_915C_2039.bmp,Trajectories/2022-02-06/282_RR220206A_184C_2256.bmp,282_RR220206A_184C_2256.bmp,(√13 x √13),1,AJ,,2025-12-12T00:09:41.214684,,,,(√13 x √13),Trajectories/2022-02-04/320_RR220204A_915C_2039.bmp || Trajectories/2022-02-06/282_RR220206A_184C_2256.bmp,/content/rl_quantum_2026summer/data/original data/Trajectories/2022-02-04/320_RR220204A_915C_2039.bmp,/content/rl_quantum_2026summer/data/original data/Trajectories/2022-02-06/282_RR220206A_184C_2256.bmp,3,1.0
Trajectories/2022-02-04/320_RR220204A_915C_2039.bmp,320_RR220204A_915C_2039.bmp,Trajectories/2022-02-06/282_RR220206A_184C_2256.bmp,282_RR220206A_184C_2256.bmp,HTR,2,AJ,,2025-12-12T00:09:41.963238,,,,HTR,Trajectories/2022-02-04/320_RR220204A_915C_2039.bmp || Trajectories/2022-02-06/282_RR220206A_184C_2256.bmp,/content/rl_quantum_2026summer/data/original data/Trajectories/2022-02-04/320_RR220204A_915C_2039.bmp,/content/rl_quantum_2026summer/data/original data/Trajectories/2022-02-06/282_RR220206A_184C_2256.bmp,4,1.0
Trajectories/2022-02-04/261_RR220204A_790C_1930.bmp,261_RR220204A_790C_1930.bmp,Trajectories/2022-02-04/024_RR220204A_927C_0130.bmp,024_RR220204A_927C_0130.bmp,HTR,not_apply,SY,,2025-12-14 08:53:40,,,,HTR,Trajectories/2022-02-04/024_RR220204A_927C_0130.bmp || Trajectories/2022-02-04/261_RR220204A_790C_1930.bmp,/content/rl_quantum_2026summer/data/original data/Trajectories/2022-02-04/261_RR220204A_790C_1930.bmp,/content/rl_quantum_2026summer/data/original data/Trajectories/2022-02-04/024_RR220204A_927C_0130.bmp,4,1.0
Trajectories/2022-02-04/261_RR220204A_790C_1930.bmp,261_RR220204A_790C_1930.bmp,Trajectories/2022-02-04/024_RR220204A_927C_0130.bmp,024_RR220204A_927C_0130.bmp,Twinned(2 x 1),tie,SY,,2025-12-14 08:53:40,,,,Twinned(2 x 1),Trajectories/2022-02-04/024_RR220204A_927C_0130.bmp || Trajectories/2022-02-04/261_RR220204A_790C_1930.bmp,/content/rl_quantum_2026summer/data/original data/Trajectories/2022-02-04/261_RR220204A_790C_1930.bmp,/content/rl_quantum_2026summer/data/original data/Trajectories/2022-02-04/024_RR220204A_927C_0130.bmp,1,1.0
Trajectories/2022-02-04/261_RR220204A_790C_1930.bmp,261_RR220204A_790C_1930.bmp,Trajectories/2022-02-04/024_RR220204A_927C_0130.bmp,024_RR220204A_927C_0130.bmp,c(6 x 2),not_apply,SY,,2025-12-14 08:53:40,,,,c(6 x 2),Trajectories/2022-02-04/024_RR220204A_927C_0130.bmp || Trajectories/2022-02-04/261_RR220204A_790C_1930.bmp,/content/rl_quantum_2026summer/data/original data/Trajectories/2022-02-04/261_RR220204A_790C_1930.bmp,/content/rl_quantum_2026summer/data/original data/Trajectories/2022-02-04/024_RR220204A_927C_0130.bmp,2,1.0
Trajectories/2022-02-04/261_RR220204A_790C_1930.bmp,261_RR220204A_790C_1930.bmp,Trajectories/2022-02-04/024_RR220204A_927C_0130.bmp,024_RR220204A_927C_0130.bmp,(1 x 1),2,SY,,2025-12-14 08:53:40,,,,(1 x 1),Trajectories/2022-02-04/024_RR220204A_927C_0130.bmp || Trajectories/2022-02-04/261_RR220204A_790C_1930.bmp,/content/rl_quantum_2026summer/data/original data/Trajectories/2022-02-04/261_RR220204A_790C_1930.bmp,/content/rl_quantum_2026summer/data/original data/Trajectories/2022-02-04/024_RR220204A_927C_0130.bmp,0,1.0
Trajectories/2022-02-06/215_RR220206A_835C_2123.bmp,215_RR220206A_835C_2123.bmp,Trajectories/2022-04-11/140_RR220411A_647C_1612.bmp,140_RR220411A_647C_1612.bmp,HTR,1,AJ,,2025-12-12T00:16:35.915204,,,,HTR,Trajectories/2022-02-06/215_RR220206A_835C_2123.bmp || Trajectories/2022-04-11/140_RR220411A_647C_1612.bmp,/content/rl_quantum_2026summer/data/original data/Trajectories/2022-02-06/215_RR220206A_835C_2123.bmp,/content/rl_quantum_2026summer/data/original data/Trajectories/2022-04-11/140_RR220411A_647C_1612.bmp,4,1.0
Trajectories/2022-02-06/215_RR220206A_835C_2123.bmp,215_RR220206A_835C_2123.bmp,Trajectories/2022-04-11/140_RR220411A_647C_1612.bmp,140_RR220411A_647C_1612.bmp,(1 x 1),2,AJ,,2025-12-12T00:16:36.690209,,,,(1 x 1),Trajectories/2022-02-06/215_RR220206A_835C_2123.bmp || Trajectories/2022-04-11/140_RR220411A_647C_1612.bmp,/content/rl_quantum_2026summer/data/original data/Trajectories/2022-02-06/215_RR220206A_835C_2123.bmp,/content/rl_quantum_2026summer/data/original data/Trajectories/2022-04-11/140_RR220411A_647C_1612.bmp,0,1.0
Trajectories/2022-02-06/098_RR220206A_656C_1838.bmp,098_RR220206A_656C_1838.bmp,Trajectories/2022-02-04/192_RR220204A_607C_1831.bmp,192_RR220204A_607C_1831.bmp,(1 x 1),1,AJ,,2025-12-06 01:23:17,,,,(1 x 1),Trajectories/2022-02-04/192_RR220204A_607C_1831.bmp || Trajectories/2022-02-06/098_RR220206A_656C_1838.bmp,/content/rl_quantum_2026summer/data/original data/Trajectories/2022-02-06/098_RR220206A_656C_1838.bmp,/content/rl_quantum_2026summer/data/original data/Trajectories/2022-02-04/192_RR220204A_607C_1831.bmp,0,1.0
Trajectories/2022-02-06/098_RR220206A_656C_1838.bmp,098_RR220206A_656C_1838.bmp,Trajectories/2022-02-04/192_RR220204A_607C_1831.bmp,192_RR220204A_607C_1831.bmp,(√13 x √13),2,AJ,,2025-12-06 01:23:17,,,,(√13 x √13),Trajectories/2022-02-04/192_RR220204A_607C_1831.bmp || Trajectories/2022-02-06/098_RR220206A_656C_1838.bmp,/content/rl_quantum_2026summer/data/original data/Trajectories/2022-02-06/098_RR220206A_656C_1838.bmp,/content/rl_quantum_2026summer/data/original data/Trajectories/2022-02-04/192_RR220204A_607C_1831.bmp,3,1.0
Trajectories/2022-02-06/250_RR220206A_621C_2212.bmp,250_RR220206A_621C_2212.bmp,Trajectories/2022-02-04/317_RR220204A_935C_2033.bmp,317_RR220204A_935C_2033.bmp,HTR,1,HL,,2026-01-05T23:29:55.873505,276.0,400.0,Confident,HTR,Trajectories/2022-02-04/317_RR220204A_935C_2033.bmp || Trajectories/2022-02-06/250_RR220206A_621C_2212.bmp,/content/rl_quantum_2026summer/data/original data/Trajectories/2022-02-06/250_RR220206A_621C_2212.bmp,/content/rl_quantum_2026summer/data/original data/Trajectories/2022-02-04/317_RR220204A_935C_2033.bmp,4,1.0
Trajectories/2022-02-06/250_RR220206A_621C_2212.bmp,250_RR220206A_621C_2212.bmp,Trajectories/2022-02-04/317_RR220204A_935C_2033.bmp,317_RR220204A_935C_2033.bmp,(1 x 1),1,HL,,2026-01-05T23:29:57.123074,276.0,400.0,Confident,(1 x 1),Trajectories/2022-02-04/317_RR220204A_935C_2033.bmp || Trajectories/2022-02-06/250_RR220206A_621C_2212.bmp,/content/rl_quantum_2026summer/data/original data/Trajectories/2022-02-06/250_RR220206A_621C_2212.bmp,/content/rl_quantum_2026summer/data/original data/Trajectories/2022-02-04/317_RR220204A_935C_2033.bmp,0,1.0
Trajectories/2022-02-06/250_RR220206A_621C_2212.bmp,250_RR220206A_621C_2212.bmp,Trajectories/2022-02-04/317_RR220204A_935C_2033.bmp,317_RR220204A_935C_2033.bmp,(√13 x √13),2,HL,,2026-01-05T23:29:58.104495,276.0,400.0,Confident,(√13 x √13),Trajectories/2022-02-04/317_RR220204A_935C_2033.bmp || Trajectories/2022-02-06/250_RR220206A_621C_2212.bmp,/content/rl_quantum_2026summer/data/original data/Trajectories/2022-02-06/250_RR220206A_621C_2212.bmp,/content/rl_quantum_2026summer/data/original data/Trajectories/2022-02-04/317_RR220204A_935C_2033.bmp,3,1.0
Trajectories/2022-02-06/250_RR220206A_621C_2212.bmp,250_RR220206A_621C_2212.bmp,Trajectories/2022-02-04/317_RR220204A_935C_2033.bmp,317_RR220204A_935C_2033.bmp,Twinned(2 x 1),2,HL,,2026-01-05T23:29:59.115569,276.0,400.0,Confident,Twinned(2 x 1),Trajectories/2022-02-04/317_RR220204A_935C_2033.bmp || Trajectories/2022-02-06/250_RR220206A_621C_2212.bmp,/content/rl_quantum_2026summer/data/original data/Trajectories/2022-02-06/250_RR220206A_621C_2212.bmp,/content/rl_quantum_2026summer/data/original data/Trajectories/2022-02-04/317_RR220204A_935C_2033.bmp,1,1.0
Trajectories/2022-02-06/250_RR220206A_621C_2212.bmp,250_RR220206A_621C_2212.bmp,Trajectories/2022-02-04/317_RR220204A_935C_2033.bmp,317_RR220204A_935C_2033.bmp,c(6 x 2),not_apply,HL,,2026-01-05T23:30:00.072934,276.0,400.0,Confident,c(6 x 2),Trajectories/2022-02-04/317_RR220204A_935C_2033.bmp || Trajectories/2022-02-06/250_RR220206A_621C_2212.bmp,/content/rl_quantum_2026summer/data/original data/Trajectories/2022-02-06/250_RR220206A_621C_2212.bmp,/content/rl_quantum_2026summer/data/original data/Trajectories/2022-02-04/317_RR220204A_935C_2033.bmp,2,1.0
Trajectories/2022-02-06/216_RR220206A_837C_2124.bmp,216_RR220206A_837C_2124.bmp,Trajectories/2022-04-11/419_RR220411A_415C_1957.bmp,419_RR220411A_415C_1957.bmp,c(6 x 2),2,HL,,2026-01-05T23:06:40.128559,232.0,258.0,Confident,c(6 x 2),Trajectories/2022-02-06/216_RR220206A_837C_2124.bmp || Trajectories/2022-04-11/419_RR220411A_415C_1957.bmp,/content/rl_quantum_2026summer/data/original data/Trajectories/2022-02-06/216_RR220206A_837C_2124.bmp,/content/rl_quantum_2026summer/data/original data/Trajectories/2022-04-11/419_RR220411A_415C_1957.bmp,2,1.0
Trajectories/2022-02-06/216_RR220206A_837C_2124.bmp,216_RR220206A_837C_2124.bmp,Trajectories/2022-04-11/419_RR220411A_415C_1957.bmp,419_RR220411A_415C_1957.bmp,(1 x 1),2,HL,,2026-01-05T23:06:41.324664,232.0,258.0,Confident,(1 x 1),Trajectories/2022-02-06/216_RR220206A_837C_2124.bmp || Trajectories/2022-04-11/419_RR220411A_415C_1957.bmp,/content/rl_quantum_2026summer/data/original data/Trajectories/2022-02-06/216_RR220206A_837C_2124.bmp,/content/rl_quantum_2026summer/data/original data/Trajectories/2022-04-11/419_RR220411A_415C_1957.bmp,0,1.0
Trajectories/2022-02-06/216_RR220206A_837C_2124.bmp,216_RR220206A_837C_2124.bmp,Trajectories/2022-04-11/419_RR220411A_415C_1957.bmp,419_RR220411A_415C_1957.bmp,(√13 x √13),2,HL,,2026-01-05T23:06:42.489912,232.0,258.0,Confident,(√13 x √13),Trajectories/2022-02-06/216_RR220206A_837C_2124.bmp || Trajectories/2022-04-11/419_RR220411A_415C_1957.bmp,/content/rl_quantum_2026summer/data/original data/Trajectories/2022-02-06/216_RR220206A_837C_2124.bmp,/content/rl_quantum_2026summer/data/original data/Trajectories/2022-04-11/419_RR220411A_415C_1957.bmp,3,1.0
Trajectories/2022-02-06/216_RR220206A_837C_2124.bmp,216_RR220206A_837C_2124.bmp,Trajectories/2022-04-11/419_RR220411A_415C_1957.bmp,419_RR220411A_415C_1957.bmp,HTR,1,HL,,2026-01-05T23:06:43.545947,232.0,258.0,Confident,HTR,Trajectories/2022-02-06/216_RR220206A_837C_2124.bmp || Trajectories/2022-04-11/419_RR220411A_415C_1957.bmp,/content/rl_quantum_2026summer/data/original data/Trajectories/2022-02-06/216_RR220206A_837C_2124.bmp,/content/rl_quantum_2026summer/data/original data/Trajectories/2022-04-11/419_RR220411A_415C_1957.bmp,4,1.0
Trajectories/2022-02-06/216_RR220206A_837C_2124.bmp,216_RR220206A_837C_2124.bmp,Trajectories/2022-04-11/419_RR220411A_415C_1957.bmp,419_RR220411A_415C_1957.bmp,Twinned(2 x 1),not_apply,HL,,2026-01-05T23:06:44.506155,232.0,258.0,Confident,Twinned(2 x 1),Trajectories/2022-02-06/216_RR220206A_837C_2124.bmp || Trajectories/2022-04-11/419_RR220411A_415C_1957.bmp,/content/rl_quantum_2026summer/data/original data/Trajectories/2022-02-06/216_RR220206A_837C_2124.bmp,/content/rl_quantum_2026summer/data/original data/Trajectories/2022-04-11/419_RR220411A_415C_1957.bmp,1,1.0
Trajectories/2022-02-06/058_RR220206A_249C_1745.bmp,058_RR220206A_249C_1745.bmp,Trajectories/2022-04-11/178_RR220411A_774C_1649.bmp,178_RR220411A_774C_1649.bmp,(1 x 1),2,AJ,,2025-12-06 01:18:28,,,,(1 x 1),Trajectories/2022-02-06/058_RR220206A_249C_1745.bmp || Trajectories/2022-04-11/178_RR220411A_774C_1649.bmp,/content/rl_quantum_2026summer/data/original data/Trajectories/2022-02-06/058_RR220206A_249C_1745.bmp,/content/rl_quantum_2026summer/data/original data/Trajectories/2022-04-11/178_RR220411A_774C_1649.bmp,0,1.0
Trajectories/2022-02-04/287_RR220204A_851C_2008.bmp,287_RR220204A_851C_2008.bmp,Trajectories/2022-04-11/409_RR220411A_474C_1953.bmp,409_RR220411A_474C_1953.bmp,(√13 x √13),2,AJ,,2025-12-06 01:20:27,,,,(√13 x √13),Trajectories/2022-02-04/287_RR220204A_851C_2008.bmp || Trajectories/2022-04-11/409_RR220411A_474C_1953.bmp,/content/rl_quantum_2026summer/data/original data/Trajectories/2022-02-04/287_RR220204A_851C_2008.bmp,/content/rl_quantum_2026summer/data/original data/Trajectories/2022-04-11/409_RR220411A_474C_1953.bmp,3,1.0
Trajectories/2022-02-04/287_RR220204A_851C_2008.bmp,287_RR220204A_851C_2008.bmp,Trajectories/2022-04-11/409_RR220411A_474C_1953.bmp,409_RR220411A_474C_1953.bmp,c(6 x 2),1,AJ,,2025-12-06 01:20:27,,,,c(6 x 2),Trajectories/2022-02-04/287_RR220204A_851C_2008.bmp || Trajectories/2022-04-11/409_RR220411A_474C_1953.bmp,/content/rl_quantum_2026summer/data/original data/Trajectories/2022-02-04/287_RR220204A_851C_2008.bmp,/content/rl_quantum_2026summer/data/original data/Trajectories/2022-04-11/409_RR220411A_474C_1953.bmp,2,1.0
Trajectories/2022-04-11/183_RR220411A_794C_1655.bmp,183_RR220411A_794C_1655.bmp,Trajectories/2022-02-04/048_RR220204A_245C_0201.bmp,048_RR220204A_245C_0201.bmp,(√13 x √13),2,SY,,2025-12-10T16:56:27.896724,,,,(√13 x √13),Trajectories/2022-02-04/048_RR220204A_245C_0201.bmp || Trajectories/2022-04-11/183_RR220411A_794C_1655.bmp,/content/rl_quantum_2026summer/data/original data/Trajectories/2022-04-11/183_RR220411A_794C_1655.bmp,/content/rl_quantum_2026summer/data/original data/Trajectories/2022-02-04/048_RR220204A_245C_0201.bmp,3,1.0
Trajectories/2022-04-11/183_RR220411A_794C_1655.bmp,183_RR220411A_794C_1655.bmp,Trajectories/2022-02-04/048_RR220204A_245C_0201.bmp,048_RR220204A_245C_0201.bmp,c(6 x 2),not_apply,SY,,2025-12-10T16:56:28.616269,,,,c(6 x 2),Trajectories/2022-02-04/048_RR220204A_245C_0201.bmp || Trajectories/2022-04-11/183_RR220411A_794C_1655.bmp,/content/rl_quantum_2026summer/data/original data/Trajectories/2022-04-11/183_RR220411A_794C_1655.bmp,/content/rl_quantum_2026summer/data/original data/Trajectories/2022-02-04/048_RR220204A_245C_0201.bmp,2,1.0
Trajectories/2022-04-11/183_RR220411A_794C_1655.bmp,183_RR220411A_794C_1655.bmp,Trajectories/2022-02-04/048_RR220204A_245C_0201.bmp,048_RR220204A_245C_0201.bmp,(1 x 1),2,SY,,2025-12-10T16:56:29.359621,,,,(1 x 1),Trajectories/2022-02-04/048_RR220204A_245C_0201.bmp || Trajectories/2022-04-11/183_RR220411A_794C_1655.bmp,/content/rl_quantum_2026summer/data/original data/Trajectories/2022-04-11/183_RR220411A_794C_1655.bmp,/content/rl_quantum_2026summer/data/original data/Trajectories/2022-02-04/048_RR220204A_245C_0201.bmp,0,1.0
Trajectories/2022-04-11/183_RR220411A_794C_1655.bmp,183_RR220411A_794C_1655.bmp,Trajectories/2022-02-04/048_RR220204A_245C_0201.bmp,048_RR220204A_245C_0201.bmp,HTR,not_apply,SY,,2025-12-10T16:56:30.137612,,,,HTR,Trajectories/2022-02-04/048_RR220204A_245C_0201.bmp || Trajectories/2022-04-11/183_RR220411A_794C_1655.bmp,/content/rl_quantum_2026summer/data/original data/Trajectories/2022-04-11/183_RR220411A_794C_1655.bmp,/content/rl_quantum_2026summer/data/original data/Trajectories/2022-02-04/048_RR220204A_245C_0201.bmp,4,1.0
Trajectories/2022-04-11/183_RR220411A_794C_1655.bmp,183_RR220411A_794C_1655.bmp,Trajectories/2022-02-04/048_RR220204A_245C_0201.bmp,048_RR220204A_245C_0201.bmp,Twinned(2 x 1),2,SY,,2025-12-10T16:56:31.277603,,,,Twinned(2 x 1),Trajectories/2022-02-04/048_RR220204A_245C_0201.bmp || Trajectories/2022-04-11/183_RR220411A_794C_1655.bmp,/content/rl_quantum_2026summer/data/original data/Trajectories/2022-04-11/183_RR220411A_794C_1655.bmp,/content/rl_quantum_2026summer/data/original data/Trajectories/2022-02-04/048_RR220204A_245C_0201.bmp,1,1.0
Trajectories/2022-02-04/034_RR220204A_655C_0142.bmp,034_RR220204A_655C_0142.bmp,Trajectories/2022-02-06/272_RR220206A_424C_2242.bmp,272_RR220206A_424C_2242.bmp,HTR,2,AJ,,2025-12-06 01:24:31,,,,HTR,Trajectories/2022-02-04/034_RR220204A_655C_0142.bmp || Trajectories/2022-02-06/272_RR220206A_424C_2242.bmp,/content/rl_quantum_2026summer/data/original data/Trajectories/2022-02-04/034_RR220204A_655C_0142.bmp,/content/rl_quantum_2026summer/data/original data/Trajectories/2022-02-06/272_RR220206A_424C_2242.bmp,4,1.0
Trajectories/2022-02-04/034_RR220204A_655C_0142.bmp,034_RR220204A_655C_0142.bmp,Trajectories/2022-02-06/272_RR220206A_424C_2242.bmp,272_RR220206A_424C_2242.bmp,c(6 x 2),1,AJ,,2025-12-06 01:24:31,,,,c(6 x 2),Trajectories/2022-02-04/034_RR220204A_655C_0142.bmp || Trajectories/2022-02-06/272_RR220206A_424C_2242.bmp,/content/rl_quantum_2026summer/data/original data/Trajectories/2022-02-04/034_RR220204A_655C_0142.bmp,/content/rl_quantum_2026summer/data/original data/Trajectories/2022-02-06/272_RR220206A_424C_2242.bmp,2,1.0
Trajectories/2022-02-04/161_RR220204A_504C_1810.bmp,161_RR220204A_504C_1810.bmp,Trajectories/2022-02-04/160_RR220204A_501C_1809-02.bmp,160_RR220204A_501C_1809-02.bmp,(√13 x √13),tie,AJ,,2025-12-12T00:07:09.648751,,,,(√13 x √13),Trajectories/2022-02-04/160_RR220204A_501C_1809-02.bmp || Trajectories/2022-02-04/161_RR220204A_504C_1810.bmp,/content/rl_quantum_2026summer/data/original data/Trajectories/2022-02-04/161_RR220204A_504C_1810.bmp,/content/rl_quantum_2026summer/data/original data/Trajectories/2022-02-04/160_RR220204A_501C_1809-02.bmp,3,1.0
Trajectories/2022-02-06/057_RR220206A_249C_1744.bmp,057_RR220206A_249C_1744.bmp,Trajectories/2022-02-06/154_RR220206A_1092C_2003-02.bmp,154_RR220206A_1092C_2003-02.bmp,(1 x 1),1,AJ,,2025-12-06 01:17:47,,,,(1 x 1),Trajectories/2022-02-06/057_RR220206A_249C_1744.bmp || Trajectories/2022-02-06/154_RR220206A_1092C_2003-02.bmp,/content/rl_quantum_2026summer/data/original data/Trajectories/2022-02-06/057_RR220206A_249C_1744.bmp,/content/rl_quantum_2026summer/data/original data/Trajectories/2022-02-06/154_RR220206A_1092C_2003-02.bmp,0,1.0
Trajectories/2022-02-06/057_RR220206A_249C_1744.bmp,057_RR220206A_249C_1744.bmp,Trajectories/2022-02-06/154_RR220206A_1092C_2003-02.bmp,154_RR220206A_1092C_2003-02.bmp,HTR,2,AJ,,2025-12-06 01:17:47,,,,HTR,Trajectories/2022-02-06/057_RR220206A_249C_1744.bmp || Trajectories/2022-02-06/154_RR220206A_1092C_2003-02.bmp,/content/rl_quantum_2026summer/data/original data/Trajectories/2022-02-06/057_RR220206A_249C_1744.bmp,/content/rl_quantum_2026summer/data/original data/Trajectories/2022-02-06/154_RR220206A_1092C_2003-02.bmp,4,1.0
Trajectories/2022-02-04/213_RR220204A_668C_1847.bmp,213_RR220204A_668C_1847.bmp,Trajectories/2022-02-04/209_RR220204A_637C_1845.bmp,209_RR220204A_637C_1845.bmp,(√13 x √13),tie,HL,,2026-01-05T23:22:59.774545,274.0,280.0,Confident,(√13 x √13),Trajectories/2022-02-04/209_RR220204A_637C_1845.bmp || Trajectories/2022-02-04/213_RR220204A_668C_1847.bmp,/content/rl_quantum_2026summer/data/original data/Trajectories/2022-02-04/213_RR220204A_668C_1847.bmp,/content/rl_quantum_2026summer/data/original data/Trajectories/2022-02-04/209_RR220204A_637C_1845.bmp,3,1.0
Trajectories/2022-02-04/213_RR220204A_668C_1847.bmp,213_RR220204A_668C_1847.bmp,Trajectories/2022-02-04/209_RR220204A_637C_1845.bmp,209_RR220204A_637C_1845.bmp,HTR,not_apply,HL,,2026-01-05T23:23:00.787403,274.0,280.0,Confident,HTR,Trajectories/2022-02-04/209_RR220204A_637C_1845.bmp || Trajectories/2022-02-04/213_RR220204A_668C_1847.bmp,/content/rl_quantum_2026summer/data/original data/Trajectories/2022-02-04/213_RR220204A_668C_1847.bmp,/content/rl_quantum_2026summer/data/original data/Trajectories/2022-02-04/209_RR220204A_637C_1845.bmp,4,1.0
Trajectories/2022-02-04/213_RR220204A_668C_1847.bmp,213_RR220204A_668C_1847.bmp,Trajectories/2022-02-04/209_RR220204A_637C_1845.bmp,209_RR220204A_637C_1845.bmp,(1 x 1),tie,HL,,2026-01-05T23:23:01.841026,274.0,280.0,Confident,(1 x 1),Trajectories/2022-02-04/209_RR220204A_637C_1845.bmp || Trajectories/2022-02-04/213_RR220204A_668C_1847.bmp,/content/rl_quantum_2026summer/data/original data/Trajectories/2022-02-04/213_RR220204A_668C_1847.bmp,/content/rl_quantum_2026summer/data/original data/Trajectories/2022-02-04/209_RR220204A_637C_1845.bmp,0,1.0
Trajectories/2022-02-04/213_RR220204A_668C_1847.bmp,213_RR220204A_668C_1847.bmp,Trajectories/2022-02-04/209_RR220204A_637C_1845.bmp,209_RR220204A_637C_1845.bmp,c(6 x 2),not_apply,HL,,2026-01-05T23:23:02.901547,274.0,280.0,Confident,c(6 x 2),Trajectories/2022-02-04/209_RR220204A_637C_1845.bmp || Trajectories/2022-02-04/213_RR220204A_668C_1847.bmp,/content/rl_quantum_2026summer/data/original data/Trajectories/2022-02-04/213_RR220204A_668C_1847.bmp,/content/rl_quantum_2026summer/data/original data/Trajectories/2022-02-04/209_RR220204A_637C_1845.bmp,2,1.0
Trajectories/2022-02-04/213_RR220204A_668C_1847.bmp,213_RR220204A_668C_1847.bmp,Trajectories/2022-02-04/209_RR220204A_637C_1845.bmp,209_RR220204A_637C_1845.bmp,Twinned(2 x 1),tie,HL,,2026-01-05T23:23:04.075496,274.0,280.0,Confident,Twinned(2 x 1),Trajectories/2022-02-04/209_RR220204A_637C_1845.bmp || Trajectories/2022-02-04/213_RR220204A_668C_1847.bmp,/content/rl_quantum_2026summer/data/original data/Trajectories/2022-02-04/213_RR220204A_668C_1847.bmp,/content/rl_quantum_2026summer/data/original data/Trajectories/2022-02-04/209_RR220204A_637C_1845.bmp,1,1.0
Trajectories/2022-02-04/281_RR220204A_806C_2000.bmp,281_RR220204A_806C_2000.bmp,Trajectories/2022-04-11/322_RR220411A_818C_1902.bmp,322_RR220411A_818C_1902.bmp,(1 x 1),1,HL,,2026-01-05T23:22:03.879208,330.0,255.0,Confident,(1 x 1),Trajectories/2022-02-04/281_RR220204A_806C_2000.bmp || Trajectories/2022-04-11/322_RR220411A_818C_1902.bmp,/content/rl_quantum_2026summer/data/original data/Trajectories/2022-02-04/281_RR220204A_806C_2000.bmp,/content/rl_quantum_2026summer/data/original data/Trajectories/2022-04-11/322_RR220411A_818C_1902.bmp,0,1.0
Trajectories/2022-02-04/281_RR220204A_806C_2000.bmp,281_RR220204A_806C_2000.bmp,Trajectories/2022-04-11/322_RR220411A_818C_1902.bmp,322_RR220411A_818C_1902.bmp,Twinned(2 x 1),1,HL,,2026-01-05T23:22:05.075681,330.0,255.0,Confident,Twinned(2 x 1),Trajectories/2022-02-04/281_RR220204A_806C_2000.bmp || Trajectories/2022-04-11/322_RR220411A_818C_1902.bmp,/content/rl_quantum_2026summer/data/original data/Trajectories/2022-02-04/281_RR220204A_806C_2000.bmp,/content/rl_quantum_2026summer/data/original data/Trajectories/2022-04-11/322_RR220411A_818C_1902.bmp,1,1.0
Trajectories/2022-02-04/281_RR220204A_806C_2000.bmp,281_RR220204A_806C_2000.bmp,Trajectories/2022-04-11/322_RR220411A_818C_1902.bmp,322_RR220411A_818C_1902.bmp,HTR,not_apply,HL,,2026-01-05T23:22:06.302925,330.0,255.0,Confident,HTR,Trajectories/2022-02-04/281_RR220204A_806C_2000.bmp || Trajectories/2022-04-11/322_RR220411A_818C_1902.bmp,/content/rl_quantum_2026summer/data/original data/Trajectories/2022-02-04/281_RR220204A_806C_2000.bmp,/content/rl_quantum_2026summer/data/original data/Trajectories/2022-04-11/322_RR220411A_818C_1902.bmp,4,1.0
Trajectories/2022-02-04/281_RR220204A_806C_2000.bmp,281_RR220204A_806C_2000.bmp,Trajectories/2022-04-11/322_RR220411A_818C_1902.bmp,322_RR220411A_818C_1902.bmp,(√13 x √13),2,HL,,2026-01-05T23:22:07.203074,330.0,255.0,Confident,(√13 x √13),Trajectories/2022-02-04/281_RR220204A_806C_2000.bmp || Trajectories/2022-04-11/322_RR220411A_818C_1902.bmp,/content/rl_quantum_2026summer/data/original data/Trajectories/2022-02-04/281_RR220204A_806C_2000.bmp,/content/rl_quantum_2026summer/data/original data/Trajectories/2022-04-11/322_RR220411A_818C_1902.bmp,3,1.0
Trajectories/2022-02-04/281_RR220204A_806C_2000.bmp,281_RR220204A_806C_2000.bmp,Trajectories/2022-04-11/322_RR220411A_818C_1902.bmp,322_RR220411A_818C_1902.bmp,c(6 x 2),2,HL,,2026-01-05T23:22:08.233881,330.0,255.0,Confident,c(6 x 2),Trajectories/2022-02-04/281_RR220204A_806C_2000.bmp || Trajectories/2022-04-11/322_RR220411A_818C_1902.bmp,/content/rl_quantum_2026summer/data/original data/Trajectories/2022-02-04/281_RR220204A_806C_2000.bmp,/content/rl_quantum_2026summer/data/original data/Trajectories/2022-04-11/322_RR220411A_818C_1902.bmp,2,1.0
Trajectories/2022-04-11/313_RR220411A_839C_1856.bmp,313_RR220411A_839C_1856.bmp,Trajectories/2022-02-06/125_RR220206A_887C_1925.bmp,125_RR220206A_887C_1925.bmp,c(6 x 2),2,SY,,2025-12-14 08:53:40,,,,c(6 x 2),Trajectories/2022-02-06/125_RR220206A_887C_1925.bmp || Trajectories/2022-04-11/313_RR220411A_839C_1856.bmp,/content/rl_quantum_2026summer/data/original data/Trajectories/2022-04-11/313_RR220411A_839C_1856.bmp,/content/rl_quantum_2026summer/data/original data/Trajectories/2022-02-06/125_RR220206A_887C_1925.bmp,2,1.0
Trajectories/2022-04-11/313_RR220411A_839C_1856.bmp,313_RR220411A_839C_1856.bmp,Trajectories/2022-02-06/125_RR220206A_887C_1925.bmp,125_RR220206A_887C_1925.bmp,HTR,not_apply,SY,,2025-12-14 08:53:40,,,,HTR,Trajectories/2022-02-06/125_RR220206A_887C_1925.bmp || Trajectories/2022-04-11/313_RR220411A_839C_1856.bmp,/content/rl_quantum_2026summer/data/original data/Trajectories/2022-04-11/313_RR220411A_839C_1856.bmp,/content/rl_quantum_2026summer/data/original data/Trajectories/2022-02-06/125_RR220206A_887C_1925.bmp,4,1.0
Trajectories/2022-04-11/313_RR220411A_839C_1856.bmp,313_RR220411A_839C_1856.bmp,Trajectories/2022-02-06/125_RR220206A_887C_1925.bmp,125_RR220206A_887C_1925.bmp,Twinned(2 x 1),not_apply,SY,,2025-12-14 08:53:40,,,,Twinned(2 x 1),Trajectories/2022-02-06/125_RR220206A_887C_1925.bmp || Trajectories/2022-04-11/313_RR220411A_839C_1856.bmp,/content/rl_quantum_2026summer/data/original data/Trajectories/2022-04-11/313_RR220411A_839C_1856.bmp,/content/rl_quantum_2026summer/data/original data/Trajectories/2022-02-06/125_RR220206A_887C_1925.bmp,1,1.0
Trajectories/2022-04-11/028_RR220411A_291C_1436.bmp,028_RR220411A_291C_1436.bmp,Trajectories/2022-04-11/050_RR220411A_370C_1458.bmp,050_RR220411A_370C_1458.bmp,Twinned(2 x 1),not_apply,HL,,2025-12-15T20:54:23.304996,,,,Twinned(2 x 1),Trajectories/2022-04-11/028_RR220411A_291C_1436.bmp || Trajectories/2022-04-11/050_RR220411A_370C_1458.bmp,/content/rl_quantum_2026summer/data/original data/Trajectories/2022-04-11/028_RR220411A_291C_1436.bmp,/content/rl_quantum_2026summer/data/original data/Trajectories/2022-04-11/050_RR220411A_370C_1458.bmp,1,1.0
Trajectories/2022-04-11/028_RR220411A_291C_1436.bmp,028_RR220411A_291C_1436.bmp,Trajectories/2022-04-11/050_RR220411A_370C_1458.bmp,050_RR220411A_370C_1458.bmp,(1 x 1),tie,HL,,2025-12-15T20:54:24.541804,,,,(1 x 1),Trajectories/2022-04-11/028_RR220411A_291C_1436.bmp || Trajectories/2022-04-11/050_RR220411A_370C_1458.bmp,/content/rl_quantum_2026summer/data/original data/Trajectories/2022-04-11/028_RR220411A_291C_1436.bmp,/content/rl_quantum_2026summer/data/original data/Trajectories/2022-04-11/050_RR220411A_370C_1458.bmp,0,1.0
Trajectories/2022-04-11/028_RR220411A_291C_1436.bmp,028_RR220411A_291C_1436.bmp,Trajectories/2022-04-11/050_RR220411A_370C_1458.bmp,050_RR220411A_370C_1458.bmp,c(6 x 2),not_apply,HL,,2025-12-15T20:54:25.503680,,,,c(6 x 2),Trajectories/2022-04-11/028_RR220411A_291C_1436.bmp || Trajectories/2022-04-11/050_RR220411A_370C_1458.bmp,/content/rl_quantum_2026summer/data/original data/Trajectories/2022-04-11/028_RR220411A_291C_1436.bmp,/content/rl_quantum_2026summer/data/original data/Trajectories/2022-04-11/050_RR220411A_370C_1458.bmp,2,1.0
Trajectories/2022-04-11/028_RR220411A_291C_1436.bmp,028_RR220411A_291C_1436.bmp,Trajectories/2022-04-11/050_RR220411A_370C_1458.bmp,050_RR220411A_370C_1458.bmp,(√13 x √13),not_apply,HL,,2025-12-15T20:54:26.444863,,,,(√13 x √13),Trajectories/2022-04-11/028_RR220411A_291C_1436.bmp || Trajectories/2022-04-11/050_RR220411A_370C_1458.bmp,/content/rl_quantum_2026summer/data/original data/Trajectories/2022-04-11/028_RR220411A_291C_1436.bmp,/content/rl_quantum_2026summer/data/original data/Trajectories/2022-04-11/050_RR220411A_370C_1458.bmp,3,1.0
Trajectories/2022-04-11/028_RR220411A_291C_1436.bmp,028_RR220411A_291C_1436.bmp,Trajectories/2022-04-11/050_RR220411A_370C_1458.bmp,050_RR220411A_370C_1458.bmp,HTR,not_apply,HL,,2025-12-15T20:54:27.295559,,,,HTR,Trajectories/2022-04-11/028_RR220411A_291C_1436.bmp || Trajectories/2022-04-11/050_RR220411A_370C_1458.bmp,/content/rl_quantum_2026summer/data/original data/Trajectories/2022-04-11/028_RR220411A_291C_1436.bmp,/content/rl_quantum_2026summer/data/original data/Trajectories/2022-04-11/050_RR220411A_370C_1458.bmp,4,1.0
Trajectories/2022-04-11/267_RR220411A_953C_1800.bmp,267_RR220411A_953C_1800.bmp,Trajectories/2022-04-11/271_RR220411A_951C_1811.bmp,271_RR220411A_951C_1811.bmp,(√13 x √13),tie,HL,,2026-01-06T21:50:10.897096,303.0,293.0,Confident,(√13 x √13),Trajectories/2022-04-11/267_RR220411A_953C_1800.bmp || Trajectories/2022-04-11/271_RR220411A_951C_1811.bmp,/content/rl_quantum_2026summer/data/original data/Trajectories/2022-04-11/267_RR220411A_953C_1800.bmp,/content/rl_quantum_2026summer/data/original data/Trajectories/2022-04-11/271_RR220411A_951C_1811.bmp,3,1.0
Trajectories/2022-04-11/267_RR220411A_953C_1800.bmp,267_RR220411A_953C_1800.bmp,Trajectories/2022-04-11/271_RR220411A_951C_1811.bmp,271_RR220411A_951C_1811.bmp,Twinned(2 x 1),not_apply,HL,,2026-01-06T21:50:11.763434,303.0,293.0,Confident,Twinned(2 x 1),Trajectories/2022-04-11/267_RR220411A_953C_1800.bmp || Trajectories/2022-04-11/271_RR220411A_951C_1811.bmp,/content/rl_quantum_2026summer/data/original data/Trajectories/2022-04-11/267_RR220411A_953C_1800.bmp,/content/rl_quantum_2026summer/data/original data/Trajectories/2022-04-11/271_RR220411A_951C_1811.bmp,1,1.0
Trajectories/2022-04-11/267_RR220411A_953C_1800.bmp,267_RR220411A_953C_1800.bmp,Trajectories/2022-04-11/271_RR220411A_951C_1811.bmp,271_RR220411A_951C_1811.bmp,c(6 x 2),tie,HL,,2026-01-06T21:50:12.689583,303.0,293.0,Confident,c(6 x 2),Trajectories/2022-04-11/267_RR220411A_953C_1800.bmp || Trajectories/2022-04-11/271_RR220411A_951C_1811.bmp,/content/rl_quantum_2026summer/data/original data/Trajectories/2022-04-11/267_RR220411A_953C_1800.bmp,/content/rl_quantum_2026summer/data/original data/Trajectories/2022-04-11/271_RR220411A_951C_1811.bmp,2,1.0
Trajectories/2022-04-11/267_RR220411A_953C_1800.bmp,267_RR220411A_953C_1800.bmp,Trajectories/2022-04-11/271_RR220411A_951C_1811.bmp,271_RR220411A_951C_1811.bmp,HTR,not_apply,HL,,2026-01-06T21:50:13.592211,303.0,293.0,Confident,HTR,Trajectories/2022-04-11/267_RR220411A_953C_1800.bmp || Trajectories/2022-04-11/271_RR220411A_951C_1811.bmp,/content/rl_quantum_2026summer/data/original data/Trajectories/2022-04-11/267_RR220411A_953C_1800.bmp,/content/rl_quantum_2026summer/data/original data/Trajectories/2022-04-11/271_RR220411A_951C_1811.bmp,4,1.0
Trajectories/2022-04-11/267_RR220411A_953C_1800.bmp,267_RR220411A_953C_1800.bmp,Trajectories/2022-04-11/271_RR220411A_951C_1811.bmp,271_RR220411A_951C_1811.bmp,(1 x 1),tie,HL,,2026-01-06T21:50:14.498986,303.0,293.0,Confident,(1 x 1),Trajectories/2022-04-11/267_RR220411A_953C_1800.bmp || Trajectories/2022-04-11/271_RR220411A_951C_1811.bmp,/content/rl_quantum_2026summer/data/original data/Trajectories/2022-04-11/267_RR220411A_953C_1800.bmp,/content/rl_quantum_2026summer/data/original data/Trajectories/2022-04-11/271_RR220411A_951C_1811.bmp,0,1.0
