strategy,round,budget_before,labeled_pairs,candidate_remaining,train_loss,train_pairwise_accuracy,test_accuracy,test_by_class,selected_pair_ids,revealed_preference_rows,selected_clusters,cluster_coverage,utilities,final
random,0,0,70,100,0.4478316661604555,0.7303370786516854,0.36666666666666664,"{""(1 x 1)"": {""correct"": 1, ""total"": 8, ""accuracy"": 0.125}, ""c(6 x 2)"": {""correct"": 0, ""total"": 8, ""accuracy"": 0.0}, ""(\u221a13 x \u221a13)"": {""correct"": 6, ""total"": 8, ""accuracy"": 0.75}, ""HTR"": {""correct"": 4, ""total"": 6, ""accuracy"": 0.6666666666666666}}","[""Trajectories/2022-02-04/230_RR220204A_695C_1902.bmp || Trajectories/2022-02-06/074_RR220206A_430C_1809.bmp"", ""Trajectories/2022-02-06/104_RR220206A_734C_1847.bmp || Trajectories/2022-02-06/207_RR220206A_875C_2114.bmp"", ""Trajectories/2022-04-11/063_RR220411A_402C_1510.bmp || Trajectories/2022-04-11/268_RR220411A_952C_1801.bmp"", ""Trajectories/2022-02-04/085_RR220204A_378C_1720.bmp || Trajectories/2022-02-04/134_RR220204A_467C_1754-02.bmp"", ""Trajectories/2022-02-04/126_RR220204A_443C_1750.bmp || Trajectories/2022-04-11/213_RR220411A_857C_1715.bmp""]","{""Trajectories/2022-02-04/230_RR220204A_695C_1902.bmp || Trajectories/2022-02-06/074_RR220206A_430C_1809.bmp"": 2, ""Trajectories/2022-02-06/104_RR220206A_734C_1847.bmp || Trajectories/2022-02-06/207_RR220206A_875C_2114.bmp"": 2, ""Trajectories/2022-04-11/063_RR220411A_402C_1510.bmp || Trajectories/2022-04-11/268_RR220411A_952C_1801.bmp"": 5, ""Trajectories/2022-02-04/085_RR220204A_378C_1720.bmp || Trajectories/2022-02-04/134_RR220204A_467C_1754-02.bmp"": 1, ""Trajectories/2022-02-04/126_RR220204A_443C_1750.bmp || Trajectories/2022-04-11/213_RR220411A_857C_1715.bmp"": 5}","[17, 10, 17, 5, 14]",4,"[{""candidate_pair_id"": ""Trajectories/2022-02-04/230_RR220204A_695C_1902.bmp || Trajectories/2022-02-06/074_RR220206A_430C_1809.bmp"", ""baseline_accuracy"": 0.36666666666666664, ""augmented_accuracy"": 0.36666666666666664, ""delta_accuracy"": 0.0, ""by_class_delta"": {""(1 x 1)"": 0.0, ""c(6 x 2)"": 0.0, ""(\u221a13 x \u221a13)"": 0.0, ""HTR"": 0.0}, ""cache_hit"": false}, {""candidate_pair_id"": ""Trajectories/2022-02-06/104_RR220206A_734C_1847.bmp || Trajectories/2022-02-06/207_RR220206A_875C_2114.bmp"", ""baseline_accuracy"": 0.36666666666666664, ""augmented_accuracy"": 0.23333333333333334, ""delta_accuracy"": -0.1333333333333333, ""by_class_delta"": {""(1 x 1)"": -0.125, ""c(6 x 2)"": 0.0, ""(\u221a13 x \u221a13)"": -0.25, ""HTR"": -0.16666666666666663}, ""cache_hit"": false}, {""candidate_pair_id"": ""Trajectories/2022-04-11/063_RR220411A_402C_1510.bmp || Trajectories/2022-04-11/268_RR220411A_952C_1801.bmp"", ""baseline_accuracy"": 0.36666666666666664, ""augmented_accuracy"": 0.5333333333333333, ""delta_accuracy"": 0.16666666666666669, ""by_class_delta"": {""(1 x 1)"": 0.625, ""c(6 x 2)"": 0.0, ""(\u221a13 x \u221a13)"": 0.0, ""HTR"": 0.0}, ""cache_hit"": false}, {""candidate_pair_id"": ""Trajectories/2022-02-04/085_RR220204A_378C_1720.bmp || Trajectories/2022-02-04/134_RR220204A_467C_1754-02.bmp"", ""baseline_accuracy"": 0.36666666666666664, ""augmented_accuracy"": 0.16666666666666666, ""delta_accuracy"": -0.19999999999999998, ""by_class_delta"": {""(1 x 1)"": 0.0, ""c(6 x 2)"": 0.0, ""(\u221a13 x \u221a13)"": -0.25, ""HTR"": -0.6666666666666666}, ""cache_hit"": false}, {""candidate_pair_id"": ""Trajectories/2022-02-04/126_RR220204A_443C_1750.bmp || Trajectories/2022-04-11/213_RR220411A_857C_1715.bmp"", ""baseline_accuracy"": 0.36666666666666664, ""augmented_accuracy"": 0.5333333333333333, ""delta_accuracy"": 0.16666666666666669, ""by_class_delta"": {""(1 x 1)"": 0.625, ""c(6 x 2)"": 0.0, ""(\u221a13 x \u221a13)"": 0.0, ""HTR"": 0.0}, ""cache_hit"": false}]",
random,1,5,75,95,0.44642986218946124,0.8475177304964538,0.36666666666666664,"{""(1 x 1)"": {""correct"": 2, ""total"": 8, ""accuracy"": 0.25}, ""c(6 x 2)"": {""correct"": 5, ""total"": 8, ""accuracy"": 0.625}, ""(\u221a13 x \u221a13)"": {""correct"": 4, ""total"": 8, ""accuracy"": 0.5}, ""HTR"": {""correct"": 0, ""total"": 6, ""accuracy"": 0.0}}","[""Trajectories/2022-02-06/049_RR220206A_205C_1737.bmp || Trajectories/2022-04-11/356_RR220411A_685C_1925.bmp"", ""Trajectories/2022-02-04/139_RR220204A_470C_1758.bmp || Trajectories/2022-04-11/372_RR220411A_636C_1935.bmp"", ""Trajectories/2022-02-04/205_RR220204A_642C_1839-02.bmp || Trajectories/2022-02-04/337_RR220204A_938C_2106.bmp"", ""Trajectories/2022-02-04/079_RR220204A_301C_1717.bmp || Trajectories/2022-02-04/329_RR220204A_946C_2054.bmp"", ""Trajectories/2022-02-04/152_RR220204A_488C_1805-02.bmp || Trajectories/2022-04-11/173_RR220411A_755C_1643.bmp""]","{""Trajectories/2022-02-06/049_RR220206A_205C_1737.bmp || Trajectories/2022-04-11/356_RR220411A_685C_1925.bmp"": 5, ""Trajectories/2022-02-04/139_RR220204A_470C_1758.bmp || Trajectories/2022-04-11/372_RR220411A_636C_1935.bmp"": 5, ""Trajectories/2022-02-04/205_RR220204A_642C_1839-02.bmp || Trajectories/2022-02-04/337_RR220204A_938C_2106.bmp"": 1, ""Trajectories/2022-02-04/079_RR220204A_301C_1717.bmp || Trajectories/2022-02-04/329_RR220204A_946C_2054.bmp"": 1, ""Trajectories/2022-02-04/152_RR220204A_488C_1805-02.bmp || Trajectories/2022-04-11/173_RR220411A_755C_1643.bmp"": 5}","[10, 10, 2, 19, 0]",4,"[{""candidate_pair_id"": ""Trajectories/2022-02-06/049_RR220206A_205C_1737.bmp || Trajectories/2022-04-11/356_RR220411A_685C_1925.bmp"", ""baseline_accuracy"": 0.36666666666666664, ""augmented_accuracy"": 0.06666666666666667, ""delta_accuracy"": -0.3, ""by_class_delta"": {""(1 x 1)"": -0.125, ""c(6 x 2)"": -0.625, ""(\u221a13 x \u221a13)"": -0.375, ""HTR"": 0.0}, ""cache_hit"": false}, {""candidate_pair_id"": ""Trajectories/2022-02-04/139_RR220204A_470C_1758.bmp || Trajectories/2022-04-11/372_RR220411A_636C_1935.bmp"", ""baseline_accuracy"": 0.36666666666666664, ""augmented_accuracy"": 0.3, ""delta_accuracy"": -0.06666666666666665, ""by_class_delta"": {""(1 x 1)"": -0.125, ""c(6 x 2)"": -0.625, ""(\u221a13 x \u221a13)"": 0.0, ""HTR"": 0.6666666666666666}, ""cache_hit"": false}, {""candidate_pair_id"": ""Trajectories/2022-02-04/205_RR220204A_642C_1839-02.bmp || Trajectories/2022-02-04/337_RR220204A_938C_2106.bmp"", ""baseline_accuracy"": 0.36666666666666664, ""augmented_accuracy"": 0.4, ""delta_accuracy"": 0.03333333333333338, ""by_class_delta"": {""(1 x 1)"": -0.125, ""c(6 x 2)"": 0.125, ""(\u221a13 x \u221a13)"": 0.0, ""HTR"": 0.16666666666666666}, ""cache_hit"": false}, {""candidate_pair_id"": ""Trajectories/2022-02-04/079_RR220204A_301C_1717.bmp || Trajectories/2022-02-04/329_RR220204A_946C_2054.bmp"", ""baseline_accuracy"": 0.36666666666666664, ""augmented_accuracy"": 0.23333333333333334, ""delta_accuracy"": -0.1333333333333333, ""by_class_delta"": {""(1 x 1)"": -0.125, ""c(6 x 2)"": -0.5, ""(\u221a13 x \u221a13)"": -0.125, ""HTR"": 0.3333333333333333}, ""cache_hit"": false}, {""candidate_pair_id"": ""Trajectories/2022-02-04/152_RR220204A_488C_1805-02.bmp || Trajectories/2022-04-11/173_RR220411A_755C_1643.bmp"", ""baseline_accuracy"": 0.36666666666666664, ""augmented_accuracy"": 0.13333333333333333, ""delta_accuracy"": -0.2333333333333333, ""by_class_delta"": {""(1 x 1)"": -0.125, ""c(6 x 2)"": -0.625, ""(\u221a13 x \u221a13)"": -0.125, ""HTR"": 0.0}, ""cache_hit"": false}]",
random,2,10,80,90,0.4521812596806158,0.8093645484949833,0.4666666666666667,"{""(1 x 1)"": {""correct"": 7, ""total"": 8, ""accuracy"": 0.875}, ""c(6 x 2)"": {""correct"": 0, ""total"": 8, ""accuracy"": 0.0}, ""(\u221a13 x \u221a13)"": {""correct"": 3, ""total"": 8, ""accuracy"": 0.375}, ""HTR"": {""correct"": 4, ""total"": 6, ""accuracy"": 0.6666666666666666}}","[""Trajectories/2022-04-11/323_RR220411A_816C_1903.bmp || Trajectories/2022-04-11/366_RR220411A_654C_1930.bmp"", ""Trajectories/2022-02-06/273_RR220206A_423C_2243.bmp || Trajectories/2022-04-11/093_RR220411A_482C_1531.bmp"", ""Trajectories/2022-02-04/266_RR220204A_783C_1938.bmp || Trajectories/2022-02-04/356_RR220204A_949C_2144.bmp"", ""Trajectories/2022-02-04/156_RR220204A_490C_1808.bmp || Trajectories/2022-02-04/383_RR220204A_937C_2331.bmp"", ""Trajectories/2022-02-04/300_RR220204A_881C_2018.bmp || Trajectories/2022-02-06/195_RR220206A_944C_2101.bmp""]","{""Trajectories/2022-04-11/323_RR220411A_816C_1903.bmp || Trajectories/2022-04-11/366_RR220411A_654C_1930.bmp"": 5, ""Trajectories/2022-02-06/273_RR220206A_423C_2243.bmp || Trajectories/2022-04-11/093_RR220411A_482C_1531.bmp"": 5, ""Trajectories/2022-02-04/266_RR220204A_783C_1938.bmp || Trajectories/2022-02-04/356_RR220204A_949C_2144.bmp"": 5, ""Trajectories/2022-02-04/156_RR220204A_490C_1808.bmp || Trajectories/2022-02-04/383_RR220204A_937C_2331.bmp"": 5, ""Trajectories/2022-02-04/300_RR220204A_881C_2018.bmp || Trajectories/2022-02-06/195_RR220206A_944C_2101.bmp"": 5}","[13, 4, 9, 11, 10]",5,"[{""candidate_pair_id"": ""Trajectories/2022-04-11/323_RR220411A_816C_1903.bmp || Trajectories/2022-04-11/366_RR220411A_654C_1930.bmp"", ""baseline_accuracy"": 0.4666666666666667, ""augmented_accuracy"": 0.26666666666666666, ""delta_accuracy"": -0.2, ""by_class_delta"": {""(1 x 1)"": -0.875, ""c(6 x 2)"": 0.125, ""(\u221a13 x \u221a13)"": 0.0, ""HTR"": 0.0}, ""cache_hit"": false}, {""candidate_pair_id"": ""Trajectories/2022-02-06/273_RR220206A_423C_2243.bmp || Trajectories/2022-04-11/093_RR220411A_482C_1531.bmp"", ""baseline_accuracy"": 0.4666666666666667, ""augmented_accuracy"": 0.36666666666666664, ""delta_accuracy"": -0.10000000000000003, ""by_class_delta"": {""(1 x 1)"": -0.875, ""c(6 x 2)"": 0.5, ""(\u221a13 x \u221a13)"": 0.0, ""HTR"": 0.0}, ""cache_hit"": false}, {""candidate_pair_id"": ""Trajectories/2022-02-04/266_RR220204A_783C_1938.bmp || Trajectories/2022-02-04/356_RR220204A_949C_2144.bmp"", ""baseline_accuracy"": 0.4666666666666667, ""augmented_accuracy"": 0.3, ""delta_accuracy"": -0.16666666666666669, ""by_class_delta"": {""(1 x 1)"": -0.875, ""c(6 x 2)"": 0.25, ""(\u221a13 x \u221a13)"": 0.0, ""HTR"": 0.0}, ""cache_hit"": false}, {""candidate_pair_id"": ""Trajectories/2022-02-04/156_RR220204A_490C_1808.bmp || Trajectories/2022-02-04/383_RR220204A_937C_2331.bmp"", ""baseline_accuracy"": 0.4666666666666667, ""augmented_accuracy"": 0.3333333333333333, ""delta_accuracy"": -0.13333333333333336, ""by_class_delta"": {""(1 x 1)"": -0.875, ""c(6 x 2)"": 0.375, ""(\u221a13 x \u221a13)"": 0.0, ""HTR"": 0.0}, ""cache_hit"": false}, {""candidate_pair_id"": ""Trajectories/2022-02-04/300_RR220204A_881C_2018.bmp || Trajectories/2022-02-06/195_RR220206A_944C_2101.bmp"", ""baseline_accuracy"": 0.4666666666666667, ""augmented_accuracy"": 0.3333333333333333, ""delta_accuracy"": -0.13333333333333336, ""by_class_delta"": {""(1 x 1)"": -0.875, ""c(6 x 2)"": 0.375, ""(\u221a13 x \u221a13)"": 0.0, ""HTR"": 0.0}, ""cache_hit"": false}]",
random,3,15,85,85,0.44076330549495263,0.8796296296296297,0.43333333333333335,"{""(1 x 1)"": {""correct"": 2, ""total"": 8, ""accuracy"": 0.25}, ""c(6 x 2)"": {""correct"": 0, ""total"": 8, ""accuracy"": 0.0}, ""(\u221a13 x \u221a13)"": {""correct"": 7, ""total"": 8, ""accuracy"": 0.875}, ""HTR"": {""correct"": 4, ""total"": 6, ""accuracy"": 0.6666666666666666}}","[""Trajectories/2022-02-04/021_RR220204A_981C_0126-03.bmp || Trajectories/2022-04-11/225_RR220411A_873C_1724.bmp"", ""Trajectories/2022-02-04/378_RR220204A_938C_2312.bmp || Trajectories/2022-02-06/229_RR220206A_766C_2141.bmp"", ""Trajectories/2022-02-04/385_RR220204A_939C_2340.bmp || Trajectories/2022-04-11/237_RR220411A_901C_1735.bmp"", ""Trajectories/2022-04-11/246_RR220411A_915C_1741.bmp || Trajectories/2022-04-11/258_RR220411A_932C_1751.bmp"", ""Trajectories/2022-02-06/180_RR220206A_1031C_2041.bmp || Trajectories/2022-04-11/277_RR220411A_936C_1828.bmp""]","{""Trajectories/2022-02-04/021_RR220204A_981C_0126-03.bmp || Trajectories/2022-04-11/225_RR220411A_873C_1724.bmp"": 5, ""Trajectories/2022-02-04/378_RR220204A_938C_2312.bmp || Trajectories/2022-02-06/229_RR220206A_766C_2141.bmp"": 2, ""Trajectories/2022-02-04/385_RR220204A_939C_2340.bmp || Trajectories/2022-04-11/237_RR220411A_901C_1735.bmp"": 5, ""Trajectories/2022-04-11/246_RR220411A_915C_1741.bmp || Trajectories/2022-04-11/258_RR220411A_932C_1751.bmp"": 1, ""Trajectories/2022-02-06/180_RR220206A_1031C_2041.bmp || Trajectories/2022-04-11/277_RR220411A_936C_1828.bmp"": 2}","[4, 6, 8, 8, 0]",4,"[{""candidate_pair_id"": ""Trajectories/2022-02-04/021_RR220204A_981C_0126-03.bmp || Trajectories/2022-04-11/225_RR220411A_873C_1724.bmp"", ""baseline_accuracy"": 0.43333333333333335, ""augmented_accuracy"": 0.4, ""delta_accuracy"": -0.033333333333333326, ""by_class_delta"": {""(1 x 1)"": 0.0, ""c(6 x 2)"": 0.0, ""(\u221a13 x \u221a13)"": 0.0, ""HTR"": -0.16666666666666663}, ""cache_hit"": false}, {""candidate_pair_id"": ""Trajectories/2022-02-04/378_RR220204A_938C_2312.bmp || Trajectories/2022-02-06/229_RR220206A_766C_2141.bmp"", ""baseline_accuracy"": 0.43333333333333335, ""augmented_accuracy"": 0.4, ""delta_accuracy"": -0.033333333333333326, ""by_class_delta"": {""(1 x 1)"": 0.0, ""c(6 x 2)"": 0.0, ""(\u221a13 x \u221a13)"": 0.0, ""HTR"": -0.16666666666666663}, ""cache_hit"": false}, {""candidate_pair_id"": ""Trajectories/2022-02-04/385_RR220204A_939C_2340.bmp || Trajectories/2022-04-11/237_RR220411A_901C_1735.bmp"", ""baseline_accuracy"": 0.43333333333333335, ""augmented_accuracy"": 0.23333333333333334, ""delta_accuracy"": -0.2, ""by_class_delta"": {""(1 x 1)"": 0.0, ""c(6 x 2)"": 0.0, ""(\u221a13 x \u221a13)"": -0.25, ""HTR"": -0.6666666666666666}, ""cache_hit"": false}, {""candidate_pair_id"": ""Trajectories/2022-04-11/246_RR220411A_915C_1741.bmp || Trajectories/2022-04-11/258_RR220411A_932C_1751.bmp"", ""baseline_accuracy"": 0.43333333333333335, ""augmented_accuracy"": 0.43333333333333335, ""delta_accuracy"": 0.0, ""by_class_delta"": {""(1 x 1)"": 0.0, ""c(6 x 2)"": 0.0, ""(\u221a13 x \u221a13)"": 0.0, ""HTR"": 0.0}, ""cache_hit"": false}, {""candidate_pair_id"": ""Trajectories/2022-02-06/180_RR220206A_1031C_2041.bmp || Trajectories/2022-04-11/277_RR220411A_936C_1828.bmp"", ""baseline_accuracy"": 0.43333333333333335, ""augmented_accuracy"": 0.43333333333333335, ""delta_accuracy"": 0.0, ""by_class_delta"": {""(1 x 1)"": 0.0, ""c(6 x 2)"": 0.0, ""(\u221a13 x \u221a13)"": 0.0, ""HTR"": 0.0}, ""cache_hit"": false}]",
random,4,20,90,80,0.4400289859726558,0.799410029498525,0.6333333333333333,"{""(1 x 1)"": {""correct"": 2, ""total"": 8, ""accuracy"": 0.25}, ""c(6 x 2)"": {""correct"": 6, ""total"": 8, ""accuracy"": 0.75}, ""(\u221a13 x \u221a13)"": {""correct"": 7, ""total"": 8, ""accuracy"": 0.875}, ""HTR"": {""correct"": 4, ""total"": 6, ""accuracy"": 0.6666666666666666}}","[""Trajectories/2022-02-06/095_RR220206A_614C_1835.bmp || Trajectories/2022-02-06/247_RR220206A_657C_2207.bmp"", ""Trajectories/2022-02-04/235_RR220204A_725C_1905.bmp || Trajectories/2022-02-06/068_RR220206A_362C_1759.bmp"", ""Trajectories/2022-02-06/129_RR220206A_912C_1929.bmp || Trajectories/2022-04-11/217_RR220411A_857C_1718.bmp"", ""Trajectories/2022-02-04/194_RR220204A_610C_1832.bmp || Trajectories/2022-02-06/119_RR220206A_871C_1918.bmp"", ""Trajectories/2022-02-04/159_RR220204A_501C_1809-01.bmp || Trajectories/2022-04-11/100_RR220411A_492C_1537.bmp""]","{""Trajectories/2022-02-06/095_RR220206A_614C_1835.bmp || Trajectories/2022-02-06/247_RR220206A_657C_2207.bmp"": 5, ""Trajectories/2022-02-04/235_RR220204A_725C_1905.bmp || Trajectories/2022-02-06/068_RR220206A_362C_1759.bmp"": 2, ""Trajectories/2022-02-06/129_RR220206A_912C_1929.bmp || Trajectories/2022-04-11/217_RR220411A_857C_1718.bmp"": 5, ""Trajectories/2022-02-04/194_RR220204A_610C_1832.bmp || Trajectories/2022-02-06/119_RR220206A_871C_1918.bmp"": 5, ""Trajectories/2022-02-04/159_RR220204A_501C_1809-01.bmp || Trajectories/2022-04-11/100_RR220411A_492C_1537.bmp"": 5}","[3, 1, 7, 19, 19]",4,"[{""candidate_pair_id"": ""Trajectories/2022-02-06/095_RR220206A_614C_1835.bmp || Trajectories/2022-02-06/247_RR220206A_657C_2207.bmp"", ""baseline_accuracy"": 0.6333333333333333, ""augmented_accuracy"": 0.36666666666666664, ""delta_accuracy"": -0.26666666666666666, ""by_class_delta"": {""(1 x 1)"": -0.125, ""c(6 x 2)"": -0.75, ""(\u221a13 x \u221a13)"": -0.25, ""HTR"": 0.16666666666666674}, ""cache_hit"": false}, {""candidate_pair_id"": ""Trajectories/2022-02-04/235_RR220204A_725C_1905.bmp || Trajectories/2022-02-06/068_RR220206A_362C_1759.bmp"", ""baseline_accuracy"": 0.6333333333333333, ""augmented_accuracy"": 0.43333333333333335, ""delta_accuracy"": -0.19999999999999996, ""by_class_delta"": {""(1 x 1)"": 0.0, ""c(6 x 2)"": -0.75, ""(\u221a13 x \u221a13)"": 0.0, ""HTR"": 0.0}, ""cache_hit"": false}, {""candidate_pair_id"": ""Trajectories/2022-02-06/129_RR220206A_912C_1929.bmp || Trajectories/2022-04-11/217_RR220411A_857C_1718.bmp"", ""baseline_accuracy"": 0.6333333333333333, ""augmented_accuracy"": 0.7333333333333333, ""delta_accuracy"": 0.09999999999999998, ""by_class_delta"": {""(1 x 1)"": 0.625, ""c(6 x 2)"": -0.125, ""(\u221a13 x \u221a13)"": -0.25, ""HTR"": 0.16666666666666674}, ""cache_hit"": false}, {""candidate_pair_id"": ""Trajectories/2022-02-04/194_RR220204A_610C_1832.bmp || Trajectories/2022-02-06/119_RR220206A_871C_1918.bmp"", ""baseline_accuracy"": 0.6333333333333333, ""augmented_accuracy"": 0.6, ""delta_accuracy"": -0.033333333333333326, ""by_class_delta"": {""(1 x 1)"": 0.75, ""c(6 x 2)"": -0.75, ""(\u221a13 x \u221a13)"": -0.25, ""HTR"": 0.16666666666666674}, ""cache_hit"": false}, {""candidate_pair_id"": ""Trajectories/2022-02-04/159_RR220204A_501C_1809-01.bmp || Trajectories/2022-04-11/100_RR220411A_492C_1537.bmp"", ""baseline_accuracy"": 0.6333333333333333, ""augmented_accuracy"": 0.5666666666666667, ""delta_accuracy"": -0.06666666666666665, ""by_class_delta"": {""(1 x 1)"": 0.625, ""c(6 x 2)"": -0.75, ""(\u221a13 x \u221a13)"": -0.25, ""HTR"": 0.16666666666666674}, ""cache_hit"": false}]",
random,5,25,95,75,0.45599341291453005,0.8670360110803325,0.5666666666666667,"{""(1 x 1)"": {""correct"": 8, ""total"": 8, ""accuracy"": 1.0}, ""c(6 x 2)"": {""correct"": 0, ""total"": 8, ""accuracy"": 0.0}, ""(\u221a13 x \u221a13)"": {""correct"": 5, ""total"": 8, ""accuracy"": 0.625}, ""HTR"": {""correct"": 4, ""total"": 6, ""accuracy"": 0.6666666666666666}}","[""Trajectories/2022-02-06/102_RR220206A_698C_1845.bmp || Trajectories/2022-04-11/183_RR220411A_794C_1655.bmp"", ""Trajectories/2022-02-04/097_RR220204A_405C_1727.bmp || Trajectories/2022-04-11/383_RR220411A_597C_1941.bmp"", ""Trajectories/2022-02-04/106_RR220204A_430C_1736.bmp || Trajectories/2022-02-04/347_RR220204A_954C_2124.bmp"", ""Trajectories/2022-02-06/057_RR220206A_249C_1744.bmp || Trajectories/2022-02-06/154_RR220206A_1092C_2003-02.bmp"", ""Trajectories/2022-02-04/160_RR220204A_501C_1809-02.bmp || Trajectories/2022-02-04/161_RR220204A_504C_1810.bmp""]","{""Trajectories/2022-02-06/102_RR220206A_698C_1845.bmp || Trajectories/2022-04-11/183_RR220411A_794C_1655.bmp"": 1, ""Trajectories/2022-02-04/097_RR220204A_405C_1727.bmp || Trajectories/2022-04-11/383_RR220411A_597C_1941.bmp"": 5, ""Trajectories/2022-02-04/106_RR220204A_430C_1736.bmp || Trajectories/2022-02-04/347_RR220204A_954C_2124.bmp"": 1, ""Trajectories/2022-02-06/057_RR220206A_249C_1744.bmp || Trajectories/2022-02-06/154_RR220206A_1092C_2003-02.bmp"": 2, ""Trajectories/2022-02-04/160_RR220204A_501C_1809-02.bmp || Trajectories/2022-02-04/161_RR220204A_504C_1810.bmp"": 1}","[4, 8, 5, 10, 0]",5,"[{""candidate_pair_id"": ""Trajectories/2022-02-06/102_RR220206A_698C_1845.bmp || Trajectories/2022-04-11/183_RR220411A_794C_1655.bmp"", ""baseline_accuracy"": 0.5666666666666667, ""augmented_accuracy"": 0.4666666666666667, ""delta_accuracy"": -0.09999999999999998, ""by_class_delta"": {""(1 x 1)"": -0.75, ""c(6 x 2)"": 0.125, ""(\u221a13 x \u221a13)"": 0.375, ""HTR"": -0.16666666666666663}, ""cache_hit"": false}, {""candidate_pair_id"": ""Trajectories/2022-02-04/097_RR220204A_405C_1727.bmp || Trajectories/2022-04-11/383_RR220411A_597C_1941.bmp"", ""baseline_accuracy"": 0.5666666666666667, ""augmented_accuracy"": 0.4666666666666667, ""delta_accuracy"": -0.09999999999999998, ""by_class_delta"": {""(1 x 1)"": -0.75, ""c(6 x 2)"": 0.0, ""(\u221a13 x \u221a13)"": 0.375, ""HTR"": 0.0}, ""cache_hit"": false}, {""candidate_pair_id"": ""Trajectories/2022-02-04/106_RR220204A_430C_1736.bmp || Trajectories/2022-02-04/347_RR220204A_954C_2124.bmp"", ""baseline_accuracy"": 0.5666666666666667, ""augmented_accuracy"": 0.36666666666666664, ""delta_accuracy"": -0.2, ""by_class_delta"": {""(1 x 1)"": -0.75, ""c(6 x 2)"": 0.25, ""(\u221a13 x \u221a13)"": -0.125, ""HTR"": -0.16666666666666663}, ""cache_hit"": false}, {""candidate_pair_id"": ""Trajectories/2022-02-06/057_RR220206A_249C_1744.bmp || Trajectories/2022-02-06/154_RR220206A_1092C_2003-02.bmp"", ""baseline_accuracy"": 0.5666666666666667, ""augmented_accuracy"": 0.6333333333333333, ""delta_accuracy"": 0.06666666666666665, ""by_class_delta"": {""(1 x 1)"": 0.0, ""c(6 x 2)"": 0.0, ""(\u221a13 x \u221a13)"": 0.25, ""HTR"": 0.0}, ""cache_hit"": false}, {""candidate_pair_id"": ""Trajectories/2022-02-04/160_RR220204A_501C_1809-02.bmp || Trajectories/2022-02-04/161_RR220204A_504C_1810.bmp"", ""baseline_accuracy"": 0.5666666666666667, ""augmented_accuracy"": 0.5, ""delta_accuracy"": -0.06666666666666665, ""by_class_delta"": {""(1 x 1)"": -0.75, ""c(6 x 2)"": 0.25, ""(\u221a13 x \u221a13)"": 0.25, ""HTR"": 0.0}, ""cache_hit"": false}]",
random,6,30,100,70,0.43845749758117725,0.9433962264150944,0.5333333333333333,"{""(1 x 1)"": {""correct"": 2, ""total"": 8, ""accuracy"": 0.25}, ""c(6 x 2)"": {""correct"": 3, ""total"": 8, ""accuracy"": 0.375}, ""(\u221a13 x \u221a13)"": {""correct"": 5, ""total"": 8, ""accuracy"": 0.625}, ""HTR"": {""correct"": 6, ""total"": 6, ""accuracy"": 1.0}}","[""Trajectories/2022-02-04/320_RR220204A_915C_2039.bmp || Trajectories/2022-02-06/282_RR220206A_184C_2256.bmp"", ""Trajectories/2022-04-11/138_RR220411A_635C_1610.bmp || Trajectories/2022-04-11/186_RR220411A_805C_1658.bmp"", ""Trajectories/2022-02-04/319_RR220204A_918C_2037.bmp || Trajectories/2022-02-04/354_RR220204A_951C_2141.bmp"", ""Trajectories/2022-02-04/296_RR220204A_869C_2015.bmp || Trajectories/2022-04-11/009_RR220411A_206C_1423.bmp"", ""Trajectories/2022-02-04/029_RR220204A_808C_0135.bmp || Trajectories/2022-02-04/242_RR220204A_720C_1911.bmp""]","{""Trajectories/2022-02-04/320_RR220204A_915C_2039.bmp || Trajectories/2022-02-06/282_RR220206A_184C_2256.bmp"": 2, ""Trajectories/2022-04-11/138_RR220411A_635C_1610.bmp || Trajectories/2022-04-11/186_RR220411A_805C_1658.bmp"": 5, ""Trajectories/2022-02-04/319_RR220204A_918C_2037.bmp || Trajectories/2022-02-04/354_RR220204A_951C_2141.bmp"": 5, ""Trajectories/2022-02-04/296_RR220204A_869C_2015.bmp || Trajectories/2022-04-11/009_RR220411A_206C_1423.bmp"": 2, ""Trajectories/2022-02-04/029_RR220204A_808C_0135.bmp || Trajectories/2022-02-04/242_RR220204A_720C_1911.bmp"": 5}","[2, 8, 12, 18, 0]",5,"[{""candidate_pair_id"": ""Trajectories/2022-02-04/320_RR220204A_915C_2039.bmp || Trajectories/2022-02-06/282_RR220206A_184C_2256.bmp"", ""baseline_accuracy"": 0.5333333333333333, ""augmented_accuracy"": 0.4666666666666667, ""delta_accuracy"": -0.06666666666666665, ""by_class_delta"": {""(1 x 1)"": 0.0, ""c(6 x 2)"": -0.375, ""(\u221a13 x \u221a13)"": 0.375, ""HTR"": -0.33333333333333337}, ""cache_hit"": false}, {""candidate_pair_id"": ""Trajectories/2022-04-11/138_RR220411A_635C_1610.bmp || Trajectories/2022-04-11/186_RR220411A_805C_1658.bmp"", ""baseline_accuracy"": 0.5333333333333333, ""augmented_accuracy"": 0.4666666666666667, ""delta_accuracy"": -0.06666666666666665, ""by_class_delta"": {""(1 x 1)"": 0.0, ""c(6 x 2)"": -0.375, ""(\u221a13 x \u221a13)"": 0.375, ""HTR"": -0.33333333333333337}, ""cache_hit"": false}, {""candidate_pair_id"": ""Trajectories/2022-02-04/319_RR220204A_918C_2037.bmp || Trajectories/2022-02-04/354_RR220204A_951C_2141.bmp"", ""baseline_accuracy"": 0.5333333333333333, ""augmented_accuracy"": 0.43333333333333335, ""delta_accuracy"": -0.09999999999999998, ""by_class_delta"": {""(1 x 1)"": 0.0, ""c(6 x 2)"": -0.375, ""(\u221a13 x \u221a13)"": 0.375, ""HTR"": -0.5}, ""cache_hit"": false}, {""candidate_pair_id"": ""Trajectories/2022-02-04/296_RR220204A_869C_2015.bmp || Trajectories/2022-04-11/009_RR220411A_206C_1423.bmp"", ""baseline_accuracy"": 0.5333333333333333, ""augmented_accuracy"": 0.4666666666666667, ""delta_accuracy"": -0.06666666666666665, ""by_class_delta"": {""(1 x 1)"": 0.0, ""c(6 x 2)"": -0.375, ""(\u221a13 x \u221a13)"": 0.375, ""HTR"": -0.33333333333333337}, ""cache_hit"": false}, {""candidate_pair_id"": ""Trajectories/2022-02-04/029_RR220204A_808C_0135.bmp || Trajectories/2022-02-04/242_RR220204A_720C_1911.bmp"", ""baseline_accuracy"": 0.5333333333333333, ""augmented_accuracy"": 0.4666666666666667, ""delta_accuracy"": -0.06666666666666665, ""by_class_delta"": {""(1 x 1)"": 0.0, ""c(6 x 2)"": -0.375, ""(\u221a13 x \u221a13)"": 0.375, ""HTR"": -0.33333333333333337}, ""cache_hit"": false}]",
random,7,35,105,65,0.4285110004013173,0.9358974358974359,0.5,"{""(1 x 1)"": {""correct"": 6, ""total"": 8, ""accuracy"": 0.75}, ""c(6 x 2)"": {""correct"": 0, ""total"": 8, ""accuracy"": 0.0}, ""(\u221a13 x \u221a13)"": {""correct"": 5, ""total"": 8, ""accuracy"": 0.625}, ""HTR"": {""correct"": 4, ""total"": 6, ""accuracy"": 0.6666666666666666}}","[""Trajectories/2022-02-04/076_RR220204A_299C_1713.bmp || Trajectories/2022-02-04/080_RR220204A_301C_1718.bmp"", ""Trajectories/2022-02-06/206_RR220206A_875C_2113.bmp || Trajectories/2022-04-11/338_RR220411A_734C_1915.bmp"", ""Trajectories/2022-02-06/097_RR220206A_654C_1837.bmp || Trajectories/2022-04-11/067_RR220411A_416C_1513-02.bmp"", ""Trajectories/2022-02-04/253_RR220204A_782C_1923.bmp || Trajectories/2022-02-06/262_RR220206A_540C_2228.bmp"", ""Trajectories/2022-02-04/020_RR220204A_981C_0126-02.bmp || Trajectories/2022-02-04/133_RR220204A_467C_1754-01.bmp""]","{""Trajectories/2022-02-04/076_RR220204A_299C_1713.bmp || Trajectories/2022-02-04/080_RR220204A_301C_1718.bmp"": 1, ""Trajectories/2022-02-06/206_RR220206A_875C_2113.bmp || Trajectories/2022-04-11/338_RR220411A_734C_1915.bmp"": 5, ""Trajectories/2022-02-06/097_RR220206A_654C_1837.bmp || Trajectories/2022-04-11/067_RR220411A_416C_1513-02.bmp"": 5, ""Trajectories/2022-02-04/253_RR220204A_782C_1923.bmp || Trajectories/2022-02-06/262_RR220206A_540C_2228.bmp"": 5, ""Trajectories/2022-02-04/020_RR220204A_981C_0126-02.bmp || Trajectories/2022-02-04/133_RR220204A_467C_1754-01.bmp"": 2}","[0, 15, 12, 4, 11]",5,"[{""candidate_pair_id"": ""Trajectories/2022-02-04/076_RR220204A_299C_1713.bmp || Trajectories/2022-02-04/080_RR220204A_301C_1718.bmp"", ""baseline_accuracy"": 0.5, ""augmented_accuracy"": 0.6333333333333333, ""delta_accuracy"": 0.1333333333333333, ""by_class_delta"": {""(1 x 1)"": 0.125, ""c(6 x 2)"": 0.0, ""(\u221a13 x \u221a13)"": 0.375, ""HTR"": 0.0}, ""cache_hit"": false}, {""candidate_pair_id"": ""Trajectories/2022-02-06/206_RR220206A_875C_2113.bmp || Trajectories/2022-04-11/338_RR220411A_734C_1915.bmp"", ""baseline_accuracy"": 0.5, ""augmented_accuracy"": 0.4, ""delta_accuracy"": -0.09999999999999998, ""by_class_delta"": {""(1 x 1)"": -0.5, ""c(6 x 2)"": 0.0, ""(\u221a13 x \u221a13)"": 0.25, ""HTR"": -0.16666666666666663}, ""cache_hit"": false}, {""candidate_pair_id"": ""Trajectories/2022-02-06/097_RR220206A_654C_1837.bmp || Trajectories/2022-04-11/067_RR220411A_416C_1513-02.bmp"", ""baseline_accuracy"": 0.5, ""augmented_accuracy"": 0.36666666666666664, ""delta_accuracy"": -0.13333333333333336, ""by_class_delta"": {""(1 x 1)"": -0.5, ""c(6 x 2)"": 0.0, ""(\u221a13 x \u221a13)"": 0.25, ""HTR"": -0.3333333333333333}, ""cache_hit"": false}, {""candidate_pair_id"": ""Trajectories/2022-02-04/253_RR220204A_782C_1923.bmp || Trajectories/2022-02-06/262_RR220206A_540C_2228.bmp"", ""baseline_accuracy"": 0.5, ""augmented_accuracy"": 0.3333333333333333, ""delta_accuracy"": -0.16666666666666669, ""by_class_delta"": {""(1 x 1)"": -0.5, ""c(6 x 2)"": 0.0, ""(\u221a13 x \u221a13)"": 0.25, ""HTR"": -0.5}, ""cache_hit"": false}, {""candidate_pair_id"": ""Trajectories/2022-02-04/020_RR220204A_981C_0126-02.bmp || Trajectories/2022-02-04/133_RR220204A_467C_1754-01.bmp"", ""baseline_accuracy"": 0.5, ""augmented_accuracy"": 0.5, ""delta_accuracy"": 0.0, ""by_class_delta"": {""(1 x 1)"": -0.375, ""c(6 x 2)"": 0.0, ""(\u221a13 x \u221a13)"": 0.375, ""HTR"": 0.0}, ""cache_hit"": false}]",
random,8,40,110,60,0.4368926131945605,0.8848039215686274,0.5333333333333333,"{""(1 x 1)"": {""correct"": 2, ""total"": 8, ""accuracy"": 0.25}, ""c(6 x 2)"": {""correct"": 5, ""total"": 8, ""accuracy"": 0.625}, ""(\u221a13 x \u221a13)"": {""correct"": 4, ""total"": 8, ""accuracy"": 0.5}, ""HTR"": {""correct"": 5, ""total"": 6, ""accuracy"": 0.8333333333333334}}","[""Trajectories/2022-04-11/397_RR220411A_528C_1948.bmp || Trajectories/2022-04-11/443_RR220411A_303C_2007.bmp"", ""Trajectories/2022-04-11/343_RR220411A_722C_1918.bmp || Trajectories/2022-04-11/374_RR220411A_625C_1937.bmp"", ""Trajectories/2022-02-04/049_RR220204A_218C_0201.bmp || Trajectories/2022-02-04/307_RR220204A_912C_2025.bmp"", ""Trajectories/2022-04-11/008_RR220411A_193C_1422.bmp || Trajectories/2022-04-11/093_RR220411A_482C_1531.bmp"", ""Trajectories/2022-02-06/273_RR220206A_423C_2243.bmp || Trajectories/2022-04-11/379_RR220411A_614C_1940.bmp""]","{""Trajectories/2022-04-11/397_RR220411A_528C_1948.bmp || Trajectories/2022-04-11/443_RR220411A_303C_2007.bmp"": 1, ""Trajectories/2022-04-11/343_RR220411A_722C_1918.bmp || Trajectories/2022-04-11/374_RR220411A_625C_1937.bmp"": 5, ""Trajectories/2022-02-04/049_RR220204A_218C_0201.bmp || Trajectories/2022-02-04/307_RR220204A_912C_2025.bmp"": 5, ""Trajectories/2022-04-11/008_RR220411A_193C_1422.bmp || Trajectories/2022-04-11/093_RR220411A_482C_1531.bmp"": 5, ""Trajectories/2022-02-06/273_RR220206A_423C_2243.bmp || Trajectories/2022-04-11/379_RR220411A_614C_1940.bmp"": 2}","[10, 10, 6, 8, 5]",4,"[{""candidate_pair_id"": ""Trajectories/2022-04-11/397_RR220411A_528C_1948.bmp || Trajectories/2022-04-11/443_RR220411A_303C_2007.bmp"", ""baseline_accuracy"": 0.5333333333333333, ""augmented_accuracy"": 0.43333333333333335, ""delta_accuracy"": -0.09999999999999998, ""by_class_delta"": {""(1 x 1)"": 0.0, ""c(6 x 2)"": -0.625, ""(\u221a13 x \u221a13)"": 0.125, ""HTR"": 0.16666666666666663}, ""cache_hit"": false}, {""candidate_pair_id"": ""Trajectories/2022-04-11/343_RR220411A_722C_1918.bmp || Trajectories/2022-04-11/374_RR220411A_625C_1937.bmp"", ""baseline_accuracy"": 0.5333333333333333, ""augmented_accuracy"": 0.3, ""delta_accuracy"": -0.23333333333333334, ""by_class_delta"": {""(1 x 1)"": 0.0, ""c(6 x 2)"": -0.625, ""(\u221a13 x \u221a13)"": 0.125, ""HTR"": -0.5}, ""cache_hit"": false}, {""candidate_pair_id"": ""Trajectories/2022-02-04/049_RR220204A_218C_0201.bmp || Trajectories/2022-02-04/307_RR220204A_912C_2025.bmp"", ""baseline_accuracy"": 0.5333333333333333, ""augmented_accuracy"": 0.4, ""delta_accuracy"": -0.1333333333333333, ""by_class_delta"": {""(1 x 1)"": -0.125, ""c(6 x 2)"": -0.625, ""(\u221a13 x \u221a13)"": 0.125, ""HTR"": 0.16666666666666663}, ""cache_hit"": false}, {""candidate_pair_id"": ""Trajectories/2022-04-11/008_RR220411A_193C_1422.bmp || Trajectories/2022-04-11/093_RR220411A_482C_1531.bmp"", ""baseline_accuracy"": 0.5333333333333333, ""augmented_accuracy"": 0.3333333333333333, ""delta_accuracy"": -0.2, ""by_class_delta"": {""(1 x 1)"": 0.125, ""c(6 x 2)"": -0.625, ""(\u221a13 x \u221a13)"": 0.375, ""HTR"": -0.8333333333333334}, ""cache_hit"": false}, {""candidate_pair_id"": ""Trajectories/2022-02-06/273_RR220206A_423C_2243.bmp || Trajectories/2022-04-11/379_RR220411A_614C_1940.bmp"", ""baseline_accuracy"": 0.5333333333333333, ""augmented_accuracy"": 0.4, ""delta_accuracy"": -0.1333333333333333, ""by_class_delta"": {""(1 x 1)"": 0.0, ""c(6 x 2)"": -0.625, ""(\u221a13 x \u221a13)"": 0.375, ""HTR"": -0.33333333333333337}, ""cache_hit"": false}]",
random,9,45,115,55,0.4379521285537315,0.92018779342723,0.7666666666666667,"{""(1 x 1)"": {""correct"": 5, ""total"": 8, ""accuracy"": 0.625}, ""c(6 x 2)"": {""correct"": 6, ""total"": 8, ""accuracy"": 0.75}, ""(\u221a13 x \u221a13)"": {""correct"": 8, ""total"": 8, ""accuracy"": 1.0}, ""HTR"": {""correct"": 4, ""total"": 6, ""accuracy"": 0.6666666666666666}}","[""Trajectories/2022-04-11/141_RR220411A_656C_1613.bmp || Trajectories/2022-04-11/203_RR220411A_843C_1711-03.bmp"", ""Trajectories/2022-02-06/037_RR220206A_165C_1722.bmp || Trajectories/2022-04-11/219_RR220411A_865C_1720.bmp"", ""Trajectories/2022-04-11/036_RR220411A_313C_1443.bmp || Trajectories/2022-04-11/072_RR220411A_429C_1516.bmp"", ""Trajectories/2022-02-06/241_RR220206A_692C_2157.bmp || Trajectories/2022-04-11/201_RR220411A_843C_1711-01.bmp"", ""Trajectories/2022-02-06/048_RR220206A_175C_1736.bmp || Trajectories/2022-04-11/189_RR220411A_822C_1703.bmp""]","{""Trajectories/2022-04-11/141_RR220411A_656C_1613.bmp || Trajectories/2022-04-11/203_RR220411A_843C_1711-03.bmp"": 1, ""Trajectories/2022-02-06/037_RR220206A_165C_1722.bmp || Trajectories/2022-04-11/219_RR220411A_865C_1720.bmp"": 5, ""Trajectories/2022-04-11/036_RR220411A_313C_1443.bmp || Trajectories/2022-04-11/072_RR220411A_429C_1516.bmp"": 1, ""Trajectories/2022-02-06/241_RR220206A_692C_2157.bmp || Trajectories/2022-04-11/201_RR220411A_843C_1711-01.bmp"": 5, ""Trajectories/2022-02-06/048_RR220206A_175C_1736.bmp || Trajectories/2022-04-11/189_RR220411A_822C_1703.bmp"": 5}","[8, 8, 0, 18, 0]",3,"[{""candidate_pair_id"": ""Trajectories/2022-04-11/141_RR220411A_656C_1613.bmp || Trajectories/2022-04-11/203_RR220411A_843C_1711-03.bmp"", ""baseline_accuracy"": 0.7666666666666667, ""augmented_accuracy"": 0.36666666666666664, ""delta_accuracy"": -0.4000000000000001, ""by_class_delta"": {""(1 x 1)"": -0.625, ""c(6 x 2)"": -0.75, ""(\u221a13 x \u221a13)"": 0.0, ""HTR"": -0.16666666666666663}, ""cache_hit"": false}, {""candidate_pair_id"": ""Trajectories/2022-02-06/037_RR220206A_165C_1722.bmp || Trajectories/2022-04-11/219_RR220411A_865C_1720.bmp"", ""baseline_accuracy"": 0.7666666666666667, ""augmented_accuracy"": 0.2, ""delta_accuracy"": -0.5666666666666667, ""by_class_delta"": {""(1 x 1)"": -0.5, ""c(6 x 2)"": -0.75, ""(\u221a13 x \u221a13)"": -0.375, ""HTR"": -0.6666666666666666}, ""cache_hit"": false}, {""candidate_pair_id"": ""Trajectories/2022-04-11/036_RR220411A_313C_1443.bmp || Trajectories/2022-04-11/072_RR220411A_429C_1516.bmp"", ""baseline_accuracy"": 0.7666666666666667, ""augmented_accuracy"": 0.36666666666666664, ""delta_accuracy"": -0.4000000000000001, ""by_class_delta"": {""(1 x 1)"": -0.625, ""c(6 x 2)"": -0.75, ""(\u221a13 x \u221a13)"": 0.0, ""HTR"": -0.16666666666666663}, ""cache_hit"": false}, {""candidate_pair_id"": ""Trajectories/2022-02-06/241_RR220206A_692C_2157.bmp || Trajectories/2022-04-11/201_RR220411A_843C_1711-01.bmp"", ""baseline_accuracy"": 0.7666666666666667, ""augmented_accuracy"": 0.4, ""delta_accuracy"": -0.3666666666666667, ""by_class_delta"": {""(1 x 1)"": -0.5, ""c(6 x 2)"": -0.75, ""(\u221a13 x \u221a13)"": -0.375, ""HTR"": 0.33333333333333337}, ""cache_hit"": false}, {""candidate_pair_id"": ""Trajectories/2022-02-06/048_RR220206A_175C_1736.bmp || Trajectories/2022-04-11/189_RR220411A_822C_1703.bmp"", ""baseline_accuracy"": 0.7666666666666667, ""augmented_accuracy"": 0.3333333333333333, ""delta_accuracy"": -0.4333333333333334, ""by_class_delta"": {""(1 x 1)"": -0.625, ""c(6 x 2)"": -0.75, ""(\u221a13 x \u221a13)"": -0.375, ""HTR"": 0.16666666666666674}, ""cache_hit"": false}]",
random,10,50,120,50,0.4231721794754256,0.9345372460496614,0.7,"{""(1 x 1)"": {""correct"": 3, ""total"": 8, ""accuracy"": 0.375}, ""c(6 x 2)"": {""correct"": 7, ""total"": 8, ""accuracy"": 0.875}, ""(\u221a13 x \u221a13)"": {""correct"": 7, ""total"": 8, ""accuracy"": 0.875}, ""HTR"": {""correct"": 4, ""total"": 6, ""accuracy"": 0.6666666666666666}}",[],,[],0,[],True
uncertainty,0,0,70,100,0.4478316661604555,0.7303370786516854,0.36666666666666664,"{""(1 x 1)"": {""correct"": 1, ""total"": 8, ""accuracy"": 0.125}, ""c(6 x 2)"": {""correct"": 0, ""total"": 8, ""accuracy"": 0.0}, ""(\u221a13 x \u221a13)"": {""correct"": 6, ""total"": 8, ""accuracy"": 0.75}, ""HTR"": {""correct"": 4, ""total"": 6, ""accuracy"": 0.6666666666666666}}","[""Trajectories/2022-02-04/160_RR220204A_501C_1809-02.bmp || Trajectories/2022-02-04/161_RR220204A_504C_1810.bmp"", ""Trajectories/2022-02-04/076_RR220204A_299C_1713.bmp || Trajectories/2022-02-04/080_RR220204A_301C_1718.bmp"", ""Trajectories/2022-02-04/085_RR220204A_378C_1720.bmp || Trajectories/2022-02-04/134_RR220204A_467C_1754-02.bmp"", ""Trajectories/2022-04-11/246_RR220411A_915C_1741.bmp || Trajectories/2022-04-11/258_RR220411A_932C_1751.bmp"", ""Trajectories/2022-04-11/397_RR220411A_528C_1948.bmp || Trajectories/2022-04-11/443_RR220411A_303C_2007.bmp""]","{""Trajectories/2022-02-04/160_RR220204A_501C_1809-02.bmp || Trajectories/2022-02-04/161_RR220204A_504C_1810.bmp"": 1, ""Trajectories/2022-02-04/076_RR220204A_299C_1713.bmp || Trajectories/2022-02-04/080_RR220204A_301C_1718.bmp"": 1, ""Trajectories/2022-02-04/085_RR220204A_378C_1720.bmp || Trajectories/2022-02-04/134_RR220204A_467C_1754-02.bmp"": 1, ""Trajectories/2022-04-11/246_RR220411A_915C_1741.bmp || Trajectories/2022-04-11/258_RR220411A_932C_1751.bmp"": 1, ""Trajectories/2022-04-11/397_RR220411A_528C_1948.bmp || Trajectories/2022-04-11/443_RR220411A_303C_2007.bmp"": 1}","[5, 5, 5, 5, 11]",2,"[{""candidate_pair_id"": ""Trajectories/2022-02-04/160_RR220204A_501C_1809-02.bmp || Trajectories/2022-02-04/161_RR220204A_504C_1810.bmp"", ""baseline_accuracy"": 0.36666666666666664, ""augmented_accuracy"": 0.13333333333333333, ""delta_accuracy"": -0.2333333333333333, ""by_class_delta"": {""(1 x 1)"": 0.0, ""c(6 x 2)"": 0.0, ""(\u221a13 x \u221a13)"": -0.375, ""HTR"": -0.6666666666666666}, ""cache_hit"": false}, {""candidate_pair_id"": ""Trajectories/2022-02-04/076_RR220204A_299C_1713.bmp || Trajectories/2022-02-04/080_RR220204A_301C_1718.bmp"", ""baseline_accuracy"": 0.36666666666666664, ""augmented_accuracy"": 0.13333333333333333, ""delta_accuracy"": -0.2333333333333333, ""by_class_delta"": {""(1 x 1)"": 0.0, ""c(6 x 2)"": 0.0, ""(\u221a13 x \u221a13)"": -0.375, ""HTR"": -0.6666666666666666}, ""cache_hit"": false}, {""candidate_pair_id"": ""Trajectories/2022-02-04/085_RR220204A_378C_1720.bmp || Trajectories/2022-02-04/134_RR220204A_467C_1754-02.bmp"", ""baseline_accuracy"": 0.36666666666666664, ""augmented_accuracy"": 0.16666666666666666, ""delta_accuracy"": -0.19999999999999998, ""by_class_delta"": {""(1 x 1)"": 0.0, ""c(6 x 2)"": 0.0, ""(\u221a13 x \u221a13)"": -0.25, ""HTR"": -0.6666666666666666}, ""cache_hit"": true}, {""candidate_pair_id"": ""Trajectories/2022-04-11/246_RR220411A_915C_1741.bmp || Trajectories/2022-04-11/258_RR220411A_932C_1751.bmp"", ""baseline_accuracy"": 0.36666666666666664, ""augmented_accuracy"": 0.16666666666666666, ""delta_accuracy"": -0.19999999999999998, ""by_class_delta"": {""(1 x 1)"": 0.0, ""c(6 x 2)"": 0.0, ""(\u221a13 x \u221a13)"": -0.25, ""HTR"": -0.6666666666666666}, ""cache_hit"": false}, {""candidate_pair_id"": ""Trajectories/2022-04-11/397_RR220411A_528C_1948.bmp || Trajectories/2022-04-11/443_RR220411A_303C_2007.bmp"", ""baseline_accuracy"": 0.36666666666666664, ""augmented_accuracy"": 0.13333333333333333, ""delta_accuracy"": -0.2333333333333333, ""by_class_delta"": {""(1 x 1)"": 0.0, ""c(6 x 2)"": 0.0, ""(\u221a13 x \u221a13)"": -0.375, ""HTR"": -0.6666666666666666}, ""cache_hit"": false}]",
uncertainty,1,5,75,95,0.45757588901392676,0.7794117647058824,0.5333333333333333,"{""(1 x 1)"": {""correct"": 6, ""total"": 8, ""accuracy"": 0.75}, ""c(6 x 2)"": {""correct"": 0, ""total"": 8, ""accuracy"": 0.0}, ""(\u221a13 x \u221a13)"": {""correct"": 6, ""total"": 8, ""accuracy"": 0.75}, ""HTR"": {""correct"": 4, ""total"": 6, ""accuracy"": 0.6666666666666666}}","[""Trajectories/2022-02-06/048_RR220206A_175C_1736.bmp || Trajectories/2022-04-11/189_RR220411A_822C_1703.bmp"", ""Trajectories/2022-04-11/036_RR220411A_313C_1443.bmp || Trajectories/2022-04-11/072_RR220411A_429C_1516.bmp"", ""Trajectories/2022-02-04/266_RR220204A_783C_1938.bmp || Trajectories/2022-02-04/356_RR220204A_949C_2144.bmp"", ""Trajectories/2022-02-04/230_RR220204A_695C_1902.bmp || Trajectories/2022-02-06/074_RR220206A_430C_1809.bmp"", ""Trajectories/2022-02-04/309_RR220204A_911C_2027.bmp || Trajectories/2022-02-04/361_RR220204A_947C_2156.bmp""]","{""Trajectories/2022-02-06/048_RR220206A_175C_1736.bmp || Trajectories/2022-04-11/189_RR220411A_822C_1703.bmp"": 5, ""Trajectories/2022-04-11/036_RR220411A_313C_1443.bmp || Trajectories/2022-04-11/072_RR220411A_429C_1516.bmp"": 1, ""Trajectories/2022-02-04/266_RR220204A_783C_1938.bmp || Trajectories/2022-02-04/356_RR220204A_949C_2144.bmp"": 5, ""Trajectories/2022-02-04/230_RR220204A_695C_1902.bmp || Trajectories/2022-02-06/074_RR220206A_430C_1809.bmp"": 2, ""Trajectories/2022-02-04/309_RR220204A_911C_2027.bmp || Trajectories/2022-02-04/361_RR220204A_947C_2156.bmp"": 1}","[6, 17, 5, 14, 5]",4,"[{""candidate_pair_id"": ""Trajectories/2022-02-06/048_RR220206A_175C_1736.bmp || Trajectories/2022-04-11/189_RR220411A_822C_1703.bmp"", ""baseline_accuracy"": 0.5333333333333333, ""augmented_accuracy"": 0.4666666666666667, ""delta_accuracy"": -0.06666666666666665, ""by_class_delta"": {""(1 x 1)"": 0.0, ""c(6 x 2)"": 0.0, ""(\u221a13 x \u221a13)"": -0.25, ""HTR"": 0.0}, ""cache_hit"": false}, {""candidate_pair_id"": ""Trajectories/2022-04-11/036_RR220411A_313C_1443.bmp || Trajectories/2022-04-11/072_RR220411A_429C_1516.bmp"", ""baseline_accuracy"": 0.5333333333333333, ""augmented_accuracy"": 0.16666666666666666, ""delta_accuracy"": -0.3666666666666667, ""by_class_delta"": {""(1 x 1)"": -0.625, ""c(6 x 2)"": 0.0, ""(\u221a13 x \u221a13)"": -0.25, ""HTR"": -0.6666666666666666}, ""cache_hit"": false}, {""candidate_pair_id"": ""Trajectories/2022-02-04/266_RR220204A_783C_1938.bmp || Trajectories/2022-02-04/356_RR220204A_949C_2144.bmp"", ""baseline_accuracy"": 0.5333333333333333, ""augmented_accuracy"": 0.3333333333333333, ""delta_accuracy"": -0.2, ""by_class_delta"": {""(1 x 1)"": 0.0, ""c(6 x 2)"": 0.0, ""(\u221a13 x \u221a13)"": -0.25, ""HTR"": -0.6666666666666666}, ""cache_hit"": false}, {""candidate_pair_id"": ""Trajectories/2022-02-04/230_RR220204A_695C_1902.bmp || Trajectories/2022-02-06/074_RR220206A_430C_1809.bmp"", ""baseline_accuracy"": 0.5333333333333333, ""augmented_accuracy"": 0.5, ""delta_accuracy"": -0.033333333333333326, ""by_class_delta"": {""(1 x 1)"": 0.125, ""c(6 x 2)"": 0.0, ""(\u221a13 x \u221a13)"": -0.25, ""HTR"": 0.0}, ""cache_hit"": false}, {""candidate_pair_id"": ""Trajectories/2022-02-04/309_RR220204A_911C_2027.bmp || Trajectories/2022-02-04/361_RR220204A_947C_2156.bmp"", ""baseline_accuracy"": 0.5333333333333333, ""augmented_accuracy"": 0.23333333333333334, ""delta_accuracy"": -0.3, ""by_class_delta"": {""(1 x 1)"": -0.625, ""c(6 x 2)"": 0.0, ""(\u221a13 x \u221a13)"": 0.0, ""HTR"": -0.6666666666666666}, ""cache_hit"": false}]",
uncertainty,2,10,80,90,0.44307372094441605,0.7272727272727273,0.5,"{""(1 x 1)"": {""correct"": 8, ""total"": 8, ""accuracy"": 1.0}, ""c(6 x 2)"": {""correct"": 0, ""total"": 8, ""accuracy"": 0.0}, ""(\u221a13 x \u221a13)"": {""correct"": 3, ""total"": 8, ""accuracy"": 0.375}, ""HTR"": {""correct"": 4, ""total"": 6, ""accuracy"": 0.6666666666666666}}","[""Trajectories/2022-04-11/138_RR220411A_635C_1610.bmp || Trajectories/2022-04-11/186_RR220411A_805C_1658.bmp"", ""Trajectories/2022-02-06/090_RR220206A_568C_1828.bmp || Trajectories/2022-04-11/149_RR220411A_676C_1619.bmp"", ""Trajectories/2022-02-04/156_RR220204A_490C_1808.bmp || Trajectories/2022-02-04/383_RR220204A_937C_2331.bmp"", ""Trajectories/2022-02-04/221_RR220204A_666C_1854.bmp || Trajectories/2022-02-04/339_RR220204A_938C_2110.bmp"", ""Trajectories/2022-02-04/021_RR220204A_981C_0126-03.bmp || Trajectories/2022-04-11/225_RR220411A_873C_1724.bmp""]","{""Trajectories/2022-04-11/138_RR220411A_635C_1610.bmp || Trajectories/2022-04-11/186_RR220411A_805C_1658.bmp"": 5, ""Trajectories/2022-02-06/090_RR220206A_568C_1828.bmp || Trajectories/2022-04-11/149_RR220411A_676C_1619.bmp"": 5, ""Trajectories/2022-02-04/156_RR220204A_490C_1808.bmp || Trajectories/2022-02-04/383_RR220204A_937C_2331.bmp"": 5, ""Trajectories/2022-02-04/221_RR220204A_666C_1854.bmp || Trajectories/2022-02-04/339_RR220204A_938C_2110.bmp"": 1, ""Trajectories/2022-02-04/021_RR220204A_981C_0126-03.bmp || Trajectories/2022-04-11/225_RR220411A_873C_1724.bmp"": 5}","[1, 1, 3, 9, 10]",4,"[{""candidate_pair_id"": ""Trajectories/2022-04-11/138_RR220411A_635C_1610.bmp || Trajectories/2022-04-11/186_RR220411A_805C_1658.bmp"", ""baseline_accuracy"": 0.5, ""augmented_accuracy"": 0.4666666666666667, ""delta_accuracy"": -0.033333333333333326, ""by_class_delta"": {""(1 x 1)"": -0.75, ""c(6 x 2)"": 0.625, ""(\u221a13 x \u221a13)"": 0.0, ""HTR"": 0.0}, ""cache_hit"": false}, {""candidate_pair_id"": ""Trajectories/2022-02-06/090_RR220206A_568C_1828.bmp || Trajectories/2022-04-11/149_RR220411A_676C_1619.bmp"", ""baseline_accuracy"": 0.5, ""augmented_accuracy"": 0.3, ""delta_accuracy"": -0.2, ""by_class_delta"": {""(1 x 1)"": -0.75, ""c(6 x 2)"": 0.0, ""(\u221a13 x \u221a13)"": 0.0, ""HTR"": 0.0}, ""cache_hit"": false}, {""candidate_pair_id"": ""Trajectories/2022-02-04/156_RR220204A_490C_1808.bmp || Trajectories/2022-02-04/383_RR220204A_937C_2331.bmp"", ""baseline_accuracy"": 0.5, ""augmented_accuracy"": 0.43333333333333335, ""delta_accuracy"": -0.06666666666666665, ""by_class_delta"": {""(1 x 1)"": -0.875, ""c(6 x 2)"": 0.625, ""(\u221a13 x \u221a13)"": 0.0, ""HTR"": 0.0}, ""cache_hit"": false}, {""candidate_pair_id"": ""Trajectories/2022-02-04/221_RR220204A_666C_1854.bmp || Trajectories/2022-02-04/339_RR220204A_938C_2110.bmp"", ""baseline_accuracy"": 0.5, ""augmented_accuracy"": 0.3333333333333333, ""delta_accuracy"": -0.16666666666666669, ""by_class_delta"": {""(1 x 1)"": -0.25, ""c(6 x 2)"": 0.0, ""(\u221a13 x \u221a13)"": 0.125, ""HTR"": -0.6666666666666666}, ""cache_hit"": false}, {""candidate_pair_id"": ""Trajectories/2022-02-04/021_RR220204A_981C_0126-03.bmp || Trajectories/2022-04-11/225_RR220411A_873C_1724.bmp"", ""baseline_accuracy"": 0.5, ""augmented_accuracy"": 0.4666666666666667, ""delta_accuracy"": -0.033333333333333326, ""by_class_delta"": {""(1 x 1)"": -0.75, ""c(6 x 2)"": 0.625, ""(\u221a13 x \u221a13)"": 0.0, ""HTR"": 0.0}, ""cache_hit"": false}]",
uncertainty,3,15,85,85,0.4270123229700653,0.6710097719869706,0.23333333333333334,"{""(1 x 1)"": {""correct"": 7, ""total"": 8, ""accuracy"": 0.875}, ""c(6 x 2)"": {""correct"": 0, ""total"": 8, ""accuracy"": 0.0}, ""(\u221a13 x \u221a13)"": {""correct"": 0, ""total"": 8, ""accuracy"": 0.0}, ""HTR"": {""correct"": 0, ""total"": 6, ""accuracy"": 0.0}}","[""Trajectories/2022-02-06/102_RR220206A_698C_1845.bmp || Trajectories/2022-04-11/183_RR220411A_794C_1655.bmp"", ""Trajectories/2022-04-11/343_RR220411A_722C_1918.bmp || Trajectories/2022-04-11/374_RR220411A_625C_1937.bmp"", ""Trajectories/2022-04-11/323_RR220411A_816C_1903.bmp || Trajectories/2022-04-11/366_RR220411A_654C_1930.bmp"", ""Trajectories/2022-02-06/273_RR220206A_423C_2243.bmp || Trajectories/2022-04-11/379_RR220411A_614C_1940.bmp"", ""Trajectories/2022-04-11/238_RR220411A_905C_1736.bmp || Trajectories/2022-04-11/319_RR220411A_828C_1900.bmp""]","{""Trajectories/2022-02-06/102_RR220206A_698C_1845.bmp || Trajectories/2022-04-11/183_RR220411A_794C_1655.bmp"": 1, ""Trajectories/2022-04-11/343_RR220411A_722C_1918.bmp || Trajectories/2022-04-11/374_RR220411A_625C_1937.bmp"": 5, ""Trajectories/2022-04-11/323_RR220411A_816C_1903.bmp || Trajectories/2022-04-11/366_RR220411A_654C_1930.bmp"": 5, ""Trajectories/2022-02-06/273_RR220206A_423C_2243.bmp || Trajectories/2022-04-11/379_RR220411A_614C_1940.bmp"": 2, ""Trajectories/2022-04-11/238_RR220411A_905C_1736.bmp || Trajectories/2022-04-11/319_RR220411A_828C_1900.bmp"": 5}","[2, 19, 19, 0, 19]",3,"[{""candidate_pair_id"": ""Trajectories/2022-02-06/102_RR220206A_698C_1845.bmp || Trajectories/2022-04-11/183_RR220411A_794C_1655.bmp"", ""baseline_accuracy"": 0.23333333333333334, ""augmented_accuracy"": 0.13333333333333333, ""delta_accuracy"": -0.1, ""by_class_delta"": {""(1 x 1)"": -0.875, ""c(6 x 2)"": 0.0, ""(\u221a13 x \u221a13)"": 0.375, ""HTR"": 0.16666666666666666}, ""cache_hit"": false}, {""candidate_pair_id"": ""Trajectories/2022-04-11/343_RR220411A_722C_1918.bmp || Trajectories/2022-04-11/374_RR220411A_625C_1937.bmp"", ""baseline_accuracy"": 0.23333333333333334, ""augmented_accuracy"": 0.3333333333333333, ""delta_accuracy"": 0.09999999999999998, ""by_class_delta"": {""(1 x 1)"": -0.75, ""c(6 x 2)"": 0.0, ""(\u221a13 x \u221a13)"": 0.875, ""HTR"": 0.3333333333333333}, ""cache_hit"": false}, {""candidate_pair_id"": ""Trajectories/2022-04-11/323_RR220411A_816C_1903.bmp || Trajectories/2022-04-11/366_RR220411A_654C_1930.bmp"", ""baseline_accuracy"": 0.23333333333333334, ""augmented_accuracy"": 0.36666666666666664, ""delta_accuracy"": 0.1333333333333333, ""by_class_delta"": {""(1 x 1)"": -0.75, ""c(6 x 2)"": 0.0, ""(\u221a13 x \u221a13)"": 0.875, ""HTR"": 0.5}, ""cache_hit"": false}, {""candidate_pair_id"": ""Trajectories/2022-02-06/273_RR220206A_423C_2243.bmp || Trajectories/2022-04-11/379_RR220411A_614C_1940.bmp"", ""baseline_accuracy"": 0.23333333333333334, ""augmented_accuracy"": 0.26666666666666666, ""delta_accuracy"": 0.033333333333333326, ""by_class_delta"": {""(1 x 1)"": -0.625, ""c(6 x 2)"": 0.0, ""(\u221a13 x \u221a13)"": 0.5, ""HTR"": 0.3333333333333333}, ""cache_hit"": false}, {""candidate_pair_id"": ""Trajectories/2022-04-11/238_RR220411A_905C_1736.bmp || Trajectories/2022-04-11/319_RR220411A_828C_1900.bmp"", ""baseline_accuracy"": 0.23333333333333334, ""augmented_accuracy"": 0.36666666666666664, ""delta_accuracy"": 0.1333333333333333, ""by_class_delta"": {""(1 x 1)"": -0.875, ""c(6 x 2)"": 0.0, ""(\u221a13 x \u221a13)"": 0.875, ""HTR"": 0.6666666666666666}, ""cache_hit"": false}]",
uncertainty,4,20,90,80,0.4242051943106601,0.8584615384615385,0.43333333333333335,"{""(1 x 1)"": {""correct"": 2, ""total"": 8, ""accuracy"": 0.25}, ""c(6 x 2)"": {""correct"": 0, ""total"": 8, ""accuracy"": 0.0}, ""(\u221a13 x \u221a13)"": {""correct"": 7, ""total"": 8, ""accuracy"": 0.875}, ""HTR"": {""correct"": 4, ""total"": 6, ""accuracy"": 0.6666666666666666}}","[""Trajectories/2022-02-04/205_RR220204A_642C_1839-02.bmp || Trajectories/2022-02-04/337_RR220204A_938C_2106.bmp"", ""Trajectories/2022-02-04/189_RR220204A_578C_1830.bmp || Trajectories/2022-02-04/341_RR220204A_937C_2114.bmp"", ""Trajectories/2022-02-06/129_RR220206A_912C_1929.bmp || Trajectories/2022-04-11/217_RR220411A_857C_1718.bmp"", ""Trajectories/2022-02-04/085_RR220204A_378C_1720.bmp || Trajectories/2022-02-04/328_RR220204A_946C_2053.bmp"", ""Trajectories/2022-02-04/079_RR220204A_301C_1717.bmp || Trajectories/2022-02-04/329_RR220204A_946C_2054.bmp""]","{""Trajectories/2022-02-04/205_RR220204A_642C_1839-02.bmp || Trajectories/2022-02-04/337_RR220204A_938C_2106.bmp"": 1, ""Trajectories/2022-02-04/189_RR220204A_578C_1830.bmp || Trajectories/2022-02-04/341_RR220204A_937C_2114.bmp"": 5, ""Trajectories/2022-02-06/129_RR220206A_912C_1929.bmp || Trajectories/2022-04-11/217_RR220411A_857C_1718.bmp"": 5, ""Trajectories/2022-02-04/085_RR220204A_378C_1720.bmp || Trajectories/2022-02-04/328_RR220204A_946C_2053.bmp"": 5, ""Trajectories/2022-02-04/079_RR220204A_301C_1717.bmp || Trajectories/2022-02-04/329_RR220204A_946C_2054.bmp"": 1}","[11, 11, 14, 1, 1]",3,"[{""candidate_pair_id"": ""Trajectories/2022-02-04/205_RR220204A_642C_1839-02.bmp || Trajectories/2022-02-04/337_RR220204A_938C_2106.bmp"", ""baseline_accuracy"": 0.43333333333333335, ""augmented_accuracy"": 0.4666666666666667, ""delta_accuracy"": 0.033333333333333326, ""by_class_delta"": {""(1 x 1)"": 0.125, ""c(6 x 2)"": 0.0, ""(\u221a13 x \u221a13)"": 0.0, ""HTR"": 0.0}, ""cache_hit"": false}, {""candidate_pair_id"": ""Trajectories/2022-02-04/189_RR220204A_578C_1830.bmp || Trajectories/2022-02-04/341_RR220204A_937C_2114.bmp"", ""baseline_accuracy"": 0.43333333333333335, ""augmented_accuracy"": 0.6666666666666666, ""delta_accuracy"": 0.23333333333333328, ""by_class_delta"": {""(1 x 1)"": 0.0, ""c(6 x 2)"": 0.875, ""(\u221a13 x \u221a13)"": 0.125, ""HTR"": -0.16666666666666663}, ""cache_hit"": false}, {""candidate_pair_id"": ""Trajectories/2022-02-06/129_RR220206A_912C_1929.bmp || Trajectories/2022-04-11/217_RR220411A_857C_1718.bmp"", ""baseline_accuracy"": 0.43333333333333335, ""augmented_accuracy"": 0.4666666666666667, ""delta_accuracy"": 0.033333333333333326, ""by_class_delta"": {""(1 x 1)"": -0.25, ""c(6 x 2)"": 0.875, ""(\u221a13 x \u221a13)"": -0.25, ""HTR"": -0.3333333333333333}, ""cache_hit"": false}, {""candidate_pair_id"": ""Trajectories/2022-02-04/085_RR220204A_378C_1720.bmp || Trajectories/2022-02-04/328_RR220204A_946C_2053.bmp"", ""baseline_accuracy"": 0.43333333333333335, ""augmented_accuracy"": 0.5333333333333333, ""delta_accuracy"": 0.09999999999999998, ""by_class_delta"": {""(1 x 1)"": -0.125, ""c(6 x 2)"": 0.75, ""(\u221a13 x \u221a13)"": 0.0, ""HTR"": -0.3333333333333333}, ""cache_hit"": false}, {""candidate_pair_id"": ""Trajectories/2022-02-04/079_RR220204A_301C_1717.bmp || Trajectories/2022-02-04/329_RR220204A_946C_2054.bmp"", ""baseline_accuracy"": 0.43333333333333335, ""augmented_accuracy"": 0.4, ""delta_accuracy"": -0.033333333333333326, ""by_class_delta"": {""(1 x 1)"": 0.125, ""c(6 x 2)"": 0.0, ""(\u221a13 x \u221a13)"": -0.25, ""HTR"": 0.0}, ""cache_hit"": false}]",
uncertainty,5,25,95,75,0.409709282482321,0.9385964912280702,0.43333333333333335,"{""(1 x 1)"": {""correct"": 2, ""total"": 8, ""accuracy"": 0.25}, ""c(6 x 2)"": {""correct"": 1, ""total"": 8, ""accuracy"": 0.125}, ""(\u221a13 x \u221a13)"": {""correct"": 5, ""total"": 8, ""accuracy"": 0.625}, ""HTR"": {""correct"": 5, ""total"": 6, ""accuracy"": 0.8333333333333334}}","[""Trajectories/2022-02-04/124_RR220204A_444C_1748.bmp || Trajectories/2022-04-11/330_RR220411A_762C_1910.bmp"", ""Trajectories/2022-02-04/338_RR220204A_940C_2108.bmp || Trajectories/2022-04-11/354_RR220411A_693C_1924.bmp"", ""Trajectories/2022-04-11/008_RR220411A_193C_1422.bmp || Trajectories/2022-04-11/093_RR220411A_482C_1531.bmp"", ""Trajectories/2022-02-04/106_RR220204A_430C_1736.bmp || Trajectories/2022-02-04/347_RR220204A_954C_2124.bmp"", ""Trajectories/2022-02-04/334_RR220204A_939C_2101.bmp || Trajectories/2022-04-11/386_RR220411A_580C_1943.bmp""]","{""Trajectories/2022-02-04/124_RR220204A_444C_1748.bmp || Trajectories/2022-04-11/330_RR220411A_762C_1910.bmp"": 5, ""Trajectories/2022-02-04/338_RR220204A_940C_2108.bmp || Trajectories/2022-04-11/354_RR220411A_693C_1924.bmp"": 5, ""Trajectories/2022-04-11/008_RR220411A_193C_1422.bmp || Trajectories/2022-04-11/093_RR220411A_482C_1531.bmp"": 5, ""Trajectories/2022-02-04/106_RR220204A_430C_1736.bmp || Trajectories/2022-02-04/347_RR220204A_954C_2124.bmp"": 1, ""Trajectories/2022-02-04/334_RR220204A_939C_2101.bmp || Trajectories/2022-04-11/386_RR220411A_580C_1943.bmp"": 5}","[8, 8, 6, 1, 8]",3,"[{""candidate_pair_id"": ""Trajectories/2022-02-04/124_RR220204A_444C_1748.bmp || Trajectories/2022-04-11/330_RR220411A_762C_1910.bmp"", ""baseline_accuracy"": 0.43333333333333335, ""augmented_accuracy"": 0.4666666666666667, ""delta_accuracy"": 0.033333333333333326, ""by_class_delta"": {""(1 x 1)"": 0.0, ""c(6 x 2)"": -0.125, ""(\u221a13 x \u221a13)"": 0.375, ""HTR"": -0.16666666666666674}, ""cache_hit"": false}, {""candidate_pair_id"": ""Trajectories/2022-02-04/338_RR220204A_940C_2108.bmp || Trajectories/2022-04-11/354_RR220411A_693C_1924.bmp"", ""baseline_accuracy"": 0.43333333333333335, ""augmented_accuracy"": 0.4, ""delta_accuracy"": -0.033333333333333326, ""by_class_delta"": {""(1 x 1)"": -0.125, ""c(6 x 2)"": -0.125, ""(\u221a13 x \u221a13)"": 0.25, ""HTR"": -0.16666666666666674}, ""cache_hit"": false}, {""candidate_pair_id"": ""Trajectories/2022-04-11/008_RR220411A_193C_1422.bmp || Trajectories/2022-04-11/093_RR220411A_482C_1531.bmp"", ""baseline_accuracy"": 0.43333333333333335, ""augmented_accuracy"": 0.43333333333333335, ""delta_accuracy"": 0.0, ""by_class_delta"": {""(1 x 1)"": -0.125, ""c(6 x 2)"": -0.125, ""(\u221a13 x \u221a13)"": 0.375, ""HTR"": -0.16666666666666674}, ""cache_hit"": false}, {""candidate_pair_id"": ""Trajectories/2022-02-04/106_RR220204A_430C_1736.bmp || Trajectories/2022-02-04/347_RR220204A_954C_2124.bmp"", ""baseline_accuracy"": 0.43333333333333335, ""augmented_accuracy"": 0.43333333333333335, ""delta_accuracy"": 0.0, ""by_class_delta"": {""(1 x 1)"": -0.125, ""c(6 x 2)"": -0.125, ""(\u221a13 x \u221a13)"": 0.375, ""HTR"": -0.16666666666666674}, ""cache_hit"": false}, {""candidate_pair_id"": ""Trajectories/2022-02-04/334_RR220204A_939C_2101.bmp || Trajectories/2022-04-11/386_RR220411A_580C_1943.bmp"", ""baseline_accuracy"": 0.43333333333333335, ""augmented_accuracy"": 0.4666666666666667, ""delta_accuracy"": 0.033333333333333326, ""by_class_delta"": {""(1 x 1)"": 0.0, ""c(6 x 2)"": -0.125, ""(\u221a13 x \u221a13)"": 0.375, ""HTR"": -0.16666666666666674}, ""cache_hit"": false}]",
uncertainty,6,30,100,70,0.4144809790349491,0.9008264462809917,0.43333333333333335,"{""(1 x 1)"": {""correct"": 2, ""total"": 8, ""accuracy"": 0.25}, ""c(6 x 2)"": {""correct"": 0, ""total"": 8, ""accuracy"": 0.0}, ""(\u221a13 x \u221a13)"": {""correct"": 7, ""total"": 8, ""accuracy"": 0.875}, ""HTR"": {""correct"": 4, ""total"": 6, ""accuracy"": 0.6666666666666666}}","[""Trajectories/2022-02-04/037_RR220204A_579C_0146.bmp || Trajectories/2022-02-04/074_RR220204A_297C_1711.bmp"", ""Trajectories/2022-02-04/020_RR220204A_981C_0126-02.bmp || Trajectories/2022-02-04/133_RR220204A_467C_1754-01.bmp"", ""Trajectories/2022-02-06/058_RR220206A_249C_1745.bmp || Trajectories/2022-04-11/178_RR220411A_774C_1649.bmp"", ""Trajectories/2022-02-04/022_RR220204A_981C_0127.bmp || Trajectories/2022-02-04/114_RR220204A_440C_1738.bmp"", ""Trajectories/2022-04-11/227_RR220411A_877C_1726.bmp || Trajectories/2022-04-11/323_RR220411A_816C_1903.bmp""]","{""Trajectories/2022-02-04/037_RR220204A_579C_0146.bmp || Trajectories/2022-02-04/074_RR220204A_297C_1711.bmp"": 1, ""Trajectories/2022-02-04/020_RR220204A_981C_0126-02.bmp || Trajectories/2022-02-04/133_RR220204A_467C_1754-01.bmp"": 2, ""Trajectories/2022-02-06/058_RR220206A_249C_1745.bmp || Trajectories/2022-04-11/178_RR220411A_774C_1649.bmp"": 1, ""Trajectories/2022-02-04/022_RR220204A_981C_0127.bmp || Trajectories/2022-02-04/114_RR220204A_440C_1738.bmp"": 5, ""Trajectories/2022-04-11/227_RR220411A_877C_1726.bmp || Trajectories/2022-04-11/323_RR220411A_816C_1903.bmp"": 5}","[2, 2, 12, 2, 7]",3,"[{""candidate_pair_id"": ""Trajectories/2022-02-04/037_RR220204A_579C_0146.bmp || Trajectories/2022-02-04/074_RR220204A_297C_1711.bmp"", ""baseline_accuracy"": 0.43333333333333335, ""augmented_accuracy"": 0.6666666666666666, ""delta_accuracy"": 0.23333333333333328, ""by_class_delta"": {""(1 x 1)"": 0.75, ""c(6 x 2)"": 0.0, ""(\u221a13 x \u221a13)"": 0.125, ""HTR"": 0.0}, ""cache_hit"": false}, {""candidate_pair_id"": ""Trajectories/2022-02-04/020_RR220204A_981C_0126-02.bmp || Trajectories/2022-02-04/133_RR220204A_467C_1754-01.bmp"", ""baseline_accuracy"": 0.43333333333333335, ""augmented_accuracy"": 0.6333333333333333, ""delta_accuracy"": 0.19999999999999996, ""by_class_delta"": {""(1 x 1)"": 0.625, ""c(6 x 2)"": 0.0, ""(\u221a13 x \u221a13)"": 0.125, ""HTR"": 0.0}, ""cache_hit"": false}, {""candidate_pair_id"": ""Trajectories/2022-02-06/058_RR220206A_249C_1745.bmp || Trajectories/2022-04-11/178_RR220411A_774C_1649.bmp"", ""baseline_accuracy"": 0.43333333333333335, ""augmented_accuracy"": 0.5, ""delta_accuracy"": 0.06666666666666665, ""by_class_delta"": {""(1 x 1)"": 0.125, ""c(6 x 2)"": 0.125, ""(\u221a13 x \u221a13)"": 0.0, ""HTR"": 0.0}, ""cache_hit"": false}, {""candidate_pair_id"": ""Trajectories/2022-02-04/022_RR220204A_981C_0127.bmp || Trajectories/2022-02-04/114_RR220204A_440C_1738.bmp"", ""baseline_accuracy"": 0.43333333333333335, ""augmented_accuracy"": 0.4666666666666667, ""delta_accuracy"": 0.033333333333333326, ""by_class_delta"": {""(1 x 1)"": 0.0, ""c(6 x 2)"": 0.0, ""(\u221a13 x \u221a13)"": 0.125, ""HTR"": 0.0}, ""cache_hit"": false}, {""candidate_pair_id"": ""Trajectories/2022-04-11/227_RR220411A_877C_1726.bmp || Trajectories/2022-04-11/323_RR220411A_816C_1903.bmp"", ""baseline_accuracy"": 0.43333333333333335, ""augmented_accuracy"": 0.4666666666666667, ""delta_accuracy"": 0.033333333333333326, ""by_class_delta"": {""(1 x 1)"": 0.0, ""c(6 x 2)"": 0.0, ""(\u221a13 x \u221a13)"": 0.125, ""HTR"": 0.0}, ""cache_hit"": false}]",
uncertainty,7,35,105,65,0.42274013840477237,0.8806366047745358,0.4,"{""(1 x 1)"": {""correct"": 0, ""total"": 8, ""accuracy"": 0.0}, ""c(6 x 2)"": {""correct"": 0, ""total"": 8, ""accuracy"": 0.0}, ""(\u221a13 x \u221a13)"": {""correct"": 8, ""total"": 8, ""accuracy"": 1.0}, ""HTR"": {""correct"": 4, ""total"": 6, ""accuracy"": 0.6666666666666666}}","[""Trajectories/2022-04-11/047_RR220411A_350C_1454.bmp || Trajectories/2022-04-11/186_RR220411A_805C_1658.bmp"", ""Trajectories/2022-02-06/057_RR220206A_249C_1744.bmp || Trajectories/2022-02-06/154_RR220206A_1092C_2003-02.bmp"", ""Trajectories/2022-02-04/024_RR220204A_927C_0130.bmp || Trajectories/2022-02-04/261_RR220204A_790C_1930.bmp"", ""Trajectories/2022-04-11/111_RR220411A_536C_1546.bmp || Trajectories/2022-04-11/175_RR220411A_765C_1645.bmp"", ""Trajectories/2022-02-06/163_RR220206A_1105C_2015.bmp || Trajectories/2022-02-06/249_RR220206A_638C_2210.bmp""]","{""Trajectories/2022-04-11/047_RR220411A_350C_1454.bmp || Trajectories/2022-04-11/186_RR220411A_805C_1658.bmp"": 5, ""Trajectories/2022-02-06/057_RR220206A_249C_1744.bmp || Trajectories/2022-02-06/154_RR220206A_1092C_2003-02.bmp"": 2, ""Trajectories/2022-02-04/024_RR220204A_927C_0130.bmp || Trajectories/2022-02-04/261_RR220204A_790C_1930.bmp"": 4, ""Trajectories/2022-04-11/111_RR220411A_536C_1546.bmp || Trajectories/2022-04-11/175_RR220411A_765C_1645.bmp"": 4, ""Trajectories/2022-02-06/163_RR220206A_1105C_2015.bmp || Trajectories/2022-02-06/249_RR220206A_638C_2210.bmp"": 1}","[11, 11, 16, 11, 11]",2,"[{""candidate_pair_id"": ""Trajectories/2022-04-11/047_RR220411A_350C_1454.bmp || Trajectories/2022-04-11/186_RR220411A_805C_1658.bmp"", ""baseline_accuracy"": 0.4, ""augmented_accuracy"": 0.5333333333333333, ""delta_accuracy"": 0.1333333333333333, ""by_class_delta"": {""(1 x 1)"": 0.25, ""c(6 x 2)"": 0.5, ""(\u221a13 x \u221a13)"": -0.125, ""HTR"": -0.16666666666666663}, ""cache_hit"": false}, {""candidate_pair_id"": ""Trajectories/2022-02-06/057_RR220206A_249C_1744.bmp || Trajectories/2022-02-06/154_RR220206A_1092C_2003-02.bmp"", ""baseline_accuracy"": 0.4, ""augmented_accuracy"": 0.5, ""delta_accuracy"": 0.09999999999999998, ""by_class_delta"": {""(1 x 1)"": 0.875, ""c(6 x 2)"": 0.0, ""(\u221a13 x \u221a13)"": -0.375, ""HTR"": -0.16666666666666663}, ""cache_hit"": false}, {""candidate_pair_id"": ""Trajectories/2022-02-04/024_RR220204A_927C_0130.bmp || Trajectories/2022-02-04/261_RR220204A_790C_1930.bmp"", ""baseline_accuracy"": 0.4, ""augmented_accuracy"": 0.3, ""delta_accuracy"": -0.10000000000000003, ""by_class_delta"": {""(1 x 1)"": 0.25, ""c(6 x 2)"": 0.0, ""(\u221a13 x \u221a13)"": -0.5, ""HTR"": -0.16666666666666663}, ""cache_hit"": false}, {""candidate_pair_id"": ""Trajectories/2022-04-11/111_RR220411A_536C_1546.bmp || Trajectories/2022-04-11/175_RR220411A_765C_1645.bmp"", ""baseline_accuracy"": 0.4, ""augmented_accuracy"": 0.3333333333333333, ""delta_accuracy"": -0.06666666666666671, ""by_class_delta"": {""(1 x 1)"": 0.25, ""c(6 x 2)"": 0.125, ""(\u221a13 x \u221a13)"": -0.625, ""HTR"": 0.0}, ""cache_hit"": false}, {""candidate_pair_id"": ""Trajectories/2022-02-06/163_RR220206A_1105C_2015.bmp || Trajectories/2022-02-06/249_RR220206A_638C_2210.bmp"", ""baseline_accuracy"": 0.4, ""augmented_accuracy"": 0.43333333333333335, ""delta_accuracy"": 0.033333333333333326, ""by_class_delta"": {""(1 x 1)"": 0.25, ""c(6 x 2)"": 0.0, ""(\u221a13 x \u221a13)"": -0.125, ""HTR"": 0.0}, ""cache_hit"": false}]",
uncertainty,8,40,110,60,0.4172663383273006,0.9007633587786259,0.7,"{""(1 x 1)"": {""correct"": 8, ""total"": 8, ""accuracy"": 1.0}, ""c(6 x 2)"": {""correct"": 1, ""total"": 8, ""accuracy"": 0.125}, ""(\u221a13 x \u221a13)"": {""correct"": 8, ""total"": 8, ""accuracy"": 1.0}, ""HTR"": {""correct"": 4, ""total"": 6, ""accuracy"": 0.6666666666666666}}","[""Trajectories/2022-04-11/063_RR220411A_402C_1510.bmp || Trajectories/2022-04-11/268_RR220411A_952C_1801.bmp"", ""Trajectories/2022-02-04/049_RR220204A_218C_0201.bmp || Trajectories/2022-02-04/307_RR220204A_912C_2025.bmp"", ""Trajectories/2022-02-04/296_RR220204A_869C_2015.bmp || Trajectories/2022-04-11/009_RR220411A_206C_1423.bmp"", ""Trajectories/2022-04-11/141_RR220411A_656C_1613.bmp || Trajectories/2022-04-11/203_RR220411A_843C_1711-03.bmp"", ""Trajectories/2022-02-04/303_RR220204A_917C_2021.bmp || Trajectories/2022-04-11/226_RR220411A_873C_1725.bmp""]","{""Trajectories/2022-04-11/063_RR220411A_402C_1510.bmp || Trajectories/2022-04-11/268_RR220411A_952C_1801.bmp"": 5, ""Trajectories/2022-02-04/049_RR220204A_218C_0201.bmp || Trajectories/2022-02-04/307_RR220204A_912C_2025.bmp"": 5, ""Trajectories/2022-02-04/296_RR220204A_869C_2015.bmp || Trajectories/2022-04-11/009_RR220411A_206C_1423.bmp"": 2, ""Trajectories/2022-04-11/141_RR220411A_656C_1613.bmp || Trajectories/2022-04-11/203_RR220411A_843C_1711-03.bmp"": 1, ""Trajectories/2022-02-04/303_RR220204A_917C_2021.bmp || Trajectories/2022-04-11/226_RR220411A_873C_1725.bmp"": 5}","[12, 3, 3, 4, 3]",3,"[{""candidate_pair_id"": ""Trajectories/2022-04-11/063_RR220411A_402C_1510.bmp || Trajectories/2022-04-11/268_RR220411A_952C_1801.bmp"", ""baseline_accuracy"": 0.7, ""augmented_accuracy"": 0.4666666666666667, ""delta_accuracy"": -0.23333333333333328, ""by_class_delta"": {""(1 x 1)"": -0.125, ""c(6 x 2)"": -0.125, ""(\u221a13 x \u221a13)"": -0.125, ""HTR"": -0.6666666666666666}, ""cache_hit"": false}, {""candidate_pair_id"": ""Trajectories/2022-02-04/049_RR220204A_218C_0201.bmp || Trajectories/2022-02-04/307_RR220204A_912C_2025.bmp"", ""baseline_accuracy"": 0.7, ""augmented_accuracy"": 0.5, ""delta_accuracy"": -0.19999999999999996, ""by_class_delta"": {""(1 x 1)"": 0.0, ""c(6 x 2)"": -0.125, ""(\u221a13 x \u221a13)"": -0.125, ""HTR"": -0.6666666666666666}, ""cache_hit"": false}, {""candidate_pair_id"": ""Trajectories/2022-02-04/296_RR220204A_869C_2015.bmp || Trajectories/2022-04-11/009_RR220411A_206C_1423.bmp"", ""baseline_accuracy"": 0.7, ""augmented_accuracy"": 0.3, ""delta_accuracy"": -0.39999999999999997, ""by_class_delta"": {""(1 x 1)"": -0.75, ""c(6 x 2)"": -0.125, ""(\u221a13 x \u221a13)"": -0.125, ""HTR"": -0.6666666666666666}, ""cache_hit"": false}, {""candidate_pair_id"": ""Trajectories/2022-04-11/141_RR220411A_656C_1613.bmp || Trajectories/2022-04-11/203_RR220411A_843C_1711-03.bmp"", ""baseline_accuracy"": 0.7, ""augmented_accuracy"": 0.3, ""delta_accuracy"": -0.39999999999999997, ""by_class_delta"": {""(1 x 1)"": -1.0, ""c(6 x 2)"": -0.125, ""(\u221a13 x \u221a13)"": -0.125, ""HTR"": -0.3333333333333333}, ""cache_hit"": false}, {""candidate_pair_id"": ""Trajectories/2022-02-04/303_RR220204A_917C_2021.bmp || Trajectories/2022-04-11/226_RR220411A_873C_1725.bmp"", ""baseline_accuracy"": 0.7, ""augmented_accuracy"": 0.5, ""delta_accuracy"": -0.19999999999999996, ""by_class_delta"": {""(1 x 1)"": 0.0, ""c(6 x 2)"": -0.125, ""(\u221a13 x \u221a13)"": -0.125, ""HTR"": -0.6666666666666666}, ""cache_hit"": false}]",
uncertainty,9,45,115,55,0.4141640797499866,0.927007299270073,0.4666666666666667,"{""(1 x 1)"": {""correct"": 2, ""total"": 8, ""accuracy"": 0.25}, ""c(6 x 2)"": {""correct"": 0, ""total"": 8, ""accuracy"": 0.0}, ""(\u221a13 x \u221a13)"": {""correct"": 8, ""total"": 8, ""accuracy"": 1.0}, ""HTR"": {""correct"": 4, ""total"": 6, ""accuracy"": 0.6666666666666666}}","[""Trajectories/2022-02-04/029_RR220204A_808C_0135.bmp || Trajectories/2022-02-04/242_RR220204A_720C_1911.bmp"", ""Trajectories/2022-02-04/295_RR220204A_882C_2015.bmp || Trajectories/2022-02-04/332_RR220204A_941C_2057.bmp"", ""Trajectories/2022-02-04/305_RR220204A_915C_2023.bmp || Trajectories/2022-02-04/335_RR220204A_940C_2102.bmp"", ""Trajectories/2022-02-06/095_RR220206A_614C_1835.bmp || Trajectories/2022-02-06/247_RR220206A_657C_2207.bmp"", ""Trajectories/2022-02-04/319_RR220204A_918C_2037.bmp || Trajectories/2022-02-04/354_RR220204A_951C_2141.bmp""]","{""Trajectories/2022-02-04/029_RR220204A_808C_0135.bmp || Trajectories/2022-02-04/242_RR220204A_720C_1911.bmp"": 5, ""Trajectories/2022-02-04/295_RR220204A_882C_2015.bmp || Trajectories/2022-02-04/332_RR220204A_941C_2057.bmp"": 5, ""Trajectories/2022-02-04/305_RR220204A_915C_2023.bmp || Trajectories/2022-02-04/335_RR220204A_940C_2102.bmp"": 5, ""Trajectories/2022-02-06/095_RR220206A_614C_1835.bmp || Trajectories/2022-02-06/247_RR220206A_657C_2207.bmp"": 5, ""Trajectories/2022-02-04/319_RR220204A_918C_2037.bmp || Trajectories/2022-02-04/354_RR220204A_951C_2141.bmp"": 5}","[3, 9, 9, 6, 9]",3,"[{""candidate_pair_id"": ""Trajectories/2022-02-04/029_RR220204A_808C_0135.bmp || Trajectories/2022-02-04/242_RR220204A_720C_1911.bmp"", ""baseline_accuracy"": 0.4666666666666667, ""augmented_accuracy"": 0.4666666666666667, ""delta_accuracy"": 0.0, ""by_class_delta"": {""(1 x 1)"": 0.0, ""c(6 x 2)"": 0.0, ""(\u221a13 x \u221a13)"": 0.0, ""HTR"": 0.0}, ""cache_hit"": false}, {""candidate_pair_id"": ""Trajectories/2022-02-04/295_RR220204A_882C_2015.bmp || Trajectories/2022-02-04/332_RR220204A_941C_2057.bmp"", ""baseline_accuracy"": 0.4666666666666667, ""augmented_accuracy"": 0.4, ""delta_accuracy"": -0.06666666666666665, ""by_class_delta"": {""(1 x 1)"": -0.25, ""c(6 x 2)"": 0.0, ""(\u221a13 x \u221a13)"": 0.0, ""HTR"": 0.0}, ""cache_hit"": false}, {""candidate_pair_id"": ""Trajectories/2022-02-04/305_RR220204A_915C_2023.bmp || Trajectories/2022-02-04/335_RR220204A_940C_2102.bmp"", ""baseline_accuracy"": 0.4666666666666667, ""augmented_accuracy"": 0.16666666666666666, ""delta_accuracy"": -0.30000000000000004, ""by_class_delta"": {""(1 x 1)"": 0.0, ""c(6 x 2)"": 0.0, ""(\u221a13 x \u221a13)"": -0.625, ""HTR"": -0.6666666666666666}, ""cache_hit"": false}, {""candidate_pair_id"": ""Trajectories/2022-02-06/095_RR220206A_614C_1835.bmp || Trajectories/2022-02-06/247_RR220206A_657C_2207.bmp"", ""baseline_accuracy"": 0.4666666666666667, ""augmented_accuracy"": 0.43333333333333335, ""delta_accuracy"": -0.033333333333333326, ""by_class_delta"": {""(1 x 1)"": -0.125, ""c(6 x 2)"": 0.0, ""(\u221a13 x \u221a13)"": 0.0, ""HTR"": 0.0}, ""cache_hit"": false}, {""candidate_pair_id"": ""Trajectories/2022-02-04/319_RR220204A_918C_2037.bmp || Trajectories/2022-02-04/354_RR220204A_951C_2141.bmp"", ""baseline_accuracy"": 0.4666666666666667, ""augmented_accuracy"": 0.4, ""delta_accuracy"": -0.06666666666666665, ""by_class_delta"": {""(1 x 1)"": -0.125, ""c(6 x 2)"": 0.0, ""(\u221a13 x \u221a13)"": 0.0, ""HTR"": -0.16666666666666663}, ""cache_hit"": false}]",
uncertainty,10,50,120,50,0.4106105951241001,0.7706422018348624,0.5,"{""(1 x 1)"": {""correct"": 4, ""total"": 8, ""accuracy"": 0.5}, ""c(6 x 2)"": {""correct"": 0, ""total"": 8, ""accuracy"": 0.0}, ""(\u221a13 x \u221a13)"": {""correct"": 8, ""total"": 8, ""accuracy"": 1.0}, ""HTR"": {""correct"": 3, ""total"": 6, ""accuracy"": 0.5}}",[],,[],0,[],True
cluster_diverse,0,0,70,100,0.4478316661604555,0.7303370786516854,0.36666666666666664,"{""(1 x 1)"": {""correct"": 1, ""total"": 8, ""accuracy"": 0.125}, ""c(6 x 2)"": {""correct"": 0, ""total"": 8, ""accuracy"": 0.0}, ""(\u221a13 x \u221a13)"": {""correct"": 6, ""total"": 8, ""accuracy"": 0.75}, ""HTR"": {""correct"": 4, ""total"": 6, ""accuracy"": 0.6666666666666666}}","[""Trajectories/2022-02-06/234_RR220206A_738C_2148.bmp || Trajectories/2022-04-11/375_RR220411A_617C_1938.bmp"", ""Trajectories/2022-02-06/090_RR220206A_568C_1828.bmp || Trajectories/2022-04-11/149_RR220411A_676C_1619.bmp"", ""Trajectories/2022-04-11/036_RR220411A_313C_1443.bmp || Trajectories/2022-04-11/072_RR220411A_429C_1516.bmp"", ""Trajectories/2022-02-04/049_RR220204A_218C_0201.bmp || Trajectories/2022-02-04/307_RR220204A_912C_2025.bmp"", ""Trajectories/2022-04-11/238_RR220411A_905C_1736.bmp || Trajectories/2022-04-11/319_RR220411A_828C_1900.bmp""]","{""Trajectories/2022-02-06/234_RR220206A_738C_2148.bmp || Trajectories/2022-04-11/375_RR220411A_617C_1938.bmp"": 5, ""Trajectories/2022-02-06/090_RR220206A_568C_1828.bmp || Trajectories/2022-04-11/149_RR220411A_676C_1619.bmp"": 5, ""Trajectories/2022-04-11/036_RR220411A_313C_1443.bmp || Trajectories/2022-04-11/072_RR220411A_429C_1516.bmp"": 1, ""Trajectories/2022-02-04/049_RR220204A_218C_0201.bmp || Trajectories/2022-02-04/307_RR220204A_912C_2025.bmp"": 5, ""Trajectories/2022-04-11/238_RR220411A_905C_1736.bmp || Trajectories/2022-04-11/319_RR220411A_828C_1900.bmp"": 5}","[0, 1, 2, 3, 4]",5,"[{""candidate_pair_id"": ""Trajectories/2022-02-06/234_RR220206A_738C_2148.bmp || Trajectories/2022-04-11/375_RR220411A_617C_1938.bmp"", ""baseline_accuracy"": 0.36666666666666664, ""augmented_accuracy"": 0.4666666666666667, ""delta_accuracy"": 0.10000000000000003, ""by_class_delta"": {""(1 x 1)"": 0.625, ""c(6 x 2)"": 0.0, ""(\u221a13 x \u221a13)"": -0.25, ""HTR"": 0.0}, ""cache_hit"": false}, {""candidate_pair_id"": ""Trajectories/2022-02-06/090_RR220206A_568C_1828.bmp || Trajectories/2022-04-11/149_RR220411A_676C_1619.bmp"", ""baseline_accuracy"": 0.36666666666666664, ""augmented_accuracy"": 0.36666666666666664, ""delta_accuracy"": 0.0, ""by_class_delta"": {""(1 x 1)"": 0.0, ""c(6 x 2)"": 0.0, ""(\u221a13 x \u221a13)"": 0.0, ""HTR"": 0.0}, ""cache_hit"": false}, {""candidate_pair_id"": ""Trajectories/2022-04-11/036_RR220411A_313C_1443.bmp || Trajectories/2022-04-11/072_RR220411A_429C_1516.bmp"", ""baseline_accuracy"": 0.36666666666666664, ""augmented_accuracy"": 0.16666666666666666, ""delta_accuracy"": -0.19999999999999998, ""by_class_delta"": {""(1 x 1)"": 0.0, ""c(6 x 2)"": 0.0, ""(\u221a13 x \u221a13)"": -0.25, ""HTR"": -0.6666666666666666}, ""cache_hit"": false}, {""candidate_pair_id"": ""Trajectories/2022-02-04/049_RR220204A_218C_0201.bmp || Trajectories/2022-02-04/307_RR220204A_912C_2025.bmp"", ""baseline_accuracy"": 0.36666666666666664, ""augmented_accuracy"": 0.36666666666666664, ""delta_accuracy"": 0.0, ""by_class_delta"": {""(1 x 1)"": -0.125, ""c(6 x 2)"": 0.0, ""(\u221a13 x \u221a13)"": 0.125, ""HTR"": 0.0}, ""cache_hit"": false}, {""candidate_pair_id"": ""Trajectories/2022-04-11/238_RR220411A_905C_1736.bmp || Trajectories/2022-04-11/319_RR220411A_828C_1900.bmp"", ""baseline_accuracy"": 0.36666666666666664, ""augmented_accuracy"": 0.5333333333333333, ""delta_accuracy"": 0.16666666666666669, ""by_class_delta"": {""(1 x 1)"": 0.625, ""c(6 x 2)"": 0.0, ""(\u221a13 x \u221a13)"": 0.0, ""HTR"": 0.0}, ""cache_hit"": false}]",
cluster_diverse,1,5,75,95,0.4379771301781552,0.8506944444444444,0.5,"{""(1 x 1)"": {""correct"": 7, ""total"": 8, ""accuracy"": 0.875}, ""c(6 x 2)"": {""correct"": 0, ""total"": 8, ""accuracy"": 0.0}, ""(\u221a13 x \u221a13)"": {""correct"": 4, ""total"": 8, ""accuracy"": 0.5}, ""HTR"": {""correct"": 4, ""total"": 6, ""accuracy"": 0.6666666666666666}}","[""Trajectories/2022-02-04/194_RR220204A_610C_1832.bmp || Trajectories/2022-02-06/119_RR220206A_871C_1918.bmp"", ""Trajectories/2022-02-04/160_RR220204A_501C_1809-02.bmp || Trajectories/2022-02-04/161_RR220204A_504C_1810.bmp"", ""Trajectories/2022-02-04/266_RR220204A_783C_1938.bmp || Trajectories/2022-02-04/356_RR220204A_949C_2144.bmp"", ""Trajectories/2022-04-11/138_RR220411A_635C_1610.bmp || Trajectories/2022-04-11/186_RR220411A_805C_1658.bmp"", ""Trajectories/2022-02-04/164_RR220204A_507C_1811.bmp || Trajectories/2022-02-06/074_RR220206A_430C_1809.bmp""]","{""Trajectories/2022-02-04/194_RR220204A_610C_1832.bmp || Trajectories/2022-02-06/119_RR220206A_871C_1918.bmp"": 5, ""Trajectories/2022-02-04/160_RR220204A_501C_1809-02.bmp || Trajectories/2022-02-04/161_RR220204A_504C_1810.bmp"": 1, ""Trajectories/2022-02-04/266_RR220204A_783C_1938.bmp || Trajectories/2022-02-04/356_RR220204A_949C_2144.bmp"": 5, ""Trajectories/2022-04-11/138_RR220411A_635C_1610.bmp || Trajectories/2022-04-11/186_RR220411A_805C_1658.bmp"": 5, ""Trajectories/2022-02-04/164_RR220204A_507C_1811.bmp || Trajectories/2022-02-06/074_RR220206A_430C_1809.bmp"": 2}","[0, 1, 2, 3, 4]",5,"[{""candidate_pair_id"": ""Trajectories/2022-02-04/194_RR220204A_610C_1832.bmp || Trajectories/2022-02-06/119_RR220206A_871C_1918.bmp"", ""baseline_accuracy"": 0.5, ""augmented_accuracy"": 0.4666666666666667, ""delta_accuracy"": -0.033333333333333326, ""by_class_delta"": {""(1 x 1)"": -0.625, ""c(6 x 2)"": 0.625, ""(\u221a13 x \u221a13)"": -0.125, ""HTR"": 0.0}, ""cache_hit"": false}, {""candidate_pair_id"": ""Trajectories/2022-02-04/160_RR220204A_501C_1809-02.bmp || Trajectories/2022-02-04/161_RR220204A_504C_1810.bmp"", ""baseline_accuracy"": 0.5, ""augmented_accuracy"": 0.3333333333333333, ""delta_accuracy"": -0.16666666666666669, ""by_class_delta"": {""(1 x 1)"": -0.625, ""c(6 x 2)"": 0.0, ""(\u221a13 x \u221a13)"": 0.0, ""HTR"": 0.0}, ""cache_hit"": false}, {""candidate_pair_id"": ""Trajectories/2022-02-04/266_RR220204A_783C_1938.bmp || Trajectories/2022-02-04/356_RR220204A_949C_2144.bmp"", ""baseline_accuracy"": 0.5, ""augmented_accuracy"": 0.43333333333333335, ""delta_accuracy"": -0.06666666666666665, ""by_class_delta"": {""(1 x 1)"": -0.75, ""c(6 x 2)"": 0.625, ""(\u221a13 x \u221a13)"": -0.125, ""HTR"": 0.0}, ""cache_hit"": false}, {""candidate_pair_id"": ""Trajectories/2022-04-11/138_RR220411A_635C_1610.bmp || Trajectories/2022-04-11/186_RR220411A_805C_1658.bmp"", ""baseline_accuracy"": 0.5, ""augmented_accuracy"": 0.5333333333333333, ""delta_accuracy"": 0.033333333333333326, ""by_class_delta"": {""(1 x 1)"": -0.375, ""c(6 x 2)"": 0.625, ""(\u221a13 x \u221a13)"": -0.125, ""HTR"": 0.0}, ""cache_hit"": false}, {""candidate_pair_id"": ""Trajectories/2022-02-04/164_RR220204A_507C_1811.bmp || Trajectories/2022-02-06/074_RR220206A_430C_1809.bmp"", ""baseline_accuracy"": 0.5, ""augmented_accuracy"": 0.2, ""delta_accuracy"": -0.3, ""by_class_delta"": {""(1 x 1)"": -0.625, ""c(6 x 2)"": 0.0, ""(\u221a13 x \u221a13)"": -0.125, ""HTR"": -0.5}, ""cache_hit"": false}]",
cluster_diverse,2,10,80,90,0.4491187140601687,0.8137254901960784,0.3333333333333333,"{""(1 x 1)"": {""correct"": 2, ""total"": 8, ""accuracy"": 0.25}, ""c(6 x 2)"": {""correct"": 0, ""total"": 8, ""accuracy"": 0.0}, ""(\u221a13 x \u221a13)"": {""correct"": 7, ""total"": 8, ""accuracy"": 0.875}, ""HTR"": {""correct"": 1, ""total"": 6, ""accuracy"": 0.16666666666666666}}","[""Trajectories/2022-02-04/029_RR220204A_808C_0135.bmp || Trajectories/2022-02-04/242_RR220204A_720C_1911.bmp"", ""Trajectories/2022-04-11/111_RR220411A_536C_1546.bmp || Trajectories/2022-04-11/175_RR220411A_765C_1645.bmp"", ""Trajectories/2022-02-04/296_RR220204A_869C_2015.bmp || Trajectories/2022-04-11/009_RR220411A_206C_1423.bmp"", ""Trajectories/2022-04-11/246_RR220411A_915C_1741.bmp || Trajectories/2022-04-11/258_RR220411A_932C_1751.bmp"", ""Trajectories/2022-02-04/305_RR220204A_915C_2023.bmp || Trajectories/2022-02-04/335_RR220204A_940C_2102.bmp""]","{""Trajectories/2022-02-04/029_RR220204A_808C_0135.bmp || Trajectories/2022-02-04/242_RR220204A_720C_1911.bmp"": 5, ""Trajectories/2022-04-11/111_RR220411A_536C_1546.bmp || Trajectories/2022-04-11/175_RR220411A_765C_1645.bmp"": 4, ""Trajectories/2022-02-04/296_RR220204A_869C_2015.bmp || Trajectories/2022-04-11/009_RR220411A_206C_1423.bmp"": 2, ""Trajectories/2022-04-11/246_RR220411A_915C_1741.bmp || Trajectories/2022-04-11/258_RR220411A_932C_1751.bmp"": 1, ""Trajectories/2022-02-04/305_RR220204A_915C_2023.bmp || Trajectories/2022-02-04/335_RR220204A_940C_2102.bmp"": 5}","[0, 1, 2, 3, 4]",5,"[{""candidate_pair_id"": ""Trajectories/2022-02-04/029_RR220204A_808C_0135.bmp || Trajectories/2022-02-04/242_RR220204A_720C_1911.bmp"", ""baseline_accuracy"": 0.3333333333333333, ""augmented_accuracy"": 0.5333333333333333, ""delta_accuracy"": 0.2, ""by_class_delta"": {""(1 x 1)"": 0.5, ""c(6 x 2)"": 0.0, ""(\u221a13 x \u221a13)"": 0.0, ""HTR"": 0.33333333333333337}, ""cache_hit"": false}, {""candidate_pair_id"": ""Trajectories/2022-04-11/111_RR220411A_536C_1546.bmp || Trajectories/2022-04-11/175_RR220411A_765C_1645.bmp"", ""baseline_accuracy"": 0.3333333333333333, ""augmented_accuracy"": 0.26666666666666666, ""delta_accuracy"": -0.06666666666666665, ""by_class_delta"": {""(1 x 1)"": -0.125, ""c(6 x 2)"": 0.0, ""(\u221a13 x \u221a13)"": 0.0, ""HTR"": -0.16666666666666666}, ""cache_hit"": false}, {""candidate_pair_id"": ""Trajectories/2022-02-04/296_RR220204A_869C_2015.bmp || Trajectories/2022-04-11/009_RR220411A_206C_1423.bmp"", ""baseline_accuracy"": 0.3333333333333333, ""augmented_accuracy"": 0.4666666666666667, ""delta_accuracy"": 0.13333333333333336, ""by_class_delta"": {""(1 x 1)"": -0.25, ""c(6 x 2)"": 0.875, ""(\u221a13 x \u221a13)"": 0.0, ""HTR"": -0.16666666666666666}, ""cache_hit"": false}, {""candidate_pair_id"": ""Trajectories/2022-04-11/246_RR220411A_915C_1741.bmp || Trajectories/2022-04-11/258_RR220411A_932C_1751.bmp"", ""baseline_accuracy"": 0.3333333333333333, ""augmented_accuracy"": 0.2, ""delta_accuracy"": -0.1333333333333333, ""by_class_delta"": {""(1 x 1)"": 0.0, ""c(6 x 2)"": 0.0, ""(\u221a13 x \u221a13)"": -0.375, ""HTR"": -0.16666666666666666}, ""cache_hit"": false}, {""candidate_pair_id"": ""Trajectories/2022-02-04/305_RR220204A_915C_2023.bmp || Trajectories/2022-02-04/335_RR220204A_940C_2102.bmp"", ""baseline_accuracy"": 0.3333333333333333, ""augmented_accuracy"": 0.36666666666666664, ""delta_accuracy"": 0.033333333333333326, ""by_class_delta"": {""(1 x 1)"": 0.0, ""c(6 x 2)"": 0.0, ""(\u221a13 x \u221a13)"": 0.0, ""HTR"": 0.16666666666666666}, ""cache_hit"": false}]",
cluster_diverse,3,15,85,85,0.44480241097380696,0.7368421052631579,0.5,"{""(1 x 1)"": {""correct"": 8, ""total"": 8, ""accuracy"": 1.0}, ""c(6 x 2)"": {""correct"": 0, ""total"": 8, ""accuracy"": 0.0}, ""(\u221a13 x \u221a13)"": {""correct"": 7, ""total"": 8, ""accuracy"": 0.875}, ""HTR"": {""correct"": 0, ""total"": 6, ""accuracy"": 0.0}}","[""Trajectories/2022-02-04/300_RR220204A_881C_2018.bmp || Trajectories/2022-02-06/195_RR220206A_944C_2101.bmp"", ""Trajectories/2022-02-04/034_RR220204A_655C_0142.bmp || Trajectories/2022-02-06/272_RR220206A_424C_2242.bmp"", ""Trajectories/2022-04-11/227_RR220411A_877C_1726.bmp || Trajectories/2022-04-11/323_RR220411A_816C_1903.bmp"", ""Trajectories/2022-02-06/057_RR220206A_249C_1744.bmp || Trajectories/2022-02-06/154_RR220206A_1092C_2003-02.bmp"", ""Trajectories/2022-02-06/058_RR220206A_249C_1745.bmp || Trajectories/2022-04-11/178_RR220411A_774C_1649.bmp""]","{""Trajectories/2022-02-04/300_RR220204A_881C_2018.bmp || Trajectories/2022-02-06/195_RR220206A_944C_2101.bmp"": 5, ""Trajectories/2022-02-04/034_RR220204A_655C_0142.bmp || Trajectories/2022-02-06/272_RR220206A_424C_2242.bmp"": 2, ""Trajectories/2022-04-11/227_RR220411A_877C_1726.bmp || Trajectories/2022-04-11/323_RR220411A_816C_1903.bmp"": 5, ""Trajectories/2022-02-06/057_RR220206A_249C_1744.bmp || Trajectories/2022-02-06/154_RR220206A_1092C_2003-02.bmp"": 2, ""Trajectories/2022-02-06/058_RR220206A_249C_1745.bmp || Trajectories/2022-04-11/178_RR220411A_774C_1649.bmp"": 1}","[0, 1, 2, 3, 4]",5,"[{""candidate_pair_id"": ""Trajectories/2022-02-04/300_RR220204A_881C_2018.bmp || Trajectories/2022-02-06/195_RR220206A_944C_2101.bmp"", ""baseline_accuracy"": 0.5, ""augmented_accuracy"": 0.4, ""delta_accuracy"": -0.09999999999999998, ""by_class_delta"": {""(1 x 1)"": -0.875, ""c(6 x 2)"": 0.0, ""(\u221a13 x \u221a13)"": 0.0, ""HTR"": 0.6666666666666666}, ""cache_hit"": false}, {""candidate_pair_id"": ""Trajectories/2022-02-04/034_RR220204A_655C_0142.bmp || Trajectories/2022-02-06/272_RR220206A_424C_2242.bmp"", ""baseline_accuracy"": 0.5, ""augmented_accuracy"": 0.6, ""delta_accuracy"": 0.09999999999999998, ""by_class_delta"": {""(1 x 1)"": -0.125, ""c(6 x 2)"": 0.0, ""(\u221a13 x \u221a13)"": 0.0, ""HTR"": 0.6666666666666666}, ""cache_hit"": false}, {""candidate_pair_id"": ""Trajectories/2022-04-11/227_RR220411A_877C_1726.bmp || Trajectories/2022-04-11/323_RR220411A_816C_1903.bmp"", ""baseline_accuracy"": 0.5, ""augmented_accuracy"": 0.43333333333333335, ""delta_accuracy"": -0.06666666666666665, ""by_class_delta"": {""(1 x 1)"": -0.75, ""c(6 x 2)"": 0.0, ""(\u221a13 x \u221a13)"": 0.0, ""HTR"": 0.6666666666666666}, ""cache_hit"": false}, {""candidate_pair_id"": ""Trajectories/2022-02-06/057_RR220206A_249C_1744.bmp || Trajectories/2022-02-06/154_RR220206A_1092C_2003-02.bmp"", ""baseline_accuracy"": 0.5, ""augmented_accuracy"": 0.6, ""delta_accuracy"": 0.09999999999999998, ""by_class_delta"": {""(1 x 1)"": -0.125, ""c(6 x 2)"": 0.0, ""(\u221a13 x \u221a13)"": 0.0, ""HTR"": 0.6666666666666666}, ""cache_hit"": false}, {""candidate_pair_id"": ""Trajectories/2022-02-06/058_RR220206A_249C_1745.bmp || Trajectories/2022-04-11/178_RR220411A_774C_1649.bmp"", ""baseline_accuracy"": 0.5, ""augmented_accuracy"": 0.5333333333333333, ""delta_accuracy"": 0.033333333333333326, ""by_class_delta"": {""(1 x 1)"": -0.375, ""c(6 x 2)"": 0.0, ""(\u221a13 x \u221a13)"": 0.0, ""HTR"": 0.6666666666666666}, ""cache_hit"": false}]",
cluster_diverse,4,20,90,80,0.4427472247244706,0.9260355029585798,0.5666666666666667,"{""(1 x 1)"": {""correct"": 5, ""total"": 8, ""accuracy"": 0.625}, ""c(6 x 2)"": {""correct"": 0, ""total"": 8, ""accuracy"": 0.0}, ""(\u221a13 x \u221a13)"": {""correct"": 8, ""total"": 8, ""accuracy"": 1.0}, ""HTR"": {""correct"": 4, ""total"": 6, ""accuracy"": 0.6666666666666666}}","[""Trajectories/2022-02-04/309_RR220204A_911C_2027.bmp || Trajectories/2022-02-04/361_RR220204A_947C_2156.bmp"", ""Trajectories/2022-02-06/129_RR220206A_912C_1929.bmp || Trajectories/2022-04-11/217_RR220411A_857C_1718.bmp"", ""Trajectories/2022-04-11/343_RR220411A_722C_1918.bmp || Trajectories/2022-04-11/374_RR220411A_625C_1937.bmp"", ""Trajectories/2022-02-06/163_RR220206A_1105C_2015.bmp || Trajectories/2022-02-06/249_RR220206A_638C_2210.bmp"", ""Trajectories/2022-02-06/049_RR220206A_205C_1737.bmp || Trajectories/2022-04-11/356_RR220411A_685C_1925.bmp""]","{""Trajectories/2022-02-04/309_RR220204A_911C_2027.bmp || Trajectories/2022-02-04/361_RR220204A_947C_2156.bmp"": 1, ""Trajectories/2022-02-06/129_RR220206A_912C_1929.bmp || Trajectories/2022-04-11/217_RR220411A_857C_1718.bmp"": 5, ""Trajectories/2022-04-11/343_RR220411A_722C_1918.bmp || Trajectories/2022-04-11/374_RR220411A_625C_1937.bmp"": 5, ""Trajectories/2022-02-06/163_RR220206A_1105C_2015.bmp || Trajectories/2022-02-06/249_RR220206A_638C_2210.bmp"": 1, ""Trajectories/2022-02-06/049_RR220206A_205C_1737.bmp || Trajectories/2022-04-11/356_RR220411A_685C_1925.bmp"": 5}","[0, 1, 2, 3, 4]",5,"[{""candidate_pair_id"": ""Trajectories/2022-02-04/309_RR220204A_911C_2027.bmp || Trajectories/2022-02-04/361_RR220204A_947C_2156.bmp"", ""baseline_accuracy"": 0.5666666666666667, ""augmented_accuracy"": 0.6, ""delta_accuracy"": 0.033333333333333326, ""by_class_delta"": {""(1 x 1)"": 0.0, ""c(6 x 2)"": 0.125, ""(\u221a13 x \u221a13)"": 0.0, ""HTR"": 0.0}, ""cache_hit"": false}, {""candidate_pair_id"": ""Trajectories/2022-02-06/129_RR220206A_912C_1929.bmp || Trajectories/2022-04-11/217_RR220411A_857C_1718.bmp"", ""baseline_accuracy"": 0.5666666666666667, ""augmented_accuracy"": 0.43333333333333335, ""delta_accuracy"": -0.1333333333333333, ""by_class_delta"": {""(1 x 1)"": -0.375, ""c(6 x 2)"": 0.0, ""(\u221a13 x \u221a13)"": -0.125, ""HTR"": 0.0}, ""cache_hit"": false}, {""candidate_pair_id"": ""Trajectories/2022-04-11/343_RR220411A_722C_1918.bmp || Trajectories/2022-04-11/374_RR220411A_625C_1937.bmp"", ""baseline_accuracy"": 0.5666666666666667, ""augmented_accuracy"": 0.43333333333333335, ""delta_accuracy"": -0.1333333333333333, ""by_class_delta"": {""(1 x 1)"": -0.375, ""c(6 x 2)"": 0.0, ""(\u221a13 x \u221a13)"": -0.125, ""HTR"": 0.0}, ""cache_hit"": false}, {""candidate_pair_id"": ""Trajectories/2022-02-06/163_RR220206A_1105C_2015.bmp || Trajectories/2022-02-06/249_RR220206A_638C_2210.bmp"", ""baseline_accuracy"": 0.5666666666666667, ""augmented_accuracy"": 0.5666666666666667, ""delta_accuracy"": 0.0, ""by_class_delta"": {""(1 x 1)"": 0.0, ""c(6 x 2)"": 0.0, ""(\u221a13 x \u221a13)"": 0.0, ""HTR"": 0.0}, ""cache_hit"": false}, {""candidate_pair_id"": ""Trajectories/2022-02-06/049_RR220206A_205C_1737.bmp || Trajectories/2022-04-11/356_RR220411A_685C_1925.bmp"", ""baseline_accuracy"": 0.5666666666666667, ""augmented_accuracy"": 0.4666666666666667, ""delta_accuracy"": -0.09999999999999998, ""by_class_delta"": {""(1 x 1)"": -0.375, ""c(6 x 2)"": 0.0, ""(\u221a13 x \u221a13)"": 0.0, ""HTR"": 0.0}, ""cache_hit"": false}]",
cluster_diverse,5,25,95,75,0.428103675833805,0.9126760563380282,0.7,"{""(1 x 1)"": {""correct"": 7, ""total"": 8, ""accuracy"": 0.875}, ""c(6 x 2)"": {""correct"": 2, ""total"": 8, ""accuracy"": 0.25}, ""(\u221a13 x \u221a13)"": {""correct"": 8, ""total"": 8, ""accuracy"": 1.0}, ""HTR"": {""correct"": 4, ""total"": 6, ""accuracy"": 0.6666666666666666}}","[""Trajectories/2022-02-04/021_RR220204A_981C_0126-03.bmp || Trajectories/2022-04-11/225_RR220411A_873C_1724.bmp"", ""Trajectories/2022-04-11/183_RR220411A_794C_1655.bmp || Trajectories/2022-04-11/226_RR220411A_873C_1725.bmp"", ""Trajectories/2022-02-06/102_RR220206A_698C_1845.bmp || Trajectories/2022-04-11/183_RR220411A_794C_1655.bmp"", ""Trajectories/2022-02-04/076_RR220204A_299C_1713.bmp || Trajectories/2022-02-04/080_RR220204A_301C_1718.bmp"", ""Trajectories/2022-02-04/263_RR220204A_793C_1934.bmp || Trajectories/2022-04-11/042_RR220411A_331C_1448.bmp""]","{""Trajectories/2022-02-04/021_RR220204A_981C_0126-03.bmp || Trajectories/2022-04-11/225_RR220411A_873C_1724.bmp"": 5, ""Trajectories/2022-04-11/183_RR220411A_794C_1655.bmp || Trajectories/2022-04-11/226_RR220411A_873C_1725.bmp"": 5, ""Trajectories/2022-02-06/102_RR220206A_698C_1845.bmp || Trajectories/2022-04-11/183_RR220411A_794C_1655.bmp"": 1, ""Trajectories/2022-02-04/076_RR220204A_299C_1713.bmp || Trajectories/2022-02-04/080_RR220204A_301C_1718.bmp"": 1, ""Trajectories/2022-02-04/263_RR220204A_793C_1934.bmp || Trajectories/2022-04-11/042_RR220411A_331C_1448.bmp"": 2}","[0, 1, 2, 3, 4]",5,"[{""candidate_pair_id"": ""Trajectories/2022-02-04/021_RR220204A_981C_0126-03.bmp || Trajectories/2022-04-11/225_RR220411A_873C_1724.bmp"", ""baseline_accuracy"": 0.7, ""augmented_accuracy"": 0.3, ""delta_accuracy"": -0.39999999999999997, ""by_class_delta"": {""(1 x 1)"": -0.625, ""c(6 x 2)"": -0.25, ""(\u221a13 x \u221a13)"": -0.125, ""HTR"": -0.6666666666666666}, ""cache_hit"": false}, {""candidate_pair_id"": ""Trajectories/2022-04-11/183_RR220411A_794C_1655.bmp || Trajectories/2022-04-11/226_RR220411A_873C_1725.bmp"", ""baseline_accuracy"": 0.7, ""augmented_accuracy"": 0.4666666666666667, ""delta_accuracy"": -0.23333333333333328, ""by_class_delta"": {""(1 x 1)"": -0.625, ""c(6 x 2)"": -0.25, ""(\u221a13 x \u221a13)"": 0.0, ""HTR"": 0.0}, ""cache_hit"": false}, {""candidate_pair_id"": ""Trajectories/2022-02-06/102_RR220206A_698C_1845.bmp || Trajectories/2022-04-11/183_RR220411A_794C_1655.bmp"", ""baseline_accuracy"": 0.7, ""augmented_accuracy"": 0.4666666666666667, ""delta_accuracy"": -0.23333333333333328, ""by_class_delta"": {""(1 x 1)"": -0.625, ""c(6 x 2)"": -0.25, ""(\u221a13 x \u221a13)"": 0.0, ""HTR"": 0.0}, ""cache_hit"": false}, {""candidate_pair_id"": ""Trajectories/2022-02-04/076_RR220204A_299C_1713.bmp || Trajectories/2022-02-04/080_RR220204A_301C_1718.bmp"", ""baseline_accuracy"": 0.7, ""augmented_accuracy"": 0.43333333333333335, ""delta_accuracy"": -0.2666666666666666, ""by_class_delta"": {""(1 x 1)"": -0.75, ""c(6 x 2)"": -0.25, ""(\u221a13 x \u221a13)"": 0.0, ""HTR"": 0.0}, ""cache_hit"": false}, {""candidate_pair_id"": ""Trajectories/2022-02-04/263_RR220204A_793C_1934.bmp || Trajectories/2022-04-11/042_RR220411A_331C_1448.bmp"", ""baseline_accuracy"": 0.7, ""augmented_accuracy"": 0.6, ""delta_accuracy"": -0.09999999999999998, ""by_class_delta"": {""(1 x 1)"": -0.125, ""c(6 x 2)"": -0.25, ""(\u221a13 x \u221a13)"": 0.0, ""HTR"": 0.0}, ""cache_hit"": false}]",
cluster_diverse,6,30,100,70,0.43598384993480677,0.8482384823848238,0.4,"{""(1 x 1)"": {""correct"": 1, ""total"": 8, ""accuracy"": 0.125}, ""c(6 x 2)"": {""correct"": 0, ""total"": 8, ""accuracy"": 0.0}, ""(\u221a13 x \u221a13)"": {""correct"": 8, ""total"": 8, ""accuracy"": 1.0}, ""HTR"": {""correct"": 3, ""total"": 6, ""accuracy"": 0.5}}","[""Trajectories/2022-02-06/037_RR220206A_165C_1722.bmp || Trajectories/2022-04-11/219_RR220411A_865C_1720.bmp"", ""Trajectories/2022-02-04/338_RR220204A_940C_2108.bmp || Trajectories/2022-04-11/354_RR220411A_693C_1924.bmp"", ""Trajectories/2022-02-04/069_RR220204A_293C_1706.bmp || Trajectories/2022-02-06/147_RR220206A_1024C_1953.bmp"", ""Trajectories/2022-04-11/008_RR220411A_193C_1422.bmp || Trajectories/2022-04-11/093_RR220411A_482C_1531.bmp"", ""Trajectories/2022-02-06/048_RR220206A_175C_1736.bmp || Trajectories/2022-04-11/189_RR220411A_822C_1703.bmp""]","{""Trajectories/2022-02-06/037_RR220206A_165C_1722.bmp || Trajectories/2022-04-11/219_RR220411A_865C_1720.bmp"": 5, ""Trajectories/2022-02-04/338_RR220204A_940C_2108.bmp || Trajectories/2022-04-11/354_RR220411A_693C_1924.bmp"": 5, ""Trajectories/2022-02-04/069_RR220204A_293C_1706.bmp || Trajectories/2022-02-06/147_RR220206A_1024C_1953.bmp"": 5, ""Trajectories/2022-04-11/008_RR220411A_193C_1422.bmp || Trajectories/2022-04-11/093_RR220411A_482C_1531.bmp"": 5, ""Trajectories/2022-02-06/048_RR220206A_175C_1736.bmp || Trajectories/2022-04-11/189_RR220411A_822C_1703.bmp"": 5}","[0, 1, 2, 3, 4]",5,"[{""candidate_pair_id"": ""Trajectories/2022-02-06/037_RR220206A_165C_1722.bmp || Trajectories/2022-04-11/219_RR220411A_865C_1720.bmp"", ""baseline_accuracy"": 0.4, ""augmented_accuracy"": 0.8333333333333334, ""delta_accuracy"": 0.43333333333333335, ""by_class_delta"": {""(1 x 1)"": 0.75, ""c(6 x 2)"": 0.75, ""(\u221a13 x \u221a13)"": 0.0, ""HTR"": 0.16666666666666663}, ""cache_hit"": false}, {""candidate_pair_id"": ""Trajectories/2022-02-04/338_RR220204A_940C_2108.bmp || Trajectories/2022-04-11/354_RR220411A_693C_1924.bmp"", ""baseline_accuracy"": 0.4, ""augmented_accuracy"": 0.7666666666666667, ""delta_accuracy"": 0.3666666666666667, ""by_class_delta"": {""(1 x 1)"": 0.75, ""c(6 x 2)"": 0.5, ""(\u221a13 x \u221a13)"": 0.0, ""HTR"": 0.16666666666666663}, ""cache_hit"": false}, {""candidate_pair_id"": ""Trajectories/2022-02-04/069_RR220204A_293C_1706.bmp || Trajectories/2022-02-06/147_RR220206A_1024C_1953.bmp"", ""baseline_accuracy"": 0.4, ""augmented_accuracy"": 0.7333333333333333, ""delta_accuracy"": 0.33333333333333326, ""by_class_delta"": {""(1 x 1)"": 0.625, ""c(6 x 2)"": 0.5, ""(\u221a13 x \u221a13)"": 0.0, ""HTR"": 0.16666666666666663}, ""cache_hit"": false}, {""candidate_pair_id"": ""Trajectories/2022-04-11/008_RR220411A_193C_1422.bmp || Trajectories/2022-04-11/093_RR220411A_482C_1531.bmp"", ""baseline_accuracy"": 0.4, ""augmented_accuracy"": 0.7, ""delta_accuracy"": 0.29999999999999993, ""by_class_delta"": {""(1 x 1)"": 0.75, ""c(6 x 2)"": 0.25, ""(\u221a13 x \u221a13)"": 0.0, ""HTR"": 0.16666666666666663}, ""cache_hit"": false}, {""candidate_pair_id"": ""Trajectories/2022-02-06/048_RR220206A_175C_1736.bmp || Trajectories/2022-04-11/189_RR220411A_822C_1703.bmp"", ""baseline_accuracy"": 0.4, ""augmented_accuracy"": 0.6333333333333333, ""delta_accuracy"": 0.23333333333333328, ""by_class_delta"": {""(1 x 1)"": 0.75, ""c(6 x 2)"": 0.0, ""(\u221a13 x \u221a13)"": 0.0, ""HTR"": 0.16666666666666663}, ""cache_hit"": false}]",
cluster_diverse,7,35,105,65,0.43755266550564537,0.9010152284263959,0.4,"{""(1 x 1)"": {""correct"": 0, ""total"": 8, ""accuracy"": 0.0}, ""c(6 x 2)"": {""correct"": 0, ""total"": 8, ""accuracy"": 0.0}, ""(\u221a13 x \u221a13)"": {""correct"": 8, ""total"": 8, ""accuracy"": 1.0}, ""HTR"": {""correct"": 4, ""total"": 6, ""accuracy"": 0.6666666666666666}}","[""Trajectories/2022-02-04/126_RR220204A_443C_1750.bmp || Trajectories/2022-04-11/213_RR220411A_857C_1715.bmp"", ""Trajectories/2022-02-04/048_RR220204A_245C_0201.bmp || Trajectories/2022-04-11/183_RR220411A_794C_1655.bmp"", ""Trajectories/2022-04-11/323_RR220411A_816C_1903.bmp || Trajectories/2022-04-11/366_RR220411A_654C_1930.bmp"", ""Trajectories/2022-02-04/085_RR220204A_378C_1720.bmp || Trajectories/2022-02-04/134_RR220204A_467C_1754-02.bmp"", ""Trajectories/2022-02-06/273_RR220206A_423C_2243.bmp || Trajectories/2022-04-11/093_RR220411A_482C_1531.bmp""]","{""Trajectories/2022-02-04/126_RR220204A_443C_1750.bmp || Trajectories/2022-04-11/213_RR220411A_857C_1715.bmp"": 5, ""Trajectories/2022-02-04/048_RR220204A_245C_0201.bmp || Trajectories/2022-04-11/183_RR220411A_794C_1655.bmp"": 5, ""Trajectories/2022-04-11/323_RR220411A_816C_1903.bmp || Trajectories/2022-04-11/366_RR220411A_654C_1930.bmp"": 5, ""Trajectories/2022-02-04/085_RR220204A_378C_1720.bmp || Trajectories/2022-02-04/134_RR220204A_467C_1754-02.bmp"": 1, ""Trajectories/2022-02-06/273_RR220206A_423C_2243.bmp || Trajectories/2022-04-11/093_RR220411A_482C_1531.bmp"": 5}","[0, 1, 2, 3, 4]",5,"[{""candidate_pair_id"": ""Trajectories/2022-02-04/126_RR220204A_443C_1750.bmp || Trajectories/2022-04-11/213_RR220411A_857C_1715.bmp"", ""baseline_accuracy"": 0.4, ""augmented_accuracy"": 0.06666666666666667, ""delta_accuracy"": -0.33333333333333337, ""by_class_delta"": {""(1 x 1)"": 0.25, ""c(6 x 2)"": 0.0, ""(\u221a13 x \u221a13)"": -1.0, ""HTR"": -0.6666666666666666}, ""cache_hit"": false}, {""candidate_pair_id"": ""Trajectories/2022-02-04/048_RR220204A_245C_0201.bmp || Trajectories/2022-04-11/183_RR220411A_794C_1655.bmp"", ""baseline_accuracy"": 0.4, ""augmented_accuracy"": 0.4666666666666667, ""delta_accuracy"": 0.06666666666666665, ""by_class_delta"": {""(1 x 1)"": 0.25, ""c(6 x 2)"": 0.0, ""(\u221a13 x \u221a13)"": 0.0, ""HTR"": 0.0}, ""cache_hit"": false}, {""candidate_pair_id"": ""Trajectories/2022-04-11/323_RR220411A_816C_1903.bmp || Trajectories/2022-04-11/366_RR220411A_654C_1930.bmp"", ""baseline_accuracy"": 0.4, ""augmented_accuracy"": 0.5, ""delta_accuracy"": 0.09999999999999998, ""by_class_delta"": {""(1 x 1)"": 0.25, ""c(6 x 2)"": 0.125, ""(\u221a13 x \u221a13)"": 0.0, ""HTR"": 0.0}, ""cache_hit"": false}, {""candidate_pair_id"": ""Trajectories/2022-02-04/085_RR220204A_378C_1720.bmp || Trajectories/2022-02-04/134_RR220204A_467C_1754-02.bmp"", ""baseline_accuracy"": 0.4, ""augmented_accuracy"": 0.6333333333333333, ""delta_accuracy"": 0.23333333333333328, ""by_class_delta"": {""(1 x 1)"": 0.875, ""c(6 x 2)"": 0.0, ""(\u221a13 x \u221a13)"": 0.0, ""HTR"": 0.0}, ""cache_hit"": false}, {""candidate_pair_id"": ""Trajectories/2022-02-06/273_RR220206A_423C_2243.bmp || Trajectories/2022-04-11/093_RR220411A_482C_1531.bmp"", ""baseline_accuracy"": 0.4, ""augmented_accuracy"": 0.4666666666666667, ""delta_accuracy"": 0.06666666666666665, ""by_class_delta"": {""(1 x 1)"": 0.25, ""c(6 x 2)"": 0.0, ""(\u221a13 x \u221a13)"": 0.0, ""HTR"": 0.0}, ""cache_hit"": false}]",
cluster_diverse,8,40,110,60,0.42310694045320285,0.9156626506024096,0.4666666666666667,"{""(1 x 1)"": {""correct"": 2, ""total"": 8, ""accuracy"": 0.25}, ""c(6 x 2)"": {""correct"": 0, ""total"": 8, ""accuracy"": 0.0}, ""(\u221a13 x \u221a13)"": {""correct"": 8, ""total"": 8, ""accuracy"": 1.0}, ""HTR"": {""correct"": 4, ""total"": 6, ""accuracy"": 0.6666666666666666}}","[""Trajectories/2022-02-04/320_RR220204A_915C_2039.bmp || Trajectories/2022-02-06/282_RR220206A_184C_2256.bmp"", ""Trajectories/2022-02-04/020_RR220204A_981C_0126-02.bmp || Trajectories/2022-02-04/133_RR220204A_467C_1754-01.bmp"", ""Trajectories/2022-04-11/047_RR220411A_350C_1454.bmp || Trajectories/2022-04-11/186_RR220411A_805C_1658.bmp"", ""Trajectories/2022-04-11/001_RR220411A_180C_1417-01.bmp || Trajectories/2022-04-11/321_RR220411A_823C_1901.bmp"", ""Trajectories/2022-02-04/124_RR220204A_444C_1748.bmp || Trajectories/2022-04-11/330_RR220411A_762C_1910.bmp""]","{""Trajectories/2022-02-04/320_RR220204A_915C_2039.bmp || Trajectories/2022-02-06/282_RR220206A_184C_2256.bmp"": 2, ""Trajectories/2022-02-04/020_RR220204A_981C_0126-02.bmp || Trajectories/2022-02-04/133_RR220204A_467C_1754-01.bmp"": 2, ""Trajectories/2022-04-11/047_RR220411A_350C_1454.bmp || Trajectories/2022-04-11/186_RR220411A_805C_1658.bmp"": 5, ""Trajectories/2022-04-11/001_RR220411A_180C_1417-01.bmp || Trajectories/2022-04-11/321_RR220411A_823C_1901.bmp"": 5, ""Trajectories/2022-02-04/124_RR220204A_444C_1748.bmp || Trajectories/2022-04-11/330_RR220411A_762C_1910.bmp"": 5}","[0, 1, 2, 3, 4]",5,"[{""candidate_pair_id"": ""Trajectories/2022-02-04/320_RR220204A_915C_2039.bmp || Trajectories/2022-02-06/282_RR220206A_184C_2256.bmp"", ""baseline_accuracy"": 0.4666666666666667, ""augmented_accuracy"": 0.5, ""delta_accuracy"": 0.033333333333333326, ""by_class_delta"": {""(1 x 1)"": 0.0, ""c(6 x 2)"": 0.625, ""(\u221a13 x \u221a13)"": -0.375, ""HTR"": -0.16666666666666663}, ""cache_hit"": false}, {""candidate_pair_id"": ""Trajectories/2022-02-04/020_RR220204A_981C_0126-02.bmp || Trajectories/2022-02-04/133_RR220204A_467C_1754-01.bmp"", ""baseline_accuracy"": 0.4666666666666667, ""augmented_accuracy"": 0.5333333333333333, ""delta_accuracy"": 0.06666666666666665, ""by_class_delta"": {""(1 x 1)"": 0.0, ""c(6 x 2)"": 0.5, ""(\u221a13 x \u221a13)"": -0.375, ""HTR"": 0.16666666666666674}, ""cache_hit"": false}, {""candidate_pair_id"": ""Trajectories/2022-04-11/047_RR220411A_350C_1454.bmp || Trajectories/2022-04-11/186_RR220411A_805C_1658.bmp"", ""baseline_accuracy"": 0.4666666666666667, ""augmented_accuracy"": 0.3, ""delta_accuracy"": -0.16666666666666669, ""by_class_delta"": {""(1 x 1)"": 0.0, ""c(6 x 2)"": 0.0, ""(\u221a13 x \u221a13)"": -0.375, ""HTR"": -0.3333333333333333}, ""cache_hit"": false}, {""candidate_pair_id"": ""Trajectories/2022-04-11/001_RR220411A_180C_1417-01.bmp || Trajectories/2022-04-11/321_RR220411A_823C_1901.bmp"", ""baseline_accuracy"": 0.4666666666666667, ""augmented_accuracy"": 0.4, ""delta_accuracy"": -0.06666666666666665, ""by_class_delta"": {""(1 x 1)"": 0.0, ""c(6 x 2)"": 0.0, ""(\u221a13 x \u221a13)"": -0.125, ""HTR"": -0.16666666666666663}, ""cache_hit"": false}, {""candidate_pair_id"": ""Trajectories/2022-02-04/124_RR220204A_444C_1748.bmp || Trajectories/2022-04-11/330_RR220411A_762C_1910.bmp"", ""baseline_accuracy"": 0.4666666666666667, ""augmented_accuracy"": 0.3, ""delta_accuracy"": -0.16666666666666669, ""by_class_delta"": {""(1 x 1)"": 0.0, ""c(6 x 2)"": 0.0, ""(\u221a13 x \u221a13)"": -0.375, ""HTR"": -0.3333333333333333}, ""cache_hit"": false}]",
cluster_diverse,9,45,115,55,0.4356217968955337,0.8732718894009217,0.6,"{""(1 x 1)"": {""correct"": 6, ""total"": 8, ""accuracy"": 0.75}, ""c(6 x 2)"": {""correct"": 0, ""total"": 8, ""accuracy"": 0.0}, ""(\u221a13 x \u221a13)"": {""correct"": 8, ""total"": 8, ""accuracy"": 1.0}, ""HTR"": {""correct"": 4, ""total"": 6, ""accuracy"": 0.6666666666666666}}","[""Trajectories/2022-02-04/133_RR220204A_467C_1754-01.bmp || Trajectories/2022-04-11/088_RR220411A_459C_1527.bmp"", ""Trajectories/2022-02-04/024_RR220204A_927C_0130.bmp || Trajectories/2022-02-04/261_RR220204A_790C_1930.bmp"", ""Trajectories/2022-02-06/104_RR220206A_734C_1847.bmp || Trajectories/2022-02-06/207_RR220206A_875C_2114.bmp"", ""Trajectories/2022-02-04/106_RR220204A_430C_1736.bmp || Trajectories/2022-02-04/347_RR220204A_954C_2124.bmp"", ""Trajectories/2022-02-06/206_RR220206A_875C_2113.bmp || Trajectories/2022-04-11/338_RR220411A_734C_1915.bmp""]","{""Trajectories/2022-02-04/133_RR220204A_467C_1754-01.bmp || Trajectories/2022-04-11/088_RR220411A_459C_1527.bmp"": 5, ""Trajectories/2022-02-04/024_RR220204A_927C_0130.bmp || Trajectories/2022-02-04/261_RR220204A_790C_1930.bmp"": 4, ""Trajectories/2022-02-06/104_RR220206A_734C_1847.bmp || Trajectories/2022-02-06/207_RR220206A_875C_2114.bmp"": 2, ""Trajectories/2022-02-04/106_RR220204A_430C_1736.bmp || Trajectories/2022-02-04/347_RR220204A_954C_2124.bmp"": 1, ""Trajectories/2022-02-06/206_RR220206A_875C_2113.bmp || Trajectories/2022-04-11/338_RR220411A_734C_1915.bmp"": 5}","[0, 1, 2, 3, 4]",5,"[{""candidate_pair_id"": ""Trajectories/2022-02-04/133_RR220204A_467C_1754-01.bmp || Trajectories/2022-04-11/088_RR220411A_459C_1527.bmp"", ""baseline_accuracy"": 0.6, ""augmented_accuracy"": 0.43333333333333335, ""delta_accuracy"": -0.16666666666666663, ""by_class_delta"": {""(1 x 1)"": -0.5, ""c(6 x 2)"": 0.0, ""(\u221a13 x \u221a13)"": -0.125, ""HTR"": 0.0}, ""cache_hit"": false}, {""candidate_pair_id"": ""Trajectories/2022-02-04/024_RR220204A_927C_0130.bmp || Trajectories/2022-02-04/261_RR220204A_790C_1930.bmp"", ""baseline_accuracy"": 0.6, ""augmented_accuracy"": 0.5666666666666667, ""delta_accuracy"": -0.033333333333333326, ""by_class_delta"": {""(1 x 1)"": -0.75, ""c(6 x 2)"": 0.875, ""(\u221a13 x \u221a13)"": -0.125, ""HTR"": -0.16666666666666663}, ""cache_hit"": false}, {""candidate_pair_id"": ""Trajectories/2022-02-06/104_RR220206A_734C_1847.bmp || Trajectories/2022-02-06/207_RR220206A_875C_2114.bmp"", ""baseline_accuracy"": 0.6, ""augmented_accuracy"": 0.6, ""delta_accuracy"": 0.0, ""by_class_delta"": {""(1 x 1)"": -0.125, ""c(6 x 2)"": 0.125, ""(\u221a13 x \u221a13)"": 0.0, ""HTR"": 0.0}, ""cache_hit"": false}, {""candidate_pair_id"": ""Trajectories/2022-02-04/106_RR220204A_430C_1736.bmp || Trajectories/2022-02-04/347_RR220204A_954C_2124.bmp"", ""baseline_accuracy"": 0.6, ""augmented_accuracy"": 0.7666666666666667, ""delta_accuracy"": 0.16666666666666674, ""by_class_delta"": {""(1 x 1)"": 0.0, ""c(6 x 2)"": 0.625, ""(\u221a13 x \u221a13)"": 0.0, ""HTR"": 0.0}, ""cache_hit"": false}, {""candidate_pair_id"": ""Trajectories/2022-02-06/206_RR220206A_875C_2113.bmp || Trajectories/2022-04-11/338_RR220411A_734C_1915.bmp"", ""baseline_accuracy"": 0.6, ""augmented_accuracy"": 0.4666666666666667, ""delta_accuracy"": -0.1333333333333333, ""by_class_delta"": {""(1 x 1)"": -0.5, ""c(6 x 2)"": 0.0, ""(\u221a13 x \u221a13)"": 0.0, ""HTR"": 0.0}, ""cache_hit"": false}]",
cluster_diverse,10,50,120,50,0.4203704578374116,0.835920177383592,0.3333333333333333,"{""(1 x 1)"": {""correct"": 2, ""total"": 8, ""accuracy"": 0.25}, ""c(6 x 2)"": {""correct"": 0, ""total"": 8, ""accuracy"": 0.0}, ""(\u221a13 x \u221a13)"": {""correct"": 6, ""total"": 8, ""accuracy"": 0.75}, ""HTR"": {""correct"": 2, ""total"": 6, ""accuracy"": 0.3333333333333333}}",[],,[],0,[],True
