Image1_Path,Image1_Name,Image2_Path,Image2_Name,Reconstruction_Type,Winner,Labeler_Name,Notes,Created_At,Brightness_1,Brightness_2,Confidence,canonical_type,pair_id,resolved_img1,resolved_img2,type_idx,confidence_weight
Trajectories/2022-04-11/443_RR220411A_303C_2007.bmp,443_RR220411A_303C_2007.bmp,Trajectories/2022-04-11/397_RR220411A_528C_1948.bmp,397_RR220411A_528C_1948.bmp,(√13 x √13),tie,AJ,,2025-12-12T00:18:11.173158,,,,(√13 x √13),Trajectories/2022-04-11/397_RR220411A_528C_1948.bmp || Trajectories/2022-04-11/443_RR220411A_303C_2007.bmp,/content/rl_quantum_2026summer/data/original data/Trajectories/2022-04-11/443_RR220411A_303C_2007.bmp,/content/rl_quantum_2026summer/data/original data/Trajectories/2022-04-11/397_RR220411A_528C_1948.bmp,3,1.0
Trajectories/2022-02-04/063_RR220204A_165C_0215-03.bmp,063_RR220204A_165C_0215-03.bmp,Trajectories/2022-04-11/376_RR220411A_620C_1938.bmp,376_RR220411A_620C_1938.bmp,HTR,2,AJ,,2025-12-06 01:21:25,,,,HTR,Trajectories/2022-02-04/063_RR220204A_165C_0215-03.bmp || Trajectories/2022-04-11/376_RR220411A_620C_1938.bmp,/content/rl_quantum_2026summer/data/original data/Trajectories/2022-02-04/063_RR220204A_165C_0215-03.bmp,/content/rl_quantum_2026summer/data/original data/Trajectories/2022-04-11/376_RR220411A_620C_1938.bmp,4,1.0
Trajectories/2022-02-04/335_RR220204A_940C_2102.bmp,335_RR220204A_940C_2102.bmp,Trajectories/2022-02-04/305_RR220204A_915C_2023.bmp,305_RR220204A_915C_2023.bmp,(1 x 1),tie,HL,,2026-01-06T21:46:37.691550,286.0,400.0,Confident,(1 x 1),Trajectories/2022-02-04/305_RR220204A_915C_2023.bmp || Trajectories/2022-02-04/335_RR220204A_940C_2102.bmp,/content/rl_quantum_2026summer/data/original data/Trajectories/2022-02-04/335_RR220204A_940C_2102.bmp,/content/rl_quantum_2026summer/data/original data/Trajectories/2022-02-04/305_RR220204A_915C_2023.bmp,0,1.0
Trajectories/2022-02-04/335_RR220204A_940C_2102.bmp,335_RR220204A_940C_2102.bmp,Trajectories/2022-02-04/305_RR220204A_915C_2023.bmp,305_RR220204A_915C_2023.bmp,c(6 x 2),not_apply,HL,,2026-01-06T21:46:38.462089,286.0,400.0,Confident,c(6 x 2),Trajectories/2022-02-04/305_RR220204A_915C_2023.bmp || Trajectories/2022-02-04/335_RR220204A_940C_2102.bmp,/content/rl_quantum_2026summer/data/original data/Trajectories/2022-02-04/335_RR220204A_940C_2102.bmp,/content/rl_quantum_2026summer/data/original data/Trajectories/2022-02-04/305_RR220204A_915C_2023.bmp,2,1.0
Trajectories/2022-02-04/335_RR220204A_940C_2102.bmp,335_RR220204A_940C_2102.bmp,Trajectories/2022-02-04/305_RR220204A_915C_2023.bmp,305_RR220204A_915C_2023.bmp,Twinned(2 x 1),tie,HL,,2026-01-06T21:46:39.186417,286.0,400.0,Confident,Twinned(2 x 1),Trajectories/2022-02-04/305_RR220204A_915C_2023.bmp || Trajectories/2022-02-04/335_RR220204A_940C_2102.bmp,/content/rl_quantum_2026summer/data/original data/Trajectories/2022-02-04/335_RR220204A_940C_2102.bmp,/content/rl_quantum_2026summer/data/original data/Trajectories/2022-02-04/305_RR220204A_915C_2023.bmp,1,1.0
Trajectories/2022-02-04/335_RR220204A_940C_2102.bmp,335_RR220204A_940C_2102.bmp,Trajectories/2022-02-04/305_RR220204A_915C_2023.bmp,305_RR220204A_915C_2023.bmp,HTR,not_apply,HL,,2026-01-06T21:46:40.027616,286.0,400.0,Confident,HTR,Trajectories/2022-02-04/305_RR220204A_915C_2023.bmp || Trajectories/2022-02-04/335_RR220204A_940C_2102.bmp,/content/rl_quantum_2026summer/data/original data/Trajectories/2022-02-04/335_RR220204A_940C_2102.bmp,/content/rl_quantum_2026summer/data/original data/Trajectories/2022-02-04/305_RR220204A_915C_2023.bmp,4,1.0
Trajectories/2022-02-04/335_RR220204A_940C_2102.bmp,335_RR220204A_940C_2102.bmp,Trajectories/2022-02-04/305_RR220204A_915C_2023.bmp,305_RR220204A_915C_2023.bmp,(√13 x √13),tie,HL,,2026-01-06T21:46:40.783501,286.0,400.0,Confident,(√13 x √13),Trajectories/2022-02-04/305_RR220204A_915C_2023.bmp || Trajectories/2022-02-04/335_RR220204A_940C_2102.bmp,/content/rl_quantum_2026summer/data/original data/Trajectories/2022-02-04/335_RR220204A_940C_2102.bmp,/content/rl_quantum_2026summer/data/original data/Trajectories/2022-02-04/305_RR220204A_915C_2023.bmp,3,1.0
Trajectories/2022-02-06/055_RR220206A_239C_1742.bmp,055_RR220206A_239C_1742.bmp,Trajectories/2022-04-11/409_RR220411A_474C_1953.bmp,409_RR220411A_474C_1953.bmp,(1 x 1),2,SY,,2025-12-14 08:53:40,,,,(1 x 1),Trajectories/2022-02-06/055_RR220206A_239C_1742.bmp || Trajectories/2022-04-11/409_RR220411A_474C_1953.bmp,/content/rl_quantum_2026summer/data/original data/Trajectories/2022-02-06/055_RR220206A_239C_1742.bmp,/content/rl_quantum_2026summer/data/original data/Trajectories/2022-04-11/409_RR220411A_474C_1953.bmp,0,1.0
Trajectories/2022-02-06/055_RR220206A_239C_1742.bmp,055_RR220206A_239C_1742.bmp,Trajectories/2022-04-11/409_RR220411A_474C_1953.bmp,409_RR220411A_474C_1953.bmp,(√13 x √13),2,SY,,2025-12-14 08:53:40,,,,(√13 x √13),Trajectories/2022-02-06/055_RR220206A_239C_1742.bmp || Trajectories/2022-04-11/409_RR220411A_474C_1953.bmp,/content/rl_quantum_2026summer/data/original data/Trajectories/2022-02-06/055_RR220206A_239C_1742.bmp,/content/rl_quantum_2026summer/data/original data/Trajectories/2022-04-11/409_RR220411A_474C_1953.bmp,3,1.0
Trajectories/2022-02-06/055_RR220206A_239C_1742.bmp,055_RR220206A_239C_1742.bmp,Trajectories/2022-04-11/409_RR220411A_474C_1953.bmp,409_RR220411A_474C_1953.bmp,HTR,not_apply,SY,,2025-12-14 08:53:40,,,,HTR,Trajectories/2022-02-06/055_RR220206A_239C_1742.bmp || Trajectories/2022-04-11/409_RR220411A_474C_1953.bmp,/content/rl_quantum_2026summer/data/original data/Trajectories/2022-02-06/055_RR220206A_239C_1742.bmp,/content/rl_quantum_2026summer/data/original data/Trajectories/2022-04-11/409_RR220411A_474C_1953.bmp,4,1.0
Trajectories/2022-02-06/055_RR220206A_239C_1742.bmp,055_RR220206A_239C_1742.bmp,Trajectories/2022-04-11/409_RR220411A_474C_1953.bmp,409_RR220411A_474C_1953.bmp,c(6 x 2),2,SY,,2025-12-14 08:53:40,,,,c(6 x 2),Trajectories/2022-02-06/055_RR220206A_239C_1742.bmp || Trajectories/2022-04-11/409_RR220411A_474C_1953.bmp,/content/rl_quantum_2026summer/data/original data/Trajectories/2022-02-06/055_RR220206A_239C_1742.bmp,/content/rl_quantum_2026summer/data/original data/Trajectories/2022-04-11/409_RR220411A_474C_1953.bmp,2,1.0
Trajectories/2022-02-06/055_RR220206A_239C_1742.bmp,055_RR220206A_239C_1742.bmp,Trajectories/2022-04-11/409_RR220411A_474C_1953.bmp,409_RR220411A_474C_1953.bmp,Twinned(2 x 1),not_apply,SY,,2025-12-14 08:53:40,,,,Twinned(2 x 1),Trajectories/2022-02-06/055_RR220206A_239C_1742.bmp || Trajectories/2022-04-11/409_RR220411A_474C_1953.bmp,/content/rl_quantum_2026summer/data/original data/Trajectories/2022-02-06/055_RR220206A_239C_1742.bmp,/content/rl_quantum_2026summer/data/original data/Trajectories/2022-04-11/409_RR220411A_474C_1953.bmp,1,1.0
Trajectories/2022-02-04/263_RR220204A_793C_1934.bmp,263_RR220204A_793C_1934.bmp,Trajectories/2022-04-11/042_RR220411A_331C_1448.bmp,042_RR220411A_331C_1448.bmp,(√13 x √13),1,AJ,,2025-12-12T00:06:42.284440,,,,(√13 x √13),Trajectories/2022-02-04/263_RR220204A_793C_1934.bmp || Trajectories/2022-04-11/042_RR220411A_331C_1448.bmp,/content/rl_quantum_2026summer/data/original data/Trajectories/2022-02-04/263_RR220204A_793C_1934.bmp,/content/rl_quantum_2026summer/data/original data/Trajectories/2022-04-11/042_RR220411A_331C_1448.bmp,3,1.0
Trajectories/2022-02-04/263_RR220204A_793C_1934.bmp,263_RR220204A_793C_1934.bmp,Trajectories/2022-04-11/042_RR220411A_331C_1448.bmp,042_RR220411A_331C_1448.bmp,HTR,2,AJ,,2025-12-12T00:06:43.078863,,,,HTR,Trajectories/2022-02-04/263_RR220204A_793C_1934.bmp || Trajectories/2022-04-11/042_RR220411A_331C_1448.bmp,/content/rl_quantum_2026summer/data/original data/Trajectories/2022-02-04/263_RR220204A_793C_1934.bmp,/content/rl_quantum_2026summer/data/original data/Trajectories/2022-04-11/042_RR220411A_331C_1448.bmp,4,1.0
Trajectories/2022-04-11/008_RR220411A_193C_1422.bmp,008_RR220411A_193C_1422.bmp,Trajectories/2022-04-11/093_RR220411A_482C_1531.bmp,093_RR220411A_482C_1531.bmp,Twinned(2 x 1),not_apply,AJ,,2025-12-26T10:55:23.078377,198.0,228.0,Confident,Twinned(2 x 1),Trajectories/2022-04-11/008_RR220411A_193C_1422.bmp || Trajectories/2022-04-11/093_RR220411A_482C_1531.bmp,/content/rl_quantum_2026summer/data/original data/Trajectories/2022-04-11/008_RR220411A_193C_1422.bmp,/content/rl_quantum_2026summer/data/original data/Trajectories/2022-04-11/093_RR220411A_482C_1531.bmp,1,1.0
Trajectories/2022-04-11/008_RR220411A_193C_1422.bmp,008_RR220411A_193C_1422.bmp,Trajectories/2022-04-11/093_RR220411A_482C_1531.bmp,093_RR220411A_482C_1531.bmp,(√13 x √13),not_apply,AJ,,2025-12-26T10:55:24.077545,198.0,228.0,Confident,(√13 x √13),Trajectories/2022-04-11/008_RR220411A_193C_1422.bmp || Trajectories/2022-04-11/093_RR220411A_482C_1531.bmp,/content/rl_quantum_2026summer/data/original data/Trajectories/2022-04-11/008_RR220411A_193C_1422.bmp,/content/rl_quantum_2026summer/data/original data/Trajectories/2022-04-11/093_RR220411A_482C_1531.bmp,3,1.0
Trajectories/2022-04-11/008_RR220411A_193C_1422.bmp,008_RR220411A_193C_1422.bmp,Trajectories/2022-04-11/093_RR220411A_482C_1531.bmp,093_RR220411A_482C_1531.bmp,(1 x 1),tie,AJ,,2025-12-26T10:55:25.025952,198.0,228.0,Confident,(1 x 1),Trajectories/2022-04-11/008_RR220411A_193C_1422.bmp || Trajectories/2022-04-11/093_RR220411A_482C_1531.bmp,/content/rl_quantum_2026summer/data/original data/Trajectories/2022-04-11/008_RR220411A_193C_1422.bmp,/content/rl_quantum_2026summer/data/original data/Trajectories/2022-04-11/093_RR220411A_482C_1531.bmp,0,1.0
Trajectories/2022-04-11/008_RR220411A_193C_1422.bmp,008_RR220411A_193C_1422.bmp,Trajectories/2022-04-11/093_RR220411A_482C_1531.bmp,093_RR220411A_482C_1531.bmp,c(6 x 2),not_apply,AJ,,2025-12-26T10:55:25.873484,198.0,228.0,Confident,c(6 x 2),Trajectories/2022-04-11/008_RR220411A_193C_1422.bmp || Trajectories/2022-04-11/093_RR220411A_482C_1531.bmp,/content/rl_quantum_2026summer/data/original data/Trajectories/2022-04-11/008_RR220411A_193C_1422.bmp,/content/rl_quantum_2026summer/data/original data/Trajectories/2022-04-11/093_RR220411A_482C_1531.bmp,2,1.0
Trajectories/2022-04-11/008_RR220411A_193C_1422.bmp,008_RR220411A_193C_1422.bmp,Trajectories/2022-04-11/093_RR220411A_482C_1531.bmp,093_RR220411A_482C_1531.bmp,HTR,not_apply,AJ,,2025-12-26T10:55:26.802501,198.0,228.0,Confident,HTR,Trajectories/2022-04-11/008_RR220411A_193C_1422.bmp || Trajectories/2022-04-11/093_RR220411A_482C_1531.bmp,/content/rl_quantum_2026summer/data/original data/Trajectories/2022-04-11/008_RR220411A_193C_1422.bmp,/content/rl_quantum_2026summer/data/original data/Trajectories/2022-04-11/093_RR220411A_482C_1531.bmp,4,1.0
Trajectories/2022-04-11/267_RR220411A_953C_1800.bmp,267_RR220411A_953C_1800.bmp,Trajectories/2022-04-11/271_RR220411A_951C_1811.bmp,271_RR220411A_951C_1811.bmp,(√13 x √13),tie,HL,,2026-01-06T21:50:10.897096,303.0,293.0,Confident,(√13 x √13),Trajectories/2022-04-11/267_RR220411A_953C_1800.bmp || Trajectories/2022-04-11/271_RR220411A_951C_1811.bmp,/content/rl_quantum_2026summer/data/original data/Trajectories/2022-04-11/267_RR220411A_953C_1800.bmp,/content/rl_quantum_2026summer/data/original data/Trajectories/2022-04-11/271_RR220411A_951C_1811.bmp,3,1.0
Trajectories/2022-04-11/267_RR220411A_953C_1800.bmp,267_RR220411A_953C_1800.bmp,Trajectories/2022-04-11/271_RR220411A_951C_1811.bmp,271_RR220411A_951C_1811.bmp,Twinned(2 x 1),not_apply,HL,,2026-01-06T21:50:11.763434,303.0,293.0,Confident,Twinned(2 x 1),Trajectories/2022-04-11/267_RR220411A_953C_1800.bmp || Trajectories/2022-04-11/271_RR220411A_951C_1811.bmp,/content/rl_quantum_2026summer/data/original data/Trajectories/2022-04-11/267_RR220411A_953C_1800.bmp,/content/rl_quantum_2026summer/data/original data/Trajectories/2022-04-11/271_RR220411A_951C_1811.bmp,1,1.0
Trajectories/2022-04-11/267_RR220411A_953C_1800.bmp,267_RR220411A_953C_1800.bmp,Trajectories/2022-04-11/271_RR220411A_951C_1811.bmp,271_RR220411A_951C_1811.bmp,c(6 x 2),tie,HL,,2026-01-06T21:50:12.689583,303.0,293.0,Confident,c(6 x 2),Trajectories/2022-04-11/267_RR220411A_953C_1800.bmp || Trajectories/2022-04-11/271_RR220411A_951C_1811.bmp,/content/rl_quantum_2026summer/data/original data/Trajectories/2022-04-11/267_RR220411A_953C_1800.bmp,/content/rl_quantum_2026summer/data/original data/Trajectories/2022-04-11/271_RR220411A_951C_1811.bmp,2,1.0
Trajectories/2022-04-11/267_RR220411A_953C_1800.bmp,267_RR220411A_953C_1800.bmp,Trajectories/2022-04-11/271_RR220411A_951C_1811.bmp,271_RR220411A_951C_1811.bmp,HTR,not_apply,HL,,2026-01-06T21:50:13.592211,303.0,293.0,Confident,HTR,Trajectories/2022-04-11/267_RR220411A_953C_1800.bmp || Trajectories/2022-04-11/271_RR220411A_951C_1811.bmp,/content/rl_quantum_2026summer/data/original data/Trajectories/2022-04-11/267_RR220411A_953C_1800.bmp,/content/rl_quantum_2026summer/data/original data/Trajectories/2022-04-11/271_RR220411A_951C_1811.bmp,4,1.0
Trajectories/2022-04-11/267_RR220411A_953C_1800.bmp,267_RR220411A_953C_1800.bmp,Trajectories/2022-04-11/271_RR220411A_951C_1811.bmp,271_RR220411A_951C_1811.bmp,(1 x 1),tie,HL,,2026-01-06T21:50:14.498986,303.0,293.0,Confident,(1 x 1),Trajectories/2022-04-11/267_RR220411A_953C_1800.bmp || Trajectories/2022-04-11/271_RR220411A_951C_1811.bmp,/content/rl_quantum_2026summer/data/original data/Trajectories/2022-04-11/267_RR220411A_953C_1800.bmp,/content/rl_quantum_2026summer/data/original data/Trajectories/2022-04-11/271_RR220411A_951C_1811.bmp,0,1.0
Trajectories/2022-02-04/294_RR220204A_843C_2014.bmp,294_RR220204A_843C_2014.bmp,Trajectories/2022-02-06/140_RR220206A_993C_1941.bmp,140_RR220206A_993C_1941.bmp,(√13 x √13),1,AJ,,2025-12-12T00:11:31.731499,,,,(√13 x √13),Trajectories/2022-02-04/294_RR220204A_843C_2014.bmp || Trajectories/2022-02-06/140_RR220206A_993C_1941.bmp,/content/rl_quantum_2026summer/data/original data/Trajectories/2022-02-04/294_RR220204A_843C_2014.bmp,/content/rl_quantum_2026summer/data/original data/Trajectories/2022-02-06/140_RR220206A_993C_1941.bmp,3,1.0
Trajectories/2022-02-04/294_RR220204A_843C_2014.bmp,294_RR220204A_843C_2014.bmp,Trajectories/2022-02-06/140_RR220206A_993C_1941.bmp,140_RR220206A_993C_1941.bmp,HTR,2,AJ,,2025-12-12T00:11:32.525228,,,,HTR,Trajectories/2022-02-04/294_RR220204A_843C_2014.bmp || Trajectories/2022-02-06/140_RR220206A_993C_1941.bmp,/content/rl_quantum_2026summer/data/original data/Trajectories/2022-02-04/294_RR220204A_843C_2014.bmp,/content/rl_quantum_2026summer/data/original data/Trajectories/2022-02-06/140_RR220206A_993C_1941.bmp,4,1.0
Trajectories/2022-04-11/437_RR220411A_345C_2004.bmp,437_RR220411A_345C_2004.bmp,Trajectories/2022-02-04/181_RR220204A_572C_1825.bmp,181_RR220204A_572C_1825.bmp,c(6 x 2),1,HL,,2025-12-15T21:07:11.235892,,,,c(6 x 2),Trajectories/2022-02-04/181_RR220204A_572C_1825.bmp || Trajectories/2022-04-11/437_RR220411A_345C_2004.bmp,/content/rl_quantum_2026summer/data/original data/Trajectories/2022-04-11/437_RR220411A_345C_2004.bmp,/content/rl_quantum_2026summer/data/original data/Trajectories/2022-02-04/181_RR220204A_572C_1825.bmp,2,1.0
Trajectories/2022-04-11/437_RR220411A_345C_2004.bmp,437_RR220411A_345C_2004.bmp,Trajectories/2022-02-04/181_RR220204A_572C_1825.bmp,181_RR220204A_572C_1825.bmp,HTR,not_apply,HL,,2025-12-15T21:07:12.137885,,,,HTR,Trajectories/2022-02-04/181_RR220204A_572C_1825.bmp || Trajectories/2022-04-11/437_RR220411A_345C_2004.bmp,/content/rl_quantum_2026summer/data/original data/Trajectories/2022-04-11/437_RR220411A_345C_2004.bmp,/content/rl_quantum_2026summer/data/original data/Trajectories/2022-02-04/181_RR220204A_572C_1825.bmp,4,1.0
Trajectories/2022-04-11/437_RR220411A_345C_2004.bmp,437_RR220411A_345C_2004.bmp,Trajectories/2022-02-04/181_RR220204A_572C_1825.bmp,181_RR220204A_572C_1825.bmp,(1 x 1),not_apply,HL,,2025-12-15T21:07:13.104534,,,,(1 x 1),Trajectories/2022-02-04/181_RR220204A_572C_1825.bmp || Trajectories/2022-04-11/437_RR220411A_345C_2004.bmp,/content/rl_quantum_2026summer/data/original data/Trajectories/2022-04-11/437_RR220411A_345C_2004.bmp,/content/rl_quantum_2026summer/data/original data/Trajectories/2022-02-04/181_RR220204A_572C_1825.bmp,0,1.0
Trajectories/2022-04-11/437_RR220411A_345C_2004.bmp,437_RR220411A_345C_2004.bmp,Trajectories/2022-02-04/181_RR220204A_572C_1825.bmp,181_RR220204A_572C_1825.bmp,(√13 x √13),1,HL,,2025-12-15T21:07:14.262371,,,,(√13 x √13),Trajectories/2022-02-04/181_RR220204A_572C_1825.bmp || Trajectories/2022-04-11/437_RR220411A_345C_2004.bmp,/content/rl_quantum_2026summer/data/original data/Trajectories/2022-04-11/437_RR220411A_345C_2004.bmp,/content/rl_quantum_2026summer/data/original data/Trajectories/2022-02-04/181_RR220204A_572C_1825.bmp,3,1.0
Trajectories/2022-04-11/437_RR220411A_345C_2004.bmp,437_RR220411A_345C_2004.bmp,Trajectories/2022-02-04/181_RR220204A_572C_1825.bmp,181_RR220204A_572C_1825.bmp,Twinned(2 x 1),2,HL,,2025-12-15T21:07:15.202419,,,,Twinned(2 x 1),Trajectories/2022-02-04/181_RR220204A_572C_1825.bmp || Trajectories/2022-04-11/437_RR220411A_345C_2004.bmp,/content/rl_quantum_2026summer/data/original data/Trajectories/2022-04-11/437_RR220411A_345C_2004.bmp,/content/rl_quantum_2026summer/data/original data/Trajectories/2022-02-04/181_RR220204A_572C_1825.bmp,1,1.0
Trajectories/2022-02-06/234_RR220206A_738C_2148.bmp,234_RR220206A_738C_2148.bmp,Trajectories/2022-04-11/375_RR220411A_617C_1938.bmp,375_RR220411A_617C_1938.bmp,c(6 x 2),2,HL,,2025-12-15T21:29:20.458580,,,,c(6 x 2),Trajectories/2022-02-06/234_RR220206A_738C_2148.bmp || Trajectories/2022-04-11/375_RR220411A_617C_1938.bmp,/content/rl_quantum_2026summer/data/original data/Trajectories/2022-02-06/234_RR220206A_738C_2148.bmp,/content/rl_quantum_2026summer/data/original data/Trajectories/2022-04-11/375_RR220411A_617C_1938.bmp,2,1.0
Trajectories/2022-02-06/234_RR220206A_738C_2148.bmp,234_RR220206A_738C_2148.bmp,Trajectories/2022-04-11/375_RR220411A_617C_1938.bmp,375_RR220411A_617C_1938.bmp,HTR,1,HL,,2025-12-15T21:29:21.239676,,,,HTR,Trajectories/2022-02-06/234_RR220206A_738C_2148.bmp || Trajectories/2022-04-11/375_RR220411A_617C_1938.bmp,/content/rl_quantum_2026summer/data/original data/Trajectories/2022-02-06/234_RR220206A_738C_2148.bmp,/content/rl_quantum_2026summer/data/original data/Trajectories/2022-04-11/375_RR220411A_617C_1938.bmp,4,1.0
Trajectories/2022-02-06/234_RR220206A_738C_2148.bmp,234_RR220206A_738C_2148.bmp,Trajectories/2022-04-11/375_RR220411A_617C_1938.bmp,375_RR220411A_617C_1938.bmp,(1 x 1),not_apply,HL,,2025-12-15T21:29:21.991048,,,,(1 x 1),Trajectories/2022-02-06/234_RR220206A_738C_2148.bmp || Trajectories/2022-04-11/375_RR220411A_617C_1938.bmp,/content/rl_quantum_2026summer/data/original data/Trajectories/2022-02-06/234_RR220206A_738C_2148.bmp,/content/rl_quantum_2026summer/data/original data/Trajectories/2022-04-11/375_RR220411A_617C_1938.bmp,0,1.0
Trajectories/2022-02-06/234_RR220206A_738C_2148.bmp,234_RR220206A_738C_2148.bmp,Trajectories/2022-04-11/375_RR220411A_617C_1938.bmp,375_RR220411A_617C_1938.bmp,Twinned(2 x 1),not_apply,HL,,2025-12-15T21:29:22.770902,,,,Twinned(2 x 1),Trajectories/2022-02-06/234_RR220206A_738C_2148.bmp || Trajectories/2022-04-11/375_RR220411A_617C_1938.bmp,/content/rl_quantum_2026summer/data/original data/Trajectories/2022-02-06/234_RR220206A_738C_2148.bmp,/content/rl_quantum_2026summer/data/original data/Trajectories/2022-04-11/375_RR220411A_617C_1938.bmp,1,1.0
Trajectories/2022-02-06/234_RR220206A_738C_2148.bmp,234_RR220206A_738C_2148.bmp,Trajectories/2022-04-11/375_RR220411A_617C_1938.bmp,375_RR220411A_617C_1938.bmp,(√13 x √13),2,HL,,2025-12-15T21:29:23.485733,,,,(√13 x √13),Trajectories/2022-02-06/234_RR220206A_738C_2148.bmp || Trajectories/2022-04-11/375_RR220411A_617C_1938.bmp,/content/rl_quantum_2026summer/data/original data/Trajectories/2022-02-06/234_RR220206A_738C_2148.bmp,/content/rl_quantum_2026summer/data/original data/Trajectories/2022-04-11/375_RR220411A_617C_1938.bmp,3,1.0
Trajectories/2022-02-04/303_RR220204A_917C_2021.bmp,303_RR220204A_917C_2021.bmp,Trajectories/2022-04-11/226_RR220411A_873C_1725.bmp,226_RR220411A_873C_1725.bmp,c(6 x 2),tie,AJ,,2025-12-26T08:12:58.531056,335.0,204.0,Confident,c(6 x 2),Trajectories/2022-02-04/303_RR220204A_917C_2021.bmp || Trajectories/2022-04-11/226_RR220411A_873C_1725.bmp,/content/rl_quantum_2026summer/data/original data/Trajectories/2022-02-04/303_RR220204A_917C_2021.bmp,/content/rl_quantum_2026summer/data/original data/Trajectories/2022-04-11/226_RR220411A_873C_1725.bmp,2,1.0
Trajectories/2022-02-04/303_RR220204A_917C_2021.bmp,303_RR220204A_917C_2021.bmp,Trajectories/2022-04-11/226_RR220411A_873C_1725.bmp,226_RR220411A_873C_1725.bmp,(√13 x √13),tie,AJ,,2025-12-26T08:12:59.493280,335.0,204.0,Confident,(√13 x √13),Trajectories/2022-02-04/303_RR220204A_917C_2021.bmp || Trajectories/2022-04-11/226_RR220411A_873C_1725.bmp,/content/rl_quantum_2026summer/data/original data/Trajectories/2022-02-04/303_RR220204A_917C_2021.bmp,/content/rl_quantum_2026summer/data/original data/Trajectories/2022-04-11/226_RR220411A_873C_1725.bmp,3,1.0
Trajectories/2022-02-04/303_RR220204A_917C_2021.bmp,303_RR220204A_917C_2021.bmp,Trajectories/2022-04-11/226_RR220411A_873C_1725.bmp,226_RR220411A_873C_1725.bmp,(1 x 1),not_apply,AJ,,2025-12-26T08:13:00.440229,335.0,204.0,Confident,(1 x 1),Trajectories/2022-02-04/303_RR220204A_917C_2021.bmp || Trajectories/2022-04-11/226_RR220411A_873C_1725.bmp,/content/rl_quantum_2026summer/data/original data/Trajectories/2022-02-04/303_RR220204A_917C_2021.bmp,/content/rl_quantum_2026summer/data/original data/Trajectories/2022-04-11/226_RR220411A_873C_1725.bmp,0,1.0
Trajectories/2022-02-04/303_RR220204A_917C_2021.bmp,303_RR220204A_917C_2021.bmp,Trajectories/2022-04-11/226_RR220411A_873C_1725.bmp,226_RR220411A_873C_1725.bmp,HTR,not_apply,AJ,,2025-12-26T08:13:01.588867,335.0,204.0,Confident,HTR,Trajectories/2022-02-04/303_RR220204A_917C_2021.bmp || Trajectories/2022-04-11/226_RR220411A_873C_1725.bmp,/content/rl_quantum_2026summer/data/original data/Trajectories/2022-02-04/303_RR220204A_917C_2021.bmp,/content/rl_quantum_2026summer/data/original data/Trajectories/2022-04-11/226_RR220411A_873C_1725.bmp,4,1.0
Trajectories/2022-02-04/303_RR220204A_917C_2021.bmp,303_RR220204A_917C_2021.bmp,Trajectories/2022-04-11/226_RR220411A_873C_1725.bmp,226_RR220411A_873C_1725.bmp,Twinned(2 x 1),not_apply,AJ,,2025-12-26T08:13:02.569286,335.0,204.0,Confident,Twinned(2 x 1),Trajectories/2022-02-04/303_RR220204A_917C_2021.bmp || Trajectories/2022-04-11/226_RR220411A_873C_1725.bmp,/content/rl_quantum_2026summer/data/original data/Trajectories/2022-02-04/303_RR220204A_917C_2021.bmp,/content/rl_quantum_2026summer/data/original data/Trajectories/2022-04-11/226_RR220411A_873C_1725.bmp,1,1.0
Trajectories/2022-02-04/287_RR220204A_851C_2008.bmp,287_RR220204A_851C_2008.bmp,Trajectories/2022-04-11/409_RR220411A_474C_1953.bmp,409_RR220411A_474C_1953.bmp,(√13 x √13),2,AJ,,2025-12-06 01:20:27,,,,(√13 x √13),Trajectories/2022-02-04/287_RR220204A_851C_2008.bmp || Trajectories/2022-04-11/409_RR220411A_474C_1953.bmp,/content/rl_quantum_2026summer/data/original data/Trajectories/2022-02-04/287_RR220204A_851C_2008.bmp,/content/rl_quantum_2026summer/data/original data/Trajectories/2022-04-11/409_RR220411A_474C_1953.bmp,3,1.0
Trajectories/2022-02-04/287_RR220204A_851C_2008.bmp,287_RR220204A_851C_2008.bmp,Trajectories/2022-04-11/409_RR220411A_474C_1953.bmp,409_RR220411A_474C_1953.bmp,c(6 x 2),1,AJ,,2025-12-06 01:20:27,,,,c(6 x 2),Trajectories/2022-02-04/287_RR220204A_851C_2008.bmp || Trajectories/2022-04-11/409_RR220411A_474C_1953.bmp,/content/rl_quantum_2026summer/data/original data/Trajectories/2022-02-04/287_RR220204A_851C_2008.bmp,/content/rl_quantum_2026summer/data/original data/Trajectories/2022-04-11/409_RR220411A_474C_1953.bmp,2,1.0
Trajectories/2022-04-11/057_RR220411A_389C_1506-01.bmp,057_RR220411A_389C_1506-01.bmp,Trajectories/2022-02-04/324_RR220204A_913C_2047.bmp,324_RR220204A_913C_2047.bmp,HTR,not_apply,Jiangang,,2026-01-05T15:53:10.648889,308.0,311.0,Confident,HTR,Trajectories/2022-02-04/324_RR220204A_913C_2047.bmp || Trajectories/2022-04-11/057_RR220411A_389C_1506-01.bmp,/content/rl_quantum_2026summer/data/original data/Trajectories/2022-04-11/057_RR220411A_389C_1506-01.bmp,/content/rl_quantum_2026summer/data/original data/Trajectories/2022-02-04/324_RR220204A_913C_2047.bmp,4,1.0
Trajectories/2022-04-11/057_RR220411A_389C_1506-01.bmp,057_RR220411A_389C_1506-01.bmp,Trajectories/2022-02-04/324_RR220204A_913C_2047.bmp,324_RR220204A_913C_2047.bmp,c(6 x 2),not_apply,Jiangang,,2026-01-05T15:53:11.575309,308.0,311.0,Confident,c(6 x 2),Trajectories/2022-02-04/324_RR220204A_913C_2047.bmp || Trajectories/2022-04-11/057_RR220411A_389C_1506-01.bmp,/content/rl_quantum_2026summer/data/original data/Trajectories/2022-04-11/057_RR220411A_389C_1506-01.bmp,/content/rl_quantum_2026summer/data/original data/Trajectories/2022-02-04/324_RR220204A_913C_2047.bmp,2,1.0
Trajectories/2022-04-11/057_RR220411A_389C_1506-01.bmp,057_RR220411A_389C_1506-01.bmp,Trajectories/2022-02-04/324_RR220204A_913C_2047.bmp,324_RR220204A_913C_2047.bmp,(√13 x √13),2,Jiangang,,2026-01-05T15:53:12.475751,308.0,311.0,Confident,(√13 x √13),Trajectories/2022-02-04/324_RR220204A_913C_2047.bmp || Trajectories/2022-04-11/057_RR220411A_389C_1506-01.bmp,/content/rl_quantum_2026summer/data/original data/Trajectories/2022-04-11/057_RR220411A_389C_1506-01.bmp,/content/rl_quantum_2026summer/data/original data/Trajectories/2022-02-04/324_RR220204A_913C_2047.bmp,3,1.0
Trajectories/2022-04-11/057_RR220411A_389C_1506-01.bmp,057_RR220411A_389C_1506-01.bmp,Trajectories/2022-02-04/324_RR220204A_913C_2047.bmp,324_RR220204A_913C_2047.bmp,(1 x 1),1,Jiangang,,2026-01-05T15:53:13.346375,308.0,311.0,Confident,(1 x 1),Trajectories/2022-02-04/324_RR220204A_913C_2047.bmp || Trajectories/2022-04-11/057_RR220411A_389C_1506-01.bmp,/content/rl_quantum_2026summer/data/original data/Trajectories/2022-04-11/057_RR220411A_389C_1506-01.bmp,/content/rl_quantum_2026summer/data/original data/Trajectories/2022-02-04/324_RR220204A_913C_2047.bmp,0,1.0
Trajectories/2022-04-11/057_RR220411A_389C_1506-01.bmp,057_RR220411A_389C_1506-01.bmp,Trajectories/2022-02-04/324_RR220204A_913C_2047.bmp,324_RR220204A_913C_2047.bmp,Twinned(2 x 1),2,Jiangang,,2026-01-05T15:53:14.291157,308.0,311.0,Confident,Twinned(2 x 1),Trajectories/2022-02-04/324_RR220204A_913C_2047.bmp || Trajectories/2022-04-11/057_RR220411A_389C_1506-01.bmp,/content/rl_quantum_2026summer/data/original data/Trajectories/2022-04-11/057_RR220411A_389C_1506-01.bmp,/content/rl_quantum_2026summer/data/original data/Trajectories/2022-02-04/324_RR220204A_913C_2047.bmp,1,1.0
Trajectories/2022-02-06/037_RR220206A_165C_1722.bmp,037_RR220206A_165C_1722.bmp,Trajectories/2022-04-11/219_RR220411A_865C_1720.bmp,219_RR220411A_865C_1720.bmp,(√13 x √13),2,AJ,,2025-12-26T08:12:16.205371,147.0,209.0,Confident,(√13 x √13),Trajectories/2022-02-06/037_RR220206A_165C_1722.bmp || Trajectories/2022-04-11/219_RR220411A_865C_1720.bmp,/content/rl_quantum_2026summer/data/original data/Trajectories/2022-02-06/037_RR220206A_165C_1722.bmp,/content/rl_quantum_2026summer/data/original data/Trajectories/2022-04-11/219_RR220411A_865C_1720.bmp,3,1.0
Trajectories/2022-02-06/037_RR220206A_165C_1722.bmp,037_RR220206A_165C_1722.bmp,Trajectories/2022-04-11/219_RR220411A_865C_1720.bmp,219_RR220411A_865C_1720.bmp,c(6 x 2),2,AJ,,2025-12-26T08:12:17.241128,147.0,209.0,Confident,c(6 x 2),Trajectories/2022-02-06/037_RR220206A_165C_1722.bmp || Trajectories/2022-04-11/219_RR220411A_865C_1720.bmp,/content/rl_quantum_2026summer/data/original data/Trajectories/2022-02-06/037_RR220206A_165C_1722.bmp,/content/rl_quantum_2026summer/data/original data/Trajectories/2022-04-11/219_RR220411A_865C_1720.bmp,2,1.0
Trajectories/2022-02-06/037_RR220206A_165C_1722.bmp,037_RR220206A_165C_1722.bmp,Trajectories/2022-04-11/219_RR220411A_865C_1720.bmp,219_RR220411A_865C_1720.bmp,Twinned(2 x 1),not_apply,AJ,,2025-12-26T08:12:18.318322,147.0,209.0,Confident,Twinned(2 x 1),Trajectories/2022-02-06/037_RR220206A_165C_1722.bmp || Trajectories/2022-04-11/219_RR220411A_865C_1720.bmp,/content/rl_quantum_2026summer/data/original data/Trajectories/2022-02-06/037_RR220206A_165C_1722.bmp,/content/rl_quantum_2026summer/data/original data/Trajectories/2022-04-11/219_RR220411A_865C_1720.bmp,1,1.0
Trajectories/2022-02-06/037_RR220206A_165C_1722.bmp,037_RR220206A_165C_1722.bmp,Trajectories/2022-04-11/219_RR220411A_865C_1720.bmp,219_RR220411A_865C_1720.bmp,(1 x 1),1,AJ,,2025-12-26T08:12:19.509080,147.0,209.0,Confident,(1 x 1),Trajectories/2022-02-06/037_RR220206A_165C_1722.bmp || Trajectories/2022-04-11/219_RR220411A_865C_1720.bmp,/content/rl_quantum_2026summer/data/original data/Trajectories/2022-02-06/037_RR220206A_165C_1722.bmp,/content/rl_quantum_2026summer/data/original data/Trajectories/2022-04-11/219_RR220411A_865C_1720.bmp,0,1.0
Trajectories/2022-02-06/037_RR220206A_165C_1722.bmp,037_RR220206A_165C_1722.bmp,Trajectories/2022-04-11/219_RR220411A_865C_1720.bmp,219_RR220411A_865C_1720.bmp,HTR,not_apply,AJ,,2025-12-26T08:12:20.521106,147.0,209.0,Confident,HTR,Trajectories/2022-02-06/037_RR220206A_165C_1722.bmp || Trajectories/2022-04-11/219_RR220411A_865C_1720.bmp,/content/rl_quantum_2026summer/data/original data/Trajectories/2022-02-06/037_RR220206A_165C_1722.bmp,/content/rl_quantum_2026summer/data/original data/Trajectories/2022-04-11/219_RR220411A_865C_1720.bmp,4,1.0
Trajectories/2022-04-11/001_RR220411A_180C_1417-01.bmp,001_RR220411A_180C_1417-01.bmp,Trajectories/2022-04-11/051_RR220411A_370C_1500.bmp,051_RR220411A_370C_1500.bmp,(1 x 1),tie,AJ,,2025-12-12T00:17:07.694727,,,,(1 x 1),Trajectories/2022-04-11/001_RR220411A_180C_1417-01.bmp || Trajectories/2022-04-11/051_RR220411A_370C_1500.bmp,/content/rl_quantum_2026summer/data/original data/Trajectories/2022-04-11/001_RR220411A_180C_1417-01.bmp,/content/rl_quantum_2026summer/data/original data/Trajectories/2022-04-11/051_RR220411A_370C_1500.bmp,0,1.0
Trajectories/2022-04-11/439_RR220411A_330C_2005.bmp,439_RR220411A_330C_2005.bmp,Trajectories/2022-02-04/003_RR220204A_932C_0017.bmp,003_RR220204A_932C_0017.bmp,c(6 x 2),1,HL,,2026-01-06T21:40:19.381737,258.0,257.0,Confident,c(6 x 2),Trajectories/2022-02-04/003_RR220204A_932C_0017.bmp || Trajectories/2022-04-11/439_RR220411A_330C_2005.bmp,/content/rl_quantum_2026summer/data/original data/Trajectories/2022-04-11/439_RR220411A_330C_2005.bmp,/content/rl_quantum_2026summer/data/original data/Trajectories/2022-02-04/003_RR220204A_932C_0017.bmp,2,1.0
Trajectories/2022-04-11/439_RR220411A_330C_2005.bmp,439_RR220411A_330C_2005.bmp,Trajectories/2022-02-04/003_RR220204A_932C_0017.bmp,003_RR220204A_932C_0017.bmp,(√13 x √13),1,HL,,2026-01-06T21:40:20.591934,258.0,257.0,Confident,(√13 x √13),Trajectories/2022-02-04/003_RR220204A_932C_0017.bmp || Trajectories/2022-04-11/439_RR220411A_330C_2005.bmp,/content/rl_quantum_2026summer/data/original data/Trajectories/2022-04-11/439_RR220411A_330C_2005.bmp,/content/rl_quantum_2026summer/data/original data/Trajectories/2022-02-04/003_RR220204A_932C_0017.bmp,3,1.0
Trajectories/2022-04-11/439_RR220411A_330C_2005.bmp,439_RR220411A_330C_2005.bmp,Trajectories/2022-02-04/003_RR220204A_932C_0017.bmp,003_RR220204A_932C_0017.bmp,Twinned(2 x 1),2,HL,,2026-01-06T21:40:21.488602,258.0,257.0,Confident,Twinned(2 x 1),Trajectories/2022-02-04/003_RR220204A_932C_0017.bmp || Trajectories/2022-04-11/439_RR220411A_330C_2005.bmp,/content/rl_quantum_2026summer/data/original data/Trajectories/2022-04-11/439_RR220411A_330C_2005.bmp,/content/rl_quantum_2026summer/data/original data/Trajectories/2022-02-04/003_RR220204A_932C_0017.bmp,1,1.0
Trajectories/2022-04-11/439_RR220411A_330C_2005.bmp,439_RR220411A_330C_2005.bmp,Trajectories/2022-02-04/003_RR220204A_932C_0017.bmp,003_RR220204A_932C_0017.bmp,HTR,not_apply,HL,,2026-01-06T21:40:22.350885,258.0,257.0,Confident,HTR,Trajectories/2022-02-04/003_RR220204A_932C_0017.bmp || Trajectories/2022-04-11/439_RR220411A_330C_2005.bmp,/content/rl_quantum_2026summer/data/original data/Trajectories/2022-04-11/439_RR220411A_330C_2005.bmp,/content/rl_quantum_2026summer/data/original data/Trajectories/2022-02-04/003_RR220204A_932C_0017.bmp,4,1.0
Trajectories/2022-04-11/439_RR220411A_330C_2005.bmp,439_RR220411A_330C_2005.bmp,Trajectories/2022-02-04/003_RR220204A_932C_0017.bmp,003_RR220204A_932C_0017.bmp,(1 x 1),2,HL,,2026-01-06T21:40:23.086599,258.0,257.0,Confident,(1 x 1),Trajectories/2022-02-04/003_RR220204A_932C_0017.bmp || Trajectories/2022-04-11/439_RR220411A_330C_2005.bmp,/content/rl_quantum_2026summer/data/original data/Trajectories/2022-04-11/439_RR220411A_330C_2005.bmp,/content/rl_quantum_2026summer/data/original data/Trajectories/2022-02-04/003_RR220204A_932C_0017.bmp,0,1.0
Trajectories/2022-02-04/253_RR220204A_782C_1923.bmp,253_RR220204A_782C_1923.bmp,Trajectories/2022-02-06/262_RR220206A_540C_2228.bmp,262_RR220206A_540C_2228.bmp,Twinned(2 x 1),not_apply,AJ,,2025-12-26T08:13:53.511971,195.0,189.0,Confident,Twinned(2 x 1),Trajectories/2022-02-04/253_RR220204A_782C_1923.bmp || Trajectories/2022-02-06/262_RR220206A_540C_2228.bmp,/content/rl_quantum_2026summer/data/original data/Trajectories/2022-02-04/253_RR220204A_782C_1923.bmp,/content/rl_quantum_2026summer/data/original data/Trajectories/2022-02-06/262_RR220206A_540C_2228.bmp,1,1.0
Trajectories/2022-02-04/253_RR220204A_782C_1923.bmp,253_RR220204A_782C_1923.bmp,Trajectories/2022-02-06/262_RR220206A_540C_2228.bmp,262_RR220206A_540C_2228.bmp,(1 x 1),not_apply,AJ,,2025-12-26T08:13:54.489680,195.0,189.0,Confident,(1 x 1),Trajectories/2022-02-04/253_RR220204A_782C_1923.bmp || Trajectories/2022-02-06/262_RR220206A_540C_2228.bmp,/content/rl_quantum_2026summer/data/original data/Trajectories/2022-02-04/253_RR220204A_782C_1923.bmp,/content/rl_quantum_2026summer/data/original data/Trajectories/2022-02-06/262_RR220206A_540C_2228.bmp,0,1.0
Trajectories/2022-02-04/253_RR220204A_782C_1923.bmp,253_RR220204A_782C_1923.bmp,Trajectories/2022-02-06/262_RR220206A_540C_2228.bmp,262_RR220206A_540C_2228.bmp,c(6 x 2),1,AJ,,2025-12-26T08:13:55.345250,195.0,189.0,Confident,c(6 x 2),Trajectories/2022-02-04/253_RR220204A_782C_1923.bmp || Trajectories/2022-02-06/262_RR220206A_540C_2228.bmp,/content/rl_quantum_2026summer/data/original data/Trajectories/2022-02-04/253_RR220204A_782C_1923.bmp,/content/rl_quantum_2026summer/data/original data/Trajectories/2022-02-06/262_RR220206A_540C_2228.bmp,2,1.0
Trajectories/2022-02-04/253_RR220204A_782C_1923.bmp,253_RR220204A_782C_1923.bmp,Trajectories/2022-02-06/262_RR220206A_540C_2228.bmp,262_RR220206A_540C_2228.bmp,HTR,2,AJ,,2025-12-26T08:13:56.276916,195.0,189.0,Confident,HTR,Trajectories/2022-02-04/253_RR220204A_782C_1923.bmp || Trajectories/2022-02-06/262_RR220206A_540C_2228.bmp,/content/rl_quantum_2026summer/data/original data/Trajectories/2022-02-04/253_RR220204A_782C_1923.bmp,/content/rl_quantum_2026summer/data/original data/Trajectories/2022-02-06/262_RR220206A_540C_2228.bmp,4,1.0
Trajectories/2022-02-04/253_RR220204A_782C_1923.bmp,253_RR220204A_782C_1923.bmp,Trajectories/2022-02-06/262_RR220206A_540C_2228.bmp,262_RR220206A_540C_2228.bmp,(√13 x √13),1,AJ,,2025-12-26T08:13:57.216913,195.0,189.0,Confident,(√13 x √13),Trajectories/2022-02-04/253_RR220204A_782C_1923.bmp || Trajectories/2022-02-06/262_RR220206A_540C_2228.bmp,/content/rl_quantum_2026summer/data/original data/Trajectories/2022-02-04/253_RR220204A_782C_1923.bmp,/content/rl_quantum_2026summer/data/original data/Trajectories/2022-02-06/262_RR220206A_540C_2228.bmp,3,1.0
Trajectories/2022-04-11/291_RR220411A_888C_1840.bmp,291_RR220411A_888C_1840.bmp,Trajectories/2022-02-04/007_RR220204A_931C_0051.bmp,007_RR220204A_931C_0051.bmp,(√13 x √13),tie,AJ,,2025-12-26T10:56:06.706063,161.0,224.0,Confident,(√13 x √13),Trajectories/2022-02-04/007_RR220204A_931C_0051.bmp || Trajectories/2022-04-11/291_RR220411A_888C_1840.bmp,/content/rl_quantum_2026summer/data/original data/Trajectories/2022-04-11/291_RR220411A_888C_1840.bmp,/content/rl_quantum_2026summer/data/original data/Trajectories/2022-02-04/007_RR220204A_931C_0051.bmp,3,1.0
Trajectories/2022-04-11/291_RR220411A_888C_1840.bmp,291_RR220411A_888C_1840.bmp,Trajectories/2022-02-04/007_RR220204A_931C_0051.bmp,007_RR220204A_931C_0051.bmp,c(6 x 2),tie,AJ,,2025-12-26T10:56:07.631597,161.0,224.0,Confident,c(6 x 2),Trajectories/2022-02-04/007_RR220204A_931C_0051.bmp || Trajectories/2022-04-11/291_RR220411A_888C_1840.bmp,/content/rl_quantum_2026summer/data/original data/Trajectories/2022-04-11/291_RR220411A_888C_1840.bmp,/content/rl_quantum_2026summer/data/original data/Trajectories/2022-02-04/007_RR220204A_931C_0051.bmp,2,1.0
Trajectories/2022-04-11/291_RR220411A_888C_1840.bmp,291_RR220411A_888C_1840.bmp,Trajectories/2022-02-04/007_RR220204A_931C_0051.bmp,007_RR220204A_931C_0051.bmp,HTR,not_apply,AJ,,2025-12-26T10:56:08.583611,161.0,224.0,Confident,HTR,Trajectories/2022-02-04/007_RR220204A_931C_0051.bmp || Trajectories/2022-04-11/291_RR220411A_888C_1840.bmp,/content/rl_quantum_2026summer/data/original data/Trajectories/2022-04-11/291_RR220411A_888C_1840.bmp,/content/rl_quantum_2026summer/data/original data/Trajectories/2022-02-04/007_RR220204A_931C_0051.bmp,4,1.0
Trajectories/2022-04-11/291_RR220411A_888C_1840.bmp,291_RR220411A_888C_1840.bmp,Trajectories/2022-02-04/007_RR220204A_931C_0051.bmp,007_RR220204A_931C_0051.bmp,Twinned(2 x 1),not_apply,AJ,,2025-12-26T10:56:09.482082,161.0,224.0,Confident,Twinned(2 x 1),Trajectories/2022-02-04/007_RR220204A_931C_0051.bmp || Trajectories/2022-04-11/291_RR220411A_888C_1840.bmp,/content/rl_quantum_2026summer/data/original data/Trajectories/2022-04-11/291_RR220411A_888C_1840.bmp,/content/rl_quantum_2026summer/data/original data/Trajectories/2022-02-04/007_RR220204A_931C_0051.bmp,1,1.0
Trajectories/2022-04-11/291_RR220411A_888C_1840.bmp,291_RR220411A_888C_1840.bmp,Trajectories/2022-02-04/007_RR220204A_931C_0051.bmp,007_RR220204A_931C_0051.bmp,(1 x 1),not_apply,AJ,,2025-12-26T10:56:10.369437,161.0,224.0,Confident,(1 x 1),Trajectories/2022-02-04/007_RR220204A_931C_0051.bmp || Trajectories/2022-04-11/291_RR220411A_888C_1840.bmp,/content/rl_quantum_2026summer/data/original data/Trajectories/2022-04-11/291_RR220411A_888C_1840.bmp,/content/rl_quantum_2026summer/data/original data/Trajectories/2022-02-04/007_RR220204A_931C_0051.bmp,0,1.0
Trajectories/2022-02-04/356_RR220204A_949C_2144.bmp,356_RR220204A_949C_2144.bmp,Trajectories/2022-02-04/266_RR220204A_783C_1938.bmp,266_RR220204A_783C_1938.bmp,Twinned(2 x 1),tie,HL,,2026-01-05T23:06:20.933551,305.0,322.0,Confident,Twinned(2 x 1),Trajectories/2022-02-04/266_RR220204A_783C_1938.bmp || Trajectories/2022-02-04/356_RR220204A_949C_2144.bmp,/content/rl_quantum_2026summer/data/original data/Trajectories/2022-02-04/356_RR220204A_949C_2144.bmp,/content/rl_quantum_2026summer/data/original data/Trajectories/2022-02-04/266_RR220204A_783C_1938.bmp,1,1.0
Trajectories/2022-02-04/356_RR220204A_949C_2144.bmp,356_RR220204A_949C_2144.bmp,Trajectories/2022-02-04/266_RR220204A_783C_1938.bmp,266_RR220204A_783C_1938.bmp,(√13 x √13),tie,HL,,2026-01-05T23:06:22.247845,305.0,322.0,Confident,(√13 x √13),Trajectories/2022-02-04/266_RR220204A_783C_1938.bmp || Trajectories/2022-02-04/356_RR220204A_949C_2144.bmp,/content/rl_quantum_2026summer/data/original data/Trajectories/2022-02-04/356_RR220204A_949C_2144.bmp,/content/rl_quantum_2026summer/data/original data/Trajectories/2022-02-04/266_RR220204A_783C_1938.bmp,3,1.0
Trajectories/2022-02-04/356_RR220204A_949C_2144.bmp,356_RR220204A_949C_2144.bmp,Trajectories/2022-02-04/266_RR220204A_783C_1938.bmp,266_RR220204A_783C_1938.bmp,(1 x 1),tie,HL,,2026-01-05T23:06:23.437401,305.0,322.0,Confident,(1 x 1),Trajectories/2022-02-04/266_RR220204A_783C_1938.bmp || Trajectories/2022-02-04/356_RR220204A_949C_2144.bmp,/content/rl_quantum_2026summer/data/original data/Trajectories/2022-02-04/356_RR220204A_949C_2144.bmp,/content/rl_quantum_2026summer/data/original data/Trajectories/2022-02-04/266_RR220204A_783C_1938.bmp,0,1.0
Trajectories/2022-02-04/356_RR220204A_949C_2144.bmp,356_RR220204A_949C_2144.bmp,Trajectories/2022-02-04/266_RR220204A_783C_1938.bmp,266_RR220204A_783C_1938.bmp,c(6 x 2),not_apply,HL,,2026-01-05T23:06:24.468567,305.0,322.0,Confident,c(6 x 2),Trajectories/2022-02-04/266_RR220204A_783C_1938.bmp || Trajectories/2022-02-04/356_RR220204A_949C_2144.bmp,/content/rl_quantum_2026summer/data/original data/Trajectories/2022-02-04/356_RR220204A_949C_2144.bmp,/content/rl_quantum_2026summer/data/original data/Trajectories/2022-02-04/266_RR220204A_783C_1938.bmp,2,1.0
Trajectories/2022-02-04/356_RR220204A_949C_2144.bmp,356_RR220204A_949C_2144.bmp,Trajectories/2022-02-04/266_RR220204A_783C_1938.bmp,266_RR220204A_783C_1938.bmp,HTR,not_apply,HL,,2026-01-05T23:06:25.576622,305.0,322.0,Confident,HTR,Trajectories/2022-02-04/266_RR220204A_783C_1938.bmp || Trajectories/2022-02-04/356_RR220204A_949C_2144.bmp,/content/rl_quantum_2026summer/data/original data/Trajectories/2022-02-04/356_RR220204A_949C_2144.bmp,/content/rl_quantum_2026summer/data/original data/Trajectories/2022-02-04/266_RR220204A_783C_1938.bmp,4,1.0
Trajectories/2022-02-06/058_RR220206A_249C_1745.bmp,058_RR220206A_249C_1745.bmp,Trajectories/2022-04-11/178_RR220411A_774C_1649.bmp,178_RR220411A_774C_1649.bmp,(1 x 1),2,AJ,,2025-12-06 01:18:28,,,,(1 x 1),Trajectories/2022-02-06/058_RR220206A_249C_1745.bmp || Trajectories/2022-04-11/178_RR220411A_774C_1649.bmp,/content/rl_quantum_2026summer/data/original data/Trajectories/2022-02-06/058_RR220206A_249C_1745.bmp,/content/rl_quantum_2026summer/data/original data/Trajectories/2022-04-11/178_RR220411A_774C_1649.bmp,0,1.0
Trajectories/2022-02-06/077_RR220206A_461C_1813.bmp,077_RR220206A_461C_1813.bmp,Trajectories/2022-02-04/013_RR220204A_949C_0119.bmp,013_RR220204A_949C_0119.bmp,(√13 x √13),2,HL,,2025-12-15T20:55:48.977621,,,,(√13 x √13),Trajectories/2022-02-04/013_RR220204A_949C_0119.bmp || Trajectories/2022-02-06/077_RR220206A_461C_1813.bmp,/content/rl_quantum_2026summer/data/original data/Trajectories/2022-02-06/077_RR220206A_461C_1813.bmp,/content/rl_quantum_2026summer/data/original data/Trajectories/2022-02-04/013_RR220204A_949C_0119.bmp,3,1.0
Trajectories/2022-02-06/077_RR220206A_461C_1813.bmp,077_RR220206A_461C_1813.bmp,Trajectories/2022-02-04/013_RR220204A_949C_0119.bmp,013_RR220204A_949C_0119.bmp,(1 x 1),1,HL,,2025-12-15T20:55:49.946509,,,,(1 x 1),Trajectories/2022-02-04/013_RR220204A_949C_0119.bmp || Trajectories/2022-02-06/077_RR220206A_461C_1813.bmp,/content/rl_quantum_2026summer/data/original data/Trajectories/2022-02-06/077_RR220206A_461C_1813.bmp,/content/rl_quantum_2026summer/data/original data/Trajectories/2022-02-04/013_RR220204A_949C_0119.bmp,0,1.0
Trajectories/2022-02-06/077_RR220206A_461C_1813.bmp,077_RR220206A_461C_1813.bmp,Trajectories/2022-02-04/013_RR220204A_949C_0119.bmp,013_RR220204A_949C_0119.bmp,HTR,not_apply,HL,,2025-12-15T20:55:50.957856,,,,HTR,Trajectories/2022-02-04/013_RR220204A_949C_0119.bmp || Trajectories/2022-02-06/077_RR220206A_461C_1813.bmp,/content/rl_quantum_2026summer/data/original data/Trajectories/2022-02-06/077_RR220206A_461C_1813.bmp,/content/rl_quantum_2026summer/data/original data/Trajectories/2022-02-04/013_RR220204A_949C_0119.bmp,4,1.0
Trajectories/2022-02-06/077_RR220206A_461C_1813.bmp,077_RR220206A_461C_1813.bmp,Trajectories/2022-02-04/013_RR220204A_949C_0119.bmp,013_RR220204A_949C_0119.bmp,Twinned(2 x 1),2,HL,,2025-12-15T20:55:51.830799,,,,Twinned(2 x 1),Trajectories/2022-02-04/013_RR220204A_949C_0119.bmp || Trajectories/2022-02-06/077_RR220206A_461C_1813.bmp,/content/rl_quantum_2026summer/data/original data/Trajectories/2022-02-06/077_RR220206A_461C_1813.bmp,/content/rl_quantum_2026summer/data/original data/Trajectories/2022-02-04/013_RR220204A_949C_0119.bmp,1,1.0
Trajectories/2022-02-06/077_RR220206A_461C_1813.bmp,077_RR220206A_461C_1813.bmp,Trajectories/2022-02-04/013_RR220204A_949C_0119.bmp,013_RR220204A_949C_0119.bmp,c(6 x 2),not_apply,HL,,2025-12-15T20:55:52.755378,,,,c(6 x 2),Trajectories/2022-02-04/013_RR220204A_949C_0119.bmp || Trajectories/2022-02-06/077_RR220206A_461C_1813.bmp,/content/rl_quantum_2026summer/data/original data/Trajectories/2022-02-06/077_RR220206A_461C_1813.bmp,/content/rl_quantum_2026summer/data/original data/Trajectories/2022-02-04/013_RR220204A_949C_0119.bmp,2,1.0
Trajectories/2022-02-06/125_RR220206A_887C_1925.bmp,125_RR220206A_887C_1925.bmp,Trajectories/2022-04-11/226_RR220411A_873C_1725.bmp,226_RR220411A_873C_1725.bmp,(1 x 1),not_apply,HL,,2025-12-15T21:28:25.243130,,,,(1 x 1),Trajectories/2022-02-06/125_RR220206A_887C_1925.bmp || Trajectories/2022-04-11/226_RR220411A_873C_1725.bmp,/content/rl_quantum_2026summer/data/original data/Trajectories/2022-02-06/125_RR220206A_887C_1925.bmp,/content/rl_quantum_2026summer/data/original data/Trajectories/2022-04-11/226_RR220411A_873C_1725.bmp,0,1.0
Trajectories/2022-02-06/125_RR220206A_887C_1925.bmp,125_RR220206A_887C_1925.bmp,Trajectories/2022-04-11/226_RR220411A_873C_1725.bmp,226_RR220411A_873C_1725.bmp,Twinned(2 x 1),not_apply,HL,,2025-12-15T21:28:26.024255,,,,Twinned(2 x 1),Trajectories/2022-02-06/125_RR220206A_887C_1925.bmp || Trajectories/2022-04-11/226_RR220411A_873C_1725.bmp,/content/rl_quantum_2026summer/data/original data/Trajectories/2022-02-06/125_RR220206A_887C_1925.bmp,/content/rl_quantum_2026summer/data/original data/Trajectories/2022-04-11/226_RR220411A_873C_1725.bmp,1,1.0
Trajectories/2022-02-06/125_RR220206A_887C_1925.bmp,125_RR220206A_887C_1925.bmp,Trajectories/2022-04-11/226_RR220411A_873C_1725.bmp,226_RR220411A_873C_1725.bmp,(√13 x √13),tie,HL,,2025-12-15T21:28:26.785881,,,,(√13 x √13),Trajectories/2022-02-06/125_RR220206A_887C_1925.bmp || Trajectories/2022-04-11/226_RR220411A_873C_1725.bmp,/content/rl_quantum_2026summer/data/original data/Trajectories/2022-02-06/125_RR220206A_887C_1925.bmp,/content/rl_quantum_2026summer/data/original data/Trajectories/2022-04-11/226_RR220411A_873C_1725.bmp,3,1.0
Trajectories/2022-02-06/125_RR220206A_887C_1925.bmp,125_RR220206A_887C_1925.bmp,Trajectories/2022-04-11/226_RR220411A_873C_1725.bmp,226_RR220411A_873C_1725.bmp,HTR,not_apply,HL,,2025-12-15T21:28:27.664727,,,,HTR,Trajectories/2022-02-06/125_RR220206A_887C_1925.bmp || Trajectories/2022-04-11/226_RR220411A_873C_1725.bmp,/content/rl_quantum_2026summer/data/original data/Trajectories/2022-02-06/125_RR220206A_887C_1925.bmp,/content/rl_quantum_2026summer/data/original data/Trajectories/2022-04-11/226_RR220411A_873C_1725.bmp,4,1.0
Trajectories/2022-02-06/125_RR220206A_887C_1925.bmp,125_RR220206A_887C_1925.bmp,Trajectories/2022-04-11/226_RR220411A_873C_1725.bmp,226_RR220411A_873C_1725.bmp,c(6 x 2),2,HL,,2025-12-15T21:28:28.544500,,,,c(6 x 2),Trajectories/2022-02-06/125_RR220206A_887C_1925.bmp || Trajectories/2022-04-11/226_RR220411A_873C_1725.bmp,/content/rl_quantum_2026summer/data/original data/Trajectories/2022-02-06/125_RR220206A_887C_1925.bmp,/content/rl_quantum_2026summer/data/original data/Trajectories/2022-04-11/226_RR220411A_873C_1725.bmp,2,1.0
Trajectories/2022-04-11/366_RR220411A_654C_1930.bmp,366_RR220411A_654C_1930.bmp,Trajectories/2022-04-11/323_RR220411A_816C_1903.bmp,323_RR220411A_816C_1903.bmp,HTR,not_apply,SY,,2025-12-10T16:57:42.092980,,,,HTR,Trajectories/2022-04-11/323_RR220411A_816C_1903.bmp || Trajectories/2022-04-11/366_RR220411A_654C_1930.bmp,/content/rl_quantum_2026summer/data/original data/Trajectories/2022-04-11/366_RR220411A_654C_1930.bmp,/content/rl_quantum_2026summer/data/original data/Trajectories/2022-04-11/323_RR220411A_816C_1903.bmp,4,1.0
Trajectories/2022-04-11/366_RR220411A_654C_1930.bmp,366_RR220411A_654C_1930.bmp,Trajectories/2022-04-11/323_RR220411A_816C_1903.bmp,323_RR220411A_816C_1903.bmp,(√13 x √13),tie,SY,,2025-12-10T16:57:42.961149,,,,(√13 x √13),Trajectories/2022-04-11/323_RR220411A_816C_1903.bmp || Trajectories/2022-04-11/366_RR220411A_654C_1930.bmp,/content/rl_quantum_2026summer/data/original data/Trajectories/2022-04-11/366_RR220411A_654C_1930.bmp,/content/rl_quantum_2026summer/data/original data/Trajectories/2022-04-11/323_RR220411A_816C_1903.bmp,3,1.0
Trajectories/2022-04-11/366_RR220411A_654C_1930.bmp,366_RR220411A_654C_1930.bmp,Trajectories/2022-04-11/323_RR220411A_816C_1903.bmp,323_RR220411A_816C_1903.bmp,c(6 x 2),tie,SY,,2025-12-10T16:57:43.641358,,,,c(6 x 2),Trajectories/2022-04-11/323_RR220411A_816C_1903.bmp || Trajectories/2022-04-11/366_RR220411A_654C_1930.bmp,/content/rl_quantum_2026summer/data/original data/Trajectories/2022-04-11/366_RR220411A_654C_1930.bmp,/content/rl_quantum_2026summer/data/original data/Trajectories/2022-04-11/323_RR220411A_816C_1903.bmp,2,1.0
Trajectories/2022-04-11/366_RR220411A_654C_1930.bmp,366_RR220411A_654C_1930.bmp,Trajectories/2022-04-11/323_RR220411A_816C_1903.bmp,323_RR220411A_816C_1903.bmp,Twinned(2 x 1),not_apply,SY,,2025-12-10T16:57:44.332936,,,,Twinned(2 x 1),Trajectories/2022-04-11/323_RR220411A_816C_1903.bmp || Trajectories/2022-04-11/366_RR220411A_654C_1930.bmp,/content/rl_quantum_2026summer/data/original data/Trajectories/2022-04-11/366_RR220411A_654C_1930.bmp,/content/rl_quantum_2026summer/data/original data/Trajectories/2022-04-11/323_RR220411A_816C_1903.bmp,1,1.0
Trajectories/2022-04-11/366_RR220411A_654C_1930.bmp,366_RR220411A_654C_1930.bmp,Trajectories/2022-04-11/323_RR220411A_816C_1903.bmp,323_RR220411A_816C_1903.bmp,(1 x 1),tie,SY,,2025-12-10T16:57:45.015657,,,,(1 x 1),Trajectories/2022-04-11/323_RR220411A_816C_1903.bmp || Trajectories/2022-04-11/366_RR220411A_654C_1930.bmp,/content/rl_quantum_2026summer/data/original data/Trajectories/2022-04-11/366_RR220411A_654C_1930.bmp,/content/rl_quantum_2026summer/data/original data/Trajectories/2022-04-11/323_RR220411A_816C_1903.bmp,0,1.0
Trajectories/2022-02-06/195_RR220206A_944C_2101.bmp,195_RR220206A_944C_2101.bmp,Trajectories/2022-02-04/300_RR220204A_881C_2018.bmp,300_RR220204A_881C_2018.bmp,c(6 x 2),not_apply,HL,,2025-12-15T21:29:05.568661,,,,c(6 x 2),Trajectories/2022-02-04/300_RR220204A_881C_2018.bmp || Trajectories/2022-02-06/195_RR220206A_944C_2101.bmp,/content/rl_quantum_2026summer/data/original data/Trajectories/2022-02-06/195_RR220206A_944C_2101.bmp,/content/rl_quantum_2026summer/data/original data/Trajectories/2022-02-04/300_RR220204A_881C_2018.bmp,2,1.0
Trajectories/2022-02-06/195_RR220206A_944C_2101.bmp,195_RR220206A_944C_2101.bmp,Trajectories/2022-02-04/300_RR220204A_881C_2018.bmp,300_RR220204A_881C_2018.bmp,(1 x 1),not_apply,HL,,2025-12-15T21:29:06.411459,,,,(1 x 1),Trajectories/2022-02-04/300_RR220204A_881C_2018.bmp || Trajectories/2022-02-06/195_RR220206A_944C_2101.bmp,/content/rl_quantum_2026summer/data/original data/Trajectories/2022-02-06/195_RR220206A_944C_2101.bmp,/content/rl_quantum_2026summer/data/original data/Trajectories/2022-02-04/300_RR220204A_881C_2018.bmp,0,1.0
Trajectories/2022-02-06/195_RR220206A_944C_2101.bmp,195_RR220206A_944C_2101.bmp,Trajectories/2022-02-04/300_RR220204A_881C_2018.bmp,300_RR220204A_881C_2018.bmp,HTR,1,HL,,2025-12-15T21:29:07.207056,,,,HTR,Trajectories/2022-02-04/300_RR220204A_881C_2018.bmp || Trajectories/2022-02-06/195_RR220206A_944C_2101.bmp,/content/rl_quantum_2026summer/data/original data/Trajectories/2022-02-06/195_RR220206A_944C_2101.bmp,/content/rl_quantum_2026summer/data/original data/Trajectories/2022-02-04/300_RR220204A_881C_2018.bmp,4,1.0
Trajectories/2022-02-06/195_RR220206A_944C_2101.bmp,195_RR220206A_944C_2101.bmp,Trajectories/2022-02-04/300_RR220204A_881C_2018.bmp,300_RR220204A_881C_2018.bmp,(√13 x √13),2,HL,,2025-12-15T21:29:08.028312,,,,(√13 x √13),Trajectories/2022-02-04/300_RR220204A_881C_2018.bmp || Trajectories/2022-02-06/195_RR220206A_944C_2101.bmp,/content/rl_quantum_2026summer/data/original data/Trajectories/2022-02-06/195_RR220206A_944C_2101.bmp,/content/rl_quantum_2026summer/data/original data/Trajectories/2022-02-04/300_RR220204A_881C_2018.bmp,3,1.0
Trajectories/2022-02-06/195_RR220206A_944C_2101.bmp,195_RR220206A_944C_2101.bmp,Trajectories/2022-02-04/300_RR220204A_881C_2018.bmp,300_RR220204A_881C_2018.bmp,Twinned(2 x 1),2,HL,,2025-12-15T21:29:08.845080,,,,Twinned(2 x 1),Trajectories/2022-02-04/300_RR220204A_881C_2018.bmp || Trajectories/2022-02-06/195_RR220206A_944C_2101.bmp,/content/rl_quantum_2026summer/data/original data/Trajectories/2022-02-06/195_RR220206A_944C_2101.bmp,/content/rl_quantum_2026summer/data/original data/Trajectories/2022-02-04/300_RR220204A_881C_2018.bmp,1,1.0
Trajectories/2022-02-04/019_RR220204A_981C_0126-01.bmp,019_RR220204A_981C_0126-01.bmp,Trajectories/2022-04-11/035_RR220411A_314C_1442.bmp,035_RR220411A_314C_1442.bmp,HTR,not_apply,HL,,2025-12-15T21:30:24.362722,,,,HTR,Trajectories/2022-02-04/019_RR220204A_981C_0126-01.bmp || Trajectories/2022-04-11/035_RR220411A_314C_1442.bmp,/content/rl_quantum_2026summer/data/original data/Trajectories/2022-02-04/019_RR220204A_981C_0126-01.bmp,/content/rl_quantum_2026summer/data/original data/Trajectories/2022-04-11/035_RR220411A_314C_1442.bmp,4,1.0
Trajectories/2022-02-04/019_RR220204A_981C_0126-01.bmp,019_RR220204A_981C_0126-01.bmp,Trajectories/2022-04-11/035_RR220411A_314C_1442.bmp,035_RR220411A_314C_1442.bmp,Twinned(2 x 1),1,HL,,2025-12-15T21:30:25.772467,,,,Twinned(2 x 1),Trajectories/2022-02-04/019_RR220204A_981C_0126-01.bmp || Trajectories/2022-04-11/035_RR220411A_314C_1442.bmp,/content/rl_quantum_2026summer/data/original data/Trajectories/2022-02-04/019_RR220204A_981C_0126-01.bmp,/content/rl_quantum_2026summer/data/original data/Trajectories/2022-04-11/035_RR220411A_314C_1442.bmp,1,1.0
Trajectories/2022-02-04/019_RR220204A_981C_0126-01.bmp,019_RR220204A_981C_0126-01.bmp,Trajectories/2022-04-11/035_RR220411A_314C_1442.bmp,035_RR220411A_314C_1442.bmp,(1 x 1),2,HL,,2025-12-15T21:30:26.991611,,,,(1 x 1),Trajectories/2022-02-04/019_RR220204A_981C_0126-01.bmp || Trajectories/2022-04-11/035_RR220411A_314C_1442.bmp,/content/rl_quantum_2026summer/data/original data/Trajectories/2022-02-04/019_RR220204A_981C_0126-01.bmp,/content/rl_quantum_2026summer/data/original data/Trajectories/2022-04-11/035_RR220411A_314C_1442.bmp,0,1.0
Trajectories/2022-02-04/019_RR220204A_981C_0126-01.bmp,019_RR220204A_981C_0126-01.bmp,Trajectories/2022-04-11/035_RR220411A_314C_1442.bmp,035_RR220411A_314C_1442.bmp,c(6 x 2),not_apply,HL,,2025-12-15T21:30:28.219463,,,,c(6 x 2),Trajectories/2022-02-04/019_RR220204A_981C_0126-01.bmp || Trajectories/2022-04-11/035_RR220411A_314C_1442.bmp,/content/rl_quantum_2026summer/data/original data/Trajectories/2022-02-04/019_RR220204A_981C_0126-01.bmp,/content/rl_quantum_2026summer/data/original data/Trajectories/2022-04-11/035_RR220411A_314C_1442.bmp,2,1.0
Trajectories/2022-02-04/019_RR220204A_981C_0126-01.bmp,019_RR220204A_981C_0126-01.bmp,Trajectories/2022-04-11/035_RR220411A_314C_1442.bmp,035_RR220411A_314C_1442.bmp,(√13 x √13),1,HL,,2025-12-15T21:30:29.483515,,,,(√13 x √13),Trajectories/2022-02-04/019_RR220204A_981C_0126-01.bmp || Trajectories/2022-04-11/035_RR220411A_314C_1442.bmp,/content/rl_quantum_2026summer/data/original data/Trajectories/2022-02-04/019_RR220204A_981C_0126-01.bmp,/content/rl_quantum_2026summer/data/original data/Trajectories/2022-04-11/035_RR220411A_314C_1442.bmp,3,1.0
Trajectories/2022-04-11/233_RR220411A_889C_1731.bmp,233_RR220411A_889C_1731.bmp,Trajectories/2022-02-04/197_RR220204A_611C_1835.bmp,197_RR220204A_611C_1835.bmp,Twinned(2 x 1),tie,AJ,,2025-12-11T15:28:01.524582,,,,Twinned(2 x 1),Trajectories/2022-02-04/197_RR220204A_611C_1835.bmp || Trajectories/2022-04-11/233_RR220411A_889C_1731.bmp,/content/rl_quantum_2026summer/data/original data/Trajectories/2022-04-11/233_RR220411A_889C_1731.bmp,/content/rl_quantum_2026summer/data/original data/Trajectories/2022-02-04/197_RR220204A_611C_1835.bmp,1,1.0
Trajectories/2022-02-04/319_RR220204A_918C_2037.bmp,319_RR220204A_918C_2037.bmp,Trajectories/2022-02-04/354_RR220204A_951C_2141.bmp,354_RR220204A_951C_2141.bmp,Twinned(2 x 1),1,HL,,2025-12-15T20:53:44.999029,,,,Twinned(2 x 1),Trajectories/2022-02-04/319_RR220204A_918C_2037.bmp || Trajectories/2022-02-04/354_RR220204A_951C_2141.bmp,/content/rl_quantum_2026summer/data/original data/Trajectories/2022-02-04/319_RR220204A_918C_2037.bmp,/content/rl_quantum_2026summer/data/original data/Trajectories/2022-02-04/354_RR220204A_951C_2141.bmp,1,1.0
Trajectories/2022-02-04/319_RR220204A_918C_2037.bmp,319_RR220204A_918C_2037.bmp,Trajectories/2022-02-04/354_RR220204A_951C_2141.bmp,354_RR220204A_951C_2141.bmp,(√13 x √13),2,HL,,2025-12-15T20:53:46.240690,,,,(√13 x √13),Trajectories/2022-02-04/319_RR220204A_918C_2037.bmp || Trajectories/2022-02-04/354_RR220204A_951C_2141.bmp,/content/rl_quantum_2026summer/data/original data/Trajectories/2022-02-04/319_RR220204A_918C_2037.bmp,/content/rl_quantum_2026summer/data/original data/Trajectories/2022-02-04/354_RR220204A_951C_2141.bmp,3,1.0
Trajectories/2022-02-04/319_RR220204A_918C_2037.bmp,319_RR220204A_918C_2037.bmp,Trajectories/2022-02-04/354_RR220204A_951C_2141.bmp,354_RR220204A_951C_2141.bmp,c(6 x 2),not_apply,HL,,2025-12-15T20:53:47.203783,,,,c(6 x 2),Trajectories/2022-02-04/319_RR220204A_918C_2037.bmp || Trajectories/2022-02-04/354_RR220204A_951C_2141.bmp,/content/rl_quantum_2026summer/data/original data/Trajectories/2022-02-04/319_RR220204A_918C_2037.bmp,/content/rl_quantum_2026summer/data/original data/Trajectories/2022-02-04/354_RR220204A_951C_2141.bmp,2,1.0
Trajectories/2022-02-04/319_RR220204A_918C_2037.bmp,319_RR220204A_918C_2037.bmp,Trajectories/2022-02-04/354_RR220204A_951C_2141.bmp,354_RR220204A_951C_2141.bmp,HTR,not_apply,HL,,2025-12-15T20:53:48.266445,,,,HTR,Trajectories/2022-02-04/319_RR220204A_918C_2037.bmp || Trajectories/2022-02-04/354_RR220204A_951C_2141.bmp,/content/rl_quantum_2026summer/data/original data/Trajectories/2022-02-04/319_RR220204A_918C_2037.bmp,/content/rl_quantum_2026summer/data/original data/Trajectories/2022-02-04/354_RR220204A_951C_2141.bmp,4,1.0
Trajectories/2022-02-04/319_RR220204A_918C_2037.bmp,319_RR220204A_918C_2037.bmp,Trajectories/2022-02-04/354_RR220204A_951C_2141.bmp,354_RR220204A_951C_2141.bmp,(1 x 1),not_apply,HL,,2025-12-15T20:53:49.408823,,,,(1 x 1),Trajectories/2022-02-04/319_RR220204A_918C_2037.bmp || Trajectories/2022-02-04/354_RR220204A_951C_2141.bmp,/content/rl_quantum_2026summer/data/original data/Trajectories/2022-02-04/319_RR220204A_918C_2037.bmp,/content/rl_quantum_2026summer/data/original data/Trajectories/2022-02-04/354_RR220204A_951C_2141.bmp,0,1.0
Trajectories/2022-02-04/034_RR220204A_655C_0142.bmp,034_RR220204A_655C_0142.bmp,Trajectories/2022-02-06/272_RR220206A_424C_2242.bmp,272_RR220206A_424C_2242.bmp,HTR,2,AJ,,2025-12-06 01:24:31,,,,HTR,Trajectories/2022-02-04/034_RR220204A_655C_0142.bmp || Trajectories/2022-02-06/272_RR220206A_424C_2242.bmp,/content/rl_quantum_2026summer/data/original data/Trajectories/2022-02-04/034_RR220204A_655C_0142.bmp,/content/rl_quantum_2026summer/data/original data/Trajectories/2022-02-06/272_RR220206A_424C_2242.bmp,4,1.0
Trajectories/2022-02-04/034_RR220204A_655C_0142.bmp,034_RR220204A_655C_0142.bmp,Trajectories/2022-02-06/272_RR220206A_424C_2242.bmp,272_RR220206A_424C_2242.bmp,c(6 x 2),1,AJ,,2025-12-06 01:24:31,,,,c(6 x 2),Trajectories/2022-02-04/034_RR220204A_655C_0142.bmp || Trajectories/2022-02-06/272_RR220206A_424C_2242.bmp,/content/rl_quantum_2026summer/data/original data/Trajectories/2022-02-04/034_RR220204A_655C_0142.bmp,/content/rl_quantum_2026summer/data/original data/Trajectories/2022-02-06/272_RR220206A_424C_2242.bmp,2,1.0
Trajectories/2022-04-11/141_RR220411A_656C_1613.bmp,141_RR220411A_656C_1613.bmp,Trajectories/2022-04-11/203_RR220411A_843C_1711-03.bmp,203_RR220411A_843C_1711-03.bmp,(1 x 1),tie,AJ,,2025-12-11T15:20:41.477317,,,,(1 x 1),Trajectories/2022-04-11/141_RR220411A_656C_1613.bmp || Trajectories/2022-04-11/203_RR220411A_843C_1711-03.bmp,/content/rl_quantum_2026summer/data/original data/Trajectories/2022-04-11/141_RR220411A_656C_1613.bmp,/content/rl_quantum_2026summer/data/original data/Trajectories/2022-04-11/203_RR220411A_843C_1711-03.bmp,0,1.0
Trajectories/2022-04-11/063_RR220411A_402C_1510.bmp,063_RR220411A_402C_1510.bmp,Trajectories/2022-04-11/268_RR220411A_952C_1801.bmp,268_RR220411A_952C_1801.bmp,HTR,not_apply,AJ,,2025-12-26T10:54:36.936401,181.0,195.0,Confident,HTR,Trajectories/2022-04-11/063_RR220411A_402C_1510.bmp || Trajectories/2022-04-11/268_RR220411A_952C_1801.bmp,/content/rl_quantum_2026summer/data/original data/Trajectories/2022-04-11/063_RR220411A_402C_1510.bmp,/content/rl_quantum_2026summer/data/original data/Trajectories/2022-04-11/268_RR220411A_952C_1801.bmp,4,1.0
Trajectories/2022-04-11/063_RR220411A_402C_1510.bmp,063_RR220411A_402C_1510.bmp,Trajectories/2022-04-11/268_RR220411A_952C_1801.bmp,268_RR220411A_952C_1801.bmp,(1 x 1),1,AJ,,2025-12-26T10:54:37.847960,181.0,195.0,Confident,(1 x 1),Trajectories/2022-04-11/063_RR220411A_402C_1510.bmp || Trajectories/2022-04-11/268_RR220411A_952C_1801.bmp,/content/rl_quantum_2026summer/data/original data/Trajectories/2022-04-11/063_RR220411A_402C_1510.bmp,/content/rl_quantum_2026summer/data/original data/Trajectories/2022-04-11/268_RR220411A_952C_1801.bmp,0,1.0
Trajectories/2022-04-11/063_RR220411A_402C_1510.bmp,063_RR220411A_402C_1510.bmp,Trajectories/2022-04-11/268_RR220411A_952C_1801.bmp,268_RR220411A_952C_1801.bmp,Twinned(2 x 1),2,AJ,,2025-12-26T10:54:38.862592,181.0,195.0,Confident,Twinned(2 x 1),Trajectories/2022-04-11/063_RR220411A_402C_1510.bmp || Trajectories/2022-04-11/268_RR220411A_952C_1801.bmp,/content/rl_quantum_2026summer/data/original data/Trajectories/2022-04-11/063_RR220411A_402C_1510.bmp,/content/rl_quantum_2026summer/data/original data/Trajectories/2022-04-11/268_RR220411A_952C_1801.bmp,1,1.0
Trajectories/2022-04-11/063_RR220411A_402C_1510.bmp,063_RR220411A_402C_1510.bmp,Trajectories/2022-04-11/268_RR220411A_952C_1801.bmp,268_RR220411A_952C_1801.bmp,c(6 x 2),2,AJ,,2025-12-26T10:54:39.821874,181.0,195.0,Confident,c(6 x 2),Trajectories/2022-04-11/063_RR220411A_402C_1510.bmp || Trajectories/2022-04-11/268_RR220411A_952C_1801.bmp,/content/rl_quantum_2026summer/data/original data/Trajectories/2022-04-11/063_RR220411A_402C_1510.bmp,/content/rl_quantum_2026summer/data/original data/Trajectories/2022-04-11/268_RR220411A_952C_1801.bmp,2,1.0
Trajectories/2022-04-11/063_RR220411A_402C_1510.bmp,063_RR220411A_402C_1510.bmp,Trajectories/2022-04-11/268_RR220411A_952C_1801.bmp,268_RR220411A_952C_1801.bmp,(√13 x √13),not_apply,AJ,,2025-12-26T10:54:40.725593,181.0,195.0,Confident,(√13 x √13),Trajectories/2022-04-11/063_RR220411A_402C_1510.bmp || Trajectories/2022-04-11/268_RR220411A_952C_1801.bmp,/content/rl_quantum_2026summer/data/original data/Trajectories/2022-04-11/063_RR220411A_402C_1510.bmp,/content/rl_quantum_2026summer/data/original data/Trajectories/2022-04-11/268_RR220411A_952C_1801.bmp,3,1.0
Trajectories/2022-04-11/088_RR220411A_459C_1527.bmp,088_RR220411A_459C_1527.bmp,Trajectories/2022-02-04/020_RR220204A_981C_0126-02.bmp,020_RR220204A_981C_0126-02.bmp,c(6 x 2),2,AJ,,2025-12-18T18:34:54.736419,236.0,194.0,Confident,c(6 x 2),Trajectories/2022-02-04/020_RR220204A_981C_0126-02.bmp || Trajectories/2022-04-11/088_RR220411A_459C_1527.bmp,/content/rl_quantum_2026summer/data/original data/Trajectories/2022-04-11/088_RR220411A_459C_1527.bmp,/content/rl_quantum_2026summer/data/original data/Trajectories/2022-02-04/020_RR220204A_981C_0126-02.bmp,2,1.0
Trajectories/2022-04-11/088_RR220411A_459C_1527.bmp,088_RR220411A_459C_1527.bmp,Trajectories/2022-02-04/020_RR220204A_981C_0126-02.bmp,020_RR220204A_981C_0126-02.bmp,(1 x 1),1,AJ,,2025-12-18T18:34:56.043633,236.0,194.0,Confident,(1 x 1),Trajectories/2022-02-04/020_RR220204A_981C_0126-02.bmp || Trajectories/2022-04-11/088_RR220411A_459C_1527.bmp,/content/rl_quantum_2026summer/data/original data/Trajectories/2022-04-11/088_RR220411A_459C_1527.bmp,/content/rl_quantum_2026summer/data/original data/Trajectories/2022-02-04/020_RR220204A_981C_0126-02.bmp,0,1.0
Trajectories/2022-04-11/088_RR220411A_459C_1527.bmp,088_RR220411A_459C_1527.bmp,Trajectories/2022-02-04/020_RR220204A_981C_0126-02.bmp,020_RR220204A_981C_0126-02.bmp,(√13 x √13),2,AJ,,2025-12-18T18:34:56.759881,236.0,194.0,Confident,(√13 x √13),Trajectories/2022-02-04/020_RR220204A_981C_0126-02.bmp || Trajectories/2022-04-11/088_RR220411A_459C_1527.bmp,/content/rl_quantum_2026summer/data/original data/Trajectories/2022-04-11/088_RR220411A_459C_1527.bmp,/content/rl_quantum_2026summer/data/original data/Trajectories/2022-02-04/020_RR220204A_981C_0126-02.bmp,3,1.0
Trajectories/2022-04-11/088_RR220411A_459C_1527.bmp,088_RR220411A_459C_1527.bmp,Trajectories/2022-02-04/020_RR220204A_981C_0126-02.bmp,020_RR220204A_981C_0126-02.bmp,HTR,not_apply,AJ,,2025-12-18T18:34:57.502156,236.0,194.0,Confident,HTR,Trajectories/2022-02-04/020_RR220204A_981C_0126-02.bmp || Trajectories/2022-04-11/088_RR220411A_459C_1527.bmp,/content/rl_quantum_2026summer/data/original data/Trajectories/2022-04-11/088_RR220411A_459C_1527.bmp,/content/rl_quantum_2026summer/data/original data/Trajectories/2022-02-04/020_RR220204A_981C_0126-02.bmp,4,1.0
Trajectories/2022-04-11/088_RR220411A_459C_1527.bmp,088_RR220411A_459C_1527.bmp,Trajectories/2022-02-04/020_RR220204A_981C_0126-02.bmp,020_RR220204A_981C_0126-02.bmp,Twinned(2 x 1),not_apply,AJ,,2025-12-18T18:34:58.250370,236.0,194.0,Confident,Twinned(2 x 1),Trajectories/2022-02-04/020_RR220204A_981C_0126-02.bmp || Trajectories/2022-04-11/088_RR220411A_459C_1527.bmp,/content/rl_quantum_2026summer/data/original data/Trajectories/2022-04-11/088_RR220411A_459C_1527.bmp,/content/rl_quantum_2026summer/data/original data/Trajectories/2022-02-04/020_RR220204A_981C_0126-02.bmp,1,1.0
Trajectories/2022-02-04/239_RR220204A_720C_1910.bmp,239_RR220204A_720C_1910.bmp,Trajectories/2022-04-11/154_RR220411A_696C_1624.bmp,154_RR220411A_696C_1624.bmp,(1 x 1),2,AJ,,2025-12-12T00:11:14.363974,,,,(1 x 1),Trajectories/2022-02-04/239_RR220204A_720C_1910.bmp || Trajectories/2022-04-11/154_RR220411A_696C_1624.bmp,/content/rl_quantum_2026summer/data/original data/Trajectories/2022-02-04/239_RR220204A_720C_1910.bmp,/content/rl_quantum_2026summer/data/original data/Trajectories/2022-04-11/154_RR220411A_696C_1624.bmp,0,1.0
Trajectories/2022-02-04/239_RR220204A_720C_1910.bmp,239_RR220204A_720C_1910.bmp,Trajectories/2022-04-11/154_RR220411A_696C_1624.bmp,154_RR220411A_696C_1624.bmp,(√13 x √13),1,AJ,,2025-12-12T00:11:15.187347,,,,(√13 x √13),Trajectories/2022-02-04/239_RR220204A_720C_1910.bmp || Trajectories/2022-04-11/154_RR220411A_696C_1624.bmp,/content/rl_quantum_2026summer/data/original data/Trajectories/2022-02-04/239_RR220204A_720C_1910.bmp,/content/rl_quantum_2026summer/data/original data/Trajectories/2022-04-11/154_RR220411A_696C_1624.bmp,3,1.0
Trajectories/2022-02-06/191_RR220206A_960C_2056.bmp,191_RR220206A_960C_2056.bmp,Trajectories/2022-02-04/219_RR220204A_668C_1852.bmp,219_RR220204A_668C_1852.bmp,(1 x 1),1,SY,,2025-12-10T17:00:33.631831,,,,(1 x 1),Trajectories/2022-02-04/219_RR220204A_668C_1852.bmp || Trajectories/2022-02-06/191_RR220206A_960C_2056.bmp,/content/rl_quantum_2026summer/data/original data/Trajectories/2022-02-06/191_RR220206A_960C_2056.bmp,/content/rl_quantum_2026summer/data/original data/Trajectories/2022-02-04/219_RR220204A_668C_1852.bmp,0,1.0
Trajectories/2022-02-06/191_RR220206A_960C_2056.bmp,191_RR220206A_960C_2056.bmp,Trajectories/2022-02-04/219_RR220204A_668C_1852.bmp,219_RR220204A_668C_1852.bmp,HTR,1,SY,,2025-12-10T17:00:34.429593,,,,HTR,Trajectories/2022-02-04/219_RR220204A_668C_1852.bmp || Trajectories/2022-02-06/191_RR220206A_960C_2056.bmp,/content/rl_quantum_2026summer/data/original data/Trajectories/2022-02-06/191_RR220206A_960C_2056.bmp,/content/rl_quantum_2026summer/data/original data/Trajectories/2022-02-04/219_RR220204A_668C_1852.bmp,4,1.0
Trajectories/2022-02-06/191_RR220206A_960C_2056.bmp,191_RR220206A_960C_2056.bmp,Trajectories/2022-02-04/219_RR220204A_668C_1852.bmp,219_RR220204A_668C_1852.bmp,Twinned(2 x 1),2,SY,,2025-12-10T17:00:35.459492,,,,Twinned(2 x 1),Trajectories/2022-02-04/219_RR220204A_668C_1852.bmp || Trajectories/2022-02-06/191_RR220206A_960C_2056.bmp,/content/rl_quantum_2026summer/data/original data/Trajectories/2022-02-06/191_RR220206A_960C_2056.bmp,/content/rl_quantum_2026summer/data/original data/Trajectories/2022-02-04/219_RR220204A_668C_1852.bmp,1,1.0
Trajectories/2022-02-06/191_RR220206A_960C_2056.bmp,191_RR220206A_960C_2056.bmp,Trajectories/2022-02-04/219_RR220204A_668C_1852.bmp,219_RR220204A_668C_1852.bmp,c(6 x 2),not_apply,SY,,2025-12-10T17:00:36.496415,,,,c(6 x 2),Trajectories/2022-02-04/219_RR220204A_668C_1852.bmp || Trajectories/2022-02-06/191_RR220206A_960C_2056.bmp,/content/rl_quantum_2026summer/data/original data/Trajectories/2022-02-06/191_RR220206A_960C_2056.bmp,/content/rl_quantum_2026summer/data/original data/Trajectories/2022-02-04/219_RR220204A_668C_1852.bmp,2,1.0
Trajectories/2022-02-06/191_RR220206A_960C_2056.bmp,191_RR220206A_960C_2056.bmp,Trajectories/2022-02-04/219_RR220204A_668C_1852.bmp,219_RR220204A_668C_1852.bmp,(√13 x √13),2,SY,,2025-12-10T17:00:37.304338,,,,(√13 x √13),Trajectories/2022-02-04/219_RR220204A_668C_1852.bmp || Trajectories/2022-02-06/191_RR220206A_960C_2056.bmp,/content/rl_quantum_2026summer/data/original data/Trajectories/2022-02-06/191_RR220206A_960C_2056.bmp,/content/rl_quantum_2026summer/data/original data/Trajectories/2022-02-04/219_RR220204A_668C_1852.bmp,3,1.0
Trajectories/2022-02-04/189_RR220204A_578C_1830.bmp,189_RR220204A_578C_1830.bmp,Trajectories/2022-02-04/341_RR220204A_937C_2114.bmp,341_RR220204A_937C_2114.bmp,(1 x 1),not_apply,AJ,,2025-12-26T08:12:36.751503,215.0,198.0,Confident,(1 x 1),Trajectories/2022-02-04/189_RR220204A_578C_1830.bmp || Trajectories/2022-02-04/341_RR220204A_937C_2114.bmp,/content/rl_quantum_2026summer/data/original data/Trajectories/2022-02-04/189_RR220204A_578C_1830.bmp,/content/rl_quantum_2026summer/data/original data/Trajectories/2022-02-04/341_RR220204A_937C_2114.bmp,0,1.0
Trajectories/2022-02-04/189_RR220204A_578C_1830.bmp,189_RR220204A_578C_1830.bmp,Trajectories/2022-02-04/341_RR220204A_937C_2114.bmp,341_RR220204A_937C_2114.bmp,Twinned(2 x 1),not_apply,AJ,,2025-12-26T08:12:37.850644,215.0,198.0,Confident,Twinned(2 x 1),Trajectories/2022-02-04/189_RR220204A_578C_1830.bmp || Trajectories/2022-02-04/341_RR220204A_937C_2114.bmp,/content/rl_quantum_2026summer/data/original data/Trajectories/2022-02-04/189_RR220204A_578C_1830.bmp,/content/rl_quantum_2026summer/data/original data/Trajectories/2022-02-04/341_RR220204A_937C_2114.bmp,1,1.0
Trajectories/2022-02-04/189_RR220204A_578C_1830.bmp,189_RR220204A_578C_1830.bmp,Trajectories/2022-02-04/341_RR220204A_937C_2114.bmp,341_RR220204A_937C_2114.bmp,c(6 x 2),tie,AJ,,2025-12-26T08:12:38.877328,215.0,198.0,Confident,c(6 x 2),Trajectories/2022-02-04/189_RR220204A_578C_1830.bmp || Trajectories/2022-02-04/341_RR220204A_937C_2114.bmp,/content/rl_quantum_2026summer/data/original data/Trajectories/2022-02-04/189_RR220204A_578C_1830.bmp,/content/rl_quantum_2026summer/data/original data/Trajectories/2022-02-04/341_RR220204A_937C_2114.bmp,2,1.0
Trajectories/2022-02-04/189_RR220204A_578C_1830.bmp,189_RR220204A_578C_1830.bmp,Trajectories/2022-02-04/341_RR220204A_937C_2114.bmp,341_RR220204A_937C_2114.bmp,(√13 x √13),tie,AJ,,2025-12-26T08:12:39.815659,215.0,198.0,Confident,(√13 x √13),Trajectories/2022-02-04/189_RR220204A_578C_1830.bmp || Trajectories/2022-02-04/341_RR220204A_937C_2114.bmp,/content/rl_quantum_2026summer/data/original data/Trajectories/2022-02-04/189_RR220204A_578C_1830.bmp,/content/rl_quantum_2026summer/data/original data/Trajectories/2022-02-04/341_RR220204A_937C_2114.bmp,3,1.0
Trajectories/2022-02-04/189_RR220204A_578C_1830.bmp,189_RR220204A_578C_1830.bmp,Trajectories/2022-02-04/341_RR220204A_937C_2114.bmp,341_RR220204A_937C_2114.bmp,HTR,not_apply,AJ,,2025-12-26T08:12:40.894623,215.0,198.0,Confident,HTR,Trajectories/2022-02-04/189_RR220204A_578C_1830.bmp || Trajectories/2022-02-04/341_RR220204A_937C_2114.bmp,/content/rl_quantum_2026summer/data/original data/Trajectories/2022-02-04/189_RR220204A_578C_1830.bmp,/content/rl_quantum_2026summer/data/original data/Trajectories/2022-02-04/341_RR220204A_937C_2114.bmp,4,1.0
Trajectories/2022-04-11/081_RR220411A_453C_1523.bmp,081_RR220411A_453C_1523.bmp,Trajectories/2022-02-04/314_RR220204A_937C_2030.bmp,314_RR220204A_937C_2030.bmp,(1 x 1),2,HL,,2026-01-02T22:20:07.278909,320.0,400.0,Confident,(1 x 1),Trajectories/2022-02-04/314_RR220204A_937C_2030.bmp || Trajectories/2022-04-11/081_RR220411A_453C_1523.bmp,/content/rl_quantum_2026summer/data/original data/Trajectories/2022-04-11/081_RR220411A_453C_1523.bmp,/content/rl_quantum_2026summer/data/original data/Trajectories/2022-02-04/314_RR220204A_937C_2030.bmp,0,1.0
Trajectories/2022-04-11/081_RR220411A_453C_1523.bmp,081_RR220411A_453C_1523.bmp,Trajectories/2022-02-04/314_RR220204A_937C_2030.bmp,314_RR220204A_937C_2030.bmp,Twinned(2 x 1),2,HL,,2026-01-02T22:20:08.533379,320.0,400.0,Confident,Twinned(2 x 1),Trajectories/2022-02-04/314_RR220204A_937C_2030.bmp || Trajectories/2022-04-11/081_RR220411A_453C_1523.bmp,/content/rl_quantum_2026summer/data/original data/Trajectories/2022-04-11/081_RR220411A_453C_1523.bmp,/content/rl_quantum_2026summer/data/original data/Trajectories/2022-02-04/314_RR220204A_937C_2030.bmp,1,1.0
Trajectories/2022-04-11/081_RR220411A_453C_1523.bmp,081_RR220411A_453C_1523.bmp,Trajectories/2022-02-04/314_RR220204A_937C_2030.bmp,314_RR220204A_937C_2030.bmp,(√13 x √13),2,HL,,2026-01-02T22:20:09.737265,320.0,400.0,Confident,(√13 x √13),Trajectories/2022-02-04/314_RR220204A_937C_2030.bmp || Trajectories/2022-04-11/081_RR220411A_453C_1523.bmp,/content/rl_quantum_2026summer/data/original data/Trajectories/2022-04-11/081_RR220411A_453C_1523.bmp,/content/rl_quantum_2026summer/data/original data/Trajectories/2022-02-04/314_RR220204A_937C_2030.bmp,3,1.0
Trajectories/2022-04-11/081_RR220411A_453C_1523.bmp,081_RR220411A_453C_1523.bmp,Trajectories/2022-02-04/314_RR220204A_937C_2030.bmp,314_RR220204A_937C_2030.bmp,HTR,not_apply,HL,,2026-01-02T22:20:10.841465,320.0,400.0,Confident,HTR,Trajectories/2022-02-04/314_RR220204A_937C_2030.bmp || Trajectories/2022-04-11/081_RR220411A_453C_1523.bmp,/content/rl_quantum_2026summer/data/original data/Trajectories/2022-04-11/081_RR220411A_453C_1523.bmp,/content/rl_quantum_2026summer/data/original data/Trajectories/2022-02-04/314_RR220204A_937C_2030.bmp,4,1.0
Trajectories/2022-04-11/081_RR220411A_453C_1523.bmp,081_RR220411A_453C_1523.bmp,Trajectories/2022-02-04/314_RR220204A_937C_2030.bmp,314_RR220204A_937C_2030.bmp,c(6 x 2),not_apply,HL,,2026-01-02T22:20:11.937876,320.0,400.0,Confident,c(6 x 2),Trajectories/2022-02-04/314_RR220204A_937C_2030.bmp || Trajectories/2022-04-11/081_RR220411A_453C_1523.bmp,/content/rl_quantum_2026summer/data/original data/Trajectories/2022-04-11/081_RR220411A_453C_1523.bmp,/content/rl_quantum_2026summer/data/original data/Trajectories/2022-02-04/314_RR220204A_937C_2030.bmp,2,1.0
Trajectories/2022-04-11/183_RR220411A_794C_1655.bmp,183_RR220411A_794C_1655.bmp,Trajectories/2022-02-04/048_RR220204A_245C_0201.bmp,048_RR220204A_245C_0201.bmp,(√13 x √13),2,SY,,2025-12-10T16:56:27.896724,,,,(√13 x √13),Trajectories/2022-02-04/048_RR220204A_245C_0201.bmp || Trajectories/2022-04-11/183_RR220411A_794C_1655.bmp,/content/rl_quantum_2026summer/data/original data/Trajectories/2022-04-11/183_RR220411A_794C_1655.bmp,/content/rl_quantum_2026summer/data/original data/Trajectories/2022-02-04/048_RR220204A_245C_0201.bmp,3,1.0
Trajectories/2022-04-11/183_RR220411A_794C_1655.bmp,183_RR220411A_794C_1655.bmp,Trajectories/2022-02-04/048_RR220204A_245C_0201.bmp,048_RR220204A_245C_0201.bmp,c(6 x 2),not_apply,SY,,2025-12-10T16:56:28.616269,,,,c(6 x 2),Trajectories/2022-02-04/048_RR220204A_245C_0201.bmp || Trajectories/2022-04-11/183_RR220411A_794C_1655.bmp,/content/rl_quantum_2026summer/data/original data/Trajectories/2022-04-11/183_RR220411A_794C_1655.bmp,/content/rl_quantum_2026summer/data/original data/Trajectories/2022-02-04/048_RR220204A_245C_0201.bmp,2,1.0
Trajectories/2022-04-11/183_RR220411A_794C_1655.bmp,183_RR220411A_794C_1655.bmp,Trajectories/2022-02-04/048_RR220204A_245C_0201.bmp,048_RR220204A_245C_0201.bmp,(1 x 1),2,SY,,2025-12-10T16:56:29.359621,,,,(1 x 1),Trajectories/2022-02-04/048_RR220204A_245C_0201.bmp || Trajectories/2022-04-11/183_RR220411A_794C_1655.bmp,/content/rl_quantum_2026summer/data/original data/Trajectories/2022-04-11/183_RR220411A_794C_1655.bmp,/content/rl_quantum_2026summer/data/original data/Trajectories/2022-02-04/048_RR220204A_245C_0201.bmp,0,1.0
Trajectories/2022-04-11/183_RR220411A_794C_1655.bmp,183_RR220411A_794C_1655.bmp,Trajectories/2022-02-04/048_RR220204A_245C_0201.bmp,048_RR220204A_245C_0201.bmp,HTR,not_apply,SY,,2025-12-10T16:56:30.137612,,,,HTR,Trajectories/2022-02-04/048_RR220204A_245C_0201.bmp || Trajectories/2022-04-11/183_RR220411A_794C_1655.bmp,/content/rl_quantum_2026summer/data/original data/Trajectories/2022-04-11/183_RR220411A_794C_1655.bmp,/content/rl_quantum_2026summer/data/original data/Trajectories/2022-02-04/048_RR220204A_245C_0201.bmp,4,1.0
Trajectories/2022-04-11/183_RR220411A_794C_1655.bmp,183_RR220411A_794C_1655.bmp,Trajectories/2022-02-04/048_RR220204A_245C_0201.bmp,048_RR220204A_245C_0201.bmp,Twinned(2 x 1),2,SY,,2025-12-10T16:56:31.277603,,,,Twinned(2 x 1),Trajectories/2022-02-04/048_RR220204A_245C_0201.bmp || Trajectories/2022-04-11/183_RR220411A_794C_1655.bmp,/content/rl_quantum_2026summer/data/original data/Trajectories/2022-04-11/183_RR220411A_794C_1655.bmp,/content/rl_quantum_2026summer/data/original data/Trajectories/2022-02-04/048_RR220204A_245C_0201.bmp,1,1.0
Trajectories/2022-04-11/186_RR220411A_805C_1658.bmp,186_RR220411A_805C_1658.bmp,Trajectories/2022-04-11/047_RR220411A_350C_1454.bmp,047_RR220411A_350C_1454.bmp,c(6 x 2),not_apply,AJ,,2025-12-26T08:44:10.245815,190.0,267.0,Confident,c(6 x 2),Trajectories/2022-04-11/047_RR220411A_350C_1454.bmp || Trajectories/2022-04-11/186_RR220411A_805C_1658.bmp,/content/rl_quantum_2026summer/data/original data/Trajectories/2022-04-11/186_RR220411A_805C_1658.bmp,/content/rl_quantum_2026summer/data/original data/Trajectories/2022-04-11/047_RR220411A_350C_1454.bmp,2,1.0
Trajectories/2022-04-11/186_RR220411A_805C_1658.bmp,186_RR220411A_805C_1658.bmp,Trajectories/2022-04-11/047_RR220411A_350C_1454.bmp,047_RR220411A_350C_1454.bmp,Twinned(2 x 1),not_apply,AJ,,2025-12-26T08:44:11.373931,190.0,267.0,Confident,Twinned(2 x 1),Trajectories/2022-04-11/047_RR220411A_350C_1454.bmp || Trajectories/2022-04-11/186_RR220411A_805C_1658.bmp,/content/rl_quantum_2026summer/data/original data/Trajectories/2022-04-11/186_RR220411A_805C_1658.bmp,/content/rl_quantum_2026summer/data/original data/Trajectories/2022-04-11/047_RR220411A_350C_1454.bmp,1,1.0
Trajectories/2022-04-11/186_RR220411A_805C_1658.bmp,186_RR220411A_805C_1658.bmp,Trajectories/2022-04-11/047_RR220411A_350C_1454.bmp,047_RR220411A_350C_1454.bmp,(1 x 1),tie,AJ,,2025-12-26T08:44:12.392156,190.0,267.0,Confident,(1 x 1),Trajectories/2022-04-11/047_RR220411A_350C_1454.bmp || Trajectories/2022-04-11/186_RR220411A_805C_1658.bmp,/content/rl_quantum_2026summer/data/original data/Trajectories/2022-04-11/186_RR220411A_805C_1658.bmp,/content/rl_quantum_2026summer/data/original data/Trajectories/2022-04-11/047_RR220411A_350C_1454.bmp,0,1.0
Trajectories/2022-04-11/186_RR220411A_805C_1658.bmp,186_RR220411A_805C_1658.bmp,Trajectories/2022-04-11/047_RR220411A_350C_1454.bmp,047_RR220411A_350C_1454.bmp,HTR,not_apply,AJ,,2025-12-26T08:44:13.294204,190.0,267.0,Confident,HTR,Trajectories/2022-04-11/047_RR220411A_350C_1454.bmp || Trajectories/2022-04-11/186_RR220411A_805C_1658.bmp,/content/rl_quantum_2026summer/data/original data/Trajectories/2022-04-11/186_RR220411A_805C_1658.bmp,/content/rl_quantum_2026summer/data/original data/Trajectories/2022-04-11/047_RR220411A_350C_1454.bmp,4,1.0
Trajectories/2022-04-11/186_RR220411A_805C_1658.bmp,186_RR220411A_805C_1658.bmp,Trajectories/2022-04-11/047_RR220411A_350C_1454.bmp,047_RR220411A_350C_1454.bmp,(√13 x √13),not_apply,AJ,,2025-12-26T08:44:14.251139,190.0,267.0,Confident,(√13 x √13),Trajectories/2022-04-11/047_RR220411A_350C_1454.bmp || Trajectories/2022-04-11/186_RR220411A_805C_1658.bmp,/content/rl_quantum_2026summer/data/original data/Trajectories/2022-04-11/186_RR220411A_805C_1658.bmp,/content/rl_quantum_2026summer/data/original data/Trajectories/2022-04-11/047_RR220411A_350C_1454.bmp,3,1.0
Trajectories/2022-02-06/048_RR220206A_175C_1736.bmp,048_RR220206A_175C_1736.bmp,Trajectories/2022-04-11/189_RR220411A_822C_1703.bmp,189_RR220411A_822C_1703.bmp,HTR,not_apply,HL,,2026-01-06T21:47:08.538700,324.0,287.0,Confident,HTR,Trajectories/2022-02-06/048_RR220206A_175C_1736.bmp || Trajectories/2022-04-11/189_RR220411A_822C_1703.bmp,/content/rl_quantum_2026summer/data/original data/Trajectories/2022-02-06/048_RR220206A_175C_1736.bmp,/content/rl_quantum_2026summer/data/original data/Trajectories/2022-04-11/189_RR220411A_822C_1703.bmp,4,1.0
Trajectories/2022-02-06/048_RR220206A_175C_1736.bmp,048_RR220206A_175C_1736.bmp,Trajectories/2022-04-11/189_RR220411A_822C_1703.bmp,189_RR220411A_822C_1703.bmp,Twinned(2 x 1),not_apply,HL,,2026-01-06T21:47:09.296451,324.0,287.0,Confident,Twinned(2 x 1),Trajectories/2022-02-06/048_RR220206A_175C_1736.bmp || Trajectories/2022-04-11/189_RR220411A_822C_1703.bmp,/content/rl_quantum_2026summer/data/original data/Trajectories/2022-02-06/048_RR220206A_175C_1736.bmp,/content/rl_quantum_2026summer/data/original data/Trajectories/2022-04-11/189_RR220411A_822C_1703.bmp,1,1.0
Trajectories/2022-02-06/048_RR220206A_175C_1736.bmp,048_RR220206A_175C_1736.bmp,Trajectories/2022-04-11/189_RR220411A_822C_1703.bmp,189_RR220411A_822C_1703.bmp,(1 x 1),tie,HL,,2026-01-06T21:47:10.047898,324.0,287.0,Confident,(1 x 1),Trajectories/2022-02-06/048_RR220206A_175C_1736.bmp || Trajectories/2022-04-11/189_RR220411A_822C_1703.bmp,/content/rl_quantum_2026summer/data/original data/Trajectories/2022-02-06/048_RR220206A_175C_1736.bmp,/content/rl_quantum_2026summer/data/original data/Trajectories/2022-04-11/189_RR220411A_822C_1703.bmp,0,1.0
Trajectories/2022-02-06/048_RR220206A_175C_1736.bmp,048_RR220206A_175C_1736.bmp,Trajectories/2022-04-11/189_RR220411A_822C_1703.bmp,189_RR220411A_822C_1703.bmp,(√13 x √13),not_apply,HL,,2026-01-06T21:47:10.790309,324.0,287.0,Confident,(√13 x √13),Trajectories/2022-02-06/048_RR220206A_175C_1736.bmp || Trajectories/2022-04-11/189_RR220411A_822C_1703.bmp,/content/rl_quantum_2026summer/data/original data/Trajectories/2022-02-06/048_RR220206A_175C_1736.bmp,/content/rl_quantum_2026summer/data/original data/Trajectories/2022-04-11/189_RR220411A_822C_1703.bmp,3,1.0
Trajectories/2022-02-06/048_RR220206A_175C_1736.bmp,048_RR220206A_175C_1736.bmp,Trajectories/2022-04-11/189_RR220411A_822C_1703.bmp,189_RR220411A_822C_1703.bmp,c(6 x 2),not_apply,HL,,2026-01-06T21:47:11.586590,324.0,287.0,Confident,c(6 x 2),Trajectories/2022-02-06/048_RR220206A_175C_1736.bmp || Trajectories/2022-04-11/189_RR220411A_822C_1703.bmp,/content/rl_quantum_2026summer/data/original data/Trajectories/2022-02-06/048_RR220206A_175C_1736.bmp,/content/rl_quantum_2026summer/data/original data/Trajectories/2022-04-11/189_RR220411A_822C_1703.bmp,2,1.0
Trajectories/2022-02-06/241_RR220206A_692C_2157.bmp,241_RR220206A_692C_2157.bmp,Trajectories/2022-04-11/201_RR220411A_843C_1711-01.bmp,201_RR220411A_843C_1711-01.bmp,Twinned(2 x 1),not_apply,HL,,2026-01-06T21:51:01.638435,312.0,308.0,Confident,Twinned(2 x 1),Trajectories/2022-02-06/241_RR220206A_692C_2157.bmp || Trajectories/2022-04-11/201_RR220411A_843C_1711-01.bmp,/content/rl_quantum_2026summer/data/original data/Trajectories/2022-02-06/241_RR220206A_692C_2157.bmp,/content/rl_quantum_2026summer/data/original data/Trajectories/2022-04-11/201_RR220411A_843C_1711-01.bmp,1,1.0
Trajectories/2022-02-06/241_RR220206A_692C_2157.bmp,241_RR220206A_692C_2157.bmp,Trajectories/2022-04-11/201_RR220411A_843C_1711-01.bmp,201_RR220411A_843C_1711-01.bmp,(1 x 1),1,HL,,2026-01-06T21:51:02.759982,312.0,308.0,Confident,(1 x 1),Trajectories/2022-02-06/241_RR220206A_692C_2157.bmp || Trajectories/2022-04-11/201_RR220411A_843C_1711-01.bmp,/content/rl_quantum_2026summer/data/original data/Trajectories/2022-02-06/241_RR220206A_692C_2157.bmp,/content/rl_quantum_2026summer/data/original data/Trajectories/2022-04-11/201_RR220411A_843C_1711-01.bmp,0,1.0
Trajectories/2022-02-06/241_RR220206A_692C_2157.bmp,241_RR220206A_692C_2157.bmp,Trajectories/2022-04-11/201_RR220411A_843C_1711-01.bmp,201_RR220411A_843C_1711-01.bmp,(√13 x √13),2,HL,,2026-01-06T21:51:03.653875,312.0,308.0,Confident,(√13 x √13),Trajectories/2022-02-06/241_RR220206A_692C_2157.bmp || Trajectories/2022-04-11/201_RR220411A_843C_1711-01.bmp,/content/rl_quantum_2026summer/data/original data/Trajectories/2022-02-06/241_RR220206A_692C_2157.bmp,/content/rl_quantum_2026summer/data/original data/Trajectories/2022-04-11/201_RR220411A_843C_1711-01.bmp,3,1.0
Trajectories/2022-02-06/241_RR220206A_692C_2157.bmp,241_RR220206A_692C_2157.bmp,Trajectories/2022-04-11/201_RR220411A_843C_1711-01.bmp,201_RR220411A_843C_1711-01.bmp,HTR,1,HL,,2026-01-06T21:51:04.502073,312.0,308.0,Confident,HTR,Trajectories/2022-02-06/241_RR220206A_692C_2157.bmp || Trajectories/2022-04-11/201_RR220411A_843C_1711-01.bmp,/content/rl_quantum_2026summer/data/original data/Trajectories/2022-02-06/241_RR220206A_692C_2157.bmp,/content/rl_quantum_2026summer/data/original data/Trajectories/2022-04-11/201_RR220411A_843C_1711-01.bmp,4,1.0
Trajectories/2022-02-06/241_RR220206A_692C_2157.bmp,241_RR220206A_692C_2157.bmp,Trajectories/2022-04-11/201_RR220411A_843C_1711-01.bmp,201_RR220411A_843C_1711-01.bmp,c(6 x 2),not_apply,HL,,2026-01-06T21:51:05.408432,312.0,308.0,Confident,c(6 x 2),Trajectories/2022-02-06/241_RR220206A_692C_2157.bmp || Trajectories/2022-04-11/201_RR220411A_843C_1711-01.bmp,/content/rl_quantum_2026summer/data/original data/Trajectories/2022-02-06/241_RR220206A_692C_2157.bmp,/content/rl_quantum_2026summer/data/original data/Trajectories/2022-04-11/201_RR220411A_843C_1711-01.bmp,2,1.0
Trajectories/2022-02-06/049_RR220206A_205C_1737.bmp,049_RR220206A_205C_1737.bmp,Trajectories/2022-04-11/356_RR220411A_685C_1925.bmp,356_RR220411A_685C_1925.bmp,HTR,not_apply,HL,,2025-12-15T21:27:41.883575,,,,HTR,Trajectories/2022-02-06/049_RR220206A_205C_1737.bmp || Trajectories/2022-04-11/356_RR220411A_685C_1925.bmp,/content/rl_quantum_2026summer/data/original data/Trajectories/2022-02-06/049_RR220206A_205C_1737.bmp,/content/rl_quantum_2026summer/data/original data/Trajectories/2022-04-11/356_RR220411A_685C_1925.bmp,4,1.0
Trajectories/2022-02-06/049_RR220206A_205C_1737.bmp,049_RR220206A_205C_1737.bmp,Trajectories/2022-04-11/356_RR220411A_685C_1925.bmp,356_RR220411A_685C_1925.bmp,Twinned(2 x 1),not_apply,HL,,2025-12-15T21:27:43.042098,,,,Twinned(2 x 1),Trajectories/2022-02-06/049_RR220206A_205C_1737.bmp || Trajectories/2022-04-11/356_RR220411A_685C_1925.bmp,/content/rl_quantum_2026summer/data/original data/Trajectories/2022-02-06/049_RR220206A_205C_1737.bmp,/content/rl_quantum_2026summer/data/original data/Trajectories/2022-04-11/356_RR220411A_685C_1925.bmp,1,1.0
Trajectories/2022-02-06/049_RR220206A_205C_1737.bmp,049_RR220206A_205C_1737.bmp,Trajectories/2022-04-11/356_RR220411A_685C_1925.bmp,356_RR220411A_685C_1925.bmp,(√13 x √13),2,HL,,2025-12-15T21:27:44.078270,,,,(√13 x √13),Trajectories/2022-02-06/049_RR220206A_205C_1737.bmp || Trajectories/2022-04-11/356_RR220411A_685C_1925.bmp,/content/rl_quantum_2026summer/data/original data/Trajectories/2022-02-06/049_RR220206A_205C_1737.bmp,/content/rl_quantum_2026summer/data/original data/Trajectories/2022-04-11/356_RR220411A_685C_1925.bmp,3,1.0
Trajectories/2022-02-06/049_RR220206A_205C_1737.bmp,049_RR220206A_205C_1737.bmp,Trajectories/2022-04-11/356_RR220411A_685C_1925.bmp,356_RR220411A_685C_1925.bmp,(1 x 1),1,HL,,2025-12-15T21:27:45.111980,,,,(1 x 1),Trajectories/2022-02-06/049_RR220206A_205C_1737.bmp || Trajectories/2022-04-11/356_RR220411A_685C_1925.bmp,/content/rl_quantum_2026summer/data/original data/Trajectories/2022-02-06/049_RR220206A_205C_1737.bmp,/content/rl_quantum_2026summer/data/original data/Trajectories/2022-04-11/356_RR220411A_685C_1925.bmp,0,1.0
Trajectories/2022-02-06/049_RR220206A_205C_1737.bmp,049_RR220206A_205C_1737.bmp,Trajectories/2022-04-11/356_RR220411A_685C_1925.bmp,356_RR220411A_685C_1925.bmp,c(6 x 2),2,HL,,2025-12-15T21:27:46.368830,,,,c(6 x 2),Trajectories/2022-02-06/049_RR220206A_205C_1737.bmp || Trajectories/2022-04-11/356_RR220411A_685C_1925.bmp,/content/rl_quantum_2026summer/data/original data/Trajectories/2022-02-06/049_RR220206A_205C_1737.bmp,/content/rl_quantum_2026summer/data/original data/Trajectories/2022-04-11/356_RR220411A_685C_1925.bmp,2,1.0
Trajectories/2022-02-04/320_RR220204A_915C_2039.bmp,320_RR220204A_915C_2039.bmp,Trajectories/2022-02-06/282_RR220206A_184C_2256.bmp,282_RR220206A_184C_2256.bmp,(√13 x √13),1,AJ,,2025-12-12T00:09:41.214684,,,,(√13 x √13),Trajectories/2022-02-04/320_RR220204A_915C_2039.bmp || Trajectories/2022-02-06/282_RR220206A_184C_2256.bmp,/content/rl_quantum_2026summer/data/original data/Trajectories/2022-02-04/320_RR220204A_915C_2039.bmp,/content/rl_quantum_2026summer/data/original data/Trajectories/2022-02-06/282_RR220206A_184C_2256.bmp,3,1.0
Trajectories/2022-02-04/320_RR220204A_915C_2039.bmp,320_RR220204A_915C_2039.bmp,Trajectories/2022-02-06/282_RR220206A_184C_2256.bmp,282_RR220206A_184C_2256.bmp,HTR,2,AJ,,2025-12-12T00:09:41.963238,,,,HTR,Trajectories/2022-02-04/320_RR220204A_915C_2039.bmp || Trajectories/2022-02-06/282_RR220206A_184C_2256.bmp,/content/rl_quantum_2026summer/data/original data/Trajectories/2022-02-04/320_RR220204A_915C_2039.bmp,/content/rl_quantum_2026summer/data/original data/Trajectories/2022-02-06/282_RR220206A_184C_2256.bmp,4,1.0
Trajectories/2022-02-06/057_RR220206A_249C_1744.bmp,057_RR220206A_249C_1744.bmp,Trajectories/2022-02-06/154_RR220206A_1092C_2003-02.bmp,154_RR220206A_1092C_2003-02.bmp,(1 x 1),1,AJ,,2025-12-06 01:17:47,,,,(1 x 1),Trajectories/2022-02-06/057_RR220206A_249C_1744.bmp || Trajectories/2022-02-06/154_RR220206A_1092C_2003-02.bmp,/content/rl_quantum_2026summer/data/original data/Trajectories/2022-02-06/057_RR220206A_249C_1744.bmp,/content/rl_quantum_2026summer/data/original data/Trajectories/2022-02-06/154_RR220206A_1092C_2003-02.bmp,0,1.0
Trajectories/2022-02-06/057_RR220206A_249C_1744.bmp,057_RR220206A_249C_1744.bmp,Trajectories/2022-02-06/154_RR220206A_1092C_2003-02.bmp,154_RR220206A_1092C_2003-02.bmp,HTR,2,AJ,,2025-12-06 01:17:47,,,,HTR,Trajectories/2022-02-06/057_RR220206A_249C_1744.bmp || Trajectories/2022-02-06/154_RR220206A_1092C_2003-02.bmp,/content/rl_quantum_2026summer/data/original data/Trajectories/2022-02-06/057_RR220206A_249C_1744.bmp,/content/rl_quantum_2026summer/data/original data/Trajectories/2022-02-06/154_RR220206A_1092C_2003-02.bmp,4,1.0
Trajectories/2022-02-06/230_RR220206A_767C_2143.bmp,230_RR220206A_767C_2143.bmp,Trajectories/2022-02-04/001_RR220204A_933C_0006.bmp,001_RR220204A_933C_0006.bmp,(1 x 1),not_apply,HL,,2026-01-02T22:16:55.498005,200.0,368.0,Somewhat sure,(1 x 1),Trajectories/2022-02-04/001_RR220204A_933C_0006.bmp || Trajectories/2022-02-06/230_RR220206A_767C_2143.bmp,/content/rl_quantum_2026summer/data/original data/Trajectories/2022-02-06/230_RR220206A_767C_2143.bmp,/content/rl_quantum_2026summer/data/original data/Trajectories/2022-02-04/001_RR220204A_933C_0006.bmp,0,0.7
Trajectories/2022-02-06/230_RR220206A_767C_2143.bmp,230_RR220206A_767C_2143.bmp,Trajectories/2022-02-04/001_RR220204A_933C_0006.bmp,001_RR220204A_933C_0006.bmp,(√13 x √13),2,HL,,2026-01-02T22:16:57.327128,200.0,368.0,Somewhat sure,(√13 x √13),Trajectories/2022-02-04/001_RR220204A_933C_0006.bmp || Trajectories/2022-02-06/230_RR220206A_767C_2143.bmp,/content/rl_quantum_2026summer/data/original data/Trajectories/2022-02-06/230_RR220206A_767C_2143.bmp,/content/rl_quantum_2026summer/data/original data/Trajectories/2022-02-04/001_RR220204A_933C_0006.bmp,3,0.7
Trajectories/2022-02-06/230_RR220206A_767C_2143.bmp,230_RR220206A_767C_2143.bmp,Trajectories/2022-02-04/001_RR220204A_933C_0006.bmp,001_RR220204A_933C_0006.bmp,HTR,1,HL,,2026-01-02T22:16:58.510130,200.0,368.0,Somewhat sure,HTR,Trajectories/2022-02-04/001_RR220204A_933C_0006.bmp || Trajectories/2022-02-06/230_RR220206A_767C_2143.bmp,/content/rl_quantum_2026summer/data/original data/Trajectories/2022-02-06/230_RR220206A_767C_2143.bmp,/content/rl_quantum_2026summer/data/original data/Trajectories/2022-02-04/001_RR220204A_933C_0006.bmp,4,0.7
Trajectories/2022-02-06/230_RR220206A_767C_2143.bmp,230_RR220206A_767C_2143.bmp,Trajectories/2022-02-04/001_RR220204A_933C_0006.bmp,001_RR220204A_933C_0006.bmp,c(6 x 2),not_apply,HL,,2026-01-02T22:16:59.758522,200.0,368.0,Somewhat sure,c(6 x 2),Trajectories/2022-02-04/001_RR220204A_933C_0006.bmp || Trajectories/2022-02-06/230_RR220206A_767C_2143.bmp,/content/rl_quantum_2026summer/data/original data/Trajectories/2022-02-06/230_RR220206A_767C_2143.bmp,/content/rl_quantum_2026summer/data/original data/Trajectories/2022-02-04/001_RR220204A_933C_0006.bmp,2,0.7
Trajectories/2022-02-06/230_RR220206A_767C_2143.bmp,230_RR220206A_767C_2143.bmp,Trajectories/2022-02-04/001_RR220204A_933C_0006.bmp,001_RR220204A_933C_0006.bmp,Twinned(2 x 1),2,HL,,2026-01-02T22:17:01.044711,200.0,368.0,Somewhat sure,Twinned(2 x 1),Trajectories/2022-02-04/001_RR220204A_933C_0006.bmp || Trajectories/2022-02-06/230_RR220206A_767C_2143.bmp,/content/rl_quantum_2026summer/data/original data/Trajectories/2022-02-06/230_RR220206A_767C_2143.bmp,/content/rl_quantum_2026summer/data/original data/Trajectories/2022-02-04/001_RR220204A_933C_0006.bmp,1,0.7
Trajectories/2022-02-04/334_RR220204A_939C_2101.bmp,334_RR220204A_939C_2101.bmp,Trajectories/2022-04-11/386_RR220411A_580C_1943.bmp,386_RR220411A_580C_1943.bmp,(√13 x √13),2,HL,,2025-12-15T21:05:38.049744,,,,(√13 x √13),Trajectories/2022-02-04/334_RR220204A_939C_2101.bmp || Trajectories/2022-04-11/386_RR220411A_580C_1943.bmp,/content/rl_quantum_2026summer/data/original data/Trajectories/2022-02-04/334_RR220204A_939C_2101.bmp,/content/rl_quantum_2026summer/data/original data/Trajectories/2022-04-11/386_RR220411A_580C_1943.bmp,3,1.0
Trajectories/2022-02-04/334_RR220204A_939C_2101.bmp,334_RR220204A_939C_2101.bmp,Trajectories/2022-04-11/386_RR220411A_580C_1943.bmp,386_RR220411A_580C_1943.bmp,Twinned(2 x 1),1,HL,,2025-12-15T21:05:39.303491,,,,Twinned(2 x 1),Trajectories/2022-02-04/334_RR220204A_939C_2101.bmp || Trajectories/2022-04-11/386_RR220411A_580C_1943.bmp,/content/rl_quantum_2026summer/data/original data/Trajectories/2022-02-04/334_RR220204A_939C_2101.bmp,/content/rl_quantum_2026summer/data/original data/Trajectories/2022-04-11/386_RR220411A_580C_1943.bmp,1,1.0
Trajectories/2022-02-04/334_RR220204A_939C_2101.bmp,334_RR220204A_939C_2101.bmp,Trajectories/2022-04-11/386_RR220411A_580C_1943.bmp,386_RR220411A_580C_1943.bmp,(1 x 1),not_apply,HL,,2025-12-15T21:05:40.524589,,,,(1 x 1),Trajectories/2022-02-04/334_RR220204A_939C_2101.bmp || Trajectories/2022-04-11/386_RR220411A_580C_1943.bmp,/content/rl_quantum_2026summer/data/original data/Trajectories/2022-02-04/334_RR220204A_939C_2101.bmp,/content/rl_quantum_2026summer/data/original data/Trajectories/2022-04-11/386_RR220411A_580C_1943.bmp,0,1.0
Trajectories/2022-02-04/334_RR220204A_939C_2101.bmp,334_RR220204A_939C_2101.bmp,Trajectories/2022-04-11/386_RR220411A_580C_1943.bmp,386_RR220411A_580C_1943.bmp,c(6 x 2),2,HL,,2025-12-15T21:05:41.574937,,,,c(6 x 2),Trajectories/2022-02-04/334_RR220204A_939C_2101.bmp || Trajectories/2022-04-11/386_RR220411A_580C_1943.bmp,/content/rl_quantum_2026summer/data/original data/Trajectories/2022-02-04/334_RR220204A_939C_2101.bmp,/content/rl_quantum_2026summer/data/original data/Trajectories/2022-04-11/386_RR220411A_580C_1943.bmp,2,1.0
Trajectories/2022-02-04/334_RR220204A_939C_2101.bmp,334_RR220204A_939C_2101.bmp,Trajectories/2022-04-11/386_RR220411A_580C_1943.bmp,386_RR220411A_580C_1943.bmp,HTR,not_apply,HL,,2025-12-15T21:05:42.633171,,,,HTR,Trajectories/2022-02-04/334_RR220204A_939C_2101.bmp || Trajectories/2022-04-11/386_RR220411A_580C_1943.bmp,/content/rl_quantum_2026summer/data/original data/Trajectories/2022-02-04/334_RR220204A_939C_2101.bmp,/content/rl_quantum_2026summer/data/original data/Trajectories/2022-04-11/386_RR220411A_580C_1943.bmp,4,1.0
Trajectories/2022-02-04/296_RR220204A_869C_2015.bmp,296_RR220204A_869C_2015.bmp,Trajectories/2022-04-11/009_RR220411A_206C_1423.bmp,009_RR220411A_206C_1423.bmp,(1 x 1),2,AJ,,2025-12-12T00:20:43.071402,,,,(1 x 1),Trajectories/2022-02-04/296_RR220204A_869C_2015.bmp || Trajectories/2022-04-11/009_RR220411A_206C_1423.bmp,/content/rl_quantum_2026summer/data/original data/Trajectories/2022-02-04/296_RR220204A_869C_2015.bmp,/content/rl_quantum_2026summer/data/original data/Trajectories/2022-04-11/009_RR220411A_206C_1423.bmp,0,1.0
Trajectories/2022-02-04/296_RR220204A_869C_2015.bmp,296_RR220204A_869C_2015.bmp,Trajectories/2022-04-11/009_RR220411A_206C_1423.bmp,009_RR220411A_206C_1423.bmp,(√13 x √13),1,AJ,,2025-12-12T00:20:44.010217,,,,(√13 x √13),Trajectories/2022-02-04/296_RR220204A_869C_2015.bmp || Trajectories/2022-04-11/009_RR220411A_206C_1423.bmp,/content/rl_quantum_2026summer/data/original data/Trajectories/2022-02-04/296_RR220204A_869C_2015.bmp,/content/rl_quantum_2026summer/data/original data/Trajectories/2022-04-11/009_RR220411A_206C_1423.bmp,3,1.0
Trajectories/2022-02-04/213_RR220204A_668C_1847.bmp,213_RR220204A_668C_1847.bmp,Trajectories/2022-02-04/209_RR220204A_637C_1845.bmp,209_RR220204A_637C_1845.bmp,(√13 x √13),tie,HL,,2026-01-05T23:22:59.774545,274.0,280.0,Confident,(√13 x √13),Trajectories/2022-02-04/209_RR220204A_637C_1845.bmp || Trajectories/2022-02-04/213_RR220204A_668C_1847.bmp,/content/rl_quantum_2026summer/data/original data/Trajectories/2022-02-04/213_RR220204A_668C_1847.bmp,/content/rl_quantum_2026summer/data/original data/Trajectories/2022-02-04/209_RR220204A_637C_1845.bmp,3,1.0
Trajectories/2022-02-04/213_RR220204A_668C_1847.bmp,213_RR220204A_668C_1847.bmp,Trajectories/2022-02-04/209_RR220204A_637C_1845.bmp,209_RR220204A_637C_1845.bmp,HTR,not_apply,HL,,2026-01-05T23:23:00.787403,274.0,280.0,Confident,HTR,Trajectories/2022-02-04/209_RR220204A_637C_1845.bmp || Trajectories/2022-02-04/213_RR220204A_668C_1847.bmp,/content/rl_quantum_2026summer/data/original data/Trajectories/2022-02-04/213_RR220204A_668C_1847.bmp,/content/rl_quantum_2026summer/data/original data/Trajectories/2022-02-04/209_RR220204A_637C_1845.bmp,4,1.0
Trajectories/2022-02-04/213_RR220204A_668C_1847.bmp,213_RR220204A_668C_1847.bmp,Trajectories/2022-02-04/209_RR220204A_637C_1845.bmp,209_RR220204A_637C_1845.bmp,(1 x 1),tie,HL,,2026-01-05T23:23:01.841026,274.0,280.0,Confident,(1 x 1),Trajectories/2022-02-04/209_RR220204A_637C_1845.bmp || Trajectories/2022-02-04/213_RR220204A_668C_1847.bmp,/content/rl_quantum_2026summer/data/original data/Trajectories/2022-02-04/213_RR220204A_668C_1847.bmp,/content/rl_quantum_2026summer/data/original data/Trajectories/2022-02-04/209_RR220204A_637C_1845.bmp,0,1.0
Trajectories/2022-02-04/213_RR220204A_668C_1847.bmp,213_RR220204A_668C_1847.bmp,Trajectories/2022-02-04/209_RR220204A_637C_1845.bmp,209_RR220204A_637C_1845.bmp,c(6 x 2),not_apply,HL,,2026-01-05T23:23:02.901547,274.0,280.0,Confident,c(6 x 2),Trajectories/2022-02-04/209_RR220204A_637C_1845.bmp || Trajectories/2022-02-04/213_RR220204A_668C_1847.bmp,/content/rl_quantum_2026summer/data/original data/Trajectories/2022-02-04/213_RR220204A_668C_1847.bmp,/content/rl_quantum_2026summer/data/original data/Trajectories/2022-02-04/209_RR220204A_637C_1845.bmp,2,1.0
Trajectories/2022-02-04/213_RR220204A_668C_1847.bmp,213_RR220204A_668C_1847.bmp,Trajectories/2022-02-04/209_RR220204A_637C_1845.bmp,209_RR220204A_637C_1845.bmp,Twinned(2 x 1),tie,HL,,2026-01-05T23:23:04.075496,274.0,280.0,Confident,Twinned(2 x 1),Trajectories/2022-02-04/209_RR220204A_637C_1845.bmp || Trajectories/2022-02-04/213_RR220204A_668C_1847.bmp,/content/rl_quantum_2026summer/data/original data/Trajectories/2022-02-04/213_RR220204A_668C_1847.bmp,/content/rl_quantum_2026summer/data/original data/Trajectories/2022-02-04/209_RR220204A_637C_1845.bmp,1,1.0
Trajectories/2022-04-11/338_RR220411A_734C_1915.bmp,338_RR220411A_734C_1915.bmp,Trajectories/2022-02-06/206_RR220206A_875C_2113.bmp,206_RR220206A_875C_2113.bmp,(1 x 1),tie,SY,,2025-12-15T20:52:06.170532,,,,(1 x 1),Trajectories/2022-02-06/206_RR220206A_875C_2113.bmp || Trajectories/2022-04-11/338_RR220411A_734C_1915.bmp,/content/rl_quantum_2026summer/data/original data/Trajectories/2022-04-11/338_RR220411A_734C_1915.bmp,/content/rl_quantum_2026summer/data/original data/Trajectories/2022-02-06/206_RR220206A_875C_2113.bmp,0,1.0
Trajectories/2022-04-11/338_RR220411A_734C_1915.bmp,338_RR220411A_734C_1915.bmp,Trajectories/2022-02-06/206_RR220206A_875C_2113.bmp,206_RR220206A_875C_2113.bmp,(√13 x √13),1,SY,,2025-12-15T20:52:08.119099,,,,(√13 x √13),Trajectories/2022-02-06/206_RR220206A_875C_2113.bmp || Trajectories/2022-04-11/338_RR220411A_734C_1915.bmp,/content/rl_quantum_2026summer/data/original data/Trajectories/2022-04-11/338_RR220411A_734C_1915.bmp,/content/rl_quantum_2026summer/data/original data/Trajectories/2022-02-06/206_RR220206A_875C_2113.bmp,3,1.0
Trajectories/2022-04-11/338_RR220411A_734C_1915.bmp,338_RR220411A_734C_1915.bmp,Trajectories/2022-02-06/206_RR220206A_875C_2113.bmp,206_RR220206A_875C_2113.bmp,HTR,2,SY,,2025-12-15T20:52:09.221177,,,,HTR,Trajectories/2022-02-06/206_RR220206A_875C_2113.bmp || Trajectories/2022-04-11/338_RR220411A_734C_1915.bmp,/content/rl_quantum_2026summer/data/original data/Trajectories/2022-04-11/338_RR220411A_734C_1915.bmp,/content/rl_quantum_2026summer/data/original data/Trajectories/2022-02-06/206_RR220206A_875C_2113.bmp,4,1.0
Trajectories/2022-04-11/338_RR220411A_734C_1915.bmp,338_RR220411A_734C_1915.bmp,Trajectories/2022-02-06/206_RR220206A_875C_2113.bmp,206_RR220206A_875C_2113.bmp,c(6 x 2),1,SY,,2025-12-15T20:52:10.614561,,,,c(6 x 2),Trajectories/2022-02-06/206_RR220206A_875C_2113.bmp || Trajectories/2022-04-11/338_RR220411A_734C_1915.bmp,/content/rl_quantum_2026summer/data/original data/Trajectories/2022-04-11/338_RR220411A_734C_1915.bmp,/content/rl_quantum_2026summer/data/original data/Trajectories/2022-02-06/206_RR220206A_875C_2113.bmp,2,1.0
Trajectories/2022-04-11/338_RR220411A_734C_1915.bmp,338_RR220411A_734C_1915.bmp,Trajectories/2022-02-06/206_RR220206A_875C_2113.bmp,206_RR220206A_875C_2113.bmp,Twinned(2 x 1),not_apply,SY,,2025-12-15T20:52:11.886048,,,,Twinned(2 x 1),Trajectories/2022-02-06/206_RR220206A_875C_2113.bmp || Trajectories/2022-04-11/338_RR220411A_734C_1915.bmp,/content/rl_quantum_2026summer/data/original data/Trajectories/2022-04-11/338_RR220411A_734C_1915.bmp,/content/rl_quantum_2026summer/data/original data/Trajectories/2022-02-06/206_RR220206A_875C_2113.bmp,1,1.0
Trajectories/2022-02-04/139_RR220204A_470C_1758.bmp,139_RR220204A_470C_1758.bmp,Trajectories/2022-04-11/094_RR220411A_484C_1532.bmp,094_RR220411A_484C_1532.bmp,Twinned(2 x 1),not_apply,AJ,,2025-12-26T10:54:07.807136,266.0,259.0,Confident,Twinned(2 x 1),Trajectories/2022-02-04/139_RR220204A_470C_1758.bmp || Trajectories/2022-04-11/094_RR220411A_484C_1532.bmp,/content/rl_quantum_2026summer/data/original data/Trajectories/2022-02-04/139_RR220204A_470C_1758.bmp,/content/rl_quantum_2026summer/data/original data/Trajectories/2022-04-11/094_RR220411A_484C_1532.bmp,1,1.0
Trajectories/2022-02-04/139_RR220204A_470C_1758.bmp,139_RR220204A_470C_1758.bmp,Trajectories/2022-04-11/094_RR220411A_484C_1532.bmp,094_RR220411A_484C_1532.bmp,c(6 x 2),1,AJ,,2025-12-26T10:54:08.812220,266.0,259.0,Confident,c(6 x 2),Trajectories/2022-02-04/139_RR220204A_470C_1758.bmp || Trajectories/2022-04-11/094_RR220411A_484C_1532.bmp,/content/rl_quantum_2026summer/data/original data/Trajectories/2022-02-04/139_RR220204A_470C_1758.bmp,/content/rl_quantum_2026summer/data/original data/Trajectories/2022-04-11/094_RR220411A_484C_1532.bmp,2,1.0
Trajectories/2022-02-04/139_RR220204A_470C_1758.bmp,139_RR220204A_470C_1758.bmp,Trajectories/2022-04-11/094_RR220411A_484C_1532.bmp,094_RR220411A_484C_1532.bmp,(1 x 1),2,AJ,,2025-12-26T10:54:09.801014,266.0,259.0,Confident,(1 x 1),Trajectories/2022-02-04/139_RR220204A_470C_1758.bmp || Trajectories/2022-04-11/094_RR220411A_484C_1532.bmp,/content/rl_quantum_2026summer/data/original data/Trajectories/2022-02-04/139_RR220204A_470C_1758.bmp,/content/rl_quantum_2026summer/data/original data/Trajectories/2022-04-11/094_RR220411A_484C_1532.bmp,0,1.0
Trajectories/2022-02-04/139_RR220204A_470C_1758.bmp,139_RR220204A_470C_1758.bmp,Trajectories/2022-04-11/094_RR220411A_484C_1532.bmp,094_RR220411A_484C_1532.bmp,HTR,not_apply,AJ,,2025-12-26T10:54:10.756755,266.0,259.0,Confident,HTR,Trajectories/2022-02-04/139_RR220204A_470C_1758.bmp || Trajectories/2022-04-11/094_RR220411A_484C_1532.bmp,/content/rl_quantum_2026summer/data/original data/Trajectories/2022-02-04/139_RR220204A_470C_1758.bmp,/content/rl_quantum_2026summer/data/original data/Trajectories/2022-04-11/094_RR220411A_484C_1532.bmp,4,1.0
Trajectories/2022-02-04/139_RR220204A_470C_1758.bmp,139_RR220204A_470C_1758.bmp,Trajectories/2022-04-11/094_RR220411A_484C_1532.bmp,094_RR220411A_484C_1532.bmp,(√13 x √13),1,AJ,,2025-12-26T10:54:11.588269,266.0,259.0,Confident,(√13 x √13),Trajectories/2022-02-04/139_RR220204A_470C_1758.bmp || Trajectories/2022-04-11/094_RR220411A_484C_1532.bmp,/content/rl_quantum_2026summer/data/original data/Trajectories/2022-02-04/139_RR220204A_470C_1758.bmp,/content/rl_quantum_2026summer/data/original data/Trajectories/2022-04-11/094_RR220411A_484C_1532.bmp,3,1.0
Trajectories/2022-04-11/131_RR220411A_606C_1603.bmp,131_RR220411A_606C_1603.bmp,Trajectories/2022-04-11/063_RR220411A_402C_1510.bmp,063_RR220411A_402C_1510.bmp,(√13 x √13),not_apply,HL,,2026-01-05T23:20:38.660365,311.0,288.0,Confident,(√13 x √13),Trajectories/2022-04-11/063_RR220411A_402C_1510.bmp || Trajectories/2022-04-11/131_RR220411A_606C_1603.bmp,/content/rl_quantum_2026summer/data/original data/Trajectories/2022-04-11/131_RR220411A_606C_1603.bmp,/content/rl_quantum_2026summer/data/original data/Trajectories/2022-04-11/063_RR220411A_402C_1510.bmp,3,1.0
Trajectories/2022-04-11/131_RR220411A_606C_1603.bmp,131_RR220411A_606C_1603.bmp,Trajectories/2022-04-11/063_RR220411A_402C_1510.bmp,063_RR220411A_402C_1510.bmp,HTR,not_apply,HL,,2026-01-05T23:20:39.755345,311.0,288.0,Confident,HTR,Trajectories/2022-04-11/063_RR220411A_402C_1510.bmp || Trajectories/2022-04-11/131_RR220411A_606C_1603.bmp,/content/rl_quantum_2026summer/data/original data/Trajectories/2022-04-11/131_RR220411A_606C_1603.bmp,/content/rl_quantum_2026summer/data/original data/Trajectories/2022-04-11/063_RR220411A_402C_1510.bmp,4,1.0
Trajectories/2022-04-11/131_RR220411A_606C_1603.bmp,131_RR220411A_606C_1603.bmp,Trajectories/2022-04-11/063_RR220411A_402C_1510.bmp,063_RR220411A_402C_1510.bmp,(1 x 1),tie,HL,,2026-01-05T23:20:40.921171,311.0,288.0,Confident,(1 x 1),Trajectories/2022-04-11/063_RR220411A_402C_1510.bmp || Trajectories/2022-04-11/131_RR220411A_606C_1603.bmp,/content/rl_quantum_2026summer/data/original data/Trajectories/2022-04-11/131_RR220411A_606C_1603.bmp,/content/rl_quantum_2026summer/data/original data/Trajectories/2022-04-11/063_RR220411A_402C_1510.bmp,0,1.0
Trajectories/2022-04-11/131_RR220411A_606C_1603.bmp,131_RR220411A_606C_1603.bmp,Trajectories/2022-04-11/063_RR220411A_402C_1510.bmp,063_RR220411A_402C_1510.bmp,c(6 x 2),not_apply,HL,,2026-01-05T23:20:42.095261,311.0,288.0,Confident,c(6 x 2),Trajectories/2022-04-11/063_RR220411A_402C_1510.bmp || Trajectories/2022-04-11/131_RR220411A_606C_1603.bmp,/content/rl_quantum_2026summer/data/original data/Trajectories/2022-04-11/131_RR220411A_606C_1603.bmp,/content/rl_quantum_2026summer/data/original data/Trajectories/2022-04-11/063_RR220411A_402C_1510.bmp,2,1.0
Trajectories/2022-04-11/131_RR220411A_606C_1603.bmp,131_RR220411A_606C_1603.bmp,Trajectories/2022-04-11/063_RR220411A_402C_1510.bmp,063_RR220411A_402C_1510.bmp,Twinned(2 x 1),not_apply,HL,,2026-01-05T23:20:43.179562,311.0,288.0,Confident,Twinned(2 x 1),Trajectories/2022-04-11/063_RR220411A_402C_1510.bmp || Trajectories/2022-04-11/131_RR220411A_606C_1603.bmp,/content/rl_quantum_2026summer/data/original data/Trajectories/2022-04-11/131_RR220411A_606C_1603.bmp,/content/rl_quantum_2026summer/data/original data/Trajectories/2022-04-11/063_RR220411A_402C_1510.bmp,1,1.0
Trajectories/2022-02-04/164_RR220204A_507C_1811.bmp,164_RR220204A_507C_1811.bmp,Trajectories/2022-02-06/074_RR220206A_430C_1809.bmp,074_RR220206A_430C_1809.bmp,(1 x 1),2,AJ,,2025-12-12T00:17:58.961099,,,,(1 x 1),Trajectories/2022-02-04/164_RR220204A_507C_1811.bmp || Trajectories/2022-02-06/074_RR220206A_430C_1809.bmp,/content/rl_quantum_2026summer/data/original data/Trajectories/2022-02-04/164_RR220204A_507C_1811.bmp,/content/rl_quantum_2026summer/data/original data/Trajectories/2022-02-06/074_RR220206A_430C_1809.bmp,0,1.0
Trajectories/2022-02-04/164_RR220204A_507C_1811.bmp,164_RR220204A_507C_1811.bmp,Trajectories/2022-02-06/074_RR220206A_430C_1809.bmp,074_RR220206A_430C_1809.bmp,(√13 x √13),1,AJ,,2025-12-12T00:17:59.643649,,,,(√13 x √13),Trajectories/2022-02-04/164_RR220204A_507C_1811.bmp || Trajectories/2022-02-06/074_RR220206A_430C_1809.bmp,/content/rl_quantum_2026summer/data/original data/Trajectories/2022-02-04/164_RR220204A_507C_1811.bmp,/content/rl_quantum_2026summer/data/original data/Trajectories/2022-02-06/074_RR220206A_430C_1809.bmp,3,1.0
