Image1_Path,Image1_Name,Image2_Path,Image2_Name,Reconstruction_Type,Winner,Labeler_Name,Notes,Created_At,Brightness_1,Brightness_2,Confidence,canonical_type,pair_id,resolved_img1,resolved_img2,type_idx,confidence_weight
Trajectories/2022-04-11/443_RR220411A_303C_2007.bmp,443_RR220411A_303C_2007.bmp,Trajectories/2022-04-11/397_RR220411A_528C_1948.bmp,397_RR220411A_528C_1948.bmp,(√13 x √13),tie,AJ,,2025-12-12T00:18:11.173158,,,,(√13 x √13),Trajectories/2022-04-11/397_RR220411A_528C_1948.bmp || Trajectories/2022-04-11/443_RR220411A_303C_2007.bmp,/content/rl_quantum_2026summer/data/original data/Trajectories/2022-04-11/443_RR220411A_303C_2007.bmp,/content/rl_quantum_2026summer/data/original data/Trajectories/2022-04-11/397_RR220411A_528C_1948.bmp,3,1.0
Trajectories/2022-02-04/356_RR220204A_949C_2144.bmp,356_RR220204A_949C_2144.bmp,Trajectories/2022-02-04/266_RR220204A_783C_1938.bmp,266_RR220204A_783C_1938.bmp,Twinned(2 x 1),tie,HL,,2026-01-05T23:06:20.933551,305.0,322.0,Confident,Twinned(2 x 1),Trajectories/2022-02-04/266_RR220204A_783C_1938.bmp || Trajectories/2022-02-04/356_RR220204A_949C_2144.bmp,/content/rl_quantum_2026summer/data/original data/Trajectories/2022-02-04/356_RR220204A_949C_2144.bmp,/content/rl_quantum_2026summer/data/original data/Trajectories/2022-02-04/266_RR220204A_783C_1938.bmp,1,1.0
Trajectories/2022-02-04/356_RR220204A_949C_2144.bmp,356_RR220204A_949C_2144.bmp,Trajectories/2022-02-04/266_RR220204A_783C_1938.bmp,266_RR220204A_783C_1938.bmp,(√13 x √13),tie,HL,,2026-01-05T23:06:22.247845,305.0,322.0,Confident,(√13 x √13),Trajectories/2022-02-04/266_RR220204A_783C_1938.bmp || Trajectories/2022-02-04/356_RR220204A_949C_2144.bmp,/content/rl_quantum_2026summer/data/original data/Trajectories/2022-02-04/356_RR220204A_949C_2144.bmp,/content/rl_quantum_2026summer/data/original data/Trajectories/2022-02-04/266_RR220204A_783C_1938.bmp,3,1.0
Trajectories/2022-02-04/356_RR220204A_949C_2144.bmp,356_RR220204A_949C_2144.bmp,Trajectories/2022-02-04/266_RR220204A_783C_1938.bmp,266_RR220204A_783C_1938.bmp,(1 x 1),tie,HL,,2026-01-05T23:06:23.437401,305.0,322.0,Confident,(1 x 1),Trajectories/2022-02-04/266_RR220204A_783C_1938.bmp || Trajectories/2022-02-04/356_RR220204A_949C_2144.bmp,/content/rl_quantum_2026summer/data/original data/Trajectories/2022-02-04/356_RR220204A_949C_2144.bmp,/content/rl_quantum_2026summer/data/original data/Trajectories/2022-02-04/266_RR220204A_783C_1938.bmp,0,1.0
Trajectories/2022-02-04/356_RR220204A_949C_2144.bmp,356_RR220204A_949C_2144.bmp,Trajectories/2022-02-04/266_RR220204A_783C_1938.bmp,266_RR220204A_783C_1938.bmp,c(6 x 2),not_apply,HL,,2026-01-05T23:06:24.468567,305.0,322.0,Confident,c(6 x 2),Trajectories/2022-02-04/266_RR220204A_783C_1938.bmp || Trajectories/2022-02-04/356_RR220204A_949C_2144.bmp,/content/rl_quantum_2026summer/data/original data/Trajectories/2022-02-04/356_RR220204A_949C_2144.bmp,/content/rl_quantum_2026summer/data/original data/Trajectories/2022-02-04/266_RR220204A_783C_1938.bmp,2,1.0
Trajectories/2022-02-04/356_RR220204A_949C_2144.bmp,356_RR220204A_949C_2144.bmp,Trajectories/2022-02-04/266_RR220204A_783C_1938.bmp,266_RR220204A_783C_1938.bmp,HTR,not_apply,HL,,2026-01-05T23:06:25.576622,305.0,322.0,Confident,HTR,Trajectories/2022-02-04/266_RR220204A_783C_1938.bmp || Trajectories/2022-02-04/356_RR220204A_949C_2144.bmp,/content/rl_quantum_2026summer/data/original data/Trajectories/2022-02-04/356_RR220204A_949C_2144.bmp,/content/rl_quantum_2026summer/data/original data/Trajectories/2022-02-04/266_RR220204A_783C_1938.bmp,4,1.0
Trajectories/2022-02-04/063_RR220204A_165C_0215-03.bmp,063_RR220204A_165C_0215-03.bmp,Trajectories/2022-04-11/376_RR220411A_620C_1938.bmp,376_RR220411A_620C_1938.bmp,HTR,2,AJ,,2025-12-06 01:21:25,,,,HTR,Trajectories/2022-02-04/063_RR220204A_165C_0215-03.bmp || Trajectories/2022-04-11/376_RR220411A_620C_1938.bmp,/content/rl_quantum_2026summer/data/original data/Trajectories/2022-02-04/063_RR220204A_165C_0215-03.bmp,/content/rl_quantum_2026summer/data/original data/Trajectories/2022-04-11/376_RR220411A_620C_1938.bmp,4,1.0
Trajectories/2022-02-04/294_RR220204A_843C_2014.bmp,294_RR220204A_843C_2014.bmp,Trajectories/2022-02-06/140_RR220206A_993C_1941.bmp,140_RR220206A_993C_1941.bmp,(√13 x √13),1,AJ,,2025-12-12T00:11:31.731499,,,,(√13 x √13),Trajectories/2022-02-04/294_RR220204A_843C_2014.bmp || Trajectories/2022-02-06/140_RR220206A_993C_1941.bmp,/content/rl_quantum_2026summer/data/original data/Trajectories/2022-02-04/294_RR220204A_843C_2014.bmp,/content/rl_quantum_2026summer/data/original data/Trajectories/2022-02-06/140_RR220206A_993C_1941.bmp,3,1.0
Trajectories/2022-02-04/294_RR220204A_843C_2014.bmp,294_RR220204A_843C_2014.bmp,Trajectories/2022-02-06/140_RR220206A_993C_1941.bmp,140_RR220206A_993C_1941.bmp,HTR,2,AJ,,2025-12-12T00:11:32.525228,,,,HTR,Trajectories/2022-02-04/294_RR220204A_843C_2014.bmp || Trajectories/2022-02-06/140_RR220206A_993C_1941.bmp,/content/rl_quantum_2026summer/data/original data/Trajectories/2022-02-04/294_RR220204A_843C_2014.bmp,/content/rl_quantum_2026summer/data/original data/Trajectories/2022-02-06/140_RR220206A_993C_1941.bmp,4,1.0
Trajectories/2022-04-11/081_RR220411A_453C_1523.bmp,081_RR220411A_453C_1523.bmp,Trajectories/2022-02-04/314_RR220204A_937C_2030.bmp,314_RR220204A_937C_2030.bmp,(1 x 1),2,HL,,2026-01-02T22:20:07.278909,320.0,400.0,Confident,(1 x 1),Trajectories/2022-02-04/314_RR220204A_937C_2030.bmp || Trajectories/2022-04-11/081_RR220411A_453C_1523.bmp,/content/rl_quantum_2026summer/data/original data/Trajectories/2022-04-11/081_RR220411A_453C_1523.bmp,/content/rl_quantum_2026summer/data/original data/Trajectories/2022-02-04/314_RR220204A_937C_2030.bmp,0,1.0
Trajectories/2022-04-11/081_RR220411A_453C_1523.bmp,081_RR220411A_453C_1523.bmp,Trajectories/2022-02-04/314_RR220204A_937C_2030.bmp,314_RR220204A_937C_2030.bmp,Twinned(2 x 1),2,HL,,2026-01-02T22:20:08.533379,320.0,400.0,Confident,Twinned(2 x 1),Trajectories/2022-02-04/314_RR220204A_937C_2030.bmp || Trajectories/2022-04-11/081_RR220411A_453C_1523.bmp,/content/rl_quantum_2026summer/data/original data/Trajectories/2022-04-11/081_RR220411A_453C_1523.bmp,/content/rl_quantum_2026summer/data/original data/Trajectories/2022-02-04/314_RR220204A_937C_2030.bmp,1,1.0
Trajectories/2022-04-11/081_RR220411A_453C_1523.bmp,081_RR220411A_453C_1523.bmp,Trajectories/2022-02-04/314_RR220204A_937C_2030.bmp,314_RR220204A_937C_2030.bmp,(√13 x √13),2,HL,,2026-01-02T22:20:09.737265,320.0,400.0,Confident,(√13 x √13),Trajectories/2022-02-04/314_RR220204A_937C_2030.bmp || Trajectories/2022-04-11/081_RR220411A_453C_1523.bmp,/content/rl_quantum_2026summer/data/original data/Trajectories/2022-04-11/081_RR220411A_453C_1523.bmp,/content/rl_quantum_2026summer/data/original data/Trajectories/2022-02-04/314_RR220204A_937C_2030.bmp,3,1.0
Trajectories/2022-04-11/081_RR220411A_453C_1523.bmp,081_RR220411A_453C_1523.bmp,Trajectories/2022-02-04/314_RR220204A_937C_2030.bmp,314_RR220204A_937C_2030.bmp,HTR,not_apply,HL,,2026-01-02T22:20:10.841465,320.0,400.0,Confident,HTR,Trajectories/2022-02-04/314_RR220204A_937C_2030.bmp || Trajectories/2022-04-11/081_RR220411A_453C_1523.bmp,/content/rl_quantum_2026summer/data/original data/Trajectories/2022-04-11/081_RR220411A_453C_1523.bmp,/content/rl_quantum_2026summer/data/original data/Trajectories/2022-02-04/314_RR220204A_937C_2030.bmp,4,1.0
Trajectories/2022-04-11/081_RR220411A_453C_1523.bmp,081_RR220411A_453C_1523.bmp,Trajectories/2022-02-04/314_RR220204A_937C_2030.bmp,314_RR220204A_937C_2030.bmp,c(6 x 2),not_apply,HL,,2026-01-02T22:20:11.937876,320.0,400.0,Confident,c(6 x 2),Trajectories/2022-02-04/314_RR220204A_937C_2030.bmp || Trajectories/2022-04-11/081_RR220411A_453C_1523.bmp,/content/rl_quantum_2026summer/data/original data/Trajectories/2022-04-11/081_RR220411A_453C_1523.bmp,/content/rl_quantum_2026summer/data/original data/Trajectories/2022-02-04/314_RR220204A_937C_2030.bmp,2,1.0
Trajectories/2022-02-06/123_RR220206A_894C_1923.bmp,123_RR220206A_894C_1923.bmp,Trajectories/2022-02-04/117_RR220204A_445C_1740.bmp,117_RR220204A_445C_1740.bmp,c(6 x 2),2,AJ,,2025-12-06 01:24:55,,,,c(6 x 2),Trajectories/2022-02-04/117_RR220204A_445C_1740.bmp || Trajectories/2022-02-06/123_RR220206A_894C_1923.bmp,/content/rl_quantum_2026summer/data/original data/Trajectories/2022-02-06/123_RR220206A_894C_1923.bmp,/content/rl_quantum_2026summer/data/original data/Trajectories/2022-02-04/117_RR220204A_445C_1740.bmp,2,1.0
Trajectories/2022-02-06/123_RR220206A_894C_1923.bmp,123_RR220206A_894C_1923.bmp,Trajectories/2022-02-04/117_RR220204A_445C_1740.bmp,117_RR220204A_445C_1740.bmp,(1 x 1),1,AJ,,2025-12-06 01:24:55,,,,(1 x 1),Trajectories/2022-02-04/117_RR220204A_445C_1740.bmp || Trajectories/2022-02-06/123_RR220206A_894C_1923.bmp,/content/rl_quantum_2026summer/data/original data/Trajectories/2022-02-06/123_RR220206A_894C_1923.bmp,/content/rl_quantum_2026summer/data/original data/Trajectories/2022-02-04/117_RR220204A_445C_1740.bmp,0,1.0
Trajectories/2022-02-04/335_RR220204A_940C_2102.bmp,335_RR220204A_940C_2102.bmp,Trajectories/2022-02-04/305_RR220204A_915C_2023.bmp,305_RR220204A_915C_2023.bmp,(1 x 1),tie,HL,,2026-01-06T21:46:37.691550,286.0,400.0,Confident,(1 x 1),Trajectories/2022-02-04/305_RR220204A_915C_2023.bmp || Trajectories/2022-02-04/335_RR220204A_940C_2102.bmp,/content/rl_quantum_2026summer/data/original data/Trajectories/2022-02-04/335_RR220204A_940C_2102.bmp,/content/rl_quantum_2026summer/data/original data/Trajectories/2022-02-04/305_RR220204A_915C_2023.bmp,0,1.0
Trajectories/2022-02-04/335_RR220204A_940C_2102.bmp,335_RR220204A_940C_2102.bmp,Trajectories/2022-02-04/305_RR220204A_915C_2023.bmp,305_RR220204A_915C_2023.bmp,c(6 x 2),not_apply,HL,,2026-01-06T21:46:38.462089,286.0,400.0,Confident,c(6 x 2),Trajectories/2022-02-04/305_RR220204A_915C_2023.bmp || Trajectories/2022-02-04/335_RR220204A_940C_2102.bmp,/content/rl_quantum_2026summer/data/original data/Trajectories/2022-02-04/335_RR220204A_940C_2102.bmp,/content/rl_quantum_2026summer/data/original data/Trajectories/2022-02-04/305_RR220204A_915C_2023.bmp,2,1.0
Trajectories/2022-02-04/335_RR220204A_940C_2102.bmp,335_RR220204A_940C_2102.bmp,Trajectories/2022-02-04/305_RR220204A_915C_2023.bmp,305_RR220204A_915C_2023.bmp,Twinned(2 x 1),tie,HL,,2026-01-06T21:46:39.186417,286.0,400.0,Confident,Twinned(2 x 1),Trajectories/2022-02-04/305_RR220204A_915C_2023.bmp || Trajectories/2022-02-04/335_RR220204A_940C_2102.bmp,/content/rl_quantum_2026summer/data/original data/Trajectories/2022-02-04/335_RR220204A_940C_2102.bmp,/content/rl_quantum_2026summer/data/original data/Trajectories/2022-02-04/305_RR220204A_915C_2023.bmp,1,1.0
Trajectories/2022-02-04/335_RR220204A_940C_2102.bmp,335_RR220204A_940C_2102.bmp,Trajectories/2022-02-04/305_RR220204A_915C_2023.bmp,305_RR220204A_915C_2023.bmp,HTR,not_apply,HL,,2026-01-06T21:46:40.027616,286.0,400.0,Confident,HTR,Trajectories/2022-02-04/305_RR220204A_915C_2023.bmp || Trajectories/2022-02-04/335_RR220204A_940C_2102.bmp,/content/rl_quantum_2026summer/data/original data/Trajectories/2022-02-04/335_RR220204A_940C_2102.bmp,/content/rl_quantum_2026summer/data/original data/Trajectories/2022-02-04/305_RR220204A_915C_2023.bmp,4,1.0
Trajectories/2022-02-04/335_RR220204A_940C_2102.bmp,335_RR220204A_940C_2102.bmp,Trajectories/2022-02-04/305_RR220204A_915C_2023.bmp,305_RR220204A_915C_2023.bmp,(√13 x √13),tie,HL,,2026-01-06T21:46:40.783501,286.0,400.0,Confident,(√13 x √13),Trajectories/2022-02-04/305_RR220204A_915C_2023.bmp || Trajectories/2022-02-04/335_RR220204A_940C_2102.bmp,/content/rl_quantum_2026summer/data/original data/Trajectories/2022-02-04/335_RR220204A_940C_2102.bmp,/content/rl_quantum_2026summer/data/original data/Trajectories/2022-02-04/305_RR220204A_915C_2023.bmp,3,1.0
Trajectories/2022-04-11/008_RR220411A_193C_1422.bmp,008_RR220411A_193C_1422.bmp,Trajectories/2022-04-11/093_RR220411A_482C_1531.bmp,093_RR220411A_482C_1531.bmp,Twinned(2 x 1),not_apply,AJ,,2025-12-26T10:55:23.078377,198.0,228.0,Confident,Twinned(2 x 1),Trajectories/2022-04-11/008_RR220411A_193C_1422.bmp || Trajectories/2022-04-11/093_RR220411A_482C_1531.bmp,/content/rl_quantum_2026summer/data/original data/Trajectories/2022-04-11/008_RR220411A_193C_1422.bmp,/content/rl_quantum_2026summer/data/original data/Trajectories/2022-04-11/093_RR220411A_482C_1531.bmp,1,1.0
Trajectories/2022-04-11/008_RR220411A_193C_1422.bmp,008_RR220411A_193C_1422.bmp,Trajectories/2022-04-11/093_RR220411A_482C_1531.bmp,093_RR220411A_482C_1531.bmp,(√13 x √13),not_apply,AJ,,2025-12-26T10:55:24.077545,198.0,228.0,Confident,(√13 x √13),Trajectories/2022-04-11/008_RR220411A_193C_1422.bmp || Trajectories/2022-04-11/093_RR220411A_482C_1531.bmp,/content/rl_quantum_2026summer/data/original data/Trajectories/2022-04-11/008_RR220411A_193C_1422.bmp,/content/rl_quantum_2026summer/data/original data/Trajectories/2022-04-11/093_RR220411A_482C_1531.bmp,3,1.0
Trajectories/2022-04-11/008_RR220411A_193C_1422.bmp,008_RR220411A_193C_1422.bmp,Trajectories/2022-04-11/093_RR220411A_482C_1531.bmp,093_RR220411A_482C_1531.bmp,(1 x 1),tie,AJ,,2025-12-26T10:55:25.025952,198.0,228.0,Confident,(1 x 1),Trajectories/2022-04-11/008_RR220411A_193C_1422.bmp || Trajectories/2022-04-11/093_RR220411A_482C_1531.bmp,/content/rl_quantum_2026summer/data/original data/Trajectories/2022-04-11/008_RR220411A_193C_1422.bmp,/content/rl_quantum_2026summer/data/original data/Trajectories/2022-04-11/093_RR220411A_482C_1531.bmp,0,1.0
Trajectories/2022-04-11/008_RR220411A_193C_1422.bmp,008_RR220411A_193C_1422.bmp,Trajectories/2022-04-11/093_RR220411A_482C_1531.bmp,093_RR220411A_482C_1531.bmp,c(6 x 2),not_apply,AJ,,2025-12-26T10:55:25.873484,198.0,228.0,Confident,c(6 x 2),Trajectories/2022-04-11/008_RR220411A_193C_1422.bmp || Trajectories/2022-04-11/093_RR220411A_482C_1531.bmp,/content/rl_quantum_2026summer/data/original data/Trajectories/2022-04-11/008_RR220411A_193C_1422.bmp,/content/rl_quantum_2026summer/data/original data/Trajectories/2022-04-11/093_RR220411A_482C_1531.bmp,2,1.0
Trajectories/2022-04-11/008_RR220411A_193C_1422.bmp,008_RR220411A_193C_1422.bmp,Trajectories/2022-04-11/093_RR220411A_482C_1531.bmp,093_RR220411A_482C_1531.bmp,HTR,not_apply,AJ,,2025-12-26T10:55:26.802501,198.0,228.0,Confident,HTR,Trajectories/2022-04-11/008_RR220411A_193C_1422.bmp || Trajectories/2022-04-11/093_RR220411A_482C_1531.bmp,/content/rl_quantum_2026summer/data/original data/Trajectories/2022-04-11/008_RR220411A_193C_1422.bmp,/content/rl_quantum_2026summer/data/original data/Trajectories/2022-04-11/093_RR220411A_482C_1531.bmp,4,1.0
Trajectories/2022-02-04/194_RR220204A_610C_1832.bmp,194_RR220204A_610C_1832.bmp,Trajectories/2022-02-06/119_RR220206A_871C_1918.bmp,119_RR220206A_871C_1918.bmp,c(6 x 2),2,SY,,2025-12-10T17:00:00.739215,,,,c(6 x 2),Trajectories/2022-02-04/194_RR220204A_610C_1832.bmp || Trajectories/2022-02-06/119_RR220206A_871C_1918.bmp,/content/rl_quantum_2026summer/data/original data/Trajectories/2022-02-04/194_RR220204A_610C_1832.bmp,/content/rl_quantum_2026summer/data/original data/Trajectories/2022-02-06/119_RR220206A_871C_1918.bmp,2,1.0
Trajectories/2022-02-04/194_RR220204A_610C_1832.bmp,194_RR220204A_610C_1832.bmp,Trajectories/2022-02-06/119_RR220206A_871C_1918.bmp,119_RR220206A_871C_1918.bmp,Twinned(2 x 1),1,SY,,2025-12-10T17:00:01.408896,,,,Twinned(2 x 1),Trajectories/2022-02-04/194_RR220204A_610C_1832.bmp || Trajectories/2022-02-06/119_RR220206A_871C_1918.bmp,/content/rl_quantum_2026summer/data/original data/Trajectories/2022-02-04/194_RR220204A_610C_1832.bmp,/content/rl_quantum_2026summer/data/original data/Trajectories/2022-02-06/119_RR220206A_871C_1918.bmp,1,1.0
Trajectories/2022-02-04/194_RR220204A_610C_1832.bmp,194_RR220204A_610C_1832.bmp,Trajectories/2022-02-06/119_RR220206A_871C_1918.bmp,119_RR220206A_871C_1918.bmp,(√13 x √13),1,SY,,2025-12-10T17:00:02.074935,,,,(√13 x √13),Trajectories/2022-02-04/194_RR220204A_610C_1832.bmp || Trajectories/2022-02-06/119_RR220206A_871C_1918.bmp,/content/rl_quantum_2026summer/data/original data/Trajectories/2022-02-04/194_RR220204A_610C_1832.bmp,/content/rl_quantum_2026summer/data/original data/Trajectories/2022-02-06/119_RR220206A_871C_1918.bmp,3,1.0
Trajectories/2022-02-04/194_RR220204A_610C_1832.bmp,194_RR220204A_610C_1832.bmp,Trajectories/2022-02-06/119_RR220206A_871C_1918.bmp,119_RR220206A_871C_1918.bmp,HTR,2,SY,,2025-12-10T17:00:02.734149,,,,HTR,Trajectories/2022-02-04/194_RR220204A_610C_1832.bmp || Trajectories/2022-02-06/119_RR220206A_871C_1918.bmp,/content/rl_quantum_2026summer/data/original data/Trajectories/2022-02-04/194_RR220204A_610C_1832.bmp,/content/rl_quantum_2026summer/data/original data/Trajectories/2022-02-06/119_RR220206A_871C_1918.bmp,4,1.0
Trajectories/2022-02-04/194_RR220204A_610C_1832.bmp,194_RR220204A_610C_1832.bmp,Trajectories/2022-02-06/119_RR220206A_871C_1918.bmp,119_RR220206A_871C_1918.bmp,(1 x 1),1,SY,,2025-12-10T17:00:03.603690,,,,(1 x 1),Trajectories/2022-02-04/194_RR220204A_610C_1832.bmp || Trajectories/2022-02-06/119_RR220206A_871C_1918.bmp,/content/rl_quantum_2026summer/data/original data/Trajectories/2022-02-04/194_RR220204A_610C_1832.bmp,/content/rl_quantum_2026summer/data/original data/Trajectories/2022-02-06/119_RR220206A_871C_1918.bmp,0,1.0
Trajectories/2022-02-04/263_RR220204A_793C_1934.bmp,263_RR220204A_793C_1934.bmp,Trajectories/2022-04-11/042_RR220411A_331C_1448.bmp,042_RR220411A_331C_1448.bmp,(√13 x √13),1,AJ,,2025-12-12T00:06:42.284440,,,,(√13 x √13),Trajectories/2022-02-04/263_RR220204A_793C_1934.bmp || Trajectories/2022-04-11/042_RR220411A_331C_1448.bmp,/content/rl_quantum_2026summer/data/original data/Trajectories/2022-02-04/263_RR220204A_793C_1934.bmp,/content/rl_quantum_2026summer/data/original data/Trajectories/2022-04-11/042_RR220411A_331C_1448.bmp,3,1.0
Trajectories/2022-02-04/263_RR220204A_793C_1934.bmp,263_RR220204A_793C_1934.bmp,Trajectories/2022-04-11/042_RR220411A_331C_1448.bmp,042_RR220411A_331C_1448.bmp,HTR,2,AJ,,2025-12-12T00:06:43.078863,,,,HTR,Trajectories/2022-02-04/263_RR220204A_793C_1934.bmp || Trajectories/2022-04-11/042_RR220411A_331C_1448.bmp,/content/rl_quantum_2026summer/data/original data/Trajectories/2022-02-04/263_RR220204A_793C_1934.bmp,/content/rl_quantum_2026summer/data/original data/Trajectories/2022-04-11/042_RR220411A_331C_1448.bmp,4,1.0
Trajectories/2022-04-11/366_RR220411A_654C_1930.bmp,366_RR220411A_654C_1930.bmp,Trajectories/2022-04-11/323_RR220411A_816C_1903.bmp,323_RR220411A_816C_1903.bmp,HTR,not_apply,SY,,2025-12-10T16:57:42.092980,,,,HTR,Trajectories/2022-04-11/323_RR220411A_816C_1903.bmp || Trajectories/2022-04-11/366_RR220411A_654C_1930.bmp,/content/rl_quantum_2026summer/data/original data/Trajectories/2022-04-11/366_RR220411A_654C_1930.bmp,/content/rl_quantum_2026summer/data/original data/Trajectories/2022-04-11/323_RR220411A_816C_1903.bmp,4,1.0
Trajectories/2022-04-11/366_RR220411A_654C_1930.bmp,366_RR220411A_654C_1930.bmp,Trajectories/2022-04-11/323_RR220411A_816C_1903.bmp,323_RR220411A_816C_1903.bmp,(√13 x √13),tie,SY,,2025-12-10T16:57:42.961149,,,,(√13 x √13),Trajectories/2022-04-11/323_RR220411A_816C_1903.bmp || Trajectories/2022-04-11/366_RR220411A_654C_1930.bmp,/content/rl_quantum_2026summer/data/original data/Trajectories/2022-04-11/366_RR220411A_654C_1930.bmp,/content/rl_quantum_2026summer/data/original data/Trajectories/2022-04-11/323_RR220411A_816C_1903.bmp,3,1.0
Trajectories/2022-04-11/366_RR220411A_654C_1930.bmp,366_RR220411A_654C_1930.bmp,Trajectories/2022-04-11/323_RR220411A_816C_1903.bmp,323_RR220411A_816C_1903.bmp,c(6 x 2),tie,SY,,2025-12-10T16:57:43.641358,,,,c(6 x 2),Trajectories/2022-04-11/323_RR220411A_816C_1903.bmp || Trajectories/2022-04-11/366_RR220411A_654C_1930.bmp,/content/rl_quantum_2026summer/data/original data/Trajectories/2022-04-11/366_RR220411A_654C_1930.bmp,/content/rl_quantum_2026summer/data/original data/Trajectories/2022-04-11/323_RR220411A_816C_1903.bmp,2,1.0
Trajectories/2022-04-11/366_RR220411A_654C_1930.bmp,366_RR220411A_654C_1930.bmp,Trajectories/2022-04-11/323_RR220411A_816C_1903.bmp,323_RR220411A_816C_1903.bmp,Twinned(2 x 1),not_apply,SY,,2025-12-10T16:57:44.332936,,,,Twinned(2 x 1),Trajectories/2022-04-11/323_RR220411A_816C_1903.bmp || Trajectories/2022-04-11/366_RR220411A_654C_1930.bmp,/content/rl_quantum_2026summer/data/original data/Trajectories/2022-04-11/366_RR220411A_654C_1930.bmp,/content/rl_quantum_2026summer/data/original data/Trajectories/2022-04-11/323_RR220411A_816C_1903.bmp,1,1.0
Trajectories/2022-04-11/366_RR220411A_654C_1930.bmp,366_RR220411A_654C_1930.bmp,Trajectories/2022-04-11/323_RR220411A_816C_1903.bmp,323_RR220411A_816C_1903.bmp,(1 x 1),tie,SY,,2025-12-10T16:57:45.015657,,,,(1 x 1),Trajectories/2022-04-11/323_RR220411A_816C_1903.bmp || Trajectories/2022-04-11/366_RR220411A_654C_1930.bmp,/content/rl_quantum_2026summer/data/original data/Trajectories/2022-04-11/366_RR220411A_654C_1930.bmp,/content/rl_quantum_2026summer/data/original data/Trajectories/2022-04-11/323_RR220411A_816C_1903.bmp,0,1.0
Trajectories/2022-04-11/439_RR220411A_330C_2005.bmp,439_RR220411A_330C_2005.bmp,Trajectories/2022-02-04/003_RR220204A_932C_0017.bmp,003_RR220204A_932C_0017.bmp,c(6 x 2),1,HL,,2026-01-06T21:40:19.381737,258.0,257.0,Confident,c(6 x 2),Trajectories/2022-02-04/003_RR220204A_932C_0017.bmp || Trajectories/2022-04-11/439_RR220411A_330C_2005.bmp,/content/rl_quantum_2026summer/data/original data/Trajectories/2022-04-11/439_RR220411A_330C_2005.bmp,/content/rl_quantum_2026summer/data/original data/Trajectories/2022-02-04/003_RR220204A_932C_0017.bmp,2,1.0
Trajectories/2022-04-11/439_RR220411A_330C_2005.bmp,439_RR220411A_330C_2005.bmp,Trajectories/2022-02-04/003_RR220204A_932C_0017.bmp,003_RR220204A_932C_0017.bmp,(√13 x √13),1,HL,,2026-01-06T21:40:20.591934,258.0,257.0,Confident,(√13 x √13),Trajectories/2022-02-04/003_RR220204A_932C_0017.bmp || Trajectories/2022-04-11/439_RR220411A_330C_2005.bmp,/content/rl_quantum_2026summer/data/original data/Trajectories/2022-04-11/439_RR220411A_330C_2005.bmp,/content/rl_quantum_2026summer/data/original data/Trajectories/2022-02-04/003_RR220204A_932C_0017.bmp,3,1.0
Trajectories/2022-04-11/439_RR220411A_330C_2005.bmp,439_RR220411A_330C_2005.bmp,Trajectories/2022-02-04/003_RR220204A_932C_0017.bmp,003_RR220204A_932C_0017.bmp,Twinned(2 x 1),2,HL,,2026-01-06T21:40:21.488602,258.0,257.0,Confident,Twinned(2 x 1),Trajectories/2022-02-04/003_RR220204A_932C_0017.bmp || Trajectories/2022-04-11/439_RR220411A_330C_2005.bmp,/content/rl_quantum_2026summer/data/original data/Trajectories/2022-04-11/439_RR220411A_330C_2005.bmp,/content/rl_quantum_2026summer/data/original data/Trajectories/2022-02-04/003_RR220204A_932C_0017.bmp,1,1.0
Trajectories/2022-04-11/439_RR220411A_330C_2005.bmp,439_RR220411A_330C_2005.bmp,Trajectories/2022-02-04/003_RR220204A_932C_0017.bmp,003_RR220204A_932C_0017.bmp,HTR,not_apply,HL,,2026-01-06T21:40:22.350885,258.0,257.0,Confident,HTR,Trajectories/2022-02-04/003_RR220204A_932C_0017.bmp || Trajectories/2022-04-11/439_RR220411A_330C_2005.bmp,/content/rl_quantum_2026summer/data/original data/Trajectories/2022-04-11/439_RR220411A_330C_2005.bmp,/content/rl_quantum_2026summer/data/original data/Trajectories/2022-02-04/003_RR220204A_932C_0017.bmp,4,1.0
Trajectories/2022-04-11/439_RR220411A_330C_2005.bmp,439_RR220411A_330C_2005.bmp,Trajectories/2022-02-04/003_RR220204A_932C_0017.bmp,003_RR220204A_932C_0017.bmp,(1 x 1),2,HL,,2026-01-06T21:40:23.086599,258.0,257.0,Confident,(1 x 1),Trajectories/2022-02-04/003_RR220204A_932C_0017.bmp || Trajectories/2022-04-11/439_RR220411A_330C_2005.bmp,/content/rl_quantum_2026summer/data/original data/Trajectories/2022-04-11/439_RR220411A_330C_2005.bmp,/content/rl_quantum_2026summer/data/original data/Trajectories/2022-02-04/003_RR220204A_932C_0017.bmp,0,1.0
Trajectories/2022-02-04/164_RR220204A_507C_1811.bmp,164_RR220204A_507C_1811.bmp,Trajectories/2022-02-06/074_RR220206A_430C_1809.bmp,074_RR220206A_430C_1809.bmp,(1 x 1),2,AJ,,2025-12-12T00:17:58.961099,,,,(1 x 1),Trajectories/2022-02-04/164_RR220204A_507C_1811.bmp || Trajectories/2022-02-06/074_RR220206A_430C_1809.bmp,/content/rl_quantum_2026summer/data/original data/Trajectories/2022-02-04/164_RR220204A_507C_1811.bmp,/content/rl_quantum_2026summer/data/original data/Trajectories/2022-02-06/074_RR220206A_430C_1809.bmp,0,1.0
Trajectories/2022-02-04/164_RR220204A_507C_1811.bmp,164_RR220204A_507C_1811.bmp,Trajectories/2022-02-06/074_RR220206A_430C_1809.bmp,074_RR220206A_430C_1809.bmp,(√13 x √13),1,AJ,,2025-12-12T00:17:59.643649,,,,(√13 x √13),Trajectories/2022-02-04/164_RR220204A_507C_1811.bmp || Trajectories/2022-02-06/074_RR220206A_430C_1809.bmp,/content/rl_quantum_2026summer/data/original data/Trajectories/2022-02-04/164_RR220204A_507C_1811.bmp,/content/rl_quantum_2026summer/data/original data/Trajectories/2022-02-06/074_RR220206A_430C_1809.bmp,3,1.0
Trajectories/2022-02-06/230_RR220206A_767C_2143.bmp,230_RR220206A_767C_2143.bmp,Trajectories/2022-02-04/001_RR220204A_933C_0006.bmp,001_RR220204A_933C_0006.bmp,(1 x 1),not_apply,HL,,2026-01-02T22:16:55.498005,200.0,368.0,Somewhat sure,(1 x 1),Trajectories/2022-02-04/001_RR220204A_933C_0006.bmp || Trajectories/2022-02-06/230_RR220206A_767C_2143.bmp,/content/rl_quantum_2026summer/data/original data/Trajectories/2022-02-06/230_RR220206A_767C_2143.bmp,/content/rl_quantum_2026summer/data/original data/Trajectories/2022-02-04/001_RR220204A_933C_0006.bmp,0,0.7
Trajectories/2022-02-06/230_RR220206A_767C_2143.bmp,230_RR220206A_767C_2143.bmp,Trajectories/2022-02-04/001_RR220204A_933C_0006.bmp,001_RR220204A_933C_0006.bmp,(√13 x √13),2,HL,,2026-01-02T22:16:57.327128,200.0,368.0,Somewhat sure,(√13 x √13),Trajectories/2022-02-04/001_RR220204A_933C_0006.bmp || Trajectories/2022-02-06/230_RR220206A_767C_2143.bmp,/content/rl_quantum_2026summer/data/original data/Trajectories/2022-02-06/230_RR220206A_767C_2143.bmp,/content/rl_quantum_2026summer/data/original data/Trajectories/2022-02-04/001_RR220204A_933C_0006.bmp,3,0.7
Trajectories/2022-02-06/230_RR220206A_767C_2143.bmp,230_RR220206A_767C_2143.bmp,Trajectories/2022-02-04/001_RR220204A_933C_0006.bmp,001_RR220204A_933C_0006.bmp,HTR,1,HL,,2026-01-02T22:16:58.510130,200.0,368.0,Somewhat sure,HTR,Trajectories/2022-02-04/001_RR220204A_933C_0006.bmp || Trajectories/2022-02-06/230_RR220206A_767C_2143.bmp,/content/rl_quantum_2026summer/data/original data/Trajectories/2022-02-06/230_RR220206A_767C_2143.bmp,/content/rl_quantum_2026summer/data/original data/Trajectories/2022-02-04/001_RR220204A_933C_0006.bmp,4,0.7
Trajectories/2022-02-06/230_RR220206A_767C_2143.bmp,230_RR220206A_767C_2143.bmp,Trajectories/2022-02-04/001_RR220204A_933C_0006.bmp,001_RR220204A_933C_0006.bmp,c(6 x 2),not_apply,HL,,2026-01-02T22:16:59.758522,200.0,368.0,Somewhat sure,c(6 x 2),Trajectories/2022-02-04/001_RR220204A_933C_0006.bmp || Trajectories/2022-02-06/230_RR220206A_767C_2143.bmp,/content/rl_quantum_2026summer/data/original data/Trajectories/2022-02-06/230_RR220206A_767C_2143.bmp,/content/rl_quantum_2026summer/data/original data/Trajectories/2022-02-04/001_RR220204A_933C_0006.bmp,2,0.7
Trajectories/2022-02-06/230_RR220206A_767C_2143.bmp,230_RR220206A_767C_2143.bmp,Trajectories/2022-02-04/001_RR220204A_933C_0006.bmp,001_RR220204A_933C_0006.bmp,Twinned(2 x 1),2,HL,,2026-01-02T22:17:01.044711,200.0,368.0,Somewhat sure,Twinned(2 x 1),Trajectories/2022-02-04/001_RR220204A_933C_0006.bmp || Trajectories/2022-02-06/230_RR220206A_767C_2143.bmp,/content/rl_quantum_2026summer/data/original data/Trajectories/2022-02-06/230_RR220206A_767C_2143.bmp,/content/rl_quantum_2026summer/data/original data/Trajectories/2022-02-04/001_RR220204A_933C_0006.bmp,1,0.7
Trajectories/2022-02-04/319_RR220204A_918C_2037.bmp,319_RR220204A_918C_2037.bmp,Trajectories/2022-02-04/354_RR220204A_951C_2141.bmp,354_RR220204A_951C_2141.bmp,Twinned(2 x 1),1,HL,,2025-12-15T20:53:44.999029,,,,Twinned(2 x 1),Trajectories/2022-02-04/319_RR220204A_918C_2037.bmp || Trajectories/2022-02-04/354_RR220204A_951C_2141.bmp,/content/rl_quantum_2026summer/data/original data/Trajectories/2022-02-04/319_RR220204A_918C_2037.bmp,/content/rl_quantum_2026summer/data/original data/Trajectories/2022-02-04/354_RR220204A_951C_2141.bmp,1,1.0
Trajectories/2022-02-04/319_RR220204A_918C_2037.bmp,319_RR220204A_918C_2037.bmp,Trajectories/2022-02-04/354_RR220204A_951C_2141.bmp,354_RR220204A_951C_2141.bmp,(√13 x √13),2,HL,,2025-12-15T20:53:46.240690,,,,(√13 x √13),Trajectories/2022-02-04/319_RR220204A_918C_2037.bmp || Trajectories/2022-02-04/354_RR220204A_951C_2141.bmp,/content/rl_quantum_2026summer/data/original data/Trajectories/2022-02-04/319_RR220204A_918C_2037.bmp,/content/rl_quantum_2026summer/data/original data/Trajectories/2022-02-04/354_RR220204A_951C_2141.bmp,3,1.0
Trajectories/2022-02-04/319_RR220204A_918C_2037.bmp,319_RR220204A_918C_2037.bmp,Trajectories/2022-02-04/354_RR220204A_951C_2141.bmp,354_RR220204A_951C_2141.bmp,c(6 x 2),not_apply,HL,,2025-12-15T20:53:47.203783,,,,c(6 x 2),Trajectories/2022-02-04/319_RR220204A_918C_2037.bmp || Trajectories/2022-02-04/354_RR220204A_951C_2141.bmp,/content/rl_quantum_2026summer/data/original data/Trajectories/2022-02-04/319_RR220204A_918C_2037.bmp,/content/rl_quantum_2026summer/data/original data/Trajectories/2022-02-04/354_RR220204A_951C_2141.bmp,2,1.0
Trajectories/2022-02-04/319_RR220204A_918C_2037.bmp,319_RR220204A_918C_2037.bmp,Trajectories/2022-02-04/354_RR220204A_951C_2141.bmp,354_RR220204A_951C_2141.bmp,HTR,not_apply,HL,,2025-12-15T20:53:48.266445,,,,HTR,Trajectories/2022-02-04/319_RR220204A_918C_2037.bmp || Trajectories/2022-02-04/354_RR220204A_951C_2141.bmp,/content/rl_quantum_2026summer/data/original data/Trajectories/2022-02-04/319_RR220204A_918C_2037.bmp,/content/rl_quantum_2026summer/data/original data/Trajectories/2022-02-04/354_RR220204A_951C_2141.bmp,4,1.0
Trajectories/2022-02-04/319_RR220204A_918C_2037.bmp,319_RR220204A_918C_2037.bmp,Trajectories/2022-02-04/354_RR220204A_951C_2141.bmp,354_RR220204A_951C_2141.bmp,(1 x 1),not_apply,HL,,2025-12-15T20:53:49.408823,,,,(1 x 1),Trajectories/2022-02-04/319_RR220204A_918C_2037.bmp || Trajectories/2022-02-04/354_RR220204A_951C_2141.bmp,/content/rl_quantum_2026summer/data/original data/Trajectories/2022-02-04/319_RR220204A_918C_2037.bmp,/content/rl_quantum_2026summer/data/original data/Trajectories/2022-02-04/354_RR220204A_951C_2141.bmp,0,1.0
Trajectories/2022-02-04/320_RR220204A_915C_2039.bmp,320_RR220204A_915C_2039.bmp,Trajectories/2022-02-06/282_RR220206A_184C_2256.bmp,282_RR220206A_184C_2256.bmp,(√13 x √13),1,AJ,,2025-12-12T00:09:41.214684,,,,(√13 x √13),Trajectories/2022-02-04/320_RR220204A_915C_2039.bmp || Trajectories/2022-02-06/282_RR220206A_184C_2256.bmp,/content/rl_quantum_2026summer/data/original data/Trajectories/2022-02-04/320_RR220204A_915C_2039.bmp,/content/rl_quantum_2026summer/data/original data/Trajectories/2022-02-06/282_RR220206A_184C_2256.bmp,3,1.0
Trajectories/2022-02-04/320_RR220204A_915C_2039.bmp,320_RR220204A_915C_2039.bmp,Trajectories/2022-02-06/282_RR220206A_184C_2256.bmp,282_RR220206A_184C_2256.bmp,HTR,2,AJ,,2025-12-12T00:09:41.963238,,,,HTR,Trajectories/2022-02-04/320_RR220204A_915C_2039.bmp || Trajectories/2022-02-06/282_RR220206A_184C_2256.bmp,/content/rl_quantum_2026summer/data/original data/Trajectories/2022-02-04/320_RR220204A_915C_2039.bmp,/content/rl_quantum_2026summer/data/original data/Trajectories/2022-02-06/282_RR220206A_184C_2256.bmp,4,1.0
Trajectories/2022-02-06/271_RR220206A_425C_2242.bmp,271_RR220206A_425C_2242.bmp,Trajectories/2022-04-11/372_RR220411A_636C_1935.bmp,372_RR220411A_636C_1935.bmp,Twinned(2 x 1),not_apply,AJ,,2025-12-26T10:55:49.346388,218.0,220.0,Confident,Twinned(2 x 1),Trajectories/2022-02-06/271_RR220206A_425C_2242.bmp || Trajectories/2022-04-11/372_RR220411A_636C_1935.bmp,/content/rl_quantum_2026summer/data/original data/Trajectories/2022-02-06/271_RR220206A_425C_2242.bmp,/content/rl_quantum_2026summer/data/original data/Trajectories/2022-04-11/372_RR220411A_636C_1935.bmp,1,1.0
Trajectories/2022-02-06/271_RR220206A_425C_2242.bmp,271_RR220206A_425C_2242.bmp,Trajectories/2022-04-11/372_RR220411A_636C_1935.bmp,372_RR220411A_636C_1935.bmp,c(6 x 2),2,AJ,,2025-12-26T10:55:50.515210,218.0,220.0,Confident,c(6 x 2),Trajectories/2022-02-06/271_RR220206A_425C_2242.bmp || Trajectories/2022-04-11/372_RR220411A_636C_1935.bmp,/content/rl_quantum_2026summer/data/original data/Trajectories/2022-02-06/271_RR220206A_425C_2242.bmp,/content/rl_quantum_2026summer/data/original data/Trajectories/2022-04-11/372_RR220411A_636C_1935.bmp,2,1.0
Trajectories/2022-02-06/271_RR220206A_425C_2242.bmp,271_RR220206A_425C_2242.bmp,Trajectories/2022-04-11/372_RR220411A_636C_1935.bmp,372_RR220411A_636C_1935.bmp,(1 x 1),not_apply,AJ,,2025-12-26T10:55:51.570661,218.0,220.0,Confident,(1 x 1),Trajectories/2022-02-06/271_RR220206A_425C_2242.bmp || Trajectories/2022-04-11/372_RR220411A_636C_1935.bmp,/content/rl_quantum_2026summer/data/original data/Trajectories/2022-02-06/271_RR220206A_425C_2242.bmp,/content/rl_quantum_2026summer/data/original data/Trajectories/2022-04-11/372_RR220411A_636C_1935.bmp,0,1.0
Trajectories/2022-02-06/271_RR220206A_425C_2242.bmp,271_RR220206A_425C_2242.bmp,Trajectories/2022-04-11/372_RR220411A_636C_1935.bmp,372_RR220411A_636C_1935.bmp,(√13 x √13),2,AJ,,2025-12-26T10:55:52.728937,218.0,220.0,Confident,(√13 x √13),Trajectories/2022-02-06/271_RR220206A_425C_2242.bmp || Trajectories/2022-04-11/372_RR220411A_636C_1935.bmp,/content/rl_quantum_2026summer/data/original data/Trajectories/2022-02-06/271_RR220206A_425C_2242.bmp,/content/rl_quantum_2026summer/data/original data/Trajectories/2022-04-11/372_RR220411A_636C_1935.bmp,3,1.0
Trajectories/2022-02-04/019_RR220204A_981C_0126-01.bmp,019_RR220204A_981C_0126-01.bmp,Trajectories/2022-04-11/035_RR220411A_314C_1442.bmp,035_RR220411A_314C_1442.bmp,HTR,not_apply,HL,,2025-12-15T21:30:24.362722,,,,HTR,Trajectories/2022-02-04/019_RR220204A_981C_0126-01.bmp || Trajectories/2022-04-11/035_RR220411A_314C_1442.bmp,/content/rl_quantum_2026summer/data/original data/Trajectories/2022-02-04/019_RR220204A_981C_0126-01.bmp,/content/rl_quantum_2026summer/data/original data/Trajectories/2022-04-11/035_RR220411A_314C_1442.bmp,4,1.0
Trajectories/2022-02-04/019_RR220204A_981C_0126-01.bmp,019_RR220204A_981C_0126-01.bmp,Trajectories/2022-04-11/035_RR220411A_314C_1442.bmp,035_RR220411A_314C_1442.bmp,Twinned(2 x 1),1,HL,,2025-12-15T21:30:25.772467,,,,Twinned(2 x 1),Trajectories/2022-02-04/019_RR220204A_981C_0126-01.bmp || Trajectories/2022-04-11/035_RR220411A_314C_1442.bmp,/content/rl_quantum_2026summer/data/original data/Trajectories/2022-02-04/019_RR220204A_981C_0126-01.bmp,/content/rl_quantum_2026summer/data/original data/Trajectories/2022-04-11/035_RR220411A_314C_1442.bmp,1,1.0
Trajectories/2022-02-04/019_RR220204A_981C_0126-01.bmp,019_RR220204A_981C_0126-01.bmp,Trajectories/2022-04-11/035_RR220411A_314C_1442.bmp,035_RR220411A_314C_1442.bmp,(1 x 1),2,HL,,2025-12-15T21:30:26.991611,,,,(1 x 1),Trajectories/2022-02-04/019_RR220204A_981C_0126-01.bmp || Trajectories/2022-04-11/035_RR220411A_314C_1442.bmp,/content/rl_quantum_2026summer/data/original data/Trajectories/2022-02-04/019_RR220204A_981C_0126-01.bmp,/content/rl_quantum_2026summer/data/original data/Trajectories/2022-04-11/035_RR220411A_314C_1442.bmp,0,1.0
Trajectories/2022-02-04/019_RR220204A_981C_0126-01.bmp,019_RR220204A_981C_0126-01.bmp,Trajectories/2022-04-11/035_RR220411A_314C_1442.bmp,035_RR220411A_314C_1442.bmp,c(6 x 2),not_apply,HL,,2025-12-15T21:30:28.219463,,,,c(6 x 2),Trajectories/2022-02-04/019_RR220204A_981C_0126-01.bmp || Trajectories/2022-04-11/035_RR220411A_314C_1442.bmp,/content/rl_quantum_2026summer/data/original data/Trajectories/2022-02-04/019_RR220204A_981C_0126-01.bmp,/content/rl_quantum_2026summer/data/original data/Trajectories/2022-04-11/035_RR220411A_314C_1442.bmp,2,1.0
Trajectories/2022-02-04/019_RR220204A_981C_0126-01.bmp,019_RR220204A_981C_0126-01.bmp,Trajectories/2022-04-11/035_RR220411A_314C_1442.bmp,035_RR220411A_314C_1442.bmp,(√13 x √13),1,HL,,2025-12-15T21:30:29.483515,,,,(√13 x √13),Trajectories/2022-02-04/019_RR220204A_981C_0126-01.bmp || Trajectories/2022-04-11/035_RR220411A_314C_1442.bmp,/content/rl_quantum_2026summer/data/original data/Trajectories/2022-02-04/019_RR220204A_981C_0126-01.bmp,/content/rl_quantum_2026summer/data/original data/Trajectories/2022-04-11/035_RR220411A_314C_1442.bmp,3,1.0
Trajectories/2022-02-04/303_RR220204A_917C_2021.bmp,303_RR220204A_917C_2021.bmp,Trajectories/2022-04-11/226_RR220411A_873C_1725.bmp,226_RR220411A_873C_1725.bmp,c(6 x 2),tie,AJ,,2025-12-26T08:12:58.531056,335.0,204.0,Confident,c(6 x 2),Trajectories/2022-02-04/303_RR220204A_917C_2021.bmp || Trajectories/2022-04-11/226_RR220411A_873C_1725.bmp,/content/rl_quantum_2026summer/data/original data/Trajectories/2022-02-04/303_RR220204A_917C_2021.bmp,/content/rl_quantum_2026summer/data/original data/Trajectories/2022-04-11/226_RR220411A_873C_1725.bmp,2,1.0
Trajectories/2022-02-04/303_RR220204A_917C_2021.bmp,303_RR220204A_917C_2021.bmp,Trajectories/2022-04-11/226_RR220411A_873C_1725.bmp,226_RR220411A_873C_1725.bmp,(√13 x √13),tie,AJ,,2025-12-26T08:12:59.493280,335.0,204.0,Confident,(√13 x √13),Trajectories/2022-02-04/303_RR220204A_917C_2021.bmp || Trajectories/2022-04-11/226_RR220411A_873C_1725.bmp,/content/rl_quantum_2026summer/data/original data/Trajectories/2022-02-04/303_RR220204A_917C_2021.bmp,/content/rl_quantum_2026summer/data/original data/Trajectories/2022-04-11/226_RR220411A_873C_1725.bmp,3,1.0
Trajectories/2022-02-04/303_RR220204A_917C_2021.bmp,303_RR220204A_917C_2021.bmp,Trajectories/2022-04-11/226_RR220411A_873C_1725.bmp,226_RR220411A_873C_1725.bmp,(1 x 1),not_apply,AJ,,2025-12-26T08:13:00.440229,335.0,204.0,Confident,(1 x 1),Trajectories/2022-02-04/303_RR220204A_917C_2021.bmp || Trajectories/2022-04-11/226_RR220411A_873C_1725.bmp,/content/rl_quantum_2026summer/data/original data/Trajectories/2022-02-04/303_RR220204A_917C_2021.bmp,/content/rl_quantum_2026summer/data/original data/Trajectories/2022-04-11/226_RR220411A_873C_1725.bmp,0,1.0
Trajectories/2022-02-04/303_RR220204A_917C_2021.bmp,303_RR220204A_917C_2021.bmp,Trajectories/2022-04-11/226_RR220411A_873C_1725.bmp,226_RR220411A_873C_1725.bmp,HTR,not_apply,AJ,,2025-12-26T08:13:01.588867,335.0,204.0,Confident,HTR,Trajectories/2022-02-04/303_RR220204A_917C_2021.bmp || Trajectories/2022-04-11/226_RR220411A_873C_1725.bmp,/content/rl_quantum_2026summer/data/original data/Trajectories/2022-02-04/303_RR220204A_917C_2021.bmp,/content/rl_quantum_2026summer/data/original data/Trajectories/2022-04-11/226_RR220411A_873C_1725.bmp,4,1.0
Trajectories/2022-02-04/303_RR220204A_917C_2021.bmp,303_RR220204A_917C_2021.bmp,Trajectories/2022-04-11/226_RR220411A_873C_1725.bmp,226_RR220411A_873C_1725.bmp,Twinned(2 x 1),not_apply,AJ,,2025-12-26T08:13:02.569286,335.0,204.0,Confident,Twinned(2 x 1),Trajectories/2022-02-04/303_RR220204A_917C_2021.bmp || Trajectories/2022-04-11/226_RR220411A_873C_1725.bmp,/content/rl_quantum_2026summer/data/original data/Trajectories/2022-02-04/303_RR220204A_917C_2021.bmp,/content/rl_quantum_2026summer/data/original data/Trajectories/2022-04-11/226_RR220411A_873C_1725.bmp,1,1.0
Trajectories/2022-02-06/055_RR220206A_239C_1742.bmp,055_RR220206A_239C_1742.bmp,Trajectories/2022-04-11/409_RR220411A_474C_1953.bmp,409_RR220411A_474C_1953.bmp,(1 x 1),2,SY,,2025-12-14 08:53:40,,,,(1 x 1),Trajectories/2022-02-06/055_RR220206A_239C_1742.bmp || Trajectories/2022-04-11/409_RR220411A_474C_1953.bmp,/content/rl_quantum_2026summer/data/original data/Trajectories/2022-02-06/055_RR220206A_239C_1742.bmp,/content/rl_quantum_2026summer/data/original data/Trajectories/2022-04-11/409_RR220411A_474C_1953.bmp,0,1.0
Trajectories/2022-02-06/055_RR220206A_239C_1742.bmp,055_RR220206A_239C_1742.bmp,Trajectories/2022-04-11/409_RR220411A_474C_1953.bmp,409_RR220411A_474C_1953.bmp,(√13 x √13),2,SY,,2025-12-14 08:53:40,,,,(√13 x √13),Trajectories/2022-02-06/055_RR220206A_239C_1742.bmp || Trajectories/2022-04-11/409_RR220411A_474C_1953.bmp,/content/rl_quantum_2026summer/data/original data/Trajectories/2022-02-06/055_RR220206A_239C_1742.bmp,/content/rl_quantum_2026summer/data/original data/Trajectories/2022-04-11/409_RR220411A_474C_1953.bmp,3,1.0
Trajectories/2022-02-06/055_RR220206A_239C_1742.bmp,055_RR220206A_239C_1742.bmp,Trajectories/2022-04-11/409_RR220411A_474C_1953.bmp,409_RR220411A_474C_1953.bmp,HTR,not_apply,SY,,2025-12-14 08:53:40,,,,HTR,Trajectories/2022-02-06/055_RR220206A_239C_1742.bmp || Trajectories/2022-04-11/409_RR220411A_474C_1953.bmp,/content/rl_quantum_2026summer/data/original data/Trajectories/2022-02-06/055_RR220206A_239C_1742.bmp,/content/rl_quantum_2026summer/data/original data/Trajectories/2022-04-11/409_RR220411A_474C_1953.bmp,4,1.0
Trajectories/2022-02-06/055_RR220206A_239C_1742.bmp,055_RR220206A_239C_1742.bmp,Trajectories/2022-04-11/409_RR220411A_474C_1953.bmp,409_RR220411A_474C_1953.bmp,c(6 x 2),2,SY,,2025-12-14 08:53:40,,,,c(6 x 2),Trajectories/2022-02-06/055_RR220206A_239C_1742.bmp || Trajectories/2022-04-11/409_RR220411A_474C_1953.bmp,/content/rl_quantum_2026summer/data/original data/Trajectories/2022-02-06/055_RR220206A_239C_1742.bmp,/content/rl_quantum_2026summer/data/original data/Trajectories/2022-04-11/409_RR220411A_474C_1953.bmp,2,1.0
Trajectories/2022-02-06/055_RR220206A_239C_1742.bmp,055_RR220206A_239C_1742.bmp,Trajectories/2022-04-11/409_RR220411A_474C_1953.bmp,409_RR220411A_474C_1953.bmp,Twinned(2 x 1),not_apply,SY,,2025-12-14 08:53:40,,,,Twinned(2 x 1),Trajectories/2022-02-06/055_RR220206A_239C_1742.bmp || Trajectories/2022-04-11/409_RR220411A_474C_1953.bmp,/content/rl_quantum_2026summer/data/original data/Trajectories/2022-02-06/055_RR220206A_239C_1742.bmp,/content/rl_quantum_2026summer/data/original data/Trajectories/2022-04-11/409_RR220411A_474C_1953.bmp,1,1.0
Trajectories/2022-02-06/049_RR220206A_205C_1737.bmp,049_RR220206A_205C_1737.bmp,Trajectories/2022-04-11/356_RR220411A_685C_1925.bmp,356_RR220411A_685C_1925.bmp,HTR,not_apply,HL,,2025-12-15T21:27:41.883575,,,,HTR,Trajectories/2022-02-06/049_RR220206A_205C_1737.bmp || Trajectories/2022-04-11/356_RR220411A_685C_1925.bmp,/content/rl_quantum_2026summer/data/original data/Trajectories/2022-02-06/049_RR220206A_205C_1737.bmp,/content/rl_quantum_2026summer/data/original data/Trajectories/2022-04-11/356_RR220411A_685C_1925.bmp,4,1.0
Trajectories/2022-02-06/049_RR220206A_205C_1737.bmp,049_RR220206A_205C_1737.bmp,Trajectories/2022-04-11/356_RR220411A_685C_1925.bmp,356_RR220411A_685C_1925.bmp,Twinned(2 x 1),not_apply,HL,,2025-12-15T21:27:43.042098,,,,Twinned(2 x 1),Trajectories/2022-02-06/049_RR220206A_205C_1737.bmp || Trajectories/2022-04-11/356_RR220411A_685C_1925.bmp,/content/rl_quantum_2026summer/data/original data/Trajectories/2022-02-06/049_RR220206A_205C_1737.bmp,/content/rl_quantum_2026summer/data/original data/Trajectories/2022-04-11/356_RR220411A_685C_1925.bmp,1,1.0
Trajectories/2022-02-06/049_RR220206A_205C_1737.bmp,049_RR220206A_205C_1737.bmp,Trajectories/2022-04-11/356_RR220411A_685C_1925.bmp,356_RR220411A_685C_1925.bmp,(√13 x √13),2,HL,,2025-12-15T21:27:44.078270,,,,(√13 x √13),Trajectories/2022-02-06/049_RR220206A_205C_1737.bmp || Trajectories/2022-04-11/356_RR220411A_685C_1925.bmp,/content/rl_quantum_2026summer/data/original data/Trajectories/2022-02-06/049_RR220206A_205C_1737.bmp,/content/rl_quantum_2026summer/data/original data/Trajectories/2022-04-11/356_RR220411A_685C_1925.bmp,3,1.0
Trajectories/2022-02-06/049_RR220206A_205C_1737.bmp,049_RR220206A_205C_1737.bmp,Trajectories/2022-04-11/356_RR220411A_685C_1925.bmp,356_RR220411A_685C_1925.bmp,(1 x 1),1,HL,,2025-12-15T21:27:45.111980,,,,(1 x 1),Trajectories/2022-02-06/049_RR220206A_205C_1737.bmp || Trajectories/2022-04-11/356_RR220411A_685C_1925.bmp,/content/rl_quantum_2026summer/data/original data/Trajectories/2022-02-06/049_RR220206A_205C_1737.bmp,/content/rl_quantum_2026summer/data/original data/Trajectories/2022-04-11/356_RR220411A_685C_1925.bmp,0,1.0
Trajectories/2022-02-06/049_RR220206A_205C_1737.bmp,049_RR220206A_205C_1737.bmp,Trajectories/2022-04-11/356_RR220411A_685C_1925.bmp,356_RR220411A_685C_1925.bmp,c(6 x 2),2,HL,,2025-12-15T21:27:46.368830,,,,c(6 x 2),Trajectories/2022-02-06/049_RR220206A_205C_1737.bmp || Trajectories/2022-04-11/356_RR220411A_685C_1925.bmp,/content/rl_quantum_2026summer/data/original data/Trajectories/2022-02-06/049_RR220206A_205C_1737.bmp,/content/rl_quantum_2026summer/data/original data/Trajectories/2022-04-11/356_RR220411A_685C_1925.bmp,2,1.0
Trajectories/2022-02-06/048_RR220206A_175C_1736.bmp,048_RR220206A_175C_1736.bmp,Trajectories/2022-04-11/189_RR220411A_822C_1703.bmp,189_RR220411A_822C_1703.bmp,HTR,not_apply,HL,,2026-01-06T21:47:08.538700,324.0,287.0,Confident,HTR,Trajectories/2022-02-06/048_RR220206A_175C_1736.bmp || Trajectories/2022-04-11/189_RR220411A_822C_1703.bmp,/content/rl_quantum_2026summer/data/original data/Trajectories/2022-02-06/048_RR220206A_175C_1736.bmp,/content/rl_quantum_2026summer/data/original data/Trajectories/2022-04-11/189_RR220411A_822C_1703.bmp,4,1.0
Trajectories/2022-02-06/048_RR220206A_175C_1736.bmp,048_RR220206A_175C_1736.bmp,Trajectories/2022-04-11/189_RR220411A_822C_1703.bmp,189_RR220411A_822C_1703.bmp,Twinned(2 x 1),not_apply,HL,,2026-01-06T21:47:09.296451,324.0,287.0,Confident,Twinned(2 x 1),Trajectories/2022-02-06/048_RR220206A_175C_1736.bmp || Trajectories/2022-04-11/189_RR220411A_822C_1703.bmp,/content/rl_quantum_2026summer/data/original data/Trajectories/2022-02-06/048_RR220206A_175C_1736.bmp,/content/rl_quantum_2026summer/data/original data/Trajectories/2022-04-11/189_RR220411A_822C_1703.bmp,1,1.0
Trajectories/2022-02-06/048_RR220206A_175C_1736.bmp,048_RR220206A_175C_1736.bmp,Trajectories/2022-04-11/189_RR220411A_822C_1703.bmp,189_RR220411A_822C_1703.bmp,(1 x 1),tie,HL,,2026-01-06T21:47:10.047898,324.0,287.0,Confident,(1 x 1),Trajectories/2022-02-06/048_RR220206A_175C_1736.bmp || Trajectories/2022-04-11/189_RR220411A_822C_1703.bmp,/content/rl_quantum_2026summer/data/original data/Trajectories/2022-02-06/048_RR220206A_175C_1736.bmp,/content/rl_quantum_2026summer/data/original data/Trajectories/2022-04-11/189_RR220411A_822C_1703.bmp,0,1.0
Trajectories/2022-02-06/048_RR220206A_175C_1736.bmp,048_RR220206A_175C_1736.bmp,Trajectories/2022-04-11/189_RR220411A_822C_1703.bmp,189_RR220411A_822C_1703.bmp,(√13 x √13),not_apply,HL,,2026-01-06T21:47:10.790309,324.0,287.0,Confident,(√13 x √13),Trajectories/2022-02-06/048_RR220206A_175C_1736.bmp || Trajectories/2022-04-11/189_RR220411A_822C_1703.bmp,/content/rl_quantum_2026summer/data/original data/Trajectories/2022-02-06/048_RR220206A_175C_1736.bmp,/content/rl_quantum_2026summer/data/original data/Trajectories/2022-04-11/189_RR220411A_822C_1703.bmp,3,1.0
Trajectories/2022-02-06/048_RR220206A_175C_1736.bmp,048_RR220206A_175C_1736.bmp,Trajectories/2022-04-11/189_RR220411A_822C_1703.bmp,189_RR220411A_822C_1703.bmp,c(6 x 2),not_apply,HL,,2026-01-06T21:47:11.586590,324.0,287.0,Confident,c(6 x 2),Trajectories/2022-02-06/048_RR220206A_175C_1736.bmp || Trajectories/2022-04-11/189_RR220411A_822C_1703.bmp,/content/rl_quantum_2026summer/data/original data/Trajectories/2022-02-06/048_RR220206A_175C_1736.bmp,/content/rl_quantum_2026summer/data/original data/Trajectories/2022-04-11/189_RR220411A_822C_1703.bmp,2,1.0
Trajectories/2022-02-04/213_RR220204A_668C_1847.bmp,213_RR220204A_668C_1847.bmp,Trajectories/2022-02-04/209_RR220204A_637C_1845.bmp,209_RR220204A_637C_1845.bmp,(√13 x √13),tie,HL,,2026-01-05T23:22:59.774545,274.0,280.0,Confident,(√13 x √13),Trajectories/2022-02-04/209_RR220204A_637C_1845.bmp || Trajectories/2022-02-04/213_RR220204A_668C_1847.bmp,/content/rl_quantum_2026summer/data/original data/Trajectories/2022-02-04/213_RR220204A_668C_1847.bmp,/content/rl_quantum_2026summer/data/original data/Trajectories/2022-02-04/209_RR220204A_637C_1845.bmp,3,1.0
Trajectories/2022-02-04/213_RR220204A_668C_1847.bmp,213_RR220204A_668C_1847.bmp,Trajectories/2022-02-04/209_RR220204A_637C_1845.bmp,209_RR220204A_637C_1845.bmp,HTR,not_apply,HL,,2026-01-05T23:23:00.787403,274.0,280.0,Confident,HTR,Trajectories/2022-02-04/209_RR220204A_637C_1845.bmp || Trajectories/2022-02-04/213_RR220204A_668C_1847.bmp,/content/rl_quantum_2026summer/data/original data/Trajectories/2022-02-04/213_RR220204A_668C_1847.bmp,/content/rl_quantum_2026summer/data/original data/Trajectories/2022-02-04/209_RR220204A_637C_1845.bmp,4,1.0
Trajectories/2022-02-04/213_RR220204A_668C_1847.bmp,213_RR220204A_668C_1847.bmp,Trajectories/2022-02-04/209_RR220204A_637C_1845.bmp,209_RR220204A_637C_1845.bmp,(1 x 1),tie,HL,,2026-01-05T23:23:01.841026,274.0,280.0,Confident,(1 x 1),Trajectories/2022-02-04/209_RR220204A_637C_1845.bmp || Trajectories/2022-02-04/213_RR220204A_668C_1847.bmp,/content/rl_quantum_2026summer/data/original data/Trajectories/2022-02-04/213_RR220204A_668C_1847.bmp,/content/rl_quantum_2026summer/data/original data/Trajectories/2022-02-04/209_RR220204A_637C_1845.bmp,0,1.0
Trajectories/2022-02-04/213_RR220204A_668C_1847.bmp,213_RR220204A_668C_1847.bmp,Trajectories/2022-02-04/209_RR220204A_637C_1845.bmp,209_RR220204A_637C_1845.bmp,c(6 x 2),not_apply,HL,,2026-01-05T23:23:02.901547,274.0,280.0,Confident,c(6 x 2),Trajectories/2022-02-04/209_RR220204A_637C_1845.bmp || Trajectories/2022-02-04/213_RR220204A_668C_1847.bmp,/content/rl_quantum_2026summer/data/original data/Trajectories/2022-02-04/213_RR220204A_668C_1847.bmp,/content/rl_quantum_2026summer/data/original data/Trajectories/2022-02-04/209_RR220204A_637C_1845.bmp,2,1.0
Trajectories/2022-02-04/213_RR220204A_668C_1847.bmp,213_RR220204A_668C_1847.bmp,Trajectories/2022-02-04/209_RR220204A_637C_1845.bmp,209_RR220204A_637C_1845.bmp,Twinned(2 x 1),tie,HL,,2026-01-05T23:23:04.075496,274.0,280.0,Confident,Twinned(2 x 1),Trajectories/2022-02-04/209_RR220204A_637C_1845.bmp || Trajectories/2022-02-04/213_RR220204A_668C_1847.bmp,/content/rl_quantum_2026summer/data/original data/Trajectories/2022-02-04/213_RR220204A_668C_1847.bmp,/content/rl_quantum_2026summer/data/original data/Trajectories/2022-02-04/209_RR220204A_637C_1845.bmp,1,1.0
Trajectories/2022-02-06/090_RR220206A_568C_1828.bmp,090_RR220206A_568C_1828.bmp,Trajectories/2022-04-11/149_RR220411A_676C_1619.bmp,149_RR220411A_676C_1619.bmp,Twinned(2 x 1),not_apply,AJ,,2025-12-26T08:43:42.692604,193.0,205.0,Confident,Twinned(2 x 1),Trajectories/2022-02-06/090_RR220206A_568C_1828.bmp || Trajectories/2022-04-11/149_RR220411A_676C_1619.bmp,/content/rl_quantum_2026summer/data/original data/Trajectories/2022-02-06/090_RR220206A_568C_1828.bmp,/content/rl_quantum_2026summer/data/original data/Trajectories/2022-04-11/149_RR220411A_676C_1619.bmp,1,1.0
Trajectories/2022-02-06/090_RR220206A_568C_1828.bmp,090_RR220206A_568C_1828.bmp,Trajectories/2022-04-11/149_RR220411A_676C_1619.bmp,149_RR220411A_676C_1619.bmp,c(6 x 2),not_apply,AJ,,2025-12-26T08:43:44.051930,193.0,205.0,Confident,c(6 x 2),Trajectories/2022-02-06/090_RR220206A_568C_1828.bmp || Trajectories/2022-04-11/149_RR220411A_676C_1619.bmp,/content/rl_quantum_2026summer/data/original data/Trajectories/2022-02-06/090_RR220206A_568C_1828.bmp,/content/rl_quantum_2026summer/data/original data/Trajectories/2022-04-11/149_RR220411A_676C_1619.bmp,2,1.0
Trajectories/2022-02-06/090_RR220206A_568C_1828.bmp,090_RR220206A_568C_1828.bmp,Trajectories/2022-04-11/149_RR220411A_676C_1619.bmp,149_RR220411A_676C_1619.bmp,(√13 x √13),not_apply,AJ,,2025-12-26T08:43:45.039194,193.0,205.0,Confident,(√13 x √13),Trajectories/2022-02-06/090_RR220206A_568C_1828.bmp || Trajectories/2022-04-11/149_RR220411A_676C_1619.bmp,/content/rl_quantum_2026summer/data/original data/Trajectories/2022-02-06/090_RR220206A_568C_1828.bmp,/content/rl_quantum_2026summer/data/original data/Trajectories/2022-04-11/149_RR220411A_676C_1619.bmp,3,1.0
Trajectories/2022-02-06/090_RR220206A_568C_1828.bmp,090_RR220206A_568C_1828.bmp,Trajectories/2022-04-11/149_RR220411A_676C_1619.bmp,149_RR220411A_676C_1619.bmp,(1 x 1),tie,AJ,,2025-12-26T08:43:45.922115,193.0,205.0,Confident,(1 x 1),Trajectories/2022-02-06/090_RR220206A_568C_1828.bmp || Trajectories/2022-04-11/149_RR220411A_676C_1619.bmp,/content/rl_quantum_2026summer/data/original data/Trajectories/2022-02-06/090_RR220206A_568C_1828.bmp,/content/rl_quantum_2026summer/data/original data/Trajectories/2022-04-11/149_RR220411A_676C_1619.bmp,0,1.0
Trajectories/2022-02-06/090_RR220206A_568C_1828.bmp,090_RR220206A_568C_1828.bmp,Trajectories/2022-04-11/149_RR220411A_676C_1619.bmp,149_RR220411A_676C_1619.bmp,HTR,not_apply,AJ,,2025-12-26T08:43:46.831986,193.0,205.0,Confident,HTR,Trajectories/2022-02-06/090_RR220206A_568C_1828.bmp || Trajectories/2022-04-11/149_RR220411A_676C_1619.bmp,/content/rl_quantum_2026summer/data/original data/Trajectories/2022-02-06/090_RR220206A_568C_1828.bmp,/content/rl_quantum_2026summer/data/original data/Trajectories/2022-04-11/149_RR220411A_676C_1619.bmp,4,1.0
Trajectories/2022-02-04/253_RR220204A_782C_1923.bmp,253_RR220204A_782C_1923.bmp,Trajectories/2022-02-06/262_RR220206A_540C_2228.bmp,262_RR220206A_540C_2228.bmp,Twinned(2 x 1),not_apply,AJ,,2025-12-26T08:13:53.511971,195.0,189.0,Confident,Twinned(2 x 1),Trajectories/2022-02-04/253_RR220204A_782C_1923.bmp || Trajectories/2022-02-06/262_RR220206A_540C_2228.bmp,/content/rl_quantum_2026summer/data/original data/Trajectories/2022-02-04/253_RR220204A_782C_1923.bmp,/content/rl_quantum_2026summer/data/original data/Trajectories/2022-02-06/262_RR220206A_540C_2228.bmp,1,1.0
Trajectories/2022-02-04/253_RR220204A_782C_1923.bmp,253_RR220204A_782C_1923.bmp,Trajectories/2022-02-06/262_RR220206A_540C_2228.bmp,262_RR220206A_540C_2228.bmp,(1 x 1),not_apply,AJ,,2025-12-26T08:13:54.489680,195.0,189.0,Confident,(1 x 1),Trajectories/2022-02-04/253_RR220204A_782C_1923.bmp || Trajectories/2022-02-06/262_RR220206A_540C_2228.bmp,/content/rl_quantum_2026summer/data/original data/Trajectories/2022-02-04/253_RR220204A_782C_1923.bmp,/content/rl_quantum_2026summer/data/original data/Trajectories/2022-02-06/262_RR220206A_540C_2228.bmp,0,1.0
Trajectories/2022-02-04/253_RR220204A_782C_1923.bmp,253_RR220204A_782C_1923.bmp,Trajectories/2022-02-06/262_RR220206A_540C_2228.bmp,262_RR220206A_540C_2228.bmp,c(6 x 2),1,AJ,,2025-12-26T08:13:55.345250,195.0,189.0,Confident,c(6 x 2),Trajectories/2022-02-04/253_RR220204A_782C_1923.bmp || Trajectories/2022-02-06/262_RR220206A_540C_2228.bmp,/content/rl_quantum_2026summer/data/original data/Trajectories/2022-02-04/253_RR220204A_782C_1923.bmp,/content/rl_quantum_2026summer/data/original data/Trajectories/2022-02-06/262_RR220206A_540C_2228.bmp,2,1.0
Trajectories/2022-02-04/253_RR220204A_782C_1923.bmp,253_RR220204A_782C_1923.bmp,Trajectories/2022-02-06/262_RR220206A_540C_2228.bmp,262_RR220206A_540C_2228.bmp,HTR,2,AJ,,2025-12-26T08:13:56.276916,195.0,189.0,Confident,HTR,Trajectories/2022-02-04/253_RR220204A_782C_1923.bmp || Trajectories/2022-02-06/262_RR220206A_540C_2228.bmp,/content/rl_quantum_2026summer/data/original data/Trajectories/2022-02-04/253_RR220204A_782C_1923.bmp,/content/rl_quantum_2026summer/data/original data/Trajectories/2022-02-06/262_RR220206A_540C_2228.bmp,4,1.0
Trajectories/2022-02-04/253_RR220204A_782C_1923.bmp,253_RR220204A_782C_1923.bmp,Trajectories/2022-02-06/262_RR220206A_540C_2228.bmp,262_RR220206A_540C_2228.bmp,(√13 x √13),1,AJ,,2025-12-26T08:13:57.216913,195.0,189.0,Confident,(√13 x √13),Trajectories/2022-02-04/253_RR220204A_782C_1923.bmp || Trajectories/2022-02-06/262_RR220206A_540C_2228.bmp,/content/rl_quantum_2026summer/data/original data/Trajectories/2022-02-04/253_RR220204A_782C_1923.bmp,/content/rl_quantum_2026summer/data/original data/Trajectories/2022-02-06/262_RR220206A_540C_2228.bmp,3,1.0
Trajectories/2022-02-04/334_RR220204A_939C_2101.bmp,334_RR220204A_939C_2101.bmp,Trajectories/2022-04-11/386_RR220411A_580C_1943.bmp,386_RR220411A_580C_1943.bmp,(√13 x √13),2,HL,,2025-12-15T21:05:38.049744,,,,(√13 x √13),Trajectories/2022-02-04/334_RR220204A_939C_2101.bmp || Trajectories/2022-04-11/386_RR220411A_580C_1943.bmp,/content/rl_quantum_2026summer/data/original data/Trajectories/2022-02-04/334_RR220204A_939C_2101.bmp,/content/rl_quantum_2026summer/data/original data/Trajectories/2022-04-11/386_RR220411A_580C_1943.bmp,3,1.0
Trajectories/2022-02-04/334_RR220204A_939C_2101.bmp,334_RR220204A_939C_2101.bmp,Trajectories/2022-04-11/386_RR220411A_580C_1943.bmp,386_RR220411A_580C_1943.bmp,Twinned(2 x 1),1,HL,,2025-12-15T21:05:39.303491,,,,Twinned(2 x 1),Trajectories/2022-02-04/334_RR220204A_939C_2101.bmp || Trajectories/2022-04-11/386_RR220411A_580C_1943.bmp,/content/rl_quantum_2026summer/data/original data/Trajectories/2022-02-04/334_RR220204A_939C_2101.bmp,/content/rl_quantum_2026summer/data/original data/Trajectories/2022-04-11/386_RR220411A_580C_1943.bmp,1,1.0
Trajectories/2022-02-04/334_RR220204A_939C_2101.bmp,334_RR220204A_939C_2101.bmp,Trajectories/2022-04-11/386_RR220411A_580C_1943.bmp,386_RR220411A_580C_1943.bmp,(1 x 1),not_apply,HL,,2025-12-15T21:05:40.524589,,,,(1 x 1),Trajectories/2022-02-04/334_RR220204A_939C_2101.bmp || Trajectories/2022-04-11/386_RR220411A_580C_1943.bmp,/content/rl_quantum_2026summer/data/original data/Trajectories/2022-02-04/334_RR220204A_939C_2101.bmp,/content/rl_quantum_2026summer/data/original data/Trajectories/2022-04-11/386_RR220411A_580C_1943.bmp,0,1.0
Trajectories/2022-02-04/334_RR220204A_939C_2101.bmp,334_RR220204A_939C_2101.bmp,Trajectories/2022-04-11/386_RR220411A_580C_1943.bmp,386_RR220411A_580C_1943.bmp,c(6 x 2),2,HL,,2025-12-15T21:05:41.574937,,,,c(6 x 2),Trajectories/2022-02-04/334_RR220204A_939C_2101.bmp || Trajectories/2022-04-11/386_RR220411A_580C_1943.bmp,/content/rl_quantum_2026summer/data/original data/Trajectories/2022-02-04/334_RR220204A_939C_2101.bmp,/content/rl_quantum_2026summer/data/original data/Trajectories/2022-04-11/386_RR220411A_580C_1943.bmp,2,1.0
Trajectories/2022-02-04/334_RR220204A_939C_2101.bmp,334_RR220204A_939C_2101.bmp,Trajectories/2022-04-11/386_RR220411A_580C_1943.bmp,386_RR220411A_580C_1943.bmp,HTR,not_apply,HL,,2025-12-15T21:05:42.633171,,,,HTR,Trajectories/2022-02-04/334_RR220204A_939C_2101.bmp || Trajectories/2022-04-11/386_RR220411A_580C_1943.bmp,/content/rl_quantum_2026summer/data/original data/Trajectories/2022-02-04/334_RR220204A_939C_2101.bmp,/content/rl_quantum_2026summer/data/original data/Trajectories/2022-04-11/386_RR220411A_580C_1943.bmp,4,1.0
Trajectories/2022-04-11/437_RR220411A_345C_2004.bmp,437_RR220411A_345C_2004.bmp,Trajectories/2022-02-04/181_RR220204A_572C_1825.bmp,181_RR220204A_572C_1825.bmp,c(6 x 2),1,HL,,2025-12-15T21:07:11.235892,,,,c(6 x 2),Trajectories/2022-02-04/181_RR220204A_572C_1825.bmp || Trajectories/2022-04-11/437_RR220411A_345C_2004.bmp,/content/rl_quantum_2026summer/data/original data/Trajectories/2022-04-11/437_RR220411A_345C_2004.bmp,/content/rl_quantum_2026summer/data/original data/Trajectories/2022-02-04/181_RR220204A_572C_1825.bmp,2,1.0
Trajectories/2022-04-11/437_RR220411A_345C_2004.bmp,437_RR220411A_345C_2004.bmp,Trajectories/2022-02-04/181_RR220204A_572C_1825.bmp,181_RR220204A_572C_1825.bmp,HTR,not_apply,HL,,2025-12-15T21:07:12.137885,,,,HTR,Trajectories/2022-02-04/181_RR220204A_572C_1825.bmp || Trajectories/2022-04-11/437_RR220411A_345C_2004.bmp,/content/rl_quantum_2026summer/data/original data/Trajectories/2022-04-11/437_RR220411A_345C_2004.bmp,/content/rl_quantum_2026summer/data/original data/Trajectories/2022-02-04/181_RR220204A_572C_1825.bmp,4,1.0
Trajectories/2022-04-11/437_RR220411A_345C_2004.bmp,437_RR220411A_345C_2004.bmp,Trajectories/2022-02-04/181_RR220204A_572C_1825.bmp,181_RR220204A_572C_1825.bmp,(1 x 1),not_apply,HL,,2025-12-15T21:07:13.104534,,,,(1 x 1),Trajectories/2022-02-04/181_RR220204A_572C_1825.bmp || Trajectories/2022-04-11/437_RR220411A_345C_2004.bmp,/content/rl_quantum_2026summer/data/original data/Trajectories/2022-04-11/437_RR220411A_345C_2004.bmp,/content/rl_quantum_2026summer/data/original data/Trajectories/2022-02-04/181_RR220204A_572C_1825.bmp,0,1.0
Trajectories/2022-04-11/437_RR220411A_345C_2004.bmp,437_RR220411A_345C_2004.bmp,Trajectories/2022-02-04/181_RR220204A_572C_1825.bmp,181_RR220204A_572C_1825.bmp,(√13 x √13),1,HL,,2025-12-15T21:07:14.262371,,,,(√13 x √13),Trajectories/2022-02-04/181_RR220204A_572C_1825.bmp || Trajectories/2022-04-11/437_RR220411A_345C_2004.bmp,/content/rl_quantum_2026summer/data/original data/Trajectories/2022-04-11/437_RR220411A_345C_2004.bmp,/content/rl_quantum_2026summer/data/original data/Trajectories/2022-02-04/181_RR220204A_572C_1825.bmp,3,1.0
Trajectories/2022-04-11/437_RR220411A_345C_2004.bmp,437_RR220411A_345C_2004.bmp,Trajectories/2022-02-04/181_RR220204A_572C_1825.bmp,181_RR220204A_572C_1825.bmp,Twinned(2 x 1),2,HL,,2025-12-15T21:07:15.202419,,,,Twinned(2 x 1),Trajectories/2022-02-04/181_RR220204A_572C_1825.bmp || Trajectories/2022-04-11/437_RR220411A_345C_2004.bmp,/content/rl_quantum_2026summer/data/original data/Trajectories/2022-04-11/437_RR220411A_345C_2004.bmp,/content/rl_quantum_2026summer/data/original data/Trajectories/2022-02-04/181_RR220204A_572C_1825.bmp,1,1.0
Trajectories/2022-02-04/242_RR220204A_720C_1911.bmp,242_RR220204A_720C_1911.bmp,Trajectories/2022-02-04/029_RR220204A_808C_0135.bmp,029_RR220204A_808C_0135.bmp,(√13 x √13),tie,Jiangang,,2026-01-05T15:52:33.769721,309.0,298.0,Confident,(√13 x √13),Trajectories/2022-02-04/029_RR220204A_808C_0135.bmp || Trajectories/2022-02-04/242_RR220204A_720C_1911.bmp,/content/rl_quantum_2026summer/data/original data/Trajectories/2022-02-04/242_RR220204A_720C_1911.bmp,/content/rl_quantum_2026summer/data/original data/Trajectories/2022-02-04/029_RR220204A_808C_0135.bmp,3,1.0
Trajectories/2022-02-04/242_RR220204A_720C_1911.bmp,242_RR220204A_720C_1911.bmp,Trajectories/2022-02-04/029_RR220204A_808C_0135.bmp,029_RR220204A_808C_0135.bmp,(1 x 1),not_apply,Jiangang,,2026-01-05T15:52:34.903693,309.0,298.0,Confident,(1 x 1),Trajectories/2022-02-04/029_RR220204A_808C_0135.bmp || Trajectories/2022-02-04/242_RR220204A_720C_1911.bmp,/content/rl_quantum_2026summer/data/original data/Trajectories/2022-02-04/242_RR220204A_720C_1911.bmp,/content/rl_quantum_2026summer/data/original data/Trajectories/2022-02-04/029_RR220204A_808C_0135.bmp,0,1.0
Trajectories/2022-02-04/242_RR220204A_720C_1911.bmp,242_RR220204A_720C_1911.bmp,Trajectories/2022-02-04/029_RR220204A_808C_0135.bmp,029_RR220204A_808C_0135.bmp,HTR,not_apply,Jiangang,,2026-01-05T15:52:36.151160,309.0,298.0,Confident,HTR,Trajectories/2022-02-04/029_RR220204A_808C_0135.bmp || Trajectories/2022-02-04/242_RR220204A_720C_1911.bmp,/content/rl_quantum_2026summer/data/original data/Trajectories/2022-02-04/242_RR220204A_720C_1911.bmp,/content/rl_quantum_2026summer/data/original data/Trajectories/2022-02-04/029_RR220204A_808C_0135.bmp,4,1.0
Trajectories/2022-02-04/242_RR220204A_720C_1911.bmp,242_RR220204A_720C_1911.bmp,Trajectories/2022-02-04/029_RR220204A_808C_0135.bmp,029_RR220204A_808C_0135.bmp,Twinned(2 x 1),tie,Jiangang,,2026-01-05T15:52:37.008933,309.0,298.0,Confident,Twinned(2 x 1),Trajectories/2022-02-04/029_RR220204A_808C_0135.bmp || Trajectories/2022-02-04/242_RR220204A_720C_1911.bmp,/content/rl_quantum_2026summer/data/original data/Trajectories/2022-02-04/242_RR220204A_720C_1911.bmp,/content/rl_quantum_2026summer/data/original data/Trajectories/2022-02-04/029_RR220204A_808C_0135.bmp,1,1.0
Trajectories/2022-02-04/242_RR220204A_720C_1911.bmp,242_RR220204A_720C_1911.bmp,Trajectories/2022-02-04/029_RR220204A_808C_0135.bmp,029_RR220204A_808C_0135.bmp,c(6 x 2),not_apply,Jiangang,,2026-01-05T15:52:37.900160,309.0,298.0,Confident,c(6 x 2),Trajectories/2022-02-04/029_RR220204A_808C_0135.bmp || Trajectories/2022-02-04/242_RR220204A_720C_1911.bmp,/content/rl_quantum_2026summer/data/original data/Trajectories/2022-02-04/242_RR220204A_720C_1911.bmp,/content/rl_quantum_2026summer/data/original data/Trajectories/2022-02-04/029_RR220204A_808C_0135.bmp,2,1.0
Trajectories/2022-02-04/296_RR220204A_869C_2015.bmp,296_RR220204A_869C_2015.bmp,Trajectories/2022-04-11/009_RR220411A_206C_1423.bmp,009_RR220411A_206C_1423.bmp,(1 x 1),2,AJ,,2025-12-12T00:20:43.071402,,,,(1 x 1),Trajectories/2022-02-04/296_RR220204A_869C_2015.bmp || Trajectories/2022-04-11/009_RR220411A_206C_1423.bmp,/content/rl_quantum_2026summer/data/original data/Trajectories/2022-02-04/296_RR220204A_869C_2015.bmp,/content/rl_quantum_2026summer/data/original data/Trajectories/2022-04-11/009_RR220411A_206C_1423.bmp,0,1.0
Trajectories/2022-02-04/296_RR220204A_869C_2015.bmp,296_RR220204A_869C_2015.bmp,Trajectories/2022-04-11/009_RR220411A_206C_1423.bmp,009_RR220411A_206C_1423.bmp,(√13 x √13),1,AJ,,2025-12-12T00:20:44.010217,,,,(√13 x √13),Trajectories/2022-02-04/296_RR220204A_869C_2015.bmp || Trajectories/2022-04-11/009_RR220411A_206C_1423.bmp,/content/rl_quantum_2026summer/data/original data/Trajectories/2022-02-04/296_RR220204A_869C_2015.bmp,/content/rl_quantum_2026summer/data/original data/Trajectories/2022-04-11/009_RR220411A_206C_1423.bmp,3,1.0
Trajectories/2022-02-04/287_RR220204A_851C_2008.bmp,287_RR220204A_851C_2008.bmp,Trajectories/2022-04-11/409_RR220411A_474C_1953.bmp,409_RR220411A_474C_1953.bmp,(√13 x √13),2,AJ,,2025-12-06 01:20:27,,,,(√13 x √13),Trajectories/2022-02-04/287_RR220204A_851C_2008.bmp || Trajectories/2022-04-11/409_RR220411A_474C_1953.bmp,/content/rl_quantum_2026summer/data/original data/Trajectories/2022-02-04/287_RR220204A_851C_2008.bmp,/content/rl_quantum_2026summer/data/original data/Trajectories/2022-04-11/409_RR220411A_474C_1953.bmp,3,1.0
Trajectories/2022-02-04/287_RR220204A_851C_2008.bmp,287_RR220204A_851C_2008.bmp,Trajectories/2022-04-11/409_RR220411A_474C_1953.bmp,409_RR220411A_474C_1953.bmp,c(6 x 2),1,AJ,,2025-12-06 01:20:27,,,,c(6 x 2),Trajectories/2022-02-04/287_RR220204A_851C_2008.bmp || Trajectories/2022-04-11/409_RR220411A_474C_1953.bmp,/content/rl_quantum_2026summer/data/original data/Trajectories/2022-02-04/287_RR220204A_851C_2008.bmp,/content/rl_quantum_2026summer/data/original data/Trajectories/2022-04-11/409_RR220411A_474C_1953.bmp,2,1.0
Trajectories/2022-02-06/216_RR220206A_837C_2124.bmp,216_RR220206A_837C_2124.bmp,Trajectories/2022-04-11/419_RR220411A_415C_1957.bmp,419_RR220411A_415C_1957.bmp,c(6 x 2),2,HL,,2026-01-05T23:06:40.128559,232.0,258.0,Confident,c(6 x 2),Trajectories/2022-02-06/216_RR220206A_837C_2124.bmp || Trajectories/2022-04-11/419_RR220411A_415C_1957.bmp,/content/rl_quantum_2026summer/data/original data/Trajectories/2022-02-06/216_RR220206A_837C_2124.bmp,/content/rl_quantum_2026summer/data/original data/Trajectories/2022-04-11/419_RR220411A_415C_1957.bmp,2,1.0
Trajectories/2022-02-06/216_RR220206A_837C_2124.bmp,216_RR220206A_837C_2124.bmp,Trajectories/2022-04-11/419_RR220411A_415C_1957.bmp,419_RR220411A_415C_1957.bmp,(1 x 1),2,HL,,2026-01-05T23:06:41.324664,232.0,258.0,Confident,(1 x 1),Trajectories/2022-02-06/216_RR220206A_837C_2124.bmp || Trajectories/2022-04-11/419_RR220411A_415C_1957.bmp,/content/rl_quantum_2026summer/data/original data/Trajectories/2022-02-06/216_RR220206A_837C_2124.bmp,/content/rl_quantum_2026summer/data/original data/Trajectories/2022-04-11/419_RR220411A_415C_1957.bmp,0,1.0
Trajectories/2022-02-06/216_RR220206A_837C_2124.bmp,216_RR220206A_837C_2124.bmp,Trajectories/2022-04-11/419_RR220411A_415C_1957.bmp,419_RR220411A_415C_1957.bmp,(√13 x √13),2,HL,,2026-01-05T23:06:42.489912,232.0,258.0,Confident,(√13 x √13),Trajectories/2022-02-06/216_RR220206A_837C_2124.bmp || Trajectories/2022-04-11/419_RR220411A_415C_1957.bmp,/content/rl_quantum_2026summer/data/original data/Trajectories/2022-02-06/216_RR220206A_837C_2124.bmp,/content/rl_quantum_2026summer/data/original data/Trajectories/2022-04-11/419_RR220411A_415C_1957.bmp,3,1.0
Trajectories/2022-02-06/216_RR220206A_837C_2124.bmp,216_RR220206A_837C_2124.bmp,Trajectories/2022-04-11/419_RR220411A_415C_1957.bmp,419_RR220411A_415C_1957.bmp,HTR,1,HL,,2026-01-05T23:06:43.545947,232.0,258.0,Confident,HTR,Trajectories/2022-02-06/216_RR220206A_837C_2124.bmp || Trajectories/2022-04-11/419_RR220411A_415C_1957.bmp,/content/rl_quantum_2026summer/data/original data/Trajectories/2022-02-06/216_RR220206A_837C_2124.bmp,/content/rl_quantum_2026summer/data/original data/Trajectories/2022-04-11/419_RR220411A_415C_1957.bmp,4,1.0
Trajectories/2022-02-06/216_RR220206A_837C_2124.bmp,216_RR220206A_837C_2124.bmp,Trajectories/2022-04-11/419_RR220411A_415C_1957.bmp,419_RR220411A_415C_1957.bmp,Twinned(2 x 1),not_apply,HL,,2026-01-05T23:06:44.506155,232.0,258.0,Confident,Twinned(2 x 1),Trajectories/2022-02-06/216_RR220206A_837C_2124.bmp || Trajectories/2022-04-11/419_RR220411A_415C_1957.bmp,/content/rl_quantum_2026summer/data/original data/Trajectories/2022-02-06/216_RR220206A_837C_2124.bmp,/content/rl_quantum_2026summer/data/original data/Trajectories/2022-04-11/419_RR220411A_415C_1957.bmp,1,1.0
Trajectories/2022-02-06/077_RR220206A_461C_1813.bmp,077_RR220206A_461C_1813.bmp,Trajectories/2022-02-04/013_RR220204A_949C_0119.bmp,013_RR220204A_949C_0119.bmp,(√13 x √13),2,HL,,2025-12-15T20:55:48.977621,,,,(√13 x √13),Trajectories/2022-02-04/013_RR220204A_949C_0119.bmp || Trajectories/2022-02-06/077_RR220206A_461C_1813.bmp,/content/rl_quantum_2026summer/data/original data/Trajectories/2022-02-06/077_RR220206A_461C_1813.bmp,/content/rl_quantum_2026summer/data/original data/Trajectories/2022-02-04/013_RR220204A_949C_0119.bmp,3,1.0
Trajectories/2022-02-06/077_RR220206A_461C_1813.bmp,077_RR220206A_461C_1813.bmp,Trajectories/2022-02-04/013_RR220204A_949C_0119.bmp,013_RR220204A_949C_0119.bmp,(1 x 1),1,HL,,2025-12-15T20:55:49.946509,,,,(1 x 1),Trajectories/2022-02-04/013_RR220204A_949C_0119.bmp || Trajectories/2022-02-06/077_RR220206A_461C_1813.bmp,/content/rl_quantum_2026summer/data/original data/Trajectories/2022-02-06/077_RR220206A_461C_1813.bmp,/content/rl_quantum_2026summer/data/original data/Trajectories/2022-02-04/013_RR220204A_949C_0119.bmp,0,1.0
Trajectories/2022-02-06/077_RR220206A_461C_1813.bmp,077_RR220206A_461C_1813.bmp,Trajectories/2022-02-04/013_RR220204A_949C_0119.bmp,013_RR220204A_949C_0119.bmp,HTR,not_apply,HL,,2025-12-15T20:55:50.957856,,,,HTR,Trajectories/2022-02-04/013_RR220204A_949C_0119.bmp || Trajectories/2022-02-06/077_RR220206A_461C_1813.bmp,/content/rl_quantum_2026summer/data/original data/Trajectories/2022-02-06/077_RR220206A_461C_1813.bmp,/content/rl_quantum_2026summer/data/original data/Trajectories/2022-02-04/013_RR220204A_949C_0119.bmp,4,1.0
Trajectories/2022-02-06/077_RR220206A_461C_1813.bmp,077_RR220206A_461C_1813.bmp,Trajectories/2022-02-04/013_RR220204A_949C_0119.bmp,013_RR220204A_949C_0119.bmp,Twinned(2 x 1),2,HL,,2025-12-15T20:55:51.830799,,,,Twinned(2 x 1),Trajectories/2022-02-04/013_RR220204A_949C_0119.bmp || Trajectories/2022-02-06/077_RR220206A_461C_1813.bmp,/content/rl_quantum_2026summer/data/original data/Trajectories/2022-02-06/077_RR220206A_461C_1813.bmp,/content/rl_quantum_2026summer/data/original data/Trajectories/2022-02-04/013_RR220204A_949C_0119.bmp,1,1.0
Trajectories/2022-02-06/077_RR220206A_461C_1813.bmp,077_RR220206A_461C_1813.bmp,Trajectories/2022-02-04/013_RR220204A_949C_0119.bmp,013_RR220204A_949C_0119.bmp,c(6 x 2),not_apply,HL,,2025-12-15T20:55:52.755378,,,,c(6 x 2),Trajectories/2022-02-04/013_RR220204A_949C_0119.bmp || Trajectories/2022-02-06/077_RR220206A_461C_1813.bmp,/content/rl_quantum_2026summer/data/original data/Trajectories/2022-02-06/077_RR220206A_461C_1813.bmp,/content/rl_quantum_2026summer/data/original data/Trajectories/2022-02-04/013_RR220204A_949C_0119.bmp,2,1.0
Trajectories/2022-04-11/131_RR220411A_606C_1603.bmp,131_RR220411A_606C_1603.bmp,Trajectories/2022-04-11/063_RR220411A_402C_1510.bmp,063_RR220411A_402C_1510.bmp,(√13 x √13),not_apply,HL,,2026-01-05T23:20:38.660365,311.0,288.0,Confident,(√13 x √13),Trajectories/2022-04-11/063_RR220411A_402C_1510.bmp || Trajectories/2022-04-11/131_RR220411A_606C_1603.bmp,/content/rl_quantum_2026summer/data/original data/Trajectories/2022-04-11/131_RR220411A_606C_1603.bmp,/content/rl_quantum_2026summer/data/original data/Trajectories/2022-04-11/063_RR220411A_402C_1510.bmp,3,1.0
Trajectories/2022-04-11/131_RR220411A_606C_1603.bmp,131_RR220411A_606C_1603.bmp,Trajectories/2022-04-11/063_RR220411A_402C_1510.bmp,063_RR220411A_402C_1510.bmp,HTR,not_apply,HL,,2026-01-05T23:20:39.755345,311.0,288.0,Confident,HTR,Trajectories/2022-04-11/063_RR220411A_402C_1510.bmp || Trajectories/2022-04-11/131_RR220411A_606C_1603.bmp,/content/rl_quantum_2026summer/data/original data/Trajectories/2022-04-11/131_RR220411A_606C_1603.bmp,/content/rl_quantum_2026summer/data/original data/Trajectories/2022-04-11/063_RR220411A_402C_1510.bmp,4,1.0
Trajectories/2022-04-11/131_RR220411A_606C_1603.bmp,131_RR220411A_606C_1603.bmp,Trajectories/2022-04-11/063_RR220411A_402C_1510.bmp,063_RR220411A_402C_1510.bmp,(1 x 1),tie,HL,,2026-01-05T23:20:40.921171,311.0,288.0,Confident,(1 x 1),Trajectories/2022-04-11/063_RR220411A_402C_1510.bmp || Trajectories/2022-04-11/131_RR220411A_606C_1603.bmp,/content/rl_quantum_2026summer/data/original data/Trajectories/2022-04-11/131_RR220411A_606C_1603.bmp,/content/rl_quantum_2026summer/data/original data/Trajectories/2022-04-11/063_RR220411A_402C_1510.bmp,0,1.0
Trajectories/2022-04-11/131_RR220411A_606C_1603.bmp,131_RR220411A_606C_1603.bmp,Trajectories/2022-04-11/063_RR220411A_402C_1510.bmp,063_RR220411A_402C_1510.bmp,c(6 x 2),not_apply,HL,,2026-01-05T23:20:42.095261,311.0,288.0,Confident,c(6 x 2),Trajectories/2022-04-11/063_RR220411A_402C_1510.bmp || Trajectories/2022-04-11/131_RR220411A_606C_1603.bmp,/content/rl_quantum_2026summer/data/original data/Trajectories/2022-04-11/131_RR220411A_606C_1603.bmp,/content/rl_quantum_2026summer/data/original data/Trajectories/2022-04-11/063_RR220411A_402C_1510.bmp,2,1.0
Trajectories/2022-04-11/131_RR220411A_606C_1603.bmp,131_RR220411A_606C_1603.bmp,Trajectories/2022-04-11/063_RR220411A_402C_1510.bmp,063_RR220411A_402C_1510.bmp,Twinned(2 x 1),not_apply,HL,,2026-01-05T23:20:43.179562,311.0,288.0,Confident,Twinned(2 x 1),Trajectories/2022-04-11/063_RR220411A_402C_1510.bmp || Trajectories/2022-04-11/131_RR220411A_606C_1603.bmp,/content/rl_quantum_2026summer/data/original data/Trajectories/2022-04-11/131_RR220411A_606C_1603.bmp,/content/rl_quantum_2026summer/data/original data/Trajectories/2022-04-11/063_RR220411A_402C_1510.bmp,1,1.0
Trajectories/2022-04-11/057_RR220411A_389C_1506-01.bmp,057_RR220411A_389C_1506-01.bmp,Trajectories/2022-02-04/324_RR220204A_913C_2047.bmp,324_RR220204A_913C_2047.bmp,HTR,not_apply,Jiangang,,2026-01-05T15:53:10.648889,308.0,311.0,Confident,HTR,Trajectories/2022-02-04/324_RR220204A_913C_2047.bmp || Trajectories/2022-04-11/057_RR220411A_389C_1506-01.bmp,/content/rl_quantum_2026summer/data/original data/Trajectories/2022-04-11/057_RR220411A_389C_1506-01.bmp,/content/rl_quantum_2026summer/data/original data/Trajectories/2022-02-04/324_RR220204A_913C_2047.bmp,4,1.0
Trajectories/2022-04-11/057_RR220411A_389C_1506-01.bmp,057_RR220411A_389C_1506-01.bmp,Trajectories/2022-02-04/324_RR220204A_913C_2047.bmp,324_RR220204A_913C_2047.bmp,c(6 x 2),not_apply,Jiangang,,2026-01-05T15:53:11.575309,308.0,311.0,Confident,c(6 x 2),Trajectories/2022-02-04/324_RR220204A_913C_2047.bmp || Trajectories/2022-04-11/057_RR220411A_389C_1506-01.bmp,/content/rl_quantum_2026summer/data/original data/Trajectories/2022-04-11/057_RR220411A_389C_1506-01.bmp,/content/rl_quantum_2026summer/data/original data/Trajectories/2022-02-04/324_RR220204A_913C_2047.bmp,2,1.0
Trajectories/2022-04-11/057_RR220411A_389C_1506-01.bmp,057_RR220411A_389C_1506-01.bmp,Trajectories/2022-02-04/324_RR220204A_913C_2047.bmp,324_RR220204A_913C_2047.bmp,(√13 x √13),2,Jiangang,,2026-01-05T15:53:12.475751,308.0,311.0,Confident,(√13 x √13),Trajectories/2022-02-04/324_RR220204A_913C_2047.bmp || Trajectories/2022-04-11/057_RR220411A_389C_1506-01.bmp,/content/rl_quantum_2026summer/data/original data/Trajectories/2022-04-11/057_RR220411A_389C_1506-01.bmp,/content/rl_quantum_2026summer/data/original data/Trajectories/2022-02-04/324_RR220204A_913C_2047.bmp,3,1.0
Trajectories/2022-04-11/057_RR220411A_389C_1506-01.bmp,057_RR220411A_389C_1506-01.bmp,Trajectories/2022-02-04/324_RR220204A_913C_2047.bmp,324_RR220204A_913C_2047.bmp,(1 x 1),1,Jiangang,,2026-01-05T15:53:13.346375,308.0,311.0,Confident,(1 x 1),Trajectories/2022-02-04/324_RR220204A_913C_2047.bmp || Trajectories/2022-04-11/057_RR220411A_389C_1506-01.bmp,/content/rl_quantum_2026summer/data/original data/Trajectories/2022-04-11/057_RR220411A_389C_1506-01.bmp,/content/rl_quantum_2026summer/data/original data/Trajectories/2022-02-04/324_RR220204A_913C_2047.bmp,0,1.0
Trajectories/2022-04-11/057_RR220411A_389C_1506-01.bmp,057_RR220411A_389C_1506-01.bmp,Trajectories/2022-02-04/324_RR220204A_913C_2047.bmp,324_RR220204A_913C_2047.bmp,Twinned(2 x 1),2,Jiangang,,2026-01-05T15:53:14.291157,308.0,311.0,Confident,Twinned(2 x 1),Trajectories/2022-02-04/324_RR220204A_913C_2047.bmp || Trajectories/2022-04-11/057_RR220411A_389C_1506-01.bmp,/content/rl_quantum_2026summer/data/original data/Trajectories/2022-04-11/057_RR220411A_389C_1506-01.bmp,/content/rl_quantum_2026summer/data/original data/Trajectories/2022-02-04/324_RR220204A_913C_2047.bmp,1,1.0
Trajectories/2022-04-11/069_RR220411A_428C_1515.bmp,069_RR220411A_428C_1515.bmp,Trajectories/2022-04-11/231_RR220411A_882C_1729.bmp,231_RR220411A_882C_1729.bmp,c(6 x 2),2,HL,,2026-01-06T21:46:10.429884,275.0,269.0,Confident,c(6 x 2),Trajectories/2022-04-11/069_RR220411A_428C_1515.bmp || Trajectories/2022-04-11/231_RR220411A_882C_1729.bmp,/content/rl_quantum_2026summer/data/original data/Trajectories/2022-04-11/069_RR220411A_428C_1515.bmp,/content/rl_quantum_2026summer/data/original data/Trajectories/2022-04-11/231_RR220411A_882C_1729.bmp,2,1.0
Trajectories/2022-04-11/069_RR220411A_428C_1515.bmp,069_RR220411A_428C_1515.bmp,Trajectories/2022-04-11/231_RR220411A_882C_1729.bmp,231_RR220411A_882C_1729.bmp,(1 x 1),1,HL,,2026-01-06T21:46:11.271237,275.0,269.0,Confident,(1 x 1),Trajectories/2022-04-11/069_RR220411A_428C_1515.bmp || Trajectories/2022-04-11/231_RR220411A_882C_1729.bmp,/content/rl_quantum_2026summer/data/original data/Trajectories/2022-04-11/069_RR220411A_428C_1515.bmp,/content/rl_quantum_2026summer/data/original data/Trajectories/2022-04-11/231_RR220411A_882C_1729.bmp,0,1.0
Trajectories/2022-04-11/069_RR220411A_428C_1515.bmp,069_RR220411A_428C_1515.bmp,Trajectories/2022-04-11/231_RR220411A_882C_1729.bmp,231_RR220411A_882C_1729.bmp,HTR,not_apply,HL,,2026-01-06T21:46:12.010319,275.0,269.0,Confident,HTR,Trajectories/2022-04-11/069_RR220411A_428C_1515.bmp || Trajectories/2022-04-11/231_RR220411A_882C_1729.bmp,/content/rl_quantum_2026summer/data/original data/Trajectories/2022-04-11/069_RR220411A_428C_1515.bmp,/content/rl_quantum_2026summer/data/original data/Trajectories/2022-04-11/231_RR220411A_882C_1729.bmp,4,1.0
Trajectories/2022-04-11/069_RR220411A_428C_1515.bmp,069_RR220411A_428C_1515.bmp,Trajectories/2022-04-11/231_RR220411A_882C_1729.bmp,231_RR220411A_882C_1729.bmp,Twinned(2 x 1),not_apply,HL,,2026-01-06T21:46:12.762298,275.0,269.0,Confident,Twinned(2 x 1),Trajectories/2022-04-11/069_RR220411A_428C_1515.bmp || Trajectories/2022-04-11/231_RR220411A_882C_1729.bmp,/content/rl_quantum_2026summer/data/original data/Trajectories/2022-04-11/069_RR220411A_428C_1515.bmp,/content/rl_quantum_2026summer/data/original data/Trajectories/2022-04-11/231_RR220411A_882C_1729.bmp,1,1.0
Trajectories/2022-04-11/069_RR220411A_428C_1515.bmp,069_RR220411A_428C_1515.bmp,Trajectories/2022-04-11/231_RR220411A_882C_1729.bmp,231_RR220411A_882C_1729.bmp,(√13 x √13),2,HL,,2026-01-06T21:46:13.440172,275.0,269.0,Confident,(√13 x √13),Trajectories/2022-04-11/069_RR220411A_428C_1515.bmp || Trajectories/2022-04-11/231_RR220411A_882C_1729.bmp,/content/rl_quantum_2026summer/data/original data/Trajectories/2022-04-11/069_RR220411A_428C_1515.bmp,/content/rl_quantum_2026summer/data/original data/Trajectories/2022-04-11/231_RR220411A_882C_1729.bmp,3,1.0
Trajectories/2022-02-06/058_RR220206A_249C_1745.bmp,058_RR220206A_249C_1745.bmp,Trajectories/2022-04-11/178_RR220411A_774C_1649.bmp,178_RR220411A_774C_1649.bmp,(1 x 1),2,AJ,,2025-12-06 01:18:28,,,,(1 x 1),Trajectories/2022-02-06/058_RR220206A_249C_1745.bmp || Trajectories/2022-04-11/178_RR220411A_774C_1649.bmp,/content/rl_quantum_2026summer/data/original data/Trajectories/2022-02-06/058_RR220206A_249C_1745.bmp,/content/rl_quantum_2026summer/data/original data/Trajectories/2022-04-11/178_RR220411A_774C_1649.bmp,0,1.0
Trajectories/2022-02-04/385_RR220204A_939C_2340.bmp,385_RR220204A_939C_2340.bmp,Trajectories/2022-02-06/171_RR220206A_1085C_2027.bmp,171_RR220206A_1085C_2027.bmp,HTR,2,AJ,,2025-12-12T00:20:02.531552,,,,HTR,Trajectories/2022-02-04/385_RR220204A_939C_2340.bmp || Trajectories/2022-02-06/171_RR220206A_1085C_2027.bmp,/content/rl_quantum_2026summer/data/original data/Trajectories/2022-02-04/385_RR220204A_939C_2340.bmp,/content/rl_quantum_2026summer/data/original data/Trajectories/2022-02-06/171_RR220206A_1085C_2027.bmp,4,1.0
Trajectories/2022-02-04/385_RR220204A_939C_2340.bmp,385_RR220204A_939C_2340.bmp,Trajectories/2022-02-06/171_RR220206A_1085C_2027.bmp,171_RR220206A_1085C_2027.bmp,(√13 x √13),1,AJ,,2025-12-12T00:20:03.262208,,,,(√13 x √13),Trajectories/2022-02-04/385_RR220204A_939C_2340.bmp || Trajectories/2022-02-06/171_RR220206A_1085C_2027.bmp,/content/rl_quantum_2026summer/data/original data/Trajectories/2022-02-04/385_RR220204A_939C_2340.bmp,/content/rl_quantum_2026summer/data/original data/Trajectories/2022-02-06/171_RR220206A_1085C_2027.bmp,3,1.0
Trajectories/2022-04-11/387_RR220411A_578C_1943.bmp,387_RR220411A_578C_1943.bmp,Trajectories/2022-04-11/076_RR220411A_442C_1520.bmp,076_RR220411A_442C_1520.bmp,Twinned(2 x 1),not_apply,SY,,2025-12-10T17:01:38.885310,,,,Twinned(2 x 1),Trajectories/2022-04-11/076_RR220411A_442C_1520.bmp || Trajectories/2022-04-11/387_RR220411A_578C_1943.bmp,/content/rl_quantum_2026summer/data/original data/Trajectories/2022-04-11/387_RR220411A_578C_1943.bmp,/content/rl_quantum_2026summer/data/original data/Trajectories/2022-04-11/076_RR220411A_442C_1520.bmp,1,1.0
Trajectories/2022-04-11/387_RR220411A_578C_1943.bmp,387_RR220411A_578C_1943.bmp,Trajectories/2022-04-11/076_RR220411A_442C_1520.bmp,076_RR220411A_442C_1520.bmp,c(6 x 2),1,SY,,2025-12-10T17:01:39.593567,,,,c(6 x 2),Trajectories/2022-04-11/076_RR220411A_442C_1520.bmp || Trajectories/2022-04-11/387_RR220411A_578C_1943.bmp,/content/rl_quantum_2026summer/data/original data/Trajectories/2022-04-11/387_RR220411A_578C_1943.bmp,/content/rl_quantum_2026summer/data/original data/Trajectories/2022-04-11/076_RR220411A_442C_1520.bmp,2,1.0
Trajectories/2022-04-11/387_RR220411A_578C_1943.bmp,387_RR220411A_578C_1943.bmp,Trajectories/2022-04-11/076_RR220411A_442C_1520.bmp,076_RR220411A_442C_1520.bmp,(√13 x √13),1,SY,,2025-12-10T17:01:40.254501,,,,(√13 x √13),Trajectories/2022-04-11/076_RR220411A_442C_1520.bmp || Trajectories/2022-04-11/387_RR220411A_578C_1943.bmp,/content/rl_quantum_2026summer/data/original data/Trajectories/2022-04-11/387_RR220411A_578C_1943.bmp,/content/rl_quantum_2026summer/data/original data/Trajectories/2022-04-11/076_RR220411A_442C_1520.bmp,3,1.0
Trajectories/2022-04-11/387_RR220411A_578C_1943.bmp,387_RR220411A_578C_1943.bmp,Trajectories/2022-04-11/076_RR220411A_442C_1520.bmp,076_RR220411A_442C_1520.bmp,HTR,not_apply,SY,,2025-12-10T17:01:40.972197,,,,HTR,Trajectories/2022-04-11/076_RR220411A_442C_1520.bmp || Trajectories/2022-04-11/387_RR220411A_578C_1943.bmp,/content/rl_quantum_2026summer/data/original data/Trajectories/2022-04-11/387_RR220411A_578C_1943.bmp,/content/rl_quantum_2026summer/data/original data/Trajectories/2022-04-11/076_RR220411A_442C_1520.bmp,4,1.0
Trajectories/2022-04-11/387_RR220411A_578C_1943.bmp,387_RR220411A_578C_1943.bmp,Trajectories/2022-04-11/076_RR220411A_442C_1520.bmp,076_RR220411A_442C_1520.bmp,(1 x 1),tie,SY,,2025-12-10T17:01:41.638551,,,,(1 x 1),Trajectories/2022-04-11/076_RR220411A_442C_1520.bmp || Trajectories/2022-04-11/387_RR220411A_578C_1943.bmp,/content/rl_quantum_2026summer/data/original data/Trajectories/2022-04-11/387_RR220411A_578C_1943.bmp,/content/rl_quantum_2026summer/data/original data/Trajectories/2022-04-11/076_RR220411A_442C_1520.bmp,0,1.0
Trajectories/2022-02-06/215_RR220206A_835C_2123.bmp,215_RR220206A_835C_2123.bmp,Trajectories/2022-04-11/140_RR220411A_647C_1612.bmp,140_RR220411A_647C_1612.bmp,HTR,1,AJ,,2025-12-12T00:16:35.915204,,,,HTR,Trajectories/2022-02-06/215_RR220206A_835C_2123.bmp || Trajectories/2022-04-11/140_RR220411A_647C_1612.bmp,/content/rl_quantum_2026summer/data/original data/Trajectories/2022-02-06/215_RR220206A_835C_2123.bmp,/content/rl_quantum_2026summer/data/original data/Trajectories/2022-04-11/140_RR220411A_647C_1612.bmp,4,1.0
Trajectories/2022-02-06/215_RR220206A_835C_2123.bmp,215_RR220206A_835C_2123.bmp,Trajectories/2022-04-11/140_RR220411A_647C_1612.bmp,140_RR220411A_647C_1612.bmp,(1 x 1),2,AJ,,2025-12-12T00:16:36.690209,,,,(1 x 1),Trajectories/2022-02-06/215_RR220206A_835C_2123.bmp || Trajectories/2022-04-11/140_RR220411A_647C_1612.bmp,/content/rl_quantum_2026summer/data/original data/Trajectories/2022-02-06/215_RR220206A_835C_2123.bmp,/content/rl_quantum_2026summer/data/original data/Trajectories/2022-04-11/140_RR220411A_647C_1612.bmp,0,1.0
Trajectories/2022-02-06/037_RR220206A_165C_1722.bmp,037_RR220206A_165C_1722.bmp,Trajectories/2022-04-11/219_RR220411A_865C_1720.bmp,219_RR220411A_865C_1720.bmp,(√13 x √13),2,AJ,,2025-12-26T08:12:16.205371,147.0,209.0,Confident,(√13 x √13),Trajectories/2022-02-06/037_RR220206A_165C_1722.bmp || Trajectories/2022-04-11/219_RR220411A_865C_1720.bmp,/content/rl_quantum_2026summer/data/original data/Trajectories/2022-02-06/037_RR220206A_165C_1722.bmp,/content/rl_quantum_2026summer/data/original data/Trajectories/2022-04-11/219_RR220411A_865C_1720.bmp,3,1.0
Trajectories/2022-02-06/037_RR220206A_165C_1722.bmp,037_RR220206A_165C_1722.bmp,Trajectories/2022-04-11/219_RR220411A_865C_1720.bmp,219_RR220411A_865C_1720.bmp,c(6 x 2),2,AJ,,2025-12-26T08:12:17.241128,147.0,209.0,Confident,c(6 x 2),Trajectories/2022-02-06/037_RR220206A_165C_1722.bmp || Trajectories/2022-04-11/219_RR220411A_865C_1720.bmp,/content/rl_quantum_2026summer/data/original data/Trajectories/2022-02-06/037_RR220206A_165C_1722.bmp,/content/rl_quantum_2026summer/data/original data/Trajectories/2022-04-11/219_RR220411A_865C_1720.bmp,2,1.0
Trajectories/2022-02-06/037_RR220206A_165C_1722.bmp,037_RR220206A_165C_1722.bmp,Trajectories/2022-04-11/219_RR220411A_865C_1720.bmp,219_RR220411A_865C_1720.bmp,Twinned(2 x 1),not_apply,AJ,,2025-12-26T08:12:18.318322,147.0,209.0,Confident,Twinned(2 x 1),Trajectories/2022-02-06/037_RR220206A_165C_1722.bmp || Trajectories/2022-04-11/219_RR220411A_865C_1720.bmp,/content/rl_quantum_2026summer/data/original data/Trajectories/2022-02-06/037_RR220206A_165C_1722.bmp,/content/rl_quantum_2026summer/data/original data/Trajectories/2022-04-11/219_RR220411A_865C_1720.bmp,1,1.0
Trajectories/2022-02-06/037_RR220206A_165C_1722.bmp,037_RR220206A_165C_1722.bmp,Trajectories/2022-04-11/219_RR220411A_865C_1720.bmp,219_RR220411A_865C_1720.bmp,(1 x 1),1,AJ,,2025-12-26T08:12:19.509080,147.0,209.0,Confident,(1 x 1),Trajectories/2022-02-06/037_RR220206A_165C_1722.bmp || Trajectories/2022-04-11/219_RR220411A_865C_1720.bmp,/content/rl_quantum_2026summer/data/original data/Trajectories/2022-02-06/037_RR220206A_165C_1722.bmp,/content/rl_quantum_2026summer/data/original data/Trajectories/2022-04-11/219_RR220411A_865C_1720.bmp,0,1.0
Trajectories/2022-02-06/037_RR220206A_165C_1722.bmp,037_RR220206A_165C_1722.bmp,Trajectories/2022-04-11/219_RR220411A_865C_1720.bmp,219_RR220411A_865C_1720.bmp,HTR,not_apply,AJ,,2025-12-26T08:12:20.521106,147.0,209.0,Confident,HTR,Trajectories/2022-02-06/037_RR220206A_165C_1722.bmp || Trajectories/2022-04-11/219_RR220411A_865C_1720.bmp,/content/rl_quantum_2026summer/data/original data/Trajectories/2022-02-06/037_RR220206A_165C_1722.bmp,/content/rl_quantum_2026summer/data/original data/Trajectories/2022-04-11/219_RR220411A_865C_1720.bmp,4,1.0
Trajectories/2022-02-06/265_RR220206A_498C_2232.bmp,265_RR220206A_498C_2232.bmp,Trajectories/2022-04-11/288_RR220411A_904C_1837.bmp,288_RR220411A_904C_1837.bmp,(√13 x √13),2,HL,,2026-01-05T23:22:23.945977,299.0,232.0,Confident,(√13 x √13),Trajectories/2022-02-06/265_RR220206A_498C_2232.bmp || Trajectories/2022-04-11/288_RR220411A_904C_1837.bmp,/content/rl_quantum_2026summer/data/original data/Trajectories/2022-02-06/265_RR220206A_498C_2232.bmp,/content/rl_quantum_2026summer/data/original data/Trajectories/2022-04-11/288_RR220411A_904C_1837.bmp,3,1.0
Trajectories/2022-02-06/265_RR220206A_498C_2232.bmp,265_RR220206A_498C_2232.bmp,Trajectories/2022-04-11/288_RR220411A_904C_1837.bmp,288_RR220411A_904C_1837.bmp,(1 x 1),2,HL,,2026-01-05T23:22:25.089058,299.0,232.0,Confident,(1 x 1),Trajectories/2022-02-06/265_RR220206A_498C_2232.bmp || Trajectories/2022-04-11/288_RR220411A_904C_1837.bmp,/content/rl_quantum_2026summer/data/original data/Trajectories/2022-02-06/265_RR220206A_498C_2232.bmp,/content/rl_quantum_2026summer/data/original data/Trajectories/2022-04-11/288_RR220411A_904C_1837.bmp,0,1.0
Trajectories/2022-02-06/265_RR220206A_498C_2232.bmp,265_RR220206A_498C_2232.bmp,Trajectories/2022-04-11/288_RR220411A_904C_1837.bmp,288_RR220411A_904C_1837.bmp,c(6 x 2),2,HL,,2026-01-05T23:22:26.035621,299.0,232.0,Confident,c(6 x 2),Trajectories/2022-02-06/265_RR220206A_498C_2232.bmp || Trajectories/2022-04-11/288_RR220411A_904C_1837.bmp,/content/rl_quantum_2026summer/data/original data/Trajectories/2022-02-06/265_RR220206A_498C_2232.bmp,/content/rl_quantum_2026summer/data/original data/Trajectories/2022-04-11/288_RR220411A_904C_1837.bmp,2,1.0
Trajectories/2022-02-06/265_RR220206A_498C_2232.bmp,265_RR220206A_498C_2232.bmp,Trajectories/2022-04-11/288_RR220411A_904C_1837.bmp,288_RR220411A_904C_1837.bmp,Twinned(2 x 1),not_apply,HL,,2026-01-05T23:22:27.015623,299.0,232.0,Confident,Twinned(2 x 1),Trajectories/2022-02-06/265_RR220206A_498C_2232.bmp || Trajectories/2022-04-11/288_RR220411A_904C_1837.bmp,/content/rl_quantum_2026summer/data/original data/Trajectories/2022-02-06/265_RR220206A_498C_2232.bmp,/content/rl_quantum_2026summer/data/original data/Trajectories/2022-04-11/288_RR220411A_904C_1837.bmp,1,1.0
Trajectories/2022-02-06/265_RR220206A_498C_2232.bmp,265_RR220206A_498C_2232.bmp,Trajectories/2022-04-11/288_RR220411A_904C_1837.bmp,288_RR220411A_904C_1837.bmp,HTR,1,HL,,2026-01-05T23:22:27.992315,299.0,232.0,Confident,HTR,Trajectories/2022-02-06/265_RR220206A_498C_2232.bmp || Trajectories/2022-04-11/288_RR220411A_904C_1837.bmp,/content/rl_quantum_2026summer/data/original data/Trajectories/2022-02-06/265_RR220206A_498C_2232.bmp,/content/rl_quantum_2026summer/data/original data/Trajectories/2022-04-11/288_RR220411A_904C_1837.bmp,4,1.0
Trajectories/2022-02-06/057_RR220206A_249C_1744.bmp,057_RR220206A_249C_1744.bmp,Trajectories/2022-02-06/154_RR220206A_1092C_2003-02.bmp,154_RR220206A_1092C_2003-02.bmp,(1 x 1),1,AJ,,2025-12-06 01:17:47,,,,(1 x 1),Trajectories/2022-02-06/057_RR220206A_249C_1744.bmp || Trajectories/2022-02-06/154_RR220206A_1092C_2003-02.bmp,/content/rl_quantum_2026summer/data/original data/Trajectories/2022-02-06/057_RR220206A_249C_1744.bmp,/content/rl_quantum_2026summer/data/original data/Trajectories/2022-02-06/154_RR220206A_1092C_2003-02.bmp,0,1.0
Trajectories/2022-02-06/057_RR220206A_249C_1744.bmp,057_RR220206A_249C_1744.bmp,Trajectories/2022-02-06/154_RR220206A_1092C_2003-02.bmp,154_RR220206A_1092C_2003-02.bmp,HTR,2,AJ,,2025-12-06 01:17:47,,,,HTR,Trajectories/2022-02-06/057_RR220206A_249C_1744.bmp || Trajectories/2022-02-06/154_RR220206A_1092C_2003-02.bmp,/content/rl_quantum_2026summer/data/original data/Trajectories/2022-02-06/057_RR220206A_249C_1744.bmp,/content/rl_quantum_2026summer/data/original data/Trajectories/2022-02-06/154_RR220206A_1092C_2003-02.bmp,4,1.0
Trajectories/2022-04-11/208_RR220411A_850C_1713-02.bmp,208_RR220411A_850C_1713-02.bmp,Trajectories/2022-02-04/229_RR220204A_696C_1901-02.bmp,229_RR220204A_696C_1901-02.bmp,(1 x 1),tie,AJ,,2025-12-11T15:22:44.998263,,,,(1 x 1),Trajectories/2022-02-04/229_RR220204A_696C_1901-02.bmp || Trajectories/2022-04-11/208_RR220411A_850C_1713-02.bmp,/content/rl_quantum_2026summer/data/original data/Trajectories/2022-04-11/208_RR220411A_850C_1713-02.bmp,/content/rl_quantum_2026summer/data/original data/Trajectories/2022-02-04/229_RR220204A_696C_1901-02.bmp,0,1.0
Trajectories/2022-02-04/239_RR220204A_720C_1910.bmp,239_RR220204A_720C_1910.bmp,Trajectories/2022-04-11/154_RR220411A_696C_1624.bmp,154_RR220411A_696C_1624.bmp,(1 x 1),2,AJ,,2025-12-12T00:11:14.363974,,,,(1 x 1),Trajectories/2022-02-04/239_RR220204A_720C_1910.bmp || Trajectories/2022-04-11/154_RR220411A_696C_1624.bmp,/content/rl_quantum_2026summer/data/original data/Trajectories/2022-02-04/239_RR220204A_720C_1910.bmp,/content/rl_quantum_2026summer/data/original data/Trajectories/2022-04-11/154_RR220411A_696C_1624.bmp,0,1.0
Trajectories/2022-02-04/239_RR220204A_720C_1910.bmp,239_RR220204A_720C_1910.bmp,Trajectories/2022-04-11/154_RR220411A_696C_1624.bmp,154_RR220411A_696C_1624.bmp,(√13 x √13),1,AJ,,2025-12-12T00:11:15.187347,,,,(√13 x √13),Trajectories/2022-02-04/239_RR220204A_720C_1910.bmp || Trajectories/2022-04-11/154_RR220411A_696C_1624.bmp,/content/rl_quantum_2026summer/data/original data/Trajectories/2022-02-04/239_RR220204A_720C_1910.bmp,/content/rl_quantum_2026summer/data/original data/Trajectories/2022-04-11/154_RR220411A_696C_1624.bmp,3,1.0
Trajectories/2022-02-06/257_RR220206A_581C_2222.bmp,257_RR220206A_581C_2222.bmp,Trajectories/2022-02-04/379_RR220204A_937C_2315.bmp,379_RR220204A_937C_2315.bmp,c(6 x 2),2,AJ,,2025-12-11T15:16:13.622695,,,,c(6 x 2),Trajectories/2022-02-04/379_RR220204A_937C_2315.bmp || Trajectories/2022-02-06/257_RR220206A_581C_2222.bmp,/content/rl_quantum_2026summer/data/original data/Trajectories/2022-02-06/257_RR220206A_581C_2222.bmp,/content/rl_quantum_2026summer/data/original data/Trajectories/2022-02-04/379_RR220204A_937C_2315.bmp,2,1.0
Trajectories/2022-02-06/257_RR220206A_581C_2222.bmp,257_RR220206A_581C_2222.bmp,Trajectories/2022-02-04/379_RR220204A_937C_2315.bmp,379_RR220204A_937C_2315.bmp,HTR,1,AJ,,2025-12-11T15:16:14.437789,,,,HTR,Trajectories/2022-02-04/379_RR220204A_937C_2315.bmp || Trajectories/2022-02-06/257_RR220206A_581C_2222.bmp,/content/rl_quantum_2026summer/data/original data/Trajectories/2022-02-06/257_RR220206A_581C_2222.bmp,/content/rl_quantum_2026summer/data/original data/Trajectories/2022-02-04/379_RR220204A_937C_2315.bmp,4,1.0
Trajectories/2022-04-11/141_RR220411A_656C_1613.bmp,141_RR220411A_656C_1613.bmp,Trajectories/2022-04-11/203_RR220411A_843C_1711-03.bmp,203_RR220411A_843C_1711-03.bmp,(1 x 1),tie,AJ,,2025-12-11T15:20:41.477317,,,,(1 x 1),Trajectories/2022-04-11/141_RR220411A_656C_1613.bmp || Trajectories/2022-04-11/203_RR220411A_843C_1711-03.bmp,/content/rl_quantum_2026summer/data/original data/Trajectories/2022-04-11/141_RR220411A_656C_1613.bmp,/content/rl_quantum_2026summer/data/original data/Trajectories/2022-04-11/203_RR220411A_843C_1711-03.bmp,0,1.0
Trajectories/2022-04-11/183_RR220411A_794C_1655.bmp,183_RR220411A_794C_1655.bmp,Trajectories/2022-02-04/048_RR220204A_245C_0201.bmp,048_RR220204A_245C_0201.bmp,(√13 x √13),2,SY,,2025-12-10T16:56:27.896724,,,,(√13 x √13),Trajectories/2022-02-04/048_RR220204A_245C_0201.bmp || Trajectories/2022-04-11/183_RR220411A_794C_1655.bmp,/content/rl_quantum_2026summer/data/original data/Trajectories/2022-04-11/183_RR220411A_794C_1655.bmp,/content/rl_quantum_2026summer/data/original data/Trajectories/2022-02-04/048_RR220204A_245C_0201.bmp,3,1.0
Trajectories/2022-04-11/183_RR220411A_794C_1655.bmp,183_RR220411A_794C_1655.bmp,Trajectories/2022-02-04/048_RR220204A_245C_0201.bmp,048_RR220204A_245C_0201.bmp,c(6 x 2),not_apply,SY,,2025-12-10T16:56:28.616269,,,,c(6 x 2),Trajectories/2022-02-04/048_RR220204A_245C_0201.bmp || Trajectories/2022-04-11/183_RR220411A_794C_1655.bmp,/content/rl_quantum_2026summer/data/original data/Trajectories/2022-04-11/183_RR220411A_794C_1655.bmp,/content/rl_quantum_2026summer/data/original data/Trajectories/2022-02-04/048_RR220204A_245C_0201.bmp,2,1.0
Trajectories/2022-04-11/183_RR220411A_794C_1655.bmp,183_RR220411A_794C_1655.bmp,Trajectories/2022-02-04/048_RR220204A_245C_0201.bmp,048_RR220204A_245C_0201.bmp,(1 x 1),2,SY,,2025-12-10T16:56:29.359621,,,,(1 x 1),Trajectories/2022-02-04/048_RR220204A_245C_0201.bmp || Trajectories/2022-04-11/183_RR220411A_794C_1655.bmp,/content/rl_quantum_2026summer/data/original data/Trajectories/2022-04-11/183_RR220411A_794C_1655.bmp,/content/rl_quantum_2026summer/data/original data/Trajectories/2022-02-04/048_RR220204A_245C_0201.bmp,0,1.0
Trajectories/2022-04-11/183_RR220411A_794C_1655.bmp,183_RR220411A_794C_1655.bmp,Trajectories/2022-02-04/048_RR220204A_245C_0201.bmp,048_RR220204A_245C_0201.bmp,HTR,not_apply,SY,,2025-12-10T16:56:30.137612,,,,HTR,Trajectories/2022-02-04/048_RR220204A_245C_0201.bmp || Trajectories/2022-04-11/183_RR220411A_794C_1655.bmp,/content/rl_quantum_2026summer/data/original data/Trajectories/2022-04-11/183_RR220411A_794C_1655.bmp,/content/rl_quantum_2026summer/data/original data/Trajectories/2022-02-04/048_RR220204A_245C_0201.bmp,4,1.0
Trajectories/2022-04-11/183_RR220411A_794C_1655.bmp,183_RR220411A_794C_1655.bmp,Trajectories/2022-02-04/048_RR220204A_245C_0201.bmp,048_RR220204A_245C_0201.bmp,Twinned(2 x 1),2,SY,,2025-12-10T16:56:31.277603,,,,Twinned(2 x 1),Trajectories/2022-02-04/048_RR220204A_245C_0201.bmp || Trajectories/2022-04-11/183_RR220411A_794C_1655.bmp,/content/rl_quantum_2026summer/data/original data/Trajectories/2022-04-11/183_RR220411A_794C_1655.bmp,/content/rl_quantum_2026summer/data/original data/Trajectories/2022-02-04/048_RR220204A_245C_0201.bmp,1,1.0
Trajectories/2022-04-11/120_RR220411A_555C_1553.bmp,120_RR220411A_555C_1553.bmp,Trajectories/2022-02-04/215_RR220204A_669C_1848.bmp,215_RR220204A_669C_1848.bmp,(1 x 1),1,AJ,,2025-12-06 01:22:37,,,,(1 x 1),Trajectories/2022-02-04/215_RR220204A_669C_1848.bmp || Trajectories/2022-04-11/120_RR220411A_555C_1553.bmp,/content/rl_quantum_2026summer/data/original data/Trajectories/2022-04-11/120_RR220411A_555C_1553.bmp,/content/rl_quantum_2026summer/data/original data/Trajectories/2022-02-04/215_RR220204A_669C_1848.bmp,0,1.0
Trajectories/2022-04-11/120_RR220411A_555C_1553.bmp,120_RR220411A_555C_1553.bmp,Trajectories/2022-02-04/215_RR220204A_669C_1848.bmp,215_RR220204A_669C_1848.bmp,(√13 x √13),2,AJ,,2025-12-06 01:22:37,,,,(√13 x √13),Trajectories/2022-02-04/215_RR220204A_669C_1848.bmp || Trajectories/2022-04-11/120_RR220411A_555C_1553.bmp,/content/rl_quantum_2026summer/data/original data/Trajectories/2022-04-11/120_RR220411A_555C_1553.bmp,/content/rl_quantum_2026summer/data/original data/Trajectories/2022-02-04/215_RR220204A_669C_1848.bmp,3,1.0
Trajectories/2022-04-11/267_RR220411A_953C_1800.bmp,267_RR220411A_953C_1800.bmp,Trajectories/2022-04-11/271_RR220411A_951C_1811.bmp,271_RR220411A_951C_1811.bmp,(√13 x √13),tie,HL,,2026-01-06T21:50:10.897096,303.0,293.0,Confident,(√13 x √13),Trajectories/2022-04-11/267_RR220411A_953C_1800.bmp || Trajectories/2022-04-11/271_RR220411A_951C_1811.bmp,/content/rl_quantum_2026summer/data/original data/Trajectories/2022-04-11/267_RR220411A_953C_1800.bmp,/content/rl_quantum_2026summer/data/original data/Trajectories/2022-04-11/271_RR220411A_951C_1811.bmp,3,1.0
Trajectories/2022-04-11/267_RR220411A_953C_1800.bmp,267_RR220411A_953C_1800.bmp,Trajectories/2022-04-11/271_RR220411A_951C_1811.bmp,271_RR220411A_951C_1811.bmp,Twinned(2 x 1),not_apply,HL,,2026-01-06T21:50:11.763434,303.0,293.0,Confident,Twinned(2 x 1),Trajectories/2022-04-11/267_RR220411A_953C_1800.bmp || Trajectories/2022-04-11/271_RR220411A_951C_1811.bmp,/content/rl_quantum_2026summer/data/original data/Trajectories/2022-04-11/267_RR220411A_953C_1800.bmp,/content/rl_quantum_2026summer/data/original data/Trajectories/2022-04-11/271_RR220411A_951C_1811.bmp,1,1.0
Trajectories/2022-04-11/267_RR220411A_953C_1800.bmp,267_RR220411A_953C_1800.bmp,Trajectories/2022-04-11/271_RR220411A_951C_1811.bmp,271_RR220411A_951C_1811.bmp,c(6 x 2),tie,HL,,2026-01-06T21:50:12.689583,303.0,293.0,Confident,c(6 x 2),Trajectories/2022-04-11/267_RR220411A_953C_1800.bmp || Trajectories/2022-04-11/271_RR220411A_951C_1811.bmp,/content/rl_quantum_2026summer/data/original data/Trajectories/2022-04-11/267_RR220411A_953C_1800.bmp,/content/rl_quantum_2026summer/data/original data/Trajectories/2022-04-11/271_RR220411A_951C_1811.bmp,2,1.0
Trajectories/2022-04-11/267_RR220411A_953C_1800.bmp,267_RR220411A_953C_1800.bmp,Trajectories/2022-04-11/271_RR220411A_951C_1811.bmp,271_RR220411A_951C_1811.bmp,HTR,not_apply,HL,,2026-01-06T21:50:13.592211,303.0,293.0,Confident,HTR,Trajectories/2022-04-11/267_RR220411A_953C_1800.bmp || Trajectories/2022-04-11/271_RR220411A_951C_1811.bmp,/content/rl_quantum_2026summer/data/original data/Trajectories/2022-04-11/267_RR220411A_953C_1800.bmp,/content/rl_quantum_2026summer/data/original data/Trajectories/2022-04-11/271_RR220411A_951C_1811.bmp,4,1.0
Trajectories/2022-04-11/267_RR220411A_953C_1800.bmp,267_RR220411A_953C_1800.bmp,Trajectories/2022-04-11/271_RR220411A_951C_1811.bmp,271_RR220411A_951C_1811.bmp,(1 x 1),tie,HL,,2026-01-06T21:50:14.498986,303.0,293.0,Confident,(1 x 1),Trajectories/2022-04-11/267_RR220411A_953C_1800.bmp || Trajectories/2022-04-11/271_RR220411A_951C_1811.bmp,/content/rl_quantum_2026summer/data/original data/Trajectories/2022-04-11/267_RR220411A_953C_1800.bmp,/content/rl_quantum_2026summer/data/original data/Trajectories/2022-04-11/271_RR220411A_951C_1811.bmp,0,1.0
Trajectories/2022-02-04/178_RR220204A_544C_1822.bmp,178_RR220204A_544C_1822.bmp,Trajectories/2022-04-11/013_RR220411A_223C_1424.bmp,013_RR220411A_223C_1424.bmp,HTR,not_apply,AJ,,2025-12-26T08:14:13.684446,199.0,212.0,Confident,HTR,Trajectories/2022-02-04/178_RR220204A_544C_1822.bmp || Trajectories/2022-04-11/013_RR220411A_223C_1424.bmp,/content/rl_quantum_2026summer/data/original data/Trajectories/2022-02-04/178_RR220204A_544C_1822.bmp,/content/rl_quantum_2026summer/data/original data/Trajectories/2022-04-11/013_RR220411A_223C_1424.bmp,4,1.0
Trajectories/2022-02-04/178_RR220204A_544C_1822.bmp,178_RR220204A_544C_1822.bmp,Trajectories/2022-04-11/013_RR220411A_223C_1424.bmp,013_RR220411A_223C_1424.bmp,(1 x 1),2,AJ,,2025-12-26T08:14:14.751356,199.0,212.0,Confident,(1 x 1),Trajectories/2022-02-04/178_RR220204A_544C_1822.bmp || Trajectories/2022-04-11/013_RR220411A_223C_1424.bmp,/content/rl_quantum_2026summer/data/original data/Trajectories/2022-02-04/178_RR220204A_544C_1822.bmp,/content/rl_quantum_2026summer/data/original data/Trajectories/2022-04-11/013_RR220411A_223C_1424.bmp,0,1.0
Trajectories/2022-02-04/178_RR220204A_544C_1822.bmp,178_RR220204A_544C_1822.bmp,Trajectories/2022-04-11/013_RR220411A_223C_1424.bmp,013_RR220411A_223C_1424.bmp,c(6 x 2),1,AJ,,2025-12-26T08:14:15.730692,199.0,212.0,Confident,c(6 x 2),Trajectories/2022-02-04/178_RR220204A_544C_1822.bmp || Trajectories/2022-04-11/013_RR220411A_223C_1424.bmp,/content/rl_quantum_2026summer/data/original data/Trajectories/2022-02-04/178_RR220204A_544C_1822.bmp,/content/rl_quantum_2026summer/data/original data/Trajectories/2022-04-11/013_RR220411A_223C_1424.bmp,2,1.0
Trajectories/2022-02-04/178_RR220204A_544C_1822.bmp,178_RR220204A_544C_1822.bmp,Trajectories/2022-04-11/013_RR220411A_223C_1424.bmp,013_RR220411A_223C_1424.bmp,(√13 x √13),1,AJ,,2025-12-26T08:14:16.758954,199.0,212.0,Confident,(√13 x √13),Trajectories/2022-02-04/178_RR220204A_544C_1822.bmp || Trajectories/2022-04-11/013_RR220411A_223C_1424.bmp,/content/rl_quantum_2026summer/data/original data/Trajectories/2022-02-04/178_RR220204A_544C_1822.bmp,/content/rl_quantum_2026summer/data/original data/Trajectories/2022-04-11/013_RR220411A_223C_1424.bmp,3,1.0
Trajectories/2022-02-04/178_RR220204A_544C_1822.bmp,178_RR220204A_544C_1822.bmp,Trajectories/2022-04-11/013_RR220411A_223C_1424.bmp,013_RR220411A_223C_1424.bmp,Twinned(2 x 1),not_apply,AJ,,2025-12-26T08:14:17.759004,199.0,212.0,Confident,Twinned(2 x 1),Trajectories/2022-02-04/178_RR220204A_544C_1822.bmp || Trajectories/2022-04-11/013_RR220411A_223C_1424.bmp,/content/rl_quantum_2026summer/data/original data/Trajectories/2022-02-04/178_RR220204A_544C_1822.bmp,/content/rl_quantum_2026summer/data/original data/Trajectories/2022-04-11/013_RR220411A_223C_1424.bmp,1,1.0
Trajectories/2022-04-11/030_RR220411A_291C_1437.bmp,030_RR220411A_291C_1437.bmp,Trajectories/2022-02-06/068_RR220206A_362C_1759.bmp,068_RR220206A_362C_1759.bmp,HTR,not_apply,SY,,2025-12-10T16:55:52.310990,,,,HTR,Trajectories/2022-02-06/068_RR220206A_362C_1759.bmp || Trajectories/2022-04-11/030_RR220411A_291C_1437.bmp,/content/rl_quantum_2026summer/data/original data/Trajectories/2022-04-11/030_RR220411A_291C_1437.bmp,/content/rl_quantum_2026summer/data/original data/Trajectories/2022-02-06/068_RR220206A_362C_1759.bmp,4,1.0
Trajectories/2022-04-11/030_RR220411A_291C_1437.bmp,030_RR220411A_291C_1437.bmp,Trajectories/2022-02-06/068_RR220206A_362C_1759.bmp,068_RR220206A_362C_1759.bmp,c(6 x 2),not_apply,SY,,2025-12-10T16:55:53.064524,,,,c(6 x 2),Trajectories/2022-02-06/068_RR220206A_362C_1759.bmp || Trajectories/2022-04-11/030_RR220411A_291C_1437.bmp,/content/rl_quantum_2026summer/data/original data/Trajectories/2022-04-11/030_RR220411A_291C_1437.bmp,/content/rl_quantum_2026summer/data/original data/Trajectories/2022-02-06/068_RR220206A_362C_1759.bmp,2,1.0
Trajectories/2022-04-11/030_RR220411A_291C_1437.bmp,030_RR220411A_291C_1437.bmp,Trajectories/2022-02-06/068_RR220206A_362C_1759.bmp,068_RR220206A_362C_1759.bmp,(√13 x √13),not_apply,SY,,2025-12-10T16:55:53.741160,,,,(√13 x √13),Trajectories/2022-02-06/068_RR220206A_362C_1759.bmp || Trajectories/2022-04-11/030_RR220411A_291C_1437.bmp,/content/rl_quantum_2026summer/data/original data/Trajectories/2022-04-11/030_RR220411A_291C_1437.bmp,/content/rl_quantum_2026summer/data/original data/Trajectories/2022-02-06/068_RR220206A_362C_1759.bmp,3,1.0
Trajectories/2022-04-11/030_RR220411A_291C_1437.bmp,030_RR220411A_291C_1437.bmp,Trajectories/2022-02-06/068_RR220206A_362C_1759.bmp,068_RR220206A_362C_1759.bmp,(1 x 1),1,SY,,2025-12-10T16:55:54.432756,,,,(1 x 1),Trajectories/2022-02-06/068_RR220206A_362C_1759.bmp || Trajectories/2022-04-11/030_RR220411A_291C_1437.bmp,/content/rl_quantum_2026summer/data/original data/Trajectories/2022-04-11/030_RR220411A_291C_1437.bmp,/content/rl_quantum_2026summer/data/original data/Trajectories/2022-02-06/068_RR220206A_362C_1759.bmp,0,1.0
Trajectories/2022-04-11/030_RR220411A_291C_1437.bmp,030_RR220411A_291C_1437.bmp,Trajectories/2022-02-06/068_RR220206A_362C_1759.bmp,068_RR220206A_362C_1759.bmp,Twinned(2 x 1),not_apply,SY,,2025-12-10T16:55:55.152158,,,,Twinned(2 x 1),Trajectories/2022-02-06/068_RR220206A_362C_1759.bmp || Trajectories/2022-04-11/030_RR220411A_291C_1437.bmp,/content/rl_quantum_2026summer/data/original data/Trajectories/2022-04-11/030_RR220411A_291C_1437.bmp,/content/rl_quantum_2026summer/data/original data/Trajectories/2022-02-06/068_RR220206A_362C_1759.bmp,1,1.0
Trajectories/2022-04-11/233_RR220411A_889C_1731.bmp,233_RR220411A_889C_1731.bmp,Trajectories/2022-02-04/197_RR220204A_611C_1835.bmp,197_RR220204A_611C_1835.bmp,Twinned(2 x 1),tie,AJ,,2025-12-11T15:28:01.524582,,,,Twinned(2 x 1),Trajectories/2022-02-04/197_RR220204A_611C_1835.bmp || Trajectories/2022-04-11/233_RR220411A_889C_1731.bmp,/content/rl_quantum_2026summer/data/original data/Trajectories/2022-04-11/233_RR220411A_889C_1731.bmp,/content/rl_quantum_2026summer/data/original data/Trajectories/2022-02-04/197_RR220204A_611C_1835.bmp,1,1.0
Trajectories/2022-04-11/064_RR220411A_413C_1511.bmp,064_RR220411A_413C_1511.bmp,Trajectories/2022-02-04/241_RR220204A_736C_1911.bmp,241_RR220204A_736C_1911.bmp,(√13 x √13),2,HL,,2025-12-15T21:06:35.707478,,,,(√13 x √13),Trajectories/2022-02-04/241_RR220204A_736C_1911.bmp || Trajectories/2022-04-11/064_RR220411A_413C_1511.bmp,/content/rl_quantum_2026summer/data/original data/Trajectories/2022-04-11/064_RR220411A_413C_1511.bmp,/content/rl_quantum_2026summer/data/original data/Trajectories/2022-02-04/241_RR220204A_736C_1911.bmp,3,1.0
Trajectories/2022-04-11/064_RR220411A_413C_1511.bmp,064_RR220411A_413C_1511.bmp,Trajectories/2022-02-04/241_RR220204A_736C_1911.bmp,241_RR220204A_736C_1911.bmp,Twinned(2 x 1),2,HL,,2025-12-15T21:06:36.704032,,,,Twinned(2 x 1),Trajectories/2022-02-04/241_RR220204A_736C_1911.bmp || Trajectories/2022-04-11/064_RR220411A_413C_1511.bmp,/content/rl_quantum_2026summer/data/original data/Trajectories/2022-04-11/064_RR220411A_413C_1511.bmp,/content/rl_quantum_2026summer/data/original data/Trajectories/2022-02-04/241_RR220204A_736C_1911.bmp,1,1.0
Trajectories/2022-04-11/064_RR220411A_413C_1511.bmp,064_RR220411A_413C_1511.bmp,Trajectories/2022-02-04/241_RR220204A_736C_1911.bmp,241_RR220204A_736C_1911.bmp,(1 x 1),1,HL,,2025-12-15T21:06:37.658011,,,,(1 x 1),Trajectories/2022-02-04/241_RR220204A_736C_1911.bmp || Trajectories/2022-04-11/064_RR220411A_413C_1511.bmp,/content/rl_quantum_2026summer/data/original data/Trajectories/2022-04-11/064_RR220411A_413C_1511.bmp,/content/rl_quantum_2026summer/data/original data/Trajectories/2022-02-04/241_RR220204A_736C_1911.bmp,0,1.0
Trajectories/2022-04-11/064_RR220411A_413C_1511.bmp,064_RR220411A_413C_1511.bmp,Trajectories/2022-02-04/241_RR220204A_736C_1911.bmp,241_RR220204A_736C_1911.bmp,HTR,not_apply,HL,,2025-12-15T21:06:38.684716,,,,HTR,Trajectories/2022-02-04/241_RR220204A_736C_1911.bmp || Trajectories/2022-04-11/064_RR220411A_413C_1511.bmp,/content/rl_quantum_2026summer/data/original data/Trajectories/2022-04-11/064_RR220411A_413C_1511.bmp,/content/rl_quantum_2026summer/data/original data/Trajectories/2022-02-04/241_RR220204A_736C_1911.bmp,4,1.0
Trajectories/2022-04-11/064_RR220411A_413C_1511.bmp,064_RR220411A_413C_1511.bmp,Trajectories/2022-02-04/241_RR220204A_736C_1911.bmp,241_RR220204A_736C_1911.bmp,c(6 x 2),not_apply,HL,,2025-12-15T21:06:39.725807,,,,c(6 x 2),Trajectories/2022-02-04/241_RR220204A_736C_1911.bmp || Trajectories/2022-04-11/064_RR220411A_413C_1511.bmp,/content/rl_quantum_2026summer/data/original data/Trajectories/2022-04-11/064_RR220411A_413C_1511.bmp,/content/rl_quantum_2026summer/data/original data/Trajectories/2022-02-04/241_RR220204A_736C_1911.bmp,2,1.0
Trajectories/2022-02-04/221_RR220204A_666C_1854.bmp,221_RR220204A_666C_1854.bmp,Trajectories/2022-04-11/358_RR220411A_677C_1926.bmp,358_RR220411A_677C_1926.bmp,(√13 x √13),2,HL,,2026-01-02T22:37:17.937343,249.0,291.0,Confident,(√13 x √13),Trajectories/2022-02-04/221_RR220204A_666C_1854.bmp || Trajectories/2022-04-11/358_RR220411A_677C_1926.bmp,/content/rl_quantum_2026summer/data/original data/Trajectories/2022-02-04/221_RR220204A_666C_1854.bmp,/content/rl_quantum_2026summer/data/original data/Trajectories/2022-04-11/358_RR220411A_677C_1926.bmp,3,1.0
Trajectories/2022-02-04/221_RR220204A_666C_1854.bmp,221_RR220204A_666C_1854.bmp,Trajectories/2022-04-11/358_RR220411A_677C_1926.bmp,358_RR220411A_677C_1926.bmp,c(6 x 2),2,HL,,2026-01-02T22:37:19.622291,249.0,291.0,Confident,c(6 x 2),Trajectories/2022-02-04/221_RR220204A_666C_1854.bmp || Trajectories/2022-04-11/358_RR220411A_677C_1926.bmp,/content/rl_quantum_2026summer/data/original data/Trajectories/2022-02-04/221_RR220204A_666C_1854.bmp,/content/rl_quantum_2026summer/data/original data/Trajectories/2022-04-11/358_RR220411A_677C_1926.bmp,2,1.0
Trajectories/2022-02-04/221_RR220204A_666C_1854.bmp,221_RR220204A_666C_1854.bmp,Trajectories/2022-04-11/358_RR220411A_677C_1926.bmp,358_RR220411A_677C_1926.bmp,HTR,not_apply,HL,,2026-01-02T22:37:20.894927,249.0,291.0,Confident,HTR,Trajectories/2022-02-04/221_RR220204A_666C_1854.bmp || Trajectories/2022-04-11/358_RR220411A_677C_1926.bmp,/content/rl_quantum_2026summer/data/original data/Trajectories/2022-02-04/221_RR220204A_666C_1854.bmp,/content/rl_quantum_2026summer/data/original data/Trajectories/2022-04-11/358_RR220411A_677C_1926.bmp,4,1.0
Trajectories/2022-02-04/221_RR220204A_666C_1854.bmp,221_RR220204A_666C_1854.bmp,Trajectories/2022-04-11/358_RR220411A_677C_1926.bmp,358_RR220411A_677C_1926.bmp,Twinned(2 x 1),1,HL,,2026-01-02T22:37:22.173621,249.0,291.0,Confident,Twinned(2 x 1),Trajectories/2022-02-04/221_RR220204A_666C_1854.bmp || Trajectories/2022-04-11/358_RR220411A_677C_1926.bmp,/content/rl_quantum_2026summer/data/original data/Trajectories/2022-02-04/221_RR220204A_666C_1854.bmp,/content/rl_quantum_2026summer/data/original data/Trajectories/2022-04-11/358_RR220411A_677C_1926.bmp,1,1.0
Trajectories/2022-02-04/221_RR220204A_666C_1854.bmp,221_RR220204A_666C_1854.bmp,Trajectories/2022-04-11/358_RR220411A_677C_1926.bmp,358_RR220411A_677C_1926.bmp,(1 x 1),2,HL,,2026-01-02T22:37:23.459411,249.0,291.0,Confident,(1 x 1),Trajectories/2022-02-04/221_RR220204A_666C_1854.bmp || Trajectories/2022-04-11/358_RR220411A_677C_1926.bmp,/content/rl_quantum_2026summer/data/original data/Trajectories/2022-02-04/221_RR220204A_666C_1854.bmp,/content/rl_quantum_2026summer/data/original data/Trajectories/2022-04-11/358_RR220411A_677C_1926.bmp,0,1.0
Trajectories/2022-02-06/195_RR220206A_944C_2101.bmp,195_RR220206A_944C_2101.bmp,Trajectories/2022-02-04/300_RR220204A_881C_2018.bmp,300_RR220204A_881C_2018.bmp,c(6 x 2),not_apply,HL,,2025-12-15T21:29:05.568661,,,,c(6 x 2),Trajectories/2022-02-04/300_RR220204A_881C_2018.bmp || Trajectories/2022-02-06/195_RR220206A_944C_2101.bmp,/content/rl_quantum_2026summer/data/original data/Trajectories/2022-02-06/195_RR220206A_944C_2101.bmp,/content/rl_quantum_2026summer/data/original data/Trajectories/2022-02-04/300_RR220204A_881C_2018.bmp,2,1.0
Trajectories/2022-02-06/195_RR220206A_944C_2101.bmp,195_RR220206A_944C_2101.bmp,Trajectories/2022-02-04/300_RR220204A_881C_2018.bmp,300_RR220204A_881C_2018.bmp,(1 x 1),not_apply,HL,,2025-12-15T21:29:06.411459,,,,(1 x 1),Trajectories/2022-02-04/300_RR220204A_881C_2018.bmp || Trajectories/2022-02-06/195_RR220206A_944C_2101.bmp,/content/rl_quantum_2026summer/data/original data/Trajectories/2022-02-06/195_RR220206A_944C_2101.bmp,/content/rl_quantum_2026summer/data/original data/Trajectories/2022-02-04/300_RR220204A_881C_2018.bmp,0,1.0
Trajectories/2022-02-06/195_RR220206A_944C_2101.bmp,195_RR220206A_944C_2101.bmp,Trajectories/2022-02-04/300_RR220204A_881C_2018.bmp,300_RR220204A_881C_2018.bmp,HTR,1,HL,,2025-12-15T21:29:07.207056,,,,HTR,Trajectories/2022-02-04/300_RR220204A_881C_2018.bmp || Trajectories/2022-02-06/195_RR220206A_944C_2101.bmp,/content/rl_quantum_2026summer/data/original data/Trajectories/2022-02-06/195_RR220206A_944C_2101.bmp,/content/rl_quantum_2026summer/data/original data/Trajectories/2022-02-04/300_RR220204A_881C_2018.bmp,4,1.0
Trajectories/2022-02-06/195_RR220206A_944C_2101.bmp,195_RR220206A_944C_2101.bmp,Trajectories/2022-02-04/300_RR220204A_881C_2018.bmp,300_RR220204A_881C_2018.bmp,(√13 x √13),2,HL,,2025-12-15T21:29:08.028312,,,,(√13 x √13),Trajectories/2022-02-04/300_RR220204A_881C_2018.bmp || Trajectories/2022-02-06/195_RR220206A_944C_2101.bmp,/content/rl_quantum_2026summer/data/original data/Trajectories/2022-02-06/195_RR220206A_944C_2101.bmp,/content/rl_quantum_2026summer/data/original data/Trajectories/2022-02-04/300_RR220204A_881C_2018.bmp,3,1.0
Trajectories/2022-02-06/195_RR220206A_944C_2101.bmp,195_RR220206A_944C_2101.bmp,Trajectories/2022-02-04/300_RR220204A_881C_2018.bmp,300_RR220204A_881C_2018.bmp,Twinned(2 x 1),2,HL,,2025-12-15T21:29:08.845080,,,,Twinned(2 x 1),Trajectories/2022-02-04/300_RR220204A_881C_2018.bmp || Trajectories/2022-02-06/195_RR220206A_944C_2101.bmp,/content/rl_quantum_2026summer/data/original data/Trajectories/2022-02-06/195_RR220206A_944C_2101.bmp,/content/rl_quantum_2026summer/data/original data/Trajectories/2022-02-04/300_RR220204A_881C_2018.bmp,1,1.0
Trajectories/2022-02-06/186_RR220206A_985C_2050.bmp,186_RR220206A_985C_2050.bmp,Trajectories/2022-02-06/251_RR220206A_619C_2214.bmp,251_RR220206A_619C_2214.bmp,Twinned(2 x 1),not_apply,HL,,2025-12-15T21:28:04.503051,,,,Twinned(2 x 1),Trajectories/2022-02-06/186_RR220206A_985C_2050.bmp || Trajectories/2022-02-06/251_RR220206A_619C_2214.bmp,/content/rl_quantum_2026summer/data/original data/Trajectories/2022-02-06/186_RR220206A_985C_2050.bmp,/content/rl_quantum_2026summer/data/original data/Trajectories/2022-02-06/251_RR220206A_619C_2214.bmp,1,1.0
Trajectories/2022-02-06/186_RR220206A_985C_2050.bmp,186_RR220206A_985C_2050.bmp,Trajectories/2022-02-06/251_RR220206A_619C_2214.bmp,251_RR220206A_619C_2214.bmp,(√13 x √13),not_apply,HL,,2025-12-15T21:28:05.272418,,,,(√13 x √13),Trajectories/2022-02-06/186_RR220206A_985C_2050.bmp || Trajectories/2022-02-06/251_RR220206A_619C_2214.bmp,/content/rl_quantum_2026summer/data/original data/Trajectories/2022-02-06/186_RR220206A_985C_2050.bmp,/content/rl_quantum_2026summer/data/original data/Trajectories/2022-02-06/251_RR220206A_619C_2214.bmp,3,1.0
Trajectories/2022-02-06/186_RR220206A_985C_2050.bmp,186_RR220206A_985C_2050.bmp,Trajectories/2022-02-06/251_RR220206A_619C_2214.bmp,251_RR220206A_619C_2214.bmp,c(6 x 2),not_apply,HL,,2025-12-15T21:28:06.019806,,,,c(6 x 2),Trajectories/2022-02-06/186_RR220206A_985C_2050.bmp || Trajectories/2022-02-06/251_RR220206A_619C_2214.bmp,/content/rl_quantum_2026summer/data/original data/Trajectories/2022-02-06/186_RR220206A_985C_2050.bmp,/content/rl_quantum_2026summer/data/original data/Trajectories/2022-02-06/251_RR220206A_619C_2214.bmp,2,1.0
Trajectories/2022-02-06/186_RR220206A_985C_2050.bmp,186_RR220206A_985C_2050.bmp,Trajectories/2022-02-06/251_RR220206A_619C_2214.bmp,251_RR220206A_619C_2214.bmp,HTR,2,HL,,2025-12-15T21:28:06.765313,,,,HTR,Trajectories/2022-02-06/186_RR220206A_985C_2050.bmp || Trajectories/2022-02-06/251_RR220206A_619C_2214.bmp,/content/rl_quantum_2026summer/data/original data/Trajectories/2022-02-06/186_RR220206A_985C_2050.bmp,/content/rl_quantum_2026summer/data/original data/Trajectories/2022-02-06/251_RR220206A_619C_2214.bmp,4,1.0
Trajectories/2022-02-06/186_RR220206A_985C_2050.bmp,186_RR220206A_985C_2050.bmp,Trajectories/2022-02-06/251_RR220206A_619C_2214.bmp,251_RR220206A_619C_2214.bmp,(1 x 1),not_apply,HL,,2025-12-15T21:28:07.492207,,,,(1 x 1),Trajectories/2022-02-06/186_RR220206A_985C_2050.bmp || Trajectories/2022-02-06/251_RR220206A_619C_2214.bmp,/content/rl_quantum_2026summer/data/original data/Trajectories/2022-02-06/186_RR220206A_985C_2050.bmp,/content/rl_quantum_2026summer/data/original data/Trajectories/2022-02-06/251_RR220206A_619C_2214.bmp,0,1.0
Trajectories/2022-02-06/158_RR220206A_1105C_2008.bmp,158_RR220206A_1105C_2008.bmp,Trajectories/2022-04-11/357_RR220411A_684C_1925.bmp,357_RR220411A_684C_1925.bmp,(√13 x √13),2,AJ,,2025-12-12T00:20:55.718735,,,,(√13 x √13),Trajectories/2022-02-06/158_RR220206A_1105C_2008.bmp || Trajectories/2022-04-11/357_RR220411A_684C_1925.bmp,/content/rl_quantum_2026summer/data/original data/Trajectories/2022-02-06/158_RR220206A_1105C_2008.bmp,/content/rl_quantum_2026summer/data/original data/Trajectories/2022-04-11/357_RR220411A_684C_1925.bmp,3,1.0
Trajectories/2022-02-06/158_RR220206A_1105C_2008.bmp,158_RR220206A_1105C_2008.bmp,Trajectories/2022-04-11/357_RR220411A_684C_1925.bmp,357_RR220411A_684C_1925.bmp,HTR,1,AJ,,2025-12-12T00:20:56.750543,,,,HTR,Trajectories/2022-02-06/158_RR220206A_1105C_2008.bmp || Trajectories/2022-04-11/357_RR220411A_684C_1925.bmp,/content/rl_quantum_2026summer/data/original data/Trajectories/2022-02-06/158_RR220206A_1105C_2008.bmp,/content/rl_quantum_2026summer/data/original data/Trajectories/2022-04-11/357_RR220411A_684C_1925.bmp,4,1.0
Trajectories/2022-04-11/291_RR220411A_888C_1840.bmp,291_RR220411A_888C_1840.bmp,Trajectories/2022-02-04/007_RR220204A_931C_0051.bmp,007_RR220204A_931C_0051.bmp,(√13 x √13),tie,AJ,,2025-12-26T10:56:06.706063,161.0,224.0,Confident,(√13 x √13),Trajectories/2022-02-04/007_RR220204A_931C_0051.bmp || Trajectories/2022-04-11/291_RR220411A_888C_1840.bmp,/content/rl_quantum_2026summer/data/original data/Trajectories/2022-04-11/291_RR220411A_888C_1840.bmp,/content/rl_quantum_2026summer/data/original data/Trajectories/2022-02-04/007_RR220204A_931C_0051.bmp,3,1.0
Trajectories/2022-04-11/291_RR220411A_888C_1840.bmp,291_RR220411A_888C_1840.bmp,Trajectories/2022-02-04/007_RR220204A_931C_0051.bmp,007_RR220204A_931C_0051.bmp,c(6 x 2),tie,AJ,,2025-12-26T10:56:07.631597,161.0,224.0,Confident,c(6 x 2),Trajectories/2022-02-04/007_RR220204A_931C_0051.bmp || Trajectories/2022-04-11/291_RR220411A_888C_1840.bmp,/content/rl_quantum_2026summer/data/original data/Trajectories/2022-04-11/291_RR220411A_888C_1840.bmp,/content/rl_quantum_2026summer/data/original data/Trajectories/2022-02-04/007_RR220204A_931C_0051.bmp,2,1.0
Trajectories/2022-04-11/291_RR220411A_888C_1840.bmp,291_RR220411A_888C_1840.bmp,Trajectories/2022-02-04/007_RR220204A_931C_0051.bmp,007_RR220204A_931C_0051.bmp,HTR,not_apply,AJ,,2025-12-26T10:56:08.583611,161.0,224.0,Confident,HTR,Trajectories/2022-02-04/007_RR220204A_931C_0051.bmp || Trajectories/2022-04-11/291_RR220411A_888C_1840.bmp,/content/rl_quantum_2026summer/data/original data/Trajectories/2022-04-11/291_RR220411A_888C_1840.bmp,/content/rl_quantum_2026summer/data/original data/Trajectories/2022-02-04/007_RR220204A_931C_0051.bmp,4,1.0
Trajectories/2022-04-11/291_RR220411A_888C_1840.bmp,291_RR220411A_888C_1840.bmp,Trajectories/2022-02-04/007_RR220204A_931C_0051.bmp,007_RR220204A_931C_0051.bmp,Twinned(2 x 1),not_apply,AJ,,2025-12-26T10:56:09.482082,161.0,224.0,Confident,Twinned(2 x 1),Trajectories/2022-02-04/007_RR220204A_931C_0051.bmp || Trajectories/2022-04-11/291_RR220411A_888C_1840.bmp,/content/rl_quantum_2026summer/data/original data/Trajectories/2022-04-11/291_RR220411A_888C_1840.bmp,/content/rl_quantum_2026summer/data/original data/Trajectories/2022-02-04/007_RR220204A_931C_0051.bmp,1,1.0
Trajectories/2022-04-11/291_RR220411A_888C_1840.bmp,291_RR220411A_888C_1840.bmp,Trajectories/2022-02-04/007_RR220204A_931C_0051.bmp,007_RR220204A_931C_0051.bmp,(1 x 1),not_apply,AJ,,2025-12-26T10:56:10.369437,161.0,224.0,Confident,(1 x 1),Trajectories/2022-02-04/007_RR220204A_931C_0051.bmp || Trajectories/2022-04-11/291_RR220411A_888C_1840.bmp,/content/rl_quantum_2026summer/data/original data/Trajectories/2022-04-11/291_RR220411A_888C_1840.bmp,/content/rl_quantum_2026summer/data/original data/Trajectories/2022-02-04/007_RR220204A_931C_0051.bmp,0,1.0
Trajectories/2022-02-04/034_RR220204A_655C_0142.bmp,034_RR220204A_655C_0142.bmp,Trajectories/2022-02-06/272_RR220206A_424C_2242.bmp,272_RR220206A_424C_2242.bmp,HTR,2,AJ,,2025-12-06 01:24:31,,,,HTR,Trajectories/2022-02-04/034_RR220204A_655C_0142.bmp || Trajectories/2022-02-06/272_RR220206A_424C_2242.bmp,/content/rl_quantum_2026summer/data/original data/Trajectories/2022-02-04/034_RR220204A_655C_0142.bmp,/content/rl_quantum_2026summer/data/original data/Trajectories/2022-02-06/272_RR220206A_424C_2242.bmp,4,1.0
Trajectories/2022-02-04/034_RR220204A_655C_0142.bmp,034_RR220204A_655C_0142.bmp,Trajectories/2022-02-06/272_RR220206A_424C_2242.bmp,272_RR220206A_424C_2242.bmp,c(6 x 2),1,AJ,,2025-12-06 01:24:31,,,,c(6 x 2),Trajectories/2022-02-04/034_RR220204A_655C_0142.bmp || Trajectories/2022-02-06/272_RR220206A_424C_2242.bmp,/content/rl_quantum_2026summer/data/original data/Trajectories/2022-02-04/034_RR220204A_655C_0142.bmp,/content/rl_quantum_2026summer/data/original data/Trajectories/2022-02-06/272_RR220206A_424C_2242.bmp,2,1.0
Trajectories/2022-04-11/088_RR220411A_459C_1527.bmp,088_RR220411A_459C_1527.bmp,Trajectories/2022-02-04/020_RR220204A_981C_0126-02.bmp,020_RR220204A_981C_0126-02.bmp,c(6 x 2),2,AJ,,2025-12-18T18:34:54.736419,236.0,194.0,Confident,c(6 x 2),Trajectories/2022-02-04/020_RR220204A_981C_0126-02.bmp || Trajectories/2022-04-11/088_RR220411A_459C_1527.bmp,/content/rl_quantum_2026summer/data/original data/Trajectories/2022-04-11/088_RR220411A_459C_1527.bmp,/content/rl_quantum_2026summer/data/original data/Trajectories/2022-02-04/020_RR220204A_981C_0126-02.bmp,2,1.0
Trajectories/2022-04-11/088_RR220411A_459C_1527.bmp,088_RR220411A_459C_1527.bmp,Trajectories/2022-02-04/020_RR220204A_981C_0126-02.bmp,020_RR220204A_981C_0126-02.bmp,(1 x 1),1,AJ,,2025-12-18T18:34:56.043633,236.0,194.0,Confident,(1 x 1),Trajectories/2022-02-04/020_RR220204A_981C_0126-02.bmp || Trajectories/2022-04-11/088_RR220411A_459C_1527.bmp,/content/rl_quantum_2026summer/data/original data/Trajectories/2022-04-11/088_RR220411A_459C_1527.bmp,/content/rl_quantum_2026summer/data/original data/Trajectories/2022-02-04/020_RR220204A_981C_0126-02.bmp,0,1.0
Trajectories/2022-04-11/088_RR220411A_459C_1527.bmp,088_RR220411A_459C_1527.bmp,Trajectories/2022-02-04/020_RR220204A_981C_0126-02.bmp,020_RR220204A_981C_0126-02.bmp,(√13 x √13),2,AJ,,2025-12-18T18:34:56.759881,236.0,194.0,Confident,(√13 x √13),Trajectories/2022-02-04/020_RR220204A_981C_0126-02.bmp || Trajectories/2022-04-11/088_RR220411A_459C_1527.bmp,/content/rl_quantum_2026summer/data/original data/Trajectories/2022-04-11/088_RR220411A_459C_1527.bmp,/content/rl_quantum_2026summer/data/original data/Trajectories/2022-02-04/020_RR220204A_981C_0126-02.bmp,3,1.0
Trajectories/2022-04-11/088_RR220411A_459C_1527.bmp,088_RR220411A_459C_1527.bmp,Trajectories/2022-02-04/020_RR220204A_981C_0126-02.bmp,020_RR220204A_981C_0126-02.bmp,HTR,not_apply,AJ,,2025-12-18T18:34:57.502156,236.0,194.0,Confident,HTR,Trajectories/2022-02-04/020_RR220204A_981C_0126-02.bmp || Trajectories/2022-04-11/088_RR220411A_459C_1527.bmp,/content/rl_quantum_2026summer/data/original data/Trajectories/2022-04-11/088_RR220411A_459C_1527.bmp,/content/rl_quantum_2026summer/data/original data/Trajectories/2022-02-04/020_RR220204A_981C_0126-02.bmp,4,1.0
Trajectories/2022-04-11/088_RR220411A_459C_1527.bmp,088_RR220411A_459C_1527.bmp,Trajectories/2022-02-04/020_RR220204A_981C_0126-02.bmp,020_RR220204A_981C_0126-02.bmp,Twinned(2 x 1),not_apply,AJ,,2025-12-18T18:34:58.250370,236.0,194.0,Confident,Twinned(2 x 1),Trajectories/2022-02-04/020_RR220204A_981C_0126-02.bmp || Trajectories/2022-04-11/088_RR220411A_459C_1527.bmp,/content/rl_quantum_2026summer/data/original data/Trajectories/2022-04-11/088_RR220411A_459C_1527.bmp,/content/rl_quantum_2026summer/data/original data/Trajectories/2022-02-04/020_RR220204A_981C_0126-02.bmp,1,1.0
Trajectories/2022-02-06/247_RR220206A_657C_2207.bmp,247_RR220206A_657C_2207.bmp,Trajectories/2022-02-06/095_RR220206A_614C_1835.bmp,095_RR220206A_614C_1835.bmp,(1 x 1),2,AJ,,2025-12-26T08:11:46.388299,152.0,168.0,Confident,(1 x 1),Trajectories/2022-02-06/095_RR220206A_614C_1835.bmp || Trajectories/2022-02-06/247_RR220206A_657C_2207.bmp,/content/rl_quantum_2026summer/data/original data/Trajectories/2022-02-06/247_RR220206A_657C_2207.bmp,/content/rl_quantum_2026summer/data/original data/Trajectories/2022-02-06/095_RR220206A_614C_1835.bmp,0,1.0
Trajectories/2022-02-06/247_RR220206A_657C_2207.bmp,247_RR220206A_657C_2207.bmp,Trajectories/2022-02-06/095_RR220206A_614C_1835.bmp,095_RR220206A_614C_1835.bmp,Twinned(2 x 1),not_apply,AJ,,2025-12-26T08:11:47.746176,152.0,168.0,Confident,Twinned(2 x 1),Trajectories/2022-02-06/095_RR220206A_614C_1835.bmp || Trajectories/2022-02-06/247_RR220206A_657C_2207.bmp,/content/rl_quantum_2026summer/data/original data/Trajectories/2022-02-06/247_RR220206A_657C_2207.bmp,/content/rl_quantum_2026summer/data/original data/Trajectories/2022-02-06/095_RR220206A_614C_1835.bmp,1,1.0
Trajectories/2022-02-06/247_RR220206A_657C_2207.bmp,247_RR220206A_657C_2207.bmp,Trajectories/2022-02-06/095_RR220206A_614C_1835.bmp,095_RR220206A_614C_1835.bmp,c(6 x 2),not_apply,AJ,,2025-12-26T08:11:48.728063,152.0,168.0,Confident,c(6 x 2),Trajectories/2022-02-06/095_RR220206A_614C_1835.bmp || Trajectories/2022-02-06/247_RR220206A_657C_2207.bmp,/content/rl_quantum_2026summer/data/original data/Trajectories/2022-02-06/247_RR220206A_657C_2207.bmp,/content/rl_quantum_2026summer/data/original data/Trajectories/2022-02-06/095_RR220206A_614C_1835.bmp,2,1.0
Trajectories/2022-02-06/247_RR220206A_657C_2207.bmp,247_RR220206A_657C_2207.bmp,Trajectories/2022-02-06/095_RR220206A_614C_1835.bmp,095_RR220206A_614C_1835.bmp,(√13 x √13),not_apply,AJ,,2025-12-26T08:11:49.842298,152.0,168.0,Confident,(√13 x √13),Trajectories/2022-02-06/095_RR220206A_614C_1835.bmp || Trajectories/2022-02-06/247_RR220206A_657C_2207.bmp,/content/rl_quantum_2026summer/data/original data/Trajectories/2022-02-06/247_RR220206A_657C_2207.bmp,/content/rl_quantum_2026summer/data/original data/Trajectories/2022-02-06/095_RR220206A_614C_1835.bmp,3,1.0
Trajectories/2022-02-06/247_RR220206A_657C_2207.bmp,247_RR220206A_657C_2207.bmp,Trajectories/2022-02-06/095_RR220206A_614C_1835.bmp,095_RR220206A_614C_1835.bmp,HTR,1,AJ,,2025-12-26T08:11:50.799793,152.0,168.0,Confident,HTR,Trajectories/2022-02-06/095_RR220206A_614C_1835.bmp || Trajectories/2022-02-06/247_RR220206A_657C_2207.bmp,/content/rl_quantum_2026summer/data/original data/Trajectories/2022-02-06/247_RR220206A_657C_2207.bmp,/content/rl_quantum_2026summer/data/original data/Trajectories/2022-02-06/095_RR220206A_614C_1835.bmp,4,1.0
Trajectories/2022-04-11/332_RR220411A_756C_1911.bmp,332_RR220411A_756C_1911.bmp,Trajectories/2022-04-11/320_RR220411A_824C_1901.bmp,320_RR220411A_824C_1901.bmp,(√13 x √13),tie,AJ,,2025-12-06 01:22:26,,,,(√13 x √13),Trajectories/2022-04-11/320_RR220411A_824C_1901.bmp || Trajectories/2022-04-11/332_RR220411A_756C_1911.bmp,/content/rl_quantum_2026summer/data/original data/Trajectories/2022-04-11/332_RR220411A_756C_1911.bmp,/content/rl_quantum_2026summer/data/original data/Trajectories/2022-04-11/320_RR220411A_824C_1901.bmp,3,1.0
Trajectories/2022-04-11/338_RR220411A_734C_1915.bmp,338_RR220411A_734C_1915.bmp,Trajectories/2022-02-06/206_RR220206A_875C_2113.bmp,206_RR220206A_875C_2113.bmp,(1 x 1),tie,SY,,2025-12-15T20:52:06.170532,,,,(1 x 1),Trajectories/2022-02-06/206_RR220206A_875C_2113.bmp || Trajectories/2022-04-11/338_RR220411A_734C_1915.bmp,/content/rl_quantum_2026summer/data/original data/Trajectories/2022-04-11/338_RR220411A_734C_1915.bmp,/content/rl_quantum_2026summer/data/original data/Trajectories/2022-02-06/206_RR220206A_875C_2113.bmp,0,1.0
Trajectories/2022-04-11/338_RR220411A_734C_1915.bmp,338_RR220411A_734C_1915.bmp,Trajectories/2022-02-06/206_RR220206A_875C_2113.bmp,206_RR220206A_875C_2113.bmp,(√13 x √13),1,SY,,2025-12-15T20:52:08.119099,,,,(√13 x √13),Trajectories/2022-02-06/206_RR220206A_875C_2113.bmp || Trajectories/2022-04-11/338_RR220411A_734C_1915.bmp,/content/rl_quantum_2026summer/data/original data/Trajectories/2022-04-11/338_RR220411A_734C_1915.bmp,/content/rl_quantum_2026summer/data/original data/Trajectories/2022-02-06/206_RR220206A_875C_2113.bmp,3,1.0
Trajectories/2022-04-11/338_RR220411A_734C_1915.bmp,338_RR220411A_734C_1915.bmp,Trajectories/2022-02-06/206_RR220206A_875C_2113.bmp,206_RR220206A_875C_2113.bmp,HTR,2,SY,,2025-12-15T20:52:09.221177,,,,HTR,Trajectories/2022-02-06/206_RR220206A_875C_2113.bmp || Trajectories/2022-04-11/338_RR220411A_734C_1915.bmp,/content/rl_quantum_2026summer/data/original data/Trajectories/2022-04-11/338_RR220411A_734C_1915.bmp,/content/rl_quantum_2026summer/data/original data/Trajectories/2022-02-06/206_RR220206A_875C_2113.bmp,4,1.0
Trajectories/2022-04-11/338_RR220411A_734C_1915.bmp,338_RR220411A_734C_1915.bmp,Trajectories/2022-02-06/206_RR220206A_875C_2113.bmp,206_RR220206A_875C_2113.bmp,c(6 x 2),1,SY,,2025-12-15T20:52:10.614561,,,,c(6 x 2),Trajectories/2022-02-06/206_RR220206A_875C_2113.bmp || Trajectories/2022-04-11/338_RR220411A_734C_1915.bmp,/content/rl_quantum_2026summer/data/original data/Trajectories/2022-04-11/338_RR220411A_734C_1915.bmp,/content/rl_quantum_2026summer/data/original data/Trajectories/2022-02-06/206_RR220206A_875C_2113.bmp,2,1.0
Trajectories/2022-04-11/338_RR220411A_734C_1915.bmp,338_RR220411A_734C_1915.bmp,Trajectories/2022-02-06/206_RR220206A_875C_2113.bmp,206_RR220206A_875C_2113.bmp,Twinned(2 x 1),not_apply,SY,,2025-12-15T20:52:11.886048,,,,Twinned(2 x 1),Trajectories/2022-02-06/206_RR220206A_875C_2113.bmp || Trajectories/2022-04-11/338_RR220411A_734C_1915.bmp,/content/rl_quantum_2026summer/data/original data/Trajectories/2022-04-11/338_RR220411A_734C_1915.bmp,/content/rl_quantum_2026summer/data/original data/Trajectories/2022-02-06/206_RR220206A_875C_2113.bmp,1,1.0
Trajectories/2022-04-11/100_RR220411A_492C_1537.bmp,100_RR220411A_492C_1537.bmp,Trajectories/2022-02-04/159_RR220204A_501C_1809-01.bmp,159_RR220204A_501C_1809-01.bmp,Twinned(2 x 1),2,Jiangang,,2026-01-05T15:48:52.182908,305.0,327.0,Confident,Twinned(2 x 1),Trajectories/2022-02-04/159_RR220204A_501C_1809-01.bmp || Trajectories/2022-04-11/100_RR220411A_492C_1537.bmp,/content/rl_quantum_2026summer/data/original data/Trajectories/2022-04-11/100_RR220411A_492C_1537.bmp,/content/rl_quantum_2026summer/data/original data/Trajectories/2022-02-04/159_RR220204A_501C_1809-01.bmp,1,1.0
Trajectories/2022-04-11/100_RR220411A_492C_1537.bmp,100_RR220411A_492C_1537.bmp,Trajectories/2022-02-04/159_RR220204A_501C_1809-01.bmp,159_RR220204A_501C_1809-01.bmp,c(6 x 2),not_apply,Jiangang,,2026-01-05T15:48:53.139883,305.0,327.0,Confident,c(6 x 2),Trajectories/2022-02-04/159_RR220204A_501C_1809-01.bmp || Trajectories/2022-04-11/100_RR220411A_492C_1537.bmp,/content/rl_quantum_2026summer/data/original data/Trajectories/2022-04-11/100_RR220411A_492C_1537.bmp,/content/rl_quantum_2026summer/data/original data/Trajectories/2022-02-04/159_RR220204A_501C_1809-01.bmp,2,1.0
Trajectories/2022-04-11/100_RR220411A_492C_1537.bmp,100_RR220411A_492C_1537.bmp,Trajectories/2022-02-04/159_RR220204A_501C_1809-01.bmp,159_RR220204A_501C_1809-01.bmp,(1 x 1),1,Jiangang,,2026-01-05T15:48:54.039527,305.0,327.0,Confident,(1 x 1),Trajectories/2022-02-04/159_RR220204A_501C_1809-01.bmp || Trajectories/2022-04-11/100_RR220411A_492C_1537.bmp,/content/rl_quantum_2026summer/data/original data/Trajectories/2022-04-11/100_RR220411A_492C_1537.bmp,/content/rl_quantum_2026summer/data/original data/Trajectories/2022-02-04/159_RR220204A_501C_1809-01.bmp,0,1.0
Trajectories/2022-04-11/100_RR220411A_492C_1537.bmp,100_RR220411A_492C_1537.bmp,Trajectories/2022-02-04/159_RR220204A_501C_1809-01.bmp,159_RR220204A_501C_1809-01.bmp,HTR,not_apply,Jiangang,,2026-01-05T15:48:54.990813,305.0,327.0,Confident,HTR,Trajectories/2022-02-04/159_RR220204A_501C_1809-01.bmp || Trajectories/2022-04-11/100_RR220411A_492C_1537.bmp,/content/rl_quantum_2026summer/data/original data/Trajectories/2022-04-11/100_RR220411A_492C_1537.bmp,/content/rl_quantum_2026summer/data/original data/Trajectories/2022-02-04/159_RR220204A_501C_1809-01.bmp,4,1.0
Trajectories/2022-04-11/100_RR220411A_492C_1537.bmp,100_RR220411A_492C_1537.bmp,Trajectories/2022-02-04/159_RR220204A_501C_1809-01.bmp,159_RR220204A_501C_1809-01.bmp,(√13 x √13),2,Jiangang,,2026-01-05T15:48:55.985811,305.0,327.0,Confident,(√13 x √13),Trajectories/2022-02-04/159_RR220204A_501C_1809-01.bmp || Trajectories/2022-04-11/100_RR220411A_492C_1537.bmp,/content/rl_quantum_2026summer/data/original data/Trajectories/2022-04-11/100_RR220411A_492C_1537.bmp,/content/rl_quantum_2026summer/data/original data/Trajectories/2022-02-04/159_RR220204A_501C_1809-01.bmp,3,1.0
Trajectories/2022-02-04/385_RR220204A_939C_2340.bmp,385_RR220204A_939C_2340.bmp,Trajectories/2022-04-11/237_RR220411A_901C_1735.bmp,237_RR220411A_901C_1735.bmp,Twinned(2 x 1),not_apply,AJ,,2025-12-19T21:12:42.306726,190.0,202.0,Somewhat sure,Twinned(2 x 1),Trajectories/2022-02-04/385_RR220204A_939C_2340.bmp || Trajectories/2022-04-11/237_RR220411A_901C_1735.bmp,/content/rl_quantum_2026summer/data/original data/Trajectories/2022-02-04/385_RR220204A_939C_2340.bmp,/content/rl_quantum_2026summer/data/original data/Trajectories/2022-04-11/237_RR220411A_901C_1735.bmp,1,0.7
Trajectories/2022-02-04/385_RR220204A_939C_2340.bmp,385_RR220204A_939C_2340.bmp,Trajectories/2022-04-11/237_RR220411A_901C_1735.bmp,237_RR220411A_901C_1735.bmp,c(6 x 2),tie,AJ,,2025-12-19T21:12:43.432225,190.0,202.0,Somewhat sure,c(6 x 2),Trajectories/2022-02-04/385_RR220204A_939C_2340.bmp || Trajectories/2022-04-11/237_RR220411A_901C_1735.bmp,/content/rl_quantum_2026summer/data/original data/Trajectories/2022-02-04/385_RR220204A_939C_2340.bmp,/content/rl_quantum_2026summer/data/original data/Trajectories/2022-04-11/237_RR220411A_901C_1735.bmp,2,0.7
Trajectories/2022-02-04/385_RR220204A_939C_2340.bmp,385_RR220204A_939C_2340.bmp,Trajectories/2022-04-11/237_RR220411A_901C_1735.bmp,237_RR220411A_901C_1735.bmp,(1 x 1),not_apply,AJ,,2025-12-19T21:12:44.323391,190.0,202.0,Somewhat sure,(1 x 1),Trajectories/2022-02-04/385_RR220204A_939C_2340.bmp || Trajectories/2022-04-11/237_RR220411A_901C_1735.bmp,/content/rl_quantum_2026summer/data/original data/Trajectories/2022-02-04/385_RR220204A_939C_2340.bmp,/content/rl_quantum_2026summer/data/original data/Trajectories/2022-04-11/237_RR220411A_901C_1735.bmp,0,0.7
Trajectories/2022-02-04/385_RR220204A_939C_2340.bmp,385_RR220204A_939C_2340.bmp,Trajectories/2022-04-11/237_RR220411A_901C_1735.bmp,237_RR220411A_901C_1735.bmp,HTR,not_apply,AJ,,2025-12-19T21:12:45.359198,190.0,202.0,Somewhat sure,HTR,Trajectories/2022-02-04/385_RR220204A_939C_2340.bmp || Trajectories/2022-04-11/237_RR220411A_901C_1735.bmp,/content/rl_quantum_2026summer/data/original data/Trajectories/2022-02-04/385_RR220204A_939C_2340.bmp,/content/rl_quantum_2026summer/data/original data/Trajectories/2022-04-11/237_RR220411A_901C_1735.bmp,4,0.7
Trajectories/2022-02-04/385_RR220204A_939C_2340.bmp,385_RR220204A_939C_2340.bmp,Trajectories/2022-04-11/237_RR220411A_901C_1735.bmp,237_RR220411A_901C_1735.bmp,(√13 x √13),tie,AJ,,2025-12-19T21:12:46.700536,190.0,202.0,Somewhat sure,(√13 x √13),Trajectories/2022-02-04/385_RR220204A_939C_2340.bmp || Trajectories/2022-04-11/237_RR220411A_901C_1735.bmp,/content/rl_quantum_2026summer/data/original data/Trajectories/2022-02-04/385_RR220204A_939C_2340.bmp,/content/rl_quantum_2026summer/data/original data/Trajectories/2022-04-11/237_RR220411A_901C_1735.bmp,3,0.7
Trajectories/2022-02-04/206_RR220204A_641C_1841.bmp,206_RR220204A_641C_1841.bmp,Trajectories/2022-02-06/187_RR220206A_985C_2051.bmp,187_RR220206A_985C_2051.bmp,(1 x 1),1,AJ,,2025-12-11T15:19:52.474745,,,,(1 x 1),Trajectories/2022-02-04/206_RR220204A_641C_1841.bmp || Trajectories/2022-02-06/187_RR220206A_985C_2051.bmp,/content/rl_quantum_2026summer/data/original data/Trajectories/2022-02-04/206_RR220204A_641C_1841.bmp,/content/rl_quantum_2026summer/data/original data/Trajectories/2022-02-06/187_RR220206A_985C_2051.bmp,0,1.0
Trajectories/2022-02-04/206_RR220204A_641C_1841.bmp,206_RR220204A_641C_1841.bmp,Trajectories/2022-02-06/187_RR220206A_985C_2051.bmp,187_RR220206A_985C_2051.bmp,HTR,2,AJ,,2025-12-11T15:19:53.651543,,,,HTR,Trajectories/2022-02-04/206_RR220204A_641C_1841.bmp || Trajectories/2022-02-06/187_RR220206A_985C_2051.bmp,/content/rl_quantum_2026summer/data/original data/Trajectories/2022-02-04/206_RR220204A_641C_1841.bmp,/content/rl_quantum_2026summer/data/original data/Trajectories/2022-02-06/187_RR220206A_985C_2051.bmp,4,1.0
Trajectories/2022-04-11/363_RR220411A_661C_1929.bmp,363_RR220411A_661C_1929.bmp,Trajectories/2022-02-04/147_RR220204A_486C_1804.bmp,147_RR220204A_486C_1804.bmp,(√13 x √13),tie,AJ,,2025-12-06 01:19:25,,,,(√13 x √13),Trajectories/2022-02-04/147_RR220204A_486C_1804.bmp || Trajectories/2022-04-11/363_RR220411A_661C_1929.bmp,/content/rl_quantum_2026summer/data/original data/Trajectories/2022-04-11/363_RR220411A_661C_1929.bmp,/content/rl_quantum_2026summer/data/original data/Trajectories/2022-02-04/147_RR220204A_486C_1804.bmp,3,1.0
Trajectories/2022-02-06/230_RR220206A_767C_2143.bmp,230_RR220206A_767C_2143.bmp,Trajectories/2022-02-04/170_RR220204A_536C_1818.bmp,170_RR220204A_536C_1818.bmp,(√13 x √13),2,AJ,,2025-12-26T10:55:11.349541,183.0,211.0,Confident,(√13 x √13),Trajectories/2022-02-04/170_RR220204A_536C_1818.bmp || Trajectories/2022-02-06/230_RR220206A_767C_2143.bmp,/content/rl_quantum_2026summer/data/original data/Trajectories/2022-02-06/230_RR220206A_767C_2143.bmp,/content/rl_quantum_2026summer/data/original data/Trajectories/2022-02-04/170_RR220204A_536C_1818.bmp,3,1.0
Trajectories/2022-02-06/230_RR220206A_767C_2143.bmp,230_RR220206A_767C_2143.bmp,Trajectories/2022-02-04/170_RR220204A_536C_1818.bmp,170_RR220204A_536C_1818.bmp,c(6 x 2),2,AJ,,2025-12-26T10:55:12.497539,183.0,211.0,Confident,c(6 x 2),Trajectories/2022-02-04/170_RR220204A_536C_1818.bmp || Trajectories/2022-02-06/230_RR220206A_767C_2143.bmp,/content/rl_quantum_2026summer/data/original data/Trajectories/2022-02-06/230_RR220206A_767C_2143.bmp,/content/rl_quantum_2026summer/data/original data/Trajectories/2022-02-04/170_RR220204A_536C_1818.bmp,2,1.0
Trajectories/2022-02-06/230_RR220206A_767C_2143.bmp,230_RR220206A_767C_2143.bmp,Trajectories/2022-02-04/170_RR220204A_536C_1818.bmp,170_RR220204A_536C_1818.bmp,(1 x 1),not_apply,AJ,,2025-12-26T10:55:13.481292,183.0,211.0,Confident,(1 x 1),Trajectories/2022-02-04/170_RR220204A_536C_1818.bmp || Trajectories/2022-02-06/230_RR220206A_767C_2143.bmp,/content/rl_quantum_2026summer/data/original data/Trajectories/2022-02-06/230_RR220206A_767C_2143.bmp,/content/rl_quantum_2026summer/data/original data/Trajectories/2022-02-04/170_RR220204A_536C_1818.bmp,0,1.0
Trajectories/2022-02-06/230_RR220206A_767C_2143.bmp,230_RR220206A_767C_2143.bmp,Trajectories/2022-02-04/170_RR220204A_536C_1818.bmp,170_RR220204A_536C_1818.bmp,HTR,1,AJ,,2025-12-26T10:55:14.454887,183.0,211.0,Confident,HTR,Trajectories/2022-02-04/170_RR220204A_536C_1818.bmp || Trajectories/2022-02-06/230_RR220206A_767C_2143.bmp,/content/rl_quantum_2026summer/data/original data/Trajectories/2022-02-06/230_RR220206A_767C_2143.bmp,/content/rl_quantum_2026summer/data/original data/Trajectories/2022-02-04/170_RR220204A_536C_1818.bmp,4,1.0
Trajectories/2022-02-06/230_RR220206A_767C_2143.bmp,230_RR220206A_767C_2143.bmp,Trajectories/2022-02-04/170_RR220204A_536C_1818.bmp,170_RR220204A_536C_1818.bmp,Twinned(2 x 1),not_apply,AJ,,2025-12-26T10:55:15.524997,183.0,211.0,Confident,Twinned(2 x 1),Trajectories/2022-02-04/170_RR220204A_536C_1818.bmp || Trajectories/2022-02-06/230_RR220206A_767C_2143.bmp,/content/rl_quantum_2026summer/data/original data/Trajectories/2022-02-06/230_RR220206A_767C_2143.bmp,/content/rl_quantum_2026summer/data/original data/Trajectories/2022-02-04/170_RR220204A_536C_1818.bmp,1,1.0
Trajectories/2022-04-11/217_RR220411A_857C_1718.bmp,217_RR220411A_857C_1718.bmp,Trajectories/2022-02-06/129_RR220206A_912C_1929.bmp,129_RR220206A_912C_1929.bmp,Twinned(2 x 1),not_apply,SY,,2025-12-23T22:33:31.145573,250.0,265.0,Confident,Twinned(2 x 1),Trajectories/2022-02-06/129_RR220206A_912C_1929.bmp || Trajectories/2022-04-11/217_RR220411A_857C_1718.bmp,/content/rl_quantum_2026summer/data/original data/Trajectories/2022-04-11/217_RR220411A_857C_1718.bmp,/content/rl_quantum_2026summer/data/original data/Trajectories/2022-02-06/129_RR220206A_912C_1929.bmp,1,1.0
Trajectories/2022-04-11/217_RR220411A_857C_1718.bmp,217_RR220411A_857C_1718.bmp,Trajectories/2022-02-06/129_RR220206A_912C_1929.bmp,129_RR220206A_912C_1929.bmp,HTR,not_apply,SY,,2025-12-23T22:33:33.031986,250.0,265.0,Confident,HTR,Trajectories/2022-02-06/129_RR220206A_912C_1929.bmp || Trajectories/2022-04-11/217_RR220411A_857C_1718.bmp,/content/rl_quantum_2026summer/data/original data/Trajectories/2022-04-11/217_RR220411A_857C_1718.bmp,/content/rl_quantum_2026summer/data/original data/Trajectories/2022-02-06/129_RR220206A_912C_1929.bmp,4,1.0
Trajectories/2022-04-11/217_RR220411A_857C_1718.bmp,217_RR220411A_857C_1718.bmp,Trajectories/2022-02-06/129_RR220206A_912C_1929.bmp,129_RR220206A_912C_1929.bmp,(1 x 1),tie,SY,,2025-12-23T22:33:34.473753,250.0,265.0,Confident,(1 x 1),Trajectories/2022-02-06/129_RR220206A_912C_1929.bmp || Trajectories/2022-04-11/217_RR220411A_857C_1718.bmp,/content/rl_quantum_2026summer/data/original data/Trajectories/2022-04-11/217_RR220411A_857C_1718.bmp,/content/rl_quantum_2026summer/data/original data/Trajectories/2022-02-06/129_RR220206A_912C_1929.bmp,0,1.0
Trajectories/2022-04-11/217_RR220411A_857C_1718.bmp,217_RR220411A_857C_1718.bmp,Trajectories/2022-02-06/129_RR220206A_912C_1929.bmp,129_RR220206A_912C_1929.bmp,(√13 x √13),tie,SY,,2025-12-23T22:33:35.800721,250.0,265.0,Confident,(√13 x √13),Trajectories/2022-02-06/129_RR220206A_912C_1929.bmp || Trajectories/2022-04-11/217_RR220411A_857C_1718.bmp,/content/rl_quantum_2026summer/data/original data/Trajectories/2022-04-11/217_RR220411A_857C_1718.bmp,/content/rl_quantum_2026summer/data/original data/Trajectories/2022-02-06/129_RR220206A_912C_1929.bmp,3,1.0
Trajectories/2022-04-11/217_RR220411A_857C_1718.bmp,217_RR220411A_857C_1718.bmp,Trajectories/2022-02-06/129_RR220206A_912C_1929.bmp,129_RR220206A_912C_1929.bmp,c(6 x 2),tie,SY,,2025-12-23T22:33:37.245925,250.0,265.0,Confident,c(6 x 2),Trajectories/2022-02-06/129_RR220206A_912C_1929.bmp || Trajectories/2022-04-11/217_RR220411A_857C_1718.bmp,/content/rl_quantum_2026summer/data/original data/Trajectories/2022-04-11/217_RR220411A_857C_1718.bmp,/content/rl_quantum_2026summer/data/original data/Trajectories/2022-02-06/129_RR220206A_912C_1929.bmp,2,1.0
Trajectories/2022-02-06/207_RR220206A_875C_2114.bmp,207_RR220206A_875C_2114.bmp,Trajectories/2022-02-06/104_RR220206A_734C_1847.bmp,104_RR220206A_734C_1847.bmp,HTR,1,AJ,,2025-12-06 01:22:53,,,,HTR,Trajectories/2022-02-06/104_RR220206A_734C_1847.bmp || Trajectories/2022-02-06/207_RR220206A_875C_2114.bmp,/content/rl_quantum_2026summer/data/original data/Trajectories/2022-02-06/207_RR220206A_875C_2114.bmp,/content/rl_quantum_2026summer/data/original data/Trajectories/2022-02-06/104_RR220206A_734C_1847.bmp,4,1.0
Trajectories/2022-02-06/207_RR220206A_875C_2114.bmp,207_RR220206A_875C_2114.bmp,Trajectories/2022-02-06/104_RR220206A_734C_1847.bmp,104_RR220206A_734C_1847.bmp,(1 x 1),2,AJ,,2025-12-06 01:22:53,,,,(1 x 1),Trajectories/2022-02-06/104_RR220206A_734C_1847.bmp || Trajectories/2022-02-06/207_RR220206A_875C_2114.bmp,/content/rl_quantum_2026summer/data/original data/Trajectories/2022-02-06/207_RR220206A_875C_2114.bmp,/content/rl_quantum_2026summer/data/original data/Trajectories/2022-02-06/104_RR220206A_734C_1847.bmp,0,1.0
Trajectories/2022-02-04/332_RR220204A_941C_2057.bmp,332_RR220204A_941C_2057.bmp,Trajectories/2022-02-04/295_RR220204A_882C_2015.bmp,295_RR220204A_882C_2015.bmp,(√13 x √13),1,HL,,2025-12-15T20:55:33.117354,,,,(√13 x √13),Trajectories/2022-02-04/295_RR220204A_882C_2015.bmp || Trajectories/2022-02-04/332_RR220204A_941C_2057.bmp,/content/rl_quantum_2026summer/data/original data/Trajectories/2022-02-04/332_RR220204A_941C_2057.bmp,/content/rl_quantum_2026summer/data/original data/Trajectories/2022-02-04/295_RR220204A_882C_2015.bmp,3,1.0
Trajectories/2022-02-04/332_RR220204A_941C_2057.bmp,332_RR220204A_941C_2057.bmp,Trajectories/2022-02-04/295_RR220204A_882C_2015.bmp,295_RR220204A_882C_2015.bmp,(1 x 1),not_apply,HL,,2025-12-15T20:55:34.456809,,,,(1 x 1),Trajectories/2022-02-04/295_RR220204A_882C_2015.bmp || Trajectories/2022-02-04/332_RR220204A_941C_2057.bmp,/content/rl_quantum_2026summer/data/original data/Trajectories/2022-02-04/332_RR220204A_941C_2057.bmp,/content/rl_quantum_2026summer/data/original data/Trajectories/2022-02-04/295_RR220204A_882C_2015.bmp,0,1.0
Trajectories/2022-02-04/332_RR220204A_941C_2057.bmp,332_RR220204A_941C_2057.bmp,Trajectories/2022-02-04/295_RR220204A_882C_2015.bmp,295_RR220204A_882C_2015.bmp,Twinned(2 x 1),1,HL,,2025-12-15T20:55:35.719314,,,,Twinned(2 x 1),Trajectories/2022-02-04/295_RR220204A_882C_2015.bmp || Trajectories/2022-02-04/332_RR220204A_941C_2057.bmp,/content/rl_quantum_2026summer/data/original data/Trajectories/2022-02-04/332_RR220204A_941C_2057.bmp,/content/rl_quantum_2026summer/data/original data/Trajectories/2022-02-04/295_RR220204A_882C_2015.bmp,1,1.0
Trajectories/2022-02-04/332_RR220204A_941C_2057.bmp,332_RR220204A_941C_2057.bmp,Trajectories/2022-02-04/295_RR220204A_882C_2015.bmp,295_RR220204A_882C_2015.bmp,c(6 x 2),not_apply,HL,,2025-12-15T20:55:36.996716,,,,c(6 x 2),Trajectories/2022-02-04/295_RR220204A_882C_2015.bmp || Trajectories/2022-02-04/332_RR220204A_941C_2057.bmp,/content/rl_quantum_2026summer/data/original data/Trajectories/2022-02-04/332_RR220204A_941C_2057.bmp,/content/rl_quantum_2026summer/data/original data/Trajectories/2022-02-04/295_RR220204A_882C_2015.bmp,2,1.0
Trajectories/2022-02-04/332_RR220204A_941C_2057.bmp,332_RR220204A_941C_2057.bmp,Trajectories/2022-02-04/295_RR220204A_882C_2015.bmp,295_RR220204A_882C_2015.bmp,HTR,not_apply,HL,,2025-12-15T20:55:38.113637,,,,HTR,Trajectories/2022-02-04/295_RR220204A_882C_2015.bmp || Trajectories/2022-02-04/332_RR220204A_941C_2057.bmp,/content/rl_quantum_2026summer/data/original data/Trajectories/2022-02-04/332_RR220204A_941C_2057.bmp,/content/rl_quantum_2026summer/data/original data/Trajectories/2022-02-04/295_RR220204A_882C_2015.bmp,4,1.0
Trajectories/2022-04-11/113_RR220411A_539C_1548.bmp,113_RR220411A_539C_1548.bmp,Trajectories/2022-02-04/188_RR220204A_579C_1829.bmp,188_RR220204A_579C_1829.bmp,c(6 x 2),not_apply,SY,,2025-12-10T17:01:03.728361,,,,c(6 x 2),Trajectories/2022-02-04/188_RR220204A_579C_1829.bmp || Trajectories/2022-04-11/113_RR220411A_539C_1548.bmp,/content/rl_quantum_2026summer/data/original data/Trajectories/2022-04-11/113_RR220411A_539C_1548.bmp,/content/rl_quantum_2026summer/data/original data/Trajectories/2022-02-04/188_RR220204A_579C_1829.bmp,2,1.0
Trajectories/2022-04-11/113_RR220411A_539C_1548.bmp,113_RR220411A_539C_1548.bmp,Trajectories/2022-02-04/188_RR220204A_579C_1829.bmp,188_RR220204A_579C_1829.bmp,(1 x 1),tie,SY,,2025-12-10T17:01:04.465418,,,,(1 x 1),Trajectories/2022-02-04/188_RR220204A_579C_1829.bmp || Trajectories/2022-04-11/113_RR220411A_539C_1548.bmp,/content/rl_quantum_2026summer/data/original data/Trajectories/2022-04-11/113_RR220411A_539C_1548.bmp,/content/rl_quantum_2026summer/data/original data/Trajectories/2022-02-04/188_RR220204A_579C_1829.bmp,0,1.0
Trajectories/2022-04-11/113_RR220411A_539C_1548.bmp,113_RR220411A_539C_1548.bmp,Trajectories/2022-02-04/188_RR220204A_579C_1829.bmp,188_RR220204A_579C_1829.bmp,HTR,not_apply,SY,,2025-12-10T17:01:05.120488,,,,HTR,Trajectories/2022-02-04/188_RR220204A_579C_1829.bmp || Trajectories/2022-04-11/113_RR220411A_539C_1548.bmp,/content/rl_quantum_2026summer/data/original data/Trajectories/2022-04-11/113_RR220411A_539C_1548.bmp,/content/rl_quantum_2026summer/data/original data/Trajectories/2022-02-04/188_RR220204A_579C_1829.bmp,4,1.0
Trajectories/2022-04-11/113_RR220411A_539C_1548.bmp,113_RR220411A_539C_1548.bmp,Trajectories/2022-02-04/188_RR220204A_579C_1829.bmp,188_RR220204A_579C_1829.bmp,Twinned(2 x 1),2,SY,,2025-12-10T17:01:05.862160,,,,Twinned(2 x 1),Trajectories/2022-02-04/188_RR220204A_579C_1829.bmp || Trajectories/2022-04-11/113_RR220411A_539C_1548.bmp,/content/rl_quantum_2026summer/data/original data/Trajectories/2022-04-11/113_RR220411A_539C_1548.bmp,/content/rl_quantum_2026summer/data/original data/Trajectories/2022-02-04/188_RR220204A_579C_1829.bmp,1,1.0
Trajectories/2022-04-11/113_RR220411A_539C_1548.bmp,113_RR220411A_539C_1548.bmp,Trajectories/2022-02-04/188_RR220204A_579C_1829.bmp,188_RR220204A_579C_1829.bmp,(√13 x √13),2,SY,,2025-12-10T17:01:06.551693,,,,(√13 x √13),Trajectories/2022-02-04/188_RR220204A_579C_1829.bmp || Trajectories/2022-04-11/113_RR220411A_539C_1548.bmp,/content/rl_quantum_2026summer/data/original data/Trajectories/2022-04-11/113_RR220411A_539C_1548.bmp,/content/rl_quantum_2026summer/data/original data/Trajectories/2022-02-04/188_RR220204A_579C_1829.bmp,3,1.0
Trajectories/2022-02-04/161_RR220204A_504C_1810.bmp,161_RR220204A_504C_1810.bmp,Trajectories/2022-02-04/160_RR220204A_501C_1809-02.bmp,160_RR220204A_501C_1809-02.bmp,(√13 x √13),tie,AJ,,2025-12-12T00:07:09.648751,,,,(√13 x √13),Trajectories/2022-02-04/160_RR220204A_501C_1809-02.bmp || Trajectories/2022-02-04/161_RR220204A_504C_1810.bmp,/content/rl_quantum_2026summer/data/original data/Trajectories/2022-02-04/161_RR220204A_504C_1810.bmp,/content/rl_quantum_2026summer/data/original data/Trajectories/2022-02-04/160_RR220204A_501C_1809-02.bmp,3,1.0
Trajectories/2022-04-11/088_RR220411A_459C_1527.bmp,088_RR220411A_459C_1527.bmp,Trajectories/2022-02-04/133_RR220204A_467C_1754-01.bmp,133_RR220204A_467C_1754-01.bmp,Twinned(2 x 1),2,SY,,2025-12-10T16:58:22.117787,,,,Twinned(2 x 1),Trajectories/2022-02-04/133_RR220204A_467C_1754-01.bmp || Trajectories/2022-04-11/088_RR220411A_459C_1527.bmp,/content/rl_quantum_2026summer/data/original data/Trajectories/2022-04-11/088_RR220411A_459C_1527.bmp,/content/rl_quantum_2026summer/data/original data/Trajectories/2022-02-04/133_RR220204A_467C_1754-01.bmp,1,1.0
Trajectories/2022-04-11/088_RR220411A_459C_1527.bmp,088_RR220411A_459C_1527.bmp,Trajectories/2022-02-04/133_RR220204A_467C_1754-01.bmp,133_RR220204A_467C_1754-01.bmp,(1 x 1),1,SY,,2025-12-10T16:58:22.926371,,,,(1 x 1),Trajectories/2022-02-04/133_RR220204A_467C_1754-01.bmp || Trajectories/2022-04-11/088_RR220411A_459C_1527.bmp,/content/rl_quantum_2026summer/data/original data/Trajectories/2022-04-11/088_RR220411A_459C_1527.bmp,/content/rl_quantum_2026summer/data/original data/Trajectories/2022-02-04/133_RR220204A_467C_1754-01.bmp,0,1.0
Trajectories/2022-04-11/088_RR220411A_459C_1527.bmp,088_RR220411A_459C_1527.bmp,Trajectories/2022-02-04/133_RR220204A_467C_1754-01.bmp,133_RR220204A_467C_1754-01.bmp,c(6 x 2),not_apply,SY,,2025-12-10T16:58:23.645510,,,,c(6 x 2),Trajectories/2022-02-04/133_RR220204A_467C_1754-01.bmp || Trajectories/2022-04-11/088_RR220411A_459C_1527.bmp,/content/rl_quantum_2026summer/data/original data/Trajectories/2022-04-11/088_RR220411A_459C_1527.bmp,/content/rl_quantum_2026summer/data/original data/Trajectories/2022-02-04/133_RR220204A_467C_1754-01.bmp,2,1.0
Trajectories/2022-04-11/088_RR220411A_459C_1527.bmp,088_RR220411A_459C_1527.bmp,Trajectories/2022-02-04/133_RR220204A_467C_1754-01.bmp,133_RR220204A_467C_1754-01.bmp,HTR,not_apply,SY,,2025-12-10T16:58:24.312589,,,,HTR,Trajectories/2022-02-04/133_RR220204A_467C_1754-01.bmp || Trajectories/2022-04-11/088_RR220411A_459C_1527.bmp,/content/rl_quantum_2026summer/data/original data/Trajectories/2022-04-11/088_RR220411A_459C_1527.bmp,/content/rl_quantum_2026summer/data/original data/Trajectories/2022-02-04/133_RR220204A_467C_1754-01.bmp,4,1.0
Trajectories/2022-04-11/088_RR220411A_459C_1527.bmp,088_RR220411A_459C_1527.bmp,Trajectories/2022-02-04/133_RR220204A_467C_1754-01.bmp,133_RR220204A_467C_1754-01.bmp,(√13 x √13),2,SY,,2025-12-10T16:58:24.951554,,,,(√13 x √13),Trajectories/2022-02-04/133_RR220204A_467C_1754-01.bmp || Trajectories/2022-04-11/088_RR220411A_459C_1527.bmp,/content/rl_quantum_2026summer/data/original data/Trajectories/2022-04-11/088_RR220411A_459C_1527.bmp,/content/rl_quantum_2026summer/data/original data/Trajectories/2022-02-04/133_RR220204A_467C_1754-01.bmp,3,1.0
Trajectories/2022-02-06/241_RR220206A_692C_2157.bmp,241_RR220206A_692C_2157.bmp,Trajectories/2022-04-11/201_RR220411A_843C_1711-01.bmp,201_RR220411A_843C_1711-01.bmp,Twinned(2 x 1),not_apply,HL,,2026-01-06T21:51:01.638435,312.0,308.0,Confident,Twinned(2 x 1),Trajectories/2022-02-06/241_RR220206A_692C_2157.bmp || Trajectories/2022-04-11/201_RR220411A_843C_1711-01.bmp,/content/rl_quantum_2026summer/data/original data/Trajectories/2022-02-06/241_RR220206A_692C_2157.bmp,/content/rl_quantum_2026summer/data/original data/Trajectories/2022-04-11/201_RR220411A_843C_1711-01.bmp,1,1.0
Trajectories/2022-02-06/241_RR220206A_692C_2157.bmp,241_RR220206A_692C_2157.bmp,Trajectories/2022-04-11/201_RR220411A_843C_1711-01.bmp,201_RR220411A_843C_1711-01.bmp,(1 x 1),1,HL,,2026-01-06T21:51:02.759982,312.0,308.0,Confident,(1 x 1),Trajectories/2022-02-06/241_RR220206A_692C_2157.bmp || Trajectories/2022-04-11/201_RR220411A_843C_1711-01.bmp,/content/rl_quantum_2026summer/data/original data/Trajectories/2022-02-06/241_RR220206A_692C_2157.bmp,/content/rl_quantum_2026summer/data/original data/Trajectories/2022-04-11/201_RR220411A_843C_1711-01.bmp,0,1.0
Trajectories/2022-02-06/241_RR220206A_692C_2157.bmp,241_RR220206A_692C_2157.bmp,Trajectories/2022-04-11/201_RR220411A_843C_1711-01.bmp,201_RR220411A_843C_1711-01.bmp,(√13 x √13),2,HL,,2026-01-06T21:51:03.653875,312.0,308.0,Confident,(√13 x √13),Trajectories/2022-02-06/241_RR220206A_692C_2157.bmp || Trajectories/2022-04-11/201_RR220411A_843C_1711-01.bmp,/content/rl_quantum_2026summer/data/original data/Trajectories/2022-02-06/241_RR220206A_692C_2157.bmp,/content/rl_quantum_2026summer/data/original data/Trajectories/2022-04-11/201_RR220411A_843C_1711-01.bmp,3,1.0
Trajectories/2022-02-06/241_RR220206A_692C_2157.bmp,241_RR220206A_692C_2157.bmp,Trajectories/2022-04-11/201_RR220411A_843C_1711-01.bmp,201_RR220411A_843C_1711-01.bmp,HTR,1,HL,,2026-01-06T21:51:04.502073,312.0,308.0,Confident,HTR,Trajectories/2022-02-06/241_RR220206A_692C_2157.bmp || Trajectories/2022-04-11/201_RR220411A_843C_1711-01.bmp,/content/rl_quantum_2026summer/data/original data/Trajectories/2022-02-06/241_RR220206A_692C_2157.bmp,/content/rl_quantum_2026summer/data/original data/Trajectories/2022-04-11/201_RR220411A_843C_1711-01.bmp,4,1.0
Trajectories/2022-02-06/241_RR220206A_692C_2157.bmp,241_RR220206A_692C_2157.bmp,Trajectories/2022-04-11/201_RR220411A_843C_1711-01.bmp,201_RR220411A_843C_1711-01.bmp,c(6 x 2),not_apply,HL,,2026-01-06T21:51:05.408432,312.0,308.0,Confident,c(6 x 2),Trajectories/2022-02-06/241_RR220206A_692C_2157.bmp || Trajectories/2022-04-11/201_RR220411A_843C_1711-01.bmp,/content/rl_quantum_2026summer/data/original data/Trajectories/2022-02-06/241_RR220206A_692C_2157.bmp,/content/rl_quantum_2026summer/data/original data/Trajectories/2022-04-11/201_RR220411A_843C_1711-01.bmp,2,1.0
