Image1_Path,Image1_Name,Image2_Path,Image2_Name,Reconstruction_Type,Winner,Labeler_Name,Notes,Created_At,Brightness_1,Brightness_2,Confidence,canonical_type,pair_id,resolved_img1,resolved_img2,type_idx,confidence_weight
Trajectories/2022-04-11/443_RR220411A_303C_2007.bmp,443_RR220411A_303C_2007.bmp,Trajectories/2022-04-11/397_RR220411A_528C_1948.bmp,397_RR220411A_528C_1948.bmp,(√13 x √13),tie,AJ,,2025-12-12T00:18:11.173158,,,,(√13 x √13),Trajectories/2022-04-11/397_RR220411A_528C_1948.bmp || Trajectories/2022-04-11/443_RR220411A_303C_2007.bmp,/content/rl_quantum_2026summer/data/original data/Trajectories/2022-04-11/443_RR220411A_303C_2007.bmp,/content/rl_quantum_2026summer/data/original data/Trajectories/2022-04-11/397_RR220411A_528C_1948.bmp,3,1.0
Trajectories/2022-02-06/048_RR220206A_175C_1736.bmp,048_RR220206A_175C_1736.bmp,Trajectories/2022-04-11/189_RR220411A_822C_1703.bmp,189_RR220411A_822C_1703.bmp,HTR,not_apply,HL,,2026-01-06T21:47:08.538700,324.0,287.0,Confident,HTR,Trajectories/2022-02-06/048_RR220206A_175C_1736.bmp || Trajectories/2022-04-11/189_RR220411A_822C_1703.bmp,/content/rl_quantum_2026summer/data/original data/Trajectories/2022-02-06/048_RR220206A_175C_1736.bmp,/content/rl_quantum_2026summer/data/original data/Trajectories/2022-04-11/189_RR220411A_822C_1703.bmp,4,1.0
Trajectories/2022-02-06/048_RR220206A_175C_1736.bmp,048_RR220206A_175C_1736.bmp,Trajectories/2022-04-11/189_RR220411A_822C_1703.bmp,189_RR220411A_822C_1703.bmp,Twinned(2 x 1),not_apply,HL,,2026-01-06T21:47:09.296451,324.0,287.0,Confident,Twinned(2 x 1),Trajectories/2022-02-06/048_RR220206A_175C_1736.bmp || Trajectories/2022-04-11/189_RR220411A_822C_1703.bmp,/content/rl_quantum_2026summer/data/original data/Trajectories/2022-02-06/048_RR220206A_175C_1736.bmp,/content/rl_quantum_2026summer/data/original data/Trajectories/2022-04-11/189_RR220411A_822C_1703.bmp,1,1.0
Trajectories/2022-02-06/048_RR220206A_175C_1736.bmp,048_RR220206A_175C_1736.bmp,Trajectories/2022-04-11/189_RR220411A_822C_1703.bmp,189_RR220411A_822C_1703.bmp,(1 x 1),tie,HL,,2026-01-06T21:47:10.047898,324.0,287.0,Confident,(1 x 1),Trajectories/2022-02-06/048_RR220206A_175C_1736.bmp || Trajectories/2022-04-11/189_RR220411A_822C_1703.bmp,/content/rl_quantum_2026summer/data/original data/Trajectories/2022-02-06/048_RR220206A_175C_1736.bmp,/content/rl_quantum_2026summer/data/original data/Trajectories/2022-04-11/189_RR220411A_822C_1703.bmp,0,1.0
Trajectories/2022-02-06/048_RR220206A_175C_1736.bmp,048_RR220206A_175C_1736.bmp,Trajectories/2022-04-11/189_RR220411A_822C_1703.bmp,189_RR220411A_822C_1703.bmp,(√13 x √13),not_apply,HL,,2026-01-06T21:47:10.790309,324.0,287.0,Confident,(√13 x √13),Trajectories/2022-02-06/048_RR220206A_175C_1736.bmp || Trajectories/2022-04-11/189_RR220411A_822C_1703.bmp,/content/rl_quantum_2026summer/data/original data/Trajectories/2022-02-06/048_RR220206A_175C_1736.bmp,/content/rl_quantum_2026summer/data/original data/Trajectories/2022-04-11/189_RR220411A_822C_1703.bmp,3,1.0
Trajectories/2022-02-06/048_RR220206A_175C_1736.bmp,048_RR220206A_175C_1736.bmp,Trajectories/2022-04-11/189_RR220411A_822C_1703.bmp,189_RR220411A_822C_1703.bmp,c(6 x 2),not_apply,HL,,2026-01-06T21:47:11.586590,324.0,287.0,Confident,c(6 x 2),Trajectories/2022-02-06/048_RR220206A_175C_1736.bmp || Trajectories/2022-04-11/189_RR220411A_822C_1703.bmp,/content/rl_quantum_2026summer/data/original data/Trajectories/2022-02-06/048_RR220206A_175C_1736.bmp,/content/rl_quantum_2026summer/data/original data/Trajectories/2022-04-11/189_RR220411A_822C_1703.bmp,2,1.0
Trajectories/2022-02-04/309_RR220204A_911C_2027.bmp,309_RR220204A_911C_2027.bmp,Trajectories/2022-02-04/361_RR220204A_947C_2156.bmp,361_RR220204A_947C_2156.bmp,(√13 x √13),tie,AJ,,2025-12-06 01:23:38,,,,(√13 x √13),Trajectories/2022-02-04/309_RR220204A_911C_2027.bmp || Trajectories/2022-02-04/361_RR220204A_947C_2156.bmp,/content/rl_quantum_2026summer/data/original data/Trajectories/2022-02-04/309_RR220204A_911C_2027.bmp,/content/rl_quantum_2026summer/data/original data/Trajectories/2022-02-04/361_RR220204A_947C_2156.bmp,3,1.0
Trajectories/2022-02-04/194_RR220204A_610C_1832.bmp,194_RR220204A_610C_1832.bmp,Trajectories/2022-02-06/119_RR220206A_871C_1918.bmp,119_RR220206A_871C_1918.bmp,c(6 x 2),2,SY,,2025-12-10T17:00:00.739215,,,,c(6 x 2),Trajectories/2022-02-04/194_RR220204A_610C_1832.bmp || Trajectories/2022-02-06/119_RR220206A_871C_1918.bmp,/content/rl_quantum_2026summer/data/original data/Trajectories/2022-02-04/194_RR220204A_610C_1832.bmp,/content/rl_quantum_2026summer/data/original data/Trajectories/2022-02-06/119_RR220206A_871C_1918.bmp,2,1.0
Trajectories/2022-02-04/194_RR220204A_610C_1832.bmp,194_RR220204A_610C_1832.bmp,Trajectories/2022-02-06/119_RR220206A_871C_1918.bmp,119_RR220206A_871C_1918.bmp,Twinned(2 x 1),1,SY,,2025-12-10T17:00:01.408896,,,,Twinned(2 x 1),Trajectories/2022-02-04/194_RR220204A_610C_1832.bmp || Trajectories/2022-02-06/119_RR220206A_871C_1918.bmp,/content/rl_quantum_2026summer/data/original data/Trajectories/2022-02-04/194_RR220204A_610C_1832.bmp,/content/rl_quantum_2026summer/data/original data/Trajectories/2022-02-06/119_RR220206A_871C_1918.bmp,1,1.0
Trajectories/2022-02-04/194_RR220204A_610C_1832.bmp,194_RR220204A_610C_1832.bmp,Trajectories/2022-02-06/119_RR220206A_871C_1918.bmp,119_RR220206A_871C_1918.bmp,(√13 x √13),1,SY,,2025-12-10T17:00:02.074935,,,,(√13 x √13),Trajectories/2022-02-04/194_RR220204A_610C_1832.bmp || Trajectories/2022-02-06/119_RR220206A_871C_1918.bmp,/content/rl_quantum_2026summer/data/original data/Trajectories/2022-02-04/194_RR220204A_610C_1832.bmp,/content/rl_quantum_2026summer/data/original data/Trajectories/2022-02-06/119_RR220206A_871C_1918.bmp,3,1.0
Trajectories/2022-02-04/194_RR220204A_610C_1832.bmp,194_RR220204A_610C_1832.bmp,Trajectories/2022-02-06/119_RR220206A_871C_1918.bmp,119_RR220206A_871C_1918.bmp,HTR,2,SY,,2025-12-10T17:00:02.734149,,,,HTR,Trajectories/2022-02-04/194_RR220204A_610C_1832.bmp || Trajectories/2022-02-06/119_RR220206A_871C_1918.bmp,/content/rl_quantum_2026summer/data/original data/Trajectories/2022-02-04/194_RR220204A_610C_1832.bmp,/content/rl_quantum_2026summer/data/original data/Trajectories/2022-02-06/119_RR220206A_871C_1918.bmp,4,1.0
Trajectories/2022-02-04/194_RR220204A_610C_1832.bmp,194_RR220204A_610C_1832.bmp,Trajectories/2022-02-06/119_RR220206A_871C_1918.bmp,119_RR220206A_871C_1918.bmp,(1 x 1),1,SY,,2025-12-10T17:00:03.603690,,,,(1 x 1),Trajectories/2022-02-04/194_RR220204A_610C_1832.bmp || Trajectories/2022-02-06/119_RR220206A_871C_1918.bmp,/content/rl_quantum_2026summer/data/original data/Trajectories/2022-02-04/194_RR220204A_610C_1832.bmp,/content/rl_quantum_2026summer/data/original data/Trajectories/2022-02-06/119_RR220206A_871C_1918.bmp,0,1.0
Trajectories/2022-04-11/011_RR220411A_219C_1424.bmp,011_RR220411A_219C_1424.bmp,Trajectories/2022-02-06/016_RR220206A_165C_1704-03.bmp,016_RR220206A_165C_1704-03.bmp,Twinned(2 x 1),not_apply,SY,,2025-12-11T15:11:43.075851,,,,Twinned(2 x 1),Trajectories/2022-02-06/016_RR220206A_165C_1704-03.bmp || Trajectories/2022-04-11/011_RR220411A_219C_1424.bmp,/content/rl_quantum_2026summer/data/original data/Trajectories/2022-04-11/011_RR220411A_219C_1424.bmp,/content/rl_quantum_2026summer/data/original data/Trajectories/2022-02-06/016_RR220206A_165C_1704-03.bmp,1,1.0
Trajectories/2022-04-11/011_RR220411A_219C_1424.bmp,011_RR220411A_219C_1424.bmp,Trajectories/2022-02-06/016_RR220206A_165C_1704-03.bmp,016_RR220206A_165C_1704-03.bmp,HTR,1,SY,,2025-12-11T15:11:44.123863,,,,HTR,Trajectories/2022-02-06/016_RR220206A_165C_1704-03.bmp || Trajectories/2022-04-11/011_RR220411A_219C_1424.bmp,/content/rl_quantum_2026summer/data/original data/Trajectories/2022-04-11/011_RR220411A_219C_1424.bmp,/content/rl_quantum_2026summer/data/original data/Trajectories/2022-02-06/016_RR220206A_165C_1704-03.bmp,4,1.0
Trajectories/2022-04-11/011_RR220411A_219C_1424.bmp,011_RR220411A_219C_1424.bmp,Trajectories/2022-02-06/016_RR220206A_165C_1704-03.bmp,016_RR220206A_165C_1704-03.bmp,(1 x 1),1,SY,,2025-12-11T15:11:45.065479,,,,(1 x 1),Trajectories/2022-02-06/016_RR220206A_165C_1704-03.bmp || Trajectories/2022-04-11/011_RR220411A_219C_1424.bmp,/content/rl_quantum_2026summer/data/original data/Trajectories/2022-04-11/011_RR220411A_219C_1424.bmp,/content/rl_quantum_2026summer/data/original data/Trajectories/2022-02-06/016_RR220206A_165C_1704-03.bmp,0,1.0
Trajectories/2022-04-11/011_RR220411A_219C_1424.bmp,011_RR220411A_219C_1424.bmp,Trajectories/2022-02-06/016_RR220206A_165C_1704-03.bmp,016_RR220206A_165C_1704-03.bmp,c(6 x 2),not_apply,SY,,2025-12-11T15:11:45.779871,,,,c(6 x 2),Trajectories/2022-02-06/016_RR220206A_165C_1704-03.bmp || Trajectories/2022-04-11/011_RR220411A_219C_1424.bmp,/content/rl_quantum_2026summer/data/original data/Trajectories/2022-04-11/011_RR220411A_219C_1424.bmp,/content/rl_quantum_2026summer/data/original data/Trajectories/2022-02-06/016_RR220206A_165C_1704-03.bmp,2,1.0
Trajectories/2022-04-11/011_RR220411A_219C_1424.bmp,011_RR220411A_219C_1424.bmp,Trajectories/2022-02-06/016_RR220206A_165C_1704-03.bmp,016_RR220206A_165C_1704-03.bmp,(√13 x √13),not_apply,SY,,2025-12-11T15:11:46.484415,,,,(√13 x √13),Trajectories/2022-02-06/016_RR220206A_165C_1704-03.bmp || Trajectories/2022-04-11/011_RR220411A_219C_1424.bmp,/content/rl_quantum_2026summer/data/original data/Trajectories/2022-04-11/011_RR220411A_219C_1424.bmp,/content/rl_quantum_2026summer/data/original data/Trajectories/2022-02-06/016_RR220206A_165C_1704-03.bmp,3,1.0
Trajectories/2022-02-06/057_RR220206A_249C_1744.bmp,057_RR220206A_249C_1744.bmp,Trajectories/2022-02-06/154_RR220206A_1092C_2003-02.bmp,154_RR220206A_1092C_2003-02.bmp,(1 x 1),1,AJ,,2025-12-06 01:17:47,,,,(1 x 1),Trajectories/2022-02-06/057_RR220206A_249C_1744.bmp || Trajectories/2022-02-06/154_RR220206A_1092C_2003-02.bmp,/content/rl_quantum_2026summer/data/original data/Trajectories/2022-02-06/057_RR220206A_249C_1744.bmp,/content/rl_quantum_2026summer/data/original data/Trajectories/2022-02-06/154_RR220206A_1092C_2003-02.bmp,0,1.0
Trajectories/2022-02-06/057_RR220206A_249C_1744.bmp,057_RR220206A_249C_1744.bmp,Trajectories/2022-02-06/154_RR220206A_1092C_2003-02.bmp,154_RR220206A_1092C_2003-02.bmp,HTR,2,AJ,,2025-12-06 01:17:47,,,,HTR,Trajectories/2022-02-06/057_RR220206A_249C_1744.bmp || Trajectories/2022-02-06/154_RR220206A_1092C_2003-02.bmp,/content/rl_quantum_2026summer/data/original data/Trajectories/2022-02-06/057_RR220206A_249C_1744.bmp,/content/rl_quantum_2026summer/data/original data/Trajectories/2022-02-06/154_RR220206A_1092C_2003-02.bmp,4,1.0
Trajectories/2022-02-04/049_RR220204A_218C_0201.bmp,049_RR220204A_218C_0201.bmp,Trajectories/2022-02-04/307_RR220204A_912C_2025.bmp,307_RR220204A_912C_2025.bmp,(1 x 1),tie,SY,,2025-12-10T16:54:22.255228,,,,(1 x 1),Trajectories/2022-02-04/049_RR220204A_218C_0201.bmp || Trajectories/2022-02-04/307_RR220204A_912C_2025.bmp,/content/rl_quantum_2026summer/data/original data/Trajectories/2022-02-04/049_RR220204A_218C_0201.bmp,/content/rl_quantum_2026summer/data/original data/Trajectories/2022-02-04/307_RR220204A_912C_2025.bmp,0,1.0
Trajectories/2022-02-04/049_RR220204A_218C_0201.bmp,049_RR220204A_218C_0201.bmp,Trajectories/2022-02-04/307_RR220204A_912C_2025.bmp,307_RR220204A_912C_2025.bmp,HTR,not_apply,SY,,2025-12-10T16:54:23.058574,,,,HTR,Trajectories/2022-02-04/049_RR220204A_218C_0201.bmp || Trajectories/2022-02-04/307_RR220204A_912C_2025.bmp,/content/rl_quantum_2026summer/data/original data/Trajectories/2022-02-04/049_RR220204A_218C_0201.bmp,/content/rl_quantum_2026summer/data/original data/Trajectories/2022-02-04/307_RR220204A_912C_2025.bmp,4,1.0
Trajectories/2022-02-04/049_RR220204A_218C_0201.bmp,049_RR220204A_218C_0201.bmp,Trajectories/2022-02-04/307_RR220204A_912C_2025.bmp,307_RR220204A_912C_2025.bmp,(√13 x √13),2,SY,,2025-12-10T16:54:23.808624,,,,(√13 x √13),Trajectories/2022-02-04/049_RR220204A_218C_0201.bmp || Trajectories/2022-02-04/307_RR220204A_912C_2025.bmp,/content/rl_quantum_2026summer/data/original data/Trajectories/2022-02-04/049_RR220204A_218C_0201.bmp,/content/rl_quantum_2026summer/data/original data/Trajectories/2022-02-04/307_RR220204A_912C_2025.bmp,3,1.0
Trajectories/2022-02-04/049_RR220204A_218C_0201.bmp,049_RR220204A_218C_0201.bmp,Trajectories/2022-02-04/307_RR220204A_912C_2025.bmp,307_RR220204A_912C_2025.bmp,c(6 x 2),not_apply,SY,,2025-12-10T16:54:24.538820,,,,c(6 x 2),Trajectories/2022-02-04/049_RR220204A_218C_0201.bmp || Trajectories/2022-02-04/307_RR220204A_912C_2025.bmp,/content/rl_quantum_2026summer/data/original data/Trajectories/2022-02-04/049_RR220204A_218C_0201.bmp,/content/rl_quantum_2026summer/data/original data/Trajectories/2022-02-04/307_RR220204A_912C_2025.bmp,2,1.0
Trajectories/2022-02-04/049_RR220204A_218C_0201.bmp,049_RR220204A_218C_0201.bmp,Trajectories/2022-02-04/307_RR220204A_912C_2025.bmp,307_RR220204A_912C_2025.bmp,Twinned(2 x 1),1,SY,,2025-12-10T16:54:25.263096,,,,Twinned(2 x 1),Trajectories/2022-02-04/049_RR220204A_218C_0201.bmp || Trajectories/2022-02-04/307_RR220204A_912C_2025.bmp,/content/rl_quantum_2026summer/data/original data/Trajectories/2022-02-04/049_RR220204A_218C_0201.bmp,/content/rl_quantum_2026summer/data/original data/Trajectories/2022-02-04/307_RR220204A_912C_2025.bmp,1,1.0
Trajectories/2022-04-11/067_RR220411A_416C_1513-02.bmp,067_RR220411A_416C_1513-02.bmp,Trajectories/2022-02-06/097_RR220206A_654C_1837.bmp,097_RR220206A_654C_1837.bmp,HTR,not_apply,HL,,2026-01-02T22:18:06.296425,246.0,250.0,Confident,HTR,Trajectories/2022-02-06/097_RR220206A_654C_1837.bmp || Trajectories/2022-04-11/067_RR220411A_416C_1513-02.bmp,/content/rl_quantum_2026summer/data/original data/Trajectories/2022-04-11/067_RR220411A_416C_1513-02.bmp,/content/rl_quantum_2026summer/data/original data/Trajectories/2022-02-06/097_RR220206A_654C_1837.bmp,4,1.0
Trajectories/2022-04-11/067_RR220411A_416C_1513-02.bmp,067_RR220411A_416C_1513-02.bmp,Trajectories/2022-02-06/097_RR220206A_654C_1837.bmp,097_RR220206A_654C_1837.bmp,(√13 x √13),not_apply,HL,,2026-01-02T22:18:07.732904,246.0,250.0,Confident,(√13 x √13),Trajectories/2022-02-06/097_RR220206A_654C_1837.bmp || Trajectories/2022-04-11/067_RR220411A_416C_1513-02.bmp,/content/rl_quantum_2026summer/data/original data/Trajectories/2022-04-11/067_RR220411A_416C_1513-02.bmp,/content/rl_quantum_2026summer/data/original data/Trajectories/2022-02-06/097_RR220206A_654C_1837.bmp,3,1.0
Trajectories/2022-04-11/067_RR220411A_416C_1513-02.bmp,067_RR220411A_416C_1513-02.bmp,Trajectories/2022-02-06/097_RR220206A_654C_1837.bmp,097_RR220206A_654C_1837.bmp,c(6 x 2),not_apply,HL,,2026-01-02T22:18:08.941524,246.0,250.0,Confident,c(6 x 2),Trajectories/2022-02-06/097_RR220206A_654C_1837.bmp || Trajectories/2022-04-11/067_RR220411A_416C_1513-02.bmp,/content/rl_quantum_2026summer/data/original data/Trajectories/2022-04-11/067_RR220411A_416C_1513-02.bmp,/content/rl_quantum_2026summer/data/original data/Trajectories/2022-02-06/097_RR220206A_654C_1837.bmp,2,1.0
Trajectories/2022-04-11/067_RR220411A_416C_1513-02.bmp,067_RR220411A_416C_1513-02.bmp,Trajectories/2022-02-06/097_RR220206A_654C_1837.bmp,097_RR220206A_654C_1837.bmp,(1 x 1),1,HL,,2026-01-02T22:18:10.133502,246.0,250.0,Confident,(1 x 1),Trajectories/2022-02-06/097_RR220206A_654C_1837.bmp || Trajectories/2022-04-11/067_RR220411A_416C_1513-02.bmp,/content/rl_quantum_2026summer/data/original data/Trajectories/2022-04-11/067_RR220411A_416C_1513-02.bmp,/content/rl_quantum_2026summer/data/original data/Trajectories/2022-02-06/097_RR220206A_654C_1837.bmp,0,1.0
Trajectories/2022-04-11/067_RR220411A_416C_1513-02.bmp,067_RR220411A_416C_1513-02.bmp,Trajectories/2022-02-06/097_RR220206A_654C_1837.bmp,097_RR220206A_654C_1837.bmp,Twinned(2 x 1),not_apply,HL,,2026-01-02T22:18:11.436424,246.0,250.0,Confident,Twinned(2 x 1),Trajectories/2022-02-06/097_RR220206A_654C_1837.bmp || Trajectories/2022-04-11/067_RR220411A_416C_1513-02.bmp,/content/rl_quantum_2026summer/data/original data/Trajectories/2022-04-11/067_RR220411A_416C_1513-02.bmp,/content/rl_quantum_2026summer/data/original data/Trajectories/2022-02-06/097_RR220206A_654C_1837.bmp,1,1.0
Trajectories/2022-02-06/037_RR220206A_165C_1722.bmp,037_RR220206A_165C_1722.bmp,Trajectories/2022-04-11/219_RR220411A_865C_1720.bmp,219_RR220411A_865C_1720.bmp,(√13 x √13),2,AJ,,2025-12-26T08:12:16.205371,147.0,209.0,Confident,(√13 x √13),Trajectories/2022-02-06/037_RR220206A_165C_1722.bmp || Trajectories/2022-04-11/219_RR220411A_865C_1720.bmp,/content/rl_quantum_2026summer/data/original data/Trajectories/2022-02-06/037_RR220206A_165C_1722.bmp,/content/rl_quantum_2026summer/data/original data/Trajectories/2022-04-11/219_RR220411A_865C_1720.bmp,3,1.0
Trajectories/2022-02-06/037_RR220206A_165C_1722.bmp,037_RR220206A_165C_1722.bmp,Trajectories/2022-04-11/219_RR220411A_865C_1720.bmp,219_RR220411A_865C_1720.bmp,c(6 x 2),2,AJ,,2025-12-26T08:12:17.241128,147.0,209.0,Confident,c(6 x 2),Trajectories/2022-02-06/037_RR220206A_165C_1722.bmp || Trajectories/2022-04-11/219_RR220411A_865C_1720.bmp,/content/rl_quantum_2026summer/data/original data/Trajectories/2022-02-06/037_RR220206A_165C_1722.bmp,/content/rl_quantum_2026summer/data/original data/Trajectories/2022-04-11/219_RR220411A_865C_1720.bmp,2,1.0
Trajectories/2022-02-06/037_RR220206A_165C_1722.bmp,037_RR220206A_165C_1722.bmp,Trajectories/2022-04-11/219_RR220411A_865C_1720.bmp,219_RR220411A_865C_1720.bmp,Twinned(2 x 1),not_apply,AJ,,2025-12-26T08:12:18.318322,147.0,209.0,Confident,Twinned(2 x 1),Trajectories/2022-02-06/037_RR220206A_165C_1722.bmp || Trajectories/2022-04-11/219_RR220411A_865C_1720.bmp,/content/rl_quantum_2026summer/data/original data/Trajectories/2022-02-06/037_RR220206A_165C_1722.bmp,/content/rl_quantum_2026summer/data/original data/Trajectories/2022-04-11/219_RR220411A_865C_1720.bmp,1,1.0
Trajectories/2022-02-06/037_RR220206A_165C_1722.bmp,037_RR220206A_165C_1722.bmp,Trajectories/2022-04-11/219_RR220411A_865C_1720.bmp,219_RR220411A_865C_1720.bmp,(1 x 1),1,AJ,,2025-12-26T08:12:19.509080,147.0,209.0,Confident,(1 x 1),Trajectories/2022-02-06/037_RR220206A_165C_1722.bmp || Trajectories/2022-04-11/219_RR220411A_865C_1720.bmp,/content/rl_quantum_2026summer/data/original data/Trajectories/2022-02-06/037_RR220206A_165C_1722.bmp,/content/rl_quantum_2026summer/data/original data/Trajectories/2022-04-11/219_RR220411A_865C_1720.bmp,0,1.0
Trajectories/2022-02-06/037_RR220206A_165C_1722.bmp,037_RR220206A_165C_1722.bmp,Trajectories/2022-04-11/219_RR220411A_865C_1720.bmp,219_RR220411A_865C_1720.bmp,HTR,not_apply,AJ,,2025-12-26T08:12:20.521106,147.0,209.0,Confident,HTR,Trajectories/2022-02-06/037_RR220206A_165C_1722.bmp || Trajectories/2022-04-11/219_RR220411A_865C_1720.bmp,/content/rl_quantum_2026summer/data/original data/Trajectories/2022-02-06/037_RR220206A_165C_1722.bmp,/content/rl_quantum_2026summer/data/original data/Trajectories/2022-04-11/219_RR220411A_865C_1720.bmp,4,1.0
Trajectories/2022-02-06/250_RR220206A_621C_2212.bmp,250_RR220206A_621C_2212.bmp,Trajectories/2022-02-04/317_RR220204A_935C_2033.bmp,317_RR220204A_935C_2033.bmp,HTR,1,HL,,2026-01-05T23:29:55.873505,276.0,400.0,Confident,HTR,Trajectories/2022-02-04/317_RR220204A_935C_2033.bmp || Trajectories/2022-02-06/250_RR220206A_621C_2212.bmp,/content/rl_quantum_2026summer/data/original data/Trajectories/2022-02-06/250_RR220206A_621C_2212.bmp,/content/rl_quantum_2026summer/data/original data/Trajectories/2022-02-04/317_RR220204A_935C_2033.bmp,4,1.0
Trajectories/2022-02-06/250_RR220206A_621C_2212.bmp,250_RR220206A_621C_2212.bmp,Trajectories/2022-02-04/317_RR220204A_935C_2033.bmp,317_RR220204A_935C_2033.bmp,(1 x 1),1,HL,,2026-01-05T23:29:57.123074,276.0,400.0,Confident,(1 x 1),Trajectories/2022-02-04/317_RR220204A_935C_2033.bmp || Trajectories/2022-02-06/250_RR220206A_621C_2212.bmp,/content/rl_quantum_2026summer/data/original data/Trajectories/2022-02-06/250_RR220206A_621C_2212.bmp,/content/rl_quantum_2026summer/data/original data/Trajectories/2022-02-04/317_RR220204A_935C_2033.bmp,0,1.0
Trajectories/2022-02-06/250_RR220206A_621C_2212.bmp,250_RR220206A_621C_2212.bmp,Trajectories/2022-02-04/317_RR220204A_935C_2033.bmp,317_RR220204A_935C_2033.bmp,(√13 x √13),2,HL,,2026-01-05T23:29:58.104495,276.0,400.0,Confident,(√13 x √13),Trajectories/2022-02-04/317_RR220204A_935C_2033.bmp || Trajectories/2022-02-06/250_RR220206A_621C_2212.bmp,/content/rl_quantum_2026summer/data/original data/Trajectories/2022-02-06/250_RR220206A_621C_2212.bmp,/content/rl_quantum_2026summer/data/original data/Trajectories/2022-02-04/317_RR220204A_935C_2033.bmp,3,1.0
Trajectories/2022-02-06/250_RR220206A_621C_2212.bmp,250_RR220206A_621C_2212.bmp,Trajectories/2022-02-04/317_RR220204A_935C_2033.bmp,317_RR220204A_935C_2033.bmp,Twinned(2 x 1),2,HL,,2026-01-05T23:29:59.115569,276.0,400.0,Confident,Twinned(2 x 1),Trajectories/2022-02-04/317_RR220204A_935C_2033.bmp || Trajectories/2022-02-06/250_RR220206A_621C_2212.bmp,/content/rl_quantum_2026summer/data/original data/Trajectories/2022-02-06/250_RR220206A_621C_2212.bmp,/content/rl_quantum_2026summer/data/original data/Trajectories/2022-02-04/317_RR220204A_935C_2033.bmp,1,1.0
Trajectories/2022-02-06/250_RR220206A_621C_2212.bmp,250_RR220206A_621C_2212.bmp,Trajectories/2022-02-04/317_RR220204A_935C_2033.bmp,317_RR220204A_935C_2033.bmp,c(6 x 2),not_apply,HL,,2026-01-05T23:30:00.072934,276.0,400.0,Confident,c(6 x 2),Trajectories/2022-02-04/317_RR220204A_935C_2033.bmp || Trajectories/2022-02-06/250_RR220206A_621C_2212.bmp,/content/rl_quantum_2026summer/data/original data/Trajectories/2022-02-06/250_RR220206A_621C_2212.bmp,/content/rl_quantum_2026summer/data/original data/Trajectories/2022-02-04/317_RR220204A_935C_2033.bmp,2,1.0
Trajectories/2022-04-11/186_RR220411A_805C_1658.bmp,186_RR220411A_805C_1658.bmp,Trajectories/2022-04-11/138_RR220411A_635C_1610.bmp,138_RR220411A_635C_1610.bmp,c(6 x 2),not_apply,HL,,2025-12-15T21:06:18.895132,,,,c(6 x 2),Trajectories/2022-04-11/138_RR220411A_635C_1610.bmp || Trajectories/2022-04-11/186_RR220411A_805C_1658.bmp,/content/rl_quantum_2026summer/data/original data/Trajectories/2022-04-11/186_RR220411A_805C_1658.bmp,/content/rl_quantum_2026summer/data/original data/Trajectories/2022-04-11/138_RR220411A_635C_1610.bmp,2,1.0
Trajectories/2022-04-11/186_RR220411A_805C_1658.bmp,186_RR220411A_805C_1658.bmp,Trajectories/2022-04-11/138_RR220411A_635C_1610.bmp,138_RR220411A_635C_1610.bmp,HTR,not_apply,HL,,2025-12-15T21:06:20.003553,,,,HTR,Trajectories/2022-04-11/138_RR220411A_635C_1610.bmp || Trajectories/2022-04-11/186_RR220411A_805C_1658.bmp,/content/rl_quantum_2026summer/data/original data/Trajectories/2022-04-11/186_RR220411A_805C_1658.bmp,/content/rl_quantum_2026summer/data/original data/Trajectories/2022-04-11/138_RR220411A_635C_1610.bmp,4,1.0
Trajectories/2022-04-11/186_RR220411A_805C_1658.bmp,186_RR220411A_805C_1658.bmp,Trajectories/2022-04-11/138_RR220411A_635C_1610.bmp,138_RR220411A_635C_1610.bmp,Twinned(2 x 1),not_apply,HL,,2025-12-15T21:06:20.947795,,,,Twinned(2 x 1),Trajectories/2022-04-11/138_RR220411A_635C_1610.bmp || Trajectories/2022-04-11/186_RR220411A_805C_1658.bmp,/content/rl_quantum_2026summer/data/original data/Trajectories/2022-04-11/186_RR220411A_805C_1658.bmp,/content/rl_quantum_2026summer/data/original data/Trajectories/2022-04-11/138_RR220411A_635C_1610.bmp,1,1.0
Trajectories/2022-04-11/186_RR220411A_805C_1658.bmp,186_RR220411A_805C_1658.bmp,Trajectories/2022-04-11/138_RR220411A_635C_1610.bmp,138_RR220411A_635C_1610.bmp,(1 x 1),tie,HL,,2025-12-15T21:06:21.869046,,,,(1 x 1),Trajectories/2022-04-11/138_RR220411A_635C_1610.bmp || Trajectories/2022-04-11/186_RR220411A_805C_1658.bmp,/content/rl_quantum_2026summer/data/original data/Trajectories/2022-04-11/186_RR220411A_805C_1658.bmp,/content/rl_quantum_2026summer/data/original data/Trajectories/2022-04-11/138_RR220411A_635C_1610.bmp,0,1.0
Trajectories/2022-04-11/186_RR220411A_805C_1658.bmp,186_RR220411A_805C_1658.bmp,Trajectories/2022-04-11/138_RR220411A_635C_1610.bmp,138_RR220411A_635C_1610.bmp,(√13 x √13),not_apply,HL,,2025-12-15T21:06:22.988743,,,,(√13 x √13),Trajectories/2022-04-11/138_RR220411A_635C_1610.bmp || Trajectories/2022-04-11/186_RR220411A_805C_1658.bmp,/content/rl_quantum_2026summer/data/original data/Trajectories/2022-04-11/186_RR220411A_805C_1658.bmp,/content/rl_quantum_2026summer/data/original data/Trajectories/2022-04-11/138_RR220411A_635C_1610.bmp,3,1.0
Trajectories/2022-02-04/356_RR220204A_949C_2144.bmp,356_RR220204A_949C_2144.bmp,Trajectories/2022-02-04/266_RR220204A_783C_1938.bmp,266_RR220204A_783C_1938.bmp,Twinned(2 x 1),tie,HL,,2026-01-05T23:06:20.933551,305.0,322.0,Confident,Twinned(2 x 1),Trajectories/2022-02-04/266_RR220204A_783C_1938.bmp || Trajectories/2022-02-04/356_RR220204A_949C_2144.bmp,/content/rl_quantum_2026summer/data/original data/Trajectories/2022-02-04/356_RR220204A_949C_2144.bmp,/content/rl_quantum_2026summer/data/original data/Trajectories/2022-02-04/266_RR220204A_783C_1938.bmp,1,1.0
Trajectories/2022-02-04/356_RR220204A_949C_2144.bmp,356_RR220204A_949C_2144.bmp,Trajectories/2022-02-04/266_RR220204A_783C_1938.bmp,266_RR220204A_783C_1938.bmp,(√13 x √13),tie,HL,,2026-01-05T23:06:22.247845,305.0,322.0,Confident,(√13 x √13),Trajectories/2022-02-04/266_RR220204A_783C_1938.bmp || Trajectories/2022-02-04/356_RR220204A_949C_2144.bmp,/content/rl_quantum_2026summer/data/original data/Trajectories/2022-02-04/356_RR220204A_949C_2144.bmp,/content/rl_quantum_2026summer/data/original data/Trajectories/2022-02-04/266_RR220204A_783C_1938.bmp,3,1.0
Trajectories/2022-02-04/356_RR220204A_949C_2144.bmp,356_RR220204A_949C_2144.bmp,Trajectories/2022-02-04/266_RR220204A_783C_1938.bmp,266_RR220204A_783C_1938.bmp,(1 x 1),tie,HL,,2026-01-05T23:06:23.437401,305.0,322.0,Confident,(1 x 1),Trajectories/2022-02-04/266_RR220204A_783C_1938.bmp || Trajectories/2022-02-04/356_RR220204A_949C_2144.bmp,/content/rl_quantum_2026summer/data/original data/Trajectories/2022-02-04/356_RR220204A_949C_2144.bmp,/content/rl_quantum_2026summer/data/original data/Trajectories/2022-02-04/266_RR220204A_783C_1938.bmp,0,1.0
Trajectories/2022-02-04/356_RR220204A_949C_2144.bmp,356_RR220204A_949C_2144.bmp,Trajectories/2022-02-04/266_RR220204A_783C_1938.bmp,266_RR220204A_783C_1938.bmp,c(6 x 2),not_apply,HL,,2026-01-05T23:06:24.468567,305.0,322.0,Confident,c(6 x 2),Trajectories/2022-02-04/266_RR220204A_783C_1938.bmp || Trajectories/2022-02-04/356_RR220204A_949C_2144.bmp,/content/rl_quantum_2026summer/data/original data/Trajectories/2022-02-04/356_RR220204A_949C_2144.bmp,/content/rl_quantum_2026summer/data/original data/Trajectories/2022-02-04/266_RR220204A_783C_1938.bmp,2,1.0
Trajectories/2022-02-04/356_RR220204A_949C_2144.bmp,356_RR220204A_949C_2144.bmp,Trajectories/2022-02-04/266_RR220204A_783C_1938.bmp,266_RR220204A_783C_1938.bmp,HTR,not_apply,HL,,2026-01-05T23:06:25.576622,305.0,322.0,Confident,HTR,Trajectories/2022-02-04/266_RR220204A_783C_1938.bmp || Trajectories/2022-02-04/356_RR220204A_949C_2144.bmp,/content/rl_quantum_2026summer/data/original data/Trajectories/2022-02-04/356_RR220204A_949C_2144.bmp,/content/rl_quantum_2026summer/data/original data/Trajectories/2022-02-04/266_RR220204A_783C_1938.bmp,4,1.0
Trajectories/2022-02-06/055_RR220206A_239C_1742.bmp,055_RR220206A_239C_1742.bmp,Trajectories/2022-04-11/409_RR220411A_474C_1953.bmp,409_RR220411A_474C_1953.bmp,(1 x 1),2,SY,,2025-12-14 08:53:40,,,,(1 x 1),Trajectories/2022-02-06/055_RR220206A_239C_1742.bmp || Trajectories/2022-04-11/409_RR220411A_474C_1953.bmp,/content/rl_quantum_2026summer/data/original data/Trajectories/2022-02-06/055_RR220206A_239C_1742.bmp,/content/rl_quantum_2026summer/data/original data/Trajectories/2022-04-11/409_RR220411A_474C_1953.bmp,0,1.0
Trajectories/2022-02-06/055_RR220206A_239C_1742.bmp,055_RR220206A_239C_1742.bmp,Trajectories/2022-04-11/409_RR220411A_474C_1953.bmp,409_RR220411A_474C_1953.bmp,(√13 x √13),2,SY,,2025-12-14 08:53:40,,,,(√13 x √13),Trajectories/2022-02-06/055_RR220206A_239C_1742.bmp || Trajectories/2022-04-11/409_RR220411A_474C_1953.bmp,/content/rl_quantum_2026summer/data/original data/Trajectories/2022-02-06/055_RR220206A_239C_1742.bmp,/content/rl_quantum_2026summer/data/original data/Trajectories/2022-04-11/409_RR220411A_474C_1953.bmp,3,1.0
Trajectories/2022-02-06/055_RR220206A_239C_1742.bmp,055_RR220206A_239C_1742.bmp,Trajectories/2022-04-11/409_RR220411A_474C_1953.bmp,409_RR220411A_474C_1953.bmp,HTR,not_apply,SY,,2025-12-14 08:53:40,,,,HTR,Trajectories/2022-02-06/055_RR220206A_239C_1742.bmp || Trajectories/2022-04-11/409_RR220411A_474C_1953.bmp,/content/rl_quantum_2026summer/data/original data/Trajectories/2022-02-06/055_RR220206A_239C_1742.bmp,/content/rl_quantum_2026summer/data/original data/Trajectories/2022-04-11/409_RR220411A_474C_1953.bmp,4,1.0
Trajectories/2022-02-06/055_RR220206A_239C_1742.bmp,055_RR220206A_239C_1742.bmp,Trajectories/2022-04-11/409_RR220411A_474C_1953.bmp,409_RR220411A_474C_1953.bmp,c(6 x 2),2,SY,,2025-12-14 08:53:40,,,,c(6 x 2),Trajectories/2022-02-06/055_RR220206A_239C_1742.bmp || Trajectories/2022-04-11/409_RR220411A_474C_1953.bmp,/content/rl_quantum_2026summer/data/original data/Trajectories/2022-02-06/055_RR220206A_239C_1742.bmp,/content/rl_quantum_2026summer/data/original data/Trajectories/2022-04-11/409_RR220411A_474C_1953.bmp,2,1.0
Trajectories/2022-02-06/055_RR220206A_239C_1742.bmp,055_RR220206A_239C_1742.bmp,Trajectories/2022-04-11/409_RR220411A_474C_1953.bmp,409_RR220411A_474C_1953.bmp,Twinned(2 x 1),not_apply,SY,,2025-12-14 08:53:40,,,,Twinned(2 x 1),Trajectories/2022-02-06/055_RR220206A_239C_1742.bmp || Trajectories/2022-04-11/409_RR220411A_474C_1953.bmp,/content/rl_quantum_2026summer/data/original data/Trajectories/2022-02-06/055_RR220206A_239C_1742.bmp,/content/rl_quantum_2026summer/data/original data/Trajectories/2022-04-11/409_RR220411A_474C_1953.bmp,1,1.0
Trajectories/2022-02-06/102_RR220206A_698C_1845.bmp,102_RR220206A_698C_1845.bmp,Trajectories/2022-04-11/183_RR220411A_794C_1655.bmp,183_RR220411A_794C_1655.bmp,(1 x 1),tie,AJ,,2025-12-12T00:04:18.417320,,,,(1 x 1),Trajectories/2022-02-06/102_RR220206A_698C_1845.bmp || Trajectories/2022-04-11/183_RR220411A_794C_1655.bmp,/content/rl_quantum_2026summer/data/original data/Trajectories/2022-02-06/102_RR220206A_698C_1845.bmp,/content/rl_quantum_2026summer/data/original data/Trajectories/2022-04-11/183_RR220411A_794C_1655.bmp,0,1.0
Trajectories/2022-04-11/108_RR220411A_507C_1543.bmp,108_RR220411A_507C_1543.bmp,Trajectories/2022-04-11/379_RR220411A_614C_1940.bmp,379_RR220411A_614C_1940.bmp,(1 x 1),1,AJ,,2025-12-12T00:23:19.860318,,,,(1 x 1),Trajectories/2022-04-11/108_RR220411A_507C_1543.bmp || Trajectories/2022-04-11/379_RR220411A_614C_1940.bmp,/content/rl_quantum_2026summer/data/original data/Trajectories/2022-04-11/108_RR220411A_507C_1543.bmp,/content/rl_quantum_2026summer/data/original data/Trajectories/2022-04-11/379_RR220411A_614C_1940.bmp,0,1.0
Trajectories/2022-04-11/108_RR220411A_507C_1543.bmp,108_RR220411A_507C_1543.bmp,Trajectories/2022-04-11/379_RR220411A_614C_1940.bmp,379_RR220411A_614C_1940.bmp,(√13 x √13),2,AJ,,2025-12-12T00:23:20.822037,,,,(√13 x √13),Trajectories/2022-04-11/108_RR220411A_507C_1543.bmp || Trajectories/2022-04-11/379_RR220411A_614C_1940.bmp,/content/rl_quantum_2026summer/data/original data/Trajectories/2022-04-11/108_RR220411A_507C_1543.bmp,/content/rl_quantum_2026summer/data/original data/Trajectories/2022-04-11/379_RR220411A_614C_1940.bmp,3,1.0
Trajectories/2022-02-06/253_RR220206A_599C_2217.bmp,253_RR220206A_599C_2217.bmp,Trajectories/2022-02-06/124_RR220206A_894C_1924.bmp,124_RR220206A_894C_1924.bmp,(1 x 1),2,AJ,,2025-12-11T15:21:16.327688,,,,(1 x 1),Trajectories/2022-02-06/124_RR220206A_894C_1924.bmp || Trajectories/2022-02-06/253_RR220206A_599C_2217.bmp,/content/rl_quantum_2026summer/data/original data/Trajectories/2022-02-06/253_RR220206A_599C_2217.bmp,/content/rl_quantum_2026summer/data/original data/Trajectories/2022-02-06/124_RR220206A_894C_1924.bmp,0,1.0
Trajectories/2022-02-06/253_RR220206A_599C_2217.bmp,253_RR220206A_599C_2217.bmp,Trajectories/2022-02-06/124_RR220206A_894C_1924.bmp,124_RR220206A_894C_1924.bmp,HTR,1,AJ,,2025-12-11T15:21:17.024425,,,,HTR,Trajectories/2022-02-06/124_RR220206A_894C_1924.bmp || Trajectories/2022-02-06/253_RR220206A_599C_2217.bmp,/content/rl_quantum_2026summer/data/original data/Trajectories/2022-02-06/253_RR220206A_599C_2217.bmp,/content/rl_quantum_2026summer/data/original data/Trajectories/2022-02-06/124_RR220206A_894C_1924.bmp,4,1.0
Trajectories/2022-02-04/281_RR220204A_806C_2000.bmp,281_RR220204A_806C_2000.bmp,Trajectories/2022-04-11/322_RR220411A_818C_1902.bmp,322_RR220411A_818C_1902.bmp,(1 x 1),1,HL,,2026-01-05T23:22:03.879208,330.0,255.0,Confident,(1 x 1),Trajectories/2022-02-04/281_RR220204A_806C_2000.bmp || Trajectories/2022-04-11/322_RR220411A_818C_1902.bmp,/content/rl_quantum_2026summer/data/original data/Trajectories/2022-02-04/281_RR220204A_806C_2000.bmp,/content/rl_quantum_2026summer/data/original data/Trajectories/2022-04-11/322_RR220411A_818C_1902.bmp,0,1.0
Trajectories/2022-02-04/281_RR220204A_806C_2000.bmp,281_RR220204A_806C_2000.bmp,Trajectories/2022-04-11/322_RR220411A_818C_1902.bmp,322_RR220411A_818C_1902.bmp,Twinned(2 x 1),1,HL,,2026-01-05T23:22:05.075681,330.0,255.0,Confident,Twinned(2 x 1),Trajectories/2022-02-04/281_RR220204A_806C_2000.bmp || Trajectories/2022-04-11/322_RR220411A_818C_1902.bmp,/content/rl_quantum_2026summer/data/original data/Trajectories/2022-02-04/281_RR220204A_806C_2000.bmp,/content/rl_quantum_2026summer/data/original data/Trajectories/2022-04-11/322_RR220411A_818C_1902.bmp,1,1.0
Trajectories/2022-02-04/281_RR220204A_806C_2000.bmp,281_RR220204A_806C_2000.bmp,Trajectories/2022-04-11/322_RR220411A_818C_1902.bmp,322_RR220411A_818C_1902.bmp,HTR,not_apply,HL,,2026-01-05T23:22:06.302925,330.0,255.0,Confident,HTR,Trajectories/2022-02-04/281_RR220204A_806C_2000.bmp || Trajectories/2022-04-11/322_RR220411A_818C_1902.bmp,/content/rl_quantum_2026summer/data/original data/Trajectories/2022-02-04/281_RR220204A_806C_2000.bmp,/content/rl_quantum_2026summer/data/original data/Trajectories/2022-04-11/322_RR220411A_818C_1902.bmp,4,1.0
Trajectories/2022-02-04/281_RR220204A_806C_2000.bmp,281_RR220204A_806C_2000.bmp,Trajectories/2022-04-11/322_RR220411A_818C_1902.bmp,322_RR220411A_818C_1902.bmp,(√13 x √13),2,HL,,2026-01-05T23:22:07.203074,330.0,255.0,Confident,(√13 x √13),Trajectories/2022-02-04/281_RR220204A_806C_2000.bmp || Trajectories/2022-04-11/322_RR220411A_818C_1902.bmp,/content/rl_quantum_2026summer/data/original data/Trajectories/2022-02-04/281_RR220204A_806C_2000.bmp,/content/rl_quantum_2026summer/data/original data/Trajectories/2022-04-11/322_RR220411A_818C_1902.bmp,3,1.0
Trajectories/2022-02-04/281_RR220204A_806C_2000.bmp,281_RR220204A_806C_2000.bmp,Trajectories/2022-04-11/322_RR220411A_818C_1902.bmp,322_RR220411A_818C_1902.bmp,c(6 x 2),2,HL,,2026-01-05T23:22:08.233881,330.0,255.0,Confident,c(6 x 2),Trajectories/2022-02-04/281_RR220204A_806C_2000.bmp || Trajectories/2022-04-11/322_RR220411A_818C_1902.bmp,/content/rl_quantum_2026summer/data/original data/Trajectories/2022-02-04/281_RR220204A_806C_2000.bmp,/content/rl_quantum_2026summer/data/original data/Trajectories/2022-04-11/322_RR220411A_818C_1902.bmp,2,1.0
Trajectories/2022-04-11/359_RR220411A_675C_1926.bmp,359_RR220411A_675C_1926.bmp,Trajectories/2022-02-04/262_RR220204A_793C_1932.bmp,262_RR220204A_793C_1932.bmp,c(6 x 2),2,AJ,,2025-12-06 01:24:10,,,,c(6 x 2),Trajectories/2022-02-04/262_RR220204A_793C_1932.bmp || Trajectories/2022-04-11/359_RR220411A_675C_1926.bmp,/content/rl_quantum_2026summer/data/original data/Trajectories/2022-04-11/359_RR220411A_675C_1926.bmp,/content/rl_quantum_2026summer/data/original data/Trajectories/2022-02-04/262_RR220204A_793C_1932.bmp,2,1.0
Trajectories/2022-04-11/359_RR220411A_675C_1926.bmp,359_RR220411A_675C_1926.bmp,Trajectories/2022-02-04/262_RR220204A_793C_1932.bmp,262_RR220204A_793C_1932.bmp,(√13 x √13),1,AJ,,2025-12-06 01:24:10,,,,(√13 x √13),Trajectories/2022-02-04/262_RR220204A_793C_1932.bmp || Trajectories/2022-04-11/359_RR220411A_675C_1926.bmp,/content/rl_quantum_2026summer/data/original data/Trajectories/2022-04-11/359_RR220411A_675C_1926.bmp,/content/rl_quantum_2026summer/data/original data/Trajectories/2022-02-04/262_RR220204A_793C_1932.bmp,3,1.0
Trajectories/2022-02-06/273_RR220206A_423C_2243.bmp,273_RR220206A_423C_2243.bmp,Trajectories/2022-04-11/093_RR220411A_482C_1531.bmp,093_RR220411A_482C_1531.bmp,(1 x 1),2,SY,,2025-12-12T22:07:21.588392,,,,(1 x 1),Trajectories/2022-02-06/273_RR220206A_423C_2243.bmp || Trajectories/2022-04-11/093_RR220411A_482C_1531.bmp,/content/rl_quantum_2026summer/data/original data/Trajectories/2022-02-06/273_RR220206A_423C_2243.bmp,/content/rl_quantum_2026summer/data/original data/Trajectories/2022-04-11/093_RR220411A_482C_1531.bmp,0,1.0
Trajectories/2022-02-06/273_RR220206A_423C_2243.bmp,273_RR220206A_423C_2243.bmp,Trajectories/2022-04-11/093_RR220411A_482C_1531.bmp,093_RR220411A_482C_1531.bmp,Twinned(2 x 1),not_apply,SY,,2025-12-12T22:07:23.277141,,,,Twinned(2 x 1),Trajectories/2022-02-06/273_RR220206A_423C_2243.bmp || Trajectories/2022-04-11/093_RR220411A_482C_1531.bmp,/content/rl_quantum_2026summer/data/original data/Trajectories/2022-02-06/273_RR220206A_423C_2243.bmp,/content/rl_quantum_2026summer/data/original data/Trajectories/2022-04-11/093_RR220411A_482C_1531.bmp,1,1.0
Trajectories/2022-02-06/273_RR220206A_423C_2243.bmp,273_RR220206A_423C_2243.bmp,Trajectories/2022-04-11/093_RR220411A_482C_1531.bmp,093_RR220411A_482C_1531.bmp,HTR,1,SY,,2025-12-12T22:07:24.436931,,,,HTR,Trajectories/2022-02-06/273_RR220206A_423C_2243.bmp || Trajectories/2022-04-11/093_RR220411A_482C_1531.bmp,/content/rl_quantum_2026summer/data/original data/Trajectories/2022-02-06/273_RR220206A_423C_2243.bmp,/content/rl_quantum_2026summer/data/original data/Trajectories/2022-04-11/093_RR220411A_482C_1531.bmp,4,1.0
Trajectories/2022-02-06/273_RR220206A_423C_2243.bmp,273_RR220206A_423C_2243.bmp,Trajectories/2022-04-11/093_RR220411A_482C_1531.bmp,093_RR220411A_482C_1531.bmp,c(6 x 2),1,SY,,2025-12-12T22:07:25.752354,,,,c(6 x 2),Trajectories/2022-02-06/273_RR220206A_423C_2243.bmp || Trajectories/2022-04-11/093_RR220411A_482C_1531.bmp,/content/rl_quantum_2026summer/data/original data/Trajectories/2022-02-06/273_RR220206A_423C_2243.bmp,/content/rl_quantum_2026summer/data/original data/Trajectories/2022-04-11/093_RR220411A_482C_1531.bmp,2,1.0
Trajectories/2022-02-06/273_RR220206A_423C_2243.bmp,273_RR220206A_423C_2243.bmp,Trajectories/2022-04-11/093_RR220411A_482C_1531.bmp,093_RR220411A_482C_1531.bmp,(√13 x √13),not_apply,SY,,2025-12-12T22:07:26.949242,,,,(√13 x √13),Trajectories/2022-02-06/273_RR220206A_423C_2243.bmp || Trajectories/2022-04-11/093_RR220411A_482C_1531.bmp,/content/rl_quantum_2026summer/data/original data/Trajectories/2022-02-06/273_RR220206A_423C_2243.bmp,/content/rl_quantum_2026summer/data/original data/Trajectories/2022-04-11/093_RR220411A_482C_1531.bmp,3,1.0
Trajectories/2022-02-04/303_RR220204A_917C_2021.bmp,303_RR220204A_917C_2021.bmp,Trajectories/2022-04-11/226_RR220411A_873C_1725.bmp,226_RR220411A_873C_1725.bmp,c(6 x 2),tie,AJ,,2025-12-26T08:12:58.531056,335.0,204.0,Confident,c(6 x 2),Trajectories/2022-02-04/303_RR220204A_917C_2021.bmp || Trajectories/2022-04-11/226_RR220411A_873C_1725.bmp,/content/rl_quantum_2026summer/data/original data/Trajectories/2022-02-04/303_RR220204A_917C_2021.bmp,/content/rl_quantum_2026summer/data/original data/Trajectories/2022-04-11/226_RR220411A_873C_1725.bmp,2,1.0
Trajectories/2022-02-04/303_RR220204A_917C_2021.bmp,303_RR220204A_917C_2021.bmp,Trajectories/2022-04-11/226_RR220411A_873C_1725.bmp,226_RR220411A_873C_1725.bmp,(√13 x √13),tie,AJ,,2025-12-26T08:12:59.493280,335.0,204.0,Confident,(√13 x √13),Trajectories/2022-02-04/303_RR220204A_917C_2021.bmp || Trajectories/2022-04-11/226_RR220411A_873C_1725.bmp,/content/rl_quantum_2026summer/data/original data/Trajectories/2022-02-04/303_RR220204A_917C_2021.bmp,/content/rl_quantum_2026summer/data/original data/Trajectories/2022-04-11/226_RR220411A_873C_1725.bmp,3,1.0
Trajectories/2022-02-04/303_RR220204A_917C_2021.bmp,303_RR220204A_917C_2021.bmp,Trajectories/2022-04-11/226_RR220411A_873C_1725.bmp,226_RR220411A_873C_1725.bmp,(1 x 1),not_apply,AJ,,2025-12-26T08:13:00.440229,335.0,204.0,Confident,(1 x 1),Trajectories/2022-02-04/303_RR220204A_917C_2021.bmp || Trajectories/2022-04-11/226_RR220411A_873C_1725.bmp,/content/rl_quantum_2026summer/data/original data/Trajectories/2022-02-04/303_RR220204A_917C_2021.bmp,/content/rl_quantum_2026summer/data/original data/Trajectories/2022-04-11/226_RR220411A_873C_1725.bmp,0,1.0
Trajectories/2022-02-04/303_RR220204A_917C_2021.bmp,303_RR220204A_917C_2021.bmp,Trajectories/2022-04-11/226_RR220411A_873C_1725.bmp,226_RR220411A_873C_1725.bmp,HTR,not_apply,AJ,,2025-12-26T08:13:01.588867,335.0,204.0,Confident,HTR,Trajectories/2022-02-04/303_RR220204A_917C_2021.bmp || Trajectories/2022-04-11/226_RR220411A_873C_1725.bmp,/content/rl_quantum_2026summer/data/original data/Trajectories/2022-02-04/303_RR220204A_917C_2021.bmp,/content/rl_quantum_2026summer/data/original data/Trajectories/2022-04-11/226_RR220411A_873C_1725.bmp,4,1.0
Trajectories/2022-02-04/303_RR220204A_917C_2021.bmp,303_RR220204A_917C_2021.bmp,Trajectories/2022-04-11/226_RR220411A_873C_1725.bmp,226_RR220411A_873C_1725.bmp,Twinned(2 x 1),not_apply,AJ,,2025-12-26T08:13:02.569286,335.0,204.0,Confident,Twinned(2 x 1),Trajectories/2022-02-04/303_RR220204A_917C_2021.bmp || Trajectories/2022-04-11/226_RR220411A_873C_1725.bmp,/content/rl_quantum_2026summer/data/original data/Trajectories/2022-02-04/303_RR220204A_917C_2021.bmp,/content/rl_quantum_2026summer/data/original data/Trajectories/2022-04-11/226_RR220411A_873C_1725.bmp,1,1.0
Trajectories/2022-04-11/374_RR220411A_625C_1937.bmp,374_RR220411A_625C_1937.bmp,Trajectories/2022-04-11/343_RR220411A_722C_1918.bmp,343_RR220411A_722C_1918.bmp,c(6 x 2),tie,SY,,2025-12-10T16:59:01.343136,,,,c(6 x 2),Trajectories/2022-04-11/343_RR220411A_722C_1918.bmp || Trajectories/2022-04-11/374_RR220411A_625C_1937.bmp,/content/rl_quantum_2026summer/data/original data/Trajectories/2022-04-11/374_RR220411A_625C_1937.bmp,/content/rl_quantum_2026summer/data/original data/Trajectories/2022-04-11/343_RR220411A_722C_1918.bmp,2,1.0
Trajectories/2022-04-11/374_RR220411A_625C_1937.bmp,374_RR220411A_625C_1937.bmp,Trajectories/2022-04-11/343_RR220411A_722C_1918.bmp,343_RR220411A_722C_1918.bmp,HTR,not_apply,SY,,2025-12-10T16:59:02.093221,,,,HTR,Trajectories/2022-04-11/343_RR220411A_722C_1918.bmp || Trajectories/2022-04-11/374_RR220411A_625C_1937.bmp,/content/rl_quantum_2026summer/data/original data/Trajectories/2022-04-11/374_RR220411A_625C_1937.bmp,/content/rl_quantum_2026summer/data/original data/Trajectories/2022-04-11/343_RR220411A_722C_1918.bmp,4,1.0
Trajectories/2022-04-11/374_RR220411A_625C_1937.bmp,374_RR220411A_625C_1937.bmp,Trajectories/2022-04-11/343_RR220411A_722C_1918.bmp,343_RR220411A_722C_1918.bmp,Twinned(2 x 1),not_apply,SY,,2025-12-10T16:59:04.003690,,,,Twinned(2 x 1),Trajectories/2022-04-11/343_RR220411A_722C_1918.bmp || Trajectories/2022-04-11/374_RR220411A_625C_1937.bmp,/content/rl_quantum_2026summer/data/original data/Trajectories/2022-04-11/374_RR220411A_625C_1937.bmp,/content/rl_quantum_2026summer/data/original data/Trajectories/2022-04-11/343_RR220411A_722C_1918.bmp,1,1.0
Trajectories/2022-04-11/374_RR220411A_625C_1937.bmp,374_RR220411A_625C_1937.bmp,Trajectories/2022-04-11/343_RR220411A_722C_1918.bmp,343_RR220411A_722C_1918.bmp,(√13 x √13),tie,SY,,2025-12-10T16:59:05.430526,,,,(√13 x √13),Trajectories/2022-04-11/343_RR220411A_722C_1918.bmp || Trajectories/2022-04-11/374_RR220411A_625C_1937.bmp,/content/rl_quantum_2026summer/data/original data/Trajectories/2022-04-11/374_RR220411A_625C_1937.bmp,/content/rl_quantum_2026summer/data/original data/Trajectories/2022-04-11/343_RR220411A_722C_1918.bmp,3,1.0
Trajectories/2022-04-11/374_RR220411A_625C_1937.bmp,374_RR220411A_625C_1937.bmp,Trajectories/2022-04-11/343_RR220411A_722C_1918.bmp,343_RR220411A_722C_1918.bmp,(1 x 1),tie,SY,,2025-12-10T16:59:06.120952,,,,(1 x 1),Trajectories/2022-04-11/343_RR220411A_722C_1918.bmp || Trajectories/2022-04-11/374_RR220411A_625C_1937.bmp,/content/rl_quantum_2026summer/data/original data/Trajectories/2022-04-11/374_RR220411A_625C_1937.bmp,/content/rl_quantum_2026summer/data/original data/Trajectories/2022-04-11/343_RR220411A_722C_1918.bmp,0,1.0
Trajectories/2022-04-11/030_RR220411A_291C_1437.bmp,030_RR220411A_291C_1437.bmp,Trajectories/2022-02-06/068_RR220206A_362C_1759.bmp,068_RR220206A_362C_1759.bmp,HTR,not_apply,SY,,2025-12-10T16:55:52.310990,,,,HTR,Trajectories/2022-02-06/068_RR220206A_362C_1759.bmp || Trajectories/2022-04-11/030_RR220411A_291C_1437.bmp,/content/rl_quantum_2026summer/data/original data/Trajectories/2022-04-11/030_RR220411A_291C_1437.bmp,/content/rl_quantum_2026summer/data/original data/Trajectories/2022-02-06/068_RR220206A_362C_1759.bmp,4,1.0
Trajectories/2022-04-11/030_RR220411A_291C_1437.bmp,030_RR220411A_291C_1437.bmp,Trajectories/2022-02-06/068_RR220206A_362C_1759.bmp,068_RR220206A_362C_1759.bmp,c(6 x 2),not_apply,SY,,2025-12-10T16:55:53.064524,,,,c(6 x 2),Trajectories/2022-02-06/068_RR220206A_362C_1759.bmp || Trajectories/2022-04-11/030_RR220411A_291C_1437.bmp,/content/rl_quantum_2026summer/data/original data/Trajectories/2022-04-11/030_RR220411A_291C_1437.bmp,/content/rl_quantum_2026summer/data/original data/Trajectories/2022-02-06/068_RR220206A_362C_1759.bmp,2,1.0
Trajectories/2022-04-11/030_RR220411A_291C_1437.bmp,030_RR220411A_291C_1437.bmp,Trajectories/2022-02-06/068_RR220206A_362C_1759.bmp,068_RR220206A_362C_1759.bmp,(√13 x √13),not_apply,SY,,2025-12-10T16:55:53.741160,,,,(√13 x √13),Trajectories/2022-02-06/068_RR220206A_362C_1759.bmp || Trajectories/2022-04-11/030_RR220411A_291C_1437.bmp,/content/rl_quantum_2026summer/data/original data/Trajectories/2022-04-11/030_RR220411A_291C_1437.bmp,/content/rl_quantum_2026summer/data/original data/Trajectories/2022-02-06/068_RR220206A_362C_1759.bmp,3,1.0
Trajectories/2022-04-11/030_RR220411A_291C_1437.bmp,030_RR220411A_291C_1437.bmp,Trajectories/2022-02-06/068_RR220206A_362C_1759.bmp,068_RR220206A_362C_1759.bmp,(1 x 1),1,SY,,2025-12-10T16:55:54.432756,,,,(1 x 1),Trajectories/2022-02-06/068_RR220206A_362C_1759.bmp || Trajectories/2022-04-11/030_RR220411A_291C_1437.bmp,/content/rl_quantum_2026summer/data/original data/Trajectories/2022-04-11/030_RR220411A_291C_1437.bmp,/content/rl_quantum_2026summer/data/original data/Trajectories/2022-02-06/068_RR220206A_362C_1759.bmp,0,1.0
Trajectories/2022-04-11/030_RR220411A_291C_1437.bmp,030_RR220411A_291C_1437.bmp,Trajectories/2022-02-06/068_RR220206A_362C_1759.bmp,068_RR220206A_362C_1759.bmp,Twinned(2 x 1),not_apply,SY,,2025-12-10T16:55:55.152158,,,,Twinned(2 x 1),Trajectories/2022-02-06/068_RR220206A_362C_1759.bmp || Trajectories/2022-04-11/030_RR220411A_291C_1437.bmp,/content/rl_quantum_2026summer/data/original data/Trajectories/2022-04-11/030_RR220411A_291C_1437.bmp,/content/rl_quantum_2026summer/data/original data/Trajectories/2022-02-06/068_RR220206A_362C_1759.bmp,1,1.0
Trajectories/2022-02-06/137_RR220206A_982C_1937.bmp,137_RR220206A_982C_1937.bmp,Trajectories/2022-04-11/191_RR220411A_821C_1704.bmp,191_RR220411A_821C_1704.bmp,c(6 x 2),1,HL,,2026-01-06T21:41:32.149785,252.0,252.0,Confident,c(6 x 2),Trajectories/2022-02-06/137_RR220206A_982C_1937.bmp || Trajectories/2022-04-11/191_RR220411A_821C_1704.bmp,/content/rl_quantum_2026summer/data/original data/Trajectories/2022-02-06/137_RR220206A_982C_1937.bmp,/content/rl_quantum_2026summer/data/original data/Trajectories/2022-04-11/191_RR220411A_821C_1704.bmp,2,1.0
Trajectories/2022-02-06/137_RR220206A_982C_1937.bmp,137_RR220206A_982C_1937.bmp,Trajectories/2022-04-11/191_RR220411A_821C_1704.bmp,191_RR220411A_821C_1704.bmp,(1 x 1),1,HL,,2026-01-06T21:41:33.206052,252.0,252.0,Confident,(1 x 1),Trajectories/2022-02-06/137_RR220206A_982C_1937.bmp || Trajectories/2022-04-11/191_RR220411A_821C_1704.bmp,/content/rl_quantum_2026summer/data/original data/Trajectories/2022-02-06/137_RR220206A_982C_1937.bmp,/content/rl_quantum_2026summer/data/original data/Trajectories/2022-04-11/191_RR220411A_821C_1704.bmp,0,1.0
Trajectories/2022-02-06/137_RR220206A_982C_1937.bmp,137_RR220206A_982C_1937.bmp,Trajectories/2022-04-11/191_RR220411A_821C_1704.bmp,191_RR220411A_821C_1704.bmp,Twinned(2 x 1),not_apply,HL,,2026-01-06T21:41:34.001989,252.0,252.0,Confident,Twinned(2 x 1),Trajectories/2022-02-06/137_RR220206A_982C_1937.bmp || Trajectories/2022-04-11/191_RR220411A_821C_1704.bmp,/content/rl_quantum_2026summer/data/original data/Trajectories/2022-02-06/137_RR220206A_982C_1937.bmp,/content/rl_quantum_2026summer/data/original data/Trajectories/2022-04-11/191_RR220411A_821C_1704.bmp,1,1.0
Trajectories/2022-02-06/137_RR220206A_982C_1937.bmp,137_RR220206A_982C_1937.bmp,Trajectories/2022-04-11/191_RR220411A_821C_1704.bmp,191_RR220411A_821C_1704.bmp,HTR,not_apply,HL,,2026-01-06T21:41:34.801341,252.0,252.0,Confident,HTR,Trajectories/2022-02-06/137_RR220206A_982C_1937.bmp || Trajectories/2022-04-11/191_RR220411A_821C_1704.bmp,/content/rl_quantum_2026summer/data/original data/Trajectories/2022-02-06/137_RR220206A_982C_1937.bmp,/content/rl_quantum_2026summer/data/original data/Trajectories/2022-04-11/191_RR220411A_821C_1704.bmp,4,1.0
Trajectories/2022-02-06/137_RR220206A_982C_1937.bmp,137_RR220206A_982C_1937.bmp,Trajectories/2022-04-11/191_RR220411A_821C_1704.bmp,191_RR220411A_821C_1704.bmp,(√13 x √13),not_apply,HL,,2026-01-06T21:41:35.548672,252.0,252.0,Confident,(√13 x √13),Trajectories/2022-02-06/137_RR220206A_982C_1937.bmp || Trajectories/2022-04-11/191_RR220411A_821C_1704.bmp,/content/rl_quantum_2026summer/data/original data/Trajectories/2022-02-06/137_RR220206A_982C_1937.bmp,/content/rl_quantum_2026summer/data/original data/Trajectories/2022-04-11/191_RR220411A_821C_1704.bmp,3,1.0
Trajectories/2022-02-04/296_RR220204A_869C_2015.bmp,296_RR220204A_869C_2015.bmp,Trajectories/2022-04-11/009_RR220411A_206C_1423.bmp,009_RR220411A_206C_1423.bmp,(1 x 1),2,AJ,,2025-12-12T00:20:43.071402,,,,(1 x 1),Trajectories/2022-02-04/296_RR220204A_869C_2015.bmp || Trajectories/2022-04-11/009_RR220411A_206C_1423.bmp,/content/rl_quantum_2026summer/data/original data/Trajectories/2022-02-04/296_RR220204A_869C_2015.bmp,/content/rl_quantum_2026summer/data/original data/Trajectories/2022-04-11/009_RR220411A_206C_1423.bmp,0,1.0
Trajectories/2022-02-04/296_RR220204A_869C_2015.bmp,296_RR220204A_869C_2015.bmp,Trajectories/2022-04-11/009_RR220411A_206C_1423.bmp,009_RR220411A_206C_1423.bmp,(√13 x √13),1,AJ,,2025-12-12T00:20:44.010217,,,,(√13 x √13),Trajectories/2022-02-04/296_RR220204A_869C_2015.bmp || Trajectories/2022-04-11/009_RR220411A_206C_1423.bmp,/content/rl_quantum_2026summer/data/original data/Trajectories/2022-02-04/296_RR220204A_869C_2015.bmp,/content/rl_quantum_2026summer/data/original data/Trajectories/2022-04-11/009_RR220411A_206C_1423.bmp,3,1.0
Trajectories/2022-02-04/342_RR220204A_941C_2115.bmp,342_RR220204A_941C_2115.bmp,Trajectories/2022-02-04/333_RR220204A_939C_2059.bmp,333_RR220204A_939C_2059.bmp,(√13 x √13),tie,AJ,,2025-12-12T00:10:07.572303,,,,(√13 x √13),Trajectories/2022-02-04/333_RR220204A_939C_2059.bmp || Trajectories/2022-02-04/342_RR220204A_941C_2115.bmp,/content/rl_quantum_2026summer/data/original data/Trajectories/2022-02-04/342_RR220204A_941C_2115.bmp,/content/rl_quantum_2026summer/data/original data/Trajectories/2022-02-04/333_RR220204A_939C_2059.bmp,3,1.0
Trajectories/2022-02-04/164_RR220204A_507C_1811.bmp,164_RR220204A_507C_1811.bmp,Trajectories/2022-02-06/074_RR220206A_430C_1809.bmp,074_RR220206A_430C_1809.bmp,(1 x 1),2,AJ,,2025-12-12T00:17:58.961099,,,,(1 x 1),Trajectories/2022-02-04/164_RR220204A_507C_1811.bmp || Trajectories/2022-02-06/074_RR220206A_430C_1809.bmp,/content/rl_quantum_2026summer/data/original data/Trajectories/2022-02-04/164_RR220204A_507C_1811.bmp,/content/rl_quantum_2026summer/data/original data/Trajectories/2022-02-06/074_RR220206A_430C_1809.bmp,0,1.0
Trajectories/2022-02-04/164_RR220204A_507C_1811.bmp,164_RR220204A_507C_1811.bmp,Trajectories/2022-02-06/074_RR220206A_430C_1809.bmp,074_RR220206A_430C_1809.bmp,(√13 x √13),1,AJ,,2025-12-12T00:17:59.643649,,,,(√13 x √13),Trajectories/2022-02-04/164_RR220204A_507C_1811.bmp || Trajectories/2022-02-06/074_RR220206A_430C_1809.bmp,/content/rl_quantum_2026summer/data/original data/Trajectories/2022-02-04/164_RR220204A_507C_1811.bmp,/content/rl_quantum_2026summer/data/original data/Trajectories/2022-02-06/074_RR220206A_430C_1809.bmp,3,1.0
Trajectories/2022-02-04/263_RR220204A_793C_1934.bmp,263_RR220204A_793C_1934.bmp,Trajectories/2022-04-11/042_RR220411A_331C_1448.bmp,042_RR220411A_331C_1448.bmp,(√13 x √13),1,AJ,,2025-12-12T00:06:42.284440,,,,(√13 x √13),Trajectories/2022-02-04/263_RR220204A_793C_1934.bmp || Trajectories/2022-04-11/042_RR220411A_331C_1448.bmp,/content/rl_quantum_2026summer/data/original data/Trajectories/2022-02-04/263_RR220204A_793C_1934.bmp,/content/rl_quantum_2026summer/data/original data/Trajectories/2022-04-11/042_RR220411A_331C_1448.bmp,3,1.0
Trajectories/2022-02-04/263_RR220204A_793C_1934.bmp,263_RR220204A_793C_1934.bmp,Trajectories/2022-04-11/042_RR220411A_331C_1448.bmp,042_RR220411A_331C_1448.bmp,HTR,2,AJ,,2025-12-12T00:06:43.078863,,,,HTR,Trajectories/2022-02-04/263_RR220204A_793C_1934.bmp || Trajectories/2022-04-11/042_RR220411A_331C_1448.bmp,/content/rl_quantum_2026summer/data/original data/Trajectories/2022-02-04/263_RR220204A_793C_1934.bmp,/content/rl_quantum_2026summer/data/original data/Trajectories/2022-04-11/042_RR220411A_331C_1448.bmp,4,1.0
Trajectories/2022-02-04/307_RR220204A_912C_2025.bmp,307_RR220204A_912C_2025.bmp,Trajectories/2022-04-11/386_RR220411A_580C_1943.bmp,386_RR220411A_580C_1943.bmp,HTR,not_apply,HL,,2025-12-15T21:30:47.452461,,,,HTR,Trajectories/2022-02-04/307_RR220204A_912C_2025.bmp || Trajectories/2022-04-11/386_RR220411A_580C_1943.bmp,/content/rl_quantum_2026summer/data/original data/Trajectories/2022-02-04/307_RR220204A_912C_2025.bmp,/content/rl_quantum_2026summer/data/original data/Trajectories/2022-04-11/386_RR220411A_580C_1943.bmp,4,1.0
Trajectories/2022-02-04/307_RR220204A_912C_2025.bmp,307_RR220204A_912C_2025.bmp,Trajectories/2022-04-11/386_RR220411A_580C_1943.bmp,386_RR220411A_580C_1943.bmp,Twinned(2 x 1),1,HL,,2025-12-15T21:30:48.774165,,,,Twinned(2 x 1),Trajectories/2022-02-04/307_RR220204A_912C_2025.bmp || Trajectories/2022-04-11/386_RR220411A_580C_1943.bmp,/content/rl_quantum_2026summer/data/original data/Trajectories/2022-02-04/307_RR220204A_912C_2025.bmp,/content/rl_quantum_2026summer/data/original data/Trajectories/2022-04-11/386_RR220411A_580C_1943.bmp,1,1.0
Trajectories/2022-02-04/307_RR220204A_912C_2025.bmp,307_RR220204A_912C_2025.bmp,Trajectories/2022-04-11/386_RR220411A_580C_1943.bmp,386_RR220411A_580C_1943.bmp,(1 x 1),not_apply,HL,,2025-12-15T21:30:49.989237,,,,(1 x 1),Trajectories/2022-02-04/307_RR220204A_912C_2025.bmp || Trajectories/2022-04-11/386_RR220411A_580C_1943.bmp,/content/rl_quantum_2026summer/data/original data/Trajectories/2022-02-04/307_RR220204A_912C_2025.bmp,/content/rl_quantum_2026summer/data/original data/Trajectories/2022-04-11/386_RR220411A_580C_1943.bmp,0,1.0
Trajectories/2022-02-04/307_RR220204A_912C_2025.bmp,307_RR220204A_912C_2025.bmp,Trajectories/2022-04-11/386_RR220411A_580C_1943.bmp,386_RR220411A_580C_1943.bmp,c(6 x 2),2,HL,,2025-12-15T21:30:51.298834,,,,c(6 x 2),Trajectories/2022-02-04/307_RR220204A_912C_2025.bmp || Trajectories/2022-04-11/386_RR220411A_580C_1943.bmp,/content/rl_quantum_2026summer/data/original data/Trajectories/2022-02-04/307_RR220204A_912C_2025.bmp,/content/rl_quantum_2026summer/data/original data/Trajectories/2022-04-11/386_RR220411A_580C_1943.bmp,2,1.0
Trajectories/2022-02-04/307_RR220204A_912C_2025.bmp,307_RR220204A_912C_2025.bmp,Trajectories/2022-04-11/386_RR220411A_580C_1943.bmp,386_RR220411A_580C_1943.bmp,(√13 x √13),2,HL,,2025-12-15T21:30:52.520278,,,,(√13 x √13),Trajectories/2022-02-04/307_RR220204A_912C_2025.bmp || Trajectories/2022-04-11/386_RR220411A_580C_1943.bmp,/content/rl_quantum_2026summer/data/original data/Trajectories/2022-02-04/307_RR220204A_912C_2025.bmp,/content/rl_quantum_2026summer/data/original data/Trajectories/2022-04-11/386_RR220411A_580C_1943.bmp,3,1.0
Trajectories/2022-02-06/163_RR220206A_1105C_2015.bmp,163_RR220206A_1105C_2015.bmp,Trajectories/2022-02-04/341_RR220204A_937C_2114.bmp,341_RR220204A_937C_2114.bmp,(√13 x √13),2,AJ,,2025-12-06 01:19:50,,,,(√13 x √13),Trajectories/2022-02-04/341_RR220204A_937C_2114.bmp || Trajectories/2022-02-06/163_RR220206A_1105C_2015.bmp,/content/rl_quantum_2026summer/data/original data/Trajectories/2022-02-06/163_RR220206A_1105C_2015.bmp,/content/rl_quantum_2026summer/data/original data/Trajectories/2022-02-04/341_RR220204A_937C_2114.bmp,3,1.0
Trajectories/2022-02-06/163_RR220206A_1105C_2015.bmp,163_RR220206A_1105C_2015.bmp,Trajectories/2022-02-04/341_RR220204A_937C_2114.bmp,341_RR220204A_937C_2114.bmp,HTR,1,AJ,,2025-12-06 01:19:50,,,,HTR,Trajectories/2022-02-04/341_RR220204A_937C_2114.bmp || Trajectories/2022-02-06/163_RR220206A_1105C_2015.bmp,/content/rl_quantum_2026summer/data/original data/Trajectories/2022-02-06/163_RR220206A_1105C_2015.bmp,/content/rl_quantum_2026summer/data/original data/Trajectories/2022-02-04/341_RR220204A_937C_2114.bmp,4,1.0
Trajectories/2022-02-04/074_RR220204A_297C_1711.bmp,074_RR220204A_297C_1711.bmp,Trajectories/2022-02-04/037_RR220204A_579C_0146.bmp,037_RR220204A_579C_0146.bmp,(√13 x √13),tie,AJ,,2025-12-06 01:20:43,,,,(√13 x √13),Trajectories/2022-02-04/037_RR220204A_579C_0146.bmp || Trajectories/2022-02-04/074_RR220204A_297C_1711.bmp,/content/rl_quantum_2026summer/data/original data/Trajectories/2022-02-04/074_RR220204A_297C_1711.bmp,/content/rl_quantum_2026summer/data/original data/Trajectories/2022-02-04/037_RR220204A_579C_0146.bmp,3,1.0
Trajectories/2022-04-11/366_RR220411A_654C_1930.bmp,366_RR220411A_654C_1930.bmp,Trajectories/2022-04-11/323_RR220411A_816C_1903.bmp,323_RR220411A_816C_1903.bmp,HTR,not_apply,SY,,2025-12-10T16:57:42.092980,,,,HTR,Trajectories/2022-04-11/323_RR220411A_816C_1903.bmp || Trajectories/2022-04-11/366_RR220411A_654C_1930.bmp,/content/rl_quantum_2026summer/data/original data/Trajectories/2022-04-11/366_RR220411A_654C_1930.bmp,/content/rl_quantum_2026summer/data/original data/Trajectories/2022-04-11/323_RR220411A_816C_1903.bmp,4,1.0
Trajectories/2022-04-11/366_RR220411A_654C_1930.bmp,366_RR220411A_654C_1930.bmp,Trajectories/2022-04-11/323_RR220411A_816C_1903.bmp,323_RR220411A_816C_1903.bmp,(√13 x √13),tie,SY,,2025-12-10T16:57:42.961149,,,,(√13 x √13),Trajectories/2022-04-11/323_RR220411A_816C_1903.bmp || Trajectories/2022-04-11/366_RR220411A_654C_1930.bmp,/content/rl_quantum_2026summer/data/original data/Trajectories/2022-04-11/366_RR220411A_654C_1930.bmp,/content/rl_quantum_2026summer/data/original data/Trajectories/2022-04-11/323_RR220411A_816C_1903.bmp,3,1.0
Trajectories/2022-04-11/366_RR220411A_654C_1930.bmp,366_RR220411A_654C_1930.bmp,Trajectories/2022-04-11/323_RR220411A_816C_1903.bmp,323_RR220411A_816C_1903.bmp,c(6 x 2),tie,SY,,2025-12-10T16:57:43.641358,,,,c(6 x 2),Trajectories/2022-04-11/323_RR220411A_816C_1903.bmp || Trajectories/2022-04-11/366_RR220411A_654C_1930.bmp,/content/rl_quantum_2026summer/data/original data/Trajectories/2022-04-11/366_RR220411A_654C_1930.bmp,/content/rl_quantum_2026summer/data/original data/Trajectories/2022-04-11/323_RR220411A_816C_1903.bmp,2,1.0
Trajectories/2022-04-11/366_RR220411A_654C_1930.bmp,366_RR220411A_654C_1930.bmp,Trajectories/2022-04-11/323_RR220411A_816C_1903.bmp,323_RR220411A_816C_1903.bmp,Twinned(2 x 1),not_apply,SY,,2025-12-10T16:57:44.332936,,,,Twinned(2 x 1),Trajectories/2022-04-11/323_RR220411A_816C_1903.bmp || Trajectories/2022-04-11/366_RR220411A_654C_1930.bmp,/content/rl_quantum_2026summer/data/original data/Trajectories/2022-04-11/366_RR220411A_654C_1930.bmp,/content/rl_quantum_2026summer/data/original data/Trajectories/2022-04-11/323_RR220411A_816C_1903.bmp,1,1.0
Trajectories/2022-04-11/366_RR220411A_654C_1930.bmp,366_RR220411A_654C_1930.bmp,Trajectories/2022-04-11/323_RR220411A_816C_1903.bmp,323_RR220411A_816C_1903.bmp,(1 x 1),tie,SY,,2025-12-10T16:57:45.015657,,,,(1 x 1),Trajectories/2022-04-11/323_RR220411A_816C_1903.bmp || Trajectories/2022-04-11/366_RR220411A_654C_1930.bmp,/content/rl_quantum_2026summer/data/original data/Trajectories/2022-04-11/366_RR220411A_654C_1930.bmp,/content/rl_quantum_2026summer/data/original data/Trajectories/2022-04-11/323_RR220411A_816C_1903.bmp,0,1.0
Trajectories/2022-04-11/081_RR220411A_453C_1523.bmp,081_RR220411A_453C_1523.bmp,Trajectories/2022-02-04/314_RR220204A_937C_2030.bmp,314_RR220204A_937C_2030.bmp,(1 x 1),2,HL,,2026-01-02T22:20:07.278909,320.0,400.0,Confident,(1 x 1),Trajectories/2022-02-04/314_RR220204A_937C_2030.bmp || Trajectories/2022-04-11/081_RR220411A_453C_1523.bmp,/content/rl_quantum_2026summer/data/original data/Trajectories/2022-04-11/081_RR220411A_453C_1523.bmp,/content/rl_quantum_2026summer/data/original data/Trajectories/2022-02-04/314_RR220204A_937C_2030.bmp,0,1.0
Trajectories/2022-04-11/081_RR220411A_453C_1523.bmp,081_RR220411A_453C_1523.bmp,Trajectories/2022-02-04/314_RR220204A_937C_2030.bmp,314_RR220204A_937C_2030.bmp,Twinned(2 x 1),2,HL,,2026-01-02T22:20:08.533379,320.0,400.0,Confident,Twinned(2 x 1),Trajectories/2022-02-04/314_RR220204A_937C_2030.bmp || Trajectories/2022-04-11/081_RR220411A_453C_1523.bmp,/content/rl_quantum_2026summer/data/original data/Trajectories/2022-04-11/081_RR220411A_453C_1523.bmp,/content/rl_quantum_2026summer/data/original data/Trajectories/2022-02-04/314_RR220204A_937C_2030.bmp,1,1.0
Trajectories/2022-04-11/081_RR220411A_453C_1523.bmp,081_RR220411A_453C_1523.bmp,Trajectories/2022-02-04/314_RR220204A_937C_2030.bmp,314_RR220204A_937C_2030.bmp,(√13 x √13),2,HL,,2026-01-02T22:20:09.737265,320.0,400.0,Confident,(√13 x √13),Trajectories/2022-02-04/314_RR220204A_937C_2030.bmp || Trajectories/2022-04-11/081_RR220411A_453C_1523.bmp,/content/rl_quantum_2026summer/data/original data/Trajectories/2022-04-11/081_RR220411A_453C_1523.bmp,/content/rl_quantum_2026summer/data/original data/Trajectories/2022-02-04/314_RR220204A_937C_2030.bmp,3,1.0
Trajectories/2022-04-11/081_RR220411A_453C_1523.bmp,081_RR220411A_453C_1523.bmp,Trajectories/2022-02-04/314_RR220204A_937C_2030.bmp,314_RR220204A_937C_2030.bmp,HTR,not_apply,HL,,2026-01-02T22:20:10.841465,320.0,400.0,Confident,HTR,Trajectories/2022-02-04/314_RR220204A_937C_2030.bmp || Trajectories/2022-04-11/081_RR220411A_453C_1523.bmp,/content/rl_quantum_2026summer/data/original data/Trajectories/2022-04-11/081_RR220411A_453C_1523.bmp,/content/rl_quantum_2026summer/data/original data/Trajectories/2022-02-04/314_RR220204A_937C_2030.bmp,4,1.0
Trajectories/2022-04-11/081_RR220411A_453C_1523.bmp,081_RR220411A_453C_1523.bmp,Trajectories/2022-02-04/314_RR220204A_937C_2030.bmp,314_RR220204A_937C_2030.bmp,c(6 x 2),not_apply,HL,,2026-01-02T22:20:11.937876,320.0,400.0,Confident,c(6 x 2),Trajectories/2022-02-04/314_RR220204A_937C_2030.bmp || Trajectories/2022-04-11/081_RR220411A_453C_1523.bmp,/content/rl_quantum_2026summer/data/original data/Trajectories/2022-04-11/081_RR220411A_453C_1523.bmp,/content/rl_quantum_2026summer/data/original data/Trajectories/2022-02-04/314_RR220204A_937C_2030.bmp,2,1.0
Trajectories/2022-04-11/183_RR220411A_794C_1655.bmp,183_RR220411A_794C_1655.bmp,Trajectories/2022-02-04/048_RR220204A_245C_0201.bmp,048_RR220204A_245C_0201.bmp,(√13 x √13),2,SY,,2025-12-10T16:56:27.896724,,,,(√13 x √13),Trajectories/2022-02-04/048_RR220204A_245C_0201.bmp || Trajectories/2022-04-11/183_RR220411A_794C_1655.bmp,/content/rl_quantum_2026summer/data/original data/Trajectories/2022-04-11/183_RR220411A_794C_1655.bmp,/content/rl_quantum_2026summer/data/original data/Trajectories/2022-02-04/048_RR220204A_245C_0201.bmp,3,1.0
Trajectories/2022-04-11/183_RR220411A_794C_1655.bmp,183_RR220411A_794C_1655.bmp,Trajectories/2022-02-04/048_RR220204A_245C_0201.bmp,048_RR220204A_245C_0201.bmp,c(6 x 2),not_apply,SY,,2025-12-10T16:56:28.616269,,,,c(6 x 2),Trajectories/2022-02-04/048_RR220204A_245C_0201.bmp || Trajectories/2022-04-11/183_RR220411A_794C_1655.bmp,/content/rl_quantum_2026summer/data/original data/Trajectories/2022-04-11/183_RR220411A_794C_1655.bmp,/content/rl_quantum_2026summer/data/original data/Trajectories/2022-02-04/048_RR220204A_245C_0201.bmp,2,1.0
Trajectories/2022-04-11/183_RR220411A_794C_1655.bmp,183_RR220411A_794C_1655.bmp,Trajectories/2022-02-04/048_RR220204A_245C_0201.bmp,048_RR220204A_245C_0201.bmp,(1 x 1),2,SY,,2025-12-10T16:56:29.359621,,,,(1 x 1),Trajectories/2022-02-04/048_RR220204A_245C_0201.bmp || Trajectories/2022-04-11/183_RR220411A_794C_1655.bmp,/content/rl_quantum_2026summer/data/original data/Trajectories/2022-04-11/183_RR220411A_794C_1655.bmp,/content/rl_quantum_2026summer/data/original data/Trajectories/2022-02-04/048_RR220204A_245C_0201.bmp,0,1.0
Trajectories/2022-04-11/183_RR220411A_794C_1655.bmp,183_RR220411A_794C_1655.bmp,Trajectories/2022-02-04/048_RR220204A_245C_0201.bmp,048_RR220204A_245C_0201.bmp,HTR,not_apply,SY,,2025-12-10T16:56:30.137612,,,,HTR,Trajectories/2022-02-04/048_RR220204A_245C_0201.bmp || Trajectories/2022-04-11/183_RR220411A_794C_1655.bmp,/content/rl_quantum_2026summer/data/original data/Trajectories/2022-04-11/183_RR220411A_794C_1655.bmp,/content/rl_quantum_2026summer/data/original data/Trajectories/2022-02-04/048_RR220204A_245C_0201.bmp,4,1.0
Trajectories/2022-04-11/183_RR220411A_794C_1655.bmp,183_RR220411A_794C_1655.bmp,Trajectories/2022-02-04/048_RR220204A_245C_0201.bmp,048_RR220204A_245C_0201.bmp,Twinned(2 x 1),2,SY,,2025-12-10T16:56:31.277603,,,,Twinned(2 x 1),Trajectories/2022-02-04/048_RR220204A_245C_0201.bmp || Trajectories/2022-04-11/183_RR220411A_794C_1655.bmp,/content/rl_quantum_2026summer/data/original data/Trajectories/2022-04-11/183_RR220411A_794C_1655.bmp,/content/rl_quantum_2026summer/data/original data/Trajectories/2022-02-04/048_RR220204A_245C_0201.bmp,1,1.0
Trajectories/2022-04-11/387_RR220411A_578C_1943.bmp,387_RR220411A_578C_1943.bmp,Trajectories/2022-04-11/076_RR220411A_442C_1520.bmp,076_RR220411A_442C_1520.bmp,Twinned(2 x 1),not_apply,SY,,2025-12-10T17:01:38.885310,,,,Twinned(2 x 1),Trajectories/2022-04-11/076_RR220411A_442C_1520.bmp || Trajectories/2022-04-11/387_RR220411A_578C_1943.bmp,/content/rl_quantum_2026summer/data/original data/Trajectories/2022-04-11/387_RR220411A_578C_1943.bmp,/content/rl_quantum_2026summer/data/original data/Trajectories/2022-04-11/076_RR220411A_442C_1520.bmp,1,1.0
Trajectories/2022-04-11/387_RR220411A_578C_1943.bmp,387_RR220411A_578C_1943.bmp,Trajectories/2022-04-11/076_RR220411A_442C_1520.bmp,076_RR220411A_442C_1520.bmp,c(6 x 2),1,SY,,2025-12-10T17:01:39.593567,,,,c(6 x 2),Trajectories/2022-04-11/076_RR220411A_442C_1520.bmp || Trajectories/2022-04-11/387_RR220411A_578C_1943.bmp,/content/rl_quantum_2026summer/data/original data/Trajectories/2022-04-11/387_RR220411A_578C_1943.bmp,/content/rl_quantum_2026summer/data/original data/Trajectories/2022-04-11/076_RR220411A_442C_1520.bmp,2,1.0
Trajectories/2022-04-11/387_RR220411A_578C_1943.bmp,387_RR220411A_578C_1943.bmp,Trajectories/2022-04-11/076_RR220411A_442C_1520.bmp,076_RR220411A_442C_1520.bmp,(√13 x √13),1,SY,,2025-12-10T17:01:40.254501,,,,(√13 x √13),Trajectories/2022-04-11/076_RR220411A_442C_1520.bmp || Trajectories/2022-04-11/387_RR220411A_578C_1943.bmp,/content/rl_quantum_2026summer/data/original data/Trajectories/2022-04-11/387_RR220411A_578C_1943.bmp,/content/rl_quantum_2026summer/data/original data/Trajectories/2022-04-11/076_RR220411A_442C_1520.bmp,3,1.0
Trajectories/2022-04-11/387_RR220411A_578C_1943.bmp,387_RR220411A_578C_1943.bmp,Trajectories/2022-04-11/076_RR220411A_442C_1520.bmp,076_RR220411A_442C_1520.bmp,HTR,not_apply,SY,,2025-12-10T17:01:40.972197,,,,HTR,Trajectories/2022-04-11/076_RR220411A_442C_1520.bmp || Trajectories/2022-04-11/387_RR220411A_578C_1943.bmp,/content/rl_quantum_2026summer/data/original data/Trajectories/2022-04-11/387_RR220411A_578C_1943.bmp,/content/rl_quantum_2026summer/data/original data/Trajectories/2022-04-11/076_RR220411A_442C_1520.bmp,4,1.0
Trajectories/2022-04-11/387_RR220411A_578C_1943.bmp,387_RR220411A_578C_1943.bmp,Trajectories/2022-04-11/076_RR220411A_442C_1520.bmp,076_RR220411A_442C_1520.bmp,(1 x 1),tie,SY,,2025-12-10T17:01:41.638551,,,,(1 x 1),Trajectories/2022-04-11/076_RR220411A_442C_1520.bmp || Trajectories/2022-04-11/387_RR220411A_578C_1943.bmp,/content/rl_quantum_2026summer/data/original data/Trajectories/2022-04-11/387_RR220411A_578C_1943.bmp,/content/rl_quantum_2026summer/data/original data/Trajectories/2022-04-11/076_RR220411A_442C_1520.bmp,0,1.0
Trajectories/2022-04-11/008_RR220411A_193C_1422.bmp,008_RR220411A_193C_1422.bmp,Trajectories/2022-04-11/093_RR220411A_482C_1531.bmp,093_RR220411A_482C_1531.bmp,Twinned(2 x 1),not_apply,AJ,,2025-12-26T10:55:23.078377,198.0,228.0,Confident,Twinned(2 x 1),Trajectories/2022-04-11/008_RR220411A_193C_1422.bmp || Trajectories/2022-04-11/093_RR220411A_482C_1531.bmp,/content/rl_quantum_2026summer/data/original data/Trajectories/2022-04-11/008_RR220411A_193C_1422.bmp,/content/rl_quantum_2026summer/data/original data/Trajectories/2022-04-11/093_RR220411A_482C_1531.bmp,1,1.0
Trajectories/2022-04-11/008_RR220411A_193C_1422.bmp,008_RR220411A_193C_1422.bmp,Trajectories/2022-04-11/093_RR220411A_482C_1531.bmp,093_RR220411A_482C_1531.bmp,(√13 x √13),not_apply,AJ,,2025-12-26T10:55:24.077545,198.0,228.0,Confident,(√13 x √13),Trajectories/2022-04-11/008_RR220411A_193C_1422.bmp || Trajectories/2022-04-11/093_RR220411A_482C_1531.bmp,/content/rl_quantum_2026summer/data/original data/Trajectories/2022-04-11/008_RR220411A_193C_1422.bmp,/content/rl_quantum_2026summer/data/original data/Trajectories/2022-04-11/093_RR220411A_482C_1531.bmp,3,1.0
Trajectories/2022-04-11/008_RR220411A_193C_1422.bmp,008_RR220411A_193C_1422.bmp,Trajectories/2022-04-11/093_RR220411A_482C_1531.bmp,093_RR220411A_482C_1531.bmp,(1 x 1),tie,AJ,,2025-12-26T10:55:25.025952,198.0,228.0,Confident,(1 x 1),Trajectories/2022-04-11/008_RR220411A_193C_1422.bmp || Trajectories/2022-04-11/093_RR220411A_482C_1531.bmp,/content/rl_quantum_2026summer/data/original data/Trajectories/2022-04-11/008_RR220411A_193C_1422.bmp,/content/rl_quantum_2026summer/data/original data/Trajectories/2022-04-11/093_RR220411A_482C_1531.bmp,0,1.0
Trajectories/2022-04-11/008_RR220411A_193C_1422.bmp,008_RR220411A_193C_1422.bmp,Trajectories/2022-04-11/093_RR220411A_482C_1531.bmp,093_RR220411A_482C_1531.bmp,c(6 x 2),not_apply,AJ,,2025-12-26T10:55:25.873484,198.0,228.0,Confident,c(6 x 2),Trajectories/2022-04-11/008_RR220411A_193C_1422.bmp || Trajectories/2022-04-11/093_RR220411A_482C_1531.bmp,/content/rl_quantum_2026summer/data/original data/Trajectories/2022-04-11/008_RR220411A_193C_1422.bmp,/content/rl_quantum_2026summer/data/original data/Trajectories/2022-04-11/093_RR220411A_482C_1531.bmp,2,1.0
Trajectories/2022-04-11/008_RR220411A_193C_1422.bmp,008_RR220411A_193C_1422.bmp,Trajectories/2022-04-11/093_RR220411A_482C_1531.bmp,093_RR220411A_482C_1531.bmp,HTR,not_apply,AJ,,2025-12-26T10:55:26.802501,198.0,228.0,Confident,HTR,Trajectories/2022-04-11/008_RR220411A_193C_1422.bmp || Trajectories/2022-04-11/093_RR220411A_482C_1531.bmp,/content/rl_quantum_2026summer/data/original data/Trajectories/2022-04-11/008_RR220411A_193C_1422.bmp,/content/rl_quantum_2026summer/data/original data/Trajectories/2022-04-11/093_RR220411A_482C_1531.bmp,4,1.0
Trajectories/2022-04-11/088_RR220411A_459C_1527.bmp,088_RR220411A_459C_1527.bmp,Trajectories/2022-02-04/133_RR220204A_467C_1754-01.bmp,133_RR220204A_467C_1754-01.bmp,Twinned(2 x 1),2,SY,,2025-12-10T16:58:22.117787,,,,Twinned(2 x 1),Trajectories/2022-02-04/133_RR220204A_467C_1754-01.bmp || Trajectories/2022-04-11/088_RR220411A_459C_1527.bmp,/content/rl_quantum_2026summer/data/original data/Trajectories/2022-04-11/088_RR220411A_459C_1527.bmp,/content/rl_quantum_2026summer/data/original data/Trajectories/2022-02-04/133_RR220204A_467C_1754-01.bmp,1,1.0
Trajectories/2022-04-11/088_RR220411A_459C_1527.bmp,088_RR220411A_459C_1527.bmp,Trajectories/2022-02-04/133_RR220204A_467C_1754-01.bmp,133_RR220204A_467C_1754-01.bmp,(1 x 1),1,SY,,2025-12-10T16:58:22.926371,,,,(1 x 1),Trajectories/2022-02-04/133_RR220204A_467C_1754-01.bmp || Trajectories/2022-04-11/088_RR220411A_459C_1527.bmp,/content/rl_quantum_2026summer/data/original data/Trajectories/2022-04-11/088_RR220411A_459C_1527.bmp,/content/rl_quantum_2026summer/data/original data/Trajectories/2022-02-04/133_RR220204A_467C_1754-01.bmp,0,1.0
Trajectories/2022-04-11/088_RR220411A_459C_1527.bmp,088_RR220411A_459C_1527.bmp,Trajectories/2022-02-04/133_RR220204A_467C_1754-01.bmp,133_RR220204A_467C_1754-01.bmp,c(6 x 2),not_apply,SY,,2025-12-10T16:58:23.645510,,,,c(6 x 2),Trajectories/2022-02-04/133_RR220204A_467C_1754-01.bmp || Trajectories/2022-04-11/088_RR220411A_459C_1527.bmp,/content/rl_quantum_2026summer/data/original data/Trajectories/2022-04-11/088_RR220411A_459C_1527.bmp,/content/rl_quantum_2026summer/data/original data/Trajectories/2022-02-04/133_RR220204A_467C_1754-01.bmp,2,1.0
Trajectories/2022-04-11/088_RR220411A_459C_1527.bmp,088_RR220411A_459C_1527.bmp,Trajectories/2022-02-04/133_RR220204A_467C_1754-01.bmp,133_RR220204A_467C_1754-01.bmp,HTR,not_apply,SY,,2025-12-10T16:58:24.312589,,,,HTR,Trajectories/2022-02-04/133_RR220204A_467C_1754-01.bmp || Trajectories/2022-04-11/088_RR220411A_459C_1527.bmp,/content/rl_quantum_2026summer/data/original data/Trajectories/2022-04-11/088_RR220411A_459C_1527.bmp,/content/rl_quantum_2026summer/data/original data/Trajectories/2022-02-04/133_RR220204A_467C_1754-01.bmp,4,1.0
Trajectories/2022-04-11/088_RR220411A_459C_1527.bmp,088_RR220411A_459C_1527.bmp,Trajectories/2022-02-04/133_RR220204A_467C_1754-01.bmp,133_RR220204A_467C_1754-01.bmp,(√13 x √13),2,SY,,2025-12-10T16:58:24.951554,,,,(√13 x √13),Trajectories/2022-02-04/133_RR220204A_467C_1754-01.bmp || Trajectories/2022-04-11/088_RR220411A_459C_1527.bmp,/content/rl_quantum_2026summer/data/original data/Trajectories/2022-04-11/088_RR220411A_459C_1527.bmp,/content/rl_quantum_2026summer/data/original data/Trajectories/2022-02-04/133_RR220204A_467C_1754-01.bmp,3,1.0
Trajectories/2022-04-11/129_RR220411A_590C_1601.bmp,129_RR220411A_590C_1601.bmp,Trajectories/2022-02-06/141_RR220206A_995C_1942.bmp,141_RR220206A_995C_1942.bmp,(1 x 1),1,HL,,2026-01-06T23:14:56.537843,290.0,311.0,Confident,(1 x 1),Trajectories/2022-02-06/141_RR220206A_995C_1942.bmp || Trajectories/2022-04-11/129_RR220411A_590C_1601.bmp,/content/rl_quantum_2026summer/data/original data/Trajectories/2022-04-11/129_RR220411A_590C_1601.bmp,/content/rl_quantum_2026summer/data/original data/Trajectories/2022-02-06/141_RR220206A_995C_1942.bmp,0,1.0
Trajectories/2022-04-11/129_RR220411A_590C_1601.bmp,129_RR220411A_590C_1601.bmp,Trajectories/2022-02-06/141_RR220206A_995C_1942.bmp,141_RR220206A_995C_1942.bmp,HTR,not_apply,HL,,2026-01-06T23:14:58.103906,290.0,311.0,Confident,HTR,Trajectories/2022-02-06/141_RR220206A_995C_1942.bmp || Trajectories/2022-04-11/129_RR220411A_590C_1601.bmp,/content/rl_quantum_2026summer/data/original data/Trajectories/2022-04-11/129_RR220411A_590C_1601.bmp,/content/rl_quantum_2026summer/data/original data/Trajectories/2022-02-06/141_RR220206A_995C_1942.bmp,4,1.0
Trajectories/2022-04-11/129_RR220411A_590C_1601.bmp,129_RR220411A_590C_1601.bmp,Trajectories/2022-02-06/141_RR220206A_995C_1942.bmp,141_RR220206A_995C_1942.bmp,Twinned(2 x 1),not_apply,HL,,2026-01-06T23:14:59.292000,290.0,311.0,Confident,Twinned(2 x 1),Trajectories/2022-02-06/141_RR220206A_995C_1942.bmp || Trajectories/2022-04-11/129_RR220411A_590C_1601.bmp,/content/rl_quantum_2026summer/data/original data/Trajectories/2022-04-11/129_RR220411A_590C_1601.bmp,/content/rl_quantum_2026summer/data/original data/Trajectories/2022-02-06/141_RR220206A_995C_1942.bmp,1,1.0
Trajectories/2022-04-11/129_RR220411A_590C_1601.bmp,129_RR220411A_590C_1601.bmp,Trajectories/2022-02-06/141_RR220206A_995C_1942.bmp,141_RR220206A_995C_1942.bmp,(√13 x √13),not_apply,HL,,2026-01-06T23:15:00.590700,290.0,311.0,Confident,(√13 x √13),Trajectories/2022-02-06/141_RR220206A_995C_1942.bmp || Trajectories/2022-04-11/129_RR220411A_590C_1601.bmp,/content/rl_quantum_2026summer/data/original data/Trajectories/2022-04-11/129_RR220411A_590C_1601.bmp,/content/rl_quantum_2026summer/data/original data/Trajectories/2022-02-06/141_RR220206A_995C_1942.bmp,3,1.0
Trajectories/2022-04-11/129_RR220411A_590C_1601.bmp,129_RR220411A_590C_1601.bmp,Trajectories/2022-02-06/141_RR220206A_995C_1942.bmp,141_RR220206A_995C_1942.bmp,c(6 x 2),2,HL,,2026-01-06T23:15:01.765259,290.0,311.0,Confident,c(6 x 2),Trajectories/2022-02-06/141_RR220206A_995C_1942.bmp || Trajectories/2022-04-11/129_RR220411A_590C_1601.bmp,/content/rl_quantum_2026summer/data/original data/Trajectories/2022-04-11/129_RR220411A_590C_1601.bmp,/content/rl_quantum_2026summer/data/original data/Trajectories/2022-02-06/141_RR220206A_995C_1942.bmp,2,1.0
Trajectories/2022-02-06/241_RR220206A_692C_2157.bmp,241_RR220206A_692C_2157.bmp,Trajectories/2022-04-11/201_RR220411A_843C_1711-01.bmp,201_RR220411A_843C_1711-01.bmp,Twinned(2 x 1),not_apply,HL,,2026-01-06T21:51:01.638435,312.0,308.0,Confident,Twinned(2 x 1),Trajectories/2022-02-06/241_RR220206A_692C_2157.bmp || Trajectories/2022-04-11/201_RR220411A_843C_1711-01.bmp,/content/rl_quantum_2026summer/data/original data/Trajectories/2022-02-06/241_RR220206A_692C_2157.bmp,/content/rl_quantum_2026summer/data/original data/Trajectories/2022-04-11/201_RR220411A_843C_1711-01.bmp,1,1.0
Trajectories/2022-02-06/241_RR220206A_692C_2157.bmp,241_RR220206A_692C_2157.bmp,Trajectories/2022-04-11/201_RR220411A_843C_1711-01.bmp,201_RR220411A_843C_1711-01.bmp,(1 x 1),1,HL,,2026-01-06T21:51:02.759982,312.0,308.0,Confident,(1 x 1),Trajectories/2022-02-06/241_RR220206A_692C_2157.bmp || Trajectories/2022-04-11/201_RR220411A_843C_1711-01.bmp,/content/rl_quantum_2026summer/data/original data/Trajectories/2022-02-06/241_RR220206A_692C_2157.bmp,/content/rl_quantum_2026summer/data/original data/Trajectories/2022-04-11/201_RR220411A_843C_1711-01.bmp,0,1.0
Trajectories/2022-02-06/241_RR220206A_692C_2157.bmp,241_RR220206A_692C_2157.bmp,Trajectories/2022-04-11/201_RR220411A_843C_1711-01.bmp,201_RR220411A_843C_1711-01.bmp,(√13 x √13),2,HL,,2026-01-06T21:51:03.653875,312.0,308.0,Confident,(√13 x √13),Trajectories/2022-02-06/241_RR220206A_692C_2157.bmp || Trajectories/2022-04-11/201_RR220411A_843C_1711-01.bmp,/content/rl_quantum_2026summer/data/original data/Trajectories/2022-02-06/241_RR220206A_692C_2157.bmp,/content/rl_quantum_2026summer/data/original data/Trajectories/2022-04-11/201_RR220411A_843C_1711-01.bmp,3,1.0
Trajectories/2022-02-06/241_RR220206A_692C_2157.bmp,241_RR220206A_692C_2157.bmp,Trajectories/2022-04-11/201_RR220411A_843C_1711-01.bmp,201_RR220411A_843C_1711-01.bmp,HTR,1,HL,,2026-01-06T21:51:04.502073,312.0,308.0,Confident,HTR,Trajectories/2022-02-06/241_RR220206A_692C_2157.bmp || Trajectories/2022-04-11/201_RR220411A_843C_1711-01.bmp,/content/rl_quantum_2026summer/data/original data/Trajectories/2022-02-06/241_RR220206A_692C_2157.bmp,/content/rl_quantum_2026summer/data/original data/Trajectories/2022-04-11/201_RR220411A_843C_1711-01.bmp,4,1.0
Trajectories/2022-02-06/241_RR220206A_692C_2157.bmp,241_RR220206A_692C_2157.bmp,Trajectories/2022-04-11/201_RR220411A_843C_1711-01.bmp,201_RR220411A_843C_1711-01.bmp,c(6 x 2),not_apply,HL,,2026-01-06T21:51:05.408432,312.0,308.0,Confident,c(6 x 2),Trajectories/2022-02-06/241_RR220206A_692C_2157.bmp || Trajectories/2022-04-11/201_RR220411A_843C_1711-01.bmp,/content/rl_quantum_2026summer/data/original data/Trajectories/2022-02-06/241_RR220206A_692C_2157.bmp,/content/rl_quantum_2026summer/data/original data/Trajectories/2022-04-11/201_RR220411A_843C_1711-01.bmp,2,1.0
Trajectories/2022-02-06/049_RR220206A_205C_1737.bmp,049_RR220206A_205C_1737.bmp,Trajectories/2022-04-11/356_RR220411A_685C_1925.bmp,356_RR220411A_685C_1925.bmp,HTR,not_apply,HL,,2025-12-15T21:27:41.883575,,,,HTR,Trajectories/2022-02-06/049_RR220206A_205C_1737.bmp || Trajectories/2022-04-11/356_RR220411A_685C_1925.bmp,/content/rl_quantum_2026summer/data/original data/Trajectories/2022-02-06/049_RR220206A_205C_1737.bmp,/content/rl_quantum_2026summer/data/original data/Trajectories/2022-04-11/356_RR220411A_685C_1925.bmp,4,1.0
Trajectories/2022-02-06/049_RR220206A_205C_1737.bmp,049_RR220206A_205C_1737.bmp,Trajectories/2022-04-11/356_RR220411A_685C_1925.bmp,356_RR220411A_685C_1925.bmp,Twinned(2 x 1),not_apply,HL,,2025-12-15T21:27:43.042098,,,,Twinned(2 x 1),Trajectories/2022-02-06/049_RR220206A_205C_1737.bmp || Trajectories/2022-04-11/356_RR220411A_685C_1925.bmp,/content/rl_quantum_2026summer/data/original data/Trajectories/2022-02-06/049_RR220206A_205C_1737.bmp,/content/rl_quantum_2026summer/data/original data/Trajectories/2022-04-11/356_RR220411A_685C_1925.bmp,1,1.0
Trajectories/2022-02-06/049_RR220206A_205C_1737.bmp,049_RR220206A_205C_1737.bmp,Trajectories/2022-04-11/356_RR220411A_685C_1925.bmp,356_RR220411A_685C_1925.bmp,(√13 x √13),2,HL,,2025-12-15T21:27:44.078270,,,,(√13 x √13),Trajectories/2022-02-06/049_RR220206A_205C_1737.bmp || Trajectories/2022-04-11/356_RR220411A_685C_1925.bmp,/content/rl_quantum_2026summer/data/original data/Trajectories/2022-02-06/049_RR220206A_205C_1737.bmp,/content/rl_quantum_2026summer/data/original data/Trajectories/2022-04-11/356_RR220411A_685C_1925.bmp,3,1.0
Trajectories/2022-02-06/049_RR220206A_205C_1737.bmp,049_RR220206A_205C_1737.bmp,Trajectories/2022-04-11/356_RR220411A_685C_1925.bmp,356_RR220411A_685C_1925.bmp,(1 x 1),1,HL,,2025-12-15T21:27:45.111980,,,,(1 x 1),Trajectories/2022-02-06/049_RR220206A_205C_1737.bmp || Trajectories/2022-04-11/356_RR220411A_685C_1925.bmp,/content/rl_quantum_2026summer/data/original data/Trajectories/2022-02-06/049_RR220206A_205C_1737.bmp,/content/rl_quantum_2026summer/data/original data/Trajectories/2022-04-11/356_RR220411A_685C_1925.bmp,0,1.0
Trajectories/2022-02-06/049_RR220206A_205C_1737.bmp,049_RR220206A_205C_1737.bmp,Trajectories/2022-04-11/356_RR220411A_685C_1925.bmp,356_RR220411A_685C_1925.bmp,c(6 x 2),2,HL,,2025-12-15T21:27:46.368830,,,,c(6 x 2),Trajectories/2022-02-06/049_RR220206A_205C_1737.bmp || Trajectories/2022-04-11/356_RR220411A_685C_1925.bmp,/content/rl_quantum_2026summer/data/original data/Trajectories/2022-02-06/049_RR220206A_205C_1737.bmp,/content/rl_quantum_2026summer/data/original data/Trajectories/2022-04-11/356_RR220411A_685C_1925.bmp,2,1.0
Trajectories/2022-02-04/022_RR220204A_981C_0127.bmp,022_RR220204A_981C_0127.bmp,Trajectories/2022-02-04/114_RR220204A_440C_1738.bmp,114_RR220204A_440C_1738.bmp,HTR,not_apply,HL,,2025-12-15T21:28:47.723742,,,,HTR,Trajectories/2022-02-04/022_RR220204A_981C_0127.bmp || Trajectories/2022-02-04/114_RR220204A_440C_1738.bmp,/content/rl_quantum_2026summer/data/original data/Trajectories/2022-02-04/022_RR220204A_981C_0127.bmp,/content/rl_quantum_2026summer/data/original data/Trajectories/2022-02-04/114_RR220204A_440C_1738.bmp,4,1.0
Trajectories/2022-02-04/022_RR220204A_981C_0127.bmp,022_RR220204A_981C_0127.bmp,Trajectories/2022-02-04/114_RR220204A_440C_1738.bmp,114_RR220204A_440C_1738.bmp,Twinned(2 x 1),tie,HL,,2025-12-15T21:28:48.558482,,,,Twinned(2 x 1),Trajectories/2022-02-04/022_RR220204A_981C_0127.bmp || Trajectories/2022-02-04/114_RR220204A_440C_1738.bmp,/content/rl_quantum_2026summer/data/original data/Trajectories/2022-02-04/022_RR220204A_981C_0127.bmp,/content/rl_quantum_2026summer/data/original data/Trajectories/2022-02-04/114_RR220204A_440C_1738.bmp,1,1.0
Trajectories/2022-02-04/022_RR220204A_981C_0127.bmp,022_RR220204A_981C_0127.bmp,Trajectories/2022-02-04/114_RR220204A_440C_1738.bmp,114_RR220204A_440C_1738.bmp,c(6 x 2),not_apply,HL,,2025-12-15T21:28:49.362311,,,,c(6 x 2),Trajectories/2022-02-04/022_RR220204A_981C_0127.bmp || Trajectories/2022-02-04/114_RR220204A_440C_1738.bmp,/content/rl_quantum_2026summer/data/original data/Trajectories/2022-02-04/022_RR220204A_981C_0127.bmp,/content/rl_quantum_2026summer/data/original data/Trajectories/2022-02-04/114_RR220204A_440C_1738.bmp,2,1.0
Trajectories/2022-02-04/022_RR220204A_981C_0127.bmp,022_RR220204A_981C_0127.bmp,Trajectories/2022-02-04/114_RR220204A_440C_1738.bmp,114_RR220204A_440C_1738.bmp,(1 x 1),not_apply,HL,,2025-12-15T21:28:50.133363,,,,(1 x 1),Trajectories/2022-02-04/022_RR220204A_981C_0127.bmp || Trajectories/2022-02-04/114_RR220204A_440C_1738.bmp,/content/rl_quantum_2026summer/data/original data/Trajectories/2022-02-04/022_RR220204A_981C_0127.bmp,/content/rl_quantum_2026summer/data/original data/Trajectories/2022-02-04/114_RR220204A_440C_1738.bmp,0,1.0
Trajectories/2022-02-04/022_RR220204A_981C_0127.bmp,022_RR220204A_981C_0127.bmp,Trajectories/2022-02-04/114_RR220204A_440C_1738.bmp,114_RR220204A_440C_1738.bmp,(√13 x √13),2,HL,,2025-12-15T21:28:50.900298,,,,(√13 x √13),Trajectories/2022-02-04/022_RR220204A_981C_0127.bmp || Trajectories/2022-02-04/114_RR220204A_440C_1738.bmp,/content/rl_quantum_2026summer/data/original data/Trajectories/2022-02-04/022_RR220204A_981C_0127.bmp,/content/rl_quantum_2026summer/data/original data/Trajectories/2022-02-04/114_RR220204A_440C_1738.bmp,3,1.0
Trajectories/2022-02-06/077_RR220206A_461C_1813.bmp,077_RR220206A_461C_1813.bmp,Trajectories/2022-02-04/013_RR220204A_949C_0119.bmp,013_RR220204A_949C_0119.bmp,(√13 x √13),2,HL,,2025-12-15T20:55:48.977621,,,,(√13 x √13),Trajectories/2022-02-04/013_RR220204A_949C_0119.bmp || Trajectories/2022-02-06/077_RR220206A_461C_1813.bmp,/content/rl_quantum_2026summer/data/original data/Trajectories/2022-02-06/077_RR220206A_461C_1813.bmp,/content/rl_quantum_2026summer/data/original data/Trajectories/2022-02-04/013_RR220204A_949C_0119.bmp,3,1.0
Trajectories/2022-02-06/077_RR220206A_461C_1813.bmp,077_RR220206A_461C_1813.bmp,Trajectories/2022-02-04/013_RR220204A_949C_0119.bmp,013_RR220204A_949C_0119.bmp,(1 x 1),1,HL,,2025-12-15T20:55:49.946509,,,,(1 x 1),Trajectories/2022-02-04/013_RR220204A_949C_0119.bmp || Trajectories/2022-02-06/077_RR220206A_461C_1813.bmp,/content/rl_quantum_2026summer/data/original data/Trajectories/2022-02-06/077_RR220206A_461C_1813.bmp,/content/rl_quantum_2026summer/data/original data/Trajectories/2022-02-04/013_RR220204A_949C_0119.bmp,0,1.0
Trajectories/2022-02-06/077_RR220206A_461C_1813.bmp,077_RR220206A_461C_1813.bmp,Trajectories/2022-02-04/013_RR220204A_949C_0119.bmp,013_RR220204A_949C_0119.bmp,HTR,not_apply,HL,,2025-12-15T20:55:50.957856,,,,HTR,Trajectories/2022-02-04/013_RR220204A_949C_0119.bmp || Trajectories/2022-02-06/077_RR220206A_461C_1813.bmp,/content/rl_quantum_2026summer/data/original data/Trajectories/2022-02-06/077_RR220206A_461C_1813.bmp,/content/rl_quantum_2026summer/data/original data/Trajectories/2022-02-04/013_RR220204A_949C_0119.bmp,4,1.0
Trajectories/2022-02-06/077_RR220206A_461C_1813.bmp,077_RR220206A_461C_1813.bmp,Trajectories/2022-02-04/013_RR220204A_949C_0119.bmp,013_RR220204A_949C_0119.bmp,Twinned(2 x 1),2,HL,,2025-12-15T20:55:51.830799,,,,Twinned(2 x 1),Trajectories/2022-02-04/013_RR220204A_949C_0119.bmp || Trajectories/2022-02-06/077_RR220206A_461C_1813.bmp,/content/rl_quantum_2026summer/data/original data/Trajectories/2022-02-06/077_RR220206A_461C_1813.bmp,/content/rl_quantum_2026summer/data/original data/Trajectories/2022-02-04/013_RR220204A_949C_0119.bmp,1,1.0
Trajectories/2022-02-06/077_RR220206A_461C_1813.bmp,077_RR220206A_461C_1813.bmp,Trajectories/2022-02-04/013_RR220204A_949C_0119.bmp,013_RR220204A_949C_0119.bmp,c(6 x 2),not_apply,HL,,2025-12-15T20:55:52.755378,,,,c(6 x 2),Trajectories/2022-02-04/013_RR220204A_949C_0119.bmp || Trajectories/2022-02-06/077_RR220206A_461C_1813.bmp,/content/rl_quantum_2026summer/data/original data/Trajectories/2022-02-06/077_RR220206A_461C_1813.bmp,/content/rl_quantum_2026summer/data/original data/Trajectories/2022-02-04/013_RR220204A_949C_0119.bmp,2,1.0
Trajectories/2022-02-06/123_RR220206A_894C_1923.bmp,123_RR220206A_894C_1923.bmp,Trajectories/2022-02-04/117_RR220204A_445C_1740.bmp,117_RR220204A_445C_1740.bmp,c(6 x 2),2,AJ,,2025-12-06 01:24:55,,,,c(6 x 2),Trajectories/2022-02-04/117_RR220204A_445C_1740.bmp || Trajectories/2022-02-06/123_RR220206A_894C_1923.bmp,/content/rl_quantum_2026summer/data/original data/Trajectories/2022-02-06/123_RR220206A_894C_1923.bmp,/content/rl_quantum_2026summer/data/original data/Trajectories/2022-02-04/117_RR220204A_445C_1740.bmp,2,1.0
Trajectories/2022-02-06/123_RR220206A_894C_1923.bmp,123_RR220206A_894C_1923.bmp,Trajectories/2022-02-04/117_RR220204A_445C_1740.bmp,117_RR220204A_445C_1740.bmp,(1 x 1),1,AJ,,2025-12-06 01:24:55,,,,(1 x 1),Trajectories/2022-02-04/117_RR220204A_445C_1740.bmp || Trajectories/2022-02-06/123_RR220206A_894C_1923.bmp,/content/rl_quantum_2026summer/data/original data/Trajectories/2022-02-06/123_RR220206A_894C_1923.bmp,/content/rl_quantum_2026summer/data/original data/Trajectories/2022-02-04/117_RR220204A_445C_1740.bmp,0,1.0
Trajectories/2022-04-11/204_RR220411A_851C_1712.bmp,204_RR220411A_851C_1712.bmp,Trajectories/2022-02-04/131_RR220204A_466C_1754.bmp,131_RR220204A_466C_1754.bmp,c(6 x 2),not_apply,HL,,2025-12-15T21:06:00.801724,,,,c(6 x 2),Trajectories/2022-02-04/131_RR220204A_466C_1754.bmp || Trajectories/2022-04-11/204_RR220411A_851C_1712.bmp,/content/rl_quantum_2026summer/data/original data/Trajectories/2022-04-11/204_RR220411A_851C_1712.bmp,/content/rl_quantum_2026summer/data/original data/Trajectories/2022-02-04/131_RR220204A_466C_1754.bmp,2,1.0
Trajectories/2022-04-11/204_RR220411A_851C_1712.bmp,204_RR220411A_851C_1712.bmp,Trajectories/2022-02-04/131_RR220204A_466C_1754.bmp,131_RR220204A_466C_1754.bmp,Twinned(2 x 1),2,HL,,2025-12-15T21:06:01.970275,,,,Twinned(2 x 1),Trajectories/2022-02-04/131_RR220204A_466C_1754.bmp || Trajectories/2022-04-11/204_RR220411A_851C_1712.bmp,/content/rl_quantum_2026summer/data/original data/Trajectories/2022-04-11/204_RR220411A_851C_1712.bmp,/content/rl_quantum_2026summer/data/original data/Trajectories/2022-02-04/131_RR220204A_466C_1754.bmp,1,1.0
Trajectories/2022-04-11/204_RR220411A_851C_1712.bmp,204_RR220411A_851C_1712.bmp,Trajectories/2022-02-04/131_RR220204A_466C_1754.bmp,131_RR220204A_466C_1754.bmp,(√13 x √13),2,HL,,2025-12-15T21:06:02.996487,,,,(√13 x √13),Trajectories/2022-02-04/131_RR220204A_466C_1754.bmp || Trajectories/2022-04-11/204_RR220411A_851C_1712.bmp,/content/rl_quantum_2026summer/data/original data/Trajectories/2022-04-11/204_RR220411A_851C_1712.bmp,/content/rl_quantum_2026summer/data/original data/Trajectories/2022-02-04/131_RR220204A_466C_1754.bmp,3,1.0
Trajectories/2022-04-11/204_RR220411A_851C_1712.bmp,204_RR220411A_851C_1712.bmp,Trajectories/2022-02-04/131_RR220204A_466C_1754.bmp,131_RR220204A_466C_1754.bmp,(1 x 1),not_apply,HL,,2025-12-15T21:06:03.890960,,,,(1 x 1),Trajectories/2022-02-04/131_RR220204A_466C_1754.bmp || Trajectories/2022-04-11/204_RR220411A_851C_1712.bmp,/content/rl_quantum_2026summer/data/original data/Trajectories/2022-04-11/204_RR220411A_851C_1712.bmp,/content/rl_quantum_2026summer/data/original data/Trajectories/2022-02-04/131_RR220204A_466C_1754.bmp,0,1.0
Trajectories/2022-04-11/204_RR220411A_851C_1712.bmp,204_RR220411A_851C_1712.bmp,Trajectories/2022-02-04/131_RR220204A_466C_1754.bmp,131_RR220204A_466C_1754.bmp,HTR,not_apply,HL,,2025-12-15T21:06:04.866413,,,,HTR,Trajectories/2022-02-04/131_RR220204A_466C_1754.bmp || Trajectories/2022-04-11/204_RR220411A_851C_1712.bmp,/content/rl_quantum_2026summer/data/original data/Trajectories/2022-04-11/204_RR220411A_851C_1712.bmp,/content/rl_quantum_2026summer/data/original data/Trajectories/2022-02-04/131_RR220204A_466C_1754.bmp,4,1.0
Trajectories/2022-02-04/294_RR220204A_843C_2014.bmp,294_RR220204A_843C_2014.bmp,Trajectories/2022-02-06/140_RR220206A_993C_1941.bmp,140_RR220206A_993C_1941.bmp,(√13 x √13),1,AJ,,2025-12-12T00:11:31.731499,,,,(√13 x √13),Trajectories/2022-02-04/294_RR220204A_843C_2014.bmp || Trajectories/2022-02-06/140_RR220206A_993C_1941.bmp,/content/rl_quantum_2026summer/data/original data/Trajectories/2022-02-04/294_RR220204A_843C_2014.bmp,/content/rl_quantum_2026summer/data/original data/Trajectories/2022-02-06/140_RR220206A_993C_1941.bmp,3,1.0
Trajectories/2022-02-04/294_RR220204A_843C_2014.bmp,294_RR220204A_843C_2014.bmp,Trajectories/2022-02-06/140_RR220206A_993C_1941.bmp,140_RR220206A_993C_1941.bmp,HTR,2,AJ,,2025-12-12T00:11:32.525228,,,,HTR,Trajectories/2022-02-04/294_RR220204A_843C_2014.bmp || Trajectories/2022-02-06/140_RR220206A_993C_1941.bmp,/content/rl_quantum_2026summer/data/original data/Trajectories/2022-02-04/294_RR220204A_843C_2014.bmp,/content/rl_quantum_2026summer/data/original data/Trajectories/2022-02-06/140_RR220206A_993C_1941.bmp,4,1.0
Trajectories/2022-04-11/141_RR220411A_656C_1613.bmp,141_RR220411A_656C_1613.bmp,Trajectories/2022-04-11/203_RR220411A_843C_1711-03.bmp,203_RR220411A_843C_1711-03.bmp,(1 x 1),tie,AJ,,2025-12-11T15:20:41.477317,,,,(1 x 1),Trajectories/2022-04-11/141_RR220411A_656C_1613.bmp || Trajectories/2022-04-11/203_RR220411A_843C_1711-03.bmp,/content/rl_quantum_2026summer/data/original data/Trajectories/2022-04-11/141_RR220411A_656C_1613.bmp,/content/rl_quantum_2026summer/data/original data/Trajectories/2022-04-11/203_RR220411A_843C_1711-03.bmp,0,1.0
Trajectories/2022-02-04/319_RR220204A_918C_2037.bmp,319_RR220204A_918C_2037.bmp,Trajectories/2022-02-04/354_RR220204A_951C_2141.bmp,354_RR220204A_951C_2141.bmp,Twinned(2 x 1),1,HL,,2025-12-15T20:53:44.999029,,,,Twinned(2 x 1),Trajectories/2022-02-04/319_RR220204A_918C_2037.bmp || Trajectories/2022-02-04/354_RR220204A_951C_2141.bmp,/content/rl_quantum_2026summer/data/original data/Trajectories/2022-02-04/319_RR220204A_918C_2037.bmp,/content/rl_quantum_2026summer/data/original data/Trajectories/2022-02-04/354_RR220204A_951C_2141.bmp,1,1.0
Trajectories/2022-02-04/319_RR220204A_918C_2037.bmp,319_RR220204A_918C_2037.bmp,Trajectories/2022-02-04/354_RR220204A_951C_2141.bmp,354_RR220204A_951C_2141.bmp,(√13 x √13),2,HL,,2025-12-15T20:53:46.240690,,,,(√13 x √13),Trajectories/2022-02-04/319_RR220204A_918C_2037.bmp || Trajectories/2022-02-04/354_RR220204A_951C_2141.bmp,/content/rl_quantum_2026summer/data/original data/Trajectories/2022-02-04/319_RR220204A_918C_2037.bmp,/content/rl_quantum_2026summer/data/original data/Trajectories/2022-02-04/354_RR220204A_951C_2141.bmp,3,1.0
Trajectories/2022-02-04/319_RR220204A_918C_2037.bmp,319_RR220204A_918C_2037.bmp,Trajectories/2022-02-04/354_RR220204A_951C_2141.bmp,354_RR220204A_951C_2141.bmp,c(6 x 2),not_apply,HL,,2025-12-15T20:53:47.203783,,,,c(6 x 2),Trajectories/2022-02-04/319_RR220204A_918C_2037.bmp || Trajectories/2022-02-04/354_RR220204A_951C_2141.bmp,/content/rl_quantum_2026summer/data/original data/Trajectories/2022-02-04/319_RR220204A_918C_2037.bmp,/content/rl_quantum_2026summer/data/original data/Trajectories/2022-02-04/354_RR220204A_951C_2141.bmp,2,1.0
Trajectories/2022-02-04/319_RR220204A_918C_2037.bmp,319_RR220204A_918C_2037.bmp,Trajectories/2022-02-04/354_RR220204A_951C_2141.bmp,354_RR220204A_951C_2141.bmp,HTR,not_apply,HL,,2025-12-15T20:53:48.266445,,,,HTR,Trajectories/2022-02-04/319_RR220204A_918C_2037.bmp || Trajectories/2022-02-04/354_RR220204A_951C_2141.bmp,/content/rl_quantum_2026summer/data/original data/Trajectories/2022-02-04/319_RR220204A_918C_2037.bmp,/content/rl_quantum_2026summer/data/original data/Trajectories/2022-02-04/354_RR220204A_951C_2141.bmp,4,1.0
Trajectories/2022-02-04/319_RR220204A_918C_2037.bmp,319_RR220204A_918C_2037.bmp,Trajectories/2022-02-04/354_RR220204A_951C_2141.bmp,354_RR220204A_951C_2141.bmp,(1 x 1),not_apply,HL,,2025-12-15T20:53:49.408823,,,,(1 x 1),Trajectories/2022-02-04/319_RR220204A_918C_2037.bmp || Trajectories/2022-02-04/354_RR220204A_951C_2141.bmp,/content/rl_quantum_2026summer/data/original data/Trajectories/2022-02-04/319_RR220204A_918C_2037.bmp,/content/rl_quantum_2026summer/data/original data/Trajectories/2022-02-04/354_RR220204A_951C_2141.bmp,0,1.0
Trajectories/2022-02-04/338_RR220204A_940C_2108.bmp,338_RR220204A_940C_2108.bmp,Trajectories/2022-04-11/354_RR220411A_693C_1924.bmp,354_RR220411A_693C_1924.bmp,c(6 x 2),2,Jiangang,,2026-01-05T15:46:27.745309,325.0,202.0,Confident,c(6 x 2),Trajectories/2022-02-04/338_RR220204A_940C_2108.bmp || Trajectories/2022-04-11/354_RR220411A_693C_1924.bmp,/content/rl_quantum_2026summer/data/original data/Trajectories/2022-02-04/338_RR220204A_940C_2108.bmp,/content/rl_quantum_2026summer/data/original data/Trajectories/2022-04-11/354_RR220411A_693C_1924.bmp,2,1.0
Trajectories/2022-02-04/338_RR220204A_940C_2108.bmp,338_RR220204A_940C_2108.bmp,Trajectories/2022-04-11/354_RR220411A_693C_1924.bmp,354_RR220411A_693C_1924.bmp,Twinned(2 x 1),1,Jiangang,,2026-01-05T15:46:29.362949,325.0,202.0,Confident,Twinned(2 x 1),Trajectories/2022-02-04/338_RR220204A_940C_2108.bmp || Trajectories/2022-04-11/354_RR220411A_693C_1924.bmp,/content/rl_quantum_2026summer/data/original data/Trajectories/2022-02-04/338_RR220204A_940C_2108.bmp,/content/rl_quantum_2026summer/data/original data/Trajectories/2022-04-11/354_RR220411A_693C_1924.bmp,1,1.0
Trajectories/2022-02-04/338_RR220204A_940C_2108.bmp,338_RR220204A_940C_2108.bmp,Trajectories/2022-04-11/354_RR220411A_693C_1924.bmp,354_RR220411A_693C_1924.bmp,HTR,not_apply,Jiangang,,2026-01-05T15:46:30.755792,325.0,202.0,Confident,HTR,Trajectories/2022-02-04/338_RR220204A_940C_2108.bmp || Trajectories/2022-04-11/354_RR220411A_693C_1924.bmp,/content/rl_quantum_2026summer/data/original data/Trajectories/2022-02-04/338_RR220204A_940C_2108.bmp,/content/rl_quantum_2026summer/data/original data/Trajectories/2022-04-11/354_RR220411A_693C_1924.bmp,4,1.0
Trajectories/2022-02-04/338_RR220204A_940C_2108.bmp,338_RR220204A_940C_2108.bmp,Trajectories/2022-04-11/354_RR220411A_693C_1924.bmp,354_RR220411A_693C_1924.bmp,(1 x 1),not_apply,Jiangang,,2026-01-05T15:46:31.668455,325.0,202.0,Confident,(1 x 1),Trajectories/2022-02-04/338_RR220204A_940C_2108.bmp || Trajectories/2022-04-11/354_RR220411A_693C_1924.bmp,/content/rl_quantum_2026summer/data/original data/Trajectories/2022-02-04/338_RR220204A_940C_2108.bmp,/content/rl_quantum_2026summer/data/original data/Trajectories/2022-04-11/354_RR220411A_693C_1924.bmp,0,1.0
Trajectories/2022-02-04/338_RR220204A_940C_2108.bmp,338_RR220204A_940C_2108.bmp,Trajectories/2022-04-11/354_RR220411A_693C_1924.bmp,354_RR220411A_693C_1924.bmp,(√13 x √13),tie,Jiangang,,2026-01-05T15:46:32.595069,325.0,202.0,Confident,(√13 x √13),Trajectories/2022-02-04/338_RR220204A_940C_2108.bmp || Trajectories/2022-04-11/354_RR220411A_693C_1924.bmp,/content/rl_quantum_2026summer/data/original data/Trajectories/2022-02-04/338_RR220204A_940C_2108.bmp,/content/rl_quantum_2026summer/data/original data/Trajectories/2022-04-11/354_RR220411A_693C_1924.bmp,3,1.0
Trajectories/2022-04-11/238_RR220411A_905C_1736.bmp,238_RR220411A_905C_1736.bmp,Trajectories/2022-04-11/319_RR220411A_828C_1900.bmp,319_RR220411A_828C_1900.bmp,Twinned(2 x 1),not_apply,HL,,2026-01-06T21:49:26.146943,304.0,275.0,Confident,Twinned(2 x 1),Trajectories/2022-04-11/238_RR220411A_905C_1736.bmp || Trajectories/2022-04-11/319_RR220411A_828C_1900.bmp,/content/rl_quantum_2026summer/data/original data/Trajectories/2022-04-11/238_RR220411A_905C_1736.bmp,/content/rl_quantum_2026summer/data/original data/Trajectories/2022-04-11/319_RR220411A_828C_1900.bmp,1,1.0
Trajectories/2022-04-11/238_RR220411A_905C_1736.bmp,238_RR220411A_905C_1736.bmp,Trajectories/2022-04-11/319_RR220411A_828C_1900.bmp,319_RR220411A_828C_1900.bmp,c(6 x 2),2,HL,,2026-01-06T21:49:26.884725,304.0,275.0,Confident,c(6 x 2),Trajectories/2022-04-11/238_RR220411A_905C_1736.bmp || Trajectories/2022-04-11/319_RR220411A_828C_1900.bmp,/content/rl_quantum_2026summer/data/original data/Trajectories/2022-04-11/238_RR220411A_905C_1736.bmp,/content/rl_quantum_2026summer/data/original data/Trajectories/2022-04-11/319_RR220411A_828C_1900.bmp,2,1.0
Trajectories/2022-04-11/238_RR220411A_905C_1736.bmp,238_RR220411A_905C_1736.bmp,Trajectories/2022-04-11/319_RR220411A_828C_1900.bmp,319_RR220411A_828C_1900.bmp,(√13 x √13),2,HL,,2026-01-06T21:49:27.633243,304.0,275.0,Confident,(√13 x √13),Trajectories/2022-04-11/238_RR220411A_905C_1736.bmp || Trajectories/2022-04-11/319_RR220411A_828C_1900.bmp,/content/rl_quantum_2026summer/data/original data/Trajectories/2022-04-11/238_RR220411A_905C_1736.bmp,/content/rl_quantum_2026summer/data/original data/Trajectories/2022-04-11/319_RR220411A_828C_1900.bmp,3,1.0
Trajectories/2022-04-11/238_RR220411A_905C_1736.bmp,238_RR220411A_905C_1736.bmp,Trajectories/2022-04-11/319_RR220411A_828C_1900.bmp,319_RR220411A_828C_1900.bmp,HTR,not_apply,HL,,2026-01-06T21:49:28.456199,304.0,275.0,Confident,HTR,Trajectories/2022-04-11/238_RR220411A_905C_1736.bmp || Trajectories/2022-04-11/319_RR220411A_828C_1900.bmp,/content/rl_quantum_2026summer/data/original data/Trajectories/2022-04-11/238_RR220411A_905C_1736.bmp,/content/rl_quantum_2026summer/data/original data/Trajectories/2022-04-11/319_RR220411A_828C_1900.bmp,4,1.0
Trajectories/2022-04-11/238_RR220411A_905C_1736.bmp,238_RR220411A_905C_1736.bmp,Trajectories/2022-04-11/319_RR220411A_828C_1900.bmp,319_RR220411A_828C_1900.bmp,(1 x 1),2,HL,,2026-01-06T21:49:29.235097,304.0,275.0,Confident,(1 x 1),Trajectories/2022-04-11/238_RR220411A_905C_1736.bmp || Trajectories/2022-04-11/319_RR220411A_828C_1900.bmp,/content/rl_quantum_2026summer/data/original data/Trajectories/2022-04-11/238_RR220411A_905C_1736.bmp,/content/rl_quantum_2026summer/data/original data/Trajectories/2022-04-11/319_RR220411A_828C_1900.bmp,0,1.0
Trajectories/2022-04-11/111_RR220411A_536C_1546.bmp,111_RR220411A_536C_1546.bmp,Trajectories/2022-04-11/175_RR220411A_765C_1645.bmp,175_RR220411A_765C_1645.bmp,(√13 x √13),not_apply,Jiangang,,2026-01-05T15:49:28.098935,302.0,335.0,Confident,(√13 x √13),Trajectories/2022-04-11/111_RR220411A_536C_1546.bmp || Trajectories/2022-04-11/175_RR220411A_765C_1645.bmp,/content/rl_quantum_2026summer/data/original data/Trajectories/2022-04-11/111_RR220411A_536C_1546.bmp,/content/rl_quantum_2026summer/data/original data/Trajectories/2022-04-11/175_RR220411A_765C_1645.bmp,3,1.0
Trajectories/2022-04-11/111_RR220411A_536C_1546.bmp,111_RR220411A_536C_1546.bmp,Trajectories/2022-04-11/175_RR220411A_765C_1645.bmp,175_RR220411A_765C_1645.bmp,(1 x 1),tie,Jiangang,,2026-01-05T15:49:29.047838,302.0,335.0,Confident,(1 x 1),Trajectories/2022-04-11/111_RR220411A_536C_1546.bmp || Trajectories/2022-04-11/175_RR220411A_765C_1645.bmp,/content/rl_quantum_2026summer/data/original data/Trajectories/2022-04-11/111_RR220411A_536C_1546.bmp,/content/rl_quantum_2026summer/data/original data/Trajectories/2022-04-11/175_RR220411A_765C_1645.bmp,0,1.0
Trajectories/2022-04-11/111_RR220411A_536C_1546.bmp,111_RR220411A_536C_1546.bmp,Trajectories/2022-04-11/175_RR220411A_765C_1645.bmp,175_RR220411A_765C_1645.bmp,Twinned(2 x 1),not_apply,Jiangang,,2026-01-05T15:49:30.061380,302.0,335.0,Confident,Twinned(2 x 1),Trajectories/2022-04-11/111_RR220411A_536C_1546.bmp || Trajectories/2022-04-11/175_RR220411A_765C_1645.bmp,/content/rl_quantum_2026summer/data/original data/Trajectories/2022-04-11/111_RR220411A_536C_1546.bmp,/content/rl_quantum_2026summer/data/original data/Trajectories/2022-04-11/175_RR220411A_765C_1645.bmp,1,1.0
Trajectories/2022-04-11/111_RR220411A_536C_1546.bmp,111_RR220411A_536C_1546.bmp,Trajectories/2022-04-11/175_RR220411A_765C_1645.bmp,175_RR220411A_765C_1645.bmp,HTR,not_apply,Jiangang,,2026-01-05T15:49:30.891749,302.0,335.0,Confident,HTR,Trajectories/2022-04-11/111_RR220411A_536C_1546.bmp || Trajectories/2022-04-11/175_RR220411A_765C_1645.bmp,/content/rl_quantum_2026summer/data/original data/Trajectories/2022-04-11/111_RR220411A_536C_1546.bmp,/content/rl_quantum_2026summer/data/original data/Trajectories/2022-04-11/175_RR220411A_765C_1645.bmp,4,1.0
Trajectories/2022-02-04/335_RR220204A_940C_2102.bmp,335_RR220204A_940C_2102.bmp,Trajectories/2022-02-04/305_RR220204A_915C_2023.bmp,305_RR220204A_915C_2023.bmp,(1 x 1),tie,HL,,2026-01-06T21:46:37.691550,286.0,400.0,Confident,(1 x 1),Trajectories/2022-02-04/305_RR220204A_915C_2023.bmp || Trajectories/2022-02-04/335_RR220204A_940C_2102.bmp,/content/rl_quantum_2026summer/data/original data/Trajectories/2022-02-04/335_RR220204A_940C_2102.bmp,/content/rl_quantum_2026summer/data/original data/Trajectories/2022-02-04/305_RR220204A_915C_2023.bmp,0,1.0
Trajectories/2022-02-04/335_RR220204A_940C_2102.bmp,335_RR220204A_940C_2102.bmp,Trajectories/2022-02-04/305_RR220204A_915C_2023.bmp,305_RR220204A_915C_2023.bmp,c(6 x 2),not_apply,HL,,2026-01-06T21:46:38.462089,286.0,400.0,Confident,c(6 x 2),Trajectories/2022-02-04/305_RR220204A_915C_2023.bmp || Trajectories/2022-02-04/335_RR220204A_940C_2102.bmp,/content/rl_quantum_2026summer/data/original data/Trajectories/2022-02-04/335_RR220204A_940C_2102.bmp,/content/rl_quantum_2026summer/data/original data/Trajectories/2022-02-04/305_RR220204A_915C_2023.bmp,2,1.0
Trajectories/2022-02-04/335_RR220204A_940C_2102.bmp,335_RR220204A_940C_2102.bmp,Trajectories/2022-02-04/305_RR220204A_915C_2023.bmp,305_RR220204A_915C_2023.bmp,Twinned(2 x 1),tie,HL,,2026-01-06T21:46:39.186417,286.0,400.0,Confident,Twinned(2 x 1),Trajectories/2022-02-04/305_RR220204A_915C_2023.bmp || Trajectories/2022-02-04/335_RR220204A_940C_2102.bmp,/content/rl_quantum_2026summer/data/original data/Trajectories/2022-02-04/335_RR220204A_940C_2102.bmp,/content/rl_quantum_2026summer/data/original data/Trajectories/2022-02-04/305_RR220204A_915C_2023.bmp,1,1.0
Trajectories/2022-02-04/335_RR220204A_940C_2102.bmp,335_RR220204A_940C_2102.bmp,Trajectories/2022-02-04/305_RR220204A_915C_2023.bmp,305_RR220204A_915C_2023.bmp,HTR,not_apply,HL,,2026-01-06T21:46:40.027616,286.0,400.0,Confident,HTR,Trajectories/2022-02-04/305_RR220204A_915C_2023.bmp || Trajectories/2022-02-04/335_RR220204A_940C_2102.bmp,/content/rl_quantum_2026summer/data/original data/Trajectories/2022-02-04/335_RR220204A_940C_2102.bmp,/content/rl_quantum_2026summer/data/original data/Trajectories/2022-02-04/305_RR220204A_915C_2023.bmp,4,1.0
Trajectories/2022-02-04/335_RR220204A_940C_2102.bmp,335_RR220204A_940C_2102.bmp,Trajectories/2022-02-04/305_RR220204A_915C_2023.bmp,305_RR220204A_915C_2023.bmp,(√13 x √13),tie,HL,,2026-01-06T21:46:40.783501,286.0,400.0,Confident,(√13 x √13),Trajectories/2022-02-04/305_RR220204A_915C_2023.bmp || Trajectories/2022-02-04/335_RR220204A_940C_2102.bmp,/content/rl_quantum_2026summer/data/original data/Trajectories/2022-02-04/335_RR220204A_940C_2102.bmp,/content/rl_quantum_2026summer/data/original data/Trajectories/2022-02-04/305_RR220204A_915C_2023.bmp,3,1.0
