Image1_Path,Image1_Name,Image2_Path,Image2_Name,Reconstruction_Type,Winner,Labeler_Name,Notes,Created_At,Brightness_1,Brightness_2,Confidence,canonical_type,pair_id,resolved_img1,resolved_img2,type_idx,confidence_weight
Trajectories/2022-04-11/443_RR220411A_303C_2007.bmp,443_RR220411A_303C_2007.bmp,Trajectories/2022-04-11/397_RR220411A_528C_1948.bmp,397_RR220411A_528C_1948.bmp,(√13 x √13),tie,AJ,,2025-12-12T00:18:11.173158,,,,(√13 x √13),Trajectories/2022-04-11/397_RR220411A_528C_1948.bmp || Trajectories/2022-04-11/443_RR220411A_303C_2007.bmp,/content/rl_quantum_2026summer/data/original data/Trajectories/2022-04-11/443_RR220411A_303C_2007.bmp,/content/rl_quantum_2026summer/data/original data/Trajectories/2022-04-11/397_RR220411A_528C_1948.bmp,3,1.0
Trajectories/2022-02-04/356_RR220204A_949C_2144.bmp,356_RR220204A_949C_2144.bmp,Trajectories/2022-02-04/266_RR220204A_783C_1938.bmp,266_RR220204A_783C_1938.bmp,Twinned(2 x 1),tie,HL,,2026-01-05T23:06:20.933551,305.0,322.0,Confident,Twinned(2 x 1),Trajectories/2022-02-04/266_RR220204A_783C_1938.bmp || Trajectories/2022-02-04/356_RR220204A_949C_2144.bmp,/content/rl_quantum_2026summer/data/original data/Trajectories/2022-02-04/356_RR220204A_949C_2144.bmp,/content/rl_quantum_2026summer/data/original data/Trajectories/2022-02-04/266_RR220204A_783C_1938.bmp,1,1.0
Trajectories/2022-02-04/356_RR220204A_949C_2144.bmp,356_RR220204A_949C_2144.bmp,Trajectories/2022-02-04/266_RR220204A_783C_1938.bmp,266_RR220204A_783C_1938.bmp,(√13 x √13),tie,HL,,2026-01-05T23:06:22.247845,305.0,322.0,Confident,(√13 x √13),Trajectories/2022-02-04/266_RR220204A_783C_1938.bmp || Trajectories/2022-02-04/356_RR220204A_949C_2144.bmp,/content/rl_quantum_2026summer/data/original data/Trajectories/2022-02-04/356_RR220204A_949C_2144.bmp,/content/rl_quantum_2026summer/data/original data/Trajectories/2022-02-04/266_RR220204A_783C_1938.bmp,3,1.0
Trajectories/2022-02-04/356_RR220204A_949C_2144.bmp,356_RR220204A_949C_2144.bmp,Trajectories/2022-02-04/266_RR220204A_783C_1938.bmp,266_RR220204A_783C_1938.bmp,(1 x 1),tie,HL,,2026-01-05T23:06:23.437401,305.0,322.0,Confident,(1 x 1),Trajectories/2022-02-04/266_RR220204A_783C_1938.bmp || Trajectories/2022-02-04/356_RR220204A_949C_2144.bmp,/content/rl_quantum_2026summer/data/original data/Trajectories/2022-02-04/356_RR220204A_949C_2144.bmp,/content/rl_quantum_2026summer/data/original data/Trajectories/2022-02-04/266_RR220204A_783C_1938.bmp,0,1.0
Trajectories/2022-02-04/356_RR220204A_949C_2144.bmp,356_RR220204A_949C_2144.bmp,Trajectories/2022-02-04/266_RR220204A_783C_1938.bmp,266_RR220204A_783C_1938.bmp,c(6 x 2),not_apply,HL,,2026-01-05T23:06:24.468567,305.0,322.0,Confident,c(6 x 2),Trajectories/2022-02-04/266_RR220204A_783C_1938.bmp || Trajectories/2022-02-04/356_RR220204A_949C_2144.bmp,/content/rl_quantum_2026summer/data/original data/Trajectories/2022-02-04/356_RR220204A_949C_2144.bmp,/content/rl_quantum_2026summer/data/original data/Trajectories/2022-02-04/266_RR220204A_783C_1938.bmp,2,1.0
Trajectories/2022-02-04/356_RR220204A_949C_2144.bmp,356_RR220204A_949C_2144.bmp,Trajectories/2022-02-04/266_RR220204A_783C_1938.bmp,266_RR220204A_783C_1938.bmp,HTR,not_apply,HL,,2026-01-05T23:06:25.576622,305.0,322.0,Confident,HTR,Trajectories/2022-02-04/266_RR220204A_783C_1938.bmp || Trajectories/2022-02-04/356_RR220204A_949C_2144.bmp,/content/rl_quantum_2026summer/data/original data/Trajectories/2022-02-04/356_RR220204A_949C_2144.bmp,/content/rl_quantum_2026summer/data/original data/Trajectories/2022-02-04/266_RR220204A_783C_1938.bmp,4,1.0
Trajectories/2022-02-06/216_RR220206A_837C_2124.bmp,216_RR220206A_837C_2124.bmp,Trajectories/2022-04-11/419_RR220411A_415C_1957.bmp,419_RR220411A_415C_1957.bmp,c(6 x 2),2,HL,,2026-01-05T23:06:40.128559,232.0,258.0,Confident,c(6 x 2),Trajectories/2022-02-06/216_RR220206A_837C_2124.bmp || Trajectories/2022-04-11/419_RR220411A_415C_1957.bmp,/content/rl_quantum_2026summer/data/original data/Trajectories/2022-02-06/216_RR220206A_837C_2124.bmp,/content/rl_quantum_2026summer/data/original data/Trajectories/2022-04-11/419_RR220411A_415C_1957.bmp,2,1.0
Trajectories/2022-02-06/216_RR220206A_837C_2124.bmp,216_RR220206A_837C_2124.bmp,Trajectories/2022-04-11/419_RR220411A_415C_1957.bmp,419_RR220411A_415C_1957.bmp,(1 x 1),2,HL,,2026-01-05T23:06:41.324664,232.0,258.0,Confident,(1 x 1),Trajectories/2022-02-06/216_RR220206A_837C_2124.bmp || Trajectories/2022-04-11/419_RR220411A_415C_1957.bmp,/content/rl_quantum_2026summer/data/original data/Trajectories/2022-02-06/216_RR220206A_837C_2124.bmp,/content/rl_quantum_2026summer/data/original data/Trajectories/2022-04-11/419_RR220411A_415C_1957.bmp,0,1.0
Trajectories/2022-02-06/216_RR220206A_837C_2124.bmp,216_RR220206A_837C_2124.bmp,Trajectories/2022-04-11/419_RR220411A_415C_1957.bmp,419_RR220411A_415C_1957.bmp,(√13 x √13),2,HL,,2026-01-05T23:06:42.489912,232.0,258.0,Confident,(√13 x √13),Trajectories/2022-02-06/216_RR220206A_837C_2124.bmp || Trajectories/2022-04-11/419_RR220411A_415C_1957.bmp,/content/rl_quantum_2026summer/data/original data/Trajectories/2022-02-06/216_RR220206A_837C_2124.bmp,/content/rl_quantum_2026summer/data/original data/Trajectories/2022-04-11/419_RR220411A_415C_1957.bmp,3,1.0
Trajectories/2022-02-06/216_RR220206A_837C_2124.bmp,216_RR220206A_837C_2124.bmp,Trajectories/2022-04-11/419_RR220411A_415C_1957.bmp,419_RR220411A_415C_1957.bmp,HTR,1,HL,,2026-01-05T23:06:43.545947,232.0,258.0,Confident,HTR,Trajectories/2022-02-06/216_RR220206A_837C_2124.bmp || Trajectories/2022-04-11/419_RR220411A_415C_1957.bmp,/content/rl_quantum_2026summer/data/original data/Trajectories/2022-02-06/216_RR220206A_837C_2124.bmp,/content/rl_quantum_2026summer/data/original data/Trajectories/2022-04-11/419_RR220411A_415C_1957.bmp,4,1.0
Trajectories/2022-02-06/216_RR220206A_837C_2124.bmp,216_RR220206A_837C_2124.bmp,Trajectories/2022-04-11/419_RR220411A_415C_1957.bmp,419_RR220411A_415C_1957.bmp,Twinned(2 x 1),not_apply,HL,,2026-01-05T23:06:44.506155,232.0,258.0,Confident,Twinned(2 x 1),Trajectories/2022-02-06/216_RR220206A_837C_2124.bmp || Trajectories/2022-04-11/419_RR220411A_415C_1957.bmp,/content/rl_quantum_2026summer/data/original data/Trajectories/2022-02-06/216_RR220206A_837C_2124.bmp,/content/rl_quantum_2026summer/data/original data/Trajectories/2022-04-11/419_RR220411A_415C_1957.bmp,1,1.0
Trajectories/2022-02-04/303_RR220204A_917C_2021.bmp,303_RR220204A_917C_2021.bmp,Trajectories/2022-04-11/226_RR220411A_873C_1725.bmp,226_RR220411A_873C_1725.bmp,c(6 x 2),tie,AJ,,2025-12-26T08:12:58.531056,335.0,204.0,Confident,c(6 x 2),Trajectories/2022-02-04/303_RR220204A_917C_2021.bmp || Trajectories/2022-04-11/226_RR220411A_873C_1725.bmp,/content/rl_quantum_2026summer/data/original data/Trajectories/2022-02-04/303_RR220204A_917C_2021.bmp,/content/rl_quantum_2026summer/data/original data/Trajectories/2022-04-11/226_RR220411A_873C_1725.bmp,2,1.0
Trajectories/2022-02-04/303_RR220204A_917C_2021.bmp,303_RR220204A_917C_2021.bmp,Trajectories/2022-04-11/226_RR220411A_873C_1725.bmp,226_RR220411A_873C_1725.bmp,(√13 x √13),tie,AJ,,2025-12-26T08:12:59.493280,335.0,204.0,Confident,(√13 x √13),Trajectories/2022-02-04/303_RR220204A_917C_2021.bmp || Trajectories/2022-04-11/226_RR220411A_873C_1725.bmp,/content/rl_quantum_2026summer/data/original data/Trajectories/2022-02-04/303_RR220204A_917C_2021.bmp,/content/rl_quantum_2026summer/data/original data/Trajectories/2022-04-11/226_RR220411A_873C_1725.bmp,3,1.0
Trajectories/2022-02-04/303_RR220204A_917C_2021.bmp,303_RR220204A_917C_2021.bmp,Trajectories/2022-04-11/226_RR220411A_873C_1725.bmp,226_RR220411A_873C_1725.bmp,(1 x 1),not_apply,AJ,,2025-12-26T08:13:00.440229,335.0,204.0,Confident,(1 x 1),Trajectories/2022-02-04/303_RR220204A_917C_2021.bmp || Trajectories/2022-04-11/226_RR220411A_873C_1725.bmp,/content/rl_quantum_2026summer/data/original data/Trajectories/2022-02-04/303_RR220204A_917C_2021.bmp,/content/rl_quantum_2026summer/data/original data/Trajectories/2022-04-11/226_RR220411A_873C_1725.bmp,0,1.0
Trajectories/2022-02-04/303_RR220204A_917C_2021.bmp,303_RR220204A_917C_2021.bmp,Trajectories/2022-04-11/226_RR220411A_873C_1725.bmp,226_RR220411A_873C_1725.bmp,HTR,not_apply,AJ,,2025-12-26T08:13:01.588867,335.0,204.0,Confident,HTR,Trajectories/2022-02-04/303_RR220204A_917C_2021.bmp || Trajectories/2022-04-11/226_RR220411A_873C_1725.bmp,/content/rl_quantum_2026summer/data/original data/Trajectories/2022-02-04/303_RR220204A_917C_2021.bmp,/content/rl_quantum_2026summer/data/original data/Trajectories/2022-04-11/226_RR220411A_873C_1725.bmp,4,1.0
Trajectories/2022-02-04/303_RR220204A_917C_2021.bmp,303_RR220204A_917C_2021.bmp,Trajectories/2022-04-11/226_RR220411A_873C_1725.bmp,226_RR220411A_873C_1725.bmp,Twinned(2 x 1),not_apply,AJ,,2025-12-26T08:13:02.569286,335.0,204.0,Confident,Twinned(2 x 1),Trajectories/2022-02-04/303_RR220204A_917C_2021.bmp || Trajectories/2022-04-11/226_RR220411A_873C_1725.bmp,/content/rl_quantum_2026summer/data/original data/Trajectories/2022-02-04/303_RR220204A_917C_2021.bmp,/content/rl_quantum_2026summer/data/original data/Trajectories/2022-04-11/226_RR220411A_873C_1725.bmp,1,1.0
Trajectories/2022-02-06/186_RR220206A_985C_2050.bmp,186_RR220206A_985C_2050.bmp,Trajectories/2022-02-06/251_RR220206A_619C_2214.bmp,251_RR220206A_619C_2214.bmp,Twinned(2 x 1),not_apply,HL,,2025-12-15T21:28:04.503051,,,,Twinned(2 x 1),Trajectories/2022-02-06/186_RR220206A_985C_2050.bmp || Trajectories/2022-02-06/251_RR220206A_619C_2214.bmp,/content/rl_quantum_2026summer/data/original data/Trajectories/2022-02-06/186_RR220206A_985C_2050.bmp,/content/rl_quantum_2026summer/data/original data/Trajectories/2022-02-06/251_RR220206A_619C_2214.bmp,1,1.0
Trajectories/2022-02-06/186_RR220206A_985C_2050.bmp,186_RR220206A_985C_2050.bmp,Trajectories/2022-02-06/251_RR220206A_619C_2214.bmp,251_RR220206A_619C_2214.bmp,(√13 x √13),not_apply,HL,,2025-12-15T21:28:05.272418,,,,(√13 x √13),Trajectories/2022-02-06/186_RR220206A_985C_2050.bmp || Trajectories/2022-02-06/251_RR220206A_619C_2214.bmp,/content/rl_quantum_2026summer/data/original data/Trajectories/2022-02-06/186_RR220206A_985C_2050.bmp,/content/rl_quantum_2026summer/data/original data/Trajectories/2022-02-06/251_RR220206A_619C_2214.bmp,3,1.0
Trajectories/2022-02-06/186_RR220206A_985C_2050.bmp,186_RR220206A_985C_2050.bmp,Trajectories/2022-02-06/251_RR220206A_619C_2214.bmp,251_RR220206A_619C_2214.bmp,c(6 x 2),not_apply,HL,,2025-12-15T21:28:06.019806,,,,c(6 x 2),Trajectories/2022-02-06/186_RR220206A_985C_2050.bmp || Trajectories/2022-02-06/251_RR220206A_619C_2214.bmp,/content/rl_quantum_2026summer/data/original data/Trajectories/2022-02-06/186_RR220206A_985C_2050.bmp,/content/rl_quantum_2026summer/data/original data/Trajectories/2022-02-06/251_RR220206A_619C_2214.bmp,2,1.0
Trajectories/2022-02-06/186_RR220206A_985C_2050.bmp,186_RR220206A_985C_2050.bmp,Trajectories/2022-02-06/251_RR220206A_619C_2214.bmp,251_RR220206A_619C_2214.bmp,HTR,2,HL,,2025-12-15T21:28:06.765313,,,,HTR,Trajectories/2022-02-06/186_RR220206A_985C_2050.bmp || Trajectories/2022-02-06/251_RR220206A_619C_2214.bmp,/content/rl_quantum_2026summer/data/original data/Trajectories/2022-02-06/186_RR220206A_985C_2050.bmp,/content/rl_quantum_2026summer/data/original data/Trajectories/2022-02-06/251_RR220206A_619C_2214.bmp,4,1.0
Trajectories/2022-02-06/186_RR220206A_985C_2050.bmp,186_RR220206A_985C_2050.bmp,Trajectories/2022-02-06/251_RR220206A_619C_2214.bmp,251_RR220206A_619C_2214.bmp,(1 x 1),not_apply,HL,,2025-12-15T21:28:07.492207,,,,(1 x 1),Trajectories/2022-02-06/186_RR220206A_985C_2050.bmp || Trajectories/2022-02-06/251_RR220206A_619C_2214.bmp,/content/rl_quantum_2026summer/data/original data/Trajectories/2022-02-06/186_RR220206A_985C_2050.bmp,/content/rl_quantum_2026summer/data/original data/Trajectories/2022-02-06/251_RR220206A_619C_2214.bmp,0,1.0
Trajectories/2022-02-06/055_RR220206A_239C_1742.bmp,055_RR220206A_239C_1742.bmp,Trajectories/2022-04-11/409_RR220411A_474C_1953.bmp,409_RR220411A_474C_1953.bmp,(1 x 1),2,SY,,2025-12-14 08:53:40,,,,(1 x 1),Trajectories/2022-02-06/055_RR220206A_239C_1742.bmp || Trajectories/2022-04-11/409_RR220411A_474C_1953.bmp,/content/rl_quantum_2026summer/data/original data/Trajectories/2022-02-06/055_RR220206A_239C_1742.bmp,/content/rl_quantum_2026summer/data/original data/Trajectories/2022-04-11/409_RR220411A_474C_1953.bmp,0,1.0
Trajectories/2022-02-06/055_RR220206A_239C_1742.bmp,055_RR220206A_239C_1742.bmp,Trajectories/2022-04-11/409_RR220411A_474C_1953.bmp,409_RR220411A_474C_1953.bmp,(√13 x √13),2,SY,,2025-12-14 08:53:40,,,,(√13 x √13),Trajectories/2022-02-06/055_RR220206A_239C_1742.bmp || Trajectories/2022-04-11/409_RR220411A_474C_1953.bmp,/content/rl_quantum_2026summer/data/original data/Trajectories/2022-02-06/055_RR220206A_239C_1742.bmp,/content/rl_quantum_2026summer/data/original data/Trajectories/2022-04-11/409_RR220411A_474C_1953.bmp,3,1.0
Trajectories/2022-02-06/055_RR220206A_239C_1742.bmp,055_RR220206A_239C_1742.bmp,Trajectories/2022-04-11/409_RR220411A_474C_1953.bmp,409_RR220411A_474C_1953.bmp,HTR,not_apply,SY,,2025-12-14 08:53:40,,,,HTR,Trajectories/2022-02-06/055_RR220206A_239C_1742.bmp || Trajectories/2022-04-11/409_RR220411A_474C_1953.bmp,/content/rl_quantum_2026summer/data/original data/Trajectories/2022-02-06/055_RR220206A_239C_1742.bmp,/content/rl_quantum_2026summer/data/original data/Trajectories/2022-04-11/409_RR220411A_474C_1953.bmp,4,1.0
Trajectories/2022-02-06/055_RR220206A_239C_1742.bmp,055_RR220206A_239C_1742.bmp,Trajectories/2022-04-11/409_RR220411A_474C_1953.bmp,409_RR220411A_474C_1953.bmp,c(6 x 2),2,SY,,2025-12-14 08:53:40,,,,c(6 x 2),Trajectories/2022-02-06/055_RR220206A_239C_1742.bmp || Trajectories/2022-04-11/409_RR220411A_474C_1953.bmp,/content/rl_quantum_2026summer/data/original data/Trajectories/2022-02-06/055_RR220206A_239C_1742.bmp,/content/rl_quantum_2026summer/data/original data/Trajectories/2022-04-11/409_RR220411A_474C_1953.bmp,2,1.0
Trajectories/2022-02-06/055_RR220206A_239C_1742.bmp,055_RR220206A_239C_1742.bmp,Trajectories/2022-04-11/409_RR220411A_474C_1953.bmp,409_RR220411A_474C_1953.bmp,Twinned(2 x 1),not_apply,SY,,2025-12-14 08:53:40,,,,Twinned(2 x 1),Trajectories/2022-02-06/055_RR220206A_239C_1742.bmp || Trajectories/2022-04-11/409_RR220411A_474C_1953.bmp,/content/rl_quantum_2026summer/data/original data/Trajectories/2022-02-06/055_RR220206A_239C_1742.bmp,/content/rl_quantum_2026summer/data/original data/Trajectories/2022-04-11/409_RR220411A_474C_1953.bmp,1,1.0
Trajectories/2022-02-04/307_RR220204A_912C_2025.bmp,307_RR220204A_912C_2025.bmp,Trajectories/2022-04-11/386_RR220411A_580C_1943.bmp,386_RR220411A_580C_1943.bmp,HTR,not_apply,HL,,2025-12-15T21:30:47.452461,,,,HTR,Trajectories/2022-02-04/307_RR220204A_912C_2025.bmp || Trajectories/2022-04-11/386_RR220411A_580C_1943.bmp,/content/rl_quantum_2026summer/data/original data/Trajectories/2022-02-04/307_RR220204A_912C_2025.bmp,/content/rl_quantum_2026summer/data/original data/Trajectories/2022-04-11/386_RR220411A_580C_1943.bmp,4,1.0
Trajectories/2022-02-04/307_RR220204A_912C_2025.bmp,307_RR220204A_912C_2025.bmp,Trajectories/2022-04-11/386_RR220411A_580C_1943.bmp,386_RR220411A_580C_1943.bmp,Twinned(2 x 1),1,HL,,2025-12-15T21:30:48.774165,,,,Twinned(2 x 1),Trajectories/2022-02-04/307_RR220204A_912C_2025.bmp || Trajectories/2022-04-11/386_RR220411A_580C_1943.bmp,/content/rl_quantum_2026summer/data/original data/Trajectories/2022-02-04/307_RR220204A_912C_2025.bmp,/content/rl_quantum_2026summer/data/original data/Trajectories/2022-04-11/386_RR220411A_580C_1943.bmp,1,1.0
Trajectories/2022-02-04/307_RR220204A_912C_2025.bmp,307_RR220204A_912C_2025.bmp,Trajectories/2022-04-11/386_RR220411A_580C_1943.bmp,386_RR220411A_580C_1943.bmp,(1 x 1),not_apply,HL,,2025-12-15T21:30:49.989237,,,,(1 x 1),Trajectories/2022-02-04/307_RR220204A_912C_2025.bmp || Trajectories/2022-04-11/386_RR220411A_580C_1943.bmp,/content/rl_quantum_2026summer/data/original data/Trajectories/2022-02-04/307_RR220204A_912C_2025.bmp,/content/rl_quantum_2026summer/data/original data/Trajectories/2022-04-11/386_RR220411A_580C_1943.bmp,0,1.0
Trajectories/2022-02-04/307_RR220204A_912C_2025.bmp,307_RR220204A_912C_2025.bmp,Trajectories/2022-04-11/386_RR220411A_580C_1943.bmp,386_RR220411A_580C_1943.bmp,c(6 x 2),2,HL,,2025-12-15T21:30:51.298834,,,,c(6 x 2),Trajectories/2022-02-04/307_RR220204A_912C_2025.bmp || Trajectories/2022-04-11/386_RR220411A_580C_1943.bmp,/content/rl_quantum_2026summer/data/original data/Trajectories/2022-02-04/307_RR220204A_912C_2025.bmp,/content/rl_quantum_2026summer/data/original data/Trajectories/2022-04-11/386_RR220411A_580C_1943.bmp,2,1.0
Trajectories/2022-02-04/307_RR220204A_912C_2025.bmp,307_RR220204A_912C_2025.bmp,Trajectories/2022-04-11/386_RR220411A_580C_1943.bmp,386_RR220411A_580C_1943.bmp,(√13 x √13),2,HL,,2025-12-15T21:30:52.520278,,,,(√13 x √13),Trajectories/2022-02-04/307_RR220204A_912C_2025.bmp || Trajectories/2022-04-11/386_RR220411A_580C_1943.bmp,/content/rl_quantum_2026summer/data/original data/Trajectories/2022-02-04/307_RR220204A_912C_2025.bmp,/content/rl_quantum_2026summer/data/original data/Trajectories/2022-04-11/386_RR220411A_580C_1943.bmp,3,1.0
Trajectories/2022-04-11/374_RR220411A_625C_1937.bmp,374_RR220411A_625C_1937.bmp,Trajectories/2022-04-11/343_RR220411A_722C_1918.bmp,343_RR220411A_722C_1918.bmp,c(6 x 2),tie,SY,,2025-12-10T16:59:01.343136,,,,c(6 x 2),Trajectories/2022-04-11/343_RR220411A_722C_1918.bmp || Trajectories/2022-04-11/374_RR220411A_625C_1937.bmp,/content/rl_quantum_2026summer/data/original data/Trajectories/2022-04-11/374_RR220411A_625C_1937.bmp,/content/rl_quantum_2026summer/data/original data/Trajectories/2022-04-11/343_RR220411A_722C_1918.bmp,2,1.0
Trajectories/2022-04-11/374_RR220411A_625C_1937.bmp,374_RR220411A_625C_1937.bmp,Trajectories/2022-04-11/343_RR220411A_722C_1918.bmp,343_RR220411A_722C_1918.bmp,HTR,not_apply,SY,,2025-12-10T16:59:02.093221,,,,HTR,Trajectories/2022-04-11/343_RR220411A_722C_1918.bmp || Trajectories/2022-04-11/374_RR220411A_625C_1937.bmp,/content/rl_quantum_2026summer/data/original data/Trajectories/2022-04-11/374_RR220411A_625C_1937.bmp,/content/rl_quantum_2026summer/data/original data/Trajectories/2022-04-11/343_RR220411A_722C_1918.bmp,4,1.0
Trajectories/2022-04-11/374_RR220411A_625C_1937.bmp,374_RR220411A_625C_1937.bmp,Trajectories/2022-04-11/343_RR220411A_722C_1918.bmp,343_RR220411A_722C_1918.bmp,Twinned(2 x 1),not_apply,SY,,2025-12-10T16:59:04.003690,,,,Twinned(2 x 1),Trajectories/2022-04-11/343_RR220411A_722C_1918.bmp || Trajectories/2022-04-11/374_RR220411A_625C_1937.bmp,/content/rl_quantum_2026summer/data/original data/Trajectories/2022-04-11/374_RR220411A_625C_1937.bmp,/content/rl_quantum_2026summer/data/original data/Trajectories/2022-04-11/343_RR220411A_722C_1918.bmp,1,1.0
Trajectories/2022-04-11/374_RR220411A_625C_1937.bmp,374_RR220411A_625C_1937.bmp,Trajectories/2022-04-11/343_RR220411A_722C_1918.bmp,343_RR220411A_722C_1918.bmp,(√13 x √13),tie,SY,,2025-12-10T16:59:05.430526,,,,(√13 x √13),Trajectories/2022-04-11/343_RR220411A_722C_1918.bmp || Trajectories/2022-04-11/374_RR220411A_625C_1937.bmp,/content/rl_quantum_2026summer/data/original data/Trajectories/2022-04-11/374_RR220411A_625C_1937.bmp,/content/rl_quantum_2026summer/data/original data/Trajectories/2022-04-11/343_RR220411A_722C_1918.bmp,3,1.0
Trajectories/2022-04-11/374_RR220411A_625C_1937.bmp,374_RR220411A_625C_1937.bmp,Trajectories/2022-04-11/343_RR220411A_722C_1918.bmp,343_RR220411A_722C_1918.bmp,(1 x 1),tie,SY,,2025-12-10T16:59:06.120952,,,,(1 x 1),Trajectories/2022-04-11/343_RR220411A_722C_1918.bmp || Trajectories/2022-04-11/374_RR220411A_625C_1937.bmp,/content/rl_quantum_2026summer/data/original data/Trajectories/2022-04-11/374_RR220411A_625C_1937.bmp,/content/rl_quantum_2026summer/data/original data/Trajectories/2022-04-11/343_RR220411A_722C_1918.bmp,0,1.0
Trajectories/2022-02-04/044_RR220204A_348C_0157.bmp,044_RR220204A_348C_0157.bmp,Trajectories/2022-02-04/059_RR220204A_180C_0211.bmp,059_RR220204A_180C_0211.bmp,(1 x 1),1,SY,,2025-12-10T17:02:50.595070,,,,(1 x 1),Trajectories/2022-02-04/044_RR220204A_348C_0157.bmp || Trajectories/2022-02-04/059_RR220204A_180C_0211.bmp,/content/rl_quantum_2026summer/data/original data/Trajectories/2022-02-04/044_RR220204A_348C_0157.bmp,/content/rl_quantum_2026summer/data/original data/Trajectories/2022-02-04/059_RR220204A_180C_0211.bmp,0,1.0
Trajectories/2022-02-04/044_RR220204A_348C_0157.bmp,044_RR220204A_348C_0157.bmp,Trajectories/2022-02-04/059_RR220204A_180C_0211.bmp,059_RR220204A_180C_0211.bmp,(√13 x √13),1,SY,,2025-12-10T17:02:51.649320,,,,(√13 x √13),Trajectories/2022-02-04/044_RR220204A_348C_0157.bmp || Trajectories/2022-02-04/059_RR220204A_180C_0211.bmp,/content/rl_quantum_2026summer/data/original data/Trajectories/2022-02-04/044_RR220204A_348C_0157.bmp,/content/rl_quantum_2026summer/data/original data/Trajectories/2022-02-04/059_RR220204A_180C_0211.bmp,3,1.0
Trajectories/2022-02-04/044_RR220204A_348C_0157.bmp,044_RR220204A_348C_0157.bmp,Trajectories/2022-02-04/059_RR220204A_180C_0211.bmp,059_RR220204A_180C_0211.bmp,Twinned(2 x 1),1,SY,,2025-12-10T17:02:52.338417,,,,Twinned(2 x 1),Trajectories/2022-02-04/044_RR220204A_348C_0157.bmp || Trajectories/2022-02-04/059_RR220204A_180C_0211.bmp,/content/rl_quantum_2026summer/data/original data/Trajectories/2022-02-04/044_RR220204A_348C_0157.bmp,/content/rl_quantum_2026summer/data/original data/Trajectories/2022-02-04/059_RR220204A_180C_0211.bmp,1,1.0
Trajectories/2022-02-04/044_RR220204A_348C_0157.bmp,044_RR220204A_348C_0157.bmp,Trajectories/2022-02-04/059_RR220204A_180C_0211.bmp,059_RR220204A_180C_0211.bmp,HTR,not_apply,SY,,2025-12-10T17:02:53.031443,,,,HTR,Trajectories/2022-02-04/044_RR220204A_348C_0157.bmp || Trajectories/2022-02-04/059_RR220204A_180C_0211.bmp,/content/rl_quantum_2026summer/data/original data/Trajectories/2022-02-04/044_RR220204A_348C_0157.bmp,/content/rl_quantum_2026summer/data/original data/Trajectories/2022-02-04/059_RR220204A_180C_0211.bmp,4,1.0
Trajectories/2022-02-04/044_RR220204A_348C_0157.bmp,044_RR220204A_348C_0157.bmp,Trajectories/2022-02-04/059_RR220204A_180C_0211.bmp,059_RR220204A_180C_0211.bmp,c(6 x 2),not_apply,SY,,2025-12-10T17:02:53.743362,,,,c(6 x 2),Trajectories/2022-02-04/044_RR220204A_348C_0157.bmp || Trajectories/2022-02-04/059_RR220204A_180C_0211.bmp,/content/rl_quantum_2026summer/data/original data/Trajectories/2022-02-04/044_RR220204A_348C_0157.bmp,/content/rl_quantum_2026summer/data/original data/Trajectories/2022-02-04/059_RR220204A_180C_0211.bmp,2,1.0
Trajectories/2022-02-04/294_RR220204A_843C_2014.bmp,294_RR220204A_843C_2014.bmp,Trajectories/2022-02-06/140_RR220206A_993C_1941.bmp,140_RR220206A_993C_1941.bmp,(√13 x √13),1,AJ,,2025-12-12T00:11:31.731499,,,,(√13 x √13),Trajectories/2022-02-04/294_RR220204A_843C_2014.bmp || Trajectories/2022-02-06/140_RR220206A_993C_1941.bmp,/content/rl_quantum_2026summer/data/original data/Trajectories/2022-02-04/294_RR220204A_843C_2014.bmp,/content/rl_quantum_2026summer/data/original data/Trajectories/2022-02-06/140_RR220206A_993C_1941.bmp,3,1.0
Trajectories/2022-02-04/294_RR220204A_843C_2014.bmp,294_RR220204A_843C_2014.bmp,Trajectories/2022-02-06/140_RR220206A_993C_1941.bmp,140_RR220206A_993C_1941.bmp,HTR,2,AJ,,2025-12-12T00:11:32.525228,,,,HTR,Trajectories/2022-02-04/294_RR220204A_843C_2014.bmp || Trajectories/2022-02-06/140_RR220206A_993C_1941.bmp,/content/rl_quantum_2026summer/data/original data/Trajectories/2022-02-04/294_RR220204A_843C_2014.bmp,/content/rl_quantum_2026summer/data/original data/Trajectories/2022-02-06/140_RR220206A_993C_1941.bmp,4,1.0
Trajectories/2022-02-06/163_RR220206A_1105C_2015.bmp,163_RR220206A_1105C_2015.bmp,Trajectories/2022-02-04/341_RR220204A_937C_2114.bmp,341_RR220204A_937C_2114.bmp,(√13 x √13),2,AJ,,2025-12-06 01:19:50,,,,(√13 x √13),Trajectories/2022-02-04/341_RR220204A_937C_2114.bmp || Trajectories/2022-02-06/163_RR220206A_1105C_2015.bmp,/content/rl_quantum_2026summer/data/original data/Trajectories/2022-02-06/163_RR220206A_1105C_2015.bmp,/content/rl_quantum_2026summer/data/original data/Trajectories/2022-02-04/341_RR220204A_937C_2114.bmp,3,1.0
Trajectories/2022-02-06/163_RR220206A_1105C_2015.bmp,163_RR220206A_1105C_2015.bmp,Trajectories/2022-02-04/341_RR220204A_937C_2114.bmp,341_RR220204A_937C_2114.bmp,HTR,1,AJ,,2025-12-06 01:19:50,,,,HTR,Trajectories/2022-02-04/341_RR220204A_937C_2114.bmp || Trajectories/2022-02-06/163_RR220206A_1105C_2015.bmp,/content/rl_quantum_2026summer/data/original data/Trajectories/2022-02-06/163_RR220206A_1105C_2015.bmp,/content/rl_quantum_2026summer/data/original data/Trajectories/2022-02-04/341_RR220204A_937C_2114.bmp,4,1.0
Trajectories/2022-02-04/319_RR220204A_918C_2037.bmp,319_RR220204A_918C_2037.bmp,Trajectories/2022-02-04/354_RR220204A_951C_2141.bmp,354_RR220204A_951C_2141.bmp,Twinned(2 x 1),1,HL,,2025-12-15T20:53:44.999029,,,,Twinned(2 x 1),Trajectories/2022-02-04/319_RR220204A_918C_2037.bmp || Trajectories/2022-02-04/354_RR220204A_951C_2141.bmp,/content/rl_quantum_2026summer/data/original data/Trajectories/2022-02-04/319_RR220204A_918C_2037.bmp,/content/rl_quantum_2026summer/data/original data/Trajectories/2022-02-04/354_RR220204A_951C_2141.bmp,1,1.0
Trajectories/2022-02-04/319_RR220204A_918C_2037.bmp,319_RR220204A_918C_2037.bmp,Trajectories/2022-02-04/354_RR220204A_951C_2141.bmp,354_RR220204A_951C_2141.bmp,(√13 x √13),2,HL,,2025-12-15T20:53:46.240690,,,,(√13 x √13),Trajectories/2022-02-04/319_RR220204A_918C_2037.bmp || Trajectories/2022-02-04/354_RR220204A_951C_2141.bmp,/content/rl_quantum_2026summer/data/original data/Trajectories/2022-02-04/319_RR220204A_918C_2037.bmp,/content/rl_quantum_2026summer/data/original data/Trajectories/2022-02-04/354_RR220204A_951C_2141.bmp,3,1.0
Trajectories/2022-02-04/319_RR220204A_918C_2037.bmp,319_RR220204A_918C_2037.bmp,Trajectories/2022-02-04/354_RR220204A_951C_2141.bmp,354_RR220204A_951C_2141.bmp,c(6 x 2),not_apply,HL,,2025-12-15T20:53:47.203783,,,,c(6 x 2),Trajectories/2022-02-04/319_RR220204A_918C_2037.bmp || Trajectories/2022-02-04/354_RR220204A_951C_2141.bmp,/content/rl_quantum_2026summer/data/original data/Trajectories/2022-02-04/319_RR220204A_918C_2037.bmp,/content/rl_quantum_2026summer/data/original data/Trajectories/2022-02-04/354_RR220204A_951C_2141.bmp,2,1.0
Trajectories/2022-02-04/319_RR220204A_918C_2037.bmp,319_RR220204A_918C_2037.bmp,Trajectories/2022-02-04/354_RR220204A_951C_2141.bmp,354_RR220204A_951C_2141.bmp,HTR,not_apply,HL,,2025-12-15T20:53:48.266445,,,,HTR,Trajectories/2022-02-04/319_RR220204A_918C_2037.bmp || Trajectories/2022-02-04/354_RR220204A_951C_2141.bmp,/content/rl_quantum_2026summer/data/original data/Trajectories/2022-02-04/319_RR220204A_918C_2037.bmp,/content/rl_quantum_2026summer/data/original data/Trajectories/2022-02-04/354_RR220204A_951C_2141.bmp,4,1.0
Trajectories/2022-02-04/319_RR220204A_918C_2037.bmp,319_RR220204A_918C_2037.bmp,Trajectories/2022-02-04/354_RR220204A_951C_2141.bmp,354_RR220204A_951C_2141.bmp,(1 x 1),not_apply,HL,,2025-12-15T20:53:49.408823,,,,(1 x 1),Trajectories/2022-02-04/319_RR220204A_918C_2037.bmp || Trajectories/2022-02-04/354_RR220204A_951C_2141.bmp,/content/rl_quantum_2026summer/data/original data/Trajectories/2022-02-04/319_RR220204A_918C_2037.bmp,/content/rl_quantum_2026summer/data/original data/Trajectories/2022-02-04/354_RR220204A_951C_2141.bmp,0,1.0
Trajectories/2022-02-04/295_RR220204A_882C_2015.bmp,295_RR220204A_882C_2015.bmp,Trajectories/2022-02-06/117_RR220206A_844C_1915.bmp,117_RR220206A_844C_1915.bmp,(1 x 1),2,HL,,2025-12-15T20:53:19.696941,,,,(1 x 1),Trajectories/2022-02-04/295_RR220204A_882C_2015.bmp || Trajectories/2022-02-06/117_RR220206A_844C_1915.bmp,/content/rl_quantum_2026summer/data/original data/Trajectories/2022-02-04/295_RR220204A_882C_2015.bmp,/content/rl_quantum_2026summer/data/original data/Trajectories/2022-02-06/117_RR220206A_844C_1915.bmp,0,1.0
Trajectories/2022-02-04/295_RR220204A_882C_2015.bmp,295_RR220204A_882C_2015.bmp,Trajectories/2022-02-06/117_RR220206A_844C_1915.bmp,117_RR220206A_844C_1915.bmp,c(6 x 2),not_apply,HL,,2025-12-15T20:53:20.777642,,,,c(6 x 2),Trajectories/2022-02-04/295_RR220204A_882C_2015.bmp || Trajectories/2022-02-06/117_RR220206A_844C_1915.bmp,/content/rl_quantum_2026summer/data/original data/Trajectories/2022-02-04/295_RR220204A_882C_2015.bmp,/content/rl_quantum_2026summer/data/original data/Trajectories/2022-02-06/117_RR220206A_844C_1915.bmp,2,1.0
Trajectories/2022-02-04/295_RR220204A_882C_2015.bmp,295_RR220204A_882C_2015.bmp,Trajectories/2022-02-06/117_RR220206A_844C_1915.bmp,117_RR220206A_844C_1915.bmp,Twinned(2 x 1),1,HL,,2025-12-15T20:53:21.884946,,,,Twinned(2 x 1),Trajectories/2022-02-04/295_RR220204A_882C_2015.bmp || Trajectories/2022-02-06/117_RR220206A_844C_1915.bmp,/content/rl_quantum_2026summer/data/original data/Trajectories/2022-02-04/295_RR220204A_882C_2015.bmp,/content/rl_quantum_2026summer/data/original data/Trajectories/2022-02-06/117_RR220206A_844C_1915.bmp,1,1.0
Trajectories/2022-02-04/295_RR220204A_882C_2015.bmp,295_RR220204A_882C_2015.bmp,Trajectories/2022-02-06/117_RR220206A_844C_1915.bmp,117_RR220206A_844C_1915.bmp,(√13 x √13),1,HL,,2025-12-15T20:53:23.012108,,,,(√13 x √13),Trajectories/2022-02-04/295_RR220204A_882C_2015.bmp || Trajectories/2022-02-06/117_RR220206A_844C_1915.bmp,/content/rl_quantum_2026summer/data/original data/Trajectories/2022-02-04/295_RR220204A_882C_2015.bmp,/content/rl_quantum_2026summer/data/original data/Trajectories/2022-02-06/117_RR220206A_844C_1915.bmp,3,1.0
Trajectories/2022-02-04/295_RR220204A_882C_2015.bmp,295_RR220204A_882C_2015.bmp,Trajectories/2022-02-06/117_RR220206A_844C_1915.bmp,117_RR220206A_844C_1915.bmp,HTR,not_apply,HL,,2025-12-15T20:53:23.955106,,,,HTR,Trajectories/2022-02-04/295_RR220204A_882C_2015.bmp || Trajectories/2022-02-06/117_RR220206A_844C_1915.bmp,/content/rl_quantum_2026summer/data/original data/Trajectories/2022-02-04/295_RR220204A_882C_2015.bmp,/content/rl_quantum_2026summer/data/original data/Trajectories/2022-02-06/117_RR220206A_844C_1915.bmp,4,1.0
Trajectories/2022-02-04/049_RR220204A_218C_0201.bmp,049_RR220204A_218C_0201.bmp,Trajectories/2022-02-04/307_RR220204A_912C_2025.bmp,307_RR220204A_912C_2025.bmp,(1 x 1),tie,SY,,2025-12-10T16:54:22.255228,,,,(1 x 1),Trajectories/2022-02-04/049_RR220204A_218C_0201.bmp || Trajectories/2022-02-04/307_RR220204A_912C_2025.bmp,/content/rl_quantum_2026summer/data/original data/Trajectories/2022-02-04/049_RR220204A_218C_0201.bmp,/content/rl_quantum_2026summer/data/original data/Trajectories/2022-02-04/307_RR220204A_912C_2025.bmp,0,1.0
Trajectories/2022-02-04/049_RR220204A_218C_0201.bmp,049_RR220204A_218C_0201.bmp,Trajectories/2022-02-04/307_RR220204A_912C_2025.bmp,307_RR220204A_912C_2025.bmp,HTR,not_apply,SY,,2025-12-10T16:54:23.058574,,,,HTR,Trajectories/2022-02-04/049_RR220204A_218C_0201.bmp || Trajectories/2022-02-04/307_RR220204A_912C_2025.bmp,/content/rl_quantum_2026summer/data/original data/Trajectories/2022-02-04/049_RR220204A_218C_0201.bmp,/content/rl_quantum_2026summer/data/original data/Trajectories/2022-02-04/307_RR220204A_912C_2025.bmp,4,1.0
Trajectories/2022-02-04/049_RR220204A_218C_0201.bmp,049_RR220204A_218C_0201.bmp,Trajectories/2022-02-04/307_RR220204A_912C_2025.bmp,307_RR220204A_912C_2025.bmp,(√13 x √13),2,SY,,2025-12-10T16:54:23.808624,,,,(√13 x √13),Trajectories/2022-02-04/049_RR220204A_218C_0201.bmp || Trajectories/2022-02-04/307_RR220204A_912C_2025.bmp,/content/rl_quantum_2026summer/data/original data/Trajectories/2022-02-04/049_RR220204A_218C_0201.bmp,/content/rl_quantum_2026summer/data/original data/Trajectories/2022-02-04/307_RR220204A_912C_2025.bmp,3,1.0
Trajectories/2022-02-04/049_RR220204A_218C_0201.bmp,049_RR220204A_218C_0201.bmp,Trajectories/2022-02-04/307_RR220204A_912C_2025.bmp,307_RR220204A_912C_2025.bmp,c(6 x 2),not_apply,SY,,2025-12-10T16:54:24.538820,,,,c(6 x 2),Trajectories/2022-02-04/049_RR220204A_218C_0201.bmp || Trajectories/2022-02-04/307_RR220204A_912C_2025.bmp,/content/rl_quantum_2026summer/data/original data/Trajectories/2022-02-04/049_RR220204A_218C_0201.bmp,/content/rl_quantum_2026summer/data/original data/Trajectories/2022-02-04/307_RR220204A_912C_2025.bmp,2,1.0
Trajectories/2022-02-04/049_RR220204A_218C_0201.bmp,049_RR220204A_218C_0201.bmp,Trajectories/2022-02-04/307_RR220204A_912C_2025.bmp,307_RR220204A_912C_2025.bmp,Twinned(2 x 1),1,SY,,2025-12-10T16:54:25.263096,,,,Twinned(2 x 1),Trajectories/2022-02-04/049_RR220204A_218C_0201.bmp || Trajectories/2022-02-04/307_RR220204A_912C_2025.bmp,/content/rl_quantum_2026summer/data/original data/Trajectories/2022-02-04/049_RR220204A_218C_0201.bmp,/content/rl_quantum_2026summer/data/original data/Trajectories/2022-02-04/307_RR220204A_912C_2025.bmp,1,1.0
Trajectories/2022-04-11/439_RR220411A_330C_2005.bmp,439_RR220411A_330C_2005.bmp,Trajectories/2022-02-04/003_RR220204A_932C_0017.bmp,003_RR220204A_932C_0017.bmp,c(6 x 2),1,HL,,2026-01-06T21:40:19.381737,258.0,257.0,Confident,c(6 x 2),Trajectories/2022-02-04/003_RR220204A_932C_0017.bmp || Trajectories/2022-04-11/439_RR220411A_330C_2005.bmp,/content/rl_quantum_2026summer/data/original data/Trajectories/2022-04-11/439_RR220411A_330C_2005.bmp,/content/rl_quantum_2026summer/data/original data/Trajectories/2022-02-04/003_RR220204A_932C_0017.bmp,2,1.0
Trajectories/2022-04-11/439_RR220411A_330C_2005.bmp,439_RR220411A_330C_2005.bmp,Trajectories/2022-02-04/003_RR220204A_932C_0017.bmp,003_RR220204A_932C_0017.bmp,(√13 x √13),1,HL,,2026-01-06T21:40:20.591934,258.0,257.0,Confident,(√13 x √13),Trajectories/2022-02-04/003_RR220204A_932C_0017.bmp || Trajectories/2022-04-11/439_RR220411A_330C_2005.bmp,/content/rl_quantum_2026summer/data/original data/Trajectories/2022-04-11/439_RR220411A_330C_2005.bmp,/content/rl_quantum_2026summer/data/original data/Trajectories/2022-02-04/003_RR220204A_932C_0017.bmp,3,1.0
Trajectories/2022-04-11/439_RR220411A_330C_2005.bmp,439_RR220411A_330C_2005.bmp,Trajectories/2022-02-04/003_RR220204A_932C_0017.bmp,003_RR220204A_932C_0017.bmp,Twinned(2 x 1),2,HL,,2026-01-06T21:40:21.488602,258.0,257.0,Confident,Twinned(2 x 1),Trajectories/2022-02-04/003_RR220204A_932C_0017.bmp || Trajectories/2022-04-11/439_RR220411A_330C_2005.bmp,/content/rl_quantum_2026summer/data/original data/Trajectories/2022-04-11/439_RR220411A_330C_2005.bmp,/content/rl_quantum_2026summer/data/original data/Trajectories/2022-02-04/003_RR220204A_932C_0017.bmp,1,1.0
Trajectories/2022-04-11/439_RR220411A_330C_2005.bmp,439_RR220411A_330C_2005.bmp,Trajectories/2022-02-04/003_RR220204A_932C_0017.bmp,003_RR220204A_932C_0017.bmp,HTR,not_apply,HL,,2026-01-06T21:40:22.350885,258.0,257.0,Confident,HTR,Trajectories/2022-02-04/003_RR220204A_932C_0017.bmp || Trajectories/2022-04-11/439_RR220411A_330C_2005.bmp,/content/rl_quantum_2026summer/data/original data/Trajectories/2022-04-11/439_RR220411A_330C_2005.bmp,/content/rl_quantum_2026summer/data/original data/Trajectories/2022-02-04/003_RR220204A_932C_0017.bmp,4,1.0
Trajectories/2022-04-11/439_RR220411A_330C_2005.bmp,439_RR220411A_330C_2005.bmp,Trajectories/2022-02-04/003_RR220204A_932C_0017.bmp,003_RR220204A_932C_0017.bmp,(1 x 1),2,HL,,2026-01-06T21:40:23.086599,258.0,257.0,Confident,(1 x 1),Trajectories/2022-02-04/003_RR220204A_932C_0017.bmp || Trajectories/2022-04-11/439_RR220411A_330C_2005.bmp,/content/rl_quantum_2026summer/data/original data/Trajectories/2022-04-11/439_RR220411A_330C_2005.bmp,/content/rl_quantum_2026summer/data/original data/Trajectories/2022-02-04/003_RR220204A_932C_0017.bmp,0,1.0
Trajectories/2022-04-11/267_RR220411A_953C_1800.bmp,267_RR220411A_953C_1800.bmp,Trajectories/2022-04-11/271_RR220411A_951C_1811.bmp,271_RR220411A_951C_1811.bmp,(√13 x √13),tie,HL,,2026-01-06T21:50:10.897096,303.0,293.0,Confident,(√13 x √13),Trajectories/2022-04-11/267_RR220411A_953C_1800.bmp || Trajectories/2022-04-11/271_RR220411A_951C_1811.bmp,/content/rl_quantum_2026summer/data/original data/Trajectories/2022-04-11/267_RR220411A_953C_1800.bmp,/content/rl_quantum_2026summer/data/original data/Trajectories/2022-04-11/271_RR220411A_951C_1811.bmp,3,1.0
Trajectories/2022-04-11/267_RR220411A_953C_1800.bmp,267_RR220411A_953C_1800.bmp,Trajectories/2022-04-11/271_RR220411A_951C_1811.bmp,271_RR220411A_951C_1811.bmp,Twinned(2 x 1),not_apply,HL,,2026-01-06T21:50:11.763434,303.0,293.0,Confident,Twinned(2 x 1),Trajectories/2022-04-11/267_RR220411A_953C_1800.bmp || Trajectories/2022-04-11/271_RR220411A_951C_1811.bmp,/content/rl_quantum_2026summer/data/original data/Trajectories/2022-04-11/267_RR220411A_953C_1800.bmp,/content/rl_quantum_2026summer/data/original data/Trajectories/2022-04-11/271_RR220411A_951C_1811.bmp,1,1.0
Trajectories/2022-04-11/267_RR220411A_953C_1800.bmp,267_RR220411A_953C_1800.bmp,Trajectories/2022-04-11/271_RR220411A_951C_1811.bmp,271_RR220411A_951C_1811.bmp,c(6 x 2),tie,HL,,2026-01-06T21:50:12.689583,303.0,293.0,Confident,c(6 x 2),Trajectories/2022-04-11/267_RR220411A_953C_1800.bmp || Trajectories/2022-04-11/271_RR220411A_951C_1811.bmp,/content/rl_quantum_2026summer/data/original data/Trajectories/2022-04-11/267_RR220411A_953C_1800.bmp,/content/rl_quantum_2026summer/data/original data/Trajectories/2022-04-11/271_RR220411A_951C_1811.bmp,2,1.0
Trajectories/2022-04-11/267_RR220411A_953C_1800.bmp,267_RR220411A_953C_1800.bmp,Trajectories/2022-04-11/271_RR220411A_951C_1811.bmp,271_RR220411A_951C_1811.bmp,HTR,not_apply,HL,,2026-01-06T21:50:13.592211,303.0,293.0,Confident,HTR,Trajectories/2022-04-11/267_RR220411A_953C_1800.bmp || Trajectories/2022-04-11/271_RR220411A_951C_1811.bmp,/content/rl_quantum_2026summer/data/original data/Trajectories/2022-04-11/267_RR220411A_953C_1800.bmp,/content/rl_quantum_2026summer/data/original data/Trajectories/2022-04-11/271_RR220411A_951C_1811.bmp,4,1.0
Trajectories/2022-04-11/267_RR220411A_953C_1800.bmp,267_RR220411A_953C_1800.bmp,Trajectories/2022-04-11/271_RR220411A_951C_1811.bmp,271_RR220411A_951C_1811.bmp,(1 x 1),tie,HL,,2026-01-06T21:50:14.498986,303.0,293.0,Confident,(1 x 1),Trajectories/2022-04-11/267_RR220411A_953C_1800.bmp || Trajectories/2022-04-11/271_RR220411A_951C_1811.bmp,/content/rl_quantum_2026summer/data/original data/Trajectories/2022-04-11/267_RR220411A_953C_1800.bmp,/content/rl_quantum_2026summer/data/original data/Trajectories/2022-04-11/271_RR220411A_951C_1811.bmp,0,1.0
Trajectories/2022-02-06/163_RR220206A_1105C_2015.bmp,163_RR220206A_1105C_2015.bmp,Trajectories/2022-04-11/417_RR220411A_427C_1956.bmp,417_RR220411A_427C_1956.bmp,HTR,1,AJ,,2025-12-12T00:17:19.567602,,,,HTR,Trajectories/2022-02-06/163_RR220206A_1105C_2015.bmp || Trajectories/2022-04-11/417_RR220411A_427C_1956.bmp,/content/rl_quantum_2026summer/data/original data/Trajectories/2022-02-06/163_RR220206A_1105C_2015.bmp,/content/rl_quantum_2026summer/data/original data/Trajectories/2022-04-11/417_RR220411A_427C_1956.bmp,4,1.0
Trajectories/2022-02-06/163_RR220206A_1105C_2015.bmp,163_RR220206A_1105C_2015.bmp,Trajectories/2022-04-11/417_RR220411A_427C_1956.bmp,417_RR220411A_427C_1956.bmp,(√13 x √13),2,AJ,,2025-12-12T00:17:20.299524,,,,(√13 x √13),Trajectories/2022-02-06/163_RR220206A_1105C_2015.bmp || Trajectories/2022-04-11/417_RR220411A_427C_1956.bmp,/content/rl_quantum_2026summer/data/original data/Trajectories/2022-02-06/163_RR220206A_1105C_2015.bmp,/content/rl_quantum_2026summer/data/original data/Trajectories/2022-04-11/417_RR220411A_427C_1956.bmp,3,1.0
Trajectories/2022-04-11/088_RR220411A_459C_1527.bmp,088_RR220411A_459C_1527.bmp,Trajectories/2022-02-04/020_RR220204A_981C_0126-02.bmp,020_RR220204A_981C_0126-02.bmp,c(6 x 2),2,AJ,,2025-12-18T18:34:54.736419,236.0,194.0,Confident,c(6 x 2),Trajectories/2022-02-04/020_RR220204A_981C_0126-02.bmp || Trajectories/2022-04-11/088_RR220411A_459C_1527.bmp,/content/rl_quantum_2026summer/data/original data/Trajectories/2022-04-11/088_RR220411A_459C_1527.bmp,/content/rl_quantum_2026summer/data/original data/Trajectories/2022-02-04/020_RR220204A_981C_0126-02.bmp,2,1.0
Trajectories/2022-04-11/088_RR220411A_459C_1527.bmp,088_RR220411A_459C_1527.bmp,Trajectories/2022-02-04/020_RR220204A_981C_0126-02.bmp,020_RR220204A_981C_0126-02.bmp,(1 x 1),1,AJ,,2025-12-18T18:34:56.043633,236.0,194.0,Confident,(1 x 1),Trajectories/2022-02-04/020_RR220204A_981C_0126-02.bmp || Trajectories/2022-04-11/088_RR220411A_459C_1527.bmp,/content/rl_quantum_2026summer/data/original data/Trajectories/2022-04-11/088_RR220411A_459C_1527.bmp,/content/rl_quantum_2026summer/data/original data/Trajectories/2022-02-04/020_RR220204A_981C_0126-02.bmp,0,1.0
Trajectories/2022-04-11/088_RR220411A_459C_1527.bmp,088_RR220411A_459C_1527.bmp,Trajectories/2022-02-04/020_RR220204A_981C_0126-02.bmp,020_RR220204A_981C_0126-02.bmp,(√13 x √13),2,AJ,,2025-12-18T18:34:56.759881,236.0,194.0,Confident,(√13 x √13),Trajectories/2022-02-04/020_RR220204A_981C_0126-02.bmp || Trajectories/2022-04-11/088_RR220411A_459C_1527.bmp,/content/rl_quantum_2026summer/data/original data/Trajectories/2022-04-11/088_RR220411A_459C_1527.bmp,/content/rl_quantum_2026summer/data/original data/Trajectories/2022-02-04/020_RR220204A_981C_0126-02.bmp,3,1.0
Trajectories/2022-04-11/088_RR220411A_459C_1527.bmp,088_RR220411A_459C_1527.bmp,Trajectories/2022-02-04/020_RR220204A_981C_0126-02.bmp,020_RR220204A_981C_0126-02.bmp,HTR,not_apply,AJ,,2025-12-18T18:34:57.502156,236.0,194.0,Confident,HTR,Trajectories/2022-02-04/020_RR220204A_981C_0126-02.bmp || Trajectories/2022-04-11/088_RR220411A_459C_1527.bmp,/content/rl_quantum_2026summer/data/original data/Trajectories/2022-04-11/088_RR220411A_459C_1527.bmp,/content/rl_quantum_2026summer/data/original data/Trajectories/2022-02-04/020_RR220204A_981C_0126-02.bmp,4,1.0
Trajectories/2022-04-11/088_RR220411A_459C_1527.bmp,088_RR220411A_459C_1527.bmp,Trajectories/2022-02-04/020_RR220204A_981C_0126-02.bmp,020_RR220204A_981C_0126-02.bmp,Twinned(2 x 1),not_apply,AJ,,2025-12-18T18:34:58.250370,236.0,194.0,Confident,Twinned(2 x 1),Trajectories/2022-02-04/020_RR220204A_981C_0126-02.bmp || Trajectories/2022-04-11/088_RR220411A_459C_1527.bmp,/content/rl_quantum_2026summer/data/original data/Trajectories/2022-04-11/088_RR220411A_459C_1527.bmp,/content/rl_quantum_2026summer/data/original data/Trajectories/2022-02-04/020_RR220204A_981C_0126-02.bmp,1,1.0
Trajectories/2022-02-04/281_RR220204A_806C_2000.bmp,281_RR220204A_806C_2000.bmp,Trajectories/2022-04-11/322_RR220411A_818C_1902.bmp,322_RR220411A_818C_1902.bmp,(1 x 1),1,HL,,2026-01-05T23:22:03.879208,330.0,255.0,Confident,(1 x 1),Trajectories/2022-02-04/281_RR220204A_806C_2000.bmp || Trajectories/2022-04-11/322_RR220411A_818C_1902.bmp,/content/rl_quantum_2026summer/data/original data/Trajectories/2022-02-04/281_RR220204A_806C_2000.bmp,/content/rl_quantum_2026summer/data/original data/Trajectories/2022-04-11/322_RR220411A_818C_1902.bmp,0,1.0
Trajectories/2022-02-04/281_RR220204A_806C_2000.bmp,281_RR220204A_806C_2000.bmp,Trajectories/2022-04-11/322_RR220411A_818C_1902.bmp,322_RR220411A_818C_1902.bmp,Twinned(2 x 1),1,HL,,2026-01-05T23:22:05.075681,330.0,255.0,Confident,Twinned(2 x 1),Trajectories/2022-02-04/281_RR220204A_806C_2000.bmp || Trajectories/2022-04-11/322_RR220411A_818C_1902.bmp,/content/rl_quantum_2026summer/data/original data/Trajectories/2022-02-04/281_RR220204A_806C_2000.bmp,/content/rl_quantum_2026summer/data/original data/Trajectories/2022-04-11/322_RR220411A_818C_1902.bmp,1,1.0
Trajectories/2022-02-04/281_RR220204A_806C_2000.bmp,281_RR220204A_806C_2000.bmp,Trajectories/2022-04-11/322_RR220411A_818C_1902.bmp,322_RR220411A_818C_1902.bmp,HTR,not_apply,HL,,2026-01-05T23:22:06.302925,330.0,255.0,Confident,HTR,Trajectories/2022-02-04/281_RR220204A_806C_2000.bmp || Trajectories/2022-04-11/322_RR220411A_818C_1902.bmp,/content/rl_quantum_2026summer/data/original data/Trajectories/2022-02-04/281_RR220204A_806C_2000.bmp,/content/rl_quantum_2026summer/data/original data/Trajectories/2022-04-11/322_RR220411A_818C_1902.bmp,4,1.0
Trajectories/2022-02-04/281_RR220204A_806C_2000.bmp,281_RR220204A_806C_2000.bmp,Trajectories/2022-04-11/322_RR220411A_818C_1902.bmp,322_RR220411A_818C_1902.bmp,(√13 x √13),2,HL,,2026-01-05T23:22:07.203074,330.0,255.0,Confident,(√13 x √13),Trajectories/2022-02-04/281_RR220204A_806C_2000.bmp || Trajectories/2022-04-11/322_RR220411A_818C_1902.bmp,/content/rl_quantum_2026summer/data/original data/Trajectories/2022-02-04/281_RR220204A_806C_2000.bmp,/content/rl_quantum_2026summer/data/original data/Trajectories/2022-04-11/322_RR220411A_818C_1902.bmp,3,1.0
Trajectories/2022-02-04/281_RR220204A_806C_2000.bmp,281_RR220204A_806C_2000.bmp,Trajectories/2022-04-11/322_RR220411A_818C_1902.bmp,322_RR220411A_818C_1902.bmp,c(6 x 2),2,HL,,2026-01-05T23:22:08.233881,330.0,255.0,Confident,c(6 x 2),Trajectories/2022-02-04/281_RR220204A_806C_2000.bmp || Trajectories/2022-04-11/322_RR220411A_818C_1902.bmp,/content/rl_quantum_2026summer/data/original data/Trajectories/2022-02-04/281_RR220204A_806C_2000.bmp,/content/rl_quantum_2026summer/data/original data/Trajectories/2022-04-11/322_RR220411A_818C_1902.bmp,2,1.0
Trajectories/2022-02-04/385_RR220204A_939C_2340.bmp,385_RR220204A_939C_2340.bmp,Trajectories/2022-02-06/171_RR220206A_1085C_2027.bmp,171_RR220206A_1085C_2027.bmp,HTR,2,AJ,,2025-12-12T00:20:02.531552,,,,HTR,Trajectories/2022-02-04/385_RR220204A_939C_2340.bmp || Trajectories/2022-02-06/171_RR220206A_1085C_2027.bmp,/content/rl_quantum_2026summer/data/original data/Trajectories/2022-02-04/385_RR220204A_939C_2340.bmp,/content/rl_quantum_2026summer/data/original data/Trajectories/2022-02-06/171_RR220206A_1085C_2027.bmp,4,1.0
Trajectories/2022-02-04/385_RR220204A_939C_2340.bmp,385_RR220204A_939C_2340.bmp,Trajectories/2022-02-06/171_RR220206A_1085C_2027.bmp,171_RR220206A_1085C_2027.bmp,(√13 x √13),1,AJ,,2025-12-12T00:20:03.262208,,,,(√13 x √13),Trajectories/2022-02-04/385_RR220204A_939C_2340.bmp || Trajectories/2022-02-06/171_RR220206A_1085C_2027.bmp,/content/rl_quantum_2026summer/data/original data/Trajectories/2022-02-04/385_RR220204A_939C_2340.bmp,/content/rl_quantum_2026summer/data/original data/Trajectories/2022-02-06/171_RR220206A_1085C_2027.bmp,3,1.0
Trajectories/2022-04-11/437_RR220411A_345C_2004.bmp,437_RR220411A_345C_2004.bmp,Trajectories/2022-02-04/181_RR220204A_572C_1825.bmp,181_RR220204A_572C_1825.bmp,c(6 x 2),1,HL,,2025-12-15T21:07:11.235892,,,,c(6 x 2),Trajectories/2022-02-04/181_RR220204A_572C_1825.bmp || Trajectories/2022-04-11/437_RR220411A_345C_2004.bmp,/content/rl_quantum_2026summer/data/original data/Trajectories/2022-04-11/437_RR220411A_345C_2004.bmp,/content/rl_quantum_2026summer/data/original data/Trajectories/2022-02-04/181_RR220204A_572C_1825.bmp,2,1.0
Trajectories/2022-04-11/437_RR220411A_345C_2004.bmp,437_RR220411A_345C_2004.bmp,Trajectories/2022-02-04/181_RR220204A_572C_1825.bmp,181_RR220204A_572C_1825.bmp,HTR,not_apply,HL,,2025-12-15T21:07:12.137885,,,,HTR,Trajectories/2022-02-04/181_RR220204A_572C_1825.bmp || Trajectories/2022-04-11/437_RR220411A_345C_2004.bmp,/content/rl_quantum_2026summer/data/original data/Trajectories/2022-04-11/437_RR220411A_345C_2004.bmp,/content/rl_quantum_2026summer/data/original data/Trajectories/2022-02-04/181_RR220204A_572C_1825.bmp,4,1.0
Trajectories/2022-04-11/437_RR220411A_345C_2004.bmp,437_RR220411A_345C_2004.bmp,Trajectories/2022-02-04/181_RR220204A_572C_1825.bmp,181_RR220204A_572C_1825.bmp,(1 x 1),not_apply,HL,,2025-12-15T21:07:13.104534,,,,(1 x 1),Trajectories/2022-02-04/181_RR220204A_572C_1825.bmp || Trajectories/2022-04-11/437_RR220411A_345C_2004.bmp,/content/rl_quantum_2026summer/data/original data/Trajectories/2022-04-11/437_RR220411A_345C_2004.bmp,/content/rl_quantum_2026summer/data/original data/Trajectories/2022-02-04/181_RR220204A_572C_1825.bmp,0,1.0
Trajectories/2022-04-11/437_RR220411A_345C_2004.bmp,437_RR220411A_345C_2004.bmp,Trajectories/2022-02-04/181_RR220204A_572C_1825.bmp,181_RR220204A_572C_1825.bmp,(√13 x √13),1,HL,,2025-12-15T21:07:14.262371,,,,(√13 x √13),Trajectories/2022-02-04/181_RR220204A_572C_1825.bmp || Trajectories/2022-04-11/437_RR220411A_345C_2004.bmp,/content/rl_quantum_2026summer/data/original data/Trajectories/2022-04-11/437_RR220411A_345C_2004.bmp,/content/rl_quantum_2026summer/data/original data/Trajectories/2022-02-04/181_RR220204A_572C_1825.bmp,3,1.0
Trajectories/2022-04-11/437_RR220411A_345C_2004.bmp,437_RR220411A_345C_2004.bmp,Trajectories/2022-02-04/181_RR220204A_572C_1825.bmp,181_RR220204A_572C_1825.bmp,Twinned(2 x 1),2,HL,,2025-12-15T21:07:15.202419,,,,Twinned(2 x 1),Trajectories/2022-02-04/181_RR220204A_572C_1825.bmp || Trajectories/2022-04-11/437_RR220411A_345C_2004.bmp,/content/rl_quantum_2026summer/data/original data/Trajectories/2022-04-11/437_RR220411A_345C_2004.bmp,/content/rl_quantum_2026summer/data/original data/Trajectories/2022-02-04/181_RR220204A_572C_1825.bmp,1,1.0
Trajectories/2022-04-11/338_RR220411A_734C_1915.bmp,338_RR220411A_734C_1915.bmp,Trajectories/2022-02-06/206_RR220206A_875C_2113.bmp,206_RR220206A_875C_2113.bmp,(1 x 1),tie,SY,,2025-12-15T20:52:06.170532,,,,(1 x 1),Trajectories/2022-02-06/206_RR220206A_875C_2113.bmp || Trajectories/2022-04-11/338_RR220411A_734C_1915.bmp,/content/rl_quantum_2026summer/data/original data/Trajectories/2022-04-11/338_RR220411A_734C_1915.bmp,/content/rl_quantum_2026summer/data/original data/Trajectories/2022-02-06/206_RR220206A_875C_2113.bmp,0,1.0
Trajectories/2022-04-11/338_RR220411A_734C_1915.bmp,338_RR220411A_734C_1915.bmp,Trajectories/2022-02-06/206_RR220206A_875C_2113.bmp,206_RR220206A_875C_2113.bmp,(√13 x √13),1,SY,,2025-12-15T20:52:08.119099,,,,(√13 x √13),Trajectories/2022-02-06/206_RR220206A_875C_2113.bmp || Trajectories/2022-04-11/338_RR220411A_734C_1915.bmp,/content/rl_quantum_2026summer/data/original data/Trajectories/2022-04-11/338_RR220411A_734C_1915.bmp,/content/rl_quantum_2026summer/data/original data/Trajectories/2022-02-06/206_RR220206A_875C_2113.bmp,3,1.0
Trajectories/2022-04-11/338_RR220411A_734C_1915.bmp,338_RR220411A_734C_1915.bmp,Trajectories/2022-02-06/206_RR220206A_875C_2113.bmp,206_RR220206A_875C_2113.bmp,HTR,2,SY,,2025-12-15T20:52:09.221177,,,,HTR,Trajectories/2022-02-06/206_RR220206A_875C_2113.bmp || Trajectories/2022-04-11/338_RR220411A_734C_1915.bmp,/content/rl_quantum_2026summer/data/original data/Trajectories/2022-04-11/338_RR220411A_734C_1915.bmp,/content/rl_quantum_2026summer/data/original data/Trajectories/2022-02-06/206_RR220206A_875C_2113.bmp,4,1.0
Trajectories/2022-04-11/338_RR220411A_734C_1915.bmp,338_RR220411A_734C_1915.bmp,Trajectories/2022-02-06/206_RR220206A_875C_2113.bmp,206_RR220206A_875C_2113.bmp,c(6 x 2),1,SY,,2025-12-15T20:52:10.614561,,,,c(6 x 2),Trajectories/2022-02-06/206_RR220206A_875C_2113.bmp || Trajectories/2022-04-11/338_RR220411A_734C_1915.bmp,/content/rl_quantum_2026summer/data/original data/Trajectories/2022-04-11/338_RR220411A_734C_1915.bmp,/content/rl_quantum_2026summer/data/original data/Trajectories/2022-02-06/206_RR220206A_875C_2113.bmp,2,1.0
Trajectories/2022-04-11/338_RR220411A_734C_1915.bmp,338_RR220411A_734C_1915.bmp,Trajectories/2022-02-06/206_RR220206A_875C_2113.bmp,206_RR220206A_875C_2113.bmp,Twinned(2 x 1),not_apply,SY,,2025-12-15T20:52:11.886048,,,,Twinned(2 x 1),Trajectories/2022-02-06/206_RR220206A_875C_2113.bmp || Trajectories/2022-04-11/338_RR220411A_734C_1915.bmp,/content/rl_quantum_2026summer/data/original data/Trajectories/2022-04-11/338_RR220411A_734C_1915.bmp,/content/rl_quantum_2026summer/data/original data/Trajectories/2022-02-06/206_RR220206A_875C_2113.bmp,1,1.0
Trajectories/2022-02-04/194_RR220204A_610C_1832.bmp,194_RR220204A_610C_1832.bmp,Trajectories/2022-02-06/119_RR220206A_871C_1918.bmp,119_RR220206A_871C_1918.bmp,c(6 x 2),2,SY,,2025-12-10T17:00:00.739215,,,,c(6 x 2),Trajectories/2022-02-04/194_RR220204A_610C_1832.bmp || Trajectories/2022-02-06/119_RR220206A_871C_1918.bmp,/content/rl_quantum_2026summer/data/original data/Trajectories/2022-02-04/194_RR220204A_610C_1832.bmp,/content/rl_quantum_2026summer/data/original data/Trajectories/2022-02-06/119_RR220206A_871C_1918.bmp,2,1.0
Trajectories/2022-02-04/194_RR220204A_610C_1832.bmp,194_RR220204A_610C_1832.bmp,Trajectories/2022-02-06/119_RR220206A_871C_1918.bmp,119_RR220206A_871C_1918.bmp,Twinned(2 x 1),1,SY,,2025-12-10T17:00:01.408896,,,,Twinned(2 x 1),Trajectories/2022-02-04/194_RR220204A_610C_1832.bmp || Trajectories/2022-02-06/119_RR220206A_871C_1918.bmp,/content/rl_quantum_2026summer/data/original data/Trajectories/2022-02-04/194_RR220204A_610C_1832.bmp,/content/rl_quantum_2026summer/data/original data/Trajectories/2022-02-06/119_RR220206A_871C_1918.bmp,1,1.0
Trajectories/2022-02-04/194_RR220204A_610C_1832.bmp,194_RR220204A_610C_1832.bmp,Trajectories/2022-02-06/119_RR220206A_871C_1918.bmp,119_RR220206A_871C_1918.bmp,(√13 x √13),1,SY,,2025-12-10T17:00:02.074935,,,,(√13 x √13),Trajectories/2022-02-04/194_RR220204A_610C_1832.bmp || Trajectories/2022-02-06/119_RR220206A_871C_1918.bmp,/content/rl_quantum_2026summer/data/original data/Trajectories/2022-02-04/194_RR220204A_610C_1832.bmp,/content/rl_quantum_2026summer/data/original data/Trajectories/2022-02-06/119_RR220206A_871C_1918.bmp,3,1.0
Trajectories/2022-02-04/194_RR220204A_610C_1832.bmp,194_RR220204A_610C_1832.bmp,Trajectories/2022-02-06/119_RR220206A_871C_1918.bmp,119_RR220206A_871C_1918.bmp,HTR,2,SY,,2025-12-10T17:00:02.734149,,,,HTR,Trajectories/2022-02-04/194_RR220204A_610C_1832.bmp || Trajectories/2022-02-06/119_RR220206A_871C_1918.bmp,/content/rl_quantum_2026summer/data/original data/Trajectories/2022-02-04/194_RR220204A_610C_1832.bmp,/content/rl_quantum_2026summer/data/original data/Trajectories/2022-02-06/119_RR220206A_871C_1918.bmp,4,1.0
Trajectories/2022-02-04/194_RR220204A_610C_1832.bmp,194_RR220204A_610C_1832.bmp,Trajectories/2022-02-06/119_RR220206A_871C_1918.bmp,119_RR220206A_871C_1918.bmp,(1 x 1),1,SY,,2025-12-10T17:00:03.603690,,,,(1 x 1),Trajectories/2022-02-04/194_RR220204A_610C_1832.bmp || Trajectories/2022-02-06/119_RR220206A_871C_1918.bmp,/content/rl_quantum_2026summer/data/original data/Trajectories/2022-02-04/194_RR220204A_610C_1832.bmp,/content/rl_quantum_2026summer/data/original data/Trajectories/2022-02-06/119_RR220206A_871C_1918.bmp,0,1.0
Trajectories/2022-04-11/291_RR220411A_888C_1840.bmp,291_RR220411A_888C_1840.bmp,Trajectories/2022-02-04/007_RR220204A_931C_0051.bmp,007_RR220204A_931C_0051.bmp,(√13 x √13),tie,AJ,,2025-12-26T10:56:06.706063,161.0,224.0,Confident,(√13 x √13),Trajectories/2022-02-04/007_RR220204A_931C_0051.bmp || Trajectories/2022-04-11/291_RR220411A_888C_1840.bmp,/content/rl_quantum_2026summer/data/original data/Trajectories/2022-04-11/291_RR220411A_888C_1840.bmp,/content/rl_quantum_2026summer/data/original data/Trajectories/2022-02-04/007_RR220204A_931C_0051.bmp,3,1.0
Trajectories/2022-04-11/291_RR220411A_888C_1840.bmp,291_RR220411A_888C_1840.bmp,Trajectories/2022-02-04/007_RR220204A_931C_0051.bmp,007_RR220204A_931C_0051.bmp,c(6 x 2),tie,AJ,,2025-12-26T10:56:07.631597,161.0,224.0,Confident,c(6 x 2),Trajectories/2022-02-04/007_RR220204A_931C_0051.bmp || Trajectories/2022-04-11/291_RR220411A_888C_1840.bmp,/content/rl_quantum_2026summer/data/original data/Trajectories/2022-04-11/291_RR220411A_888C_1840.bmp,/content/rl_quantum_2026summer/data/original data/Trajectories/2022-02-04/007_RR220204A_931C_0051.bmp,2,1.0
Trajectories/2022-04-11/291_RR220411A_888C_1840.bmp,291_RR220411A_888C_1840.bmp,Trajectories/2022-02-04/007_RR220204A_931C_0051.bmp,007_RR220204A_931C_0051.bmp,HTR,not_apply,AJ,,2025-12-26T10:56:08.583611,161.0,224.0,Confident,HTR,Trajectories/2022-02-04/007_RR220204A_931C_0051.bmp || Trajectories/2022-04-11/291_RR220411A_888C_1840.bmp,/content/rl_quantum_2026summer/data/original data/Trajectories/2022-04-11/291_RR220411A_888C_1840.bmp,/content/rl_quantum_2026summer/data/original data/Trajectories/2022-02-04/007_RR220204A_931C_0051.bmp,4,1.0
Trajectories/2022-04-11/291_RR220411A_888C_1840.bmp,291_RR220411A_888C_1840.bmp,Trajectories/2022-02-04/007_RR220204A_931C_0051.bmp,007_RR220204A_931C_0051.bmp,Twinned(2 x 1),not_apply,AJ,,2025-12-26T10:56:09.482082,161.0,224.0,Confident,Twinned(2 x 1),Trajectories/2022-02-04/007_RR220204A_931C_0051.bmp || Trajectories/2022-04-11/291_RR220411A_888C_1840.bmp,/content/rl_quantum_2026summer/data/original data/Trajectories/2022-04-11/291_RR220411A_888C_1840.bmp,/content/rl_quantum_2026summer/data/original data/Trajectories/2022-02-04/007_RR220204A_931C_0051.bmp,1,1.0
Trajectories/2022-04-11/291_RR220411A_888C_1840.bmp,291_RR220411A_888C_1840.bmp,Trajectories/2022-02-04/007_RR220204A_931C_0051.bmp,007_RR220204A_931C_0051.bmp,(1 x 1),not_apply,AJ,,2025-12-26T10:56:10.369437,161.0,224.0,Confident,(1 x 1),Trajectories/2022-02-04/007_RR220204A_931C_0051.bmp || Trajectories/2022-04-11/291_RR220411A_888C_1840.bmp,/content/rl_quantum_2026summer/data/original data/Trajectories/2022-04-11/291_RR220411A_888C_1840.bmp,/content/rl_quantum_2026summer/data/original data/Trajectories/2022-02-04/007_RR220204A_931C_0051.bmp,0,1.0
Trajectories/2022-02-06/180_RR220206A_1031C_2041.bmp,180_RR220206A_1031C_2041.bmp,Trajectories/2022-04-11/277_RR220411A_936C_1828.bmp,277_RR220411A_936C_1828.bmp,(√13 x √13),2,AJ,,2025-12-12T00:09:09.670203,,,,(√13 x √13),Trajectories/2022-02-06/180_RR220206A_1031C_2041.bmp || Trajectories/2022-04-11/277_RR220411A_936C_1828.bmp,/content/rl_quantum_2026summer/data/original data/Trajectories/2022-02-06/180_RR220206A_1031C_2041.bmp,/content/rl_quantum_2026summer/data/original data/Trajectories/2022-04-11/277_RR220411A_936C_1828.bmp,3,1.0
Trajectories/2022-02-06/180_RR220206A_1031C_2041.bmp,180_RR220206A_1031C_2041.bmp,Trajectories/2022-04-11/277_RR220411A_936C_1828.bmp,277_RR220411A_936C_1828.bmp,HTR,1,AJ,,2025-12-12T00:09:10.571310,,,,HTR,Trajectories/2022-02-06/180_RR220206A_1031C_2041.bmp || Trajectories/2022-04-11/277_RR220411A_936C_1828.bmp,/content/rl_quantum_2026summer/data/original data/Trajectories/2022-02-06/180_RR220206A_1031C_2041.bmp,/content/rl_quantum_2026summer/data/original data/Trajectories/2022-04-11/277_RR220411A_936C_1828.bmp,4,1.0
Trajectories/2022-04-11/370_RR220411A_640C_1934.bmp,370_RR220411A_640C_1934.bmp,Trajectories/2022-02-06/036_RR220206A_165C_1721.bmp,036_RR220206A_165C_1721.bmp,c(6 x 2),1,HL,,2025-12-15T21:29:38.721946,,,,c(6 x 2),Trajectories/2022-02-06/036_RR220206A_165C_1721.bmp || Trajectories/2022-04-11/370_RR220411A_640C_1934.bmp,/content/rl_quantum_2026summer/data/original data/Trajectories/2022-04-11/370_RR220411A_640C_1934.bmp,/content/rl_quantum_2026summer/data/original data/Trajectories/2022-02-06/036_RR220206A_165C_1721.bmp,2,1.0
Trajectories/2022-04-11/370_RR220411A_640C_1934.bmp,370_RR220411A_640C_1934.bmp,Trajectories/2022-02-06/036_RR220206A_165C_1721.bmp,036_RR220206A_165C_1721.bmp,Twinned(2 x 1),not_apply,HL,,2025-12-15T21:29:39.496119,,,,Twinned(2 x 1),Trajectories/2022-02-06/036_RR220206A_165C_1721.bmp || Trajectories/2022-04-11/370_RR220411A_640C_1934.bmp,/content/rl_quantum_2026summer/data/original data/Trajectories/2022-04-11/370_RR220411A_640C_1934.bmp,/content/rl_quantum_2026summer/data/original data/Trajectories/2022-02-06/036_RR220206A_165C_1721.bmp,1,1.0
Trajectories/2022-04-11/370_RR220411A_640C_1934.bmp,370_RR220411A_640C_1934.bmp,Trajectories/2022-02-06/036_RR220206A_165C_1721.bmp,036_RR220206A_165C_1721.bmp,(1 x 1),2,HL,,2025-12-15T21:29:40.356698,,,,(1 x 1),Trajectories/2022-02-06/036_RR220206A_165C_1721.bmp || Trajectories/2022-04-11/370_RR220411A_640C_1934.bmp,/content/rl_quantum_2026summer/data/original data/Trajectories/2022-04-11/370_RR220411A_640C_1934.bmp,/content/rl_quantum_2026summer/data/original data/Trajectories/2022-02-06/036_RR220206A_165C_1721.bmp,0,1.0
Trajectories/2022-04-11/370_RR220411A_640C_1934.bmp,370_RR220411A_640C_1934.bmp,Trajectories/2022-02-06/036_RR220206A_165C_1721.bmp,036_RR220206A_165C_1721.bmp,HTR,not_apply,HL,,2025-12-15T21:29:59.675290,,,,HTR,Trajectories/2022-02-06/036_RR220206A_165C_1721.bmp || Trajectories/2022-04-11/370_RR220411A_640C_1934.bmp,/content/rl_quantum_2026summer/data/original data/Trajectories/2022-04-11/370_RR220411A_640C_1934.bmp,/content/rl_quantum_2026summer/data/original data/Trajectories/2022-02-06/036_RR220206A_165C_1721.bmp,4,1.0
Trajectories/2022-04-11/370_RR220411A_640C_1934.bmp,370_RR220411A_640C_1934.bmp,Trajectories/2022-02-06/036_RR220206A_165C_1721.bmp,036_RR220206A_165C_1721.bmp,(√13 x √13),1,HL,,2025-12-15T21:30:01.222676,,,,(√13 x √13),Trajectories/2022-02-06/036_RR220206A_165C_1721.bmp || Trajectories/2022-04-11/370_RR220411A_640C_1934.bmp,/content/rl_quantum_2026summer/data/original data/Trajectories/2022-04-11/370_RR220411A_640C_1934.bmp,/content/rl_quantum_2026summer/data/original data/Trajectories/2022-02-06/036_RR220206A_165C_1721.bmp,3,1.0
Trajectories/2022-02-06/163_RR220206A_1105C_2015.bmp,163_RR220206A_1105C_2015.bmp,Trajectories/2022-02-06/249_RR220206A_638C_2210.bmp,249_RR220206A_638C_2210.bmp,HTR,tie,AJ,,2025-12-12T00:20:17.137865,,,,HTR,Trajectories/2022-02-06/163_RR220206A_1105C_2015.bmp || Trajectories/2022-02-06/249_RR220206A_638C_2210.bmp,/content/rl_quantum_2026summer/data/original data/Trajectories/2022-02-06/163_RR220206A_1105C_2015.bmp,/content/rl_quantum_2026summer/data/original data/Trajectories/2022-02-06/249_RR220206A_638C_2210.bmp,4,1.0
Trajectories/2022-04-11/120_RR220411A_555C_1553.bmp,120_RR220411A_555C_1553.bmp,Trajectories/2022-02-04/215_RR220204A_669C_1848.bmp,215_RR220204A_669C_1848.bmp,(1 x 1),1,AJ,,2025-12-06 01:22:37,,,,(1 x 1),Trajectories/2022-02-04/215_RR220204A_669C_1848.bmp || Trajectories/2022-04-11/120_RR220411A_555C_1553.bmp,/content/rl_quantum_2026summer/data/original data/Trajectories/2022-04-11/120_RR220411A_555C_1553.bmp,/content/rl_quantum_2026summer/data/original data/Trajectories/2022-02-04/215_RR220204A_669C_1848.bmp,0,1.0
Trajectories/2022-04-11/120_RR220411A_555C_1553.bmp,120_RR220411A_555C_1553.bmp,Trajectories/2022-02-04/215_RR220204A_669C_1848.bmp,215_RR220204A_669C_1848.bmp,(√13 x √13),2,AJ,,2025-12-06 01:22:37,,,,(√13 x √13),Trajectories/2022-02-04/215_RR220204A_669C_1848.bmp || Trajectories/2022-04-11/120_RR220411A_555C_1553.bmp,/content/rl_quantum_2026summer/data/original data/Trajectories/2022-04-11/120_RR220411A_555C_1553.bmp,/content/rl_quantum_2026summer/data/original data/Trajectories/2022-02-04/215_RR220204A_669C_1848.bmp,3,1.0
Trajectories/2022-04-11/113_RR220411A_539C_1548.bmp,113_RR220411A_539C_1548.bmp,Trajectories/2022-02-04/188_RR220204A_579C_1829.bmp,188_RR220204A_579C_1829.bmp,c(6 x 2),not_apply,SY,,2025-12-10T17:01:03.728361,,,,c(6 x 2),Trajectories/2022-02-04/188_RR220204A_579C_1829.bmp || Trajectories/2022-04-11/113_RR220411A_539C_1548.bmp,/content/rl_quantum_2026summer/data/original data/Trajectories/2022-04-11/113_RR220411A_539C_1548.bmp,/content/rl_quantum_2026summer/data/original data/Trajectories/2022-02-04/188_RR220204A_579C_1829.bmp,2,1.0
Trajectories/2022-04-11/113_RR220411A_539C_1548.bmp,113_RR220411A_539C_1548.bmp,Trajectories/2022-02-04/188_RR220204A_579C_1829.bmp,188_RR220204A_579C_1829.bmp,(1 x 1),tie,SY,,2025-12-10T17:01:04.465418,,,,(1 x 1),Trajectories/2022-02-04/188_RR220204A_579C_1829.bmp || Trajectories/2022-04-11/113_RR220411A_539C_1548.bmp,/content/rl_quantum_2026summer/data/original data/Trajectories/2022-04-11/113_RR220411A_539C_1548.bmp,/content/rl_quantum_2026summer/data/original data/Trajectories/2022-02-04/188_RR220204A_579C_1829.bmp,0,1.0
Trajectories/2022-04-11/113_RR220411A_539C_1548.bmp,113_RR220411A_539C_1548.bmp,Trajectories/2022-02-04/188_RR220204A_579C_1829.bmp,188_RR220204A_579C_1829.bmp,HTR,not_apply,SY,,2025-12-10T17:01:05.120488,,,,HTR,Trajectories/2022-02-04/188_RR220204A_579C_1829.bmp || Trajectories/2022-04-11/113_RR220411A_539C_1548.bmp,/content/rl_quantum_2026summer/data/original data/Trajectories/2022-04-11/113_RR220411A_539C_1548.bmp,/content/rl_quantum_2026summer/data/original data/Trajectories/2022-02-04/188_RR220204A_579C_1829.bmp,4,1.0
Trajectories/2022-04-11/113_RR220411A_539C_1548.bmp,113_RR220411A_539C_1548.bmp,Trajectories/2022-02-04/188_RR220204A_579C_1829.bmp,188_RR220204A_579C_1829.bmp,Twinned(2 x 1),2,SY,,2025-12-10T17:01:05.862160,,,,Twinned(2 x 1),Trajectories/2022-02-04/188_RR220204A_579C_1829.bmp || Trajectories/2022-04-11/113_RR220411A_539C_1548.bmp,/content/rl_quantum_2026summer/data/original data/Trajectories/2022-04-11/113_RR220411A_539C_1548.bmp,/content/rl_quantum_2026summer/data/original data/Trajectories/2022-02-04/188_RR220204A_579C_1829.bmp,1,1.0
Trajectories/2022-04-11/113_RR220411A_539C_1548.bmp,113_RR220411A_539C_1548.bmp,Trajectories/2022-02-04/188_RR220204A_579C_1829.bmp,188_RR220204A_579C_1829.bmp,(√13 x √13),2,SY,,2025-12-10T17:01:06.551693,,,,(√13 x √13),Trajectories/2022-02-04/188_RR220204A_579C_1829.bmp || Trajectories/2022-04-11/113_RR220411A_539C_1548.bmp,/content/rl_quantum_2026summer/data/original data/Trajectories/2022-04-11/113_RR220411A_539C_1548.bmp,/content/rl_quantum_2026summer/data/original data/Trajectories/2022-02-04/188_RR220204A_579C_1829.bmp,3,1.0
Trajectories/2022-04-11/067_RR220411A_416C_1513-02.bmp,067_RR220411A_416C_1513-02.bmp,Trajectories/2022-02-06/097_RR220206A_654C_1837.bmp,097_RR220206A_654C_1837.bmp,HTR,not_apply,HL,,2026-01-02T22:18:06.296425,246.0,250.0,Confident,HTR,Trajectories/2022-02-06/097_RR220206A_654C_1837.bmp || Trajectories/2022-04-11/067_RR220411A_416C_1513-02.bmp,/content/rl_quantum_2026summer/data/original data/Trajectories/2022-04-11/067_RR220411A_416C_1513-02.bmp,/content/rl_quantum_2026summer/data/original data/Trajectories/2022-02-06/097_RR220206A_654C_1837.bmp,4,1.0
Trajectories/2022-04-11/067_RR220411A_416C_1513-02.bmp,067_RR220411A_416C_1513-02.bmp,Trajectories/2022-02-06/097_RR220206A_654C_1837.bmp,097_RR220206A_654C_1837.bmp,(√13 x √13),not_apply,HL,,2026-01-02T22:18:07.732904,246.0,250.0,Confident,(√13 x √13),Trajectories/2022-02-06/097_RR220206A_654C_1837.bmp || Trajectories/2022-04-11/067_RR220411A_416C_1513-02.bmp,/content/rl_quantum_2026summer/data/original data/Trajectories/2022-04-11/067_RR220411A_416C_1513-02.bmp,/content/rl_quantum_2026summer/data/original data/Trajectories/2022-02-06/097_RR220206A_654C_1837.bmp,3,1.0
Trajectories/2022-04-11/067_RR220411A_416C_1513-02.bmp,067_RR220411A_416C_1513-02.bmp,Trajectories/2022-02-06/097_RR220206A_654C_1837.bmp,097_RR220206A_654C_1837.bmp,c(6 x 2),not_apply,HL,,2026-01-02T22:18:08.941524,246.0,250.0,Confident,c(6 x 2),Trajectories/2022-02-06/097_RR220206A_654C_1837.bmp || Trajectories/2022-04-11/067_RR220411A_416C_1513-02.bmp,/content/rl_quantum_2026summer/data/original data/Trajectories/2022-04-11/067_RR220411A_416C_1513-02.bmp,/content/rl_quantum_2026summer/data/original data/Trajectories/2022-02-06/097_RR220206A_654C_1837.bmp,2,1.0
Trajectories/2022-04-11/067_RR220411A_416C_1513-02.bmp,067_RR220411A_416C_1513-02.bmp,Trajectories/2022-02-06/097_RR220206A_654C_1837.bmp,097_RR220206A_654C_1837.bmp,(1 x 1),1,HL,,2026-01-02T22:18:10.133502,246.0,250.0,Confident,(1 x 1),Trajectories/2022-02-06/097_RR220206A_654C_1837.bmp || Trajectories/2022-04-11/067_RR220411A_416C_1513-02.bmp,/content/rl_quantum_2026summer/data/original data/Trajectories/2022-04-11/067_RR220411A_416C_1513-02.bmp,/content/rl_quantum_2026summer/data/original data/Trajectories/2022-02-06/097_RR220206A_654C_1837.bmp,0,1.0
Trajectories/2022-04-11/067_RR220411A_416C_1513-02.bmp,067_RR220411A_416C_1513-02.bmp,Trajectories/2022-02-06/097_RR220206A_654C_1837.bmp,097_RR220206A_654C_1837.bmp,Twinned(2 x 1),not_apply,HL,,2026-01-02T22:18:11.436424,246.0,250.0,Confident,Twinned(2 x 1),Trajectories/2022-02-06/097_RR220206A_654C_1837.bmp || Trajectories/2022-04-11/067_RR220411A_416C_1513-02.bmp,/content/rl_quantum_2026summer/data/original data/Trajectories/2022-04-11/067_RR220411A_416C_1513-02.bmp,/content/rl_quantum_2026summer/data/original data/Trajectories/2022-02-06/097_RR220206A_654C_1837.bmp,1,1.0
Trajectories/2022-04-11/349_RR220411A_705C_1921.bmp,349_RR220411A_705C_1921.bmp,Trajectories/2022-04-11/065_RR220411A_414C_1512.bmp,065_RR220411A_414C_1512.bmp,(1 x 1),2,AJ,,2025-12-12T00:15:55.980307,,,,(1 x 1),Trajectories/2022-04-11/065_RR220411A_414C_1512.bmp || Trajectories/2022-04-11/349_RR220411A_705C_1921.bmp,/content/rl_quantum_2026summer/data/original data/Trajectories/2022-04-11/349_RR220411A_705C_1921.bmp,/content/rl_quantum_2026summer/data/original data/Trajectories/2022-04-11/065_RR220411A_414C_1512.bmp,0,1.0
Trajectories/2022-04-11/349_RR220411A_705C_1921.bmp,349_RR220411A_705C_1921.bmp,Trajectories/2022-04-11/065_RR220411A_414C_1512.bmp,065_RR220411A_414C_1512.bmp,(√13 x √13),1,AJ,,2025-12-12T00:15:56.879370,,,,(√13 x √13),Trajectories/2022-04-11/065_RR220411A_414C_1512.bmp || Trajectories/2022-04-11/349_RR220411A_705C_1921.bmp,/content/rl_quantum_2026summer/data/original data/Trajectories/2022-04-11/349_RR220411A_705C_1921.bmp,/content/rl_quantum_2026summer/data/original data/Trajectories/2022-04-11/065_RR220411A_414C_1512.bmp,3,1.0
Trajectories/2022-02-04/332_RR220204A_941C_2057.bmp,332_RR220204A_941C_2057.bmp,Trajectories/2022-02-04/295_RR220204A_882C_2015.bmp,295_RR220204A_882C_2015.bmp,(√13 x √13),1,HL,,2025-12-15T20:55:33.117354,,,,(√13 x √13),Trajectories/2022-02-04/295_RR220204A_882C_2015.bmp || Trajectories/2022-02-04/332_RR220204A_941C_2057.bmp,/content/rl_quantum_2026summer/data/original data/Trajectories/2022-02-04/332_RR220204A_941C_2057.bmp,/content/rl_quantum_2026summer/data/original data/Trajectories/2022-02-04/295_RR220204A_882C_2015.bmp,3,1.0
Trajectories/2022-02-04/332_RR220204A_941C_2057.bmp,332_RR220204A_941C_2057.bmp,Trajectories/2022-02-04/295_RR220204A_882C_2015.bmp,295_RR220204A_882C_2015.bmp,(1 x 1),not_apply,HL,,2025-12-15T20:55:34.456809,,,,(1 x 1),Trajectories/2022-02-04/295_RR220204A_882C_2015.bmp || Trajectories/2022-02-04/332_RR220204A_941C_2057.bmp,/content/rl_quantum_2026summer/data/original data/Trajectories/2022-02-04/332_RR220204A_941C_2057.bmp,/content/rl_quantum_2026summer/data/original data/Trajectories/2022-02-04/295_RR220204A_882C_2015.bmp,0,1.0
Trajectories/2022-02-04/332_RR220204A_941C_2057.bmp,332_RR220204A_941C_2057.bmp,Trajectories/2022-02-04/295_RR220204A_882C_2015.bmp,295_RR220204A_882C_2015.bmp,Twinned(2 x 1),1,HL,,2025-12-15T20:55:35.719314,,,,Twinned(2 x 1),Trajectories/2022-02-04/295_RR220204A_882C_2015.bmp || Trajectories/2022-02-04/332_RR220204A_941C_2057.bmp,/content/rl_quantum_2026summer/data/original data/Trajectories/2022-02-04/332_RR220204A_941C_2057.bmp,/content/rl_quantum_2026summer/data/original data/Trajectories/2022-02-04/295_RR220204A_882C_2015.bmp,1,1.0
Trajectories/2022-02-04/332_RR220204A_941C_2057.bmp,332_RR220204A_941C_2057.bmp,Trajectories/2022-02-04/295_RR220204A_882C_2015.bmp,295_RR220204A_882C_2015.bmp,c(6 x 2),not_apply,HL,,2025-12-15T20:55:36.996716,,,,c(6 x 2),Trajectories/2022-02-04/295_RR220204A_882C_2015.bmp || Trajectories/2022-02-04/332_RR220204A_941C_2057.bmp,/content/rl_quantum_2026summer/data/original data/Trajectories/2022-02-04/332_RR220204A_941C_2057.bmp,/content/rl_quantum_2026summer/data/original data/Trajectories/2022-02-04/295_RR220204A_882C_2015.bmp,2,1.0
Trajectories/2022-02-04/332_RR220204A_941C_2057.bmp,332_RR220204A_941C_2057.bmp,Trajectories/2022-02-04/295_RR220204A_882C_2015.bmp,295_RR220204A_882C_2015.bmp,HTR,not_apply,HL,,2025-12-15T20:55:38.113637,,,,HTR,Trajectories/2022-02-04/295_RR220204A_882C_2015.bmp || Trajectories/2022-02-04/332_RR220204A_941C_2057.bmp,/content/rl_quantum_2026summer/data/original data/Trajectories/2022-02-04/332_RR220204A_941C_2057.bmp,/content/rl_quantum_2026summer/data/original data/Trajectories/2022-02-04/295_RR220204A_882C_2015.bmp,4,1.0
Trajectories/2022-02-04/296_RR220204A_869C_2015.bmp,296_RR220204A_869C_2015.bmp,Trajectories/2022-04-11/009_RR220411A_206C_1423.bmp,009_RR220411A_206C_1423.bmp,(1 x 1),2,AJ,,2025-12-12T00:20:43.071402,,,,(1 x 1),Trajectories/2022-02-04/296_RR220204A_869C_2015.bmp || Trajectories/2022-04-11/009_RR220411A_206C_1423.bmp,/content/rl_quantum_2026summer/data/original data/Trajectories/2022-02-04/296_RR220204A_869C_2015.bmp,/content/rl_quantum_2026summer/data/original data/Trajectories/2022-04-11/009_RR220411A_206C_1423.bmp,0,1.0
Trajectories/2022-02-04/296_RR220204A_869C_2015.bmp,296_RR220204A_869C_2015.bmp,Trajectories/2022-04-11/009_RR220411A_206C_1423.bmp,009_RR220411A_206C_1423.bmp,(√13 x √13),1,AJ,,2025-12-12T00:20:44.010217,,,,(√13 x √13),Trajectories/2022-02-04/296_RR220204A_869C_2015.bmp || Trajectories/2022-04-11/009_RR220411A_206C_1423.bmp,/content/rl_quantum_2026summer/data/original data/Trajectories/2022-02-04/296_RR220204A_869C_2015.bmp,/content/rl_quantum_2026summer/data/original data/Trajectories/2022-04-11/009_RR220411A_206C_1423.bmp,3,1.0
Trajectories/2022-02-04/152_RR220204A_488C_1805-02.bmp,152_RR220204A_488C_1805-02.bmp,Trajectories/2022-04-11/173_RR220411A_755C_1643.bmp,173_RR220411A_755C_1643.bmp,c(6 x 2),not_apply,Jiangang,,2026-01-05T15:47:01.574717,276.0,321.0,Confident,c(6 x 2),Trajectories/2022-02-04/152_RR220204A_488C_1805-02.bmp || Trajectories/2022-04-11/173_RR220411A_755C_1643.bmp,/content/rl_quantum_2026summer/data/original data/Trajectories/2022-02-04/152_RR220204A_488C_1805-02.bmp,/content/rl_quantum_2026summer/data/original data/Trajectories/2022-04-11/173_RR220411A_755C_1643.bmp,2,1.0
Trajectories/2022-02-04/152_RR220204A_488C_1805-02.bmp,152_RR220204A_488C_1805-02.bmp,Trajectories/2022-04-11/173_RR220411A_755C_1643.bmp,173_RR220411A_755C_1643.bmp,(1 x 1),2,Jiangang,,2026-01-05T15:47:02.726942,276.0,321.0,Confident,(1 x 1),Trajectories/2022-02-04/152_RR220204A_488C_1805-02.bmp || Trajectories/2022-04-11/173_RR220411A_755C_1643.bmp,/content/rl_quantum_2026summer/data/original data/Trajectories/2022-02-04/152_RR220204A_488C_1805-02.bmp,/content/rl_quantum_2026summer/data/original data/Trajectories/2022-04-11/173_RR220411A_755C_1643.bmp,0,1.0
Trajectories/2022-02-04/152_RR220204A_488C_1805-02.bmp,152_RR220204A_488C_1805-02.bmp,Trajectories/2022-04-11/173_RR220411A_755C_1643.bmp,173_RR220411A_755C_1643.bmp,HTR,not_apply,Jiangang,,2026-01-05T15:47:03.735044,276.0,321.0,Confident,HTR,Trajectories/2022-02-04/152_RR220204A_488C_1805-02.bmp || Trajectories/2022-04-11/173_RR220411A_755C_1643.bmp,/content/rl_quantum_2026summer/data/original data/Trajectories/2022-02-04/152_RR220204A_488C_1805-02.bmp,/content/rl_quantum_2026summer/data/original data/Trajectories/2022-04-11/173_RR220411A_755C_1643.bmp,4,1.0
Trajectories/2022-02-04/152_RR220204A_488C_1805-02.bmp,152_RR220204A_488C_1805-02.bmp,Trajectories/2022-04-11/173_RR220411A_755C_1643.bmp,173_RR220411A_755C_1643.bmp,Twinned(2 x 1),1,Jiangang,,2026-01-05T15:47:04.745549,276.0,321.0,Confident,Twinned(2 x 1),Trajectories/2022-02-04/152_RR220204A_488C_1805-02.bmp || Trajectories/2022-04-11/173_RR220411A_755C_1643.bmp,/content/rl_quantum_2026summer/data/original data/Trajectories/2022-02-04/152_RR220204A_488C_1805-02.bmp,/content/rl_quantum_2026summer/data/original data/Trajectories/2022-04-11/173_RR220411A_755C_1643.bmp,1,1.0
Trajectories/2022-02-04/152_RR220204A_488C_1805-02.bmp,152_RR220204A_488C_1805-02.bmp,Trajectories/2022-04-11/173_RR220411A_755C_1643.bmp,173_RR220411A_755C_1643.bmp,(√13 x √13),1,Jiangang,,2026-01-05T15:47:05.667741,276.0,321.0,Confident,(√13 x √13),Trajectories/2022-02-04/152_RR220204A_488C_1805-02.bmp || Trajectories/2022-04-11/173_RR220411A_755C_1643.bmp,/content/rl_quantum_2026summer/data/original data/Trajectories/2022-02-04/152_RR220204A_488C_1805-02.bmp,/content/rl_quantum_2026summer/data/original data/Trajectories/2022-04-11/173_RR220411A_755C_1643.bmp,3,1.0
Trajectories/2022-02-04/074_RR220204A_297C_1711.bmp,074_RR220204A_297C_1711.bmp,Trajectories/2022-02-04/037_RR220204A_579C_0146.bmp,037_RR220204A_579C_0146.bmp,(√13 x √13),tie,AJ,,2025-12-06 01:20:43,,,,(√13 x √13),Trajectories/2022-02-04/037_RR220204A_579C_0146.bmp || Trajectories/2022-02-04/074_RR220204A_297C_1711.bmp,/content/rl_quantum_2026summer/data/original data/Trajectories/2022-02-04/074_RR220204A_297C_1711.bmp,/content/rl_quantum_2026summer/data/original data/Trajectories/2022-02-04/037_RR220204A_579C_0146.bmp,3,1.0
Trajectories/2022-04-11/069_RR220411A_428C_1515.bmp,069_RR220411A_428C_1515.bmp,Trajectories/2022-04-11/231_RR220411A_882C_1729.bmp,231_RR220411A_882C_1729.bmp,c(6 x 2),2,HL,,2026-01-06T21:46:10.429884,275.0,269.0,Confident,c(6 x 2),Trajectories/2022-04-11/069_RR220411A_428C_1515.bmp || Trajectories/2022-04-11/231_RR220411A_882C_1729.bmp,/content/rl_quantum_2026summer/data/original data/Trajectories/2022-04-11/069_RR220411A_428C_1515.bmp,/content/rl_quantum_2026summer/data/original data/Trajectories/2022-04-11/231_RR220411A_882C_1729.bmp,2,1.0
Trajectories/2022-04-11/069_RR220411A_428C_1515.bmp,069_RR220411A_428C_1515.bmp,Trajectories/2022-04-11/231_RR220411A_882C_1729.bmp,231_RR220411A_882C_1729.bmp,(1 x 1),1,HL,,2026-01-06T21:46:11.271237,275.0,269.0,Confident,(1 x 1),Trajectories/2022-04-11/069_RR220411A_428C_1515.bmp || Trajectories/2022-04-11/231_RR220411A_882C_1729.bmp,/content/rl_quantum_2026summer/data/original data/Trajectories/2022-04-11/069_RR220411A_428C_1515.bmp,/content/rl_quantum_2026summer/data/original data/Trajectories/2022-04-11/231_RR220411A_882C_1729.bmp,0,1.0
Trajectories/2022-04-11/069_RR220411A_428C_1515.bmp,069_RR220411A_428C_1515.bmp,Trajectories/2022-04-11/231_RR220411A_882C_1729.bmp,231_RR220411A_882C_1729.bmp,HTR,not_apply,HL,,2026-01-06T21:46:12.010319,275.0,269.0,Confident,HTR,Trajectories/2022-04-11/069_RR220411A_428C_1515.bmp || Trajectories/2022-04-11/231_RR220411A_882C_1729.bmp,/content/rl_quantum_2026summer/data/original data/Trajectories/2022-04-11/069_RR220411A_428C_1515.bmp,/content/rl_quantum_2026summer/data/original data/Trajectories/2022-04-11/231_RR220411A_882C_1729.bmp,4,1.0
Trajectories/2022-04-11/069_RR220411A_428C_1515.bmp,069_RR220411A_428C_1515.bmp,Trajectories/2022-04-11/231_RR220411A_882C_1729.bmp,231_RR220411A_882C_1729.bmp,Twinned(2 x 1),not_apply,HL,,2026-01-06T21:46:12.762298,275.0,269.0,Confident,Twinned(2 x 1),Trajectories/2022-04-11/069_RR220411A_428C_1515.bmp || Trajectories/2022-04-11/231_RR220411A_882C_1729.bmp,/content/rl_quantum_2026summer/data/original data/Trajectories/2022-04-11/069_RR220411A_428C_1515.bmp,/content/rl_quantum_2026summer/data/original data/Trajectories/2022-04-11/231_RR220411A_882C_1729.bmp,1,1.0
Trajectories/2022-04-11/069_RR220411A_428C_1515.bmp,069_RR220411A_428C_1515.bmp,Trajectories/2022-04-11/231_RR220411A_882C_1729.bmp,231_RR220411A_882C_1729.bmp,(√13 x √13),2,HL,,2026-01-06T21:46:13.440172,275.0,269.0,Confident,(√13 x √13),Trajectories/2022-04-11/069_RR220411A_428C_1515.bmp || Trajectories/2022-04-11/231_RR220411A_882C_1729.bmp,/content/rl_quantum_2026summer/data/original data/Trajectories/2022-04-11/069_RR220411A_428C_1515.bmp,/content/rl_quantum_2026summer/data/original data/Trajectories/2022-04-11/231_RR220411A_882C_1729.bmp,3,1.0
Trajectories/2022-02-06/253_RR220206A_599C_2217.bmp,253_RR220206A_599C_2217.bmp,Trajectories/2022-02-06/124_RR220206A_894C_1924.bmp,124_RR220206A_894C_1924.bmp,(1 x 1),2,AJ,,2025-12-11T15:21:16.327688,,,,(1 x 1),Trajectories/2022-02-06/124_RR220206A_894C_1924.bmp || Trajectories/2022-02-06/253_RR220206A_599C_2217.bmp,/content/rl_quantum_2026summer/data/original data/Trajectories/2022-02-06/253_RR220206A_599C_2217.bmp,/content/rl_quantum_2026summer/data/original data/Trajectories/2022-02-06/124_RR220206A_894C_1924.bmp,0,1.0
Trajectories/2022-02-06/253_RR220206A_599C_2217.bmp,253_RR220206A_599C_2217.bmp,Trajectories/2022-02-06/124_RR220206A_894C_1924.bmp,124_RR220206A_894C_1924.bmp,HTR,1,AJ,,2025-12-11T15:21:17.024425,,,,HTR,Trajectories/2022-02-06/124_RR220206A_894C_1924.bmp || Trajectories/2022-02-06/253_RR220206A_599C_2217.bmp,/content/rl_quantum_2026summer/data/original data/Trajectories/2022-02-06/253_RR220206A_599C_2217.bmp,/content/rl_quantum_2026summer/data/original data/Trajectories/2022-02-06/124_RR220206A_894C_1924.bmp,4,1.0
Trajectories/2022-04-11/203_RR220411A_843C_1711-03.bmp,203_RR220411A_843C_1711-03.bmp,Trajectories/2022-04-11/284_RR220411A_912C_1835.bmp,284_RR220411A_912C_1835.bmp,c(6 x 2),2,HL,,2025-12-15T20:56:13.885259,,,,c(6 x 2),Trajectories/2022-04-11/203_RR220411A_843C_1711-03.bmp || Trajectories/2022-04-11/284_RR220411A_912C_1835.bmp,/content/rl_quantum_2026summer/data/original data/Trajectories/2022-04-11/203_RR220411A_843C_1711-03.bmp,/content/rl_quantum_2026summer/data/original data/Trajectories/2022-04-11/284_RR220411A_912C_1835.bmp,2,1.0
Trajectories/2022-04-11/203_RR220411A_843C_1711-03.bmp,203_RR220411A_843C_1711-03.bmp,Trajectories/2022-04-11/284_RR220411A_912C_1835.bmp,284_RR220411A_912C_1835.bmp,HTR,not_apply,HL,,2025-12-15T20:56:14.801097,,,,HTR,Trajectories/2022-04-11/203_RR220411A_843C_1711-03.bmp || Trajectories/2022-04-11/284_RR220411A_912C_1835.bmp,/content/rl_quantum_2026summer/data/original data/Trajectories/2022-04-11/203_RR220411A_843C_1711-03.bmp,/content/rl_quantum_2026summer/data/original data/Trajectories/2022-04-11/284_RR220411A_912C_1835.bmp,4,1.0
Trajectories/2022-04-11/203_RR220411A_843C_1711-03.bmp,203_RR220411A_843C_1711-03.bmp,Trajectories/2022-04-11/284_RR220411A_912C_1835.bmp,284_RR220411A_912C_1835.bmp,(√13 x √13),2,HL,,2025-12-15T20:56:15.868743,,,,(√13 x √13),Trajectories/2022-04-11/203_RR220411A_843C_1711-03.bmp || Trajectories/2022-04-11/284_RR220411A_912C_1835.bmp,/content/rl_quantum_2026summer/data/original data/Trajectories/2022-04-11/203_RR220411A_843C_1711-03.bmp,/content/rl_quantum_2026summer/data/original data/Trajectories/2022-04-11/284_RR220411A_912C_1835.bmp,3,1.0
Trajectories/2022-04-11/203_RR220411A_843C_1711-03.bmp,203_RR220411A_843C_1711-03.bmp,Trajectories/2022-04-11/284_RR220411A_912C_1835.bmp,284_RR220411A_912C_1835.bmp,Twinned(2 x 1),not_apply,HL,,2025-12-15T20:56:16.892847,,,,Twinned(2 x 1),Trajectories/2022-04-11/203_RR220411A_843C_1711-03.bmp || Trajectories/2022-04-11/284_RR220411A_912C_1835.bmp,/content/rl_quantum_2026summer/data/original data/Trajectories/2022-04-11/203_RR220411A_843C_1711-03.bmp,/content/rl_quantum_2026summer/data/original data/Trajectories/2022-04-11/284_RR220411A_912C_1835.bmp,1,1.0
Trajectories/2022-04-11/203_RR220411A_843C_1711-03.bmp,203_RR220411A_843C_1711-03.bmp,Trajectories/2022-04-11/284_RR220411A_912C_1835.bmp,284_RR220411A_912C_1835.bmp,(1 x 1),not_apply,HL,,2025-12-15T20:56:17.923245,,,,(1 x 1),Trajectories/2022-04-11/203_RR220411A_843C_1711-03.bmp || Trajectories/2022-04-11/284_RR220411A_912C_1835.bmp,/content/rl_quantum_2026summer/data/original data/Trajectories/2022-04-11/203_RR220411A_843C_1711-03.bmp,/content/rl_quantum_2026summer/data/original data/Trajectories/2022-04-11/284_RR220411A_912C_1835.bmp,0,1.0
Trajectories/2022-02-04/069_RR220204A_293C_1706.bmp,069_RR220204A_293C_1706.bmp,Trajectories/2022-02-06/147_RR220206A_1024C_1953.bmp,147_RR220206A_1024C_1953.bmp,(1 x 1),1,SY,,2025-12-14 08:53:40,,,,(1 x 1),Trajectories/2022-02-04/069_RR220204A_293C_1706.bmp || Trajectories/2022-02-06/147_RR220206A_1024C_1953.bmp,/content/rl_quantum_2026summer/data/original data/Trajectories/2022-02-04/069_RR220204A_293C_1706.bmp,/content/rl_quantum_2026summer/data/original data/Trajectories/2022-02-06/147_RR220206A_1024C_1953.bmp,0,1.0
Trajectories/2022-02-04/069_RR220204A_293C_1706.bmp,069_RR220204A_293C_1706.bmp,Trajectories/2022-02-06/147_RR220206A_1024C_1953.bmp,147_RR220206A_1024C_1953.bmp,(√13 x √13),1,SY,,2025-12-14 08:53:40,,,,(√13 x √13),Trajectories/2022-02-04/069_RR220204A_293C_1706.bmp || Trajectories/2022-02-06/147_RR220206A_1024C_1953.bmp,/content/rl_quantum_2026summer/data/original data/Trajectories/2022-02-04/069_RR220204A_293C_1706.bmp,/content/rl_quantum_2026summer/data/original data/Trajectories/2022-02-06/147_RR220206A_1024C_1953.bmp,3,1.0
Trajectories/2022-02-04/069_RR220204A_293C_1706.bmp,069_RR220204A_293C_1706.bmp,Trajectories/2022-02-06/147_RR220206A_1024C_1953.bmp,147_RR220206A_1024C_1953.bmp,c(6 x 2),2,SY,,2025-12-14 08:53:40,,,,c(6 x 2),Trajectories/2022-02-04/069_RR220204A_293C_1706.bmp || Trajectories/2022-02-06/147_RR220206A_1024C_1953.bmp,/content/rl_quantum_2026summer/data/original data/Trajectories/2022-02-04/069_RR220204A_293C_1706.bmp,/content/rl_quantum_2026summer/data/original data/Trajectories/2022-02-06/147_RR220206A_1024C_1953.bmp,2,1.0
Trajectories/2022-02-04/069_RR220204A_293C_1706.bmp,069_RR220204A_293C_1706.bmp,Trajectories/2022-02-06/147_RR220206A_1024C_1953.bmp,147_RR220206A_1024C_1953.bmp,Twinned(2 x 1),1,SY,,2025-12-14 08:53:40,,,,Twinned(2 x 1),Trajectories/2022-02-04/069_RR220204A_293C_1706.bmp || Trajectories/2022-02-06/147_RR220206A_1024C_1953.bmp,/content/rl_quantum_2026summer/data/original data/Trajectories/2022-02-04/069_RR220204A_293C_1706.bmp,/content/rl_quantum_2026summer/data/original data/Trajectories/2022-02-06/147_RR220206A_1024C_1953.bmp,1,1.0
Trajectories/2022-02-04/069_RR220204A_293C_1706.bmp,069_RR220204A_293C_1706.bmp,Trajectories/2022-02-06/147_RR220206A_1024C_1953.bmp,147_RR220206A_1024C_1953.bmp,HTR,2,SY,,2025-12-14 08:53:40,,,,HTR,Trajectories/2022-02-04/069_RR220204A_293C_1706.bmp || Trajectories/2022-02-06/147_RR220206A_1024C_1953.bmp,/content/rl_quantum_2026summer/data/original data/Trajectories/2022-02-04/069_RR220204A_293C_1706.bmp,/content/rl_quantum_2026summer/data/original data/Trajectories/2022-02-06/147_RR220206A_1024C_1953.bmp,4,1.0
Trajectories/2022-02-04/347_RR220204A_954C_2124.bmp,347_RR220204A_954C_2124.bmp,Trajectories/2022-02-04/106_RR220204A_430C_1736.bmp,106_RR220204A_430C_1736.bmp,(√13 x √13),tie,AJ,,2025-12-12T00:16:52.540382,,,,(√13 x √13),Trajectories/2022-02-04/106_RR220204A_430C_1736.bmp || Trajectories/2022-02-04/347_RR220204A_954C_2124.bmp,/content/rl_quantum_2026summer/data/original data/Trajectories/2022-02-04/347_RR220204A_954C_2124.bmp,/content/rl_quantum_2026summer/data/original data/Trajectories/2022-02-04/106_RR220204A_430C_1736.bmp,3,1.0
Trajectories/2022-04-11/186_RR220411A_805C_1658.bmp,186_RR220411A_805C_1658.bmp,Trajectories/2022-04-11/138_RR220411A_635C_1610.bmp,138_RR220411A_635C_1610.bmp,c(6 x 2),not_apply,HL,,2025-12-15T21:06:18.895132,,,,c(6 x 2),Trajectories/2022-04-11/138_RR220411A_635C_1610.bmp || Trajectories/2022-04-11/186_RR220411A_805C_1658.bmp,/content/rl_quantum_2026summer/data/original data/Trajectories/2022-04-11/186_RR220411A_805C_1658.bmp,/content/rl_quantum_2026summer/data/original data/Trajectories/2022-04-11/138_RR220411A_635C_1610.bmp,2,1.0
Trajectories/2022-04-11/186_RR220411A_805C_1658.bmp,186_RR220411A_805C_1658.bmp,Trajectories/2022-04-11/138_RR220411A_635C_1610.bmp,138_RR220411A_635C_1610.bmp,HTR,not_apply,HL,,2025-12-15T21:06:20.003553,,,,HTR,Trajectories/2022-04-11/138_RR220411A_635C_1610.bmp || Trajectories/2022-04-11/186_RR220411A_805C_1658.bmp,/content/rl_quantum_2026summer/data/original data/Trajectories/2022-04-11/186_RR220411A_805C_1658.bmp,/content/rl_quantum_2026summer/data/original data/Trajectories/2022-04-11/138_RR220411A_635C_1610.bmp,4,1.0
Trajectories/2022-04-11/186_RR220411A_805C_1658.bmp,186_RR220411A_805C_1658.bmp,Trajectories/2022-04-11/138_RR220411A_635C_1610.bmp,138_RR220411A_635C_1610.bmp,Twinned(2 x 1),not_apply,HL,,2025-12-15T21:06:20.947795,,,,Twinned(2 x 1),Trajectories/2022-04-11/138_RR220411A_635C_1610.bmp || Trajectories/2022-04-11/186_RR220411A_805C_1658.bmp,/content/rl_quantum_2026summer/data/original data/Trajectories/2022-04-11/186_RR220411A_805C_1658.bmp,/content/rl_quantum_2026summer/data/original data/Trajectories/2022-04-11/138_RR220411A_635C_1610.bmp,1,1.0
Trajectories/2022-04-11/186_RR220411A_805C_1658.bmp,186_RR220411A_805C_1658.bmp,Trajectories/2022-04-11/138_RR220411A_635C_1610.bmp,138_RR220411A_635C_1610.bmp,(1 x 1),tie,HL,,2025-12-15T21:06:21.869046,,,,(1 x 1),Trajectories/2022-04-11/138_RR220411A_635C_1610.bmp || Trajectories/2022-04-11/186_RR220411A_805C_1658.bmp,/content/rl_quantum_2026summer/data/original data/Trajectories/2022-04-11/186_RR220411A_805C_1658.bmp,/content/rl_quantum_2026summer/data/original data/Trajectories/2022-04-11/138_RR220411A_635C_1610.bmp,0,1.0
Trajectories/2022-04-11/186_RR220411A_805C_1658.bmp,186_RR220411A_805C_1658.bmp,Trajectories/2022-04-11/138_RR220411A_635C_1610.bmp,138_RR220411A_635C_1610.bmp,(√13 x √13),not_apply,HL,,2025-12-15T21:06:22.988743,,,,(√13 x √13),Trajectories/2022-04-11/138_RR220411A_635C_1610.bmp || Trajectories/2022-04-11/186_RR220411A_805C_1658.bmp,/content/rl_quantum_2026summer/data/original data/Trajectories/2022-04-11/186_RR220411A_805C_1658.bmp,/content/rl_quantum_2026summer/data/original data/Trajectories/2022-04-11/138_RR220411A_635C_1610.bmp,3,1.0
Trajectories/2022-02-06/080_RR220206A_490C_1816.bmp,080_RR220206A_490C_1816.bmp,Trajectories/2022-04-11/234_RR220411A_888C_1732.bmp,234_RR220411A_888C_1732.bmp,(√13 x √13),2,AJ,,2025-12-12T00:08:04.075203,,,,(√13 x √13),Trajectories/2022-02-06/080_RR220206A_490C_1816.bmp || Trajectories/2022-04-11/234_RR220411A_888C_1732.bmp,/content/rl_quantum_2026summer/data/original data/Trajectories/2022-02-06/080_RR220206A_490C_1816.bmp,/content/rl_quantum_2026summer/data/original data/Trajectories/2022-04-11/234_RR220411A_888C_1732.bmp,3,1.0
Trajectories/2022-02-06/080_RR220206A_490C_1816.bmp,080_RR220206A_490C_1816.bmp,Trajectories/2022-04-11/234_RR220411A_888C_1732.bmp,234_RR220411A_888C_1732.bmp,(1 x 1),1,AJ,,2025-12-12T00:08:04.869380,,,,(1 x 1),Trajectories/2022-02-06/080_RR220206A_490C_1816.bmp || Trajectories/2022-04-11/234_RR220411A_888C_1732.bmp,/content/rl_quantum_2026summer/data/original data/Trajectories/2022-02-06/080_RR220206A_490C_1816.bmp,/content/rl_quantum_2026summer/data/original data/Trajectories/2022-04-11/234_RR220411A_888C_1732.bmp,0,1.0
Trajectories/2022-02-06/250_RR220206A_621C_2212.bmp,250_RR220206A_621C_2212.bmp,Trajectories/2022-02-04/317_RR220204A_935C_2033.bmp,317_RR220204A_935C_2033.bmp,HTR,1,HL,,2026-01-05T23:29:55.873505,276.0,400.0,Confident,HTR,Trajectories/2022-02-04/317_RR220204A_935C_2033.bmp || Trajectories/2022-02-06/250_RR220206A_621C_2212.bmp,/content/rl_quantum_2026summer/data/original data/Trajectories/2022-02-06/250_RR220206A_621C_2212.bmp,/content/rl_quantum_2026summer/data/original data/Trajectories/2022-02-04/317_RR220204A_935C_2033.bmp,4,1.0
Trajectories/2022-02-06/250_RR220206A_621C_2212.bmp,250_RR220206A_621C_2212.bmp,Trajectories/2022-02-04/317_RR220204A_935C_2033.bmp,317_RR220204A_935C_2033.bmp,(1 x 1),1,HL,,2026-01-05T23:29:57.123074,276.0,400.0,Confident,(1 x 1),Trajectories/2022-02-04/317_RR220204A_935C_2033.bmp || Trajectories/2022-02-06/250_RR220206A_621C_2212.bmp,/content/rl_quantum_2026summer/data/original data/Trajectories/2022-02-06/250_RR220206A_621C_2212.bmp,/content/rl_quantum_2026summer/data/original data/Trajectories/2022-02-04/317_RR220204A_935C_2033.bmp,0,1.0
Trajectories/2022-02-06/250_RR220206A_621C_2212.bmp,250_RR220206A_621C_2212.bmp,Trajectories/2022-02-04/317_RR220204A_935C_2033.bmp,317_RR220204A_935C_2033.bmp,(√13 x √13),2,HL,,2026-01-05T23:29:58.104495,276.0,400.0,Confident,(√13 x √13),Trajectories/2022-02-04/317_RR220204A_935C_2033.bmp || Trajectories/2022-02-06/250_RR220206A_621C_2212.bmp,/content/rl_quantum_2026summer/data/original data/Trajectories/2022-02-06/250_RR220206A_621C_2212.bmp,/content/rl_quantum_2026summer/data/original data/Trajectories/2022-02-04/317_RR220204A_935C_2033.bmp,3,1.0
Trajectories/2022-02-06/250_RR220206A_621C_2212.bmp,250_RR220206A_621C_2212.bmp,Trajectories/2022-02-04/317_RR220204A_935C_2033.bmp,317_RR220204A_935C_2033.bmp,Twinned(2 x 1),2,HL,,2026-01-05T23:29:59.115569,276.0,400.0,Confident,Twinned(2 x 1),Trajectories/2022-02-04/317_RR220204A_935C_2033.bmp || Trajectories/2022-02-06/250_RR220206A_621C_2212.bmp,/content/rl_quantum_2026summer/data/original data/Trajectories/2022-02-06/250_RR220206A_621C_2212.bmp,/content/rl_quantum_2026summer/data/original data/Trajectories/2022-02-04/317_RR220204A_935C_2033.bmp,1,1.0
Trajectories/2022-02-06/250_RR220206A_621C_2212.bmp,250_RR220206A_621C_2212.bmp,Trajectories/2022-02-04/317_RR220204A_935C_2033.bmp,317_RR220204A_935C_2033.bmp,c(6 x 2),not_apply,HL,,2026-01-05T23:30:00.072934,276.0,400.0,Confident,c(6 x 2),Trajectories/2022-02-04/317_RR220204A_935C_2033.bmp || Trajectories/2022-02-06/250_RR220206A_621C_2212.bmp,/content/rl_quantum_2026summer/data/original data/Trajectories/2022-02-06/250_RR220206A_621C_2212.bmp,/content/rl_quantum_2026summer/data/original data/Trajectories/2022-02-04/317_RR220204A_935C_2033.bmp,2,1.0
Trajectories/2022-02-04/206_RR220204A_641C_1841.bmp,206_RR220204A_641C_1841.bmp,Trajectories/2022-02-06/187_RR220206A_985C_2051.bmp,187_RR220206A_985C_2051.bmp,(1 x 1),1,AJ,,2025-12-11T15:19:52.474745,,,,(1 x 1),Trajectories/2022-02-04/206_RR220204A_641C_1841.bmp || Trajectories/2022-02-06/187_RR220206A_985C_2051.bmp,/content/rl_quantum_2026summer/data/original data/Trajectories/2022-02-04/206_RR220204A_641C_1841.bmp,/content/rl_quantum_2026summer/data/original data/Trajectories/2022-02-06/187_RR220206A_985C_2051.bmp,0,1.0
Trajectories/2022-02-04/206_RR220204A_641C_1841.bmp,206_RR220204A_641C_1841.bmp,Trajectories/2022-02-06/187_RR220206A_985C_2051.bmp,187_RR220206A_985C_2051.bmp,HTR,2,AJ,,2025-12-11T15:19:53.651543,,,,HTR,Trajectories/2022-02-04/206_RR220204A_641C_1841.bmp || Trajectories/2022-02-06/187_RR220206A_985C_2051.bmp,/content/rl_quantum_2026summer/data/original data/Trajectories/2022-02-04/206_RR220204A_641C_1841.bmp,/content/rl_quantum_2026summer/data/original data/Trajectories/2022-02-06/187_RR220206A_985C_2051.bmp,4,1.0
Trajectories/2022-02-04/287_RR220204A_851C_2008.bmp,287_RR220204A_851C_2008.bmp,Trajectories/2022-04-11/409_RR220411A_474C_1953.bmp,409_RR220411A_474C_1953.bmp,(√13 x √13),2,AJ,,2025-12-06 01:20:27,,,,(√13 x √13),Trajectories/2022-02-04/287_RR220204A_851C_2008.bmp || Trajectories/2022-04-11/409_RR220411A_474C_1953.bmp,/content/rl_quantum_2026summer/data/original data/Trajectories/2022-02-04/287_RR220204A_851C_2008.bmp,/content/rl_quantum_2026summer/data/original data/Trajectories/2022-04-11/409_RR220411A_474C_1953.bmp,3,1.0
Trajectories/2022-02-04/287_RR220204A_851C_2008.bmp,287_RR220204A_851C_2008.bmp,Trajectories/2022-04-11/409_RR220411A_474C_1953.bmp,409_RR220411A_474C_1953.bmp,c(6 x 2),1,AJ,,2025-12-06 01:20:27,,,,c(6 x 2),Trajectories/2022-02-04/287_RR220204A_851C_2008.bmp || Trajectories/2022-04-11/409_RR220411A_474C_1953.bmp,/content/rl_quantum_2026summer/data/original data/Trajectories/2022-02-04/287_RR220204A_851C_2008.bmp,/content/rl_quantum_2026summer/data/original data/Trajectories/2022-04-11/409_RR220411A_474C_1953.bmp,2,1.0
Trajectories/2022-02-04/221_RR220204A_666C_1854.bmp,221_RR220204A_666C_1854.bmp,Trajectories/2022-02-04/339_RR220204A_938C_2110.bmp,339_RR220204A_938C_2110.bmp,(√13 x √13),tie,AJ,,2025-12-12T00:16:20.231879,,,,(√13 x √13),Trajectories/2022-02-04/221_RR220204A_666C_1854.bmp || Trajectories/2022-02-04/339_RR220204A_938C_2110.bmp,/content/rl_quantum_2026summer/data/original data/Trajectories/2022-02-04/221_RR220204A_666C_1854.bmp,/content/rl_quantum_2026summer/data/original data/Trajectories/2022-02-04/339_RR220204A_938C_2110.bmp,3,1.0
Trajectories/2022-02-06/271_RR220206A_425C_2242.bmp,271_RR220206A_425C_2242.bmp,Trajectories/2022-04-11/372_RR220411A_636C_1935.bmp,372_RR220411A_636C_1935.bmp,Twinned(2 x 1),not_apply,AJ,,2025-12-26T10:55:49.346388,218.0,220.0,Confident,Twinned(2 x 1),Trajectories/2022-02-06/271_RR220206A_425C_2242.bmp || Trajectories/2022-04-11/372_RR220411A_636C_1935.bmp,/content/rl_quantum_2026summer/data/original data/Trajectories/2022-02-06/271_RR220206A_425C_2242.bmp,/content/rl_quantum_2026summer/data/original data/Trajectories/2022-04-11/372_RR220411A_636C_1935.bmp,1,1.0
Trajectories/2022-02-06/271_RR220206A_425C_2242.bmp,271_RR220206A_425C_2242.bmp,Trajectories/2022-04-11/372_RR220411A_636C_1935.bmp,372_RR220411A_636C_1935.bmp,c(6 x 2),2,AJ,,2025-12-26T10:55:50.515210,218.0,220.0,Confident,c(6 x 2),Trajectories/2022-02-06/271_RR220206A_425C_2242.bmp || Trajectories/2022-04-11/372_RR220411A_636C_1935.bmp,/content/rl_quantum_2026summer/data/original data/Trajectories/2022-02-06/271_RR220206A_425C_2242.bmp,/content/rl_quantum_2026summer/data/original data/Trajectories/2022-04-11/372_RR220411A_636C_1935.bmp,2,1.0
Trajectories/2022-02-06/271_RR220206A_425C_2242.bmp,271_RR220206A_425C_2242.bmp,Trajectories/2022-04-11/372_RR220411A_636C_1935.bmp,372_RR220411A_636C_1935.bmp,(1 x 1),not_apply,AJ,,2025-12-26T10:55:51.570661,218.0,220.0,Confident,(1 x 1),Trajectories/2022-02-06/271_RR220206A_425C_2242.bmp || Trajectories/2022-04-11/372_RR220411A_636C_1935.bmp,/content/rl_quantum_2026summer/data/original data/Trajectories/2022-02-06/271_RR220206A_425C_2242.bmp,/content/rl_quantum_2026summer/data/original data/Trajectories/2022-04-11/372_RR220411A_636C_1935.bmp,0,1.0
Trajectories/2022-02-06/271_RR220206A_425C_2242.bmp,271_RR220206A_425C_2242.bmp,Trajectories/2022-04-11/372_RR220411A_636C_1935.bmp,372_RR220411A_636C_1935.bmp,(√13 x √13),2,AJ,,2025-12-26T10:55:52.728937,218.0,220.0,Confident,(√13 x √13),Trajectories/2022-02-06/271_RR220206A_425C_2242.bmp || Trajectories/2022-04-11/372_RR220411A_636C_1935.bmp,/content/rl_quantum_2026summer/data/original data/Trajectories/2022-02-06/271_RR220206A_425C_2242.bmp,/content/rl_quantum_2026summer/data/original data/Trajectories/2022-04-11/372_RR220411A_636C_1935.bmp,3,1.0
Trajectories/2022-02-04/320_RR220204A_915C_2039.bmp,320_RR220204A_915C_2039.bmp,Trajectories/2022-02-06/282_RR220206A_184C_2256.bmp,282_RR220206A_184C_2256.bmp,(√13 x √13),1,AJ,,2025-12-12T00:09:41.214684,,,,(√13 x √13),Trajectories/2022-02-04/320_RR220204A_915C_2039.bmp || Trajectories/2022-02-06/282_RR220206A_184C_2256.bmp,/content/rl_quantum_2026summer/data/original data/Trajectories/2022-02-04/320_RR220204A_915C_2039.bmp,/content/rl_quantum_2026summer/data/original data/Trajectories/2022-02-06/282_RR220206A_184C_2256.bmp,3,1.0
Trajectories/2022-02-04/320_RR220204A_915C_2039.bmp,320_RR220204A_915C_2039.bmp,Trajectories/2022-02-06/282_RR220206A_184C_2256.bmp,282_RR220206A_184C_2256.bmp,HTR,2,AJ,,2025-12-12T00:09:41.963238,,,,HTR,Trajectories/2022-02-04/320_RR220204A_915C_2039.bmp || Trajectories/2022-02-06/282_RR220206A_184C_2256.bmp,/content/rl_quantum_2026summer/data/original data/Trajectories/2022-02-04/320_RR220204A_915C_2039.bmp,/content/rl_quantum_2026summer/data/original data/Trajectories/2022-02-06/282_RR220206A_184C_2256.bmp,4,1.0
Trajectories/2022-02-06/257_RR220206A_581C_2222.bmp,257_RR220206A_581C_2222.bmp,Trajectories/2022-02-04/379_RR220204A_937C_2315.bmp,379_RR220204A_937C_2315.bmp,c(6 x 2),2,AJ,,2025-12-11T15:16:13.622695,,,,c(6 x 2),Trajectories/2022-02-04/379_RR220204A_937C_2315.bmp || Trajectories/2022-02-06/257_RR220206A_581C_2222.bmp,/content/rl_quantum_2026summer/data/original data/Trajectories/2022-02-06/257_RR220206A_581C_2222.bmp,/content/rl_quantum_2026summer/data/original data/Trajectories/2022-02-04/379_RR220204A_937C_2315.bmp,2,1.0
Trajectories/2022-02-06/257_RR220206A_581C_2222.bmp,257_RR220206A_581C_2222.bmp,Trajectories/2022-02-04/379_RR220204A_937C_2315.bmp,379_RR220204A_937C_2315.bmp,HTR,1,AJ,,2025-12-11T15:16:14.437789,,,,HTR,Trajectories/2022-02-04/379_RR220204A_937C_2315.bmp || Trajectories/2022-02-06/257_RR220206A_581C_2222.bmp,/content/rl_quantum_2026summer/data/original data/Trajectories/2022-02-06/257_RR220206A_581C_2222.bmp,/content/rl_quantum_2026summer/data/original data/Trajectories/2022-02-04/379_RR220204A_937C_2315.bmp,4,1.0
Trajectories/2022-02-04/334_RR220204A_939C_2101.bmp,334_RR220204A_939C_2101.bmp,Trajectories/2022-04-11/386_RR220411A_580C_1943.bmp,386_RR220411A_580C_1943.bmp,(√13 x √13),2,HL,,2025-12-15T21:05:38.049744,,,,(√13 x √13),Trajectories/2022-02-04/334_RR220204A_939C_2101.bmp || Trajectories/2022-04-11/386_RR220411A_580C_1943.bmp,/content/rl_quantum_2026summer/data/original data/Trajectories/2022-02-04/334_RR220204A_939C_2101.bmp,/content/rl_quantum_2026summer/data/original data/Trajectories/2022-04-11/386_RR220411A_580C_1943.bmp,3,1.0
Trajectories/2022-02-04/334_RR220204A_939C_2101.bmp,334_RR220204A_939C_2101.bmp,Trajectories/2022-04-11/386_RR220411A_580C_1943.bmp,386_RR220411A_580C_1943.bmp,Twinned(2 x 1),1,HL,,2025-12-15T21:05:39.303491,,,,Twinned(2 x 1),Trajectories/2022-02-04/334_RR220204A_939C_2101.bmp || Trajectories/2022-04-11/386_RR220411A_580C_1943.bmp,/content/rl_quantum_2026summer/data/original data/Trajectories/2022-02-04/334_RR220204A_939C_2101.bmp,/content/rl_quantum_2026summer/data/original data/Trajectories/2022-04-11/386_RR220411A_580C_1943.bmp,1,1.0
Trajectories/2022-02-04/334_RR220204A_939C_2101.bmp,334_RR220204A_939C_2101.bmp,Trajectories/2022-04-11/386_RR220411A_580C_1943.bmp,386_RR220411A_580C_1943.bmp,(1 x 1),not_apply,HL,,2025-12-15T21:05:40.524589,,,,(1 x 1),Trajectories/2022-02-04/334_RR220204A_939C_2101.bmp || Trajectories/2022-04-11/386_RR220411A_580C_1943.bmp,/content/rl_quantum_2026summer/data/original data/Trajectories/2022-02-04/334_RR220204A_939C_2101.bmp,/content/rl_quantum_2026summer/data/original data/Trajectories/2022-04-11/386_RR220411A_580C_1943.bmp,0,1.0
Trajectories/2022-02-04/334_RR220204A_939C_2101.bmp,334_RR220204A_939C_2101.bmp,Trajectories/2022-04-11/386_RR220411A_580C_1943.bmp,386_RR220411A_580C_1943.bmp,c(6 x 2),2,HL,,2025-12-15T21:05:41.574937,,,,c(6 x 2),Trajectories/2022-02-04/334_RR220204A_939C_2101.bmp || Trajectories/2022-04-11/386_RR220411A_580C_1943.bmp,/content/rl_quantum_2026summer/data/original data/Trajectories/2022-02-04/334_RR220204A_939C_2101.bmp,/content/rl_quantum_2026summer/data/original data/Trajectories/2022-04-11/386_RR220411A_580C_1943.bmp,2,1.0
Trajectories/2022-02-04/334_RR220204A_939C_2101.bmp,334_RR220204A_939C_2101.bmp,Trajectories/2022-04-11/386_RR220411A_580C_1943.bmp,386_RR220411A_580C_1943.bmp,HTR,not_apply,HL,,2025-12-15T21:05:42.633171,,,,HTR,Trajectories/2022-02-04/334_RR220204A_939C_2101.bmp || Trajectories/2022-04-11/386_RR220411A_580C_1943.bmp,/content/rl_quantum_2026summer/data/original data/Trajectories/2022-02-04/334_RR220204A_939C_2101.bmp,/content/rl_quantum_2026summer/data/original data/Trajectories/2022-04-11/386_RR220411A_580C_1943.bmp,4,1.0
