Image1_Path,Image1_Name,Image2_Path,Image2_Name,Reconstruction_Type,Winner,Labeler_Name,Notes,Created_At,Brightness_1,Brightness_2,Confidence,canonical_type,pair_id,resolved_img1,resolved_img2,type_idx,confidence_weight
Trajectories/2022-04-11/030_RR220411A_291C_1437.bmp,030_RR220411A_291C_1437.bmp,Trajectories/2022-02-06/068_RR220206A_362C_1759.bmp,068_RR220206A_362C_1759.bmp,HTR,not_apply,SY,,2025-12-10T16:55:52.310990,,,,HTR,Trajectories/2022-02-06/068_RR220206A_362C_1759.bmp || Trajectories/2022-04-11/030_RR220411A_291C_1437.bmp,/content/rl_quantum_2026summer/data/original data/Trajectories/2022-04-11/030_RR220411A_291C_1437.bmp,/content/rl_quantum_2026summer/data/original data/Trajectories/2022-02-06/068_RR220206A_362C_1759.bmp,4,1.0
Trajectories/2022-04-11/030_RR220411A_291C_1437.bmp,030_RR220411A_291C_1437.bmp,Trajectories/2022-02-06/068_RR220206A_362C_1759.bmp,068_RR220206A_362C_1759.bmp,c(6 x 2),not_apply,SY,,2025-12-10T16:55:53.064524,,,,c(6 x 2),Trajectories/2022-02-06/068_RR220206A_362C_1759.bmp || Trajectories/2022-04-11/030_RR220411A_291C_1437.bmp,/content/rl_quantum_2026summer/data/original data/Trajectories/2022-04-11/030_RR220411A_291C_1437.bmp,/content/rl_quantum_2026summer/data/original data/Trajectories/2022-02-06/068_RR220206A_362C_1759.bmp,2,1.0
Trajectories/2022-04-11/030_RR220411A_291C_1437.bmp,030_RR220411A_291C_1437.bmp,Trajectories/2022-02-06/068_RR220206A_362C_1759.bmp,068_RR220206A_362C_1759.bmp,(√13 x √13),not_apply,SY,,2025-12-10T16:55:53.741160,,,,(√13 x √13),Trajectories/2022-02-06/068_RR220206A_362C_1759.bmp || Trajectories/2022-04-11/030_RR220411A_291C_1437.bmp,/content/rl_quantum_2026summer/data/original data/Trajectories/2022-04-11/030_RR220411A_291C_1437.bmp,/content/rl_quantum_2026summer/data/original data/Trajectories/2022-02-06/068_RR220206A_362C_1759.bmp,3,1.0
Trajectories/2022-04-11/030_RR220411A_291C_1437.bmp,030_RR220411A_291C_1437.bmp,Trajectories/2022-02-06/068_RR220206A_362C_1759.bmp,068_RR220206A_362C_1759.bmp,(1 x 1),1,SY,,2025-12-10T16:55:54.432756,,,,(1 x 1),Trajectories/2022-02-06/068_RR220206A_362C_1759.bmp || Trajectories/2022-04-11/030_RR220411A_291C_1437.bmp,/content/rl_quantum_2026summer/data/original data/Trajectories/2022-04-11/030_RR220411A_291C_1437.bmp,/content/rl_quantum_2026summer/data/original data/Trajectories/2022-02-06/068_RR220206A_362C_1759.bmp,0,1.0
Trajectories/2022-04-11/030_RR220411A_291C_1437.bmp,030_RR220411A_291C_1437.bmp,Trajectories/2022-02-06/068_RR220206A_362C_1759.bmp,068_RR220206A_362C_1759.bmp,Twinned(2 x 1),not_apply,SY,,2025-12-10T16:55:55.152158,,,,Twinned(2 x 1),Trajectories/2022-02-06/068_RR220206A_362C_1759.bmp || Trajectories/2022-04-11/030_RR220411A_291C_1437.bmp,/content/rl_quantum_2026summer/data/original data/Trajectories/2022-04-11/030_RR220411A_291C_1437.bmp,/content/rl_quantum_2026summer/data/original data/Trajectories/2022-02-06/068_RR220206A_362C_1759.bmp,1,1.0
Trajectories/2022-04-11/011_RR220411A_219C_1424.bmp,011_RR220411A_219C_1424.bmp,Trajectories/2022-02-06/016_RR220206A_165C_1704-03.bmp,016_RR220206A_165C_1704-03.bmp,Twinned(2 x 1),not_apply,SY,,2025-12-11T15:11:43.075851,,,,Twinned(2 x 1),Trajectories/2022-02-06/016_RR220206A_165C_1704-03.bmp || Trajectories/2022-04-11/011_RR220411A_219C_1424.bmp,/content/rl_quantum_2026summer/data/original data/Trajectories/2022-04-11/011_RR220411A_219C_1424.bmp,/content/rl_quantum_2026summer/data/original data/Trajectories/2022-02-06/016_RR220206A_165C_1704-03.bmp,1,1.0
Trajectories/2022-04-11/011_RR220411A_219C_1424.bmp,011_RR220411A_219C_1424.bmp,Trajectories/2022-02-06/016_RR220206A_165C_1704-03.bmp,016_RR220206A_165C_1704-03.bmp,HTR,1,SY,,2025-12-11T15:11:44.123863,,,,HTR,Trajectories/2022-02-06/016_RR220206A_165C_1704-03.bmp || Trajectories/2022-04-11/011_RR220411A_219C_1424.bmp,/content/rl_quantum_2026summer/data/original data/Trajectories/2022-04-11/011_RR220411A_219C_1424.bmp,/content/rl_quantum_2026summer/data/original data/Trajectories/2022-02-06/016_RR220206A_165C_1704-03.bmp,4,1.0
Trajectories/2022-04-11/011_RR220411A_219C_1424.bmp,011_RR220411A_219C_1424.bmp,Trajectories/2022-02-06/016_RR220206A_165C_1704-03.bmp,016_RR220206A_165C_1704-03.bmp,(1 x 1),1,SY,,2025-12-11T15:11:45.065479,,,,(1 x 1),Trajectories/2022-02-06/016_RR220206A_165C_1704-03.bmp || Trajectories/2022-04-11/011_RR220411A_219C_1424.bmp,/content/rl_quantum_2026summer/data/original data/Trajectories/2022-04-11/011_RR220411A_219C_1424.bmp,/content/rl_quantum_2026summer/data/original data/Trajectories/2022-02-06/016_RR220206A_165C_1704-03.bmp,0,1.0
Trajectories/2022-04-11/011_RR220411A_219C_1424.bmp,011_RR220411A_219C_1424.bmp,Trajectories/2022-02-06/016_RR220206A_165C_1704-03.bmp,016_RR220206A_165C_1704-03.bmp,c(6 x 2),not_apply,SY,,2025-12-11T15:11:45.779871,,,,c(6 x 2),Trajectories/2022-02-06/016_RR220206A_165C_1704-03.bmp || Trajectories/2022-04-11/011_RR220411A_219C_1424.bmp,/content/rl_quantum_2026summer/data/original data/Trajectories/2022-04-11/011_RR220411A_219C_1424.bmp,/content/rl_quantum_2026summer/data/original data/Trajectories/2022-02-06/016_RR220206A_165C_1704-03.bmp,2,1.0
Trajectories/2022-04-11/011_RR220411A_219C_1424.bmp,011_RR220411A_219C_1424.bmp,Trajectories/2022-02-06/016_RR220206A_165C_1704-03.bmp,016_RR220206A_165C_1704-03.bmp,(√13 x √13),not_apply,SY,,2025-12-11T15:11:46.484415,,,,(√13 x √13),Trajectories/2022-02-06/016_RR220206A_165C_1704-03.bmp || Trajectories/2022-04-11/011_RR220411A_219C_1424.bmp,/content/rl_quantum_2026summer/data/original data/Trajectories/2022-04-11/011_RR220411A_219C_1424.bmp,/content/rl_quantum_2026summer/data/original data/Trajectories/2022-02-06/016_RR220206A_165C_1704-03.bmp,3,1.0
Trajectories/2022-02-06/090_RR220206A_568C_1828.bmp,090_RR220206A_568C_1828.bmp,Trajectories/2022-04-11/149_RR220411A_676C_1619.bmp,149_RR220411A_676C_1619.bmp,Twinned(2 x 1),not_apply,AJ,,2025-12-26T08:43:42.692604,193.0,205.0,Confident,Twinned(2 x 1),Trajectories/2022-02-06/090_RR220206A_568C_1828.bmp || Trajectories/2022-04-11/149_RR220411A_676C_1619.bmp,/content/rl_quantum_2026summer/data/original data/Trajectories/2022-02-06/090_RR220206A_568C_1828.bmp,/content/rl_quantum_2026summer/data/original data/Trajectories/2022-04-11/149_RR220411A_676C_1619.bmp,1,1.0
Trajectories/2022-02-06/090_RR220206A_568C_1828.bmp,090_RR220206A_568C_1828.bmp,Trajectories/2022-04-11/149_RR220411A_676C_1619.bmp,149_RR220411A_676C_1619.bmp,c(6 x 2),not_apply,AJ,,2025-12-26T08:43:44.051930,193.0,205.0,Confident,c(6 x 2),Trajectories/2022-02-06/090_RR220206A_568C_1828.bmp || Trajectories/2022-04-11/149_RR220411A_676C_1619.bmp,/content/rl_quantum_2026summer/data/original data/Trajectories/2022-02-06/090_RR220206A_568C_1828.bmp,/content/rl_quantum_2026summer/data/original data/Trajectories/2022-04-11/149_RR220411A_676C_1619.bmp,2,1.0
Trajectories/2022-02-06/090_RR220206A_568C_1828.bmp,090_RR220206A_568C_1828.bmp,Trajectories/2022-04-11/149_RR220411A_676C_1619.bmp,149_RR220411A_676C_1619.bmp,(√13 x √13),not_apply,AJ,,2025-12-26T08:43:45.039194,193.0,205.0,Confident,(√13 x √13),Trajectories/2022-02-06/090_RR220206A_568C_1828.bmp || Trajectories/2022-04-11/149_RR220411A_676C_1619.bmp,/content/rl_quantum_2026summer/data/original data/Trajectories/2022-02-06/090_RR220206A_568C_1828.bmp,/content/rl_quantum_2026summer/data/original data/Trajectories/2022-04-11/149_RR220411A_676C_1619.bmp,3,1.0
Trajectories/2022-02-06/090_RR220206A_568C_1828.bmp,090_RR220206A_568C_1828.bmp,Trajectories/2022-04-11/149_RR220411A_676C_1619.bmp,149_RR220411A_676C_1619.bmp,(1 x 1),tie,AJ,,2025-12-26T08:43:45.922115,193.0,205.0,Confident,(1 x 1),Trajectories/2022-02-06/090_RR220206A_568C_1828.bmp || Trajectories/2022-04-11/149_RR220411A_676C_1619.bmp,/content/rl_quantum_2026summer/data/original data/Trajectories/2022-02-06/090_RR220206A_568C_1828.bmp,/content/rl_quantum_2026summer/data/original data/Trajectories/2022-04-11/149_RR220411A_676C_1619.bmp,0,1.0
Trajectories/2022-02-06/090_RR220206A_568C_1828.bmp,090_RR220206A_568C_1828.bmp,Trajectories/2022-04-11/149_RR220411A_676C_1619.bmp,149_RR220411A_676C_1619.bmp,HTR,not_apply,AJ,,2025-12-26T08:43:46.831986,193.0,205.0,Confident,HTR,Trajectories/2022-02-06/090_RR220206A_568C_1828.bmp || Trajectories/2022-04-11/149_RR220411A_676C_1619.bmp,/content/rl_quantum_2026summer/data/original data/Trajectories/2022-02-06/090_RR220206A_568C_1828.bmp,/content/rl_quantum_2026summer/data/original data/Trajectories/2022-04-11/149_RR220411A_676C_1619.bmp,4,1.0
Trajectories/2022-02-04/213_RR220204A_668C_1847.bmp,213_RR220204A_668C_1847.bmp,Trajectories/2022-02-04/209_RR220204A_637C_1845.bmp,209_RR220204A_637C_1845.bmp,(√13 x √13),tie,HL,,2026-01-05T23:22:59.774545,274.0,280.0,Confident,(√13 x √13),Trajectories/2022-02-04/209_RR220204A_637C_1845.bmp || Trajectories/2022-02-04/213_RR220204A_668C_1847.bmp,/content/rl_quantum_2026summer/data/original data/Trajectories/2022-02-04/213_RR220204A_668C_1847.bmp,/content/rl_quantum_2026summer/data/original data/Trajectories/2022-02-04/209_RR220204A_637C_1845.bmp,3,1.0
Trajectories/2022-02-04/213_RR220204A_668C_1847.bmp,213_RR220204A_668C_1847.bmp,Trajectories/2022-02-04/209_RR220204A_637C_1845.bmp,209_RR220204A_637C_1845.bmp,HTR,not_apply,HL,,2026-01-05T23:23:00.787403,274.0,280.0,Confident,HTR,Trajectories/2022-02-04/209_RR220204A_637C_1845.bmp || Trajectories/2022-02-04/213_RR220204A_668C_1847.bmp,/content/rl_quantum_2026summer/data/original data/Trajectories/2022-02-04/213_RR220204A_668C_1847.bmp,/content/rl_quantum_2026summer/data/original data/Trajectories/2022-02-04/209_RR220204A_637C_1845.bmp,4,1.0
Trajectories/2022-02-04/213_RR220204A_668C_1847.bmp,213_RR220204A_668C_1847.bmp,Trajectories/2022-02-04/209_RR220204A_637C_1845.bmp,209_RR220204A_637C_1845.bmp,(1 x 1),tie,HL,,2026-01-05T23:23:01.841026,274.0,280.0,Confident,(1 x 1),Trajectories/2022-02-04/209_RR220204A_637C_1845.bmp || Trajectories/2022-02-04/213_RR220204A_668C_1847.bmp,/content/rl_quantum_2026summer/data/original data/Trajectories/2022-02-04/213_RR220204A_668C_1847.bmp,/content/rl_quantum_2026summer/data/original data/Trajectories/2022-02-04/209_RR220204A_637C_1845.bmp,0,1.0
Trajectories/2022-02-04/213_RR220204A_668C_1847.bmp,213_RR220204A_668C_1847.bmp,Trajectories/2022-02-04/209_RR220204A_637C_1845.bmp,209_RR220204A_637C_1845.bmp,c(6 x 2),not_apply,HL,,2026-01-05T23:23:02.901547,274.0,280.0,Confident,c(6 x 2),Trajectories/2022-02-04/209_RR220204A_637C_1845.bmp || Trajectories/2022-02-04/213_RR220204A_668C_1847.bmp,/content/rl_quantum_2026summer/data/original data/Trajectories/2022-02-04/213_RR220204A_668C_1847.bmp,/content/rl_quantum_2026summer/data/original data/Trajectories/2022-02-04/209_RR220204A_637C_1845.bmp,2,1.0
Trajectories/2022-02-04/213_RR220204A_668C_1847.bmp,213_RR220204A_668C_1847.bmp,Trajectories/2022-02-04/209_RR220204A_637C_1845.bmp,209_RR220204A_637C_1845.bmp,Twinned(2 x 1),tie,HL,,2026-01-05T23:23:04.075496,274.0,280.0,Confident,Twinned(2 x 1),Trajectories/2022-02-04/209_RR220204A_637C_1845.bmp || Trajectories/2022-02-04/213_RR220204A_668C_1847.bmp,/content/rl_quantum_2026summer/data/original data/Trajectories/2022-02-04/213_RR220204A_668C_1847.bmp,/content/rl_quantum_2026summer/data/original data/Trajectories/2022-02-04/209_RR220204A_637C_1845.bmp,1,1.0
Trajectories/2022-04-11/227_RR220411A_877C_1726.bmp,227_RR220411A_877C_1726.bmp,Trajectories/2022-04-11/323_RR220411A_816C_1903.bmp,323_RR220411A_816C_1903.bmp,(1 x 1),tie,SY,,2025-12-10T16:53:04.584675,,,,(1 x 1),Trajectories/2022-04-11/227_RR220411A_877C_1726.bmp || Trajectories/2022-04-11/323_RR220411A_816C_1903.bmp,/content/rl_quantum_2026summer/data/original data/Trajectories/2022-04-11/227_RR220411A_877C_1726.bmp,/content/rl_quantum_2026summer/data/original data/Trajectories/2022-04-11/323_RR220411A_816C_1903.bmp,0,1.0
Trajectories/2022-04-11/227_RR220411A_877C_1726.bmp,227_RR220411A_877C_1726.bmp,Trajectories/2022-04-11/323_RR220411A_816C_1903.bmp,323_RR220411A_816C_1903.bmp,Twinned(2 x 1),not_apply,SY,,2025-12-10T16:53:05.371791,,,,Twinned(2 x 1),Trajectories/2022-04-11/227_RR220411A_877C_1726.bmp || Trajectories/2022-04-11/323_RR220411A_816C_1903.bmp,/content/rl_quantum_2026summer/data/original data/Trajectories/2022-04-11/227_RR220411A_877C_1726.bmp,/content/rl_quantum_2026summer/data/original data/Trajectories/2022-04-11/323_RR220411A_816C_1903.bmp,1,1.0
Trajectories/2022-04-11/227_RR220411A_877C_1726.bmp,227_RR220411A_877C_1726.bmp,Trajectories/2022-04-11/323_RR220411A_816C_1903.bmp,323_RR220411A_816C_1903.bmp,HTR,not_apply,SY,,2025-12-10T16:53:06.064212,,,,HTR,Trajectories/2022-04-11/227_RR220411A_877C_1726.bmp || Trajectories/2022-04-11/323_RR220411A_816C_1903.bmp,/content/rl_quantum_2026summer/data/original data/Trajectories/2022-04-11/227_RR220411A_877C_1726.bmp,/content/rl_quantum_2026summer/data/original data/Trajectories/2022-04-11/323_RR220411A_816C_1903.bmp,4,1.0
Trajectories/2022-04-11/227_RR220411A_877C_1726.bmp,227_RR220411A_877C_1726.bmp,Trajectories/2022-04-11/323_RR220411A_816C_1903.bmp,323_RR220411A_816C_1903.bmp,c(6 x 2),1,SY,,2025-12-10T16:53:06.771231,,,,c(6 x 2),Trajectories/2022-04-11/227_RR220411A_877C_1726.bmp || Trajectories/2022-04-11/323_RR220411A_816C_1903.bmp,/content/rl_quantum_2026summer/data/original data/Trajectories/2022-04-11/227_RR220411A_877C_1726.bmp,/content/rl_quantum_2026summer/data/original data/Trajectories/2022-04-11/323_RR220411A_816C_1903.bmp,2,1.0
Trajectories/2022-04-11/227_RR220411A_877C_1726.bmp,227_RR220411A_877C_1726.bmp,Trajectories/2022-04-11/323_RR220411A_816C_1903.bmp,323_RR220411A_816C_1903.bmp,(√13 x √13),2,SY,,2025-12-10T16:53:07.436978,,,,(√13 x √13),Trajectories/2022-04-11/227_RR220411A_877C_1726.bmp || Trajectories/2022-04-11/323_RR220411A_816C_1903.bmp,/content/rl_quantum_2026summer/data/original data/Trajectories/2022-04-11/227_RR220411A_877C_1726.bmp,/content/rl_quantum_2026summer/data/original data/Trajectories/2022-04-11/323_RR220411A_816C_1903.bmp,3,1.0
Trajectories/2022-02-04/133_RR220204A_467C_1754-01.bmp,133_RR220204A_467C_1754-01.bmp,Trajectories/2022-02-04/020_RR220204A_981C_0126-02.bmp,020_RR220204A_981C_0126-02.bmp,(1 x 1),2,AJ,,2025-12-11T15:22:36.381750,,,,(1 x 1),Trajectories/2022-02-04/020_RR220204A_981C_0126-02.bmp || Trajectories/2022-02-04/133_RR220204A_467C_1754-01.bmp,/content/rl_quantum_2026summer/data/original data/Trajectories/2022-02-04/133_RR220204A_467C_1754-01.bmp,/content/rl_quantum_2026summer/data/original data/Trajectories/2022-02-04/020_RR220204A_981C_0126-02.bmp,0,1.0
Trajectories/2022-02-04/133_RR220204A_467C_1754-01.bmp,133_RR220204A_467C_1754-01.bmp,Trajectories/2022-02-04/020_RR220204A_981C_0126-02.bmp,020_RR220204A_981C_0126-02.bmp,c(6 x 2),1,AJ,,2025-12-11T15:22:37.139293,,,,c(6 x 2),Trajectories/2022-02-04/020_RR220204A_981C_0126-02.bmp || Trajectories/2022-02-04/133_RR220204A_467C_1754-01.bmp,/content/rl_quantum_2026summer/data/original data/Trajectories/2022-02-04/133_RR220204A_467C_1754-01.bmp,/content/rl_quantum_2026summer/data/original data/Trajectories/2022-02-04/020_RR220204A_981C_0126-02.bmp,2,1.0
Trajectories/2022-02-04/261_RR220204A_790C_1930.bmp,261_RR220204A_790C_1930.bmp,Trajectories/2022-02-04/024_RR220204A_927C_0130.bmp,024_RR220204A_927C_0130.bmp,HTR,not_apply,SY,,2025-12-14 08:53:40,,,,HTR,Trajectories/2022-02-04/024_RR220204A_927C_0130.bmp || Trajectories/2022-02-04/261_RR220204A_790C_1930.bmp,/content/rl_quantum_2026summer/data/original data/Trajectories/2022-02-04/261_RR220204A_790C_1930.bmp,/content/rl_quantum_2026summer/data/original data/Trajectories/2022-02-04/024_RR220204A_927C_0130.bmp,4,1.0
Trajectories/2022-02-04/261_RR220204A_790C_1930.bmp,261_RR220204A_790C_1930.bmp,Trajectories/2022-02-04/024_RR220204A_927C_0130.bmp,024_RR220204A_927C_0130.bmp,Twinned(2 x 1),tie,SY,,2025-12-14 08:53:40,,,,Twinned(2 x 1),Trajectories/2022-02-04/024_RR220204A_927C_0130.bmp || Trajectories/2022-02-04/261_RR220204A_790C_1930.bmp,/content/rl_quantum_2026summer/data/original data/Trajectories/2022-02-04/261_RR220204A_790C_1930.bmp,/content/rl_quantum_2026summer/data/original data/Trajectories/2022-02-04/024_RR220204A_927C_0130.bmp,1,1.0
Trajectories/2022-02-04/261_RR220204A_790C_1930.bmp,261_RR220204A_790C_1930.bmp,Trajectories/2022-02-04/024_RR220204A_927C_0130.bmp,024_RR220204A_927C_0130.bmp,c(6 x 2),not_apply,SY,,2025-12-14 08:53:40,,,,c(6 x 2),Trajectories/2022-02-04/024_RR220204A_927C_0130.bmp || Trajectories/2022-02-04/261_RR220204A_790C_1930.bmp,/content/rl_quantum_2026summer/data/original data/Trajectories/2022-02-04/261_RR220204A_790C_1930.bmp,/content/rl_quantum_2026summer/data/original data/Trajectories/2022-02-04/024_RR220204A_927C_0130.bmp,2,1.0
Trajectories/2022-02-04/261_RR220204A_790C_1930.bmp,261_RR220204A_790C_1930.bmp,Trajectories/2022-02-04/024_RR220204A_927C_0130.bmp,024_RR220204A_927C_0130.bmp,(1 x 1),2,SY,,2025-12-14 08:53:40,,,,(1 x 1),Trajectories/2022-02-04/024_RR220204A_927C_0130.bmp || Trajectories/2022-02-04/261_RR220204A_790C_1930.bmp,/content/rl_quantum_2026summer/data/original data/Trajectories/2022-02-04/261_RR220204A_790C_1930.bmp,/content/rl_quantum_2026summer/data/original data/Trajectories/2022-02-04/024_RR220204A_927C_0130.bmp,0,1.0
Trajectories/2022-02-06/125_RR220206A_887C_1925.bmp,125_RR220206A_887C_1925.bmp,Trajectories/2022-04-11/226_RR220411A_873C_1725.bmp,226_RR220411A_873C_1725.bmp,(1 x 1),not_apply,HL,,2025-12-15T21:28:25.243130,,,,(1 x 1),Trajectories/2022-02-06/125_RR220206A_887C_1925.bmp || Trajectories/2022-04-11/226_RR220411A_873C_1725.bmp,/content/rl_quantum_2026summer/data/original data/Trajectories/2022-02-06/125_RR220206A_887C_1925.bmp,/content/rl_quantum_2026summer/data/original data/Trajectories/2022-04-11/226_RR220411A_873C_1725.bmp,0,1.0
Trajectories/2022-02-06/125_RR220206A_887C_1925.bmp,125_RR220206A_887C_1925.bmp,Trajectories/2022-04-11/226_RR220411A_873C_1725.bmp,226_RR220411A_873C_1725.bmp,Twinned(2 x 1),not_apply,HL,,2025-12-15T21:28:26.024255,,,,Twinned(2 x 1),Trajectories/2022-02-06/125_RR220206A_887C_1925.bmp || Trajectories/2022-04-11/226_RR220411A_873C_1725.bmp,/content/rl_quantum_2026summer/data/original data/Trajectories/2022-02-06/125_RR220206A_887C_1925.bmp,/content/rl_quantum_2026summer/data/original data/Trajectories/2022-04-11/226_RR220411A_873C_1725.bmp,1,1.0
Trajectories/2022-02-06/125_RR220206A_887C_1925.bmp,125_RR220206A_887C_1925.bmp,Trajectories/2022-04-11/226_RR220411A_873C_1725.bmp,226_RR220411A_873C_1725.bmp,(√13 x √13),tie,HL,,2025-12-15T21:28:26.785881,,,,(√13 x √13),Trajectories/2022-02-06/125_RR220206A_887C_1925.bmp || Trajectories/2022-04-11/226_RR220411A_873C_1725.bmp,/content/rl_quantum_2026summer/data/original data/Trajectories/2022-02-06/125_RR220206A_887C_1925.bmp,/content/rl_quantum_2026summer/data/original data/Trajectories/2022-04-11/226_RR220411A_873C_1725.bmp,3,1.0
Trajectories/2022-02-06/125_RR220206A_887C_1925.bmp,125_RR220206A_887C_1925.bmp,Trajectories/2022-04-11/226_RR220411A_873C_1725.bmp,226_RR220411A_873C_1725.bmp,HTR,not_apply,HL,,2025-12-15T21:28:27.664727,,,,HTR,Trajectories/2022-02-06/125_RR220206A_887C_1925.bmp || Trajectories/2022-04-11/226_RR220411A_873C_1725.bmp,/content/rl_quantum_2026summer/data/original data/Trajectories/2022-02-06/125_RR220206A_887C_1925.bmp,/content/rl_quantum_2026summer/data/original data/Trajectories/2022-04-11/226_RR220411A_873C_1725.bmp,4,1.0
Trajectories/2022-02-06/125_RR220206A_887C_1925.bmp,125_RR220206A_887C_1925.bmp,Trajectories/2022-04-11/226_RR220411A_873C_1725.bmp,226_RR220411A_873C_1725.bmp,c(6 x 2),2,HL,,2025-12-15T21:28:28.544500,,,,c(6 x 2),Trajectories/2022-02-06/125_RR220206A_887C_1925.bmp || Trajectories/2022-04-11/226_RR220411A_873C_1725.bmp,/content/rl_quantum_2026summer/data/original data/Trajectories/2022-02-06/125_RR220206A_887C_1925.bmp,/content/rl_quantum_2026summer/data/original data/Trajectories/2022-04-11/226_RR220411A_873C_1725.bmp,2,1.0
Trajectories/2022-02-06/171_RR220206A_1085C_2027.bmp,171_RR220206A_1085C_2027.bmp,Trajectories/2022-02-04/038_RR220204A_576C_0147.bmp,038_RR220204A_576C_0147.bmp,(√13 x √13),2,AJ,,2025-12-06 01:18:06,,,,(√13 x √13),Trajectories/2022-02-04/038_RR220204A_576C_0147.bmp || Trajectories/2022-02-06/171_RR220206A_1085C_2027.bmp,/content/rl_quantum_2026summer/data/original data/Trajectories/2022-02-06/171_RR220206A_1085C_2027.bmp,/content/rl_quantum_2026summer/data/original data/Trajectories/2022-02-04/038_RR220204A_576C_0147.bmp,3,1.0
Trajectories/2022-02-06/171_RR220206A_1085C_2027.bmp,171_RR220206A_1085C_2027.bmp,Trajectories/2022-02-04/038_RR220204A_576C_0147.bmp,038_RR220204A_576C_0147.bmp,HTR,1,AJ,,2025-12-06 01:18:05,,,,HTR,Trajectories/2022-02-04/038_RR220204A_576C_0147.bmp || Trajectories/2022-02-06/171_RR220206A_1085C_2027.bmp,/content/rl_quantum_2026summer/data/original data/Trajectories/2022-02-06/171_RR220206A_1085C_2027.bmp,/content/rl_quantum_2026summer/data/original data/Trajectories/2022-02-04/038_RR220204A_576C_0147.bmp,4,1.0
Trajectories/2022-02-06/057_RR220206A_249C_1744.bmp,057_RR220206A_249C_1744.bmp,Trajectories/2022-02-06/154_RR220206A_1092C_2003-02.bmp,154_RR220206A_1092C_2003-02.bmp,(1 x 1),1,AJ,,2025-12-06 01:17:47,,,,(1 x 1),Trajectories/2022-02-06/057_RR220206A_249C_1744.bmp || Trajectories/2022-02-06/154_RR220206A_1092C_2003-02.bmp,/content/rl_quantum_2026summer/data/original data/Trajectories/2022-02-06/057_RR220206A_249C_1744.bmp,/content/rl_quantum_2026summer/data/original data/Trajectories/2022-02-06/154_RR220206A_1092C_2003-02.bmp,0,1.0
Trajectories/2022-02-06/057_RR220206A_249C_1744.bmp,057_RR220206A_249C_1744.bmp,Trajectories/2022-02-06/154_RR220206A_1092C_2003-02.bmp,154_RR220206A_1092C_2003-02.bmp,HTR,2,AJ,,2025-12-06 01:17:47,,,,HTR,Trajectories/2022-02-06/057_RR220206A_249C_1744.bmp || Trajectories/2022-02-06/154_RR220206A_1092C_2003-02.bmp,/content/rl_quantum_2026summer/data/original data/Trajectories/2022-02-06/057_RR220206A_249C_1744.bmp,/content/rl_quantum_2026summer/data/original data/Trajectories/2022-02-06/154_RR220206A_1092C_2003-02.bmp,4,1.0
Trajectories/2022-04-11/156_RR220411A_699C_1628.bmp,156_RR220411A_699C_1628.bmp,Trajectories/2022-04-11/053_RR220411A_374C_1502.bmp,053_RR220411A_374C_1502.bmp,(1 x 1),tie,AJ,,2025-12-26T08:14:29.732539,192.0,181.0,Confident,(1 x 1),Trajectories/2022-04-11/053_RR220411A_374C_1502.bmp || Trajectories/2022-04-11/156_RR220411A_699C_1628.bmp,/content/rl_quantum_2026summer/data/original data/Trajectories/2022-04-11/156_RR220411A_699C_1628.bmp,/content/rl_quantum_2026summer/data/original data/Trajectories/2022-04-11/053_RR220411A_374C_1502.bmp,0,1.0
Trajectories/2022-04-11/156_RR220411A_699C_1628.bmp,156_RR220411A_699C_1628.bmp,Trajectories/2022-04-11/053_RR220411A_374C_1502.bmp,053_RR220411A_374C_1502.bmp,Twinned(2 x 1),not_apply,AJ,,2025-12-26T08:14:30.647927,192.0,181.0,Confident,Twinned(2 x 1),Trajectories/2022-04-11/053_RR220411A_374C_1502.bmp || Trajectories/2022-04-11/156_RR220411A_699C_1628.bmp,/content/rl_quantum_2026summer/data/original data/Trajectories/2022-04-11/156_RR220411A_699C_1628.bmp,/content/rl_quantum_2026summer/data/original data/Trajectories/2022-04-11/053_RR220411A_374C_1502.bmp,1,1.0
Trajectories/2022-04-11/156_RR220411A_699C_1628.bmp,156_RR220411A_699C_1628.bmp,Trajectories/2022-04-11/053_RR220411A_374C_1502.bmp,053_RR220411A_374C_1502.bmp,HTR,not_apply,AJ,,2025-12-26T08:14:31.625583,192.0,181.0,Confident,HTR,Trajectories/2022-04-11/053_RR220411A_374C_1502.bmp || Trajectories/2022-04-11/156_RR220411A_699C_1628.bmp,/content/rl_quantum_2026summer/data/original data/Trajectories/2022-04-11/156_RR220411A_699C_1628.bmp,/content/rl_quantum_2026summer/data/original data/Trajectories/2022-04-11/053_RR220411A_374C_1502.bmp,4,1.0
Trajectories/2022-04-11/156_RR220411A_699C_1628.bmp,156_RR220411A_699C_1628.bmp,Trajectories/2022-04-11/053_RR220411A_374C_1502.bmp,053_RR220411A_374C_1502.bmp,c(6 x 2),not_apply,AJ,,2025-12-26T08:14:32.456012,192.0,181.0,Confident,c(6 x 2),Trajectories/2022-04-11/053_RR220411A_374C_1502.bmp || Trajectories/2022-04-11/156_RR220411A_699C_1628.bmp,/content/rl_quantum_2026summer/data/original data/Trajectories/2022-04-11/156_RR220411A_699C_1628.bmp,/content/rl_quantum_2026summer/data/original data/Trajectories/2022-04-11/053_RR220411A_374C_1502.bmp,2,1.0
Trajectories/2022-04-11/156_RR220411A_699C_1628.bmp,156_RR220411A_699C_1628.bmp,Trajectories/2022-04-11/053_RR220411A_374C_1502.bmp,053_RR220411A_374C_1502.bmp,(√13 x √13),not_apply,AJ,,2025-12-26T08:14:33.295920,192.0,181.0,Confident,(√13 x √13),Trajectories/2022-04-11/053_RR220411A_374C_1502.bmp || Trajectories/2022-04-11/156_RR220411A_699C_1628.bmp,/content/rl_quantum_2026summer/data/original data/Trajectories/2022-04-11/156_RR220411A_699C_1628.bmp,/content/rl_quantum_2026summer/data/original data/Trajectories/2022-04-11/053_RR220411A_374C_1502.bmp,3,1.0
Trajectories/2022-02-04/037_RR220204A_579C_0146.bmp,037_RR220204A_579C_0146.bmp,Trajectories/2022-02-06/265_RR220206A_498C_2232.bmp,265_RR220206A_498C_2232.bmp,(1 x 1),2,HL,,2026-01-06T21:46:51.292847,275.0,293.0,Confident,(1 x 1),Trajectories/2022-02-04/037_RR220204A_579C_0146.bmp || Trajectories/2022-02-06/265_RR220206A_498C_2232.bmp,/content/rl_quantum_2026summer/data/original data/Trajectories/2022-02-04/037_RR220204A_579C_0146.bmp,/content/rl_quantum_2026summer/data/original data/Trajectories/2022-02-06/265_RR220206A_498C_2232.bmp,0,1.0
Trajectories/2022-02-04/037_RR220204A_579C_0146.bmp,037_RR220204A_579C_0146.bmp,Trajectories/2022-02-06/265_RR220206A_498C_2232.bmp,265_RR220206A_498C_2232.bmp,HTR,2,HL,,2026-01-06T21:46:52.065179,275.0,293.0,Confident,HTR,Trajectories/2022-02-04/037_RR220204A_579C_0146.bmp || Trajectories/2022-02-06/265_RR220206A_498C_2232.bmp,/content/rl_quantum_2026summer/data/original data/Trajectories/2022-02-04/037_RR220204A_579C_0146.bmp,/content/rl_quantum_2026summer/data/original data/Trajectories/2022-02-06/265_RR220206A_498C_2232.bmp,4,1.0
Trajectories/2022-02-04/037_RR220204A_579C_0146.bmp,037_RR220204A_579C_0146.bmp,Trajectories/2022-02-06/265_RR220206A_498C_2232.bmp,265_RR220206A_498C_2232.bmp,(√13 x √13),1,HL,,2026-01-06T21:46:52.819547,275.0,293.0,Confident,(√13 x √13),Trajectories/2022-02-04/037_RR220204A_579C_0146.bmp || Trajectories/2022-02-06/265_RR220206A_498C_2232.bmp,/content/rl_quantum_2026summer/data/original data/Trajectories/2022-02-04/037_RR220204A_579C_0146.bmp,/content/rl_quantum_2026summer/data/original data/Trajectories/2022-02-06/265_RR220206A_498C_2232.bmp,3,1.0
Trajectories/2022-02-04/037_RR220204A_579C_0146.bmp,037_RR220204A_579C_0146.bmp,Trajectories/2022-02-06/265_RR220206A_498C_2232.bmp,265_RR220206A_498C_2232.bmp,Twinned(2 x 1),1,HL,,2026-01-06T21:46:53.488815,275.0,293.0,Confident,Twinned(2 x 1),Trajectories/2022-02-04/037_RR220204A_579C_0146.bmp || Trajectories/2022-02-06/265_RR220206A_498C_2232.bmp,/content/rl_quantum_2026summer/data/original data/Trajectories/2022-02-04/037_RR220204A_579C_0146.bmp,/content/rl_quantum_2026summer/data/original data/Trajectories/2022-02-06/265_RR220206A_498C_2232.bmp,1,1.0
Trajectories/2022-02-04/037_RR220204A_579C_0146.bmp,037_RR220204A_579C_0146.bmp,Trajectories/2022-02-06/265_RR220206A_498C_2232.bmp,265_RR220206A_498C_2232.bmp,c(6 x 2),not_apply,HL,,2026-01-06T21:46:54.195729,275.0,293.0,Confident,c(6 x 2),Trajectories/2022-02-04/037_RR220204A_579C_0146.bmp || Trajectories/2022-02-06/265_RR220206A_498C_2232.bmp,/content/rl_quantum_2026summer/data/original data/Trajectories/2022-02-04/037_RR220204A_579C_0146.bmp,/content/rl_quantum_2026summer/data/original data/Trajectories/2022-02-06/265_RR220206A_498C_2232.bmp,2,1.0
Trajectories/2022-04-11/306_RR220411A_857C_1850.bmp,306_RR220411A_857C_1850.bmp,Trajectories/2022-04-11/013_RR220411A_223C_1424.bmp,013_RR220411A_223C_1424.bmp,c(6 x 2),1,HL,,2026-01-05T23:22:43.122345,257.0,276.0,Confident,c(6 x 2),Trajectories/2022-04-11/013_RR220411A_223C_1424.bmp || Trajectories/2022-04-11/306_RR220411A_857C_1850.bmp,/content/rl_quantum_2026summer/data/original data/Trajectories/2022-04-11/306_RR220411A_857C_1850.bmp,/content/rl_quantum_2026summer/data/original data/Trajectories/2022-04-11/013_RR220411A_223C_1424.bmp,2,1.0
Trajectories/2022-04-11/306_RR220411A_857C_1850.bmp,306_RR220411A_857C_1850.bmp,Trajectories/2022-04-11/013_RR220411A_223C_1424.bmp,013_RR220411A_223C_1424.bmp,Twinned(2 x 1),not_apply,HL,,2026-01-05T23:22:44.293891,257.0,276.0,Confident,Twinned(2 x 1),Trajectories/2022-04-11/013_RR220411A_223C_1424.bmp || Trajectories/2022-04-11/306_RR220411A_857C_1850.bmp,/content/rl_quantum_2026summer/data/original data/Trajectories/2022-04-11/306_RR220411A_857C_1850.bmp,/content/rl_quantum_2026summer/data/original data/Trajectories/2022-04-11/013_RR220411A_223C_1424.bmp,1,1.0
Trajectories/2022-04-11/306_RR220411A_857C_1850.bmp,306_RR220411A_857C_1850.bmp,Trajectories/2022-04-11/013_RR220411A_223C_1424.bmp,013_RR220411A_223C_1424.bmp,HTR,not_apply,HL,,2026-01-05T23:22:45.367056,257.0,276.0,Confident,HTR,Trajectories/2022-04-11/013_RR220411A_223C_1424.bmp || Trajectories/2022-04-11/306_RR220411A_857C_1850.bmp,/content/rl_quantum_2026summer/data/original data/Trajectories/2022-04-11/306_RR220411A_857C_1850.bmp,/content/rl_quantum_2026summer/data/original data/Trajectories/2022-04-11/013_RR220411A_223C_1424.bmp,4,1.0
Trajectories/2022-04-11/306_RR220411A_857C_1850.bmp,306_RR220411A_857C_1850.bmp,Trajectories/2022-04-11/013_RR220411A_223C_1424.bmp,013_RR220411A_223C_1424.bmp,(1 x 1),2,HL,,2026-01-05T23:22:46.415755,257.0,276.0,Confident,(1 x 1),Trajectories/2022-04-11/013_RR220411A_223C_1424.bmp || Trajectories/2022-04-11/306_RR220411A_857C_1850.bmp,/content/rl_quantum_2026summer/data/original data/Trajectories/2022-04-11/306_RR220411A_857C_1850.bmp,/content/rl_quantum_2026summer/data/original data/Trajectories/2022-04-11/013_RR220411A_223C_1424.bmp,0,1.0
Trajectories/2022-04-11/306_RR220411A_857C_1850.bmp,306_RR220411A_857C_1850.bmp,Trajectories/2022-04-11/013_RR220411A_223C_1424.bmp,013_RR220411A_223C_1424.bmp,(√13 x √13),1,HL,,2026-01-05T23:22:47.289606,257.0,276.0,Confident,(√13 x √13),Trajectories/2022-04-11/013_RR220411A_223C_1424.bmp || Trajectories/2022-04-11/306_RR220411A_857C_1850.bmp,/content/rl_quantum_2026summer/data/original data/Trajectories/2022-04-11/306_RR220411A_857C_1850.bmp,/content/rl_quantum_2026summer/data/original data/Trajectories/2022-04-11/013_RR220411A_223C_1424.bmp,3,1.0
Trajectories/2022-04-11/081_RR220411A_453C_1523.bmp,081_RR220411A_453C_1523.bmp,Trajectories/2022-02-04/314_RR220204A_937C_2030.bmp,314_RR220204A_937C_2030.bmp,(1 x 1),2,HL,,2026-01-02T22:20:07.278909,320.0,400.0,Confident,(1 x 1),Trajectories/2022-02-04/314_RR220204A_937C_2030.bmp || Trajectories/2022-04-11/081_RR220411A_453C_1523.bmp,/content/rl_quantum_2026summer/data/original data/Trajectories/2022-04-11/081_RR220411A_453C_1523.bmp,/content/rl_quantum_2026summer/data/original data/Trajectories/2022-02-04/314_RR220204A_937C_2030.bmp,0,1.0
Trajectories/2022-04-11/081_RR220411A_453C_1523.bmp,081_RR220411A_453C_1523.bmp,Trajectories/2022-02-04/314_RR220204A_937C_2030.bmp,314_RR220204A_937C_2030.bmp,Twinned(2 x 1),2,HL,,2026-01-02T22:20:08.533379,320.0,400.0,Confident,Twinned(2 x 1),Trajectories/2022-02-04/314_RR220204A_937C_2030.bmp || Trajectories/2022-04-11/081_RR220411A_453C_1523.bmp,/content/rl_quantum_2026summer/data/original data/Trajectories/2022-04-11/081_RR220411A_453C_1523.bmp,/content/rl_quantum_2026summer/data/original data/Trajectories/2022-02-04/314_RR220204A_937C_2030.bmp,1,1.0
Trajectories/2022-04-11/081_RR220411A_453C_1523.bmp,081_RR220411A_453C_1523.bmp,Trajectories/2022-02-04/314_RR220204A_937C_2030.bmp,314_RR220204A_937C_2030.bmp,(√13 x √13),2,HL,,2026-01-02T22:20:09.737265,320.0,400.0,Confident,(√13 x √13),Trajectories/2022-02-04/314_RR220204A_937C_2030.bmp || Trajectories/2022-04-11/081_RR220411A_453C_1523.bmp,/content/rl_quantum_2026summer/data/original data/Trajectories/2022-04-11/081_RR220411A_453C_1523.bmp,/content/rl_quantum_2026summer/data/original data/Trajectories/2022-02-04/314_RR220204A_937C_2030.bmp,3,1.0
Trajectories/2022-04-11/081_RR220411A_453C_1523.bmp,081_RR220411A_453C_1523.bmp,Trajectories/2022-02-04/314_RR220204A_937C_2030.bmp,314_RR220204A_937C_2030.bmp,HTR,not_apply,HL,,2026-01-02T22:20:10.841465,320.0,400.0,Confident,HTR,Trajectories/2022-02-04/314_RR220204A_937C_2030.bmp || Trajectories/2022-04-11/081_RR220411A_453C_1523.bmp,/content/rl_quantum_2026summer/data/original data/Trajectories/2022-04-11/081_RR220411A_453C_1523.bmp,/content/rl_quantum_2026summer/data/original data/Trajectories/2022-02-04/314_RR220204A_937C_2030.bmp,4,1.0
Trajectories/2022-04-11/081_RR220411A_453C_1523.bmp,081_RR220411A_453C_1523.bmp,Trajectories/2022-02-04/314_RR220204A_937C_2030.bmp,314_RR220204A_937C_2030.bmp,c(6 x 2),not_apply,HL,,2026-01-02T22:20:11.937876,320.0,400.0,Confident,c(6 x 2),Trajectories/2022-02-04/314_RR220204A_937C_2030.bmp || Trajectories/2022-04-11/081_RR220411A_453C_1523.bmp,/content/rl_quantum_2026summer/data/original data/Trajectories/2022-04-11/081_RR220411A_453C_1523.bmp,/content/rl_quantum_2026summer/data/original data/Trajectories/2022-02-04/314_RR220204A_937C_2030.bmp,2,1.0
Trajectories/2022-02-06/158_RR220206A_1105C_2008.bmp,158_RR220206A_1105C_2008.bmp,Trajectories/2022-04-11/357_RR220411A_684C_1925.bmp,357_RR220411A_684C_1925.bmp,(√13 x √13),2,AJ,,2025-12-12T00:20:55.718735,,,,(√13 x √13),Trajectories/2022-02-06/158_RR220206A_1105C_2008.bmp || Trajectories/2022-04-11/357_RR220411A_684C_1925.bmp,/content/rl_quantum_2026summer/data/original data/Trajectories/2022-02-06/158_RR220206A_1105C_2008.bmp,/content/rl_quantum_2026summer/data/original data/Trajectories/2022-04-11/357_RR220411A_684C_1925.bmp,3,1.0
Trajectories/2022-02-06/158_RR220206A_1105C_2008.bmp,158_RR220206A_1105C_2008.bmp,Trajectories/2022-04-11/357_RR220411A_684C_1925.bmp,357_RR220411A_684C_1925.bmp,HTR,1,AJ,,2025-12-12T00:20:56.750543,,,,HTR,Trajectories/2022-02-06/158_RR220206A_1105C_2008.bmp || Trajectories/2022-04-11/357_RR220411A_684C_1925.bmp,/content/rl_quantum_2026summer/data/original data/Trajectories/2022-02-06/158_RR220206A_1105C_2008.bmp,/content/rl_quantum_2026summer/data/original data/Trajectories/2022-04-11/357_RR220411A_684C_1925.bmp,4,1.0
Trajectories/2022-04-11/008_RR220411A_193C_1422.bmp,008_RR220411A_193C_1422.bmp,Trajectories/2022-04-11/093_RR220411A_482C_1531.bmp,093_RR220411A_482C_1531.bmp,Twinned(2 x 1),not_apply,AJ,,2025-12-26T10:55:23.078377,198.0,228.0,Confident,Twinned(2 x 1),Trajectories/2022-04-11/008_RR220411A_193C_1422.bmp || Trajectories/2022-04-11/093_RR220411A_482C_1531.bmp,/content/rl_quantum_2026summer/data/original data/Trajectories/2022-04-11/008_RR220411A_193C_1422.bmp,/content/rl_quantum_2026summer/data/original data/Trajectories/2022-04-11/093_RR220411A_482C_1531.bmp,1,1.0
Trajectories/2022-04-11/008_RR220411A_193C_1422.bmp,008_RR220411A_193C_1422.bmp,Trajectories/2022-04-11/093_RR220411A_482C_1531.bmp,093_RR220411A_482C_1531.bmp,(√13 x √13),not_apply,AJ,,2025-12-26T10:55:24.077545,198.0,228.0,Confident,(√13 x √13),Trajectories/2022-04-11/008_RR220411A_193C_1422.bmp || Trajectories/2022-04-11/093_RR220411A_482C_1531.bmp,/content/rl_quantum_2026summer/data/original data/Trajectories/2022-04-11/008_RR220411A_193C_1422.bmp,/content/rl_quantum_2026summer/data/original data/Trajectories/2022-04-11/093_RR220411A_482C_1531.bmp,3,1.0
Trajectories/2022-04-11/008_RR220411A_193C_1422.bmp,008_RR220411A_193C_1422.bmp,Trajectories/2022-04-11/093_RR220411A_482C_1531.bmp,093_RR220411A_482C_1531.bmp,(1 x 1),tie,AJ,,2025-12-26T10:55:25.025952,198.0,228.0,Confident,(1 x 1),Trajectories/2022-04-11/008_RR220411A_193C_1422.bmp || Trajectories/2022-04-11/093_RR220411A_482C_1531.bmp,/content/rl_quantum_2026summer/data/original data/Trajectories/2022-04-11/008_RR220411A_193C_1422.bmp,/content/rl_quantum_2026summer/data/original data/Trajectories/2022-04-11/093_RR220411A_482C_1531.bmp,0,1.0
Trajectories/2022-04-11/008_RR220411A_193C_1422.bmp,008_RR220411A_193C_1422.bmp,Trajectories/2022-04-11/093_RR220411A_482C_1531.bmp,093_RR220411A_482C_1531.bmp,c(6 x 2),not_apply,AJ,,2025-12-26T10:55:25.873484,198.0,228.0,Confident,c(6 x 2),Trajectories/2022-04-11/008_RR220411A_193C_1422.bmp || Trajectories/2022-04-11/093_RR220411A_482C_1531.bmp,/content/rl_quantum_2026summer/data/original data/Trajectories/2022-04-11/008_RR220411A_193C_1422.bmp,/content/rl_quantum_2026summer/data/original data/Trajectories/2022-04-11/093_RR220411A_482C_1531.bmp,2,1.0
Trajectories/2022-04-11/008_RR220411A_193C_1422.bmp,008_RR220411A_193C_1422.bmp,Trajectories/2022-04-11/093_RR220411A_482C_1531.bmp,093_RR220411A_482C_1531.bmp,HTR,not_apply,AJ,,2025-12-26T10:55:26.802501,198.0,228.0,Confident,HTR,Trajectories/2022-04-11/008_RR220411A_193C_1422.bmp || Trajectories/2022-04-11/093_RR220411A_482C_1531.bmp,/content/rl_quantum_2026summer/data/original data/Trajectories/2022-04-11/008_RR220411A_193C_1422.bmp,/content/rl_quantum_2026summer/data/original data/Trajectories/2022-04-11/093_RR220411A_482C_1531.bmp,4,1.0
Trajectories/2022-02-04/132_RR220204A_468C_1754.bmp,132_RR220204A_468C_1754.bmp,Trajectories/2022-04-11/246_RR220411A_915C_1741.bmp,246_RR220411A_915C_1741.bmp,(√13 x √13),tie,AJ,,2025-12-12T00:07:22.660185,,,,(√13 x √13),Trajectories/2022-02-04/132_RR220204A_468C_1754.bmp || Trajectories/2022-04-11/246_RR220411A_915C_1741.bmp,/content/rl_quantum_2026summer/data/original data/Trajectories/2022-02-04/132_RR220204A_468C_1754.bmp,/content/rl_quantum_2026summer/data/original data/Trajectories/2022-04-11/246_RR220411A_915C_1741.bmp,3,1.0
Trajectories/2022-02-06/199_RR220206A_940C_2106.bmp,199_RR220206A_940C_2106.bmp,Trajectories/2022-02-06/108_RR220206A_769C_1854.bmp,108_RR220206A_769C_1854.bmp,(√13 x √13),not_apply,HL,,2026-01-05T23:05:44.868186,249.0,264.0,Confident,(√13 x √13),Trajectories/2022-02-06/108_RR220206A_769C_1854.bmp || Trajectories/2022-02-06/199_RR220206A_940C_2106.bmp,/content/rl_quantum_2026summer/data/original data/Trajectories/2022-02-06/199_RR220206A_940C_2106.bmp,/content/rl_quantum_2026summer/data/original data/Trajectories/2022-02-06/108_RR220206A_769C_1854.bmp,3,1.0
Trajectories/2022-02-06/199_RR220206A_940C_2106.bmp,199_RR220206A_940C_2106.bmp,Trajectories/2022-02-06/108_RR220206A_769C_1854.bmp,108_RR220206A_769C_1854.bmp,HTR,1,HL,,2026-01-05T23:05:46.600107,249.0,264.0,Confident,HTR,Trajectories/2022-02-06/108_RR220206A_769C_1854.bmp || Trajectories/2022-02-06/199_RR220206A_940C_2106.bmp,/content/rl_quantum_2026summer/data/original data/Trajectories/2022-02-06/199_RR220206A_940C_2106.bmp,/content/rl_quantum_2026summer/data/original data/Trajectories/2022-02-06/108_RR220206A_769C_1854.bmp,4,1.0
Trajectories/2022-02-06/199_RR220206A_940C_2106.bmp,199_RR220206A_940C_2106.bmp,Trajectories/2022-02-06/108_RR220206A_769C_1854.bmp,108_RR220206A_769C_1854.bmp,Twinned(2 x 1),not_apply,HL,,2026-01-05T23:05:47.782478,249.0,264.0,Confident,Twinned(2 x 1),Trajectories/2022-02-06/108_RR220206A_769C_1854.bmp || Trajectories/2022-02-06/199_RR220206A_940C_2106.bmp,/content/rl_quantum_2026summer/data/original data/Trajectories/2022-02-06/199_RR220206A_940C_2106.bmp,/content/rl_quantum_2026summer/data/original data/Trajectories/2022-02-06/108_RR220206A_769C_1854.bmp,1,1.0
Trajectories/2022-02-06/199_RR220206A_940C_2106.bmp,199_RR220206A_940C_2106.bmp,Trajectories/2022-02-06/108_RR220206A_769C_1854.bmp,108_RR220206A_769C_1854.bmp,(1 x 1),2,HL,,2026-01-05T23:05:49.051952,249.0,264.0,Confident,(1 x 1),Trajectories/2022-02-06/108_RR220206A_769C_1854.bmp || Trajectories/2022-02-06/199_RR220206A_940C_2106.bmp,/content/rl_quantum_2026summer/data/original data/Trajectories/2022-02-06/199_RR220206A_940C_2106.bmp,/content/rl_quantum_2026summer/data/original data/Trajectories/2022-02-06/108_RR220206A_769C_1854.bmp,0,1.0
Trajectories/2022-02-06/199_RR220206A_940C_2106.bmp,199_RR220206A_940C_2106.bmp,Trajectories/2022-02-06/108_RR220206A_769C_1854.bmp,108_RR220206A_769C_1854.bmp,c(6 x 2),not_apply,HL,,2026-01-05T23:05:50.392354,249.0,264.0,Confident,c(6 x 2),Trajectories/2022-02-06/108_RR220206A_769C_1854.bmp || Trajectories/2022-02-06/199_RR220206A_940C_2106.bmp,/content/rl_quantum_2026summer/data/original data/Trajectories/2022-02-06/199_RR220206A_940C_2106.bmp,/content/rl_quantum_2026summer/data/original data/Trajectories/2022-02-06/108_RR220206A_769C_1854.bmp,2,1.0
Trajectories/2022-02-04/080_RR220204A_301C_1718.bmp,080_RR220204A_301C_1718.bmp,Trajectories/2022-02-04/076_RR220204A_299C_1713.bmp,076_RR220204A_299C_1713.bmp,(√13 x √13),tie,AJ,,2025-12-12T00:09:31.398149,,,,(√13 x √13),Trajectories/2022-02-04/076_RR220204A_299C_1713.bmp || Trajectories/2022-02-04/080_RR220204A_301C_1718.bmp,/content/rl_quantum_2026summer/data/original data/Trajectories/2022-02-04/080_RR220204A_301C_1718.bmp,/content/rl_quantum_2026summer/data/original data/Trajectories/2022-02-04/076_RR220204A_299C_1713.bmp,3,1.0
Trajectories/2022-02-04/253_RR220204A_782C_1923.bmp,253_RR220204A_782C_1923.bmp,Trajectories/2022-02-06/262_RR220206A_540C_2228.bmp,262_RR220206A_540C_2228.bmp,Twinned(2 x 1),not_apply,AJ,,2025-12-26T08:13:53.511971,195.0,189.0,Confident,Twinned(2 x 1),Trajectories/2022-02-04/253_RR220204A_782C_1923.bmp || Trajectories/2022-02-06/262_RR220206A_540C_2228.bmp,/content/rl_quantum_2026summer/data/original data/Trajectories/2022-02-04/253_RR220204A_782C_1923.bmp,/content/rl_quantum_2026summer/data/original data/Trajectories/2022-02-06/262_RR220206A_540C_2228.bmp,1,1.0
Trajectories/2022-02-04/253_RR220204A_782C_1923.bmp,253_RR220204A_782C_1923.bmp,Trajectories/2022-02-06/262_RR220206A_540C_2228.bmp,262_RR220206A_540C_2228.bmp,(1 x 1),not_apply,AJ,,2025-12-26T08:13:54.489680,195.0,189.0,Confident,(1 x 1),Trajectories/2022-02-04/253_RR220204A_782C_1923.bmp || Trajectories/2022-02-06/262_RR220206A_540C_2228.bmp,/content/rl_quantum_2026summer/data/original data/Trajectories/2022-02-04/253_RR220204A_782C_1923.bmp,/content/rl_quantum_2026summer/data/original data/Trajectories/2022-02-06/262_RR220206A_540C_2228.bmp,0,1.0
Trajectories/2022-02-04/253_RR220204A_782C_1923.bmp,253_RR220204A_782C_1923.bmp,Trajectories/2022-02-06/262_RR220206A_540C_2228.bmp,262_RR220206A_540C_2228.bmp,c(6 x 2),1,AJ,,2025-12-26T08:13:55.345250,195.0,189.0,Confident,c(6 x 2),Trajectories/2022-02-04/253_RR220204A_782C_1923.bmp || Trajectories/2022-02-06/262_RR220206A_540C_2228.bmp,/content/rl_quantum_2026summer/data/original data/Trajectories/2022-02-04/253_RR220204A_782C_1923.bmp,/content/rl_quantum_2026summer/data/original data/Trajectories/2022-02-06/262_RR220206A_540C_2228.bmp,2,1.0
Trajectories/2022-02-04/253_RR220204A_782C_1923.bmp,253_RR220204A_782C_1923.bmp,Trajectories/2022-02-06/262_RR220206A_540C_2228.bmp,262_RR220206A_540C_2228.bmp,HTR,2,AJ,,2025-12-26T08:13:56.276916,195.0,189.0,Confident,HTR,Trajectories/2022-02-04/253_RR220204A_782C_1923.bmp || Trajectories/2022-02-06/262_RR220206A_540C_2228.bmp,/content/rl_quantum_2026summer/data/original data/Trajectories/2022-02-04/253_RR220204A_782C_1923.bmp,/content/rl_quantum_2026summer/data/original data/Trajectories/2022-02-06/262_RR220206A_540C_2228.bmp,4,1.0
Trajectories/2022-02-04/253_RR220204A_782C_1923.bmp,253_RR220204A_782C_1923.bmp,Trajectories/2022-02-06/262_RR220206A_540C_2228.bmp,262_RR220206A_540C_2228.bmp,(√13 x √13),1,AJ,,2025-12-26T08:13:57.216913,195.0,189.0,Confident,(√13 x √13),Trajectories/2022-02-04/253_RR220204A_782C_1923.bmp || Trajectories/2022-02-06/262_RR220206A_540C_2228.bmp,/content/rl_quantum_2026summer/data/original data/Trajectories/2022-02-04/253_RR220204A_782C_1923.bmp,/content/rl_quantum_2026summer/data/original data/Trajectories/2022-02-06/262_RR220206A_540C_2228.bmp,3,1.0
Trajectories/2022-02-06/077_RR220206A_461C_1813.bmp,077_RR220206A_461C_1813.bmp,Trajectories/2022-02-04/013_RR220204A_949C_0119.bmp,013_RR220204A_949C_0119.bmp,(√13 x √13),2,HL,,2025-12-15T20:55:48.977621,,,,(√13 x √13),Trajectories/2022-02-04/013_RR220204A_949C_0119.bmp || Trajectories/2022-02-06/077_RR220206A_461C_1813.bmp,/content/rl_quantum_2026summer/data/original data/Trajectories/2022-02-06/077_RR220206A_461C_1813.bmp,/content/rl_quantum_2026summer/data/original data/Trajectories/2022-02-04/013_RR220204A_949C_0119.bmp,3,1.0
Trajectories/2022-02-06/077_RR220206A_461C_1813.bmp,077_RR220206A_461C_1813.bmp,Trajectories/2022-02-04/013_RR220204A_949C_0119.bmp,013_RR220204A_949C_0119.bmp,(1 x 1),1,HL,,2025-12-15T20:55:49.946509,,,,(1 x 1),Trajectories/2022-02-04/013_RR220204A_949C_0119.bmp || Trajectories/2022-02-06/077_RR220206A_461C_1813.bmp,/content/rl_quantum_2026summer/data/original data/Trajectories/2022-02-06/077_RR220206A_461C_1813.bmp,/content/rl_quantum_2026summer/data/original data/Trajectories/2022-02-04/013_RR220204A_949C_0119.bmp,0,1.0
Trajectories/2022-02-06/077_RR220206A_461C_1813.bmp,077_RR220206A_461C_1813.bmp,Trajectories/2022-02-04/013_RR220204A_949C_0119.bmp,013_RR220204A_949C_0119.bmp,HTR,not_apply,HL,,2025-12-15T20:55:50.957856,,,,HTR,Trajectories/2022-02-04/013_RR220204A_949C_0119.bmp || Trajectories/2022-02-06/077_RR220206A_461C_1813.bmp,/content/rl_quantum_2026summer/data/original data/Trajectories/2022-02-06/077_RR220206A_461C_1813.bmp,/content/rl_quantum_2026summer/data/original data/Trajectories/2022-02-04/013_RR220204A_949C_0119.bmp,4,1.0
Trajectories/2022-02-06/077_RR220206A_461C_1813.bmp,077_RR220206A_461C_1813.bmp,Trajectories/2022-02-04/013_RR220204A_949C_0119.bmp,013_RR220204A_949C_0119.bmp,Twinned(2 x 1),2,HL,,2025-12-15T20:55:51.830799,,,,Twinned(2 x 1),Trajectories/2022-02-04/013_RR220204A_949C_0119.bmp || Trajectories/2022-02-06/077_RR220206A_461C_1813.bmp,/content/rl_quantum_2026summer/data/original data/Trajectories/2022-02-06/077_RR220206A_461C_1813.bmp,/content/rl_quantum_2026summer/data/original data/Trajectories/2022-02-04/013_RR220204A_949C_0119.bmp,1,1.0
Trajectories/2022-02-06/077_RR220206A_461C_1813.bmp,077_RR220206A_461C_1813.bmp,Trajectories/2022-02-04/013_RR220204A_949C_0119.bmp,013_RR220204A_949C_0119.bmp,c(6 x 2),not_apply,HL,,2025-12-15T20:55:52.755378,,,,c(6 x 2),Trajectories/2022-02-04/013_RR220204A_949C_0119.bmp || Trajectories/2022-02-06/077_RR220206A_461C_1813.bmp,/content/rl_quantum_2026summer/data/original data/Trajectories/2022-02-06/077_RR220206A_461C_1813.bmp,/content/rl_quantum_2026summer/data/original data/Trajectories/2022-02-04/013_RR220204A_949C_0119.bmp,2,1.0
Trajectories/2022-02-04/178_RR220204A_544C_1822.bmp,178_RR220204A_544C_1822.bmp,Trajectories/2022-04-11/013_RR220411A_223C_1424.bmp,013_RR220411A_223C_1424.bmp,HTR,not_apply,AJ,,2025-12-26T08:14:13.684446,199.0,212.0,Confident,HTR,Trajectories/2022-02-04/178_RR220204A_544C_1822.bmp || Trajectories/2022-04-11/013_RR220411A_223C_1424.bmp,/content/rl_quantum_2026summer/data/original data/Trajectories/2022-02-04/178_RR220204A_544C_1822.bmp,/content/rl_quantum_2026summer/data/original data/Trajectories/2022-04-11/013_RR220411A_223C_1424.bmp,4,1.0
Trajectories/2022-02-04/178_RR220204A_544C_1822.bmp,178_RR220204A_544C_1822.bmp,Trajectories/2022-04-11/013_RR220411A_223C_1424.bmp,013_RR220411A_223C_1424.bmp,(1 x 1),2,AJ,,2025-12-26T08:14:14.751356,199.0,212.0,Confident,(1 x 1),Trajectories/2022-02-04/178_RR220204A_544C_1822.bmp || Trajectories/2022-04-11/013_RR220411A_223C_1424.bmp,/content/rl_quantum_2026summer/data/original data/Trajectories/2022-02-04/178_RR220204A_544C_1822.bmp,/content/rl_quantum_2026summer/data/original data/Trajectories/2022-04-11/013_RR220411A_223C_1424.bmp,0,1.0
Trajectories/2022-02-04/178_RR220204A_544C_1822.bmp,178_RR220204A_544C_1822.bmp,Trajectories/2022-04-11/013_RR220411A_223C_1424.bmp,013_RR220411A_223C_1424.bmp,c(6 x 2),1,AJ,,2025-12-26T08:14:15.730692,199.0,212.0,Confident,c(6 x 2),Trajectories/2022-02-04/178_RR220204A_544C_1822.bmp || Trajectories/2022-04-11/013_RR220411A_223C_1424.bmp,/content/rl_quantum_2026summer/data/original data/Trajectories/2022-02-04/178_RR220204A_544C_1822.bmp,/content/rl_quantum_2026summer/data/original data/Trajectories/2022-04-11/013_RR220411A_223C_1424.bmp,2,1.0
Trajectories/2022-02-04/178_RR220204A_544C_1822.bmp,178_RR220204A_544C_1822.bmp,Trajectories/2022-04-11/013_RR220411A_223C_1424.bmp,013_RR220411A_223C_1424.bmp,(√13 x √13),1,AJ,,2025-12-26T08:14:16.758954,199.0,212.0,Confident,(√13 x √13),Trajectories/2022-02-04/178_RR220204A_544C_1822.bmp || Trajectories/2022-04-11/013_RR220411A_223C_1424.bmp,/content/rl_quantum_2026summer/data/original data/Trajectories/2022-02-04/178_RR220204A_544C_1822.bmp,/content/rl_quantum_2026summer/data/original data/Trajectories/2022-04-11/013_RR220411A_223C_1424.bmp,3,1.0
Trajectories/2022-02-04/178_RR220204A_544C_1822.bmp,178_RR220204A_544C_1822.bmp,Trajectories/2022-04-11/013_RR220411A_223C_1424.bmp,013_RR220411A_223C_1424.bmp,Twinned(2 x 1),not_apply,AJ,,2025-12-26T08:14:17.759004,199.0,212.0,Confident,Twinned(2 x 1),Trajectories/2022-02-04/178_RR220204A_544C_1822.bmp || Trajectories/2022-04-11/013_RR220411A_223C_1424.bmp,/content/rl_quantum_2026summer/data/original data/Trajectories/2022-02-04/178_RR220204A_544C_1822.bmp,/content/rl_quantum_2026summer/data/original data/Trajectories/2022-04-11/013_RR220411A_223C_1424.bmp,1,1.0
Trajectories/2022-02-04/161_RR220204A_504C_1810.bmp,161_RR220204A_504C_1810.bmp,Trajectories/2022-02-04/160_RR220204A_501C_1809-02.bmp,160_RR220204A_501C_1809-02.bmp,(√13 x √13),tie,AJ,,2025-12-12T00:07:09.648751,,,,(√13 x √13),Trajectories/2022-02-04/160_RR220204A_501C_1809-02.bmp || Trajectories/2022-02-04/161_RR220204A_504C_1810.bmp,/content/rl_quantum_2026summer/data/original data/Trajectories/2022-02-04/161_RR220204A_504C_1810.bmp,/content/rl_quantum_2026summer/data/original data/Trajectories/2022-02-04/160_RR220204A_501C_1809-02.bmp,3,1.0
Trajectories/2022-02-04/139_RR220204A_470C_1758.bmp,139_RR220204A_470C_1758.bmp,Trajectories/2022-04-11/094_RR220411A_484C_1532.bmp,094_RR220411A_484C_1532.bmp,Twinned(2 x 1),not_apply,AJ,,2025-12-26T10:54:07.807136,266.0,259.0,Confident,Twinned(2 x 1),Trajectories/2022-02-04/139_RR220204A_470C_1758.bmp || Trajectories/2022-04-11/094_RR220411A_484C_1532.bmp,/content/rl_quantum_2026summer/data/original data/Trajectories/2022-02-04/139_RR220204A_470C_1758.bmp,/content/rl_quantum_2026summer/data/original data/Trajectories/2022-04-11/094_RR220411A_484C_1532.bmp,1,1.0
Trajectories/2022-02-04/139_RR220204A_470C_1758.bmp,139_RR220204A_470C_1758.bmp,Trajectories/2022-04-11/094_RR220411A_484C_1532.bmp,094_RR220411A_484C_1532.bmp,c(6 x 2),1,AJ,,2025-12-26T10:54:08.812220,266.0,259.0,Confident,c(6 x 2),Trajectories/2022-02-04/139_RR220204A_470C_1758.bmp || Trajectories/2022-04-11/094_RR220411A_484C_1532.bmp,/content/rl_quantum_2026summer/data/original data/Trajectories/2022-02-04/139_RR220204A_470C_1758.bmp,/content/rl_quantum_2026summer/data/original data/Trajectories/2022-04-11/094_RR220411A_484C_1532.bmp,2,1.0
Trajectories/2022-02-04/139_RR220204A_470C_1758.bmp,139_RR220204A_470C_1758.bmp,Trajectories/2022-04-11/094_RR220411A_484C_1532.bmp,094_RR220411A_484C_1532.bmp,(1 x 1),2,AJ,,2025-12-26T10:54:09.801014,266.0,259.0,Confident,(1 x 1),Trajectories/2022-02-04/139_RR220204A_470C_1758.bmp || Trajectories/2022-04-11/094_RR220411A_484C_1532.bmp,/content/rl_quantum_2026summer/data/original data/Trajectories/2022-02-04/139_RR220204A_470C_1758.bmp,/content/rl_quantum_2026summer/data/original data/Trajectories/2022-04-11/094_RR220411A_484C_1532.bmp,0,1.0
Trajectories/2022-02-04/139_RR220204A_470C_1758.bmp,139_RR220204A_470C_1758.bmp,Trajectories/2022-04-11/094_RR220411A_484C_1532.bmp,094_RR220411A_484C_1532.bmp,HTR,not_apply,AJ,,2025-12-26T10:54:10.756755,266.0,259.0,Confident,HTR,Trajectories/2022-02-04/139_RR220204A_470C_1758.bmp || Trajectories/2022-04-11/094_RR220411A_484C_1532.bmp,/content/rl_quantum_2026summer/data/original data/Trajectories/2022-02-04/139_RR220204A_470C_1758.bmp,/content/rl_quantum_2026summer/data/original data/Trajectories/2022-04-11/094_RR220411A_484C_1532.bmp,4,1.0
Trajectories/2022-02-04/139_RR220204A_470C_1758.bmp,139_RR220204A_470C_1758.bmp,Trajectories/2022-04-11/094_RR220411A_484C_1532.bmp,094_RR220411A_484C_1532.bmp,(√13 x √13),1,AJ,,2025-12-26T10:54:11.588269,266.0,259.0,Confident,(√13 x √13),Trajectories/2022-02-04/139_RR220204A_470C_1758.bmp || Trajectories/2022-04-11/094_RR220411A_484C_1532.bmp,/content/rl_quantum_2026summer/data/original data/Trajectories/2022-02-04/139_RR220204A_470C_1758.bmp,/content/rl_quantum_2026summer/data/original data/Trajectories/2022-04-11/094_RR220411A_484C_1532.bmp,3,1.0
Trajectories/2022-04-11/303_RR220411A_863C_1849.bmp,303_RR220411A_863C_1849.bmp,Trajectories/2022-02-06/193_RR220206A_957C_2058.bmp,193_RR220206A_957C_2058.bmp,(√13 x √13),1,HL,,2026-01-06T22:03:33.275033,295.0,282.0,Somewhat sure,(√13 x √13),Trajectories/2022-02-06/193_RR220206A_957C_2058.bmp || Trajectories/2022-04-11/303_RR220411A_863C_1849.bmp,/content/rl_quantum_2026summer/data/original data/Trajectories/2022-04-11/303_RR220411A_863C_1849.bmp,/content/rl_quantum_2026summer/data/original data/Trajectories/2022-02-06/193_RR220206A_957C_2058.bmp,3,0.7
Trajectories/2022-04-11/303_RR220411A_863C_1849.bmp,303_RR220411A_863C_1849.bmp,Trajectories/2022-02-06/193_RR220206A_957C_2058.bmp,193_RR220206A_957C_2058.bmp,(1 x 1),1,HL,,2026-01-06T22:03:34.431512,295.0,282.0,Somewhat sure,(1 x 1),Trajectories/2022-02-06/193_RR220206A_957C_2058.bmp || Trajectories/2022-04-11/303_RR220411A_863C_1849.bmp,/content/rl_quantum_2026summer/data/original data/Trajectories/2022-04-11/303_RR220411A_863C_1849.bmp,/content/rl_quantum_2026summer/data/original data/Trajectories/2022-02-06/193_RR220206A_957C_2058.bmp,0,0.7
Trajectories/2022-04-11/303_RR220411A_863C_1849.bmp,303_RR220411A_863C_1849.bmp,Trajectories/2022-02-06/193_RR220206A_957C_2058.bmp,193_RR220206A_957C_2058.bmp,HTR,not_apply,HL,,2026-01-06T22:03:35.271393,295.0,282.0,Somewhat sure,HTR,Trajectories/2022-02-06/193_RR220206A_957C_2058.bmp || Trajectories/2022-04-11/303_RR220411A_863C_1849.bmp,/content/rl_quantum_2026summer/data/original data/Trajectories/2022-04-11/303_RR220411A_863C_1849.bmp,/content/rl_quantum_2026summer/data/original data/Trajectories/2022-02-06/193_RR220206A_957C_2058.bmp,4,0.7
Trajectories/2022-04-11/303_RR220411A_863C_1849.bmp,303_RR220411A_863C_1849.bmp,Trajectories/2022-02-06/193_RR220206A_957C_2058.bmp,193_RR220206A_957C_2058.bmp,Twinned(2 x 1),not_apply,HL,,2026-01-06T22:03:36.121260,295.0,282.0,Somewhat sure,Twinned(2 x 1),Trajectories/2022-02-06/193_RR220206A_957C_2058.bmp || Trajectories/2022-04-11/303_RR220411A_863C_1849.bmp,/content/rl_quantum_2026summer/data/original data/Trajectories/2022-04-11/303_RR220411A_863C_1849.bmp,/content/rl_quantum_2026summer/data/original data/Trajectories/2022-02-06/193_RR220206A_957C_2058.bmp,1,0.7
Trajectories/2022-04-11/303_RR220411A_863C_1849.bmp,303_RR220411A_863C_1849.bmp,Trajectories/2022-02-06/193_RR220206A_957C_2058.bmp,193_RR220206A_957C_2058.bmp,c(6 x 2),1,HL,,2026-01-06T22:03:36.856035,295.0,282.0,Somewhat sure,c(6 x 2),Trajectories/2022-02-06/193_RR220206A_957C_2058.bmp || Trajectories/2022-04-11/303_RR220411A_863C_1849.bmp,/content/rl_quantum_2026summer/data/original data/Trajectories/2022-04-11/303_RR220411A_863C_1849.bmp,/content/rl_quantum_2026summer/data/original data/Trajectories/2022-02-06/193_RR220206A_957C_2058.bmp,2,0.7
Trajectories/2022-02-04/019_RR220204A_981C_0126-01.bmp,019_RR220204A_981C_0126-01.bmp,Trajectories/2022-04-11/035_RR220411A_314C_1442.bmp,035_RR220411A_314C_1442.bmp,HTR,not_apply,HL,,2025-12-15T21:30:24.362722,,,,HTR,Trajectories/2022-02-04/019_RR220204A_981C_0126-01.bmp || Trajectories/2022-04-11/035_RR220411A_314C_1442.bmp,/content/rl_quantum_2026summer/data/original data/Trajectories/2022-02-04/019_RR220204A_981C_0126-01.bmp,/content/rl_quantum_2026summer/data/original data/Trajectories/2022-04-11/035_RR220411A_314C_1442.bmp,4,1.0
Trajectories/2022-02-04/019_RR220204A_981C_0126-01.bmp,019_RR220204A_981C_0126-01.bmp,Trajectories/2022-04-11/035_RR220411A_314C_1442.bmp,035_RR220411A_314C_1442.bmp,Twinned(2 x 1),1,HL,,2025-12-15T21:30:25.772467,,,,Twinned(2 x 1),Trajectories/2022-02-04/019_RR220204A_981C_0126-01.bmp || Trajectories/2022-04-11/035_RR220411A_314C_1442.bmp,/content/rl_quantum_2026summer/data/original data/Trajectories/2022-02-04/019_RR220204A_981C_0126-01.bmp,/content/rl_quantum_2026summer/data/original data/Trajectories/2022-04-11/035_RR220411A_314C_1442.bmp,1,1.0
Trajectories/2022-02-04/019_RR220204A_981C_0126-01.bmp,019_RR220204A_981C_0126-01.bmp,Trajectories/2022-04-11/035_RR220411A_314C_1442.bmp,035_RR220411A_314C_1442.bmp,(1 x 1),2,HL,,2025-12-15T21:30:26.991611,,,,(1 x 1),Trajectories/2022-02-04/019_RR220204A_981C_0126-01.bmp || Trajectories/2022-04-11/035_RR220411A_314C_1442.bmp,/content/rl_quantum_2026summer/data/original data/Trajectories/2022-02-04/019_RR220204A_981C_0126-01.bmp,/content/rl_quantum_2026summer/data/original data/Trajectories/2022-04-11/035_RR220411A_314C_1442.bmp,0,1.0
Trajectories/2022-02-04/019_RR220204A_981C_0126-01.bmp,019_RR220204A_981C_0126-01.bmp,Trajectories/2022-04-11/035_RR220411A_314C_1442.bmp,035_RR220411A_314C_1442.bmp,c(6 x 2),not_apply,HL,,2025-12-15T21:30:28.219463,,,,c(6 x 2),Trajectories/2022-02-04/019_RR220204A_981C_0126-01.bmp || Trajectories/2022-04-11/035_RR220411A_314C_1442.bmp,/content/rl_quantum_2026summer/data/original data/Trajectories/2022-02-04/019_RR220204A_981C_0126-01.bmp,/content/rl_quantum_2026summer/data/original data/Trajectories/2022-04-11/035_RR220411A_314C_1442.bmp,2,1.0
Trajectories/2022-02-04/019_RR220204A_981C_0126-01.bmp,019_RR220204A_981C_0126-01.bmp,Trajectories/2022-04-11/035_RR220411A_314C_1442.bmp,035_RR220411A_314C_1442.bmp,(√13 x √13),1,HL,,2025-12-15T21:30:29.483515,,,,(√13 x √13),Trajectories/2022-02-04/019_RR220204A_981C_0126-01.bmp || Trajectories/2022-04-11/035_RR220411A_314C_1442.bmp,/content/rl_quantum_2026summer/data/original data/Trajectories/2022-02-04/019_RR220204A_981C_0126-01.bmp,/content/rl_quantum_2026summer/data/original data/Trajectories/2022-04-11/035_RR220411A_314C_1442.bmp,3,1.0
Trajectories/2022-02-04/337_RR220204A_938C_2106.bmp,337_RR220204A_938C_2106.bmp,Trajectories/2022-02-04/205_RR220204A_642C_1839-02.bmp,205_RR220204A_642C_1839-02.bmp,(√13 x √13),tie,AJ,,2025-12-12T00:21:51.672406,,,,(√13 x √13),Trajectories/2022-02-04/205_RR220204A_642C_1839-02.bmp || Trajectories/2022-02-04/337_RR220204A_938C_2106.bmp,/content/rl_quantum_2026summer/data/original data/Trajectories/2022-02-04/337_RR220204A_938C_2106.bmp,/content/rl_quantum_2026summer/data/original data/Trajectories/2022-02-04/205_RR220204A_642C_1839-02.bmp,3,1.0
Trajectories/2022-04-11/131_RR220411A_606C_1603.bmp,131_RR220411A_606C_1603.bmp,Trajectories/2022-04-11/063_RR220411A_402C_1510.bmp,063_RR220411A_402C_1510.bmp,(√13 x √13),not_apply,HL,,2026-01-05T23:20:38.660365,311.0,288.0,Confident,(√13 x √13),Trajectories/2022-04-11/063_RR220411A_402C_1510.bmp || Trajectories/2022-04-11/131_RR220411A_606C_1603.bmp,/content/rl_quantum_2026summer/data/original data/Trajectories/2022-04-11/131_RR220411A_606C_1603.bmp,/content/rl_quantum_2026summer/data/original data/Trajectories/2022-04-11/063_RR220411A_402C_1510.bmp,3,1.0
Trajectories/2022-04-11/131_RR220411A_606C_1603.bmp,131_RR220411A_606C_1603.bmp,Trajectories/2022-04-11/063_RR220411A_402C_1510.bmp,063_RR220411A_402C_1510.bmp,HTR,not_apply,HL,,2026-01-05T23:20:39.755345,311.0,288.0,Confident,HTR,Trajectories/2022-04-11/063_RR220411A_402C_1510.bmp || Trajectories/2022-04-11/131_RR220411A_606C_1603.bmp,/content/rl_quantum_2026summer/data/original data/Trajectories/2022-04-11/131_RR220411A_606C_1603.bmp,/content/rl_quantum_2026summer/data/original data/Trajectories/2022-04-11/063_RR220411A_402C_1510.bmp,4,1.0
Trajectories/2022-04-11/131_RR220411A_606C_1603.bmp,131_RR220411A_606C_1603.bmp,Trajectories/2022-04-11/063_RR220411A_402C_1510.bmp,063_RR220411A_402C_1510.bmp,(1 x 1),tie,HL,,2026-01-05T23:20:40.921171,311.0,288.0,Confident,(1 x 1),Trajectories/2022-04-11/063_RR220411A_402C_1510.bmp || Trajectories/2022-04-11/131_RR220411A_606C_1603.bmp,/content/rl_quantum_2026summer/data/original data/Trajectories/2022-04-11/131_RR220411A_606C_1603.bmp,/content/rl_quantum_2026summer/data/original data/Trajectories/2022-04-11/063_RR220411A_402C_1510.bmp,0,1.0
Trajectories/2022-04-11/131_RR220411A_606C_1603.bmp,131_RR220411A_606C_1603.bmp,Trajectories/2022-04-11/063_RR220411A_402C_1510.bmp,063_RR220411A_402C_1510.bmp,c(6 x 2),not_apply,HL,,2026-01-05T23:20:42.095261,311.0,288.0,Confident,c(6 x 2),Trajectories/2022-04-11/063_RR220411A_402C_1510.bmp || Trajectories/2022-04-11/131_RR220411A_606C_1603.bmp,/content/rl_quantum_2026summer/data/original data/Trajectories/2022-04-11/131_RR220411A_606C_1603.bmp,/content/rl_quantum_2026summer/data/original data/Trajectories/2022-04-11/063_RR220411A_402C_1510.bmp,2,1.0
Trajectories/2022-04-11/131_RR220411A_606C_1603.bmp,131_RR220411A_606C_1603.bmp,Trajectories/2022-04-11/063_RR220411A_402C_1510.bmp,063_RR220411A_402C_1510.bmp,Twinned(2 x 1),not_apply,HL,,2026-01-05T23:20:43.179562,311.0,288.0,Confident,Twinned(2 x 1),Trajectories/2022-04-11/063_RR220411A_402C_1510.bmp || Trajectories/2022-04-11/131_RR220411A_606C_1603.bmp,/content/rl_quantum_2026summer/data/original data/Trajectories/2022-04-11/131_RR220411A_606C_1603.bmp,/content/rl_quantum_2026summer/data/original data/Trajectories/2022-04-11/063_RR220411A_402C_1510.bmp,1,1.0
Trajectories/2022-04-11/063_RR220411A_402C_1510.bmp,063_RR220411A_402C_1510.bmp,Trajectories/2022-04-11/268_RR220411A_952C_1801.bmp,268_RR220411A_952C_1801.bmp,HTR,not_apply,AJ,,2025-12-26T10:54:36.936401,181.0,195.0,Confident,HTR,Trajectories/2022-04-11/063_RR220411A_402C_1510.bmp || Trajectories/2022-04-11/268_RR220411A_952C_1801.bmp,/content/rl_quantum_2026summer/data/original data/Trajectories/2022-04-11/063_RR220411A_402C_1510.bmp,/content/rl_quantum_2026summer/data/original data/Trajectories/2022-04-11/268_RR220411A_952C_1801.bmp,4,1.0
Trajectories/2022-04-11/063_RR220411A_402C_1510.bmp,063_RR220411A_402C_1510.bmp,Trajectories/2022-04-11/268_RR220411A_952C_1801.bmp,268_RR220411A_952C_1801.bmp,(1 x 1),1,AJ,,2025-12-26T10:54:37.847960,181.0,195.0,Confident,(1 x 1),Trajectories/2022-04-11/063_RR220411A_402C_1510.bmp || Trajectories/2022-04-11/268_RR220411A_952C_1801.bmp,/content/rl_quantum_2026summer/data/original data/Trajectories/2022-04-11/063_RR220411A_402C_1510.bmp,/content/rl_quantum_2026summer/data/original data/Trajectories/2022-04-11/268_RR220411A_952C_1801.bmp,0,1.0
Trajectories/2022-04-11/063_RR220411A_402C_1510.bmp,063_RR220411A_402C_1510.bmp,Trajectories/2022-04-11/268_RR220411A_952C_1801.bmp,268_RR220411A_952C_1801.bmp,Twinned(2 x 1),2,AJ,,2025-12-26T10:54:38.862592,181.0,195.0,Confident,Twinned(2 x 1),Trajectories/2022-04-11/063_RR220411A_402C_1510.bmp || Trajectories/2022-04-11/268_RR220411A_952C_1801.bmp,/content/rl_quantum_2026summer/data/original data/Trajectories/2022-04-11/063_RR220411A_402C_1510.bmp,/content/rl_quantum_2026summer/data/original data/Trajectories/2022-04-11/268_RR220411A_952C_1801.bmp,1,1.0
Trajectories/2022-04-11/063_RR220411A_402C_1510.bmp,063_RR220411A_402C_1510.bmp,Trajectories/2022-04-11/268_RR220411A_952C_1801.bmp,268_RR220411A_952C_1801.bmp,c(6 x 2),2,AJ,,2025-12-26T10:54:39.821874,181.0,195.0,Confident,c(6 x 2),Trajectories/2022-04-11/063_RR220411A_402C_1510.bmp || Trajectories/2022-04-11/268_RR220411A_952C_1801.bmp,/content/rl_quantum_2026summer/data/original data/Trajectories/2022-04-11/063_RR220411A_402C_1510.bmp,/content/rl_quantum_2026summer/data/original data/Trajectories/2022-04-11/268_RR220411A_952C_1801.bmp,2,1.0
Trajectories/2022-04-11/063_RR220411A_402C_1510.bmp,063_RR220411A_402C_1510.bmp,Trajectories/2022-04-11/268_RR220411A_952C_1801.bmp,268_RR220411A_952C_1801.bmp,(√13 x √13),not_apply,AJ,,2025-12-26T10:54:40.725593,181.0,195.0,Confident,(√13 x √13),Trajectories/2022-04-11/063_RR220411A_402C_1510.bmp || Trajectories/2022-04-11/268_RR220411A_952C_1801.bmp,/content/rl_quantum_2026summer/data/original data/Trajectories/2022-04-11/063_RR220411A_402C_1510.bmp,/content/rl_quantum_2026summer/data/original data/Trajectories/2022-04-11/268_RR220411A_952C_1801.bmp,3,1.0
Trajectories/2022-04-11/332_RR220411A_756C_1911.bmp,332_RR220411A_756C_1911.bmp,Trajectories/2022-04-11/320_RR220411A_824C_1901.bmp,320_RR220411A_824C_1901.bmp,(√13 x √13),tie,AJ,,2025-12-06 01:22:26,,,,(√13 x √13),Trajectories/2022-04-11/320_RR220411A_824C_1901.bmp || Trajectories/2022-04-11/332_RR220411A_756C_1911.bmp,/content/rl_quantum_2026summer/data/original data/Trajectories/2022-04-11/332_RR220411A_756C_1911.bmp,/content/rl_quantum_2026summer/data/original data/Trajectories/2022-04-11/320_RR220411A_824C_1901.bmp,3,1.0
Trajectories/2022-04-11/111_RR220411A_536C_1546.bmp,111_RR220411A_536C_1546.bmp,Trajectories/2022-04-11/175_RR220411A_765C_1645.bmp,175_RR220411A_765C_1645.bmp,(√13 x √13),not_apply,Jiangang,,2026-01-05T15:49:28.098935,302.0,335.0,Confident,(√13 x √13),Trajectories/2022-04-11/111_RR220411A_536C_1546.bmp || Trajectories/2022-04-11/175_RR220411A_765C_1645.bmp,/content/rl_quantum_2026summer/data/original data/Trajectories/2022-04-11/111_RR220411A_536C_1546.bmp,/content/rl_quantum_2026summer/data/original data/Trajectories/2022-04-11/175_RR220411A_765C_1645.bmp,3,1.0
Trajectories/2022-04-11/111_RR220411A_536C_1546.bmp,111_RR220411A_536C_1546.bmp,Trajectories/2022-04-11/175_RR220411A_765C_1645.bmp,175_RR220411A_765C_1645.bmp,(1 x 1),tie,Jiangang,,2026-01-05T15:49:29.047838,302.0,335.0,Confident,(1 x 1),Trajectories/2022-04-11/111_RR220411A_536C_1546.bmp || Trajectories/2022-04-11/175_RR220411A_765C_1645.bmp,/content/rl_quantum_2026summer/data/original data/Trajectories/2022-04-11/111_RR220411A_536C_1546.bmp,/content/rl_quantum_2026summer/data/original data/Trajectories/2022-04-11/175_RR220411A_765C_1645.bmp,0,1.0
Trajectories/2022-04-11/111_RR220411A_536C_1546.bmp,111_RR220411A_536C_1546.bmp,Trajectories/2022-04-11/175_RR220411A_765C_1645.bmp,175_RR220411A_765C_1645.bmp,Twinned(2 x 1),not_apply,Jiangang,,2026-01-05T15:49:30.061380,302.0,335.0,Confident,Twinned(2 x 1),Trajectories/2022-04-11/111_RR220411A_536C_1546.bmp || Trajectories/2022-04-11/175_RR220411A_765C_1645.bmp,/content/rl_quantum_2026summer/data/original data/Trajectories/2022-04-11/111_RR220411A_536C_1546.bmp,/content/rl_quantum_2026summer/data/original data/Trajectories/2022-04-11/175_RR220411A_765C_1645.bmp,1,1.0
Trajectories/2022-04-11/111_RR220411A_536C_1546.bmp,111_RR220411A_536C_1546.bmp,Trajectories/2022-04-11/175_RR220411A_765C_1645.bmp,175_RR220411A_765C_1645.bmp,HTR,not_apply,Jiangang,,2026-01-05T15:49:30.891749,302.0,335.0,Confident,HTR,Trajectories/2022-04-11/111_RR220411A_536C_1546.bmp || Trajectories/2022-04-11/175_RR220411A_765C_1645.bmp,/content/rl_quantum_2026summer/data/original data/Trajectories/2022-04-11/111_RR220411A_536C_1546.bmp,/content/rl_quantum_2026summer/data/original data/Trajectories/2022-04-11/175_RR220411A_765C_1645.bmp,4,1.0
Trajectories/2022-02-04/239_RR220204A_720C_1910.bmp,239_RR220204A_720C_1910.bmp,Trajectories/2022-04-11/154_RR220411A_696C_1624.bmp,154_RR220411A_696C_1624.bmp,(1 x 1),2,AJ,,2025-12-12T00:11:14.363974,,,,(1 x 1),Trajectories/2022-02-04/239_RR220204A_720C_1910.bmp || Trajectories/2022-04-11/154_RR220411A_696C_1624.bmp,/content/rl_quantum_2026summer/data/original data/Trajectories/2022-02-04/239_RR220204A_720C_1910.bmp,/content/rl_quantum_2026summer/data/original data/Trajectories/2022-04-11/154_RR220411A_696C_1624.bmp,0,1.0
Trajectories/2022-02-04/239_RR220204A_720C_1910.bmp,239_RR220204A_720C_1910.bmp,Trajectories/2022-04-11/154_RR220411A_696C_1624.bmp,154_RR220411A_696C_1624.bmp,(√13 x √13),1,AJ,,2025-12-12T00:11:15.187347,,,,(√13 x √13),Trajectories/2022-02-04/239_RR220204A_720C_1910.bmp || Trajectories/2022-04-11/154_RR220411A_696C_1624.bmp,/content/rl_quantum_2026summer/data/original data/Trajectories/2022-02-04/239_RR220204A_720C_1910.bmp,/content/rl_quantum_2026summer/data/original data/Trajectories/2022-04-11/154_RR220411A_696C_1624.bmp,3,1.0
Trajectories/2022-02-04/128_RR220204A_459C_1753.bmp,128_RR220204A_459C_1753.bmp,Trajectories/2022-02-04/380_RR220204A_937C_2323.bmp,380_RR220204A_937C_2323.bmp,c(6 x 2),tie,AJ,,2025-12-26T10:52:55.360590,144.0,187.0,Confident,c(6 x 2),Trajectories/2022-02-04/128_RR220204A_459C_1753.bmp || Trajectories/2022-02-04/380_RR220204A_937C_2323.bmp,/content/rl_quantum_2026summer/data/original data/Trajectories/2022-02-04/128_RR220204A_459C_1753.bmp,/content/rl_quantum_2026summer/data/original data/Trajectories/2022-02-04/380_RR220204A_937C_2323.bmp,2,1.0
Trajectories/2022-02-04/128_RR220204A_459C_1753.bmp,128_RR220204A_459C_1753.bmp,Trajectories/2022-02-04/380_RR220204A_937C_2323.bmp,380_RR220204A_937C_2323.bmp,(√13 x √13),tie,AJ,,2025-12-26T10:52:56.666294,144.0,187.0,Confident,(√13 x √13),Trajectories/2022-02-04/128_RR220204A_459C_1753.bmp || Trajectories/2022-02-04/380_RR220204A_937C_2323.bmp,/content/rl_quantum_2026summer/data/original data/Trajectories/2022-02-04/128_RR220204A_459C_1753.bmp,/content/rl_quantum_2026summer/data/original data/Trajectories/2022-02-04/380_RR220204A_937C_2323.bmp,3,1.0
Trajectories/2022-02-04/128_RR220204A_459C_1753.bmp,128_RR220204A_459C_1753.bmp,Trajectories/2022-02-04/380_RR220204A_937C_2323.bmp,380_RR220204A_937C_2323.bmp,(1 x 1),not_apply,AJ,,2025-12-26T10:52:57.644448,144.0,187.0,Confident,(1 x 1),Trajectories/2022-02-04/128_RR220204A_459C_1753.bmp || Trajectories/2022-02-04/380_RR220204A_937C_2323.bmp,/content/rl_quantum_2026summer/data/original data/Trajectories/2022-02-04/128_RR220204A_459C_1753.bmp,/content/rl_quantum_2026summer/data/original data/Trajectories/2022-02-04/380_RR220204A_937C_2323.bmp,0,1.0
Trajectories/2022-02-04/128_RR220204A_459C_1753.bmp,128_RR220204A_459C_1753.bmp,Trajectories/2022-02-04/380_RR220204A_937C_2323.bmp,380_RR220204A_937C_2323.bmp,HTR,not_apply,AJ,,2025-12-26T10:52:58.583373,144.0,187.0,Confident,HTR,Trajectories/2022-02-04/128_RR220204A_459C_1753.bmp || Trajectories/2022-02-04/380_RR220204A_937C_2323.bmp,/content/rl_quantum_2026summer/data/original data/Trajectories/2022-02-04/128_RR220204A_459C_1753.bmp,/content/rl_quantum_2026summer/data/original data/Trajectories/2022-02-04/380_RR220204A_937C_2323.bmp,4,1.0
Trajectories/2022-02-04/128_RR220204A_459C_1753.bmp,128_RR220204A_459C_1753.bmp,Trajectories/2022-02-04/380_RR220204A_937C_2323.bmp,380_RR220204A_937C_2323.bmp,Twinned(2 x 1),not_apply,AJ,,2025-12-26T10:52:59.556915,144.0,187.0,Confident,Twinned(2 x 1),Trajectories/2022-02-04/128_RR220204A_459C_1753.bmp || Trajectories/2022-02-04/380_RR220204A_937C_2323.bmp,/content/rl_quantum_2026summer/data/original data/Trajectories/2022-02-04/128_RR220204A_459C_1753.bmp,/content/rl_quantum_2026summer/data/original data/Trajectories/2022-02-04/380_RR220204A_937C_2323.bmp,1,1.0
Trajectories/2022-04-11/359_RR220411A_675C_1926.bmp,359_RR220411A_675C_1926.bmp,Trajectories/2022-02-04/262_RR220204A_793C_1932.bmp,262_RR220204A_793C_1932.bmp,c(6 x 2),2,AJ,,2025-12-06 01:24:10,,,,c(6 x 2),Trajectories/2022-02-04/262_RR220204A_793C_1932.bmp || Trajectories/2022-04-11/359_RR220411A_675C_1926.bmp,/content/rl_quantum_2026summer/data/original data/Trajectories/2022-04-11/359_RR220411A_675C_1926.bmp,/content/rl_quantum_2026summer/data/original data/Trajectories/2022-02-04/262_RR220204A_793C_1932.bmp,2,1.0
Trajectories/2022-04-11/359_RR220411A_675C_1926.bmp,359_RR220411A_675C_1926.bmp,Trajectories/2022-02-04/262_RR220204A_793C_1932.bmp,262_RR220204A_793C_1932.bmp,(√13 x √13),1,AJ,,2025-12-06 01:24:10,,,,(√13 x √13),Trajectories/2022-02-04/262_RR220204A_793C_1932.bmp || Trajectories/2022-04-11/359_RR220411A_675C_1926.bmp,/content/rl_quantum_2026summer/data/original data/Trajectories/2022-04-11/359_RR220411A_675C_1926.bmp,/content/rl_quantum_2026summer/data/original data/Trajectories/2022-02-04/262_RR220204A_793C_1932.bmp,3,1.0
Trajectories/2022-02-06/123_RR220206A_894C_1923.bmp,123_RR220206A_894C_1923.bmp,Trajectories/2022-02-04/117_RR220204A_445C_1740.bmp,117_RR220204A_445C_1740.bmp,c(6 x 2),2,AJ,,2025-12-06 01:24:55,,,,c(6 x 2),Trajectories/2022-02-04/117_RR220204A_445C_1740.bmp || Trajectories/2022-02-06/123_RR220206A_894C_1923.bmp,/content/rl_quantum_2026summer/data/original data/Trajectories/2022-02-06/123_RR220206A_894C_1923.bmp,/content/rl_quantum_2026summer/data/original data/Trajectories/2022-02-04/117_RR220204A_445C_1740.bmp,2,1.0
Trajectories/2022-02-06/123_RR220206A_894C_1923.bmp,123_RR220206A_894C_1923.bmp,Trajectories/2022-02-04/117_RR220204A_445C_1740.bmp,117_RR220204A_445C_1740.bmp,(1 x 1),1,AJ,,2025-12-06 01:24:55,,,,(1 x 1),Trajectories/2022-02-04/117_RR220204A_445C_1740.bmp || Trajectories/2022-02-06/123_RR220206A_894C_1923.bmp,/content/rl_quantum_2026summer/data/original data/Trajectories/2022-02-06/123_RR220206A_894C_1923.bmp,/content/rl_quantum_2026summer/data/original data/Trajectories/2022-02-04/117_RR220204A_445C_1740.bmp,0,1.0
Trajectories/2022-04-11/386_RR220411A_580C_1943.bmp,386_RR220411A_580C_1943.bmp,Trajectories/2022-04-11/278_RR220411A_932C_1829.bmp,278_RR220411A_932C_1829.bmp,Twinned(2 x 1),not_apply,AJ,,2025-12-26T10:54:57.090303,212.0,243.0,Confident,Twinned(2 x 1),Trajectories/2022-04-11/278_RR220411A_932C_1829.bmp || Trajectories/2022-04-11/386_RR220411A_580C_1943.bmp,/content/rl_quantum_2026summer/data/original data/Trajectories/2022-04-11/386_RR220411A_580C_1943.bmp,/content/rl_quantum_2026summer/data/original data/Trajectories/2022-04-11/278_RR220411A_932C_1829.bmp,1,1.0
Trajectories/2022-04-11/386_RR220411A_580C_1943.bmp,386_RR220411A_580C_1943.bmp,Trajectories/2022-04-11/278_RR220411A_932C_1829.bmp,278_RR220411A_932C_1829.bmp,(√13 x √13),tie,AJ,,2025-12-26T10:54:57.940859,212.0,243.0,Confident,(√13 x √13),Trajectories/2022-04-11/278_RR220411A_932C_1829.bmp || Trajectories/2022-04-11/386_RR220411A_580C_1943.bmp,/content/rl_quantum_2026summer/data/original data/Trajectories/2022-04-11/386_RR220411A_580C_1943.bmp,/content/rl_quantum_2026summer/data/original data/Trajectories/2022-04-11/278_RR220411A_932C_1829.bmp,3,1.0
Trajectories/2022-04-11/386_RR220411A_580C_1943.bmp,386_RR220411A_580C_1943.bmp,Trajectories/2022-04-11/278_RR220411A_932C_1829.bmp,278_RR220411A_932C_1829.bmp,HTR,not_apply,AJ,,2025-12-26T10:54:58.885493,212.0,243.0,Confident,HTR,Trajectories/2022-04-11/278_RR220411A_932C_1829.bmp || Trajectories/2022-04-11/386_RR220411A_580C_1943.bmp,/content/rl_quantum_2026summer/data/original data/Trajectories/2022-04-11/386_RR220411A_580C_1943.bmp,/content/rl_quantum_2026summer/data/original data/Trajectories/2022-04-11/278_RR220411A_932C_1829.bmp,4,1.0
Trajectories/2022-04-11/386_RR220411A_580C_1943.bmp,386_RR220411A_580C_1943.bmp,Trajectories/2022-04-11/278_RR220411A_932C_1829.bmp,278_RR220411A_932C_1829.bmp,c(6 x 2),tie,AJ,,2025-12-26T10:54:59.856663,212.0,243.0,Confident,c(6 x 2),Trajectories/2022-04-11/278_RR220411A_932C_1829.bmp || Trajectories/2022-04-11/386_RR220411A_580C_1943.bmp,/content/rl_quantum_2026summer/data/original data/Trajectories/2022-04-11/386_RR220411A_580C_1943.bmp,/content/rl_quantum_2026summer/data/original data/Trajectories/2022-04-11/278_RR220411A_932C_1829.bmp,2,1.0
Trajectories/2022-04-11/386_RR220411A_580C_1943.bmp,386_RR220411A_580C_1943.bmp,Trajectories/2022-04-11/278_RR220411A_932C_1829.bmp,278_RR220411A_932C_1829.bmp,(1 x 1),not_apply,AJ,,2025-12-26T10:55:00.739197,212.0,243.0,Confident,(1 x 1),Trajectories/2022-04-11/278_RR220411A_932C_1829.bmp || Trajectories/2022-04-11/386_RR220411A_580C_1943.bmp,/content/rl_quantum_2026summer/data/original data/Trajectories/2022-04-11/386_RR220411A_580C_1943.bmp,/content/rl_quantum_2026summer/data/original data/Trajectories/2022-04-11/278_RR220411A_932C_1829.bmp,0,1.0
Trajectories/2022-04-11/183_RR220411A_794C_1655.bmp,183_RR220411A_794C_1655.bmp,Trajectories/2022-02-04/048_RR220204A_245C_0201.bmp,048_RR220204A_245C_0201.bmp,(√13 x √13),2,SY,,2025-12-10T16:56:27.896724,,,,(√13 x √13),Trajectories/2022-02-04/048_RR220204A_245C_0201.bmp || Trajectories/2022-04-11/183_RR220411A_794C_1655.bmp,/content/rl_quantum_2026summer/data/original data/Trajectories/2022-04-11/183_RR220411A_794C_1655.bmp,/content/rl_quantum_2026summer/data/original data/Trajectories/2022-02-04/048_RR220204A_245C_0201.bmp,3,1.0
Trajectories/2022-04-11/183_RR220411A_794C_1655.bmp,183_RR220411A_794C_1655.bmp,Trajectories/2022-02-04/048_RR220204A_245C_0201.bmp,048_RR220204A_245C_0201.bmp,c(6 x 2),not_apply,SY,,2025-12-10T16:56:28.616269,,,,c(6 x 2),Trajectories/2022-02-04/048_RR220204A_245C_0201.bmp || Trajectories/2022-04-11/183_RR220411A_794C_1655.bmp,/content/rl_quantum_2026summer/data/original data/Trajectories/2022-04-11/183_RR220411A_794C_1655.bmp,/content/rl_quantum_2026summer/data/original data/Trajectories/2022-02-04/048_RR220204A_245C_0201.bmp,2,1.0
Trajectories/2022-04-11/183_RR220411A_794C_1655.bmp,183_RR220411A_794C_1655.bmp,Trajectories/2022-02-04/048_RR220204A_245C_0201.bmp,048_RR220204A_245C_0201.bmp,(1 x 1),2,SY,,2025-12-10T16:56:29.359621,,,,(1 x 1),Trajectories/2022-02-04/048_RR220204A_245C_0201.bmp || Trajectories/2022-04-11/183_RR220411A_794C_1655.bmp,/content/rl_quantum_2026summer/data/original data/Trajectories/2022-04-11/183_RR220411A_794C_1655.bmp,/content/rl_quantum_2026summer/data/original data/Trajectories/2022-02-04/048_RR220204A_245C_0201.bmp,0,1.0
Trajectories/2022-04-11/183_RR220411A_794C_1655.bmp,183_RR220411A_794C_1655.bmp,Trajectories/2022-02-04/048_RR220204A_245C_0201.bmp,048_RR220204A_245C_0201.bmp,HTR,not_apply,SY,,2025-12-10T16:56:30.137612,,,,HTR,Trajectories/2022-02-04/048_RR220204A_245C_0201.bmp || Trajectories/2022-04-11/183_RR220411A_794C_1655.bmp,/content/rl_quantum_2026summer/data/original data/Trajectories/2022-04-11/183_RR220411A_794C_1655.bmp,/content/rl_quantum_2026summer/data/original data/Trajectories/2022-02-04/048_RR220204A_245C_0201.bmp,4,1.0
Trajectories/2022-04-11/183_RR220411A_794C_1655.bmp,183_RR220411A_794C_1655.bmp,Trajectories/2022-02-04/048_RR220204A_245C_0201.bmp,048_RR220204A_245C_0201.bmp,Twinned(2 x 1),2,SY,,2025-12-10T16:56:31.277603,,,,Twinned(2 x 1),Trajectories/2022-02-04/048_RR220204A_245C_0201.bmp || Trajectories/2022-04-11/183_RR220411A_794C_1655.bmp,/content/rl_quantum_2026summer/data/original data/Trajectories/2022-04-11/183_RR220411A_794C_1655.bmp,/content/rl_quantum_2026summer/data/original data/Trajectories/2022-02-04/048_RR220204A_245C_0201.bmp,1,1.0
Trajectories/2022-02-04/126_RR220204A_443C_1750.bmp,126_RR220204A_443C_1750.bmp,Trajectories/2022-04-11/213_RR220411A_857C_1715.bmp,213_RR220411A_857C_1715.bmp,Twinned(2 x 1),1,HL,,2026-01-05T23:23:22.958120,257.0,270.0,Confident,Twinned(2 x 1),Trajectories/2022-02-04/126_RR220204A_443C_1750.bmp || Trajectories/2022-04-11/213_RR220411A_857C_1715.bmp,/content/rl_quantum_2026summer/data/original data/Trajectories/2022-02-04/126_RR220204A_443C_1750.bmp,/content/rl_quantum_2026summer/data/original data/Trajectories/2022-04-11/213_RR220411A_857C_1715.bmp,1,1.0
Trajectories/2022-02-04/126_RR220204A_443C_1750.bmp,126_RR220204A_443C_1750.bmp,Trajectories/2022-04-11/213_RR220411A_857C_1715.bmp,213_RR220411A_857C_1715.bmp,(√13 x √13),1,HL,,2026-01-05T23:23:23.972572,257.0,270.0,Confident,(√13 x √13),Trajectories/2022-02-04/126_RR220204A_443C_1750.bmp || Trajectories/2022-04-11/213_RR220411A_857C_1715.bmp,/content/rl_quantum_2026summer/data/original data/Trajectories/2022-02-04/126_RR220204A_443C_1750.bmp,/content/rl_quantum_2026summer/data/original data/Trajectories/2022-04-11/213_RR220411A_857C_1715.bmp,3,1.0
Trajectories/2022-02-04/126_RR220204A_443C_1750.bmp,126_RR220204A_443C_1750.bmp,Trajectories/2022-04-11/213_RR220411A_857C_1715.bmp,213_RR220411A_857C_1715.bmp,HTR,2,HL,,2026-01-05T23:23:24.915946,257.0,270.0,Confident,HTR,Trajectories/2022-02-04/126_RR220204A_443C_1750.bmp || Trajectories/2022-04-11/213_RR220411A_857C_1715.bmp,/content/rl_quantum_2026summer/data/original data/Trajectories/2022-02-04/126_RR220204A_443C_1750.bmp,/content/rl_quantum_2026summer/data/original data/Trajectories/2022-04-11/213_RR220411A_857C_1715.bmp,4,1.0
Trajectories/2022-02-04/126_RR220204A_443C_1750.bmp,126_RR220204A_443C_1750.bmp,Trajectories/2022-04-11/213_RR220411A_857C_1715.bmp,213_RR220411A_857C_1715.bmp,c(6 x 2),not_apply,HL,,2026-01-05T23:23:25.959887,257.0,270.0,Confident,c(6 x 2),Trajectories/2022-02-04/126_RR220204A_443C_1750.bmp || Trajectories/2022-04-11/213_RR220411A_857C_1715.bmp,/content/rl_quantum_2026summer/data/original data/Trajectories/2022-02-04/126_RR220204A_443C_1750.bmp,/content/rl_quantum_2026summer/data/original data/Trajectories/2022-04-11/213_RR220411A_857C_1715.bmp,2,1.0
Trajectories/2022-02-04/126_RR220204A_443C_1750.bmp,126_RR220204A_443C_1750.bmp,Trajectories/2022-04-11/213_RR220411A_857C_1715.bmp,213_RR220411A_857C_1715.bmp,(1 x 1),1,HL,,2026-01-05T23:23:26.888675,257.0,270.0,Confident,(1 x 1),Trajectories/2022-02-04/126_RR220204A_443C_1750.bmp || Trajectories/2022-04-11/213_RR220411A_857C_1715.bmp,/content/rl_quantum_2026summer/data/original data/Trajectories/2022-02-04/126_RR220204A_443C_1750.bmp,/content/rl_quantum_2026summer/data/original data/Trajectories/2022-04-11/213_RR220411A_857C_1715.bmp,0,1.0
Trajectories/2022-02-06/273_RR220206A_423C_2243.bmp,273_RR220206A_423C_2243.bmp,Trajectories/2022-04-11/093_RR220411A_482C_1531.bmp,093_RR220411A_482C_1531.bmp,(1 x 1),2,SY,,2025-12-12T22:07:21.588392,,,,(1 x 1),Trajectories/2022-02-06/273_RR220206A_423C_2243.bmp || Trajectories/2022-04-11/093_RR220411A_482C_1531.bmp,/content/rl_quantum_2026summer/data/original data/Trajectories/2022-02-06/273_RR220206A_423C_2243.bmp,/content/rl_quantum_2026summer/data/original data/Trajectories/2022-04-11/093_RR220411A_482C_1531.bmp,0,1.0
Trajectories/2022-02-06/273_RR220206A_423C_2243.bmp,273_RR220206A_423C_2243.bmp,Trajectories/2022-04-11/093_RR220411A_482C_1531.bmp,093_RR220411A_482C_1531.bmp,Twinned(2 x 1),not_apply,SY,,2025-12-12T22:07:23.277141,,,,Twinned(2 x 1),Trajectories/2022-02-06/273_RR220206A_423C_2243.bmp || Trajectories/2022-04-11/093_RR220411A_482C_1531.bmp,/content/rl_quantum_2026summer/data/original data/Trajectories/2022-02-06/273_RR220206A_423C_2243.bmp,/content/rl_quantum_2026summer/data/original data/Trajectories/2022-04-11/093_RR220411A_482C_1531.bmp,1,1.0
Trajectories/2022-02-06/273_RR220206A_423C_2243.bmp,273_RR220206A_423C_2243.bmp,Trajectories/2022-04-11/093_RR220411A_482C_1531.bmp,093_RR220411A_482C_1531.bmp,HTR,1,SY,,2025-12-12T22:07:24.436931,,,,HTR,Trajectories/2022-02-06/273_RR220206A_423C_2243.bmp || Trajectories/2022-04-11/093_RR220411A_482C_1531.bmp,/content/rl_quantum_2026summer/data/original data/Trajectories/2022-02-06/273_RR220206A_423C_2243.bmp,/content/rl_quantum_2026summer/data/original data/Trajectories/2022-04-11/093_RR220411A_482C_1531.bmp,4,1.0
Trajectories/2022-02-06/273_RR220206A_423C_2243.bmp,273_RR220206A_423C_2243.bmp,Trajectories/2022-04-11/093_RR220411A_482C_1531.bmp,093_RR220411A_482C_1531.bmp,c(6 x 2),1,SY,,2025-12-12T22:07:25.752354,,,,c(6 x 2),Trajectories/2022-02-06/273_RR220206A_423C_2243.bmp || Trajectories/2022-04-11/093_RR220411A_482C_1531.bmp,/content/rl_quantum_2026summer/data/original data/Trajectories/2022-02-06/273_RR220206A_423C_2243.bmp,/content/rl_quantum_2026summer/data/original data/Trajectories/2022-04-11/093_RR220411A_482C_1531.bmp,2,1.0
Trajectories/2022-02-06/273_RR220206A_423C_2243.bmp,273_RR220206A_423C_2243.bmp,Trajectories/2022-04-11/093_RR220411A_482C_1531.bmp,093_RR220411A_482C_1531.bmp,(√13 x √13),not_apply,SY,,2025-12-12T22:07:26.949242,,,,(√13 x √13),Trajectories/2022-02-06/273_RR220206A_423C_2243.bmp || Trajectories/2022-04-11/093_RR220411A_482C_1531.bmp,/content/rl_quantum_2026summer/data/original data/Trajectories/2022-02-06/273_RR220206A_423C_2243.bmp,/content/rl_quantum_2026summer/data/original data/Trajectories/2022-04-11/093_RR220411A_482C_1531.bmp,3,1.0
Trajectories/2022-04-11/108_RR220411A_507C_1543.bmp,108_RR220411A_507C_1543.bmp,Trajectories/2022-04-11/379_RR220411A_614C_1940.bmp,379_RR220411A_614C_1940.bmp,(1 x 1),1,AJ,,2025-12-12T00:23:19.860318,,,,(1 x 1),Trajectories/2022-04-11/108_RR220411A_507C_1543.bmp || Trajectories/2022-04-11/379_RR220411A_614C_1940.bmp,/content/rl_quantum_2026summer/data/original data/Trajectories/2022-04-11/108_RR220411A_507C_1543.bmp,/content/rl_quantum_2026summer/data/original data/Trajectories/2022-04-11/379_RR220411A_614C_1940.bmp,0,1.0
Trajectories/2022-04-11/108_RR220411A_507C_1543.bmp,108_RR220411A_507C_1543.bmp,Trajectories/2022-04-11/379_RR220411A_614C_1940.bmp,379_RR220411A_614C_1940.bmp,(√13 x √13),2,AJ,,2025-12-12T00:23:20.822037,,,,(√13 x √13),Trajectories/2022-04-11/108_RR220411A_507C_1543.bmp || Trajectories/2022-04-11/379_RR220411A_614C_1940.bmp,/content/rl_quantum_2026summer/data/original data/Trajectories/2022-04-11/108_RR220411A_507C_1543.bmp,/content/rl_quantum_2026summer/data/original data/Trajectories/2022-04-11/379_RR220411A_614C_1940.bmp,3,1.0
Trajectories/2022-02-06/068_RR220206A_362C_1759.bmp,068_RR220206A_362C_1759.bmp,Trajectories/2022-02-04/235_RR220204A_725C_1905.bmp,235_RR220204A_725C_1905.bmp,(1 x 1),1,AJ,,2025-12-12T00:19:37.453925,,,,(1 x 1),Trajectories/2022-02-04/235_RR220204A_725C_1905.bmp || Trajectories/2022-02-06/068_RR220206A_362C_1759.bmp,/content/rl_quantum_2026summer/data/original data/Trajectories/2022-02-06/068_RR220206A_362C_1759.bmp,/content/rl_quantum_2026summer/data/original data/Trajectories/2022-02-04/235_RR220204A_725C_1905.bmp,0,1.0
Trajectories/2022-02-06/068_RR220206A_362C_1759.bmp,068_RR220206A_362C_1759.bmp,Trajectories/2022-02-04/235_RR220204A_725C_1905.bmp,235_RR220204A_725C_1905.bmp,(√13 x √13),2,AJ,,2025-12-12T00:19:38.236822,,,,(√13 x √13),Trajectories/2022-02-04/235_RR220204A_725C_1905.bmp || Trajectories/2022-02-06/068_RR220206A_362C_1759.bmp,/content/rl_quantum_2026summer/data/original data/Trajectories/2022-02-06/068_RR220206A_362C_1759.bmp,/content/rl_quantum_2026summer/data/original data/Trajectories/2022-02-04/235_RR220204A_725C_1905.bmp,3,1.0
Trajectories/2022-02-04/063_RR220204A_165C_0215-03.bmp,063_RR220204A_165C_0215-03.bmp,Trajectories/2022-04-11/376_RR220411A_620C_1938.bmp,376_RR220411A_620C_1938.bmp,HTR,2,AJ,,2025-12-06 01:21:25,,,,HTR,Trajectories/2022-02-04/063_RR220204A_165C_0215-03.bmp || Trajectories/2022-04-11/376_RR220411A_620C_1938.bmp,/content/rl_quantum_2026summer/data/original data/Trajectories/2022-02-04/063_RR220204A_165C_0215-03.bmp,/content/rl_quantum_2026summer/data/original data/Trajectories/2022-04-11/376_RR220411A_620C_1938.bmp,4,1.0
Trajectories/2022-02-06/195_RR220206A_944C_2101.bmp,195_RR220206A_944C_2101.bmp,Trajectories/2022-02-04/300_RR220204A_881C_2018.bmp,300_RR220204A_881C_2018.bmp,c(6 x 2),not_apply,HL,,2025-12-15T21:29:05.568661,,,,c(6 x 2),Trajectories/2022-02-04/300_RR220204A_881C_2018.bmp || Trajectories/2022-02-06/195_RR220206A_944C_2101.bmp,/content/rl_quantum_2026summer/data/original data/Trajectories/2022-02-06/195_RR220206A_944C_2101.bmp,/content/rl_quantum_2026summer/data/original data/Trajectories/2022-02-04/300_RR220204A_881C_2018.bmp,2,1.0
Trajectories/2022-02-06/195_RR220206A_944C_2101.bmp,195_RR220206A_944C_2101.bmp,Trajectories/2022-02-04/300_RR220204A_881C_2018.bmp,300_RR220204A_881C_2018.bmp,(1 x 1),not_apply,HL,,2025-12-15T21:29:06.411459,,,,(1 x 1),Trajectories/2022-02-04/300_RR220204A_881C_2018.bmp || Trajectories/2022-02-06/195_RR220206A_944C_2101.bmp,/content/rl_quantum_2026summer/data/original data/Trajectories/2022-02-06/195_RR220206A_944C_2101.bmp,/content/rl_quantum_2026summer/data/original data/Trajectories/2022-02-04/300_RR220204A_881C_2018.bmp,0,1.0
Trajectories/2022-02-06/195_RR220206A_944C_2101.bmp,195_RR220206A_944C_2101.bmp,Trajectories/2022-02-04/300_RR220204A_881C_2018.bmp,300_RR220204A_881C_2018.bmp,HTR,1,HL,,2025-12-15T21:29:07.207056,,,,HTR,Trajectories/2022-02-04/300_RR220204A_881C_2018.bmp || Trajectories/2022-02-06/195_RR220206A_944C_2101.bmp,/content/rl_quantum_2026summer/data/original data/Trajectories/2022-02-06/195_RR220206A_944C_2101.bmp,/content/rl_quantum_2026summer/data/original data/Trajectories/2022-02-04/300_RR220204A_881C_2018.bmp,4,1.0
Trajectories/2022-02-06/195_RR220206A_944C_2101.bmp,195_RR220206A_944C_2101.bmp,Trajectories/2022-02-04/300_RR220204A_881C_2018.bmp,300_RR220204A_881C_2018.bmp,(√13 x √13),2,HL,,2025-12-15T21:29:08.028312,,,,(√13 x √13),Trajectories/2022-02-04/300_RR220204A_881C_2018.bmp || Trajectories/2022-02-06/195_RR220206A_944C_2101.bmp,/content/rl_quantum_2026summer/data/original data/Trajectories/2022-02-06/195_RR220206A_944C_2101.bmp,/content/rl_quantum_2026summer/data/original data/Trajectories/2022-02-04/300_RR220204A_881C_2018.bmp,3,1.0
Trajectories/2022-02-06/195_RR220206A_944C_2101.bmp,195_RR220206A_944C_2101.bmp,Trajectories/2022-02-04/300_RR220204A_881C_2018.bmp,300_RR220204A_881C_2018.bmp,Twinned(2 x 1),2,HL,,2025-12-15T21:29:08.845080,,,,Twinned(2 x 1),Trajectories/2022-02-04/300_RR220204A_881C_2018.bmp || Trajectories/2022-02-06/195_RR220206A_944C_2101.bmp,/content/rl_quantum_2026summer/data/original data/Trajectories/2022-02-06/195_RR220206A_944C_2101.bmp,/content/rl_quantum_2026summer/data/original data/Trajectories/2022-02-04/300_RR220204A_881C_2018.bmp,1,1.0
Trajectories/2022-04-11/238_RR220411A_905C_1736.bmp,238_RR220411A_905C_1736.bmp,Trajectories/2022-04-11/319_RR220411A_828C_1900.bmp,319_RR220411A_828C_1900.bmp,Twinned(2 x 1),not_apply,HL,,2026-01-06T21:49:26.146943,304.0,275.0,Confident,Twinned(2 x 1),Trajectories/2022-04-11/238_RR220411A_905C_1736.bmp || Trajectories/2022-04-11/319_RR220411A_828C_1900.bmp,/content/rl_quantum_2026summer/data/original data/Trajectories/2022-04-11/238_RR220411A_905C_1736.bmp,/content/rl_quantum_2026summer/data/original data/Trajectories/2022-04-11/319_RR220411A_828C_1900.bmp,1,1.0
Trajectories/2022-04-11/238_RR220411A_905C_1736.bmp,238_RR220411A_905C_1736.bmp,Trajectories/2022-04-11/319_RR220411A_828C_1900.bmp,319_RR220411A_828C_1900.bmp,c(6 x 2),2,HL,,2026-01-06T21:49:26.884725,304.0,275.0,Confident,c(6 x 2),Trajectories/2022-04-11/238_RR220411A_905C_1736.bmp || Trajectories/2022-04-11/319_RR220411A_828C_1900.bmp,/content/rl_quantum_2026summer/data/original data/Trajectories/2022-04-11/238_RR220411A_905C_1736.bmp,/content/rl_quantum_2026summer/data/original data/Trajectories/2022-04-11/319_RR220411A_828C_1900.bmp,2,1.0
Trajectories/2022-04-11/238_RR220411A_905C_1736.bmp,238_RR220411A_905C_1736.bmp,Trajectories/2022-04-11/319_RR220411A_828C_1900.bmp,319_RR220411A_828C_1900.bmp,(√13 x √13),2,HL,,2026-01-06T21:49:27.633243,304.0,275.0,Confident,(√13 x √13),Trajectories/2022-04-11/238_RR220411A_905C_1736.bmp || Trajectories/2022-04-11/319_RR220411A_828C_1900.bmp,/content/rl_quantum_2026summer/data/original data/Trajectories/2022-04-11/238_RR220411A_905C_1736.bmp,/content/rl_quantum_2026summer/data/original data/Trajectories/2022-04-11/319_RR220411A_828C_1900.bmp,3,1.0
Trajectories/2022-04-11/238_RR220411A_905C_1736.bmp,238_RR220411A_905C_1736.bmp,Trajectories/2022-04-11/319_RR220411A_828C_1900.bmp,319_RR220411A_828C_1900.bmp,HTR,not_apply,HL,,2026-01-06T21:49:28.456199,304.0,275.0,Confident,HTR,Trajectories/2022-04-11/238_RR220411A_905C_1736.bmp || Trajectories/2022-04-11/319_RR220411A_828C_1900.bmp,/content/rl_quantum_2026summer/data/original data/Trajectories/2022-04-11/238_RR220411A_905C_1736.bmp,/content/rl_quantum_2026summer/data/original data/Trajectories/2022-04-11/319_RR220411A_828C_1900.bmp,4,1.0
Trajectories/2022-04-11/238_RR220411A_905C_1736.bmp,238_RR220411A_905C_1736.bmp,Trajectories/2022-04-11/319_RR220411A_828C_1900.bmp,319_RR220411A_828C_1900.bmp,(1 x 1),2,HL,,2026-01-06T21:49:29.235097,304.0,275.0,Confident,(1 x 1),Trajectories/2022-04-11/238_RR220411A_905C_1736.bmp || Trajectories/2022-04-11/319_RR220411A_828C_1900.bmp,/content/rl_quantum_2026summer/data/original data/Trajectories/2022-04-11/238_RR220411A_905C_1736.bmp,/content/rl_quantum_2026summer/data/original data/Trajectories/2022-04-11/319_RR220411A_828C_1900.bmp,0,1.0
Trajectories/2022-02-04/263_RR220204A_793C_1934.bmp,263_RR220204A_793C_1934.bmp,Trajectories/2022-04-11/042_RR220411A_331C_1448.bmp,042_RR220411A_331C_1448.bmp,(√13 x √13),1,AJ,,2025-12-12T00:06:42.284440,,,,(√13 x √13),Trajectories/2022-02-04/263_RR220204A_793C_1934.bmp || Trajectories/2022-04-11/042_RR220411A_331C_1448.bmp,/content/rl_quantum_2026summer/data/original data/Trajectories/2022-02-04/263_RR220204A_793C_1934.bmp,/content/rl_quantum_2026summer/data/original data/Trajectories/2022-04-11/042_RR220411A_331C_1448.bmp,3,1.0
Trajectories/2022-02-04/263_RR220204A_793C_1934.bmp,263_RR220204A_793C_1934.bmp,Trajectories/2022-04-11/042_RR220411A_331C_1448.bmp,042_RR220411A_331C_1448.bmp,HTR,2,AJ,,2025-12-12T00:06:43.078863,,,,HTR,Trajectories/2022-02-04/263_RR220204A_793C_1934.bmp || Trajectories/2022-04-11/042_RR220411A_331C_1448.bmp,/content/rl_quantum_2026summer/data/original data/Trajectories/2022-02-04/263_RR220204A_793C_1934.bmp,/content/rl_quantum_2026summer/data/original data/Trajectories/2022-04-11/042_RR220411A_331C_1448.bmp,4,1.0
Trajectories/2022-04-11/387_RR220411A_578C_1943.bmp,387_RR220411A_578C_1943.bmp,Trajectories/2022-04-11/076_RR220411A_442C_1520.bmp,076_RR220411A_442C_1520.bmp,Twinned(2 x 1),not_apply,SY,,2025-12-10T17:01:38.885310,,,,Twinned(2 x 1),Trajectories/2022-04-11/076_RR220411A_442C_1520.bmp || Trajectories/2022-04-11/387_RR220411A_578C_1943.bmp,/content/rl_quantum_2026summer/data/original data/Trajectories/2022-04-11/387_RR220411A_578C_1943.bmp,/content/rl_quantum_2026summer/data/original data/Trajectories/2022-04-11/076_RR220411A_442C_1520.bmp,1,1.0
Trajectories/2022-04-11/387_RR220411A_578C_1943.bmp,387_RR220411A_578C_1943.bmp,Trajectories/2022-04-11/076_RR220411A_442C_1520.bmp,076_RR220411A_442C_1520.bmp,c(6 x 2),1,SY,,2025-12-10T17:01:39.593567,,,,c(6 x 2),Trajectories/2022-04-11/076_RR220411A_442C_1520.bmp || Trajectories/2022-04-11/387_RR220411A_578C_1943.bmp,/content/rl_quantum_2026summer/data/original data/Trajectories/2022-04-11/387_RR220411A_578C_1943.bmp,/content/rl_quantum_2026summer/data/original data/Trajectories/2022-04-11/076_RR220411A_442C_1520.bmp,2,1.0
Trajectories/2022-04-11/387_RR220411A_578C_1943.bmp,387_RR220411A_578C_1943.bmp,Trajectories/2022-04-11/076_RR220411A_442C_1520.bmp,076_RR220411A_442C_1520.bmp,(√13 x √13),1,SY,,2025-12-10T17:01:40.254501,,,,(√13 x √13),Trajectories/2022-04-11/076_RR220411A_442C_1520.bmp || Trajectories/2022-04-11/387_RR220411A_578C_1943.bmp,/content/rl_quantum_2026summer/data/original data/Trajectories/2022-04-11/387_RR220411A_578C_1943.bmp,/content/rl_quantum_2026summer/data/original data/Trajectories/2022-04-11/076_RR220411A_442C_1520.bmp,3,1.0
Trajectories/2022-04-11/387_RR220411A_578C_1943.bmp,387_RR220411A_578C_1943.bmp,Trajectories/2022-04-11/076_RR220411A_442C_1520.bmp,076_RR220411A_442C_1520.bmp,HTR,not_apply,SY,,2025-12-10T17:01:40.972197,,,,HTR,Trajectories/2022-04-11/076_RR220411A_442C_1520.bmp || Trajectories/2022-04-11/387_RR220411A_578C_1943.bmp,/content/rl_quantum_2026summer/data/original data/Trajectories/2022-04-11/387_RR220411A_578C_1943.bmp,/content/rl_quantum_2026summer/data/original data/Trajectories/2022-04-11/076_RR220411A_442C_1520.bmp,4,1.0
Trajectories/2022-04-11/387_RR220411A_578C_1943.bmp,387_RR220411A_578C_1943.bmp,Trajectories/2022-04-11/076_RR220411A_442C_1520.bmp,076_RR220411A_442C_1520.bmp,(1 x 1),tie,SY,,2025-12-10T17:01:41.638551,,,,(1 x 1),Trajectories/2022-04-11/076_RR220411A_442C_1520.bmp || Trajectories/2022-04-11/387_RR220411A_578C_1943.bmp,/content/rl_quantum_2026summer/data/original data/Trajectories/2022-04-11/387_RR220411A_578C_1943.bmp,/content/rl_quantum_2026summer/data/original data/Trajectories/2022-04-11/076_RR220411A_442C_1520.bmp,0,1.0
Trajectories/2022-02-06/230_RR220206A_767C_2143.bmp,230_RR220206A_767C_2143.bmp,Trajectories/2022-02-04/170_RR220204A_536C_1818.bmp,170_RR220204A_536C_1818.bmp,(√13 x √13),2,AJ,,2025-12-26T10:55:11.349541,183.0,211.0,Confident,(√13 x √13),Trajectories/2022-02-04/170_RR220204A_536C_1818.bmp || Trajectories/2022-02-06/230_RR220206A_767C_2143.bmp,/content/rl_quantum_2026summer/data/original data/Trajectories/2022-02-06/230_RR220206A_767C_2143.bmp,/content/rl_quantum_2026summer/data/original data/Trajectories/2022-02-04/170_RR220204A_536C_1818.bmp,3,1.0
Trajectories/2022-02-06/230_RR220206A_767C_2143.bmp,230_RR220206A_767C_2143.bmp,Trajectories/2022-02-04/170_RR220204A_536C_1818.bmp,170_RR220204A_536C_1818.bmp,c(6 x 2),2,AJ,,2025-12-26T10:55:12.497539,183.0,211.0,Confident,c(6 x 2),Trajectories/2022-02-04/170_RR220204A_536C_1818.bmp || Trajectories/2022-02-06/230_RR220206A_767C_2143.bmp,/content/rl_quantum_2026summer/data/original data/Trajectories/2022-02-06/230_RR220206A_767C_2143.bmp,/content/rl_quantum_2026summer/data/original data/Trajectories/2022-02-04/170_RR220204A_536C_1818.bmp,2,1.0
Trajectories/2022-02-06/230_RR220206A_767C_2143.bmp,230_RR220206A_767C_2143.bmp,Trajectories/2022-02-04/170_RR220204A_536C_1818.bmp,170_RR220204A_536C_1818.bmp,(1 x 1),not_apply,AJ,,2025-12-26T10:55:13.481292,183.0,211.0,Confident,(1 x 1),Trajectories/2022-02-04/170_RR220204A_536C_1818.bmp || Trajectories/2022-02-06/230_RR220206A_767C_2143.bmp,/content/rl_quantum_2026summer/data/original data/Trajectories/2022-02-06/230_RR220206A_767C_2143.bmp,/content/rl_quantum_2026summer/data/original data/Trajectories/2022-02-04/170_RR220204A_536C_1818.bmp,0,1.0
Trajectories/2022-02-06/230_RR220206A_767C_2143.bmp,230_RR220206A_767C_2143.bmp,Trajectories/2022-02-04/170_RR220204A_536C_1818.bmp,170_RR220204A_536C_1818.bmp,HTR,1,AJ,,2025-12-26T10:55:14.454887,183.0,211.0,Confident,HTR,Trajectories/2022-02-04/170_RR220204A_536C_1818.bmp || Trajectories/2022-02-06/230_RR220206A_767C_2143.bmp,/content/rl_quantum_2026summer/data/original data/Trajectories/2022-02-06/230_RR220206A_767C_2143.bmp,/content/rl_quantum_2026summer/data/original data/Trajectories/2022-02-04/170_RR220204A_536C_1818.bmp,4,1.0
Trajectories/2022-02-06/230_RR220206A_767C_2143.bmp,230_RR220206A_767C_2143.bmp,Trajectories/2022-02-04/170_RR220204A_536C_1818.bmp,170_RR220204A_536C_1818.bmp,Twinned(2 x 1),not_apply,AJ,,2025-12-26T10:55:15.524997,183.0,211.0,Confident,Twinned(2 x 1),Trajectories/2022-02-04/170_RR220204A_536C_1818.bmp || Trajectories/2022-02-06/230_RR220206A_767C_2143.bmp,/content/rl_quantum_2026summer/data/original data/Trajectories/2022-02-06/230_RR220206A_767C_2143.bmp,/content/rl_quantum_2026summer/data/original data/Trajectories/2022-02-04/170_RR220204A_536C_1818.bmp,1,1.0
Trajectories/2022-02-06/215_RR220206A_835C_2123.bmp,215_RR220206A_835C_2123.bmp,Trajectories/2022-04-11/140_RR220411A_647C_1612.bmp,140_RR220411A_647C_1612.bmp,HTR,1,AJ,,2025-12-12T00:16:35.915204,,,,HTR,Trajectories/2022-02-06/215_RR220206A_835C_2123.bmp || Trajectories/2022-04-11/140_RR220411A_647C_1612.bmp,/content/rl_quantum_2026summer/data/original data/Trajectories/2022-02-06/215_RR220206A_835C_2123.bmp,/content/rl_quantum_2026summer/data/original data/Trajectories/2022-04-11/140_RR220411A_647C_1612.bmp,4,1.0
Trajectories/2022-02-06/215_RR220206A_835C_2123.bmp,215_RR220206A_835C_2123.bmp,Trajectories/2022-04-11/140_RR220411A_647C_1612.bmp,140_RR220411A_647C_1612.bmp,(1 x 1),2,AJ,,2025-12-12T00:16:36.690209,,,,(1 x 1),Trajectories/2022-02-06/215_RR220206A_835C_2123.bmp || Trajectories/2022-04-11/140_RR220411A_647C_1612.bmp,/content/rl_quantum_2026summer/data/original data/Trajectories/2022-02-06/215_RR220206A_835C_2123.bmp,/content/rl_quantum_2026summer/data/original data/Trajectories/2022-04-11/140_RR220411A_647C_1612.bmp,0,1.0
Trajectories/2022-04-11/141_RR220411A_656C_1613.bmp,141_RR220411A_656C_1613.bmp,Trajectories/2022-04-11/203_RR220411A_843C_1711-03.bmp,203_RR220411A_843C_1711-03.bmp,(1 x 1),tie,AJ,,2025-12-11T15:20:41.477317,,,,(1 x 1),Trajectories/2022-04-11/141_RR220411A_656C_1613.bmp || Trajectories/2022-04-11/203_RR220411A_843C_1711-03.bmp,/content/rl_quantum_2026summer/data/original data/Trajectories/2022-04-11/141_RR220411A_656C_1613.bmp,/content/rl_quantum_2026summer/data/original data/Trajectories/2022-04-11/203_RR220411A_843C_1711-03.bmp,0,1.0
Trajectories/2022-02-04/164_RR220204A_507C_1811.bmp,164_RR220204A_507C_1811.bmp,Trajectories/2022-02-06/074_RR220206A_430C_1809.bmp,074_RR220206A_430C_1809.bmp,(1 x 1),2,AJ,,2025-12-12T00:17:58.961099,,,,(1 x 1),Trajectories/2022-02-04/164_RR220204A_507C_1811.bmp || Trajectories/2022-02-06/074_RR220206A_430C_1809.bmp,/content/rl_quantum_2026summer/data/original data/Trajectories/2022-02-04/164_RR220204A_507C_1811.bmp,/content/rl_quantum_2026summer/data/original data/Trajectories/2022-02-06/074_RR220206A_430C_1809.bmp,0,1.0
Trajectories/2022-02-04/164_RR220204A_507C_1811.bmp,164_RR220204A_507C_1811.bmp,Trajectories/2022-02-06/074_RR220206A_430C_1809.bmp,074_RR220206A_430C_1809.bmp,(√13 x √13),1,AJ,,2025-12-12T00:17:59.643649,,,,(√13 x √13),Trajectories/2022-02-04/164_RR220204A_507C_1811.bmp || Trajectories/2022-02-06/074_RR220206A_430C_1809.bmp,/content/rl_quantum_2026summer/data/original data/Trajectories/2022-02-04/164_RR220204A_507C_1811.bmp,/content/rl_quantum_2026summer/data/original data/Trajectories/2022-02-06/074_RR220206A_430C_1809.bmp,3,1.0
