Image1_Path,Image1_Name,Image2_Path,Image2_Name,Reconstruction_Type,Winner,Labeler_Name,Notes,Created_At,Brightness_1,Brightness_2,Confidence,canonical_type,pair_id,resolved_img1,resolved_img2,type_idx,confidence_weight
Trajectories/2022-04-11/088_RR220411A_459C_1527.bmp,088_RR220411A_459C_1527.bmp,Trajectories/2022-02-04/133_RR220204A_467C_1754-01.bmp,133_RR220204A_467C_1754-01.bmp,(1 x 1),1,SY,,2025-12-10T16:58:22.926371,,,,(1 x 1),Trajectories/2022-02-04/133_RR220204A_467C_1754-01.bmp || Trajectories/2022-04-11/088_RR220411A_459C_1527.bmp,/home/user/rl_quantum_2026summer/data/original data/Trajectories/2022-04-11/088_RR220411A_459C_1527.bmp,/home/user/rl_quantum_2026summer/data/original data/Trajectories/2022-02-04/133_RR220204A_467C_1754-01.bmp,0,1.0
Trajectories/2022-04-11/088_RR220411A_459C_1527.bmp,088_RR220411A_459C_1527.bmp,Trajectories/2022-02-04/133_RR220204A_467C_1754-01.bmp,133_RR220204A_467C_1754-01.bmp,c(6 x 2),not_apply,SY,,2025-12-10T16:58:23.645510,,,,c(6 x 2),Trajectories/2022-02-04/133_RR220204A_467C_1754-01.bmp || Trajectories/2022-04-11/088_RR220411A_459C_1527.bmp,/home/user/rl_quantum_2026summer/data/original data/Trajectories/2022-04-11/088_RR220411A_459C_1527.bmp,/home/user/rl_quantum_2026summer/data/original data/Trajectories/2022-02-04/133_RR220204A_467C_1754-01.bmp,2,1.0
Trajectories/2022-04-11/088_RR220411A_459C_1527.bmp,088_RR220411A_459C_1527.bmp,Trajectories/2022-02-04/133_RR220204A_467C_1754-01.bmp,133_RR220204A_467C_1754-01.bmp,HTR,not_apply,SY,,2025-12-10T16:58:24.312589,,,,HTR,Trajectories/2022-02-04/133_RR220204A_467C_1754-01.bmp || Trajectories/2022-04-11/088_RR220411A_459C_1527.bmp,/home/user/rl_quantum_2026summer/data/original data/Trajectories/2022-04-11/088_RR220411A_459C_1527.bmp,/home/user/rl_quantum_2026summer/data/original data/Trajectories/2022-02-04/133_RR220204A_467C_1754-01.bmp,4,1.0
Trajectories/2022-04-11/088_RR220411A_459C_1527.bmp,088_RR220411A_459C_1527.bmp,Trajectories/2022-02-04/133_RR220204A_467C_1754-01.bmp,133_RR220204A_467C_1754-01.bmp,(√13 x √13),2,SY,,2025-12-10T16:58:24.951554,,,,(√13 x √13),Trajectories/2022-02-04/133_RR220204A_467C_1754-01.bmp || Trajectories/2022-04-11/088_RR220411A_459C_1527.bmp,/home/user/rl_quantum_2026summer/data/original data/Trajectories/2022-04-11/088_RR220411A_459C_1527.bmp,/home/user/rl_quantum_2026summer/data/original data/Trajectories/2022-02-04/133_RR220204A_467C_1754-01.bmp,3,1.0
Trajectories/2022-02-04/074_RR220204A_297C_1711.bmp,074_RR220204A_297C_1711.bmp,Trajectories/2022-02-04/037_RR220204A_579C_0146.bmp,037_RR220204A_579C_0146.bmp,(√13 x √13),tie,AJ,,2025-12-06 01:20:43,,,,(√13 x √13),Trajectories/2022-02-04/037_RR220204A_579C_0146.bmp || Trajectories/2022-02-04/074_RR220204A_297C_1711.bmp,/home/user/rl_quantum_2026summer/data/original data/Trajectories/2022-02-04/074_RR220204A_297C_1711.bmp,/home/user/rl_quantum_2026summer/data/original data/Trajectories/2022-02-04/037_RR220204A_579C_0146.bmp,3,1.0
Trajectories/2022-04-11/313_RR220411A_839C_1856.bmp,313_RR220411A_839C_1856.bmp,Trajectories/2022-02-04/148_RR220204A_480C_1804.bmp,148_RR220204A_480C_1804.bmp,HTR,not_apply,SY,,2025-12-10T16:55:08.391543,,,,HTR,Trajectories/2022-02-04/148_RR220204A_480C_1804.bmp || Trajectories/2022-04-11/313_RR220411A_839C_1856.bmp,/home/user/rl_quantum_2026summer/data/original data/Trajectories/2022-04-11/313_RR220411A_839C_1856.bmp,/home/user/rl_quantum_2026summer/data/original data/Trajectories/2022-02-04/148_RR220204A_480C_1804.bmp,4,1.0
Trajectories/2022-04-11/313_RR220411A_839C_1856.bmp,313_RR220411A_839C_1856.bmp,Trajectories/2022-02-04/148_RR220204A_480C_1804.bmp,148_RR220204A_480C_1804.bmp,(1 x 1),1,SY,,2025-12-10T16:55:09.183561,,,,(1 x 1),Trajectories/2022-02-04/148_RR220204A_480C_1804.bmp || Trajectories/2022-04-11/313_RR220411A_839C_1856.bmp,/home/user/rl_quantum_2026summer/data/original data/Trajectories/2022-04-11/313_RR220411A_839C_1856.bmp,/home/user/rl_quantum_2026summer/data/original data/Trajectories/2022-02-04/148_RR220204A_480C_1804.bmp,0,1.0
Trajectories/2022-04-11/313_RR220411A_839C_1856.bmp,313_RR220411A_839C_1856.bmp,Trajectories/2022-02-04/148_RR220204A_480C_1804.bmp,148_RR220204A_480C_1804.bmp,c(6 x 2),1,SY,,2025-12-10T16:55:10.663841,,,,c(6 x 2),Trajectories/2022-02-04/148_RR220204A_480C_1804.bmp || Trajectories/2022-04-11/313_RR220411A_839C_1856.bmp,/home/user/rl_quantum_2026summer/data/original data/Trajectories/2022-04-11/313_RR220411A_839C_1856.bmp,/home/user/rl_quantum_2026summer/data/original data/Trajectories/2022-02-04/148_RR220204A_480C_1804.bmp,2,1.0
Trajectories/2022-04-11/313_RR220411A_839C_1856.bmp,313_RR220411A_839C_1856.bmp,Trajectories/2022-02-04/148_RR220204A_480C_1804.bmp,148_RR220204A_480C_1804.bmp,(√13 x √13),1,SY,,2025-12-10T16:55:11.342948,,,,(√13 x √13),Trajectories/2022-02-04/148_RR220204A_480C_1804.bmp || Trajectories/2022-04-11/313_RR220411A_839C_1856.bmp,/home/user/rl_quantum_2026summer/data/original data/Trajectories/2022-04-11/313_RR220411A_839C_1856.bmp,/home/user/rl_quantum_2026summer/data/original data/Trajectories/2022-02-04/148_RR220204A_480C_1804.bmp,3,1.0
Trajectories/2022-04-11/131_RR220411A_606C_1603.bmp,131_RR220411A_606C_1603.bmp,Trajectories/2022-04-11/063_RR220411A_402C_1510.bmp,063_RR220411A_402C_1510.bmp,(√13 x √13),not_apply,HL,,2026-01-05T23:20:38.660365,311.0,288.0,Confident,(√13 x √13),Trajectories/2022-04-11/063_RR220411A_402C_1510.bmp || Trajectories/2022-04-11/131_RR220411A_606C_1603.bmp,/home/user/rl_quantum_2026summer/data/original data/Trajectories/2022-04-11/131_RR220411A_606C_1603.bmp,/home/user/rl_quantum_2026summer/data/original data/Trajectories/2022-04-11/063_RR220411A_402C_1510.bmp,3,1.0
Trajectories/2022-04-11/131_RR220411A_606C_1603.bmp,131_RR220411A_606C_1603.bmp,Trajectories/2022-04-11/063_RR220411A_402C_1510.bmp,063_RR220411A_402C_1510.bmp,HTR,not_apply,HL,,2026-01-05T23:20:39.755345,311.0,288.0,Confident,HTR,Trajectories/2022-04-11/063_RR220411A_402C_1510.bmp || Trajectories/2022-04-11/131_RR220411A_606C_1603.bmp,/home/user/rl_quantum_2026summer/data/original data/Trajectories/2022-04-11/131_RR220411A_606C_1603.bmp,/home/user/rl_quantum_2026summer/data/original data/Trajectories/2022-04-11/063_RR220411A_402C_1510.bmp,4,1.0
Trajectories/2022-04-11/131_RR220411A_606C_1603.bmp,131_RR220411A_606C_1603.bmp,Trajectories/2022-04-11/063_RR220411A_402C_1510.bmp,063_RR220411A_402C_1510.bmp,(1 x 1),tie,HL,,2026-01-05T23:20:40.921171,311.0,288.0,Confident,(1 x 1),Trajectories/2022-04-11/063_RR220411A_402C_1510.bmp || Trajectories/2022-04-11/131_RR220411A_606C_1603.bmp,/home/user/rl_quantum_2026summer/data/original data/Trajectories/2022-04-11/131_RR220411A_606C_1603.bmp,/home/user/rl_quantum_2026summer/data/original data/Trajectories/2022-04-11/063_RR220411A_402C_1510.bmp,0,1.0
Trajectories/2022-04-11/131_RR220411A_606C_1603.bmp,131_RR220411A_606C_1603.bmp,Trajectories/2022-04-11/063_RR220411A_402C_1510.bmp,063_RR220411A_402C_1510.bmp,c(6 x 2),not_apply,HL,,2026-01-05T23:20:42.095261,311.0,288.0,Confident,c(6 x 2),Trajectories/2022-04-11/063_RR220411A_402C_1510.bmp || Trajectories/2022-04-11/131_RR220411A_606C_1603.bmp,/home/user/rl_quantum_2026summer/data/original data/Trajectories/2022-04-11/131_RR220411A_606C_1603.bmp,/home/user/rl_quantum_2026summer/data/original data/Trajectories/2022-04-11/063_RR220411A_402C_1510.bmp,2,1.0
Trajectories/2022-04-11/291_RR220411A_888C_1840.bmp,291_RR220411A_888C_1840.bmp,Trajectories/2022-02-04/007_RR220204A_931C_0051.bmp,007_RR220204A_931C_0051.bmp,(√13 x √13),tie,AJ,,2025-12-26T10:56:06.706063,161.0,224.0,Confident,(√13 x √13),Trajectories/2022-02-04/007_RR220204A_931C_0051.bmp || Trajectories/2022-04-11/291_RR220411A_888C_1840.bmp,/home/user/rl_quantum_2026summer/data/original data/Trajectories/2022-04-11/291_RR220411A_888C_1840.bmp,/home/user/rl_quantum_2026summer/data/original data/Trajectories/2022-02-04/007_RR220204A_931C_0051.bmp,3,1.0
Trajectories/2022-04-11/291_RR220411A_888C_1840.bmp,291_RR220411A_888C_1840.bmp,Trajectories/2022-02-04/007_RR220204A_931C_0051.bmp,007_RR220204A_931C_0051.bmp,c(6 x 2),tie,AJ,,2025-12-26T10:56:07.631597,161.0,224.0,Confident,c(6 x 2),Trajectories/2022-02-04/007_RR220204A_931C_0051.bmp || Trajectories/2022-04-11/291_RR220411A_888C_1840.bmp,/home/user/rl_quantum_2026summer/data/original data/Trajectories/2022-04-11/291_RR220411A_888C_1840.bmp,/home/user/rl_quantum_2026summer/data/original data/Trajectories/2022-02-04/007_RR220204A_931C_0051.bmp,2,1.0
Trajectories/2022-04-11/291_RR220411A_888C_1840.bmp,291_RR220411A_888C_1840.bmp,Trajectories/2022-02-04/007_RR220204A_931C_0051.bmp,007_RR220204A_931C_0051.bmp,HTR,not_apply,AJ,,2025-12-26T10:56:08.583611,161.0,224.0,Confident,HTR,Trajectories/2022-02-04/007_RR220204A_931C_0051.bmp || Trajectories/2022-04-11/291_RR220411A_888C_1840.bmp,/home/user/rl_quantum_2026summer/data/original data/Trajectories/2022-04-11/291_RR220411A_888C_1840.bmp,/home/user/rl_quantum_2026summer/data/original data/Trajectories/2022-02-04/007_RR220204A_931C_0051.bmp,4,1.0
Trajectories/2022-04-11/291_RR220411A_888C_1840.bmp,291_RR220411A_888C_1840.bmp,Trajectories/2022-02-04/007_RR220204A_931C_0051.bmp,007_RR220204A_931C_0051.bmp,(1 x 1),not_apply,AJ,,2025-12-26T10:56:10.369437,161.0,224.0,Confident,(1 x 1),Trajectories/2022-02-04/007_RR220204A_931C_0051.bmp || Trajectories/2022-04-11/291_RR220411A_888C_1840.bmp,/home/user/rl_quantum_2026summer/data/original data/Trajectories/2022-04-11/291_RR220411A_888C_1840.bmp,/home/user/rl_quantum_2026summer/data/original data/Trajectories/2022-02-04/007_RR220204A_931C_0051.bmp,0,1.0
Trajectories/2022-02-06/171_RR220206A_1085C_2027.bmp,171_RR220206A_1085C_2027.bmp,Trajectories/2022-02-04/038_RR220204A_576C_0147.bmp,038_RR220204A_576C_0147.bmp,(√13 x √13),2,AJ,,2025-12-06 01:18:06,,,,(√13 x √13),Trajectories/2022-02-04/038_RR220204A_576C_0147.bmp || Trajectories/2022-02-06/171_RR220206A_1085C_2027.bmp,/home/user/rl_quantum_2026summer/data/original data/Trajectories/2022-02-06/171_RR220206A_1085C_2027.bmp,/home/user/rl_quantum_2026summer/data/original data/Trajectories/2022-02-04/038_RR220204A_576C_0147.bmp,3,1.0
Trajectories/2022-02-06/171_RR220206A_1085C_2027.bmp,171_RR220206A_1085C_2027.bmp,Trajectories/2022-02-04/038_RR220204A_576C_0147.bmp,038_RR220204A_576C_0147.bmp,HTR,1,AJ,,2025-12-06 01:18:05,,,,HTR,Trajectories/2022-02-04/038_RR220204A_576C_0147.bmp || Trajectories/2022-02-06/171_RR220206A_1085C_2027.bmp,/home/user/rl_quantum_2026summer/data/original data/Trajectories/2022-02-06/171_RR220206A_1085C_2027.bmp,/home/user/rl_quantum_2026summer/data/original data/Trajectories/2022-02-04/038_RR220204A_576C_0147.bmp,4,1.0
Trajectories/2022-02-06/230_RR220206A_767C_2143.bmp,230_RR220206A_767C_2143.bmp,Trajectories/2022-02-04/170_RR220204A_536C_1818.bmp,170_RR220204A_536C_1818.bmp,(√13 x √13),2,AJ,,2025-12-26T10:55:11.349541,183.0,211.0,Confident,(√13 x √13),Trajectories/2022-02-04/170_RR220204A_536C_1818.bmp || Trajectories/2022-02-06/230_RR220206A_767C_2143.bmp,/home/user/rl_quantum_2026summer/data/original data/Trajectories/2022-02-06/230_RR220206A_767C_2143.bmp,/home/user/rl_quantum_2026summer/data/original data/Trajectories/2022-02-04/170_RR220204A_536C_1818.bmp,3,1.0
Trajectories/2022-02-06/230_RR220206A_767C_2143.bmp,230_RR220206A_767C_2143.bmp,Trajectories/2022-02-04/170_RR220204A_536C_1818.bmp,170_RR220204A_536C_1818.bmp,c(6 x 2),2,AJ,,2025-12-26T10:55:12.497539,183.0,211.0,Confident,c(6 x 2),Trajectories/2022-02-04/170_RR220204A_536C_1818.bmp || Trajectories/2022-02-06/230_RR220206A_767C_2143.bmp,/home/user/rl_quantum_2026summer/data/original data/Trajectories/2022-02-06/230_RR220206A_767C_2143.bmp,/home/user/rl_quantum_2026summer/data/original data/Trajectories/2022-02-04/170_RR220204A_536C_1818.bmp,2,1.0
Trajectories/2022-02-06/230_RR220206A_767C_2143.bmp,230_RR220206A_767C_2143.bmp,Trajectories/2022-02-04/170_RR220204A_536C_1818.bmp,170_RR220204A_536C_1818.bmp,(1 x 1),not_apply,AJ,,2025-12-26T10:55:13.481292,183.0,211.0,Confident,(1 x 1),Trajectories/2022-02-04/170_RR220204A_536C_1818.bmp || Trajectories/2022-02-06/230_RR220206A_767C_2143.bmp,/home/user/rl_quantum_2026summer/data/original data/Trajectories/2022-02-06/230_RR220206A_767C_2143.bmp,/home/user/rl_quantum_2026summer/data/original data/Trajectories/2022-02-04/170_RR220204A_536C_1818.bmp,0,1.0
Trajectories/2022-02-06/230_RR220206A_767C_2143.bmp,230_RR220206A_767C_2143.bmp,Trajectories/2022-02-04/170_RR220204A_536C_1818.bmp,170_RR220204A_536C_1818.bmp,HTR,1,AJ,,2025-12-26T10:55:14.454887,183.0,211.0,Confident,HTR,Trajectories/2022-02-04/170_RR220204A_536C_1818.bmp || Trajectories/2022-02-06/230_RR220206A_767C_2143.bmp,/home/user/rl_quantum_2026summer/data/original data/Trajectories/2022-02-06/230_RR220206A_767C_2143.bmp,/home/user/rl_quantum_2026summer/data/original data/Trajectories/2022-02-04/170_RR220204A_536C_1818.bmp,4,1.0
Trajectories/2022-04-11/183_RR220411A_794C_1655.bmp,183_RR220411A_794C_1655.bmp,Trajectories/2022-04-11/226_RR220411A_873C_1725.bmp,226_RR220411A_873C_1725.bmp,c(6 x 2),2,SY,,2025-12-10T17:02:15.862234,,,,c(6 x 2),Trajectories/2022-04-11/183_RR220411A_794C_1655.bmp || Trajectories/2022-04-11/226_RR220411A_873C_1725.bmp,/home/user/rl_quantum_2026summer/data/original data/Trajectories/2022-04-11/183_RR220411A_794C_1655.bmp,/home/user/rl_quantum_2026summer/data/original data/Trajectories/2022-04-11/226_RR220411A_873C_1725.bmp,2,1.0
Trajectories/2022-04-11/183_RR220411A_794C_1655.bmp,183_RR220411A_794C_1655.bmp,Trajectories/2022-04-11/226_RR220411A_873C_1725.bmp,226_RR220411A_873C_1725.bmp,(√13 x √13),2,SY,,2025-12-10T17:02:16.573074,,,,(√13 x √13),Trajectories/2022-04-11/183_RR220411A_794C_1655.bmp || Trajectories/2022-04-11/226_RR220411A_873C_1725.bmp,/home/user/rl_quantum_2026summer/data/original data/Trajectories/2022-04-11/183_RR220411A_794C_1655.bmp,/home/user/rl_quantum_2026summer/data/original data/Trajectories/2022-04-11/226_RR220411A_873C_1725.bmp,3,1.0
Trajectories/2022-04-11/183_RR220411A_794C_1655.bmp,183_RR220411A_794C_1655.bmp,Trajectories/2022-04-11/226_RR220411A_873C_1725.bmp,226_RR220411A_873C_1725.bmp,(1 x 1),tie,SY,,2025-12-10T17:02:17.241921,,,,(1 x 1),Trajectories/2022-04-11/183_RR220411A_794C_1655.bmp || Trajectories/2022-04-11/226_RR220411A_873C_1725.bmp,/home/user/rl_quantum_2026summer/data/original data/Trajectories/2022-04-11/183_RR220411A_794C_1655.bmp,/home/user/rl_quantum_2026summer/data/original data/Trajectories/2022-04-11/226_RR220411A_873C_1725.bmp,0,1.0
Trajectories/2022-04-11/183_RR220411A_794C_1655.bmp,183_RR220411A_794C_1655.bmp,Trajectories/2022-04-11/226_RR220411A_873C_1725.bmp,226_RR220411A_873C_1725.bmp,HTR,not_apply,SY,,2025-12-10T17:02:18.571634,,,,HTR,Trajectories/2022-04-11/183_RR220411A_794C_1655.bmp || Trajectories/2022-04-11/226_RR220411A_873C_1725.bmp,/home/user/rl_quantum_2026summer/data/original data/Trajectories/2022-04-11/183_RR220411A_794C_1655.bmp,/home/user/rl_quantum_2026summer/data/original data/Trajectories/2022-04-11/226_RR220411A_873C_1725.bmp,4,1.0
Trajectories/2022-02-04/126_RR220204A_443C_1750.bmp,126_RR220204A_443C_1750.bmp,Trajectories/2022-04-11/213_RR220411A_857C_1715.bmp,213_RR220411A_857C_1715.bmp,(√13 x √13),1,HL,,2026-01-05T23:23:23.972572,257.0,270.0,Confident,(√13 x √13),Trajectories/2022-02-04/126_RR220204A_443C_1750.bmp || Trajectories/2022-04-11/213_RR220411A_857C_1715.bmp,/home/user/rl_quantum_2026summer/data/original data/Trajectories/2022-02-04/126_RR220204A_443C_1750.bmp,/home/user/rl_quantum_2026summer/data/original data/Trajectories/2022-04-11/213_RR220411A_857C_1715.bmp,3,1.0
Trajectories/2022-02-04/126_RR220204A_443C_1750.bmp,126_RR220204A_443C_1750.bmp,Trajectories/2022-04-11/213_RR220411A_857C_1715.bmp,213_RR220411A_857C_1715.bmp,HTR,2,HL,,2026-01-05T23:23:24.915946,257.0,270.0,Confident,HTR,Trajectories/2022-02-04/126_RR220204A_443C_1750.bmp || Trajectories/2022-04-11/213_RR220411A_857C_1715.bmp,/home/user/rl_quantum_2026summer/data/original data/Trajectories/2022-02-04/126_RR220204A_443C_1750.bmp,/home/user/rl_quantum_2026summer/data/original data/Trajectories/2022-04-11/213_RR220411A_857C_1715.bmp,4,1.0
Trajectories/2022-02-04/126_RR220204A_443C_1750.bmp,126_RR220204A_443C_1750.bmp,Trajectories/2022-04-11/213_RR220411A_857C_1715.bmp,213_RR220411A_857C_1715.bmp,c(6 x 2),not_apply,HL,,2026-01-05T23:23:25.959887,257.0,270.0,Confident,c(6 x 2),Trajectories/2022-02-04/126_RR220204A_443C_1750.bmp || Trajectories/2022-04-11/213_RR220411A_857C_1715.bmp,/home/user/rl_quantum_2026summer/data/original data/Trajectories/2022-02-04/126_RR220204A_443C_1750.bmp,/home/user/rl_quantum_2026summer/data/original data/Trajectories/2022-04-11/213_RR220411A_857C_1715.bmp,2,1.0
Trajectories/2022-02-04/126_RR220204A_443C_1750.bmp,126_RR220204A_443C_1750.bmp,Trajectories/2022-04-11/213_RR220411A_857C_1715.bmp,213_RR220411A_857C_1715.bmp,(1 x 1),1,HL,,2026-01-05T23:23:26.888675,257.0,270.0,Confident,(1 x 1),Trajectories/2022-02-04/126_RR220204A_443C_1750.bmp || Trajectories/2022-04-11/213_RR220411A_857C_1715.bmp,/home/user/rl_quantum_2026summer/data/original data/Trajectories/2022-02-04/126_RR220204A_443C_1750.bmp,/home/user/rl_quantum_2026summer/data/original data/Trajectories/2022-04-11/213_RR220411A_857C_1715.bmp,0,1.0
Trajectories/2022-02-04/148_RR220204A_480C_1804.bmp,148_RR220204A_480C_1804.bmp,Trajectories/2022-04-11/314_RR220411A_836C_1857.bmp,314_RR220411A_836C_1857.bmp,(√13 x √13),tie,AJ,,2025-12-12T00:18:45.475955,,,,(√13 x √13),Trajectories/2022-02-04/148_RR220204A_480C_1804.bmp || Trajectories/2022-04-11/314_RR220411A_836C_1857.bmp,/home/user/rl_quantum_2026summer/data/original data/Trajectories/2022-02-04/148_RR220204A_480C_1804.bmp,/home/user/rl_quantum_2026summer/data/original data/Trajectories/2022-04-11/314_RR220411A_836C_1857.bmp,3,1.0
Trajectories/2022-02-06/090_RR220206A_568C_1828.bmp,090_RR220206A_568C_1828.bmp,Trajectories/2022-04-11/149_RR220411A_676C_1619.bmp,149_RR220411A_676C_1619.bmp,c(6 x 2),not_apply,AJ,,2025-12-26T08:43:44.051930,193.0,205.0,Confident,c(6 x 2),Trajectories/2022-02-06/090_RR220206A_568C_1828.bmp || Trajectories/2022-04-11/149_RR220411A_676C_1619.bmp,/home/user/rl_quantum_2026summer/data/original data/Trajectories/2022-02-06/090_RR220206A_568C_1828.bmp,/home/user/rl_quantum_2026summer/data/original data/Trajectories/2022-04-11/149_RR220411A_676C_1619.bmp,2,1.0
Trajectories/2022-02-06/090_RR220206A_568C_1828.bmp,090_RR220206A_568C_1828.bmp,Trajectories/2022-04-11/149_RR220411A_676C_1619.bmp,149_RR220411A_676C_1619.bmp,(√13 x √13),not_apply,AJ,,2025-12-26T08:43:45.039194,193.0,205.0,Confident,(√13 x √13),Trajectories/2022-02-06/090_RR220206A_568C_1828.bmp || Trajectories/2022-04-11/149_RR220411A_676C_1619.bmp,/home/user/rl_quantum_2026summer/data/original data/Trajectories/2022-02-06/090_RR220206A_568C_1828.bmp,/home/user/rl_quantum_2026summer/data/original data/Trajectories/2022-04-11/149_RR220411A_676C_1619.bmp,3,1.0
Trajectories/2022-02-06/090_RR220206A_568C_1828.bmp,090_RR220206A_568C_1828.bmp,Trajectories/2022-04-11/149_RR220411A_676C_1619.bmp,149_RR220411A_676C_1619.bmp,(1 x 1),tie,AJ,,2025-12-26T08:43:45.922115,193.0,205.0,Confident,(1 x 1),Trajectories/2022-02-06/090_RR220206A_568C_1828.bmp || Trajectories/2022-04-11/149_RR220411A_676C_1619.bmp,/home/user/rl_quantum_2026summer/data/original data/Trajectories/2022-02-06/090_RR220206A_568C_1828.bmp,/home/user/rl_quantum_2026summer/data/original data/Trajectories/2022-04-11/149_RR220411A_676C_1619.bmp,0,1.0
Trajectories/2022-02-06/090_RR220206A_568C_1828.bmp,090_RR220206A_568C_1828.bmp,Trajectories/2022-04-11/149_RR220411A_676C_1619.bmp,149_RR220411A_676C_1619.bmp,HTR,not_apply,AJ,,2025-12-26T08:43:46.831986,193.0,205.0,Confident,HTR,Trajectories/2022-02-06/090_RR220206A_568C_1828.bmp || Trajectories/2022-04-11/149_RR220411A_676C_1619.bmp,/home/user/rl_quantum_2026summer/data/original data/Trajectories/2022-02-06/090_RR220206A_568C_1828.bmp,/home/user/rl_quantum_2026summer/data/original data/Trajectories/2022-04-11/149_RR220411A_676C_1619.bmp,4,1.0
Trajectories/2022-04-11/204_RR220411A_851C_1712.bmp,204_RR220411A_851C_1712.bmp,Trajectories/2022-02-04/131_RR220204A_466C_1754.bmp,131_RR220204A_466C_1754.bmp,c(6 x 2),not_apply,HL,,2025-12-15T21:06:00.801724,,,,c(6 x 2),Trajectories/2022-02-04/131_RR220204A_466C_1754.bmp || Trajectories/2022-04-11/204_RR220411A_851C_1712.bmp,/home/user/rl_quantum_2026summer/data/original data/Trajectories/2022-04-11/204_RR220411A_851C_1712.bmp,/home/user/rl_quantum_2026summer/data/original data/Trajectories/2022-02-04/131_RR220204A_466C_1754.bmp,2,1.0
Trajectories/2022-04-11/204_RR220411A_851C_1712.bmp,204_RR220411A_851C_1712.bmp,Trajectories/2022-02-04/131_RR220204A_466C_1754.bmp,131_RR220204A_466C_1754.bmp,(√13 x √13),2,HL,,2025-12-15T21:06:02.996487,,,,(√13 x √13),Trajectories/2022-02-04/131_RR220204A_466C_1754.bmp || Trajectories/2022-04-11/204_RR220411A_851C_1712.bmp,/home/user/rl_quantum_2026summer/data/original data/Trajectories/2022-04-11/204_RR220411A_851C_1712.bmp,/home/user/rl_quantum_2026summer/data/original data/Trajectories/2022-02-04/131_RR220204A_466C_1754.bmp,3,1.0
Trajectories/2022-04-11/204_RR220411A_851C_1712.bmp,204_RR220411A_851C_1712.bmp,Trajectories/2022-02-04/131_RR220204A_466C_1754.bmp,131_RR220204A_466C_1754.bmp,(1 x 1),not_apply,HL,,2025-12-15T21:06:03.890960,,,,(1 x 1),Trajectories/2022-02-04/131_RR220204A_466C_1754.bmp || Trajectories/2022-04-11/204_RR220411A_851C_1712.bmp,/home/user/rl_quantum_2026summer/data/original data/Trajectories/2022-04-11/204_RR220411A_851C_1712.bmp,/home/user/rl_quantum_2026summer/data/original data/Trajectories/2022-02-04/131_RR220204A_466C_1754.bmp,0,1.0
Trajectories/2022-04-11/204_RR220411A_851C_1712.bmp,204_RR220411A_851C_1712.bmp,Trajectories/2022-02-04/131_RR220204A_466C_1754.bmp,131_RR220204A_466C_1754.bmp,HTR,not_apply,HL,,2025-12-15T21:06:04.866413,,,,HTR,Trajectories/2022-02-04/131_RR220204A_466C_1754.bmp || Trajectories/2022-04-11/204_RR220411A_851C_1712.bmp,/home/user/rl_quantum_2026summer/data/original data/Trajectories/2022-04-11/204_RR220411A_851C_1712.bmp,/home/user/rl_quantum_2026summer/data/original data/Trajectories/2022-02-04/131_RR220204A_466C_1754.bmp,4,1.0
Trajectories/2022-02-06/215_RR220206A_835C_2123.bmp,215_RR220206A_835C_2123.bmp,Trajectories/2022-04-11/140_RR220411A_647C_1612.bmp,140_RR220411A_647C_1612.bmp,HTR,1,AJ,,2025-12-12T00:16:35.915204,,,,HTR,Trajectories/2022-02-06/215_RR220206A_835C_2123.bmp || Trajectories/2022-04-11/140_RR220411A_647C_1612.bmp,/home/user/rl_quantum_2026summer/data/original data/Trajectories/2022-02-06/215_RR220206A_835C_2123.bmp,/home/user/rl_quantum_2026summer/data/original data/Trajectories/2022-04-11/140_RR220411A_647C_1612.bmp,4,1.0
Trajectories/2022-02-06/215_RR220206A_835C_2123.bmp,215_RR220206A_835C_2123.bmp,Trajectories/2022-04-11/140_RR220411A_647C_1612.bmp,140_RR220411A_647C_1612.bmp,(1 x 1),2,AJ,,2025-12-12T00:16:36.690209,,,,(1 x 1),Trajectories/2022-02-06/215_RR220206A_835C_2123.bmp || Trajectories/2022-04-11/140_RR220411A_647C_1612.bmp,/home/user/rl_quantum_2026summer/data/original data/Trajectories/2022-02-06/215_RR220206A_835C_2123.bmp,/home/user/rl_quantum_2026summer/data/original data/Trajectories/2022-04-11/140_RR220411A_647C_1612.bmp,0,1.0
Trajectories/2022-02-06/230_RR220206A_767C_2143.bmp,230_RR220206A_767C_2143.bmp,Trajectories/2022-02-04/001_RR220204A_933C_0006.bmp,001_RR220204A_933C_0006.bmp,(1 x 1),not_apply,HL,,2026-01-02T22:16:55.498005,200.0,368.0,Somewhat sure,(1 x 1),Trajectories/2022-02-04/001_RR220204A_933C_0006.bmp || Trajectories/2022-02-06/230_RR220206A_767C_2143.bmp,/home/user/rl_quantum_2026summer/data/original data/Trajectories/2022-02-06/230_RR220206A_767C_2143.bmp,/home/user/rl_quantum_2026summer/data/original data/Trajectories/2022-02-04/001_RR220204A_933C_0006.bmp,0,0.7
Trajectories/2022-02-06/230_RR220206A_767C_2143.bmp,230_RR220206A_767C_2143.bmp,Trajectories/2022-02-04/001_RR220204A_933C_0006.bmp,001_RR220204A_933C_0006.bmp,(√13 x √13),2,HL,,2026-01-02T22:16:57.327128,200.0,368.0,Somewhat sure,(√13 x √13),Trajectories/2022-02-04/001_RR220204A_933C_0006.bmp || Trajectories/2022-02-06/230_RR220206A_767C_2143.bmp,/home/user/rl_quantum_2026summer/data/original data/Trajectories/2022-02-06/230_RR220206A_767C_2143.bmp,/home/user/rl_quantum_2026summer/data/original data/Trajectories/2022-02-04/001_RR220204A_933C_0006.bmp,3,0.7
Trajectories/2022-02-06/230_RR220206A_767C_2143.bmp,230_RR220206A_767C_2143.bmp,Trajectories/2022-02-04/001_RR220204A_933C_0006.bmp,001_RR220204A_933C_0006.bmp,HTR,1,HL,,2026-01-02T22:16:58.510130,200.0,368.0,Somewhat sure,HTR,Trajectories/2022-02-04/001_RR220204A_933C_0006.bmp || Trajectories/2022-02-06/230_RR220206A_767C_2143.bmp,/home/user/rl_quantum_2026summer/data/original data/Trajectories/2022-02-06/230_RR220206A_767C_2143.bmp,/home/user/rl_quantum_2026summer/data/original data/Trajectories/2022-02-04/001_RR220204A_933C_0006.bmp,4,0.7
Trajectories/2022-02-06/230_RR220206A_767C_2143.bmp,230_RR220206A_767C_2143.bmp,Trajectories/2022-02-04/001_RR220204A_933C_0006.bmp,001_RR220204A_933C_0006.bmp,c(6 x 2),not_apply,HL,,2026-01-02T22:16:59.758522,200.0,368.0,Somewhat sure,c(6 x 2),Trajectories/2022-02-04/001_RR220204A_933C_0006.bmp || Trajectories/2022-02-06/230_RR220206A_767C_2143.bmp,/home/user/rl_quantum_2026summer/data/original data/Trajectories/2022-02-06/230_RR220206A_767C_2143.bmp,/home/user/rl_quantum_2026summer/data/original data/Trajectories/2022-02-04/001_RR220204A_933C_0006.bmp,2,0.7
Trajectories/2022-02-04/049_RR220204A_218C_0201.bmp,049_RR220204A_218C_0201.bmp,Trajectories/2022-02-04/307_RR220204A_912C_2025.bmp,307_RR220204A_912C_2025.bmp,(1 x 1),tie,SY,,2025-12-10T16:54:22.255228,,,,(1 x 1),Trajectories/2022-02-04/049_RR220204A_218C_0201.bmp || Trajectories/2022-02-04/307_RR220204A_912C_2025.bmp,/home/user/rl_quantum_2026summer/data/original data/Trajectories/2022-02-04/049_RR220204A_218C_0201.bmp,/home/user/rl_quantum_2026summer/data/original data/Trajectories/2022-02-04/307_RR220204A_912C_2025.bmp,0,1.0
Trajectories/2022-02-04/049_RR220204A_218C_0201.bmp,049_RR220204A_218C_0201.bmp,Trajectories/2022-02-04/307_RR220204A_912C_2025.bmp,307_RR220204A_912C_2025.bmp,HTR,not_apply,SY,,2025-12-10T16:54:23.058574,,,,HTR,Trajectories/2022-02-04/049_RR220204A_218C_0201.bmp || Trajectories/2022-02-04/307_RR220204A_912C_2025.bmp,/home/user/rl_quantum_2026summer/data/original data/Trajectories/2022-02-04/049_RR220204A_218C_0201.bmp,/home/user/rl_quantum_2026summer/data/original data/Trajectories/2022-02-04/307_RR220204A_912C_2025.bmp,4,1.0
Trajectories/2022-02-04/049_RR220204A_218C_0201.bmp,049_RR220204A_218C_0201.bmp,Trajectories/2022-02-04/307_RR220204A_912C_2025.bmp,307_RR220204A_912C_2025.bmp,(√13 x √13),2,SY,,2025-12-10T16:54:23.808624,,,,(√13 x √13),Trajectories/2022-02-04/049_RR220204A_218C_0201.bmp || Trajectories/2022-02-04/307_RR220204A_912C_2025.bmp,/home/user/rl_quantum_2026summer/data/original data/Trajectories/2022-02-04/049_RR220204A_218C_0201.bmp,/home/user/rl_quantum_2026summer/data/original data/Trajectories/2022-02-04/307_RR220204A_912C_2025.bmp,3,1.0
Trajectories/2022-02-04/049_RR220204A_218C_0201.bmp,049_RR220204A_218C_0201.bmp,Trajectories/2022-02-04/307_RR220204A_912C_2025.bmp,307_RR220204A_912C_2025.bmp,c(6 x 2),not_apply,SY,,2025-12-10T16:54:24.538820,,,,c(6 x 2),Trajectories/2022-02-04/049_RR220204A_218C_0201.bmp || Trajectories/2022-02-04/307_RR220204A_912C_2025.bmp,/home/user/rl_quantum_2026summer/data/original data/Trajectories/2022-02-04/049_RR220204A_218C_0201.bmp,/home/user/rl_quantum_2026summer/data/original data/Trajectories/2022-02-04/307_RR220204A_912C_2025.bmp,2,1.0
Trajectories/2022-02-06/191_RR220206A_960C_2056.bmp,191_RR220206A_960C_2056.bmp,Trajectories/2022-02-04/219_RR220204A_668C_1852.bmp,219_RR220204A_668C_1852.bmp,(1 x 1),1,SY,,2025-12-10T17:00:33.631831,,,,(1 x 1),Trajectories/2022-02-04/219_RR220204A_668C_1852.bmp || Trajectories/2022-02-06/191_RR220206A_960C_2056.bmp,/home/user/rl_quantum_2026summer/data/original data/Trajectories/2022-02-06/191_RR220206A_960C_2056.bmp,/home/user/rl_quantum_2026summer/data/original data/Trajectories/2022-02-04/219_RR220204A_668C_1852.bmp,0,1.0
Trajectories/2022-02-06/191_RR220206A_960C_2056.bmp,191_RR220206A_960C_2056.bmp,Trajectories/2022-02-04/219_RR220204A_668C_1852.bmp,219_RR220204A_668C_1852.bmp,HTR,1,SY,,2025-12-10T17:00:34.429593,,,,HTR,Trajectories/2022-02-04/219_RR220204A_668C_1852.bmp || Trajectories/2022-02-06/191_RR220206A_960C_2056.bmp,/home/user/rl_quantum_2026summer/data/original data/Trajectories/2022-02-06/191_RR220206A_960C_2056.bmp,/home/user/rl_quantum_2026summer/data/original data/Trajectories/2022-02-04/219_RR220204A_668C_1852.bmp,4,1.0
Trajectories/2022-02-06/191_RR220206A_960C_2056.bmp,191_RR220206A_960C_2056.bmp,Trajectories/2022-02-04/219_RR220204A_668C_1852.bmp,219_RR220204A_668C_1852.bmp,c(6 x 2),not_apply,SY,,2025-12-10T17:00:36.496415,,,,c(6 x 2),Trajectories/2022-02-04/219_RR220204A_668C_1852.bmp || Trajectories/2022-02-06/191_RR220206A_960C_2056.bmp,/home/user/rl_quantum_2026summer/data/original data/Trajectories/2022-02-06/191_RR220206A_960C_2056.bmp,/home/user/rl_quantum_2026summer/data/original data/Trajectories/2022-02-04/219_RR220204A_668C_1852.bmp,2,1.0
Trajectories/2022-02-06/191_RR220206A_960C_2056.bmp,191_RR220206A_960C_2056.bmp,Trajectories/2022-02-04/219_RR220204A_668C_1852.bmp,219_RR220204A_668C_1852.bmp,(√13 x √13),2,SY,,2025-12-10T17:00:37.304338,,,,(√13 x √13),Trajectories/2022-02-04/219_RR220204A_668C_1852.bmp || Trajectories/2022-02-06/191_RR220206A_960C_2056.bmp,/home/user/rl_quantum_2026summer/data/original data/Trajectories/2022-02-06/191_RR220206A_960C_2056.bmp,/home/user/rl_quantum_2026summer/data/original data/Trajectories/2022-02-04/219_RR220204A_668C_1852.bmp,3,1.0
Trajectories/2022-02-06/058_RR220206A_249C_1745.bmp,058_RR220206A_249C_1745.bmp,Trajectories/2022-04-11/178_RR220411A_774C_1649.bmp,178_RR220411A_774C_1649.bmp,(1 x 1),2,AJ,,2025-12-06 01:18:28,,,,(1 x 1),Trajectories/2022-02-06/058_RR220206A_249C_1745.bmp || Trajectories/2022-04-11/178_RR220411A_774C_1649.bmp,/home/user/rl_quantum_2026summer/data/original data/Trajectories/2022-02-06/058_RR220206A_249C_1745.bmp,/home/user/rl_quantum_2026summer/data/original data/Trajectories/2022-04-11/178_RR220411A_774C_1649.bmp,0,1.0
Trajectories/2022-04-11/258_RR220411A_932C_1751.bmp,258_RR220411A_932C_1751.bmp,Trajectories/2022-04-11/246_RR220411A_915C_1741.bmp,246_RR220411A_915C_1741.bmp,(√13 x √13),tie,AJ,,2025-12-06 01:22:11,,,,(√13 x √13),Trajectories/2022-04-11/246_RR220411A_915C_1741.bmp || Trajectories/2022-04-11/258_RR220411A_932C_1751.bmp,/home/user/rl_quantum_2026summer/data/original data/Trajectories/2022-04-11/258_RR220411A_932C_1751.bmp,/home/user/rl_quantum_2026summer/data/original data/Trajectories/2022-04-11/246_RR220411A_915C_1741.bmp,3,1.0
Trajectories/2022-02-04/069_RR220204A_293C_1706.bmp,069_RR220204A_293C_1706.bmp,Trajectories/2022-02-06/147_RR220206A_1024C_1953.bmp,147_RR220206A_1024C_1953.bmp,(1 x 1),1,SY,,2025-12-14 08:53:40,,,,(1 x 1),Trajectories/2022-02-04/069_RR220204A_293C_1706.bmp || Trajectories/2022-02-06/147_RR220206A_1024C_1953.bmp,/home/user/rl_quantum_2026summer/data/original data/Trajectories/2022-02-04/069_RR220204A_293C_1706.bmp,/home/user/rl_quantum_2026summer/data/original data/Trajectories/2022-02-06/147_RR220206A_1024C_1953.bmp,0,1.0
Trajectories/2022-02-04/069_RR220204A_293C_1706.bmp,069_RR220204A_293C_1706.bmp,Trajectories/2022-02-06/147_RR220206A_1024C_1953.bmp,147_RR220206A_1024C_1953.bmp,(√13 x √13),1,SY,,2025-12-14 08:53:40,,,,(√13 x √13),Trajectories/2022-02-04/069_RR220204A_293C_1706.bmp || Trajectories/2022-02-06/147_RR220206A_1024C_1953.bmp,/home/user/rl_quantum_2026summer/data/original data/Trajectories/2022-02-04/069_RR220204A_293C_1706.bmp,/home/user/rl_quantum_2026summer/data/original data/Trajectories/2022-02-06/147_RR220206A_1024C_1953.bmp,3,1.0
Trajectories/2022-02-04/069_RR220204A_293C_1706.bmp,069_RR220204A_293C_1706.bmp,Trajectories/2022-02-06/147_RR220206A_1024C_1953.bmp,147_RR220206A_1024C_1953.bmp,c(6 x 2),2,SY,,2025-12-14 08:53:40,,,,c(6 x 2),Trajectories/2022-02-04/069_RR220204A_293C_1706.bmp || Trajectories/2022-02-06/147_RR220206A_1024C_1953.bmp,/home/user/rl_quantum_2026summer/data/original data/Trajectories/2022-02-04/069_RR220204A_293C_1706.bmp,/home/user/rl_quantum_2026summer/data/original data/Trajectories/2022-02-06/147_RR220206A_1024C_1953.bmp,2,1.0
Trajectories/2022-02-04/069_RR220204A_293C_1706.bmp,069_RR220204A_293C_1706.bmp,Trajectories/2022-02-06/147_RR220206A_1024C_1953.bmp,147_RR220206A_1024C_1953.bmp,HTR,2,SY,,2025-12-14 08:53:40,,,,HTR,Trajectories/2022-02-04/069_RR220204A_293C_1706.bmp || Trajectories/2022-02-06/147_RR220206A_1024C_1953.bmp,/home/user/rl_quantum_2026summer/data/original data/Trajectories/2022-02-04/069_RR220204A_293C_1706.bmp,/home/user/rl_quantum_2026summer/data/original data/Trajectories/2022-02-06/147_RR220206A_1024C_1953.bmp,4,1.0
Trajectories/2022-02-04/115_RR220204A_441C_1738.bmp,115_RR220204A_441C_1738.bmp,Trajectories/2022-02-06/152_RR220206A_1077C_2001-02.bmp,152_RR220206A_1077C_2001-02.bmp,c(6 x 2),1,AJ,,2025-12-26T08:13:28.371749,233.0,246.0,Confident,c(6 x 2),Trajectories/2022-02-04/115_RR220204A_441C_1738.bmp || Trajectories/2022-02-06/152_RR220206A_1077C_2001-02.bmp,/home/user/rl_quantum_2026summer/data/original data/Trajectories/2022-02-04/115_RR220204A_441C_1738.bmp,/home/user/rl_quantum_2026summer/data/original data/Trajectories/2022-02-06/152_RR220206A_1077C_2001-02.bmp,2,1.0
Trajectories/2022-02-04/115_RR220204A_441C_1738.bmp,115_RR220204A_441C_1738.bmp,Trajectories/2022-02-06/152_RR220206A_1077C_2001-02.bmp,152_RR220206A_1077C_2001-02.bmp,HTR,2,AJ,,2025-12-26T08:13:29.255117,233.0,246.0,Confident,HTR,Trajectories/2022-02-04/115_RR220204A_441C_1738.bmp || Trajectories/2022-02-06/152_RR220206A_1077C_2001-02.bmp,/home/user/rl_quantum_2026summer/data/original data/Trajectories/2022-02-04/115_RR220204A_441C_1738.bmp,/home/user/rl_quantum_2026summer/data/original data/Trajectories/2022-02-06/152_RR220206A_1077C_2001-02.bmp,4,1.0
Trajectories/2022-02-04/115_RR220204A_441C_1738.bmp,115_RR220204A_441C_1738.bmp,Trajectories/2022-02-06/152_RR220206A_1077C_2001-02.bmp,152_RR220206A_1077C_2001-02.bmp,(√13 x √13),1,AJ,,2025-12-26T08:13:30.275647,233.0,246.0,Confident,(√13 x √13),Trajectories/2022-02-04/115_RR220204A_441C_1738.bmp || Trajectories/2022-02-06/152_RR220206A_1077C_2001-02.bmp,/home/user/rl_quantum_2026summer/data/original data/Trajectories/2022-02-04/115_RR220204A_441C_1738.bmp,/home/user/rl_quantum_2026summer/data/original data/Trajectories/2022-02-06/152_RR220206A_1077C_2001-02.bmp,3,1.0
Trajectories/2022-02-04/115_RR220204A_441C_1738.bmp,115_RR220204A_441C_1738.bmp,Trajectories/2022-02-06/152_RR220206A_1077C_2001-02.bmp,152_RR220206A_1077C_2001-02.bmp,(1 x 1),not_apply,AJ,,2025-12-26T08:13:32.069187,233.0,246.0,Confident,(1 x 1),Trajectories/2022-02-04/115_RR220204A_441C_1738.bmp || Trajectories/2022-02-06/152_RR220206A_1077C_2001-02.bmp,/home/user/rl_quantum_2026summer/data/original data/Trajectories/2022-02-04/115_RR220204A_441C_1738.bmp,/home/user/rl_quantum_2026summer/data/original data/Trajectories/2022-02-06/152_RR220206A_1077C_2001-02.bmp,0,1.0
Trajectories/2022-04-11/370_RR220411A_640C_1934.bmp,370_RR220411A_640C_1934.bmp,Trajectories/2022-02-06/036_RR220206A_165C_1721.bmp,036_RR220206A_165C_1721.bmp,c(6 x 2),1,HL,,2025-12-15T21:29:38.721946,,,,c(6 x 2),Trajectories/2022-02-06/036_RR220206A_165C_1721.bmp || Trajectories/2022-04-11/370_RR220411A_640C_1934.bmp,/home/user/rl_quantum_2026summer/data/original data/Trajectories/2022-04-11/370_RR220411A_640C_1934.bmp,/home/user/rl_quantum_2026summer/data/original data/Trajectories/2022-02-06/036_RR220206A_165C_1721.bmp,2,1.0
Trajectories/2022-04-11/370_RR220411A_640C_1934.bmp,370_RR220411A_640C_1934.bmp,Trajectories/2022-02-06/036_RR220206A_165C_1721.bmp,036_RR220206A_165C_1721.bmp,(1 x 1),2,HL,,2025-12-15T21:29:40.356698,,,,(1 x 1),Trajectories/2022-02-06/036_RR220206A_165C_1721.bmp || Trajectories/2022-04-11/370_RR220411A_640C_1934.bmp,/home/user/rl_quantum_2026summer/data/original data/Trajectories/2022-04-11/370_RR220411A_640C_1934.bmp,/home/user/rl_quantum_2026summer/data/original data/Trajectories/2022-02-06/036_RR220206A_165C_1721.bmp,0,1.0
Trajectories/2022-04-11/370_RR220411A_640C_1934.bmp,370_RR220411A_640C_1934.bmp,Trajectories/2022-02-06/036_RR220206A_165C_1721.bmp,036_RR220206A_165C_1721.bmp,HTR,not_apply,HL,,2025-12-15T21:29:59.675290,,,,HTR,Trajectories/2022-02-06/036_RR220206A_165C_1721.bmp || Trajectories/2022-04-11/370_RR220411A_640C_1934.bmp,/home/user/rl_quantum_2026summer/data/original data/Trajectories/2022-04-11/370_RR220411A_640C_1934.bmp,/home/user/rl_quantum_2026summer/data/original data/Trajectories/2022-02-06/036_RR220206A_165C_1721.bmp,4,1.0
Trajectories/2022-04-11/370_RR220411A_640C_1934.bmp,370_RR220411A_640C_1934.bmp,Trajectories/2022-02-06/036_RR220206A_165C_1721.bmp,036_RR220206A_165C_1721.bmp,(√13 x √13),1,HL,,2025-12-15T21:30:01.222676,,,,(√13 x √13),Trajectories/2022-02-06/036_RR220206A_165C_1721.bmp || Trajectories/2022-04-11/370_RR220411A_640C_1934.bmp,/home/user/rl_quantum_2026summer/data/original data/Trajectories/2022-04-11/370_RR220411A_640C_1934.bmp,/home/user/rl_quantum_2026summer/data/original data/Trajectories/2022-02-06/036_RR220206A_165C_1721.bmp,3,1.0
Trajectories/2022-02-06/125_RR220206A_887C_1925.bmp,125_RR220206A_887C_1925.bmp,Trajectories/2022-04-11/226_RR220411A_873C_1725.bmp,226_RR220411A_873C_1725.bmp,(1 x 1),not_apply,HL,,2025-12-15T21:28:25.243130,,,,(1 x 1),Trajectories/2022-02-06/125_RR220206A_887C_1925.bmp || Trajectories/2022-04-11/226_RR220411A_873C_1725.bmp,/home/user/rl_quantum_2026summer/data/original data/Trajectories/2022-02-06/125_RR220206A_887C_1925.bmp,/home/user/rl_quantum_2026summer/data/original data/Trajectories/2022-04-11/226_RR220411A_873C_1725.bmp,0,1.0
Trajectories/2022-02-06/125_RR220206A_887C_1925.bmp,125_RR220206A_887C_1925.bmp,Trajectories/2022-04-11/226_RR220411A_873C_1725.bmp,226_RR220411A_873C_1725.bmp,(√13 x √13),tie,HL,,2025-12-15T21:28:26.785881,,,,(√13 x √13),Trajectories/2022-02-06/125_RR220206A_887C_1925.bmp || Trajectories/2022-04-11/226_RR220411A_873C_1725.bmp,/home/user/rl_quantum_2026summer/data/original data/Trajectories/2022-02-06/125_RR220206A_887C_1925.bmp,/home/user/rl_quantum_2026summer/data/original data/Trajectories/2022-04-11/226_RR220411A_873C_1725.bmp,3,1.0
Trajectories/2022-02-06/125_RR220206A_887C_1925.bmp,125_RR220206A_887C_1925.bmp,Trajectories/2022-04-11/226_RR220411A_873C_1725.bmp,226_RR220411A_873C_1725.bmp,HTR,not_apply,HL,,2025-12-15T21:28:27.664727,,,,HTR,Trajectories/2022-02-06/125_RR220206A_887C_1925.bmp || Trajectories/2022-04-11/226_RR220411A_873C_1725.bmp,/home/user/rl_quantum_2026summer/data/original data/Trajectories/2022-02-06/125_RR220206A_887C_1925.bmp,/home/user/rl_quantum_2026summer/data/original data/Trajectories/2022-04-11/226_RR220411A_873C_1725.bmp,4,1.0
Trajectories/2022-02-06/125_RR220206A_887C_1925.bmp,125_RR220206A_887C_1925.bmp,Trajectories/2022-04-11/226_RR220411A_873C_1725.bmp,226_RR220411A_873C_1725.bmp,c(6 x 2),2,HL,,2025-12-15T21:28:28.544500,,,,c(6 x 2),Trajectories/2022-02-06/125_RR220206A_887C_1925.bmp || Trajectories/2022-04-11/226_RR220411A_873C_1725.bmp,/home/user/rl_quantum_2026summer/data/original data/Trajectories/2022-02-06/125_RR220206A_887C_1925.bmp,/home/user/rl_quantum_2026summer/data/original data/Trajectories/2022-04-11/226_RR220411A_873C_1725.bmp,2,1.0
Trajectories/2022-04-11/349_RR220411A_705C_1921.bmp,349_RR220411A_705C_1921.bmp,Trajectories/2022-04-11/065_RR220411A_414C_1512.bmp,065_RR220411A_414C_1512.bmp,(1 x 1),2,AJ,,2025-12-12T00:15:55.980307,,,,(1 x 1),Trajectories/2022-04-11/065_RR220411A_414C_1512.bmp || Trajectories/2022-04-11/349_RR220411A_705C_1921.bmp,/home/user/rl_quantum_2026summer/data/original data/Trajectories/2022-04-11/349_RR220411A_705C_1921.bmp,/home/user/rl_quantum_2026summer/data/original data/Trajectories/2022-04-11/065_RR220411A_414C_1512.bmp,0,1.0
Trajectories/2022-04-11/349_RR220411A_705C_1921.bmp,349_RR220411A_705C_1921.bmp,Trajectories/2022-04-11/065_RR220411A_414C_1512.bmp,065_RR220411A_414C_1512.bmp,(√13 x √13),1,AJ,,2025-12-12T00:15:56.879370,,,,(√13 x √13),Trajectories/2022-04-11/065_RR220411A_414C_1512.bmp || Trajectories/2022-04-11/349_RR220411A_705C_1921.bmp,/home/user/rl_quantum_2026summer/data/original data/Trajectories/2022-04-11/349_RR220411A_705C_1921.bmp,/home/user/rl_quantum_2026summer/data/original data/Trajectories/2022-04-11/065_RR220411A_414C_1512.bmp,3,1.0
Trajectories/2022-02-06/048_RR220206A_175C_1736.bmp,048_RR220206A_175C_1736.bmp,Trajectories/2022-04-11/189_RR220411A_822C_1703.bmp,189_RR220411A_822C_1703.bmp,HTR,not_apply,HL,,2026-01-06T21:47:08.538700,324.0,287.0,Confident,HTR,Trajectories/2022-02-06/048_RR220206A_175C_1736.bmp || Trajectories/2022-04-11/189_RR220411A_822C_1703.bmp,/home/user/rl_quantum_2026summer/data/original data/Trajectories/2022-02-06/048_RR220206A_175C_1736.bmp,/home/user/rl_quantum_2026summer/data/original data/Trajectories/2022-04-11/189_RR220411A_822C_1703.bmp,4,1.0
Trajectories/2022-02-06/048_RR220206A_175C_1736.bmp,048_RR220206A_175C_1736.bmp,Trajectories/2022-04-11/189_RR220411A_822C_1703.bmp,189_RR220411A_822C_1703.bmp,(1 x 1),tie,HL,,2026-01-06T21:47:10.047898,324.0,287.0,Confident,(1 x 1),Trajectories/2022-02-06/048_RR220206A_175C_1736.bmp || Trajectories/2022-04-11/189_RR220411A_822C_1703.bmp,/home/user/rl_quantum_2026summer/data/original data/Trajectories/2022-02-06/048_RR220206A_175C_1736.bmp,/home/user/rl_quantum_2026summer/data/original data/Trajectories/2022-04-11/189_RR220411A_822C_1703.bmp,0,1.0
Trajectories/2022-02-06/048_RR220206A_175C_1736.bmp,048_RR220206A_175C_1736.bmp,Trajectories/2022-04-11/189_RR220411A_822C_1703.bmp,189_RR220411A_822C_1703.bmp,(√13 x √13),not_apply,HL,,2026-01-06T21:47:10.790309,324.0,287.0,Confident,(√13 x √13),Trajectories/2022-02-06/048_RR220206A_175C_1736.bmp || Trajectories/2022-04-11/189_RR220411A_822C_1703.bmp,/home/user/rl_quantum_2026summer/data/original data/Trajectories/2022-02-06/048_RR220206A_175C_1736.bmp,/home/user/rl_quantum_2026summer/data/original data/Trajectories/2022-04-11/189_RR220411A_822C_1703.bmp,3,1.0
Trajectories/2022-02-06/048_RR220206A_175C_1736.bmp,048_RR220206A_175C_1736.bmp,Trajectories/2022-04-11/189_RR220411A_822C_1703.bmp,189_RR220411A_822C_1703.bmp,c(6 x 2),not_apply,HL,,2026-01-06T21:47:11.586590,324.0,287.0,Confident,c(6 x 2),Trajectories/2022-02-06/048_RR220206A_175C_1736.bmp || Trajectories/2022-04-11/189_RR220411A_822C_1703.bmp,/home/user/rl_quantum_2026summer/data/original data/Trajectories/2022-02-06/048_RR220206A_175C_1736.bmp,/home/user/rl_quantum_2026summer/data/original data/Trajectories/2022-04-11/189_RR220411A_822C_1703.bmp,2,1.0
Trajectories/2022-02-06/216_RR220206A_837C_2124.bmp,216_RR220206A_837C_2124.bmp,Trajectories/2022-04-11/419_RR220411A_415C_1957.bmp,419_RR220411A_415C_1957.bmp,c(6 x 2),2,HL,,2026-01-05T23:06:40.128559,232.0,258.0,Confident,c(6 x 2),Trajectories/2022-02-06/216_RR220206A_837C_2124.bmp || Trajectories/2022-04-11/419_RR220411A_415C_1957.bmp,/home/user/rl_quantum_2026summer/data/original data/Trajectories/2022-02-06/216_RR220206A_837C_2124.bmp,/home/user/rl_quantum_2026summer/data/original data/Trajectories/2022-04-11/419_RR220411A_415C_1957.bmp,2,1.0
Trajectories/2022-02-06/216_RR220206A_837C_2124.bmp,216_RR220206A_837C_2124.bmp,Trajectories/2022-04-11/419_RR220411A_415C_1957.bmp,419_RR220411A_415C_1957.bmp,(1 x 1),2,HL,,2026-01-05T23:06:41.324664,232.0,258.0,Confident,(1 x 1),Trajectories/2022-02-06/216_RR220206A_837C_2124.bmp || Trajectories/2022-04-11/419_RR220411A_415C_1957.bmp,/home/user/rl_quantum_2026summer/data/original data/Trajectories/2022-02-06/216_RR220206A_837C_2124.bmp,/home/user/rl_quantum_2026summer/data/original data/Trajectories/2022-04-11/419_RR220411A_415C_1957.bmp,0,1.0
Trajectories/2022-02-06/216_RR220206A_837C_2124.bmp,216_RR220206A_837C_2124.bmp,Trajectories/2022-04-11/419_RR220411A_415C_1957.bmp,419_RR220411A_415C_1957.bmp,(√13 x √13),2,HL,,2026-01-05T23:06:42.489912,232.0,258.0,Confident,(√13 x √13),Trajectories/2022-02-06/216_RR220206A_837C_2124.bmp || Trajectories/2022-04-11/419_RR220411A_415C_1957.bmp,/home/user/rl_quantum_2026summer/data/original data/Trajectories/2022-02-06/216_RR220206A_837C_2124.bmp,/home/user/rl_quantum_2026summer/data/original data/Trajectories/2022-04-11/419_RR220411A_415C_1957.bmp,3,1.0
Trajectories/2022-02-06/216_RR220206A_837C_2124.bmp,216_RR220206A_837C_2124.bmp,Trajectories/2022-04-11/419_RR220411A_415C_1957.bmp,419_RR220411A_415C_1957.bmp,HTR,1,HL,,2026-01-05T23:06:43.545947,232.0,258.0,Confident,HTR,Trajectories/2022-02-06/216_RR220206A_837C_2124.bmp || Trajectories/2022-04-11/419_RR220411A_415C_1957.bmp,/home/user/rl_quantum_2026summer/data/original data/Trajectories/2022-02-06/216_RR220206A_837C_2124.bmp,/home/user/rl_quantum_2026summer/data/original data/Trajectories/2022-04-11/419_RR220411A_415C_1957.bmp,4,1.0
Trajectories/2022-02-04/253_RR220204A_782C_1923.bmp,253_RR220204A_782C_1923.bmp,Trajectories/2022-02-06/262_RR220206A_540C_2228.bmp,262_RR220206A_540C_2228.bmp,(1 x 1),not_apply,AJ,,2025-12-26T08:13:54.489680,195.0,189.0,Confident,(1 x 1),Trajectories/2022-02-04/253_RR220204A_782C_1923.bmp || Trajectories/2022-02-06/262_RR220206A_540C_2228.bmp,/home/user/rl_quantum_2026summer/data/original data/Trajectories/2022-02-04/253_RR220204A_782C_1923.bmp,/home/user/rl_quantum_2026summer/data/original data/Trajectories/2022-02-06/262_RR220206A_540C_2228.bmp,0,1.0
Trajectories/2022-02-04/253_RR220204A_782C_1923.bmp,253_RR220204A_782C_1923.bmp,Trajectories/2022-02-06/262_RR220206A_540C_2228.bmp,262_RR220206A_540C_2228.bmp,c(6 x 2),1,AJ,,2025-12-26T08:13:55.345250,195.0,189.0,Confident,c(6 x 2),Trajectories/2022-02-04/253_RR220204A_782C_1923.bmp || Trajectories/2022-02-06/262_RR220206A_540C_2228.bmp,/home/user/rl_quantum_2026summer/data/original data/Trajectories/2022-02-04/253_RR220204A_782C_1923.bmp,/home/user/rl_quantum_2026summer/data/original data/Trajectories/2022-02-06/262_RR220206A_540C_2228.bmp,2,1.0
Trajectories/2022-02-04/253_RR220204A_782C_1923.bmp,253_RR220204A_782C_1923.bmp,Trajectories/2022-02-06/262_RR220206A_540C_2228.bmp,262_RR220206A_540C_2228.bmp,HTR,2,AJ,,2025-12-26T08:13:56.276916,195.0,189.0,Confident,HTR,Trajectories/2022-02-04/253_RR220204A_782C_1923.bmp || Trajectories/2022-02-06/262_RR220206A_540C_2228.bmp,/home/user/rl_quantum_2026summer/data/original data/Trajectories/2022-02-04/253_RR220204A_782C_1923.bmp,/home/user/rl_quantum_2026summer/data/original data/Trajectories/2022-02-06/262_RR220206A_540C_2228.bmp,4,1.0
Trajectories/2022-02-04/253_RR220204A_782C_1923.bmp,253_RR220204A_782C_1923.bmp,Trajectories/2022-02-06/262_RR220206A_540C_2228.bmp,262_RR220206A_540C_2228.bmp,(√13 x √13),1,AJ,,2025-12-26T08:13:57.216913,195.0,189.0,Confident,(√13 x √13),Trajectories/2022-02-04/253_RR220204A_782C_1923.bmp || Trajectories/2022-02-06/262_RR220206A_540C_2228.bmp,/home/user/rl_quantum_2026summer/data/original data/Trajectories/2022-02-04/253_RR220204A_782C_1923.bmp,/home/user/rl_quantum_2026summer/data/original data/Trajectories/2022-02-06/262_RR220206A_540C_2228.bmp,3,1.0
Trajectories/2022-02-06/077_RR220206A_461C_1813.bmp,077_RR220206A_461C_1813.bmp,Trajectories/2022-02-04/013_RR220204A_949C_0119.bmp,013_RR220204A_949C_0119.bmp,(√13 x √13),2,HL,,2025-12-15T20:55:48.977621,,,,(√13 x √13),Trajectories/2022-02-04/013_RR220204A_949C_0119.bmp || Trajectories/2022-02-06/077_RR220206A_461C_1813.bmp,/home/user/rl_quantum_2026summer/data/original data/Trajectories/2022-02-06/077_RR220206A_461C_1813.bmp,/home/user/rl_quantum_2026summer/data/original data/Trajectories/2022-02-04/013_RR220204A_949C_0119.bmp,3,1.0
Trajectories/2022-02-06/077_RR220206A_461C_1813.bmp,077_RR220206A_461C_1813.bmp,Trajectories/2022-02-04/013_RR220204A_949C_0119.bmp,013_RR220204A_949C_0119.bmp,(1 x 1),1,HL,,2025-12-15T20:55:49.946509,,,,(1 x 1),Trajectories/2022-02-04/013_RR220204A_949C_0119.bmp || Trajectories/2022-02-06/077_RR220206A_461C_1813.bmp,/home/user/rl_quantum_2026summer/data/original data/Trajectories/2022-02-06/077_RR220206A_461C_1813.bmp,/home/user/rl_quantum_2026summer/data/original data/Trajectories/2022-02-04/013_RR220204A_949C_0119.bmp,0,1.0
Trajectories/2022-02-06/077_RR220206A_461C_1813.bmp,077_RR220206A_461C_1813.bmp,Trajectories/2022-02-04/013_RR220204A_949C_0119.bmp,013_RR220204A_949C_0119.bmp,HTR,not_apply,HL,,2025-12-15T20:55:50.957856,,,,HTR,Trajectories/2022-02-04/013_RR220204A_949C_0119.bmp || Trajectories/2022-02-06/077_RR220206A_461C_1813.bmp,/home/user/rl_quantum_2026summer/data/original data/Trajectories/2022-02-06/077_RR220206A_461C_1813.bmp,/home/user/rl_quantum_2026summer/data/original data/Trajectories/2022-02-04/013_RR220204A_949C_0119.bmp,4,1.0
Trajectories/2022-02-06/077_RR220206A_461C_1813.bmp,077_RR220206A_461C_1813.bmp,Trajectories/2022-02-04/013_RR220204A_949C_0119.bmp,013_RR220204A_949C_0119.bmp,c(6 x 2),not_apply,HL,,2025-12-15T20:55:52.755378,,,,c(6 x 2),Trajectories/2022-02-04/013_RR220204A_949C_0119.bmp || Trajectories/2022-02-06/077_RR220206A_461C_1813.bmp,/home/user/rl_quantum_2026summer/data/original data/Trajectories/2022-02-06/077_RR220206A_461C_1813.bmp,/home/user/rl_quantum_2026summer/data/original data/Trajectories/2022-02-04/013_RR220204A_949C_0119.bmp,2,1.0
Trajectories/2022-02-06/199_RR220206A_940C_2106.bmp,199_RR220206A_940C_2106.bmp,Trajectories/2022-02-06/108_RR220206A_769C_1854.bmp,108_RR220206A_769C_1854.bmp,(√13 x √13),not_apply,HL,,2026-01-05T23:05:44.868186,249.0,264.0,Confident,(√13 x √13),Trajectories/2022-02-06/108_RR220206A_769C_1854.bmp || Trajectories/2022-02-06/199_RR220206A_940C_2106.bmp,/home/user/rl_quantum_2026summer/data/original data/Trajectories/2022-02-06/199_RR220206A_940C_2106.bmp,/home/user/rl_quantum_2026summer/data/original data/Trajectories/2022-02-06/108_RR220206A_769C_1854.bmp,3,1.0
Trajectories/2022-02-06/199_RR220206A_940C_2106.bmp,199_RR220206A_940C_2106.bmp,Trajectories/2022-02-06/108_RR220206A_769C_1854.bmp,108_RR220206A_769C_1854.bmp,HTR,1,HL,,2026-01-05T23:05:46.600107,249.0,264.0,Confident,HTR,Trajectories/2022-02-06/108_RR220206A_769C_1854.bmp || Trajectories/2022-02-06/199_RR220206A_940C_2106.bmp,/home/user/rl_quantum_2026summer/data/original data/Trajectories/2022-02-06/199_RR220206A_940C_2106.bmp,/home/user/rl_quantum_2026summer/data/original data/Trajectories/2022-02-06/108_RR220206A_769C_1854.bmp,4,1.0
Trajectories/2022-02-06/199_RR220206A_940C_2106.bmp,199_RR220206A_940C_2106.bmp,Trajectories/2022-02-06/108_RR220206A_769C_1854.bmp,108_RR220206A_769C_1854.bmp,(1 x 1),2,HL,,2026-01-05T23:05:49.051952,249.0,264.0,Confident,(1 x 1),Trajectories/2022-02-06/108_RR220206A_769C_1854.bmp || Trajectories/2022-02-06/199_RR220206A_940C_2106.bmp,/home/user/rl_quantum_2026summer/data/original data/Trajectories/2022-02-06/199_RR220206A_940C_2106.bmp,/home/user/rl_quantum_2026summer/data/original data/Trajectories/2022-02-06/108_RR220206A_769C_1854.bmp,0,1.0
Trajectories/2022-02-06/199_RR220206A_940C_2106.bmp,199_RR220206A_940C_2106.bmp,Trajectories/2022-02-06/108_RR220206A_769C_1854.bmp,108_RR220206A_769C_1854.bmp,c(6 x 2),not_apply,HL,,2026-01-05T23:05:50.392354,249.0,264.0,Confident,c(6 x 2),Trajectories/2022-02-06/108_RR220206A_769C_1854.bmp || Trajectories/2022-02-06/199_RR220206A_940C_2106.bmp,/home/user/rl_quantum_2026summer/data/original data/Trajectories/2022-02-06/199_RR220206A_940C_2106.bmp,/home/user/rl_quantum_2026summer/data/original data/Trajectories/2022-02-06/108_RR220206A_769C_1854.bmp,2,1.0
Trajectories/2022-02-04/206_RR220204A_641C_1841.bmp,206_RR220204A_641C_1841.bmp,Trajectories/2022-02-06/187_RR220206A_985C_2051.bmp,187_RR220206A_985C_2051.bmp,(1 x 1),1,AJ,,2025-12-11T15:19:52.474745,,,,(1 x 1),Trajectories/2022-02-04/206_RR220204A_641C_1841.bmp || Trajectories/2022-02-06/187_RR220206A_985C_2051.bmp,/home/user/rl_quantum_2026summer/data/original data/Trajectories/2022-02-04/206_RR220204A_641C_1841.bmp,/home/user/rl_quantum_2026summer/data/original data/Trajectories/2022-02-06/187_RR220206A_985C_2051.bmp,0,1.0
Trajectories/2022-02-04/206_RR220204A_641C_1841.bmp,206_RR220204A_641C_1841.bmp,Trajectories/2022-02-06/187_RR220206A_985C_2051.bmp,187_RR220206A_985C_2051.bmp,HTR,2,AJ,,2025-12-11T15:19:53.651543,,,,HTR,Trajectories/2022-02-04/206_RR220204A_641C_1841.bmp || Trajectories/2022-02-06/187_RR220206A_985C_2051.bmp,/home/user/rl_quantum_2026summer/data/original data/Trajectories/2022-02-04/206_RR220204A_641C_1841.bmp,/home/user/rl_quantum_2026summer/data/original data/Trajectories/2022-02-06/187_RR220206A_985C_2051.bmp,4,1.0
Trajectories/2022-04-11/330_RR220411A_762C_1910.bmp,330_RR220411A_762C_1910.bmp,Trajectories/2022-02-04/124_RR220204A_444C_1748.bmp,124_RR220204A_444C_1748.bmp,HTR,not_apply,HL,,2026-01-06T21:45:49.968279,286.0,284.0,Confident,HTR,Trajectories/2022-02-04/124_RR220204A_444C_1748.bmp || Trajectories/2022-04-11/330_RR220411A_762C_1910.bmp,/home/user/rl_quantum_2026summer/data/original data/Trajectories/2022-04-11/330_RR220411A_762C_1910.bmp,/home/user/rl_quantum_2026summer/data/original data/Trajectories/2022-02-04/124_RR220204A_444C_1748.bmp,4,1.0
Trajectories/2022-04-11/330_RR220411A_762C_1910.bmp,330_RR220411A_762C_1910.bmp,Trajectories/2022-02-04/124_RR220204A_444C_1748.bmp,124_RR220204A_444C_1748.bmp,(√13 x √13),1,HL,,2026-01-06T21:45:50.860061,286.0,284.0,Confident,(√13 x √13),Trajectories/2022-02-04/124_RR220204A_444C_1748.bmp || Trajectories/2022-04-11/330_RR220411A_762C_1910.bmp,/home/user/rl_quantum_2026summer/data/original data/Trajectories/2022-04-11/330_RR220411A_762C_1910.bmp,/home/user/rl_quantum_2026summer/data/original data/Trajectories/2022-02-04/124_RR220204A_444C_1748.bmp,3,1.0
Trajectories/2022-04-11/330_RR220411A_762C_1910.bmp,330_RR220411A_762C_1910.bmp,Trajectories/2022-02-04/124_RR220204A_444C_1748.bmp,124_RR220204A_444C_1748.bmp,c(6 x 2),1,HL,,2026-01-06T21:45:51.625776,286.0,284.0,Confident,c(6 x 2),Trajectories/2022-02-04/124_RR220204A_444C_1748.bmp || Trajectories/2022-04-11/330_RR220411A_762C_1910.bmp,/home/user/rl_quantum_2026summer/data/original data/Trajectories/2022-04-11/330_RR220411A_762C_1910.bmp,/home/user/rl_quantum_2026summer/data/original data/Trajectories/2022-02-04/124_RR220204A_444C_1748.bmp,2,1.0
Trajectories/2022-04-11/330_RR220411A_762C_1910.bmp,330_RR220411A_762C_1910.bmp,Trajectories/2022-02-04/124_RR220204A_444C_1748.bmp,124_RR220204A_444C_1748.bmp,(1 x 1),2,HL,,2026-01-06T21:45:52.380055,286.0,284.0,Confident,(1 x 1),Trajectories/2022-02-04/124_RR220204A_444C_1748.bmp || Trajectories/2022-04-11/330_RR220411A_762C_1910.bmp,/home/user/rl_quantum_2026summer/data/original data/Trajectories/2022-04-11/330_RR220411A_762C_1910.bmp,/home/user/rl_quantum_2026summer/data/original data/Trajectories/2022-02-04/124_RR220204A_444C_1748.bmp,0,1.0
Trajectories/2022-04-11/113_RR220411A_539C_1548.bmp,113_RR220411A_539C_1548.bmp,Trajectories/2022-02-04/188_RR220204A_579C_1829.bmp,188_RR220204A_579C_1829.bmp,c(6 x 2),not_apply,SY,,2025-12-10T17:01:03.728361,,,,c(6 x 2),Trajectories/2022-02-04/188_RR220204A_579C_1829.bmp || Trajectories/2022-04-11/113_RR220411A_539C_1548.bmp,/home/user/rl_quantum_2026summer/data/original data/Trajectories/2022-04-11/113_RR220411A_539C_1548.bmp,/home/user/rl_quantum_2026summer/data/original data/Trajectories/2022-02-04/188_RR220204A_579C_1829.bmp,2,1.0
Trajectories/2022-04-11/113_RR220411A_539C_1548.bmp,113_RR220411A_539C_1548.bmp,Trajectories/2022-02-04/188_RR220204A_579C_1829.bmp,188_RR220204A_579C_1829.bmp,(1 x 1),tie,SY,,2025-12-10T17:01:04.465418,,,,(1 x 1),Trajectories/2022-02-04/188_RR220204A_579C_1829.bmp || Trajectories/2022-04-11/113_RR220411A_539C_1548.bmp,/home/user/rl_quantum_2026summer/data/original data/Trajectories/2022-04-11/113_RR220411A_539C_1548.bmp,/home/user/rl_quantum_2026summer/data/original data/Trajectories/2022-02-04/188_RR220204A_579C_1829.bmp,0,1.0
Trajectories/2022-04-11/113_RR220411A_539C_1548.bmp,113_RR220411A_539C_1548.bmp,Trajectories/2022-02-04/188_RR220204A_579C_1829.bmp,188_RR220204A_579C_1829.bmp,HTR,not_apply,SY,,2025-12-10T17:01:05.120488,,,,HTR,Trajectories/2022-02-04/188_RR220204A_579C_1829.bmp || Trajectories/2022-04-11/113_RR220411A_539C_1548.bmp,/home/user/rl_quantum_2026summer/data/original data/Trajectories/2022-04-11/113_RR220411A_539C_1548.bmp,/home/user/rl_quantum_2026summer/data/original data/Trajectories/2022-02-04/188_RR220204A_579C_1829.bmp,4,1.0
Trajectories/2022-04-11/113_RR220411A_539C_1548.bmp,113_RR220411A_539C_1548.bmp,Trajectories/2022-02-04/188_RR220204A_579C_1829.bmp,188_RR220204A_579C_1829.bmp,(√13 x √13),2,SY,,2025-12-10T17:01:06.551693,,,,(√13 x √13),Trajectories/2022-02-04/188_RR220204A_579C_1829.bmp || Trajectories/2022-04-11/113_RR220411A_539C_1548.bmp,/home/user/rl_quantum_2026summer/data/original data/Trajectories/2022-04-11/113_RR220411A_539C_1548.bmp,/home/user/rl_quantum_2026summer/data/original data/Trajectories/2022-02-04/188_RR220204A_579C_1829.bmp,3,1.0
Trajectories/2022-02-04/044_RR220204A_348C_0157.bmp,044_RR220204A_348C_0157.bmp,Trajectories/2022-02-04/059_RR220204A_180C_0211.bmp,059_RR220204A_180C_0211.bmp,(1 x 1),1,SY,,2025-12-10T17:02:50.595070,,,,(1 x 1),Trajectories/2022-02-04/044_RR220204A_348C_0157.bmp || Trajectories/2022-02-04/059_RR220204A_180C_0211.bmp,/home/user/rl_quantum_2026summer/data/original data/Trajectories/2022-02-04/044_RR220204A_348C_0157.bmp,/home/user/rl_quantum_2026summer/data/original data/Trajectories/2022-02-04/059_RR220204A_180C_0211.bmp,0,1.0
Trajectories/2022-02-04/044_RR220204A_348C_0157.bmp,044_RR220204A_348C_0157.bmp,Trajectories/2022-02-04/059_RR220204A_180C_0211.bmp,059_RR220204A_180C_0211.bmp,(√13 x √13),1,SY,,2025-12-10T17:02:51.649320,,,,(√13 x √13),Trajectories/2022-02-04/044_RR220204A_348C_0157.bmp || Trajectories/2022-02-04/059_RR220204A_180C_0211.bmp,/home/user/rl_quantum_2026summer/data/original data/Trajectories/2022-02-04/044_RR220204A_348C_0157.bmp,/home/user/rl_quantum_2026summer/data/original data/Trajectories/2022-02-04/059_RR220204A_180C_0211.bmp,3,1.0
Trajectories/2022-02-04/044_RR220204A_348C_0157.bmp,044_RR220204A_348C_0157.bmp,Trajectories/2022-02-04/059_RR220204A_180C_0211.bmp,059_RR220204A_180C_0211.bmp,HTR,not_apply,SY,,2025-12-10T17:02:53.031443,,,,HTR,Trajectories/2022-02-04/044_RR220204A_348C_0157.bmp || Trajectories/2022-02-04/059_RR220204A_180C_0211.bmp,/home/user/rl_quantum_2026summer/data/original data/Trajectories/2022-02-04/044_RR220204A_348C_0157.bmp,/home/user/rl_quantum_2026summer/data/original data/Trajectories/2022-02-04/059_RR220204A_180C_0211.bmp,4,1.0
Trajectories/2022-02-04/044_RR220204A_348C_0157.bmp,044_RR220204A_348C_0157.bmp,Trajectories/2022-02-04/059_RR220204A_180C_0211.bmp,059_RR220204A_180C_0211.bmp,c(6 x 2),not_apply,SY,,2025-12-10T17:02:53.743362,,,,c(6 x 2),Trajectories/2022-02-04/044_RR220204A_348C_0157.bmp || Trajectories/2022-02-04/059_RR220204A_180C_0211.bmp,/home/user/rl_quantum_2026summer/data/original data/Trajectories/2022-02-04/044_RR220204A_348C_0157.bmp,/home/user/rl_quantum_2026summer/data/original data/Trajectories/2022-02-04/059_RR220204A_180C_0211.bmp,2,1.0
Trajectories/2022-02-06/203_RR220206A_876C_2110-01.bmp,203_RR220206A_876C_2110-01.bmp,Trajectories/2022-04-11/394_RR220411A_546C_1946.bmp,394_RR220411A_546C_1946.bmp,(√13 x √13),2,AJ,,2025-12-12T00:16:08.978772,,,,(√13 x √13),Trajectories/2022-02-06/203_RR220206A_876C_2110-01.bmp || Trajectories/2022-04-11/394_RR220411A_546C_1946.bmp,/home/user/rl_quantum_2026summer/data/original data/Trajectories/2022-02-06/203_RR220206A_876C_2110-01.bmp,/home/user/rl_quantum_2026summer/data/original data/Trajectories/2022-04-11/394_RR220411A_546C_1946.bmp,3,1.0
Trajectories/2022-02-06/203_RR220206A_876C_2110-01.bmp,203_RR220206A_876C_2110-01.bmp,Trajectories/2022-04-11/394_RR220411A_546C_1946.bmp,394_RR220411A_546C_1946.bmp,HTR,1,AJ,,2025-12-12T00:16:09.702536,,,,HTR,Trajectories/2022-02-06/203_RR220206A_876C_2110-01.bmp || Trajectories/2022-04-11/394_RR220411A_546C_1946.bmp,/home/user/rl_quantum_2026summer/data/original data/Trajectories/2022-02-06/203_RR220206A_876C_2110-01.bmp,/home/user/rl_quantum_2026summer/data/original data/Trajectories/2022-04-11/394_RR220411A_546C_1946.bmp,4,1.0
Trajectories/2022-02-04/337_RR220204A_938C_2106.bmp,337_RR220204A_938C_2106.bmp,Trajectories/2022-02-04/205_RR220204A_642C_1839-02.bmp,205_RR220204A_642C_1839-02.bmp,(√13 x √13),tie,AJ,,2025-12-12T00:21:51.672406,,,,(√13 x √13),Trajectories/2022-02-04/205_RR220204A_642C_1839-02.bmp || Trajectories/2022-02-04/337_RR220204A_938C_2106.bmp,/home/user/rl_quantum_2026summer/data/original data/Trajectories/2022-02-04/337_RR220204A_938C_2106.bmp,/home/user/rl_quantum_2026summer/data/original data/Trajectories/2022-02-04/205_RR220204A_642C_1839-02.bmp,3,1.0
Trajectories/2022-02-06/163_RR220206A_1105C_2015.bmp,163_RR220206A_1105C_2015.bmp,Trajectories/2022-02-04/341_RR220204A_937C_2114.bmp,341_RR220204A_937C_2114.bmp,(√13 x √13),2,AJ,,2025-12-06 01:19:50,,,,(√13 x √13),Trajectories/2022-02-04/341_RR220204A_937C_2114.bmp || Trajectories/2022-02-06/163_RR220206A_1105C_2015.bmp,/home/user/rl_quantum_2026summer/data/original data/Trajectories/2022-02-06/163_RR220206A_1105C_2015.bmp,/home/user/rl_quantum_2026summer/data/original data/Trajectories/2022-02-04/341_RR220204A_937C_2114.bmp,3,1.0
Trajectories/2022-02-06/163_RR220206A_1105C_2015.bmp,163_RR220206A_1105C_2015.bmp,Trajectories/2022-02-04/341_RR220204A_937C_2114.bmp,341_RR220204A_937C_2114.bmp,HTR,1,AJ,,2025-12-06 01:19:50,,,,HTR,Trajectories/2022-02-04/341_RR220204A_937C_2114.bmp || Trajectories/2022-02-06/163_RR220206A_1105C_2015.bmp,/home/user/rl_quantum_2026summer/data/original data/Trajectories/2022-02-06/163_RR220206A_1105C_2015.bmp,/home/user/rl_quantum_2026summer/data/original data/Trajectories/2022-02-04/341_RR220204A_937C_2114.bmp,4,1.0
Trajectories/2022-04-11/120_RR220411A_555C_1553.bmp,120_RR220411A_555C_1553.bmp,Trajectories/2022-02-04/215_RR220204A_669C_1848.bmp,215_RR220204A_669C_1848.bmp,(1 x 1),1,AJ,,2025-12-06 01:22:37,,,,(1 x 1),Trajectories/2022-02-04/215_RR220204A_669C_1848.bmp || Trajectories/2022-04-11/120_RR220411A_555C_1553.bmp,/home/user/rl_quantum_2026summer/data/original data/Trajectories/2022-04-11/120_RR220411A_555C_1553.bmp,/home/user/rl_quantum_2026summer/data/original data/Trajectories/2022-02-04/215_RR220204A_669C_1848.bmp,0,1.0
Trajectories/2022-04-11/120_RR220411A_555C_1553.bmp,120_RR220411A_555C_1553.bmp,Trajectories/2022-02-04/215_RR220204A_669C_1848.bmp,215_RR220204A_669C_1848.bmp,(√13 x √13),2,AJ,,2025-12-06 01:22:37,,,,(√13 x √13),Trajectories/2022-02-04/215_RR220204A_669C_1848.bmp || Trajectories/2022-04-11/120_RR220411A_555C_1553.bmp,/home/user/rl_quantum_2026summer/data/original data/Trajectories/2022-04-11/120_RR220411A_555C_1553.bmp,/home/user/rl_quantum_2026summer/data/original data/Trajectories/2022-02-04/215_RR220204A_669C_1848.bmp,3,1.0
Trajectories/2022-02-06/049_RR220206A_205C_1737.bmp,049_RR220206A_205C_1737.bmp,Trajectories/2022-04-11/356_RR220411A_685C_1925.bmp,356_RR220411A_685C_1925.bmp,HTR,not_apply,HL,,2025-12-15T21:27:41.883575,,,,HTR,Trajectories/2022-02-06/049_RR220206A_205C_1737.bmp || Trajectories/2022-04-11/356_RR220411A_685C_1925.bmp,/home/user/rl_quantum_2026summer/data/original data/Trajectories/2022-02-06/049_RR220206A_205C_1737.bmp,/home/user/rl_quantum_2026summer/data/original data/Trajectories/2022-04-11/356_RR220411A_685C_1925.bmp,4,1.0
Trajectories/2022-02-06/049_RR220206A_205C_1737.bmp,049_RR220206A_205C_1737.bmp,Trajectories/2022-04-11/356_RR220411A_685C_1925.bmp,356_RR220411A_685C_1925.bmp,(√13 x √13),2,HL,,2025-12-15T21:27:44.078270,,,,(√13 x √13),Trajectories/2022-02-06/049_RR220206A_205C_1737.bmp || Trajectories/2022-04-11/356_RR220411A_685C_1925.bmp,/home/user/rl_quantum_2026summer/data/original data/Trajectories/2022-02-06/049_RR220206A_205C_1737.bmp,/home/user/rl_quantum_2026summer/data/original data/Trajectories/2022-04-11/356_RR220411A_685C_1925.bmp,3,1.0
Trajectories/2022-02-06/049_RR220206A_205C_1737.bmp,049_RR220206A_205C_1737.bmp,Trajectories/2022-04-11/356_RR220411A_685C_1925.bmp,356_RR220411A_685C_1925.bmp,(1 x 1),1,HL,,2025-12-15T21:27:45.111980,,,,(1 x 1),Trajectories/2022-02-06/049_RR220206A_205C_1737.bmp || Trajectories/2022-04-11/356_RR220411A_685C_1925.bmp,/home/user/rl_quantum_2026summer/data/original data/Trajectories/2022-02-06/049_RR220206A_205C_1737.bmp,/home/user/rl_quantum_2026summer/data/original data/Trajectories/2022-04-11/356_RR220411A_685C_1925.bmp,0,1.0
Trajectories/2022-02-06/049_RR220206A_205C_1737.bmp,049_RR220206A_205C_1737.bmp,Trajectories/2022-04-11/356_RR220411A_685C_1925.bmp,356_RR220411A_685C_1925.bmp,c(6 x 2),2,HL,,2025-12-15T21:27:46.368830,,,,c(6 x 2),Trajectories/2022-02-06/049_RR220206A_205C_1737.bmp || Trajectories/2022-04-11/356_RR220411A_685C_1925.bmp,/home/user/rl_quantum_2026summer/data/original data/Trajectories/2022-02-06/049_RR220206A_205C_1737.bmp,/home/user/rl_quantum_2026summer/data/original data/Trajectories/2022-04-11/356_RR220411A_685C_1925.bmp,2,1.0
Trajectories/2022-02-04/335_RR220204A_940C_2102.bmp,335_RR220204A_940C_2102.bmp,Trajectories/2022-02-04/305_RR220204A_915C_2023.bmp,305_RR220204A_915C_2023.bmp,(1 x 1),tie,HL,,2026-01-06T21:46:37.691550,286.0,400.0,Confident,(1 x 1),Trajectories/2022-02-04/305_RR220204A_915C_2023.bmp || Trajectories/2022-02-04/335_RR220204A_940C_2102.bmp,/home/user/rl_quantum_2026summer/data/original data/Trajectories/2022-02-04/335_RR220204A_940C_2102.bmp,/home/user/rl_quantum_2026summer/data/original data/Trajectories/2022-02-04/305_RR220204A_915C_2023.bmp,0,1.0
Trajectories/2022-02-04/335_RR220204A_940C_2102.bmp,335_RR220204A_940C_2102.bmp,Trajectories/2022-02-04/305_RR220204A_915C_2023.bmp,305_RR220204A_915C_2023.bmp,c(6 x 2),not_apply,HL,,2026-01-06T21:46:38.462089,286.0,400.0,Confident,c(6 x 2),Trajectories/2022-02-04/305_RR220204A_915C_2023.bmp || Trajectories/2022-02-04/335_RR220204A_940C_2102.bmp,/home/user/rl_quantum_2026summer/data/original data/Trajectories/2022-02-04/335_RR220204A_940C_2102.bmp,/home/user/rl_quantum_2026summer/data/original data/Trajectories/2022-02-04/305_RR220204A_915C_2023.bmp,2,1.0
Trajectories/2022-02-04/335_RR220204A_940C_2102.bmp,335_RR220204A_940C_2102.bmp,Trajectories/2022-02-04/305_RR220204A_915C_2023.bmp,305_RR220204A_915C_2023.bmp,HTR,not_apply,HL,,2026-01-06T21:46:40.027616,286.0,400.0,Confident,HTR,Trajectories/2022-02-04/305_RR220204A_915C_2023.bmp || Trajectories/2022-02-04/335_RR220204A_940C_2102.bmp,/home/user/rl_quantum_2026summer/data/original data/Trajectories/2022-02-04/335_RR220204A_940C_2102.bmp,/home/user/rl_quantum_2026summer/data/original data/Trajectories/2022-02-04/305_RR220204A_915C_2023.bmp,4,1.0
Trajectories/2022-02-04/335_RR220204A_940C_2102.bmp,335_RR220204A_940C_2102.bmp,Trajectories/2022-02-04/305_RR220204A_915C_2023.bmp,305_RR220204A_915C_2023.bmp,(√13 x √13),tie,HL,,2026-01-06T21:46:40.783501,286.0,400.0,Confident,(√13 x √13),Trajectories/2022-02-04/305_RR220204A_915C_2023.bmp || Trajectories/2022-02-04/335_RR220204A_940C_2102.bmp,/home/user/rl_quantum_2026summer/data/original data/Trajectories/2022-02-04/335_RR220204A_940C_2102.bmp,/home/user/rl_quantum_2026summer/data/original data/Trajectories/2022-02-04/305_RR220204A_915C_2023.bmp,3,1.0
Trajectories/2022-02-04/189_RR220204A_578C_1830.bmp,189_RR220204A_578C_1830.bmp,Trajectories/2022-02-04/341_RR220204A_937C_2114.bmp,341_RR220204A_937C_2114.bmp,(1 x 1),not_apply,AJ,,2025-12-26T08:12:36.751503,215.0,198.0,Confident,(1 x 1),Trajectories/2022-02-04/189_RR220204A_578C_1830.bmp || Trajectories/2022-02-04/341_RR220204A_937C_2114.bmp,/home/user/rl_quantum_2026summer/data/original data/Trajectories/2022-02-04/189_RR220204A_578C_1830.bmp,/home/user/rl_quantum_2026summer/data/original data/Trajectories/2022-02-04/341_RR220204A_937C_2114.bmp,0,1.0
Trajectories/2022-02-04/189_RR220204A_578C_1830.bmp,189_RR220204A_578C_1830.bmp,Trajectories/2022-02-04/341_RR220204A_937C_2114.bmp,341_RR220204A_937C_2114.bmp,c(6 x 2),tie,AJ,,2025-12-26T08:12:38.877328,215.0,198.0,Confident,c(6 x 2),Trajectories/2022-02-04/189_RR220204A_578C_1830.bmp || Trajectories/2022-02-04/341_RR220204A_937C_2114.bmp,/home/user/rl_quantum_2026summer/data/original data/Trajectories/2022-02-04/189_RR220204A_578C_1830.bmp,/home/user/rl_quantum_2026summer/data/original data/Trajectories/2022-02-04/341_RR220204A_937C_2114.bmp,2,1.0
Trajectories/2022-02-04/189_RR220204A_578C_1830.bmp,189_RR220204A_578C_1830.bmp,Trajectories/2022-02-04/341_RR220204A_937C_2114.bmp,341_RR220204A_937C_2114.bmp,(√13 x √13),tie,AJ,,2025-12-26T08:12:39.815659,215.0,198.0,Confident,(√13 x √13),Trajectories/2022-02-04/189_RR220204A_578C_1830.bmp || Trajectories/2022-02-04/341_RR220204A_937C_2114.bmp,/home/user/rl_quantum_2026summer/data/original data/Trajectories/2022-02-04/189_RR220204A_578C_1830.bmp,/home/user/rl_quantum_2026summer/data/original data/Trajectories/2022-02-04/341_RR220204A_937C_2114.bmp,3,1.0
Trajectories/2022-02-04/189_RR220204A_578C_1830.bmp,189_RR220204A_578C_1830.bmp,Trajectories/2022-02-04/341_RR220204A_937C_2114.bmp,341_RR220204A_937C_2114.bmp,HTR,not_apply,AJ,,2025-12-26T08:12:40.894623,215.0,198.0,Confident,HTR,Trajectories/2022-02-04/189_RR220204A_578C_1830.bmp || Trajectories/2022-02-04/341_RR220204A_937C_2114.bmp,/home/user/rl_quantum_2026summer/data/original data/Trajectories/2022-02-04/189_RR220204A_578C_1830.bmp,/home/user/rl_quantum_2026summer/data/original data/Trajectories/2022-02-04/341_RR220204A_937C_2114.bmp,4,1.0
Trajectories/2022-02-06/186_RR220206A_985C_2050.bmp,186_RR220206A_985C_2050.bmp,Trajectories/2022-02-06/251_RR220206A_619C_2214.bmp,251_RR220206A_619C_2214.bmp,(√13 x √13),not_apply,HL,,2025-12-15T21:28:05.272418,,,,(√13 x √13),Trajectories/2022-02-06/186_RR220206A_985C_2050.bmp || Trajectories/2022-02-06/251_RR220206A_619C_2214.bmp,/home/user/rl_quantum_2026summer/data/original data/Trajectories/2022-02-06/186_RR220206A_985C_2050.bmp,/home/user/rl_quantum_2026summer/data/original data/Trajectories/2022-02-06/251_RR220206A_619C_2214.bmp,3,1.0
Trajectories/2022-02-06/186_RR220206A_985C_2050.bmp,186_RR220206A_985C_2050.bmp,Trajectories/2022-02-06/251_RR220206A_619C_2214.bmp,251_RR220206A_619C_2214.bmp,c(6 x 2),not_apply,HL,,2025-12-15T21:28:06.019806,,,,c(6 x 2),Trajectories/2022-02-06/186_RR220206A_985C_2050.bmp || Trajectories/2022-02-06/251_RR220206A_619C_2214.bmp,/home/user/rl_quantum_2026summer/data/original data/Trajectories/2022-02-06/186_RR220206A_985C_2050.bmp,/home/user/rl_quantum_2026summer/data/original data/Trajectories/2022-02-06/251_RR220206A_619C_2214.bmp,2,1.0
Trajectories/2022-02-06/186_RR220206A_985C_2050.bmp,186_RR220206A_985C_2050.bmp,Trajectories/2022-02-06/251_RR220206A_619C_2214.bmp,251_RR220206A_619C_2214.bmp,HTR,2,HL,,2025-12-15T21:28:06.765313,,,,HTR,Trajectories/2022-02-06/186_RR220206A_985C_2050.bmp || Trajectories/2022-02-06/251_RR220206A_619C_2214.bmp,/home/user/rl_quantum_2026summer/data/original data/Trajectories/2022-02-06/186_RR220206A_985C_2050.bmp,/home/user/rl_quantum_2026summer/data/original data/Trajectories/2022-02-06/251_RR220206A_619C_2214.bmp,4,1.0
Trajectories/2022-02-06/186_RR220206A_985C_2050.bmp,186_RR220206A_985C_2050.bmp,Trajectories/2022-02-06/251_RR220206A_619C_2214.bmp,251_RR220206A_619C_2214.bmp,(1 x 1),not_apply,HL,,2025-12-15T21:28:07.492207,,,,(1 x 1),Trajectories/2022-02-06/186_RR220206A_985C_2050.bmp || Trajectories/2022-02-06/251_RR220206A_619C_2214.bmp,/home/user/rl_quantum_2026summer/data/original data/Trajectories/2022-02-06/186_RR220206A_985C_2050.bmp,/home/user/rl_quantum_2026summer/data/original data/Trajectories/2022-02-06/251_RR220206A_619C_2214.bmp,0,1.0
Trajectories/2022-04-11/293_RR220411A_882C_1842.bmp,293_RR220411A_882C_1842.bmp,Trajectories/2022-02-06/194_RR220206A_962C_2059.bmp,194_RR220206A_962C_2059.bmp,(√13 x √13),1,SY,,2025-12-10T16:52:24.169165,,,,(√13 x √13),Trajectories/2022-02-06/194_RR220206A_962C_2059.bmp || Trajectories/2022-04-11/293_RR220411A_882C_1842.bmp,/home/user/rl_quantum_2026summer/data/original data/Trajectories/2022-04-11/293_RR220411A_882C_1842.bmp,/home/user/rl_quantum_2026summer/data/original data/Trajectories/2022-02-06/194_RR220206A_962C_2059.bmp,3,1.0
Trajectories/2022-04-11/293_RR220411A_882C_1842.bmp,293_RR220411A_882C_1842.bmp,Trajectories/2022-02-06/194_RR220206A_962C_2059.bmp,194_RR220206A_962C_2059.bmp,(1 x 1),1,SY,,2025-12-10T16:52:24.965838,,,,(1 x 1),Trajectories/2022-02-06/194_RR220206A_962C_2059.bmp || Trajectories/2022-04-11/293_RR220411A_882C_1842.bmp,/home/user/rl_quantum_2026summer/data/original data/Trajectories/2022-04-11/293_RR220411A_882C_1842.bmp,/home/user/rl_quantum_2026summer/data/original data/Trajectories/2022-02-06/194_RR220206A_962C_2059.bmp,0,1.0
Trajectories/2022-04-11/293_RR220411A_882C_1842.bmp,293_RR220411A_882C_1842.bmp,Trajectories/2022-02-06/194_RR220206A_962C_2059.bmp,194_RR220206A_962C_2059.bmp,HTR,2,SY,,2025-12-10T16:52:25.687035,,,,HTR,Trajectories/2022-02-06/194_RR220206A_962C_2059.bmp || Trajectories/2022-04-11/293_RR220411A_882C_1842.bmp,/home/user/rl_quantum_2026summer/data/original data/Trajectories/2022-04-11/293_RR220411A_882C_1842.bmp,/home/user/rl_quantum_2026summer/data/original data/Trajectories/2022-02-06/194_RR220206A_962C_2059.bmp,4,1.0
Trajectories/2022-04-11/293_RR220411A_882C_1842.bmp,293_RR220411A_882C_1842.bmp,Trajectories/2022-02-06/194_RR220206A_962C_2059.bmp,194_RR220206A_962C_2059.bmp,c(6 x 2),1,SY,,2025-12-10T16:52:26.361850,,,,c(6 x 2),Trajectories/2022-02-06/194_RR220206A_962C_2059.bmp || Trajectories/2022-04-11/293_RR220411A_882C_1842.bmp,/home/user/rl_quantum_2026summer/data/original data/Trajectories/2022-04-11/293_RR220411A_882C_1842.bmp,/home/user/rl_quantum_2026summer/data/original data/Trajectories/2022-02-06/194_RR220206A_962C_2059.bmp,2,1.0
Trajectories/2022-02-04/334_RR220204A_939C_2101.bmp,334_RR220204A_939C_2101.bmp,Trajectories/2022-04-11/386_RR220411A_580C_1943.bmp,386_RR220411A_580C_1943.bmp,(√13 x √13),2,HL,,2025-12-15T21:05:38.049744,,,,(√13 x √13),Trajectories/2022-02-04/334_RR220204A_939C_2101.bmp || Trajectories/2022-04-11/386_RR220411A_580C_1943.bmp,/home/user/rl_quantum_2026summer/data/original data/Trajectories/2022-02-04/334_RR220204A_939C_2101.bmp,/home/user/rl_quantum_2026summer/data/original data/Trajectories/2022-04-11/386_RR220411A_580C_1943.bmp,3,1.0
Trajectories/2022-02-04/334_RR220204A_939C_2101.bmp,334_RR220204A_939C_2101.bmp,Trajectories/2022-04-11/386_RR220411A_580C_1943.bmp,386_RR220411A_580C_1943.bmp,(1 x 1),not_apply,HL,,2025-12-15T21:05:40.524589,,,,(1 x 1),Trajectories/2022-02-04/334_RR220204A_939C_2101.bmp || Trajectories/2022-04-11/386_RR220411A_580C_1943.bmp,/home/user/rl_quantum_2026summer/data/original data/Trajectories/2022-02-04/334_RR220204A_939C_2101.bmp,/home/user/rl_quantum_2026summer/data/original data/Trajectories/2022-04-11/386_RR220411A_580C_1943.bmp,0,1.0
Trajectories/2022-02-04/334_RR220204A_939C_2101.bmp,334_RR220204A_939C_2101.bmp,Trajectories/2022-04-11/386_RR220411A_580C_1943.bmp,386_RR220411A_580C_1943.bmp,c(6 x 2),2,HL,,2025-12-15T21:05:41.574937,,,,c(6 x 2),Trajectories/2022-02-04/334_RR220204A_939C_2101.bmp || Trajectories/2022-04-11/386_RR220411A_580C_1943.bmp,/home/user/rl_quantum_2026summer/data/original data/Trajectories/2022-02-04/334_RR220204A_939C_2101.bmp,/home/user/rl_quantum_2026summer/data/original data/Trajectories/2022-04-11/386_RR220411A_580C_1943.bmp,2,1.0
Trajectories/2022-02-04/334_RR220204A_939C_2101.bmp,334_RR220204A_939C_2101.bmp,Trajectories/2022-04-11/386_RR220411A_580C_1943.bmp,386_RR220411A_580C_1943.bmp,HTR,not_apply,HL,,2025-12-15T21:05:42.633171,,,,HTR,Trajectories/2022-02-04/334_RR220204A_939C_2101.bmp || Trajectories/2022-04-11/386_RR220411A_580C_1943.bmp,/home/user/rl_quantum_2026summer/data/original data/Trajectories/2022-02-04/334_RR220204A_939C_2101.bmp,/home/user/rl_quantum_2026summer/data/original data/Trajectories/2022-04-11/386_RR220411A_580C_1943.bmp,4,1.0
Trajectories/2022-02-06/137_RR220206A_982C_1937.bmp,137_RR220206A_982C_1937.bmp,Trajectories/2022-04-11/191_RR220411A_821C_1704.bmp,191_RR220411A_821C_1704.bmp,c(6 x 2),1,HL,,2026-01-06T21:41:32.149785,252.0,252.0,Confident,c(6 x 2),Trajectories/2022-02-06/137_RR220206A_982C_1937.bmp || Trajectories/2022-04-11/191_RR220411A_821C_1704.bmp,/home/user/rl_quantum_2026summer/data/original data/Trajectories/2022-02-06/137_RR220206A_982C_1937.bmp,/home/user/rl_quantum_2026summer/data/original data/Trajectories/2022-04-11/191_RR220411A_821C_1704.bmp,2,1.0
Trajectories/2022-02-06/137_RR220206A_982C_1937.bmp,137_RR220206A_982C_1937.bmp,Trajectories/2022-04-11/191_RR220411A_821C_1704.bmp,191_RR220411A_821C_1704.bmp,(1 x 1),1,HL,,2026-01-06T21:41:33.206052,252.0,252.0,Confident,(1 x 1),Trajectories/2022-02-06/137_RR220206A_982C_1937.bmp || Trajectories/2022-04-11/191_RR220411A_821C_1704.bmp,/home/user/rl_quantum_2026summer/data/original data/Trajectories/2022-02-06/137_RR220206A_982C_1937.bmp,/home/user/rl_quantum_2026summer/data/original data/Trajectories/2022-04-11/191_RR220411A_821C_1704.bmp,0,1.0
Trajectories/2022-02-06/137_RR220206A_982C_1937.bmp,137_RR220206A_982C_1937.bmp,Trajectories/2022-04-11/191_RR220411A_821C_1704.bmp,191_RR220411A_821C_1704.bmp,HTR,not_apply,HL,,2026-01-06T21:41:34.801341,252.0,252.0,Confident,HTR,Trajectories/2022-02-06/137_RR220206A_982C_1937.bmp || Trajectories/2022-04-11/191_RR220411A_821C_1704.bmp,/home/user/rl_quantum_2026summer/data/original data/Trajectories/2022-02-06/137_RR220206A_982C_1937.bmp,/home/user/rl_quantum_2026summer/data/original data/Trajectories/2022-04-11/191_RR220411A_821C_1704.bmp,4,1.0
Trajectories/2022-02-06/137_RR220206A_982C_1937.bmp,137_RR220206A_982C_1937.bmp,Trajectories/2022-04-11/191_RR220411A_821C_1704.bmp,191_RR220411A_821C_1704.bmp,(√13 x √13),not_apply,HL,,2026-01-06T21:41:35.548672,252.0,252.0,Confident,(√13 x √13),Trajectories/2022-02-06/137_RR220206A_982C_1937.bmp || Trajectories/2022-04-11/191_RR220411A_821C_1704.bmp,/home/user/rl_quantum_2026summer/data/original data/Trajectories/2022-02-06/137_RR220206A_982C_1937.bmp,/home/user/rl_quantum_2026summer/data/original data/Trajectories/2022-04-11/191_RR220411A_821C_1704.bmp,3,1.0
Trajectories/2022-02-04/221_RR220204A_666C_1854.bmp,221_RR220204A_666C_1854.bmp,Trajectories/2022-04-11/358_RR220411A_677C_1926.bmp,358_RR220411A_677C_1926.bmp,(√13 x √13),2,HL,,2026-01-02T22:37:17.937343,249.0,291.0,Confident,(√13 x √13),Trajectories/2022-02-04/221_RR220204A_666C_1854.bmp || Trajectories/2022-04-11/358_RR220411A_677C_1926.bmp,/home/user/rl_quantum_2026summer/data/original data/Trajectories/2022-02-04/221_RR220204A_666C_1854.bmp,/home/user/rl_quantum_2026summer/data/original data/Trajectories/2022-04-11/358_RR220411A_677C_1926.bmp,3,1.0
Trajectories/2022-02-04/221_RR220204A_666C_1854.bmp,221_RR220204A_666C_1854.bmp,Trajectories/2022-04-11/358_RR220411A_677C_1926.bmp,358_RR220411A_677C_1926.bmp,c(6 x 2),2,HL,,2026-01-02T22:37:19.622291,249.0,291.0,Confident,c(6 x 2),Trajectories/2022-02-04/221_RR220204A_666C_1854.bmp || Trajectories/2022-04-11/358_RR220411A_677C_1926.bmp,/home/user/rl_quantum_2026summer/data/original data/Trajectories/2022-02-04/221_RR220204A_666C_1854.bmp,/home/user/rl_quantum_2026summer/data/original data/Trajectories/2022-04-11/358_RR220411A_677C_1926.bmp,2,1.0
Trajectories/2022-02-04/221_RR220204A_666C_1854.bmp,221_RR220204A_666C_1854.bmp,Trajectories/2022-04-11/358_RR220411A_677C_1926.bmp,358_RR220411A_677C_1926.bmp,HTR,not_apply,HL,,2026-01-02T22:37:20.894927,249.0,291.0,Confident,HTR,Trajectories/2022-02-04/221_RR220204A_666C_1854.bmp || Trajectories/2022-04-11/358_RR220411A_677C_1926.bmp,/home/user/rl_quantum_2026summer/data/original data/Trajectories/2022-02-04/221_RR220204A_666C_1854.bmp,/home/user/rl_quantum_2026summer/data/original data/Trajectories/2022-04-11/358_RR220411A_677C_1926.bmp,4,1.0
Trajectories/2022-02-04/221_RR220204A_666C_1854.bmp,221_RR220204A_666C_1854.bmp,Trajectories/2022-04-11/358_RR220411A_677C_1926.bmp,358_RR220411A_677C_1926.bmp,(1 x 1),2,HL,,2026-01-02T22:37:23.459411,249.0,291.0,Confident,(1 x 1),Trajectories/2022-02-04/221_RR220204A_666C_1854.bmp || Trajectories/2022-04-11/358_RR220411A_677C_1926.bmp,/home/user/rl_quantum_2026summer/data/original data/Trajectories/2022-02-04/221_RR220204A_666C_1854.bmp,/home/user/rl_quantum_2026summer/data/original data/Trajectories/2022-04-11/358_RR220411A_677C_1926.bmp,0,1.0
Trajectories/2022-04-11/183_RR220411A_794C_1655.bmp,183_RR220411A_794C_1655.bmp,Trajectories/2022-02-04/048_RR220204A_245C_0201.bmp,048_RR220204A_245C_0201.bmp,(√13 x √13),2,SY,,2025-12-10T16:56:27.896724,,,,(√13 x √13),Trajectories/2022-02-04/048_RR220204A_245C_0201.bmp || Trajectories/2022-04-11/183_RR220411A_794C_1655.bmp,/home/user/rl_quantum_2026summer/data/original data/Trajectories/2022-04-11/183_RR220411A_794C_1655.bmp,/home/user/rl_quantum_2026summer/data/original data/Trajectories/2022-02-04/048_RR220204A_245C_0201.bmp,3,1.0
Trajectories/2022-04-11/183_RR220411A_794C_1655.bmp,183_RR220411A_794C_1655.bmp,Trajectories/2022-02-04/048_RR220204A_245C_0201.bmp,048_RR220204A_245C_0201.bmp,c(6 x 2),not_apply,SY,,2025-12-10T16:56:28.616269,,,,c(6 x 2),Trajectories/2022-02-04/048_RR220204A_245C_0201.bmp || Trajectories/2022-04-11/183_RR220411A_794C_1655.bmp,/home/user/rl_quantum_2026summer/data/original data/Trajectories/2022-04-11/183_RR220411A_794C_1655.bmp,/home/user/rl_quantum_2026summer/data/original data/Trajectories/2022-02-04/048_RR220204A_245C_0201.bmp,2,1.0
Trajectories/2022-04-11/183_RR220411A_794C_1655.bmp,183_RR220411A_794C_1655.bmp,Trajectories/2022-02-04/048_RR220204A_245C_0201.bmp,048_RR220204A_245C_0201.bmp,(1 x 1),2,SY,,2025-12-10T16:56:29.359621,,,,(1 x 1),Trajectories/2022-02-04/048_RR220204A_245C_0201.bmp || Trajectories/2022-04-11/183_RR220411A_794C_1655.bmp,/home/user/rl_quantum_2026summer/data/original data/Trajectories/2022-04-11/183_RR220411A_794C_1655.bmp,/home/user/rl_quantum_2026summer/data/original data/Trajectories/2022-02-04/048_RR220204A_245C_0201.bmp,0,1.0
Trajectories/2022-04-11/183_RR220411A_794C_1655.bmp,183_RR220411A_794C_1655.bmp,Trajectories/2022-02-04/048_RR220204A_245C_0201.bmp,048_RR220204A_245C_0201.bmp,HTR,not_apply,SY,,2025-12-10T16:56:30.137612,,,,HTR,Trajectories/2022-02-04/048_RR220204A_245C_0201.bmp || Trajectories/2022-04-11/183_RR220411A_794C_1655.bmp,/home/user/rl_quantum_2026summer/data/original data/Trajectories/2022-04-11/183_RR220411A_794C_1655.bmp,/home/user/rl_quantum_2026summer/data/original data/Trajectories/2022-02-04/048_RR220204A_245C_0201.bmp,4,1.0
Trajectories/2022-02-04/320_RR220204A_915C_2039.bmp,320_RR220204A_915C_2039.bmp,Trajectories/2022-02-06/282_RR220206A_184C_2256.bmp,282_RR220206A_184C_2256.bmp,(√13 x √13),1,AJ,,2025-12-12T00:09:41.214684,,,,(√13 x √13),Trajectories/2022-02-04/320_RR220204A_915C_2039.bmp || Trajectories/2022-02-06/282_RR220206A_184C_2256.bmp,/home/user/rl_quantum_2026summer/data/original data/Trajectories/2022-02-04/320_RR220204A_915C_2039.bmp,/home/user/rl_quantum_2026summer/data/original data/Trajectories/2022-02-06/282_RR220206A_184C_2256.bmp,3,1.0
Trajectories/2022-02-04/320_RR220204A_915C_2039.bmp,320_RR220204A_915C_2039.bmp,Trajectories/2022-02-06/282_RR220206A_184C_2256.bmp,282_RR220206A_184C_2256.bmp,HTR,2,AJ,,2025-12-12T00:09:41.963238,,,,HTR,Trajectories/2022-02-04/320_RR220204A_915C_2039.bmp || Trajectories/2022-02-06/282_RR220206A_184C_2256.bmp,/home/user/rl_quantum_2026summer/data/original data/Trajectories/2022-02-04/320_RR220204A_915C_2039.bmp,/home/user/rl_quantum_2026summer/data/original data/Trajectories/2022-02-06/282_RR220206A_184C_2256.bmp,4,1.0
Trajectories/2022-02-04/356_RR220204A_949C_2144.bmp,356_RR220204A_949C_2144.bmp,Trajectories/2022-02-04/266_RR220204A_783C_1938.bmp,266_RR220204A_783C_1938.bmp,(√13 x √13),tie,HL,,2026-01-05T23:06:22.247845,305.0,322.0,Confident,(√13 x √13),Trajectories/2022-02-04/266_RR220204A_783C_1938.bmp || Trajectories/2022-02-04/356_RR220204A_949C_2144.bmp,/home/user/rl_quantum_2026summer/data/original data/Trajectories/2022-02-04/356_RR220204A_949C_2144.bmp,/home/user/rl_quantum_2026summer/data/original data/Trajectories/2022-02-04/266_RR220204A_783C_1938.bmp,3,1.0
Trajectories/2022-02-04/356_RR220204A_949C_2144.bmp,356_RR220204A_949C_2144.bmp,Trajectories/2022-02-04/266_RR220204A_783C_1938.bmp,266_RR220204A_783C_1938.bmp,(1 x 1),tie,HL,,2026-01-05T23:06:23.437401,305.0,322.0,Confident,(1 x 1),Trajectories/2022-02-04/266_RR220204A_783C_1938.bmp || Trajectories/2022-02-04/356_RR220204A_949C_2144.bmp,/home/user/rl_quantum_2026summer/data/original data/Trajectories/2022-02-04/356_RR220204A_949C_2144.bmp,/home/user/rl_quantum_2026summer/data/original data/Trajectories/2022-02-04/266_RR220204A_783C_1938.bmp,0,1.0
Trajectories/2022-02-04/356_RR220204A_949C_2144.bmp,356_RR220204A_949C_2144.bmp,Trajectories/2022-02-04/266_RR220204A_783C_1938.bmp,266_RR220204A_783C_1938.bmp,c(6 x 2),not_apply,HL,,2026-01-05T23:06:24.468567,305.0,322.0,Confident,c(6 x 2),Trajectories/2022-02-04/266_RR220204A_783C_1938.bmp || Trajectories/2022-02-04/356_RR220204A_949C_2144.bmp,/home/user/rl_quantum_2026summer/data/original data/Trajectories/2022-02-04/356_RR220204A_949C_2144.bmp,/home/user/rl_quantum_2026summer/data/original data/Trajectories/2022-02-04/266_RR220204A_783C_1938.bmp,2,1.0
Trajectories/2022-02-04/356_RR220204A_949C_2144.bmp,356_RR220204A_949C_2144.bmp,Trajectories/2022-02-04/266_RR220204A_783C_1938.bmp,266_RR220204A_783C_1938.bmp,HTR,not_apply,HL,,2026-01-05T23:06:25.576622,305.0,322.0,Confident,HTR,Trajectories/2022-02-04/266_RR220204A_783C_1938.bmp || Trajectories/2022-02-04/356_RR220204A_949C_2144.bmp,/home/user/rl_quantum_2026summer/data/original data/Trajectories/2022-02-04/356_RR220204A_949C_2144.bmp,/home/user/rl_quantum_2026summer/data/original data/Trajectories/2022-02-04/266_RR220204A_783C_1938.bmp,4,1.0
Trajectories/2022-04-11/443_RR220411A_303C_2007.bmp,443_RR220411A_303C_2007.bmp,Trajectories/2022-04-11/397_RR220411A_528C_1948.bmp,397_RR220411A_528C_1948.bmp,(√13 x √13),tie,AJ,,2025-12-12T00:18:11.173158,,,,(√13 x √13),Trajectories/2022-04-11/397_RR220411A_528C_1948.bmp || Trajectories/2022-04-11/443_RR220411A_303C_2007.bmp,/home/user/rl_quantum_2026summer/data/original data/Trajectories/2022-04-11/443_RR220411A_303C_2007.bmp,/home/user/rl_quantum_2026summer/data/original data/Trajectories/2022-04-11/397_RR220411A_528C_1948.bmp,3,1.0
Trajectories/2022-02-06/257_RR220206A_581C_2222.bmp,257_RR220206A_581C_2222.bmp,Trajectories/2022-02-04/379_RR220204A_937C_2315.bmp,379_RR220204A_937C_2315.bmp,c(6 x 2),2,AJ,,2025-12-11T15:16:13.622695,,,,c(6 x 2),Trajectories/2022-02-04/379_RR220204A_937C_2315.bmp || Trajectories/2022-02-06/257_RR220206A_581C_2222.bmp,/home/user/rl_quantum_2026summer/data/original data/Trajectories/2022-02-06/257_RR220206A_581C_2222.bmp,/home/user/rl_quantum_2026summer/data/original data/Trajectories/2022-02-04/379_RR220204A_937C_2315.bmp,2,1.0
Trajectories/2022-02-06/257_RR220206A_581C_2222.bmp,257_RR220206A_581C_2222.bmp,Trajectories/2022-02-04/379_RR220204A_937C_2315.bmp,379_RR220204A_937C_2315.bmp,HTR,1,AJ,,2025-12-11T15:16:14.437789,,,,HTR,Trajectories/2022-02-04/379_RR220204A_937C_2315.bmp || Trajectories/2022-02-06/257_RR220206A_581C_2222.bmp,/home/user/rl_quantum_2026summer/data/original data/Trajectories/2022-02-06/257_RR220206A_581C_2222.bmp,/home/user/rl_quantum_2026summer/data/original data/Trajectories/2022-02-04/379_RR220204A_937C_2315.bmp,4,1.0
Trajectories/2022-04-11/028_RR220411A_291C_1436.bmp,028_RR220411A_291C_1436.bmp,Trajectories/2022-04-11/050_RR220411A_370C_1458.bmp,050_RR220411A_370C_1458.bmp,(1 x 1),tie,HL,,2025-12-15T20:54:24.541804,,,,(1 x 1),Trajectories/2022-04-11/028_RR220411A_291C_1436.bmp || Trajectories/2022-04-11/050_RR220411A_370C_1458.bmp,/home/user/rl_quantum_2026summer/data/original data/Trajectories/2022-04-11/028_RR220411A_291C_1436.bmp,/home/user/rl_quantum_2026summer/data/original data/Trajectories/2022-04-11/050_RR220411A_370C_1458.bmp,0,1.0
Trajectories/2022-04-11/028_RR220411A_291C_1436.bmp,028_RR220411A_291C_1436.bmp,Trajectories/2022-04-11/050_RR220411A_370C_1458.bmp,050_RR220411A_370C_1458.bmp,c(6 x 2),not_apply,HL,,2025-12-15T20:54:25.503680,,,,c(6 x 2),Trajectories/2022-04-11/028_RR220411A_291C_1436.bmp || Trajectories/2022-04-11/050_RR220411A_370C_1458.bmp,/home/user/rl_quantum_2026summer/data/original data/Trajectories/2022-04-11/028_RR220411A_291C_1436.bmp,/home/user/rl_quantum_2026summer/data/original data/Trajectories/2022-04-11/050_RR220411A_370C_1458.bmp,2,1.0
Trajectories/2022-04-11/028_RR220411A_291C_1436.bmp,028_RR220411A_291C_1436.bmp,Trajectories/2022-04-11/050_RR220411A_370C_1458.bmp,050_RR220411A_370C_1458.bmp,(√13 x √13),not_apply,HL,,2025-12-15T20:54:26.444863,,,,(√13 x √13),Trajectories/2022-04-11/028_RR220411A_291C_1436.bmp || Trajectories/2022-04-11/050_RR220411A_370C_1458.bmp,/home/user/rl_quantum_2026summer/data/original data/Trajectories/2022-04-11/028_RR220411A_291C_1436.bmp,/home/user/rl_quantum_2026summer/data/original data/Trajectories/2022-04-11/050_RR220411A_370C_1458.bmp,3,1.0
Trajectories/2022-04-11/028_RR220411A_291C_1436.bmp,028_RR220411A_291C_1436.bmp,Trajectories/2022-04-11/050_RR220411A_370C_1458.bmp,050_RR220411A_370C_1458.bmp,HTR,not_apply,HL,,2025-12-15T20:54:27.295559,,,,HTR,Trajectories/2022-04-11/028_RR220411A_291C_1436.bmp || Trajectories/2022-04-11/050_RR220411A_370C_1458.bmp,/home/user/rl_quantum_2026summer/data/original data/Trajectories/2022-04-11/028_RR220411A_291C_1436.bmp,/home/user/rl_quantum_2026summer/data/original data/Trajectories/2022-04-11/050_RR220411A_370C_1458.bmp,4,1.0
Trajectories/2022-02-04/093_RR220204A_397C_1722.bmp,093_RR220204A_397C_1722.bmp,Trajectories/2022-04-11/367_RR220411A_648C_1932.bmp,367_RR220411A_648C_1932.bmp,(1 x 1),1,AJ,,2025-12-11T15:15:49.686976,,,,(1 x 1),Trajectories/2022-02-04/093_RR220204A_397C_1722.bmp || Trajectories/2022-04-11/367_RR220411A_648C_1932.bmp,/home/user/rl_quantum_2026summer/data/original data/Trajectories/2022-02-04/093_RR220204A_397C_1722.bmp,/home/user/rl_quantum_2026summer/data/original data/Trajectories/2022-04-11/367_RR220411A_648C_1932.bmp,0,1.0
Trajectories/2022-02-04/093_RR220204A_397C_1722.bmp,093_RR220204A_397C_1722.bmp,Trajectories/2022-04-11/367_RR220411A_648C_1932.bmp,367_RR220411A_648C_1932.bmp,(√13 x √13),2,AJ,,2025-12-11T15:15:50.551998,,,,(√13 x √13),Trajectories/2022-02-04/093_RR220204A_397C_1722.bmp || Trajectories/2022-04-11/367_RR220411A_648C_1932.bmp,/home/user/rl_quantum_2026summer/data/original data/Trajectories/2022-02-04/093_RR220204A_397C_1722.bmp,/home/user/rl_quantum_2026summer/data/original data/Trajectories/2022-04-11/367_RR220411A_648C_1932.bmp,3,1.0
Trajectories/2022-04-11/063_RR220411A_402C_1510.bmp,063_RR220411A_402C_1510.bmp,Trajectories/2022-04-11/268_RR220411A_952C_1801.bmp,268_RR220411A_952C_1801.bmp,HTR,not_apply,AJ,,2025-12-26T10:54:36.936401,181.0,195.0,Confident,HTR,Trajectories/2022-04-11/063_RR220411A_402C_1510.bmp || Trajectories/2022-04-11/268_RR220411A_952C_1801.bmp,/home/user/rl_quantum_2026summer/data/original data/Trajectories/2022-04-11/063_RR220411A_402C_1510.bmp,/home/user/rl_quantum_2026summer/data/original data/Trajectories/2022-04-11/268_RR220411A_952C_1801.bmp,4,1.0
Trajectories/2022-04-11/063_RR220411A_402C_1510.bmp,063_RR220411A_402C_1510.bmp,Trajectories/2022-04-11/268_RR220411A_952C_1801.bmp,268_RR220411A_952C_1801.bmp,(1 x 1),1,AJ,,2025-12-26T10:54:37.847960,181.0,195.0,Confident,(1 x 1),Trajectories/2022-04-11/063_RR220411A_402C_1510.bmp || Trajectories/2022-04-11/268_RR220411A_952C_1801.bmp,/home/user/rl_quantum_2026summer/data/original data/Trajectories/2022-04-11/063_RR220411A_402C_1510.bmp,/home/user/rl_quantum_2026summer/data/original data/Trajectories/2022-04-11/268_RR220411A_952C_1801.bmp,0,1.0
Trajectories/2022-04-11/063_RR220411A_402C_1510.bmp,063_RR220411A_402C_1510.bmp,Trajectories/2022-04-11/268_RR220411A_952C_1801.bmp,268_RR220411A_952C_1801.bmp,c(6 x 2),2,AJ,,2025-12-26T10:54:39.821874,181.0,195.0,Confident,c(6 x 2),Trajectories/2022-04-11/063_RR220411A_402C_1510.bmp || Trajectories/2022-04-11/268_RR220411A_952C_1801.bmp,/home/user/rl_quantum_2026summer/data/original data/Trajectories/2022-04-11/063_RR220411A_402C_1510.bmp,/home/user/rl_quantum_2026summer/data/original data/Trajectories/2022-04-11/268_RR220411A_952C_1801.bmp,2,1.0
Trajectories/2022-04-11/063_RR220411A_402C_1510.bmp,063_RR220411A_402C_1510.bmp,Trajectories/2022-04-11/268_RR220411A_952C_1801.bmp,268_RR220411A_952C_1801.bmp,(√13 x √13),not_apply,AJ,,2025-12-26T10:54:40.725593,181.0,195.0,Confident,(√13 x √13),Trajectories/2022-04-11/063_RR220411A_402C_1510.bmp || Trajectories/2022-04-11/268_RR220411A_952C_1801.bmp,/home/user/rl_quantum_2026summer/data/original data/Trajectories/2022-04-11/063_RR220411A_402C_1510.bmp,/home/user/rl_quantum_2026summer/data/original data/Trajectories/2022-04-11/268_RR220411A_952C_1801.bmp,3,1.0
Trajectories/2022-04-11/067_RR220411A_416C_1513-02.bmp,067_RR220411A_416C_1513-02.bmp,Trajectories/2022-02-06/097_RR220206A_654C_1837.bmp,097_RR220206A_654C_1837.bmp,HTR,not_apply,HL,,2026-01-02T22:18:06.296425,246.0,250.0,Confident,HTR,Trajectories/2022-02-06/097_RR220206A_654C_1837.bmp || Trajectories/2022-04-11/067_RR220411A_416C_1513-02.bmp,/home/user/rl_quantum_2026summer/data/original data/Trajectories/2022-04-11/067_RR220411A_416C_1513-02.bmp,/home/user/rl_quantum_2026summer/data/original data/Trajectories/2022-02-06/097_RR220206A_654C_1837.bmp,4,1.0
Trajectories/2022-04-11/067_RR220411A_416C_1513-02.bmp,067_RR220411A_416C_1513-02.bmp,Trajectories/2022-02-06/097_RR220206A_654C_1837.bmp,097_RR220206A_654C_1837.bmp,(√13 x √13),not_apply,HL,,2026-01-02T22:18:07.732904,246.0,250.0,Confident,(√13 x √13),Trajectories/2022-02-06/097_RR220206A_654C_1837.bmp || Trajectories/2022-04-11/067_RR220411A_416C_1513-02.bmp,/home/user/rl_quantum_2026summer/data/original data/Trajectories/2022-04-11/067_RR220411A_416C_1513-02.bmp,/home/user/rl_quantum_2026summer/data/original data/Trajectories/2022-02-06/097_RR220206A_654C_1837.bmp,3,1.0
Trajectories/2022-04-11/067_RR220411A_416C_1513-02.bmp,067_RR220411A_416C_1513-02.bmp,Trajectories/2022-02-06/097_RR220206A_654C_1837.bmp,097_RR220206A_654C_1837.bmp,c(6 x 2),not_apply,HL,,2026-01-02T22:18:08.941524,246.0,250.0,Confident,c(6 x 2),Trajectories/2022-02-06/097_RR220206A_654C_1837.bmp || Trajectories/2022-04-11/067_RR220411A_416C_1513-02.bmp,/home/user/rl_quantum_2026summer/data/original data/Trajectories/2022-04-11/067_RR220411A_416C_1513-02.bmp,/home/user/rl_quantum_2026summer/data/original data/Trajectories/2022-02-06/097_RR220206A_654C_1837.bmp,2,1.0
Trajectories/2022-04-11/067_RR220411A_416C_1513-02.bmp,067_RR220411A_416C_1513-02.bmp,Trajectories/2022-02-06/097_RR220206A_654C_1837.bmp,097_RR220206A_654C_1837.bmp,(1 x 1),1,HL,,2026-01-02T22:18:10.133502,246.0,250.0,Confident,(1 x 1),Trajectories/2022-02-06/097_RR220206A_654C_1837.bmp || Trajectories/2022-04-11/067_RR220411A_416C_1513-02.bmp,/home/user/rl_quantum_2026summer/data/original data/Trajectories/2022-04-11/067_RR220411A_416C_1513-02.bmp,/home/user/rl_quantum_2026summer/data/original data/Trajectories/2022-02-06/097_RR220206A_654C_1837.bmp,0,1.0
Trajectories/2022-02-04/221_RR220204A_666C_1854.bmp,221_RR220204A_666C_1854.bmp,Trajectories/2022-02-04/339_RR220204A_938C_2110.bmp,339_RR220204A_938C_2110.bmp,(√13 x √13),tie,AJ,,2025-12-12T00:16:20.231879,,,,(√13 x √13),Trajectories/2022-02-04/221_RR220204A_666C_1854.bmp || Trajectories/2022-02-04/339_RR220204A_938C_2110.bmp,/home/user/rl_quantum_2026summer/data/original data/Trajectories/2022-02-04/221_RR220204A_666C_1854.bmp,/home/user/rl_quantum_2026summer/data/original data/Trajectories/2022-02-04/339_RR220204A_938C_2110.bmp,3,1.0
Trajectories/2022-02-06/068_RR220206A_362C_1759.bmp,068_RR220206A_362C_1759.bmp,Trajectories/2022-02-04/235_RR220204A_725C_1905.bmp,235_RR220204A_725C_1905.bmp,(1 x 1),1,AJ,,2025-12-12T00:19:37.453925,,,,(1 x 1),Trajectories/2022-02-04/235_RR220204A_725C_1905.bmp || Trajectories/2022-02-06/068_RR220206A_362C_1759.bmp,/home/user/rl_quantum_2026summer/data/original data/Trajectories/2022-02-06/068_RR220206A_362C_1759.bmp,/home/user/rl_quantum_2026summer/data/original data/Trajectories/2022-02-04/235_RR220204A_725C_1905.bmp,0,1.0
Trajectories/2022-02-06/068_RR220206A_362C_1759.bmp,068_RR220206A_362C_1759.bmp,Trajectories/2022-02-04/235_RR220204A_725C_1905.bmp,235_RR220204A_725C_1905.bmp,(√13 x √13),2,AJ,,2025-12-12T00:19:38.236822,,,,(√13 x √13),Trajectories/2022-02-04/235_RR220204A_725C_1905.bmp || Trajectories/2022-02-06/068_RR220206A_362C_1759.bmp,/home/user/rl_quantum_2026summer/data/original data/Trajectories/2022-02-06/068_RR220206A_362C_1759.bmp,/home/user/rl_quantum_2026summer/data/original data/Trajectories/2022-02-04/235_RR220204A_725C_1905.bmp,3,1.0
Trajectories/2022-02-04/346_RR220204A_957C_2123.bmp,346_RR220204A_957C_2123.bmp,Trajectories/2022-02-04/103_RR220204A_408C_1733.bmp,103_RR220204A_408C_1733.bmp,c(6 x 2),not_apply,HL,,2025-12-15T20:53:00.219674,,,,c(6 x 2),Trajectories/2022-02-04/103_RR220204A_408C_1733.bmp || Trajectories/2022-02-04/346_RR220204A_957C_2123.bmp,/home/user/rl_quantum_2026summer/data/original data/Trajectories/2022-02-04/346_RR220204A_957C_2123.bmp,/home/user/rl_quantum_2026summer/data/original data/Trajectories/2022-02-04/103_RR220204A_408C_1733.bmp,2,1.0
Trajectories/2022-02-04/346_RR220204A_957C_2123.bmp,346_RR220204A_957C_2123.bmp,Trajectories/2022-02-04/103_RR220204A_408C_1733.bmp,103_RR220204A_408C_1733.bmp,HTR,not_apply,HL,,2025-12-15T20:53:01.364709,,,,HTR,Trajectories/2022-02-04/103_RR220204A_408C_1733.bmp || Trajectories/2022-02-04/346_RR220204A_957C_2123.bmp,/home/user/rl_quantum_2026summer/data/original data/Trajectories/2022-02-04/346_RR220204A_957C_2123.bmp,/home/user/rl_quantum_2026summer/data/original data/Trajectories/2022-02-04/103_RR220204A_408C_1733.bmp,4,1.0
Trajectories/2022-02-04/346_RR220204A_957C_2123.bmp,346_RR220204A_957C_2123.bmp,Trajectories/2022-02-04/103_RR220204A_408C_1733.bmp,103_RR220204A_408C_1733.bmp,(√13 x √13),2,HL,,2025-12-15T20:53:02.544973,,,,(√13 x √13),Trajectories/2022-02-04/103_RR220204A_408C_1733.bmp || Trajectories/2022-02-04/346_RR220204A_957C_2123.bmp,/home/user/rl_quantum_2026summer/data/original data/Trajectories/2022-02-04/346_RR220204A_957C_2123.bmp,/home/user/rl_quantum_2026summer/data/original data/Trajectories/2022-02-04/103_RR220204A_408C_1733.bmp,3,1.0
Trajectories/2022-02-04/346_RR220204A_957C_2123.bmp,346_RR220204A_957C_2123.bmp,Trajectories/2022-02-04/103_RR220204A_408C_1733.bmp,103_RR220204A_408C_1733.bmp,(1 x 1),not_apply,HL,,2025-12-15T20:53:03.640595,,,,(1 x 1),Trajectories/2022-02-04/103_RR220204A_408C_1733.bmp || Trajectories/2022-02-04/346_RR220204A_957C_2123.bmp,/home/user/rl_quantum_2026summer/data/original data/Trajectories/2022-02-04/346_RR220204A_957C_2123.bmp,/home/user/rl_quantum_2026summer/data/original data/Trajectories/2022-02-04/103_RR220204A_408C_1733.bmp,0,1.0
Trajectories/2022-04-11/186_RR220411A_805C_1658.bmp,186_RR220411A_805C_1658.bmp,Trajectories/2022-04-11/047_RR220411A_350C_1454.bmp,047_RR220411A_350C_1454.bmp,c(6 x 2),not_apply,AJ,,2025-12-26T08:44:10.245815,190.0,267.0,Confident,c(6 x 2),Trajectories/2022-04-11/047_RR220411A_350C_1454.bmp || Trajectories/2022-04-11/186_RR220411A_805C_1658.bmp,/home/user/rl_quantum_2026summer/data/original data/Trajectories/2022-04-11/186_RR220411A_805C_1658.bmp,/home/user/rl_quantum_2026summer/data/original data/Trajectories/2022-04-11/047_RR220411A_350C_1454.bmp,2,1.0
Trajectories/2022-04-11/186_RR220411A_805C_1658.bmp,186_RR220411A_805C_1658.bmp,Trajectories/2022-04-11/047_RR220411A_350C_1454.bmp,047_RR220411A_350C_1454.bmp,(1 x 1),tie,AJ,,2025-12-26T08:44:12.392156,190.0,267.0,Confident,(1 x 1),Trajectories/2022-04-11/047_RR220411A_350C_1454.bmp || Trajectories/2022-04-11/186_RR220411A_805C_1658.bmp,/home/user/rl_quantum_2026summer/data/original data/Trajectories/2022-04-11/186_RR220411A_805C_1658.bmp,/home/user/rl_quantum_2026summer/data/original data/Trajectories/2022-04-11/047_RR220411A_350C_1454.bmp,0,1.0
Trajectories/2022-04-11/186_RR220411A_805C_1658.bmp,186_RR220411A_805C_1658.bmp,Trajectories/2022-04-11/047_RR220411A_350C_1454.bmp,047_RR220411A_350C_1454.bmp,HTR,not_apply,AJ,,2025-12-26T08:44:13.294204,190.0,267.0,Confident,HTR,Trajectories/2022-04-11/047_RR220411A_350C_1454.bmp || Trajectories/2022-04-11/186_RR220411A_805C_1658.bmp,/home/user/rl_quantum_2026summer/data/original data/Trajectories/2022-04-11/186_RR220411A_805C_1658.bmp,/home/user/rl_quantum_2026summer/data/original data/Trajectories/2022-04-11/047_RR220411A_350C_1454.bmp,4,1.0
Trajectories/2022-04-11/186_RR220411A_805C_1658.bmp,186_RR220411A_805C_1658.bmp,Trajectories/2022-04-11/047_RR220411A_350C_1454.bmp,047_RR220411A_350C_1454.bmp,(√13 x √13),not_apply,AJ,,2025-12-26T08:44:14.251139,190.0,267.0,Confident,(√13 x √13),Trajectories/2022-04-11/047_RR220411A_350C_1454.bmp || Trajectories/2022-04-11/186_RR220411A_805C_1658.bmp,/home/user/rl_quantum_2026summer/data/original data/Trajectories/2022-04-11/186_RR220411A_805C_1658.bmp,/home/user/rl_quantum_2026summer/data/original data/Trajectories/2022-04-11/047_RR220411A_350C_1454.bmp,3,1.0
Trajectories/2022-02-04/287_RR220204A_851C_2008.bmp,287_RR220204A_851C_2008.bmp,Trajectories/2022-04-11/409_RR220411A_474C_1953.bmp,409_RR220411A_474C_1953.bmp,(√13 x √13),2,AJ,,2025-12-06 01:20:27,,,,(√13 x √13),Trajectories/2022-02-04/287_RR220204A_851C_2008.bmp || Trajectories/2022-04-11/409_RR220411A_474C_1953.bmp,/home/user/rl_quantum_2026summer/data/original data/Trajectories/2022-02-04/287_RR220204A_851C_2008.bmp,/home/user/rl_quantum_2026summer/data/original data/Trajectories/2022-04-11/409_RR220411A_474C_1953.bmp,3,1.0
Trajectories/2022-02-04/287_RR220204A_851C_2008.bmp,287_RR220204A_851C_2008.bmp,Trajectories/2022-04-11/409_RR220411A_474C_1953.bmp,409_RR220411A_474C_1953.bmp,c(6 x 2),1,AJ,,2025-12-06 01:20:27,,,,c(6 x 2),Trajectories/2022-02-04/287_RR220204A_851C_2008.bmp || Trajectories/2022-04-11/409_RR220411A_474C_1953.bmp,/home/user/rl_quantum_2026summer/data/original data/Trajectories/2022-02-04/287_RR220204A_851C_2008.bmp,/home/user/rl_quantum_2026summer/data/original data/Trajectories/2022-04-11/409_RR220411A_474C_1953.bmp,2,1.0
Trajectories/2022-04-11/437_RR220411A_345C_2004.bmp,437_RR220411A_345C_2004.bmp,Trajectories/2022-02-04/181_RR220204A_572C_1825.bmp,181_RR220204A_572C_1825.bmp,c(6 x 2),1,HL,,2025-12-15T21:07:11.235892,,,,c(6 x 2),Trajectories/2022-02-04/181_RR220204A_572C_1825.bmp || Trajectories/2022-04-11/437_RR220411A_345C_2004.bmp,/home/user/rl_quantum_2026summer/data/original data/Trajectories/2022-04-11/437_RR220411A_345C_2004.bmp,/home/user/rl_quantum_2026summer/data/original data/Trajectories/2022-02-04/181_RR220204A_572C_1825.bmp,2,1.0
Trajectories/2022-04-11/437_RR220411A_345C_2004.bmp,437_RR220411A_345C_2004.bmp,Trajectories/2022-02-04/181_RR220204A_572C_1825.bmp,181_RR220204A_572C_1825.bmp,HTR,not_apply,HL,,2025-12-15T21:07:12.137885,,,,HTR,Trajectories/2022-02-04/181_RR220204A_572C_1825.bmp || Trajectories/2022-04-11/437_RR220411A_345C_2004.bmp,/home/user/rl_quantum_2026summer/data/original data/Trajectories/2022-04-11/437_RR220411A_345C_2004.bmp,/home/user/rl_quantum_2026summer/data/original data/Trajectories/2022-02-04/181_RR220204A_572C_1825.bmp,4,1.0
Trajectories/2022-04-11/437_RR220411A_345C_2004.bmp,437_RR220411A_345C_2004.bmp,Trajectories/2022-02-04/181_RR220204A_572C_1825.bmp,181_RR220204A_572C_1825.bmp,(1 x 1),not_apply,HL,,2025-12-15T21:07:13.104534,,,,(1 x 1),Trajectories/2022-02-04/181_RR220204A_572C_1825.bmp || Trajectories/2022-04-11/437_RR220411A_345C_2004.bmp,/home/user/rl_quantum_2026summer/data/original data/Trajectories/2022-04-11/437_RR220411A_345C_2004.bmp,/home/user/rl_quantum_2026summer/data/original data/Trajectories/2022-02-04/181_RR220204A_572C_1825.bmp,0,1.0
Trajectories/2022-04-11/437_RR220411A_345C_2004.bmp,437_RR220411A_345C_2004.bmp,Trajectories/2022-02-04/181_RR220204A_572C_1825.bmp,181_RR220204A_572C_1825.bmp,(√13 x √13),1,HL,,2025-12-15T21:07:14.262371,,,,(√13 x √13),Trajectories/2022-02-04/181_RR220204A_572C_1825.bmp || Trajectories/2022-04-11/437_RR220411A_345C_2004.bmp,/home/user/rl_quantum_2026summer/data/original data/Trajectories/2022-04-11/437_RR220411A_345C_2004.bmp,/home/user/rl_quantum_2026summer/data/original data/Trajectories/2022-02-04/181_RR220204A_572C_1825.bmp,3,1.0
Trajectories/2022-02-06/273_RR220206A_423C_2243.bmp,273_RR220206A_423C_2243.bmp,Trajectories/2022-04-11/093_RR220411A_482C_1531.bmp,093_RR220411A_482C_1531.bmp,(1 x 1),2,SY,,2025-12-12T22:07:21.588392,,,,(1 x 1),Trajectories/2022-02-06/273_RR220206A_423C_2243.bmp || Trajectories/2022-04-11/093_RR220411A_482C_1531.bmp,/home/user/rl_quantum_2026summer/data/original data/Trajectories/2022-02-06/273_RR220206A_423C_2243.bmp,/home/user/rl_quantum_2026summer/data/original data/Trajectories/2022-04-11/093_RR220411A_482C_1531.bmp,0,1.0
Trajectories/2022-02-06/273_RR220206A_423C_2243.bmp,273_RR220206A_423C_2243.bmp,Trajectories/2022-04-11/093_RR220411A_482C_1531.bmp,093_RR220411A_482C_1531.bmp,HTR,1,SY,,2025-12-12T22:07:24.436931,,,,HTR,Trajectories/2022-02-06/273_RR220206A_423C_2243.bmp || Trajectories/2022-04-11/093_RR220411A_482C_1531.bmp,/home/user/rl_quantum_2026summer/data/original data/Trajectories/2022-02-06/273_RR220206A_423C_2243.bmp,/home/user/rl_quantum_2026summer/data/original data/Trajectories/2022-04-11/093_RR220411A_482C_1531.bmp,4,1.0
Trajectories/2022-02-06/273_RR220206A_423C_2243.bmp,273_RR220206A_423C_2243.bmp,Trajectories/2022-04-11/093_RR220411A_482C_1531.bmp,093_RR220411A_482C_1531.bmp,c(6 x 2),1,SY,,2025-12-12T22:07:25.752354,,,,c(6 x 2),Trajectories/2022-02-06/273_RR220206A_423C_2243.bmp || Trajectories/2022-04-11/093_RR220411A_482C_1531.bmp,/home/user/rl_quantum_2026summer/data/original data/Trajectories/2022-02-06/273_RR220206A_423C_2243.bmp,/home/user/rl_quantum_2026summer/data/original data/Trajectories/2022-04-11/093_RR220411A_482C_1531.bmp,2,1.0
Trajectories/2022-02-06/273_RR220206A_423C_2243.bmp,273_RR220206A_423C_2243.bmp,Trajectories/2022-04-11/093_RR220411A_482C_1531.bmp,093_RR220411A_482C_1531.bmp,(√13 x √13),not_apply,SY,,2025-12-12T22:07:26.949242,,,,(√13 x √13),Trajectories/2022-02-06/273_RR220206A_423C_2243.bmp || Trajectories/2022-04-11/093_RR220411A_482C_1531.bmp,/home/user/rl_quantum_2026summer/data/original data/Trajectories/2022-02-06/273_RR220206A_423C_2243.bmp,/home/user/rl_quantum_2026summer/data/original data/Trajectories/2022-04-11/093_RR220411A_482C_1531.bmp,3,1.0
Trajectories/2022-02-04/133_RR220204A_467C_1754-01.bmp,133_RR220204A_467C_1754-01.bmp,Trajectories/2022-02-04/020_RR220204A_981C_0126-02.bmp,020_RR220204A_981C_0126-02.bmp,(1 x 1),2,AJ,,2025-12-11T15:22:36.381750,,,,(1 x 1),Trajectories/2022-02-04/020_RR220204A_981C_0126-02.bmp || Trajectories/2022-02-04/133_RR220204A_467C_1754-01.bmp,/home/user/rl_quantum_2026summer/data/original data/Trajectories/2022-02-04/133_RR220204A_467C_1754-01.bmp,/home/user/rl_quantum_2026summer/data/original data/Trajectories/2022-02-04/020_RR220204A_981C_0126-02.bmp,0,1.0
Trajectories/2022-02-04/133_RR220204A_467C_1754-01.bmp,133_RR220204A_467C_1754-01.bmp,Trajectories/2022-02-04/020_RR220204A_981C_0126-02.bmp,020_RR220204A_981C_0126-02.bmp,c(6 x 2),1,AJ,,2025-12-11T15:22:37.139293,,,,c(6 x 2),Trajectories/2022-02-04/020_RR220204A_981C_0126-02.bmp || Trajectories/2022-02-04/133_RR220204A_467C_1754-01.bmp,/home/user/rl_quantum_2026summer/data/original data/Trajectories/2022-02-04/133_RR220204A_467C_1754-01.bmp,/home/user/rl_quantum_2026summer/data/original data/Trajectories/2022-02-04/020_RR220204A_981C_0126-02.bmp,2,1.0
Trajectories/2022-02-06/037_RR220206A_165C_1722.bmp,037_RR220206A_165C_1722.bmp,Trajectories/2022-04-11/219_RR220411A_865C_1720.bmp,219_RR220411A_865C_1720.bmp,(√13 x √13),2,AJ,,2025-12-26T08:12:16.205371,147.0,209.0,Confident,(√13 x √13),Trajectories/2022-02-06/037_RR220206A_165C_1722.bmp || Trajectories/2022-04-11/219_RR220411A_865C_1720.bmp,/home/user/rl_quantum_2026summer/data/original data/Trajectories/2022-02-06/037_RR220206A_165C_1722.bmp,/home/user/rl_quantum_2026summer/data/original data/Trajectories/2022-04-11/219_RR220411A_865C_1720.bmp,3,1.0
Trajectories/2022-02-06/037_RR220206A_165C_1722.bmp,037_RR220206A_165C_1722.bmp,Trajectories/2022-04-11/219_RR220411A_865C_1720.bmp,219_RR220411A_865C_1720.bmp,c(6 x 2),2,AJ,,2025-12-26T08:12:17.241128,147.0,209.0,Confident,c(6 x 2),Trajectories/2022-02-06/037_RR220206A_165C_1722.bmp || Trajectories/2022-04-11/219_RR220411A_865C_1720.bmp,/home/user/rl_quantum_2026summer/data/original data/Trajectories/2022-02-06/037_RR220206A_165C_1722.bmp,/home/user/rl_quantum_2026summer/data/original data/Trajectories/2022-04-11/219_RR220411A_865C_1720.bmp,2,1.0
Trajectories/2022-02-06/037_RR220206A_165C_1722.bmp,037_RR220206A_165C_1722.bmp,Trajectories/2022-04-11/219_RR220411A_865C_1720.bmp,219_RR220411A_865C_1720.bmp,(1 x 1),1,AJ,,2025-12-26T08:12:19.509080,147.0,209.0,Confident,(1 x 1),Trajectories/2022-02-06/037_RR220206A_165C_1722.bmp || Trajectories/2022-04-11/219_RR220411A_865C_1720.bmp,/home/user/rl_quantum_2026summer/data/original data/Trajectories/2022-02-06/037_RR220206A_165C_1722.bmp,/home/user/rl_quantum_2026summer/data/original data/Trajectories/2022-04-11/219_RR220411A_865C_1720.bmp,0,1.0
Trajectories/2022-02-06/037_RR220206A_165C_1722.bmp,037_RR220206A_165C_1722.bmp,Trajectories/2022-04-11/219_RR220411A_865C_1720.bmp,219_RR220411A_865C_1720.bmp,HTR,not_apply,AJ,,2025-12-26T08:12:20.521106,147.0,209.0,Confident,HTR,Trajectories/2022-02-06/037_RR220206A_165C_1722.bmp || Trajectories/2022-04-11/219_RR220411A_865C_1720.bmp,/home/user/rl_quantum_2026summer/data/original data/Trajectories/2022-02-06/037_RR220206A_165C_1722.bmp,/home/user/rl_quantum_2026summer/data/original data/Trajectories/2022-04-11/219_RR220411A_865C_1720.bmp,4,1.0
Trajectories/2022-04-11/363_RR220411A_661C_1929.bmp,363_RR220411A_661C_1929.bmp,Trajectories/2022-04-11/100_RR220411A_492C_1537.bmp,100_RR220411A_492C_1537.bmp,(1 x 1),2,AJ,,2025-12-12T00:04:01.375466,,,,(1 x 1),Trajectories/2022-04-11/100_RR220411A_492C_1537.bmp || Trajectories/2022-04-11/363_RR220411A_661C_1929.bmp,/home/user/rl_quantum_2026summer/data/original data/Trajectories/2022-04-11/363_RR220411A_661C_1929.bmp,/home/user/rl_quantum_2026summer/data/original data/Trajectories/2022-04-11/100_RR220411A_492C_1537.bmp,0,1.0
Trajectories/2022-04-11/363_RR220411A_661C_1929.bmp,363_RR220411A_661C_1929.bmp,Trajectories/2022-04-11/100_RR220411A_492C_1537.bmp,100_RR220411A_492C_1537.bmp,(√13 x √13),1,AJ,,2025-12-12T00:04:02.874622,,,,(√13 x √13),Trajectories/2022-04-11/100_RR220411A_492C_1537.bmp || Trajectories/2022-04-11/363_RR220411A_661C_1929.bmp,/home/user/rl_quantum_2026summer/data/original data/Trajectories/2022-04-11/363_RR220411A_661C_1929.bmp,/home/user/rl_quantum_2026summer/data/original data/Trajectories/2022-04-11/100_RR220411A_492C_1537.bmp,3,1.0
Trajectories/2022-04-11/363_RR220411A_661C_1929.bmp,363_RR220411A_661C_1929.bmp,Trajectories/2022-02-04/147_RR220204A_486C_1804.bmp,147_RR220204A_486C_1804.bmp,(√13 x √13),tie,AJ,,2025-12-06 01:19:25,,,,(√13 x √13),Trajectories/2022-02-04/147_RR220204A_486C_1804.bmp || Trajectories/2022-04-11/363_RR220411A_661C_1929.bmp,/home/user/rl_quantum_2026summer/data/original data/Trajectories/2022-04-11/363_RR220411A_661C_1929.bmp,/home/user/rl_quantum_2026summer/data/original data/Trajectories/2022-02-04/147_RR220204A_486C_1804.bmp,3,1.0
Trajectories/2022-04-11/374_RR220411A_625C_1937.bmp,374_RR220411A_625C_1937.bmp,Trajectories/2022-04-11/343_RR220411A_722C_1918.bmp,343_RR220411A_722C_1918.bmp,c(6 x 2),tie,SY,,2025-12-10T16:59:01.343136,,,,c(6 x 2),Trajectories/2022-04-11/343_RR220411A_722C_1918.bmp || Trajectories/2022-04-11/374_RR220411A_625C_1937.bmp,/home/user/rl_quantum_2026summer/data/original data/Trajectories/2022-04-11/374_RR220411A_625C_1937.bmp,/home/user/rl_quantum_2026summer/data/original data/Trajectories/2022-04-11/343_RR220411A_722C_1918.bmp,2,1.0
Trajectories/2022-04-11/374_RR220411A_625C_1937.bmp,374_RR220411A_625C_1937.bmp,Trajectories/2022-04-11/343_RR220411A_722C_1918.bmp,343_RR220411A_722C_1918.bmp,HTR,not_apply,SY,,2025-12-10T16:59:02.093221,,,,HTR,Trajectories/2022-04-11/343_RR220411A_722C_1918.bmp || Trajectories/2022-04-11/374_RR220411A_625C_1937.bmp,/home/user/rl_quantum_2026summer/data/original data/Trajectories/2022-04-11/374_RR220411A_625C_1937.bmp,/home/user/rl_quantum_2026summer/data/original data/Trajectories/2022-04-11/343_RR220411A_722C_1918.bmp,4,1.0
Trajectories/2022-04-11/374_RR220411A_625C_1937.bmp,374_RR220411A_625C_1937.bmp,Trajectories/2022-04-11/343_RR220411A_722C_1918.bmp,343_RR220411A_722C_1918.bmp,(√13 x √13),tie,SY,,2025-12-10T16:59:05.430526,,,,(√13 x √13),Trajectories/2022-04-11/343_RR220411A_722C_1918.bmp || Trajectories/2022-04-11/374_RR220411A_625C_1937.bmp,/home/user/rl_quantum_2026summer/data/original data/Trajectories/2022-04-11/374_RR220411A_625C_1937.bmp,/home/user/rl_quantum_2026summer/data/original data/Trajectories/2022-04-11/343_RR220411A_722C_1918.bmp,3,1.0
Trajectories/2022-04-11/374_RR220411A_625C_1937.bmp,374_RR220411A_625C_1937.bmp,Trajectories/2022-04-11/343_RR220411A_722C_1918.bmp,343_RR220411A_722C_1918.bmp,(1 x 1),tie,SY,,2025-12-10T16:59:06.120952,,,,(1 x 1),Trajectories/2022-04-11/343_RR220411A_722C_1918.bmp || Trajectories/2022-04-11/374_RR220411A_625C_1937.bmp,/home/user/rl_quantum_2026summer/data/original data/Trajectories/2022-04-11/374_RR220411A_625C_1937.bmp,/home/user/rl_quantum_2026summer/data/original data/Trajectories/2022-04-11/343_RR220411A_722C_1918.bmp,0,1.0
Trajectories/2022-02-06/241_RR220206A_692C_2157.bmp,241_RR220206A_692C_2157.bmp,Trajectories/2022-04-11/201_RR220411A_843C_1711-01.bmp,201_RR220411A_843C_1711-01.bmp,(1 x 1),1,HL,,2026-01-06T21:51:02.759982,312.0,308.0,Confident,(1 x 1),Trajectories/2022-02-06/241_RR220206A_692C_2157.bmp || Trajectories/2022-04-11/201_RR220411A_843C_1711-01.bmp,/home/user/rl_quantum_2026summer/data/original data/Trajectories/2022-02-06/241_RR220206A_692C_2157.bmp,/home/user/rl_quantum_2026summer/data/original data/Trajectories/2022-04-11/201_RR220411A_843C_1711-01.bmp,0,1.0
Trajectories/2022-02-06/241_RR220206A_692C_2157.bmp,241_RR220206A_692C_2157.bmp,Trajectories/2022-04-11/201_RR220411A_843C_1711-01.bmp,201_RR220411A_843C_1711-01.bmp,(√13 x √13),2,HL,,2026-01-06T21:51:03.653875,312.0,308.0,Confident,(√13 x √13),Trajectories/2022-02-06/241_RR220206A_692C_2157.bmp || Trajectories/2022-04-11/201_RR220411A_843C_1711-01.bmp,/home/user/rl_quantum_2026summer/data/original data/Trajectories/2022-02-06/241_RR220206A_692C_2157.bmp,/home/user/rl_quantum_2026summer/data/original data/Trajectories/2022-04-11/201_RR220411A_843C_1711-01.bmp,3,1.0
Trajectories/2022-02-06/241_RR220206A_692C_2157.bmp,241_RR220206A_692C_2157.bmp,Trajectories/2022-04-11/201_RR220411A_843C_1711-01.bmp,201_RR220411A_843C_1711-01.bmp,HTR,1,HL,,2026-01-06T21:51:04.502073,312.0,308.0,Confident,HTR,Trajectories/2022-02-06/241_RR220206A_692C_2157.bmp || Trajectories/2022-04-11/201_RR220411A_843C_1711-01.bmp,/home/user/rl_quantum_2026summer/data/original data/Trajectories/2022-02-06/241_RR220206A_692C_2157.bmp,/home/user/rl_quantum_2026summer/data/original data/Trajectories/2022-04-11/201_RR220411A_843C_1711-01.bmp,4,1.0
Trajectories/2022-02-06/241_RR220206A_692C_2157.bmp,241_RR220206A_692C_2157.bmp,Trajectories/2022-04-11/201_RR220411A_843C_1711-01.bmp,201_RR220411A_843C_1711-01.bmp,c(6 x 2),not_apply,HL,,2026-01-06T21:51:05.408432,312.0,308.0,Confident,c(6 x 2),Trajectories/2022-02-06/241_RR220206A_692C_2157.bmp || Trajectories/2022-04-11/201_RR220411A_843C_1711-01.bmp,/home/user/rl_quantum_2026summer/data/original data/Trajectories/2022-02-06/241_RR220206A_692C_2157.bmp,/home/user/rl_quantum_2026summer/data/original data/Trajectories/2022-04-11/201_RR220411A_843C_1711-01.bmp,2,1.0
Trajectories/2022-04-11/286_RR220411A_906C_1837.bmp,286_RR220411A_906C_1837.bmp,Trajectories/2022-02-06/189_RR220206A_971C_2054-01.bmp,189_RR220206A_971C_2054-01.bmp,c(6 x 2),1,Jiangang,,2026-01-05T15:50:44.454600,236.0,291.0,Confident,c(6 x 2),Trajectories/2022-02-06/189_RR220206A_971C_2054-01.bmp || Trajectories/2022-04-11/286_RR220411A_906C_1837.bmp,/home/user/rl_quantum_2026summer/data/original data/Trajectories/2022-04-11/286_RR220411A_906C_1837.bmp,/home/user/rl_quantum_2026summer/data/original data/Trajectories/2022-02-06/189_RR220206A_971C_2054-01.bmp,2,1.0
Trajectories/2022-04-11/286_RR220411A_906C_1837.bmp,286_RR220411A_906C_1837.bmp,Trajectories/2022-02-06/189_RR220206A_971C_2054-01.bmp,189_RR220206A_971C_2054-01.bmp,HTR,not_apply,Jiangang,,2026-01-05T15:50:46.347822,236.0,291.0,Confident,HTR,Trajectories/2022-02-06/189_RR220206A_971C_2054-01.bmp || Trajectories/2022-04-11/286_RR220411A_906C_1837.bmp,/home/user/rl_quantum_2026summer/data/original data/Trajectories/2022-04-11/286_RR220411A_906C_1837.bmp,/home/user/rl_quantum_2026summer/data/original data/Trajectories/2022-02-06/189_RR220206A_971C_2054-01.bmp,4,1.0
Trajectories/2022-04-11/286_RR220411A_906C_1837.bmp,286_RR220411A_906C_1837.bmp,Trajectories/2022-02-06/189_RR220206A_971C_2054-01.bmp,189_RR220206A_971C_2054-01.bmp,(1 x 1),not_apply,Jiangang,,2026-01-05T15:50:47.352058,236.0,291.0,Confident,(1 x 1),Trajectories/2022-02-06/189_RR220206A_971C_2054-01.bmp || Trajectories/2022-04-11/286_RR220411A_906C_1837.bmp,/home/user/rl_quantum_2026summer/data/original data/Trajectories/2022-04-11/286_RR220411A_906C_1837.bmp,/home/user/rl_quantum_2026summer/data/original data/Trajectories/2022-02-06/189_RR220206A_971C_2054-01.bmp,0,1.0
Trajectories/2022-04-11/286_RR220411A_906C_1837.bmp,286_RR220411A_906C_1837.bmp,Trajectories/2022-02-06/189_RR220206A_971C_2054-01.bmp,189_RR220206A_971C_2054-01.bmp,(√13 x √13),1,Jiangang,,2026-01-05T15:50:48.279817,236.0,291.0,Confident,(√13 x √13),Trajectories/2022-02-06/189_RR220206A_971C_2054-01.bmp || Trajectories/2022-04-11/286_RR220411A_906C_1837.bmp,/home/user/rl_quantum_2026summer/data/original data/Trajectories/2022-04-11/286_RR220411A_906C_1837.bmp,/home/user/rl_quantum_2026summer/data/original data/Trajectories/2022-02-06/189_RR220206A_971C_2054-01.bmp,3,1.0
Trajectories/2022-02-06/180_RR220206A_1031C_2041.bmp,180_RR220206A_1031C_2041.bmp,Trajectories/2022-04-11/277_RR220411A_936C_1828.bmp,277_RR220411A_936C_1828.bmp,(√13 x √13),2,AJ,,2025-12-12T00:09:09.670203,,,,(√13 x √13),Trajectories/2022-02-06/180_RR220206A_1031C_2041.bmp || Trajectories/2022-04-11/277_RR220411A_936C_1828.bmp,/home/user/rl_quantum_2026summer/data/original data/Trajectories/2022-02-06/180_RR220206A_1031C_2041.bmp,/home/user/rl_quantum_2026summer/data/original data/Trajectories/2022-04-11/277_RR220411A_936C_1828.bmp,3,1.0
Trajectories/2022-02-06/180_RR220206A_1031C_2041.bmp,180_RR220206A_1031C_2041.bmp,Trajectories/2022-04-11/277_RR220411A_936C_1828.bmp,277_RR220411A_936C_1828.bmp,HTR,1,AJ,,2025-12-12T00:09:10.571310,,,,HTR,Trajectories/2022-02-06/180_RR220206A_1031C_2041.bmp || Trajectories/2022-04-11/277_RR220411A_936C_1828.bmp,/home/user/rl_quantum_2026summer/data/original data/Trajectories/2022-02-06/180_RR220206A_1031C_2041.bmp,/home/user/rl_quantum_2026summer/data/original data/Trajectories/2022-04-11/277_RR220411A_936C_1828.bmp,4,1.0
Trajectories/2022-04-11/141_RR220411A_656C_1613.bmp,141_RR220411A_656C_1613.bmp,Trajectories/2022-04-11/203_RR220411A_843C_1711-03.bmp,203_RR220411A_843C_1711-03.bmp,(1 x 1),tie,AJ,,2025-12-11T15:20:41.477317,,,,(1 x 1),Trajectories/2022-04-11/141_RR220411A_656C_1613.bmp || Trajectories/2022-04-11/203_RR220411A_843C_1711-03.bmp,/home/user/rl_quantum_2026summer/data/original data/Trajectories/2022-04-11/141_RR220411A_656C_1613.bmp,/home/user/rl_quantum_2026summer/data/original data/Trajectories/2022-04-11/203_RR220411A_843C_1711-03.bmp,0,1.0
Trajectories/2022-02-06/163_RR220206A_1105C_2015.bmp,163_RR220206A_1105C_2015.bmp,Trajectories/2022-02-06/249_RR220206A_638C_2210.bmp,249_RR220206A_638C_2210.bmp,HTR,tie,AJ,,2025-12-12T00:20:17.137865,,,,HTR,Trajectories/2022-02-06/163_RR220206A_1105C_2015.bmp || Trajectories/2022-02-06/249_RR220206A_638C_2210.bmp,/home/user/rl_quantum_2026summer/data/original data/Trajectories/2022-02-06/163_RR220206A_1105C_2015.bmp,/home/user/rl_quantum_2026summer/data/original data/Trajectories/2022-02-06/249_RR220206A_638C_2210.bmp,4,1.0
Trajectories/2022-02-06/123_RR220206A_894C_1923.bmp,123_RR220206A_894C_1923.bmp,Trajectories/2022-02-04/117_RR220204A_445C_1740.bmp,117_RR220204A_445C_1740.bmp,c(6 x 2),2,AJ,,2025-12-06 01:24:55,,,,c(6 x 2),Trajectories/2022-02-04/117_RR220204A_445C_1740.bmp || Trajectories/2022-02-06/123_RR220206A_894C_1923.bmp,/home/user/rl_quantum_2026summer/data/original data/Trajectories/2022-02-06/123_RR220206A_894C_1923.bmp,/home/user/rl_quantum_2026summer/data/original data/Trajectories/2022-02-04/117_RR220204A_445C_1740.bmp,2,1.0
Trajectories/2022-02-06/123_RR220206A_894C_1923.bmp,123_RR220206A_894C_1923.bmp,Trajectories/2022-02-04/117_RR220204A_445C_1740.bmp,117_RR220204A_445C_1740.bmp,(1 x 1),1,AJ,,2025-12-06 01:24:55,,,,(1 x 1),Trajectories/2022-02-04/117_RR220204A_445C_1740.bmp || Trajectories/2022-02-06/123_RR220206A_894C_1923.bmp,/home/user/rl_quantum_2026summer/data/original data/Trajectories/2022-02-06/123_RR220206A_894C_1923.bmp,/home/user/rl_quantum_2026summer/data/original data/Trajectories/2022-02-04/117_RR220204A_445C_1740.bmp,0,1.0
Trajectories/2022-04-11/129_RR220411A_590C_1601.bmp,129_RR220411A_590C_1601.bmp,Trajectories/2022-02-06/141_RR220206A_995C_1942.bmp,141_RR220206A_995C_1942.bmp,(1 x 1),1,HL,,2026-01-06T23:14:56.537843,290.0,311.0,Confident,(1 x 1),Trajectories/2022-02-06/141_RR220206A_995C_1942.bmp || Trajectories/2022-04-11/129_RR220411A_590C_1601.bmp,/home/user/rl_quantum_2026summer/data/original data/Trajectories/2022-04-11/129_RR220411A_590C_1601.bmp,/home/user/rl_quantum_2026summer/data/original data/Trajectories/2022-02-06/141_RR220206A_995C_1942.bmp,0,1.0
Trajectories/2022-04-11/129_RR220411A_590C_1601.bmp,129_RR220411A_590C_1601.bmp,Trajectories/2022-02-06/141_RR220206A_995C_1942.bmp,141_RR220206A_995C_1942.bmp,HTR,not_apply,HL,,2026-01-06T23:14:58.103906,290.0,311.0,Confident,HTR,Trajectories/2022-02-06/141_RR220206A_995C_1942.bmp || Trajectories/2022-04-11/129_RR220411A_590C_1601.bmp,/home/user/rl_quantum_2026summer/data/original data/Trajectories/2022-04-11/129_RR220411A_590C_1601.bmp,/home/user/rl_quantum_2026summer/data/original data/Trajectories/2022-02-06/141_RR220206A_995C_1942.bmp,4,1.0
Trajectories/2022-04-11/129_RR220411A_590C_1601.bmp,129_RR220411A_590C_1601.bmp,Trajectories/2022-02-06/141_RR220206A_995C_1942.bmp,141_RR220206A_995C_1942.bmp,(√13 x √13),not_apply,HL,,2026-01-06T23:15:00.590700,290.0,311.0,Confident,(√13 x √13),Trajectories/2022-02-06/141_RR220206A_995C_1942.bmp || Trajectories/2022-04-11/129_RR220411A_590C_1601.bmp,/home/user/rl_quantum_2026summer/data/original data/Trajectories/2022-04-11/129_RR220411A_590C_1601.bmp,/home/user/rl_quantum_2026summer/data/original data/Trajectories/2022-02-06/141_RR220206A_995C_1942.bmp,3,1.0
Trajectories/2022-04-11/129_RR220411A_590C_1601.bmp,129_RR220411A_590C_1601.bmp,Trajectories/2022-02-06/141_RR220206A_995C_1942.bmp,141_RR220206A_995C_1942.bmp,c(6 x 2),2,HL,,2026-01-06T23:15:01.765259,290.0,311.0,Confident,c(6 x 2),Trajectories/2022-02-06/141_RR220206A_995C_1942.bmp || Trajectories/2022-04-11/129_RR220411A_590C_1601.bmp,/home/user/rl_quantum_2026summer/data/original data/Trajectories/2022-04-11/129_RR220411A_590C_1601.bmp,/home/user/rl_quantum_2026summer/data/original data/Trajectories/2022-02-06/141_RR220206A_995C_1942.bmp,2,1.0
Trajectories/2022-02-04/329_RR220204A_946C_2054.bmp,329_RR220204A_946C_2054.bmp,Trajectories/2022-02-04/079_RR220204A_301C_1717.bmp,079_RR220204A_301C_1717.bmp,(√13 x √13),tie,AJ,,2025-12-12T00:09:51.393771,,,,(√13 x √13),Trajectories/2022-02-04/079_RR220204A_301C_1717.bmp || Trajectories/2022-02-04/329_RR220204A_946C_2054.bmp,/home/user/rl_quantum_2026summer/data/original data/Trajectories/2022-02-04/329_RR220204A_946C_2054.bmp,/home/user/rl_quantum_2026summer/data/original data/Trajectories/2022-02-04/079_RR220204A_301C_1717.bmp,3,1.0
Trajectories/2022-02-04/378_RR220204A_938C_2312.bmp,378_RR220204A_938C_2312.bmp,Trajectories/2022-02-06/229_RR220206A_766C_2141.bmp,229_RR220206A_766C_2141.bmp,HTR,2,AJ,,2025-12-12T00:22:55.632331,,,,HTR,Trajectories/2022-02-04/378_RR220204A_938C_2312.bmp || Trajectories/2022-02-06/229_RR220206A_766C_2141.bmp,/home/user/rl_quantum_2026summer/data/original data/Trajectories/2022-02-04/378_RR220204A_938C_2312.bmp,/home/user/rl_quantum_2026summer/data/original data/Trajectories/2022-02-06/229_RR220206A_766C_2141.bmp,4,1.0
Trajectories/2022-02-04/378_RR220204A_938C_2312.bmp,378_RR220204A_938C_2312.bmp,Trajectories/2022-02-06/229_RR220206A_766C_2141.bmp,229_RR220206A_766C_2141.bmp,(√13 x √13),1,AJ,,2025-12-12T00:22:56.345066,,,,(√13 x √13),Trajectories/2022-02-04/378_RR220204A_938C_2312.bmp || Trajectories/2022-02-06/229_RR220206A_766C_2141.bmp,/home/user/rl_quantum_2026summer/data/original data/Trajectories/2022-02-04/378_RR220204A_938C_2312.bmp,/home/user/rl_quantum_2026summer/data/original data/Trajectories/2022-02-06/229_RR220206A_766C_2141.bmp,3,1.0
Trajectories/2022-02-04/294_RR220204A_843C_2014.bmp,294_RR220204A_843C_2014.bmp,Trajectories/2022-02-06/140_RR220206A_993C_1941.bmp,140_RR220206A_993C_1941.bmp,(√13 x √13),1,AJ,,2025-12-12T00:11:31.731499,,,,(√13 x √13),Trajectories/2022-02-04/294_RR220204A_843C_2014.bmp || Trajectories/2022-02-06/140_RR220206A_993C_1941.bmp,/home/user/rl_quantum_2026summer/data/original data/Trajectories/2022-02-04/294_RR220204A_843C_2014.bmp,/home/user/rl_quantum_2026summer/data/original data/Trajectories/2022-02-06/140_RR220206A_993C_1941.bmp,3,1.0
Trajectories/2022-02-04/294_RR220204A_843C_2014.bmp,294_RR220204A_843C_2014.bmp,Trajectories/2022-02-06/140_RR220206A_993C_1941.bmp,140_RR220206A_993C_1941.bmp,HTR,2,AJ,,2025-12-12T00:11:32.525228,,,,HTR,Trajectories/2022-02-04/294_RR220204A_843C_2014.bmp || Trajectories/2022-02-06/140_RR220206A_993C_1941.bmp,/home/user/rl_quantum_2026summer/data/original data/Trajectories/2022-02-04/294_RR220204A_843C_2014.bmp,/home/user/rl_quantum_2026summer/data/original data/Trajectories/2022-02-06/140_RR220206A_993C_1941.bmp,4,1.0
Trajectories/2022-02-04/242_RR220204A_720C_1911.bmp,242_RR220204A_720C_1911.bmp,Trajectories/2022-02-04/029_RR220204A_808C_0135.bmp,029_RR220204A_808C_0135.bmp,(√13 x √13),tie,Jiangang,,2026-01-05T15:52:33.769721,309.0,298.0,Confident,(√13 x √13),Trajectories/2022-02-04/029_RR220204A_808C_0135.bmp || Trajectories/2022-02-04/242_RR220204A_720C_1911.bmp,/home/user/rl_quantum_2026summer/data/original data/Trajectories/2022-02-04/242_RR220204A_720C_1911.bmp,/home/user/rl_quantum_2026summer/data/original data/Trajectories/2022-02-04/029_RR220204A_808C_0135.bmp,3,1.0
Trajectories/2022-02-04/242_RR220204A_720C_1911.bmp,242_RR220204A_720C_1911.bmp,Trajectories/2022-02-04/029_RR220204A_808C_0135.bmp,029_RR220204A_808C_0135.bmp,(1 x 1),not_apply,Jiangang,,2026-01-05T15:52:34.903693,309.0,298.0,Confident,(1 x 1),Trajectories/2022-02-04/029_RR220204A_808C_0135.bmp || Trajectories/2022-02-04/242_RR220204A_720C_1911.bmp,/home/user/rl_quantum_2026summer/data/original data/Trajectories/2022-02-04/242_RR220204A_720C_1911.bmp,/home/user/rl_quantum_2026summer/data/original data/Trajectories/2022-02-04/029_RR220204A_808C_0135.bmp,0,1.0
Trajectories/2022-02-04/242_RR220204A_720C_1911.bmp,242_RR220204A_720C_1911.bmp,Trajectories/2022-02-04/029_RR220204A_808C_0135.bmp,029_RR220204A_808C_0135.bmp,HTR,not_apply,Jiangang,,2026-01-05T15:52:36.151160,309.0,298.0,Confident,HTR,Trajectories/2022-02-04/029_RR220204A_808C_0135.bmp || Trajectories/2022-02-04/242_RR220204A_720C_1911.bmp,/home/user/rl_quantum_2026summer/data/original data/Trajectories/2022-02-04/242_RR220204A_720C_1911.bmp,/home/user/rl_quantum_2026summer/data/original data/Trajectories/2022-02-04/029_RR220204A_808C_0135.bmp,4,1.0
Trajectories/2022-02-04/242_RR220204A_720C_1911.bmp,242_RR220204A_720C_1911.bmp,Trajectories/2022-02-04/029_RR220204A_808C_0135.bmp,029_RR220204A_808C_0135.bmp,c(6 x 2),not_apply,Jiangang,,2026-01-05T15:52:37.900160,309.0,298.0,Confident,c(6 x 2),Trajectories/2022-02-04/029_RR220204A_808C_0135.bmp || Trajectories/2022-02-04/242_RR220204A_720C_1911.bmp,/home/user/rl_quantum_2026summer/data/original data/Trajectories/2022-02-04/242_RR220204A_720C_1911.bmp,/home/user/rl_quantum_2026summer/data/original data/Trajectories/2022-02-04/029_RR220204A_808C_0135.bmp,2,1.0
Trajectories/2022-02-04/303_RR220204A_917C_2021.bmp,303_RR220204A_917C_2021.bmp,Trajectories/2022-04-11/226_RR220411A_873C_1725.bmp,226_RR220411A_873C_1725.bmp,c(6 x 2),tie,AJ,,2025-12-26T08:12:58.531056,335.0,204.0,Confident,c(6 x 2),Trajectories/2022-02-04/303_RR220204A_917C_2021.bmp || Trajectories/2022-04-11/226_RR220411A_873C_1725.bmp,/home/user/rl_quantum_2026summer/data/original data/Trajectories/2022-02-04/303_RR220204A_917C_2021.bmp,/home/user/rl_quantum_2026summer/data/original data/Trajectories/2022-04-11/226_RR220411A_873C_1725.bmp,2,1.0
Trajectories/2022-02-04/303_RR220204A_917C_2021.bmp,303_RR220204A_917C_2021.bmp,Trajectories/2022-04-11/226_RR220411A_873C_1725.bmp,226_RR220411A_873C_1725.bmp,(√13 x √13),tie,AJ,,2025-12-26T08:12:59.493280,335.0,204.0,Confident,(√13 x √13),Trajectories/2022-02-04/303_RR220204A_917C_2021.bmp || Trajectories/2022-04-11/226_RR220411A_873C_1725.bmp,/home/user/rl_quantum_2026summer/data/original data/Trajectories/2022-02-04/303_RR220204A_917C_2021.bmp,/home/user/rl_quantum_2026summer/data/original data/Trajectories/2022-04-11/226_RR220411A_873C_1725.bmp,3,1.0
Trajectories/2022-02-04/303_RR220204A_917C_2021.bmp,303_RR220204A_917C_2021.bmp,Trajectories/2022-04-11/226_RR220411A_873C_1725.bmp,226_RR220411A_873C_1725.bmp,(1 x 1),not_apply,AJ,,2025-12-26T08:13:00.440229,335.0,204.0,Confident,(1 x 1),Trajectories/2022-02-04/303_RR220204A_917C_2021.bmp || Trajectories/2022-04-11/226_RR220411A_873C_1725.bmp,/home/user/rl_quantum_2026summer/data/original data/Trajectories/2022-02-04/303_RR220204A_917C_2021.bmp,/home/user/rl_quantum_2026summer/data/original data/Trajectories/2022-04-11/226_RR220411A_873C_1725.bmp,0,1.0
Trajectories/2022-02-04/303_RR220204A_917C_2021.bmp,303_RR220204A_917C_2021.bmp,Trajectories/2022-04-11/226_RR220411A_873C_1725.bmp,226_RR220411A_873C_1725.bmp,HTR,not_apply,AJ,,2025-12-26T08:13:01.588867,335.0,204.0,Confident,HTR,Trajectories/2022-02-04/303_RR220204A_917C_2021.bmp || Trajectories/2022-04-11/226_RR220411A_873C_1725.bmp,/home/user/rl_quantum_2026summer/data/original data/Trajectories/2022-02-04/303_RR220204A_917C_2021.bmp,/home/user/rl_quantum_2026summer/data/original data/Trajectories/2022-04-11/226_RR220411A_873C_1725.bmp,4,1.0
Trajectories/2022-02-06/265_RR220206A_498C_2232.bmp,265_RR220206A_498C_2232.bmp,Trajectories/2022-04-11/288_RR220411A_904C_1837.bmp,288_RR220411A_904C_1837.bmp,(√13 x √13),2,HL,,2026-01-05T23:22:23.945977,299.0,232.0,Confident,(√13 x √13),Trajectories/2022-02-06/265_RR220206A_498C_2232.bmp || Trajectories/2022-04-11/288_RR220411A_904C_1837.bmp,/home/user/rl_quantum_2026summer/data/original data/Trajectories/2022-02-06/265_RR220206A_498C_2232.bmp,/home/user/rl_quantum_2026summer/data/original data/Trajectories/2022-04-11/288_RR220411A_904C_1837.bmp,3,1.0
Trajectories/2022-02-06/265_RR220206A_498C_2232.bmp,265_RR220206A_498C_2232.bmp,Trajectories/2022-04-11/288_RR220411A_904C_1837.bmp,288_RR220411A_904C_1837.bmp,(1 x 1),2,HL,,2026-01-05T23:22:25.089058,299.0,232.0,Confident,(1 x 1),Trajectories/2022-02-06/265_RR220206A_498C_2232.bmp || Trajectories/2022-04-11/288_RR220411A_904C_1837.bmp,/home/user/rl_quantum_2026summer/data/original data/Trajectories/2022-02-06/265_RR220206A_498C_2232.bmp,/home/user/rl_quantum_2026summer/data/original data/Trajectories/2022-04-11/288_RR220411A_904C_1837.bmp,0,1.0
Trajectories/2022-02-06/265_RR220206A_498C_2232.bmp,265_RR220206A_498C_2232.bmp,Trajectories/2022-04-11/288_RR220411A_904C_1837.bmp,288_RR220411A_904C_1837.bmp,c(6 x 2),2,HL,,2026-01-05T23:22:26.035621,299.0,232.0,Confident,c(6 x 2),Trajectories/2022-02-06/265_RR220206A_498C_2232.bmp || Trajectories/2022-04-11/288_RR220411A_904C_1837.bmp,/home/user/rl_quantum_2026summer/data/original data/Trajectories/2022-02-06/265_RR220206A_498C_2232.bmp,/home/user/rl_quantum_2026summer/data/original data/Trajectories/2022-04-11/288_RR220411A_904C_1837.bmp,2,1.0
Trajectories/2022-02-06/265_RR220206A_498C_2232.bmp,265_RR220206A_498C_2232.bmp,Trajectories/2022-04-11/288_RR220411A_904C_1837.bmp,288_RR220411A_904C_1837.bmp,HTR,1,HL,,2026-01-05T23:22:27.992315,299.0,232.0,Confident,HTR,Trajectories/2022-02-06/265_RR220206A_498C_2232.bmp || Trajectories/2022-04-11/288_RR220411A_904C_1837.bmp,/home/user/rl_quantum_2026summer/data/original data/Trajectories/2022-02-06/265_RR220206A_498C_2232.bmp,/home/user/rl_quantum_2026summer/data/original data/Trajectories/2022-04-11/288_RR220411A_904C_1837.bmp,4,1.0
Trajectories/2022-02-04/128_RR220204A_459C_1753.bmp,128_RR220204A_459C_1753.bmp,Trajectories/2022-02-04/380_RR220204A_937C_2323.bmp,380_RR220204A_937C_2323.bmp,c(6 x 2),tie,AJ,,2025-12-26T10:52:55.360590,144.0,187.0,Confident,c(6 x 2),Trajectories/2022-02-04/128_RR220204A_459C_1753.bmp || Trajectories/2022-02-04/380_RR220204A_937C_2323.bmp,/home/user/rl_quantum_2026summer/data/original data/Trajectories/2022-02-04/128_RR220204A_459C_1753.bmp,/home/user/rl_quantum_2026summer/data/original data/Trajectories/2022-02-04/380_RR220204A_937C_2323.bmp,2,1.0
Trajectories/2022-02-04/128_RR220204A_459C_1753.bmp,128_RR220204A_459C_1753.bmp,Trajectories/2022-02-04/380_RR220204A_937C_2323.bmp,380_RR220204A_937C_2323.bmp,(√13 x √13),tie,AJ,,2025-12-26T10:52:56.666294,144.0,187.0,Confident,(√13 x √13),Trajectories/2022-02-04/128_RR220204A_459C_1753.bmp || Trajectories/2022-02-04/380_RR220204A_937C_2323.bmp,/home/user/rl_quantum_2026summer/data/original data/Trajectories/2022-02-04/128_RR220204A_459C_1753.bmp,/home/user/rl_quantum_2026summer/data/original data/Trajectories/2022-02-04/380_RR220204A_937C_2323.bmp,3,1.0
Trajectories/2022-02-04/128_RR220204A_459C_1753.bmp,128_RR220204A_459C_1753.bmp,Trajectories/2022-02-04/380_RR220204A_937C_2323.bmp,380_RR220204A_937C_2323.bmp,(1 x 1),not_apply,AJ,,2025-12-26T10:52:57.644448,144.0,187.0,Confident,(1 x 1),Trajectories/2022-02-04/128_RR220204A_459C_1753.bmp || Trajectories/2022-02-04/380_RR220204A_937C_2323.bmp,/home/user/rl_quantum_2026summer/data/original data/Trajectories/2022-02-04/128_RR220204A_459C_1753.bmp,/home/user/rl_quantum_2026summer/data/original data/Trajectories/2022-02-04/380_RR220204A_937C_2323.bmp,0,1.0
Trajectories/2022-02-04/128_RR220204A_459C_1753.bmp,128_RR220204A_459C_1753.bmp,Trajectories/2022-02-04/380_RR220204A_937C_2323.bmp,380_RR220204A_937C_2323.bmp,HTR,not_apply,AJ,,2025-12-26T10:52:58.583373,144.0,187.0,Confident,HTR,Trajectories/2022-02-04/128_RR220204A_459C_1753.bmp || Trajectories/2022-02-04/380_RR220204A_937C_2323.bmp,/home/user/rl_quantum_2026summer/data/original data/Trajectories/2022-02-04/128_RR220204A_459C_1753.bmp,/home/user/rl_quantum_2026summer/data/original data/Trajectories/2022-02-04/380_RR220204A_937C_2323.bmp,4,1.0
Trajectories/2022-02-04/309_RR220204A_911C_2027.bmp,309_RR220204A_911C_2027.bmp,Trajectories/2022-02-04/361_RR220204A_947C_2156.bmp,361_RR220204A_947C_2156.bmp,(√13 x √13),tie,AJ,,2025-12-06 01:23:38,,,,(√13 x √13),Trajectories/2022-02-04/309_RR220204A_911C_2027.bmp || Trajectories/2022-02-04/361_RR220204A_947C_2156.bmp,/home/user/rl_quantum_2026summer/data/original data/Trajectories/2022-02-04/309_RR220204A_911C_2027.bmp,/home/user/rl_quantum_2026summer/data/original data/Trajectories/2022-02-04/361_RR220204A_947C_2156.bmp,3,1.0
Trajectories/2022-02-06/213_RR220206A_849C_2121.bmp,213_RR220206A_849C_2121.bmp,Trajectories/2022-04-11/104_RR220411A_501C_1540.bmp,104_RR220411A_501C_1540.bmp,HTR,1,AJ,,2025-12-11T15:20:02.844825,,,,HTR,Trajectories/2022-02-06/213_RR220206A_849C_2121.bmp || Trajectories/2022-04-11/104_RR220411A_501C_1540.bmp,/home/user/rl_quantum_2026summer/data/original data/Trajectories/2022-02-06/213_RR220206A_849C_2121.bmp,/home/user/rl_quantum_2026summer/data/original data/Trajectories/2022-04-11/104_RR220411A_501C_1540.bmp,4,1.0
Trajectories/2022-02-06/213_RR220206A_849C_2121.bmp,213_RR220206A_849C_2121.bmp,Trajectories/2022-04-11/104_RR220411A_501C_1540.bmp,104_RR220411A_501C_1540.bmp,(1 x 1),2,AJ,,2025-12-11T15:20:03.635506,,,,(1 x 1),Trajectories/2022-02-06/213_RR220206A_849C_2121.bmp || Trajectories/2022-04-11/104_RR220411A_501C_1540.bmp,/home/user/rl_quantum_2026summer/data/original data/Trajectories/2022-02-06/213_RR220206A_849C_2121.bmp,/home/user/rl_quantum_2026summer/data/original data/Trajectories/2022-04-11/104_RR220411A_501C_1540.bmp,0,1.0
Trajectories/2022-02-04/156_RR220204A_490C_1808.bmp,156_RR220204A_490C_1808.bmp,Trajectories/2022-02-04/383_RR220204A_937C_2331.bmp,383_RR220204A_937C_2331.bmp,c(6 x 2),not_apply,Jiangang,,2026-01-05T15:47:50.744420,300.0,301.0,Confident,c(6 x 2),Trajectories/2022-02-04/156_RR220204A_490C_1808.bmp || Trajectories/2022-02-04/383_RR220204A_937C_2331.bmp,/home/user/rl_quantum_2026summer/data/original data/Trajectories/2022-02-04/156_RR220204A_490C_1808.bmp,/home/user/rl_quantum_2026summer/data/original data/Trajectories/2022-02-04/383_RR220204A_937C_2331.bmp,2,1.0
Trajectories/2022-02-04/156_RR220204A_490C_1808.bmp,156_RR220204A_490C_1808.bmp,Trajectories/2022-02-04/383_RR220204A_937C_2331.bmp,383_RR220204A_937C_2331.bmp,(1 x 1),not_apply,Jiangang,,2026-01-05T15:47:51.850515,300.0,301.0,Confident,(1 x 1),Trajectories/2022-02-04/156_RR220204A_490C_1808.bmp || Trajectories/2022-02-04/383_RR220204A_937C_2331.bmp,/home/user/rl_quantum_2026summer/data/original data/Trajectories/2022-02-04/156_RR220204A_490C_1808.bmp,/home/user/rl_quantum_2026summer/data/original data/Trajectories/2022-02-04/383_RR220204A_937C_2331.bmp,0,1.0
Trajectories/2022-02-04/156_RR220204A_490C_1808.bmp,156_RR220204A_490C_1808.bmp,Trajectories/2022-02-04/383_RR220204A_937C_2331.bmp,383_RR220204A_937C_2331.bmp,(√13 x √13),tie,Jiangang,,2026-01-05T15:47:52.872317,300.0,301.0,Confident,(√13 x √13),Trajectories/2022-02-04/156_RR220204A_490C_1808.bmp || Trajectories/2022-02-04/383_RR220204A_937C_2331.bmp,/home/user/rl_quantum_2026summer/data/original data/Trajectories/2022-02-04/156_RR220204A_490C_1808.bmp,/home/user/rl_quantum_2026summer/data/original data/Trajectories/2022-02-04/383_RR220204A_937C_2331.bmp,3,1.0
Trajectories/2022-02-04/156_RR220204A_490C_1808.bmp,156_RR220204A_490C_1808.bmp,Trajectories/2022-02-04/383_RR220204A_937C_2331.bmp,383_RR220204A_937C_2331.bmp,HTR,not_apply,Jiangang,,2026-01-05T15:47:53.817106,300.0,301.0,Confident,HTR,Trajectories/2022-02-04/156_RR220204A_490C_1808.bmp || Trajectories/2022-02-04/383_RR220204A_937C_2331.bmp,/home/user/rl_quantum_2026summer/data/original data/Trajectories/2022-02-04/156_RR220204A_490C_1808.bmp,/home/user/rl_quantum_2026summer/data/original data/Trajectories/2022-02-04/383_RR220204A_937C_2331.bmp,4,1.0
Trajectories/2022-02-04/161_RR220204A_504C_1810.bmp,161_RR220204A_504C_1810.bmp,Trajectories/2022-02-04/160_RR220204A_501C_1809-02.bmp,160_RR220204A_501C_1809-02.bmp,(√13 x √13),tie,AJ,,2025-12-12T00:07:09.648751,,,,(√13 x √13),Trajectories/2022-02-04/160_RR220204A_501C_1809-02.bmp || Trajectories/2022-02-04/161_RR220204A_504C_1810.bmp,/home/user/rl_quantum_2026summer/data/original data/Trajectories/2022-02-04/161_RR220204A_504C_1810.bmp,/home/user/rl_quantum_2026summer/data/original data/Trajectories/2022-02-04/160_RR220204A_501C_1809-02.bmp,3,1.0
Trajectories/2022-02-04/080_RR220204A_301C_1718.bmp,080_RR220204A_301C_1718.bmp,Trajectories/2022-02-04/076_RR220204A_299C_1713.bmp,076_RR220204A_299C_1713.bmp,(√13 x √13),tie,AJ,,2025-12-12T00:09:31.398149,,,,(√13 x √13),Trajectories/2022-02-04/076_RR220204A_299C_1713.bmp || Trajectories/2022-02-04/080_RR220204A_301C_1718.bmp,/home/user/rl_quantum_2026summer/data/original data/Trajectories/2022-02-04/080_RR220204A_301C_1718.bmp,/home/user/rl_quantum_2026summer/data/original data/Trajectories/2022-02-04/076_RR220204A_299C_1713.bmp,3,1.0
Trajectories/2022-02-06/247_RR220206A_657C_2207.bmp,247_RR220206A_657C_2207.bmp,Trajectories/2022-02-06/095_RR220206A_614C_1835.bmp,095_RR220206A_614C_1835.bmp,(1 x 1),2,AJ,,2025-12-26T08:11:46.388299,152.0,168.0,Confident,(1 x 1),Trajectories/2022-02-06/095_RR220206A_614C_1835.bmp || Trajectories/2022-02-06/247_RR220206A_657C_2207.bmp,/home/user/rl_quantum_2026summer/data/original data/Trajectories/2022-02-06/247_RR220206A_657C_2207.bmp,/home/user/rl_quantum_2026summer/data/original data/Trajectories/2022-02-06/095_RR220206A_614C_1835.bmp,0,1.0
Trajectories/2022-02-06/247_RR220206A_657C_2207.bmp,247_RR220206A_657C_2207.bmp,Trajectories/2022-02-06/095_RR220206A_614C_1835.bmp,095_RR220206A_614C_1835.bmp,c(6 x 2),not_apply,AJ,,2025-12-26T08:11:48.728063,152.0,168.0,Confident,c(6 x 2),Trajectories/2022-02-06/095_RR220206A_614C_1835.bmp || Trajectories/2022-02-06/247_RR220206A_657C_2207.bmp,/home/user/rl_quantum_2026summer/data/original data/Trajectories/2022-02-06/247_RR220206A_657C_2207.bmp,/home/user/rl_quantum_2026summer/data/original data/Trajectories/2022-02-06/095_RR220206A_614C_1835.bmp,2,1.0
Trajectories/2022-02-06/247_RR220206A_657C_2207.bmp,247_RR220206A_657C_2207.bmp,Trajectories/2022-02-06/095_RR220206A_614C_1835.bmp,095_RR220206A_614C_1835.bmp,(√13 x √13),not_apply,AJ,,2025-12-26T08:11:49.842298,152.0,168.0,Confident,(√13 x √13),Trajectories/2022-02-06/095_RR220206A_614C_1835.bmp || Trajectories/2022-02-06/247_RR220206A_657C_2207.bmp,/home/user/rl_quantum_2026summer/data/original data/Trajectories/2022-02-06/247_RR220206A_657C_2207.bmp,/home/user/rl_quantum_2026summer/data/original data/Trajectories/2022-02-06/095_RR220206A_614C_1835.bmp,3,1.0
Trajectories/2022-02-06/247_RR220206A_657C_2207.bmp,247_RR220206A_657C_2207.bmp,Trajectories/2022-02-06/095_RR220206A_614C_1835.bmp,095_RR220206A_614C_1835.bmp,HTR,1,AJ,,2025-12-26T08:11:50.799793,152.0,168.0,Confident,HTR,Trajectories/2022-02-06/095_RR220206A_614C_1835.bmp || Trajectories/2022-02-06/247_RR220206A_657C_2207.bmp,/home/user/rl_quantum_2026summer/data/original data/Trajectories/2022-02-06/247_RR220206A_657C_2207.bmp,/home/user/rl_quantum_2026summer/data/original data/Trajectories/2022-02-06/095_RR220206A_614C_1835.bmp,4,1.0
Trajectories/2022-02-06/195_RR220206A_944C_2101.bmp,195_RR220206A_944C_2101.bmp,Trajectories/2022-02-04/300_RR220204A_881C_2018.bmp,300_RR220204A_881C_2018.bmp,c(6 x 2),not_apply,HL,,2025-12-15T21:29:05.568661,,,,c(6 x 2),Trajectories/2022-02-04/300_RR220204A_881C_2018.bmp || Trajectories/2022-02-06/195_RR220206A_944C_2101.bmp,/home/user/rl_quantum_2026summer/data/original data/Trajectories/2022-02-06/195_RR220206A_944C_2101.bmp,/home/user/rl_quantum_2026summer/data/original data/Trajectories/2022-02-04/300_RR220204A_881C_2018.bmp,2,1.0
Trajectories/2022-02-06/195_RR220206A_944C_2101.bmp,195_RR220206A_944C_2101.bmp,Trajectories/2022-02-04/300_RR220204A_881C_2018.bmp,300_RR220204A_881C_2018.bmp,(1 x 1),not_apply,HL,,2025-12-15T21:29:06.411459,,,,(1 x 1),Trajectories/2022-02-04/300_RR220204A_881C_2018.bmp || Trajectories/2022-02-06/195_RR220206A_944C_2101.bmp,/home/user/rl_quantum_2026summer/data/original data/Trajectories/2022-02-06/195_RR220206A_944C_2101.bmp,/home/user/rl_quantum_2026summer/data/original data/Trajectories/2022-02-04/300_RR220204A_881C_2018.bmp,0,1.0
Trajectories/2022-02-06/195_RR220206A_944C_2101.bmp,195_RR220206A_944C_2101.bmp,Trajectories/2022-02-04/300_RR220204A_881C_2018.bmp,300_RR220204A_881C_2018.bmp,HTR,1,HL,,2025-12-15T21:29:07.207056,,,,HTR,Trajectories/2022-02-04/300_RR220204A_881C_2018.bmp || Trajectories/2022-02-06/195_RR220206A_944C_2101.bmp,/home/user/rl_quantum_2026summer/data/original data/Trajectories/2022-02-06/195_RR220206A_944C_2101.bmp,/home/user/rl_quantum_2026summer/data/original data/Trajectories/2022-02-04/300_RR220204A_881C_2018.bmp,4,1.0
Trajectories/2022-02-06/195_RR220206A_944C_2101.bmp,195_RR220206A_944C_2101.bmp,Trajectories/2022-02-04/300_RR220204A_881C_2018.bmp,300_RR220204A_881C_2018.bmp,(√13 x √13),2,HL,,2025-12-15T21:29:08.028312,,,,(√13 x √13),Trajectories/2022-02-04/300_RR220204A_881C_2018.bmp || Trajectories/2022-02-06/195_RR220206A_944C_2101.bmp,/home/user/rl_quantum_2026summer/data/original data/Trajectories/2022-02-06/195_RR220206A_944C_2101.bmp,/home/user/rl_quantum_2026summer/data/original data/Trajectories/2022-02-04/300_RR220204A_881C_2018.bmp,3,1.0
Trajectories/2022-02-06/158_RR220206A_1105C_2008.bmp,158_RR220206A_1105C_2008.bmp,Trajectories/2022-04-11/357_RR220411A_684C_1925.bmp,357_RR220411A_684C_1925.bmp,(√13 x √13),2,AJ,,2025-12-12T00:20:55.718735,,,,(√13 x √13),Trajectories/2022-02-06/158_RR220206A_1105C_2008.bmp || Trajectories/2022-04-11/357_RR220411A_684C_1925.bmp,/home/user/rl_quantum_2026summer/data/original data/Trajectories/2022-02-06/158_RR220206A_1105C_2008.bmp,/home/user/rl_quantum_2026summer/data/original data/Trajectories/2022-04-11/357_RR220411A_684C_1925.bmp,3,1.0
Trajectories/2022-02-06/158_RR220206A_1105C_2008.bmp,158_RR220206A_1105C_2008.bmp,Trajectories/2022-04-11/357_RR220411A_684C_1925.bmp,357_RR220411A_684C_1925.bmp,HTR,1,AJ,,2025-12-12T00:20:56.750543,,,,HTR,Trajectories/2022-02-06/158_RR220206A_1105C_2008.bmp || Trajectories/2022-04-11/357_RR220411A_684C_1925.bmp,/home/user/rl_quantum_2026summer/data/original data/Trajectories/2022-02-06/158_RR220206A_1105C_2008.bmp,/home/user/rl_quantum_2026summer/data/original data/Trajectories/2022-04-11/357_RR220411A_684C_1925.bmp,4,1.0
Trajectories/2022-04-11/238_RR220411A_905C_1736.bmp,238_RR220411A_905C_1736.bmp,Trajectories/2022-04-11/319_RR220411A_828C_1900.bmp,319_RR220411A_828C_1900.bmp,c(6 x 2),2,HL,,2026-01-06T21:49:26.884725,304.0,275.0,Confident,c(6 x 2),Trajectories/2022-04-11/238_RR220411A_905C_1736.bmp || Trajectories/2022-04-11/319_RR220411A_828C_1900.bmp,/home/user/rl_quantum_2026summer/data/original data/Trajectories/2022-04-11/238_RR220411A_905C_1736.bmp,/home/user/rl_quantum_2026summer/data/original data/Trajectories/2022-04-11/319_RR220411A_828C_1900.bmp,2,1.0
Trajectories/2022-04-11/238_RR220411A_905C_1736.bmp,238_RR220411A_905C_1736.bmp,Trajectories/2022-04-11/319_RR220411A_828C_1900.bmp,319_RR220411A_828C_1900.bmp,(√13 x √13),2,HL,,2026-01-06T21:49:27.633243,304.0,275.0,Confident,(√13 x √13),Trajectories/2022-04-11/238_RR220411A_905C_1736.bmp || Trajectories/2022-04-11/319_RR220411A_828C_1900.bmp,/home/user/rl_quantum_2026summer/data/original data/Trajectories/2022-04-11/238_RR220411A_905C_1736.bmp,/home/user/rl_quantum_2026summer/data/original data/Trajectories/2022-04-11/319_RR220411A_828C_1900.bmp,3,1.0
Trajectories/2022-04-11/238_RR220411A_905C_1736.bmp,238_RR220411A_905C_1736.bmp,Trajectories/2022-04-11/319_RR220411A_828C_1900.bmp,319_RR220411A_828C_1900.bmp,HTR,not_apply,HL,,2026-01-06T21:49:28.456199,304.0,275.0,Confident,HTR,Trajectories/2022-04-11/238_RR220411A_905C_1736.bmp || Trajectories/2022-04-11/319_RR220411A_828C_1900.bmp,/home/user/rl_quantum_2026summer/data/original data/Trajectories/2022-04-11/238_RR220411A_905C_1736.bmp,/home/user/rl_quantum_2026summer/data/original data/Trajectories/2022-04-11/319_RR220411A_828C_1900.bmp,4,1.0
Trajectories/2022-04-11/238_RR220411A_905C_1736.bmp,238_RR220411A_905C_1736.bmp,Trajectories/2022-04-11/319_RR220411A_828C_1900.bmp,319_RR220411A_828C_1900.bmp,(1 x 1),2,HL,,2026-01-06T21:49:29.235097,304.0,275.0,Confident,(1 x 1),Trajectories/2022-04-11/238_RR220411A_905C_1736.bmp || Trajectories/2022-04-11/319_RR220411A_828C_1900.bmp,/home/user/rl_quantum_2026summer/data/original data/Trajectories/2022-04-11/238_RR220411A_905C_1736.bmp,/home/user/rl_quantum_2026summer/data/original data/Trajectories/2022-04-11/319_RR220411A_828C_1900.bmp,0,1.0
Trajectories/2022-04-11/217_RR220411A_857C_1718.bmp,217_RR220411A_857C_1718.bmp,Trajectories/2022-02-06/129_RR220206A_912C_1929.bmp,129_RR220206A_912C_1929.bmp,HTR,not_apply,SY,,2025-12-23T22:33:33.031986,250.0,265.0,Confident,HTR,Trajectories/2022-02-06/129_RR220206A_912C_1929.bmp || Trajectories/2022-04-11/217_RR220411A_857C_1718.bmp,/home/user/rl_quantum_2026summer/data/original data/Trajectories/2022-04-11/217_RR220411A_857C_1718.bmp,/home/user/rl_quantum_2026summer/data/original data/Trajectories/2022-02-06/129_RR220206A_912C_1929.bmp,4,1.0
Trajectories/2022-04-11/217_RR220411A_857C_1718.bmp,217_RR220411A_857C_1718.bmp,Trajectories/2022-02-06/129_RR220206A_912C_1929.bmp,129_RR220206A_912C_1929.bmp,(1 x 1),tie,SY,,2025-12-23T22:33:34.473753,250.0,265.0,Confident,(1 x 1),Trajectories/2022-02-06/129_RR220206A_912C_1929.bmp || Trajectories/2022-04-11/217_RR220411A_857C_1718.bmp,/home/user/rl_quantum_2026summer/data/original data/Trajectories/2022-04-11/217_RR220411A_857C_1718.bmp,/home/user/rl_quantum_2026summer/data/original data/Trajectories/2022-02-06/129_RR220206A_912C_1929.bmp,0,1.0
Trajectories/2022-04-11/217_RR220411A_857C_1718.bmp,217_RR220411A_857C_1718.bmp,Trajectories/2022-02-06/129_RR220206A_912C_1929.bmp,129_RR220206A_912C_1929.bmp,(√13 x √13),tie,SY,,2025-12-23T22:33:35.800721,250.0,265.0,Confident,(√13 x √13),Trajectories/2022-02-06/129_RR220206A_912C_1929.bmp || Trajectories/2022-04-11/217_RR220411A_857C_1718.bmp,/home/user/rl_quantum_2026summer/data/original data/Trajectories/2022-04-11/217_RR220411A_857C_1718.bmp,/home/user/rl_quantum_2026summer/data/original data/Trajectories/2022-02-06/129_RR220206A_912C_1929.bmp,3,1.0
Trajectories/2022-04-11/217_RR220411A_857C_1718.bmp,217_RR220411A_857C_1718.bmp,Trajectories/2022-02-06/129_RR220206A_912C_1929.bmp,129_RR220206A_912C_1929.bmp,c(6 x 2),tie,SY,,2025-12-23T22:33:37.245925,250.0,265.0,Confident,c(6 x 2),Trajectories/2022-02-06/129_RR220206A_912C_1929.bmp || Trajectories/2022-04-11/217_RR220411A_857C_1718.bmp,/home/user/rl_quantum_2026summer/data/original data/Trajectories/2022-04-11/217_RR220411A_857C_1718.bmp,/home/user/rl_quantum_2026summer/data/original data/Trajectories/2022-02-06/129_RR220206A_912C_1929.bmp,2,1.0
Trajectories/2022-02-04/037_RR220204A_579C_0146.bmp,037_RR220204A_579C_0146.bmp,Trajectories/2022-02-06/265_RR220206A_498C_2232.bmp,265_RR220206A_498C_2232.bmp,(1 x 1),2,HL,,2026-01-06T21:46:51.292847,275.0,293.0,Confident,(1 x 1),Trajectories/2022-02-04/037_RR220204A_579C_0146.bmp || Trajectories/2022-02-06/265_RR220206A_498C_2232.bmp,/home/user/rl_quantum_2026summer/data/original data/Trajectories/2022-02-04/037_RR220204A_579C_0146.bmp,/home/user/rl_quantum_2026summer/data/original data/Trajectories/2022-02-06/265_RR220206A_498C_2232.bmp,0,1.0
Trajectories/2022-02-04/037_RR220204A_579C_0146.bmp,037_RR220204A_579C_0146.bmp,Trajectories/2022-02-06/265_RR220206A_498C_2232.bmp,265_RR220206A_498C_2232.bmp,HTR,2,HL,,2026-01-06T21:46:52.065179,275.0,293.0,Confident,HTR,Trajectories/2022-02-04/037_RR220204A_579C_0146.bmp || Trajectories/2022-02-06/265_RR220206A_498C_2232.bmp,/home/user/rl_quantum_2026summer/data/original data/Trajectories/2022-02-04/037_RR220204A_579C_0146.bmp,/home/user/rl_quantum_2026summer/data/original data/Trajectories/2022-02-06/265_RR220206A_498C_2232.bmp,4,1.0
Trajectories/2022-02-04/037_RR220204A_579C_0146.bmp,037_RR220204A_579C_0146.bmp,Trajectories/2022-02-06/265_RR220206A_498C_2232.bmp,265_RR220206A_498C_2232.bmp,(√13 x √13),1,HL,,2026-01-06T21:46:52.819547,275.0,293.0,Confident,(√13 x √13),Trajectories/2022-02-04/037_RR220204A_579C_0146.bmp || Trajectories/2022-02-06/265_RR220206A_498C_2232.bmp,/home/user/rl_quantum_2026summer/data/original data/Trajectories/2022-02-04/037_RR220204A_579C_0146.bmp,/home/user/rl_quantum_2026summer/data/original data/Trajectories/2022-02-06/265_RR220206A_498C_2232.bmp,3,1.0
Trajectories/2022-02-04/037_RR220204A_579C_0146.bmp,037_RR220204A_579C_0146.bmp,Trajectories/2022-02-06/265_RR220206A_498C_2232.bmp,265_RR220206A_498C_2232.bmp,c(6 x 2),not_apply,HL,,2026-01-06T21:46:54.195729,275.0,293.0,Confident,c(6 x 2),Trajectories/2022-02-04/037_RR220204A_579C_0146.bmp || Trajectories/2022-02-06/265_RR220206A_498C_2232.bmp,/home/user/rl_quantum_2026summer/data/original data/Trajectories/2022-02-04/037_RR220204A_579C_0146.bmp,/home/user/rl_quantum_2026summer/data/original data/Trajectories/2022-02-06/265_RR220206A_498C_2232.bmp,2,1.0
Trajectories/2022-02-06/057_RR220206A_249C_1744.bmp,057_RR220206A_249C_1744.bmp,Trajectories/2022-02-06/154_RR220206A_1092C_2003-02.bmp,154_RR220206A_1092C_2003-02.bmp,(1 x 1),1,AJ,,2025-12-06 01:17:47,,,,(1 x 1),Trajectories/2022-02-06/057_RR220206A_249C_1744.bmp || Trajectories/2022-02-06/154_RR220206A_1092C_2003-02.bmp,/home/user/rl_quantum_2026summer/data/original data/Trajectories/2022-02-06/057_RR220206A_249C_1744.bmp,/home/user/rl_quantum_2026summer/data/original data/Trajectories/2022-02-06/154_RR220206A_1092C_2003-02.bmp,0,1.0
Trajectories/2022-02-06/057_RR220206A_249C_1744.bmp,057_RR220206A_249C_1744.bmp,Trajectories/2022-02-06/154_RR220206A_1092C_2003-02.bmp,154_RR220206A_1092C_2003-02.bmp,HTR,2,AJ,,2025-12-06 01:17:47,,,,HTR,Trajectories/2022-02-06/057_RR220206A_249C_1744.bmp || Trajectories/2022-02-06/154_RR220206A_1092C_2003-02.bmp,/home/user/rl_quantum_2026summer/data/original data/Trajectories/2022-02-06/057_RR220206A_249C_1744.bmp,/home/user/rl_quantum_2026summer/data/original data/Trajectories/2022-02-06/154_RR220206A_1092C_2003-02.bmp,4,1.0
Trajectories/2022-04-11/417_RR220411A_427C_1956.bmp,417_RR220411A_427C_1956.bmp,Trajectories/2022-02-06/132_RR220206A_959C_1932.bmp,132_RR220206A_959C_1932.bmp,(1 x 1),2,HL,,2026-01-02T22:23:04.068316,306.0,321.0,Confident,(1 x 1),Trajectories/2022-02-06/132_RR220206A_959C_1932.bmp || Trajectories/2022-04-11/417_RR220411A_427C_1956.bmp,/home/user/rl_quantum_2026summer/data/original data/Trajectories/2022-04-11/417_RR220411A_427C_1956.bmp,/home/user/rl_quantum_2026summer/data/original data/Trajectories/2022-02-06/132_RR220206A_959C_1932.bmp,0,1.0
Trajectories/2022-04-11/417_RR220411A_427C_1956.bmp,417_RR220411A_427C_1956.bmp,Trajectories/2022-02-06/132_RR220206A_959C_1932.bmp,132_RR220206A_959C_1932.bmp,c(6 x 2),1,HL,,2026-01-02T22:23:06.252348,306.0,321.0,Confident,c(6 x 2),Trajectories/2022-02-06/132_RR220206A_959C_1932.bmp || Trajectories/2022-04-11/417_RR220411A_427C_1956.bmp,/home/user/rl_quantum_2026summer/data/original data/Trajectories/2022-04-11/417_RR220411A_427C_1956.bmp,/home/user/rl_quantum_2026summer/data/original data/Trajectories/2022-02-06/132_RR220206A_959C_1932.bmp,2,1.0
Trajectories/2022-04-11/417_RR220411A_427C_1956.bmp,417_RR220411A_427C_1956.bmp,Trajectories/2022-02-06/132_RR220206A_959C_1932.bmp,132_RR220206A_959C_1932.bmp,(√13 x √13),1,HL,,2026-01-02T22:23:07.406479,306.0,321.0,Confident,(√13 x √13),Trajectories/2022-02-06/132_RR220206A_959C_1932.bmp || Trajectories/2022-04-11/417_RR220411A_427C_1956.bmp,/home/user/rl_quantum_2026summer/data/original data/Trajectories/2022-04-11/417_RR220411A_427C_1956.bmp,/home/user/rl_quantum_2026summer/data/original data/Trajectories/2022-02-06/132_RR220206A_959C_1932.bmp,3,1.0
Trajectories/2022-04-11/417_RR220411A_427C_1956.bmp,417_RR220411A_427C_1956.bmp,Trajectories/2022-02-06/132_RR220206A_959C_1932.bmp,132_RR220206A_959C_1932.bmp,HTR,not_apply,HL,,2026-01-02T22:23:08.568198,306.0,321.0,Confident,HTR,Trajectories/2022-02-06/132_RR220206A_959C_1932.bmp || Trajectories/2022-04-11/417_RR220411A_427C_1956.bmp,/home/user/rl_quantum_2026summer/data/original data/Trajectories/2022-04-11/417_RR220411A_427C_1956.bmp,/home/user/rl_quantum_2026summer/data/original data/Trajectories/2022-02-06/132_RR220206A_959C_1932.bmp,4,1.0
Trajectories/2022-02-06/253_RR220206A_599C_2217.bmp,253_RR220206A_599C_2217.bmp,Trajectories/2022-02-06/124_RR220206A_894C_1924.bmp,124_RR220206A_894C_1924.bmp,(1 x 1),2,AJ,,2025-12-11T15:21:16.327688,,,,(1 x 1),Trajectories/2022-02-06/124_RR220206A_894C_1924.bmp || Trajectories/2022-02-06/253_RR220206A_599C_2217.bmp,/home/user/rl_quantum_2026summer/data/original data/Trajectories/2022-02-06/253_RR220206A_599C_2217.bmp,/home/user/rl_quantum_2026summer/data/original data/Trajectories/2022-02-06/124_RR220206A_894C_1924.bmp,0,1.0
Trajectories/2022-02-06/253_RR220206A_599C_2217.bmp,253_RR220206A_599C_2217.bmp,Trajectories/2022-02-06/124_RR220206A_894C_1924.bmp,124_RR220206A_894C_1924.bmp,HTR,1,AJ,,2025-12-11T15:21:17.024425,,,,HTR,Trajectories/2022-02-06/124_RR220206A_894C_1924.bmp || Trajectories/2022-02-06/253_RR220206A_599C_2217.bmp,/home/user/rl_quantum_2026summer/data/original data/Trajectories/2022-02-06/253_RR220206A_599C_2217.bmp,/home/user/rl_quantum_2026summer/data/original data/Trajectories/2022-02-06/124_RR220206A_894C_1924.bmp,4,1.0
Trajectories/2022-02-04/385_RR220204A_939C_2340.bmp,385_RR220204A_939C_2340.bmp,Trajectories/2022-04-11/237_RR220411A_901C_1735.bmp,237_RR220411A_901C_1735.bmp,c(6 x 2),tie,AJ,,2025-12-19T21:12:43.432225,190.0,202.0,Somewhat sure,c(6 x 2),Trajectories/2022-02-04/385_RR220204A_939C_2340.bmp || Trajectories/2022-04-11/237_RR220411A_901C_1735.bmp,/home/user/rl_quantum_2026summer/data/original data/Trajectories/2022-02-04/385_RR220204A_939C_2340.bmp,/home/user/rl_quantum_2026summer/data/original data/Trajectories/2022-04-11/237_RR220411A_901C_1735.bmp,2,0.7
Trajectories/2022-02-04/385_RR220204A_939C_2340.bmp,385_RR220204A_939C_2340.bmp,Trajectories/2022-04-11/237_RR220411A_901C_1735.bmp,237_RR220411A_901C_1735.bmp,(1 x 1),not_apply,AJ,,2025-12-19T21:12:44.323391,190.0,202.0,Somewhat sure,(1 x 1),Trajectories/2022-02-04/385_RR220204A_939C_2340.bmp || Trajectories/2022-04-11/237_RR220411A_901C_1735.bmp,/home/user/rl_quantum_2026summer/data/original data/Trajectories/2022-02-04/385_RR220204A_939C_2340.bmp,/home/user/rl_quantum_2026summer/data/original data/Trajectories/2022-04-11/237_RR220411A_901C_1735.bmp,0,0.7
Trajectories/2022-02-04/385_RR220204A_939C_2340.bmp,385_RR220204A_939C_2340.bmp,Trajectories/2022-04-11/237_RR220411A_901C_1735.bmp,237_RR220411A_901C_1735.bmp,HTR,not_apply,AJ,,2025-12-19T21:12:45.359198,190.0,202.0,Somewhat sure,HTR,Trajectories/2022-02-04/385_RR220204A_939C_2340.bmp || Trajectories/2022-04-11/237_RR220411A_901C_1735.bmp,/home/user/rl_quantum_2026summer/data/original data/Trajectories/2022-02-04/385_RR220204A_939C_2340.bmp,/home/user/rl_quantum_2026summer/data/original data/Trajectories/2022-04-11/237_RR220411A_901C_1735.bmp,4,0.7
Trajectories/2022-02-04/385_RR220204A_939C_2340.bmp,385_RR220204A_939C_2340.bmp,Trajectories/2022-04-11/237_RR220411A_901C_1735.bmp,237_RR220411A_901C_1735.bmp,(√13 x √13),tie,AJ,,2025-12-19T21:12:46.700536,190.0,202.0,Somewhat sure,(√13 x √13),Trajectories/2022-02-04/385_RR220204A_939C_2340.bmp || Trajectories/2022-04-11/237_RR220411A_901C_1735.bmp,/home/user/rl_quantum_2026summer/data/original data/Trajectories/2022-02-04/385_RR220204A_939C_2340.bmp,/home/user/rl_quantum_2026summer/data/original data/Trajectories/2022-04-11/237_RR220411A_901C_1735.bmp,3,0.7
Trajectories/2022-02-06/151_RR220206A_1077C_2001-01.bmp,151_RR220206A_1077C_2001-01.bmp,Trajectories/2022-02-04/106_RR220204A_430C_1736.bmp,106_RR220204A_430C_1736.bmp,HTR,1,HL,,2026-01-02T22:20:35.638126,200.0,287.0,Confident,HTR,Trajectories/2022-02-04/106_RR220204A_430C_1736.bmp || Trajectories/2022-02-06/151_RR220206A_1077C_2001-01.bmp,/home/user/rl_quantum_2026summer/data/original data/Trajectories/2022-02-06/151_RR220206A_1077C_2001-01.bmp,/home/user/rl_quantum_2026summer/data/original data/Trajectories/2022-02-04/106_RR220204A_430C_1736.bmp,4,1.0
Trajectories/2022-02-06/151_RR220206A_1077C_2001-01.bmp,151_RR220206A_1077C_2001-01.bmp,Trajectories/2022-02-04/106_RR220204A_430C_1736.bmp,106_RR220204A_430C_1736.bmp,(1 x 1),1,HL,,2026-01-02T22:20:36.688310,200.0,287.0,Confident,(1 x 1),Trajectories/2022-02-04/106_RR220204A_430C_1736.bmp || Trajectories/2022-02-06/151_RR220206A_1077C_2001-01.bmp,/home/user/rl_quantum_2026summer/data/original data/Trajectories/2022-02-06/151_RR220206A_1077C_2001-01.bmp,/home/user/rl_quantum_2026summer/data/original data/Trajectories/2022-02-04/106_RR220204A_430C_1736.bmp,0,1.0
Trajectories/2022-02-06/151_RR220206A_1077C_2001-01.bmp,151_RR220206A_1077C_2001-01.bmp,Trajectories/2022-02-04/106_RR220204A_430C_1736.bmp,106_RR220204A_430C_1736.bmp,(√13 x √13),2,HL,,2026-01-02T22:20:38.188000,200.0,287.0,Confident,(√13 x √13),Trajectories/2022-02-04/106_RR220204A_430C_1736.bmp || Trajectories/2022-02-06/151_RR220206A_1077C_2001-01.bmp,/home/user/rl_quantum_2026summer/data/original data/Trajectories/2022-02-06/151_RR220206A_1077C_2001-01.bmp,/home/user/rl_quantum_2026summer/data/original data/Trajectories/2022-02-04/106_RR220204A_430C_1736.bmp,3,1.0
Trajectories/2022-02-06/151_RR220206A_1077C_2001-01.bmp,151_RR220206A_1077C_2001-01.bmp,Trajectories/2022-02-04/106_RR220204A_430C_1736.bmp,106_RR220204A_430C_1736.bmp,c(6 x 2),not_apply,HL,,2026-01-02T22:20:40.866324,200.0,287.0,Confident,c(6 x 2),Trajectories/2022-02-04/106_RR220204A_430C_1736.bmp || Trajectories/2022-02-06/151_RR220206A_1077C_2001-01.bmp,/home/user/rl_quantum_2026summer/data/original data/Trajectories/2022-02-06/151_RR220206A_1077C_2001-01.bmp,/home/user/rl_quantum_2026summer/data/original data/Trajectories/2022-02-04/106_RR220204A_430C_1736.bmp,2,1.0
Trajectories/2022-02-04/307_RR220204A_912C_2025.bmp,307_RR220204A_912C_2025.bmp,Trajectories/2022-04-11/386_RR220411A_580C_1943.bmp,386_RR220411A_580C_1943.bmp,HTR,not_apply,HL,,2025-12-15T21:30:47.452461,,,,HTR,Trajectories/2022-02-04/307_RR220204A_912C_2025.bmp || Trajectories/2022-04-11/386_RR220411A_580C_1943.bmp,/home/user/rl_quantum_2026summer/data/original data/Trajectories/2022-02-04/307_RR220204A_912C_2025.bmp,/home/user/rl_quantum_2026summer/data/original data/Trajectories/2022-04-11/386_RR220411A_580C_1943.bmp,4,1.0
Trajectories/2022-02-04/307_RR220204A_912C_2025.bmp,307_RR220204A_912C_2025.bmp,Trajectories/2022-04-11/386_RR220411A_580C_1943.bmp,386_RR220411A_580C_1943.bmp,(1 x 1),not_apply,HL,,2025-12-15T21:30:49.989237,,,,(1 x 1),Trajectories/2022-02-04/307_RR220204A_912C_2025.bmp || Trajectories/2022-04-11/386_RR220411A_580C_1943.bmp,/home/user/rl_quantum_2026summer/data/original data/Trajectories/2022-02-04/307_RR220204A_912C_2025.bmp,/home/user/rl_quantum_2026summer/data/original data/Trajectories/2022-04-11/386_RR220411A_580C_1943.bmp,0,1.0
Trajectories/2022-02-04/307_RR220204A_912C_2025.bmp,307_RR220204A_912C_2025.bmp,Trajectories/2022-04-11/386_RR220411A_580C_1943.bmp,386_RR220411A_580C_1943.bmp,c(6 x 2),2,HL,,2025-12-15T21:30:51.298834,,,,c(6 x 2),Trajectories/2022-02-04/307_RR220204A_912C_2025.bmp || Trajectories/2022-04-11/386_RR220411A_580C_1943.bmp,/home/user/rl_quantum_2026summer/data/original data/Trajectories/2022-02-04/307_RR220204A_912C_2025.bmp,/home/user/rl_quantum_2026summer/data/original data/Trajectories/2022-04-11/386_RR220411A_580C_1943.bmp,2,1.0
Trajectories/2022-02-04/307_RR220204A_912C_2025.bmp,307_RR220204A_912C_2025.bmp,Trajectories/2022-04-11/386_RR220411A_580C_1943.bmp,386_RR220411A_580C_1943.bmp,(√13 x √13),2,HL,,2025-12-15T21:30:52.520278,,,,(√13 x √13),Trajectories/2022-02-04/307_RR220204A_912C_2025.bmp || Trajectories/2022-04-11/386_RR220411A_580C_1943.bmp,/home/user/rl_quantum_2026summer/data/original data/Trajectories/2022-02-04/307_RR220204A_912C_2025.bmp,/home/user/rl_quantum_2026summer/data/original data/Trajectories/2022-04-11/386_RR220411A_580C_1943.bmp,3,1.0
Trajectories/2022-02-06/163_RR220206A_1105C_2015.bmp,163_RR220206A_1105C_2015.bmp,Trajectories/2022-04-11/417_RR220411A_427C_1956.bmp,417_RR220411A_427C_1956.bmp,HTR,1,AJ,,2025-12-12T00:17:19.567602,,,,HTR,Trajectories/2022-02-06/163_RR220206A_1105C_2015.bmp || Trajectories/2022-04-11/417_RR220411A_427C_1956.bmp,/home/user/rl_quantum_2026summer/data/original data/Trajectories/2022-02-06/163_RR220206A_1105C_2015.bmp,/home/user/rl_quantum_2026summer/data/original data/Trajectories/2022-04-11/417_RR220411A_427C_1956.bmp,4,1.0
Trajectories/2022-02-06/163_RR220206A_1105C_2015.bmp,163_RR220206A_1105C_2015.bmp,Trajectories/2022-04-11/417_RR220411A_427C_1956.bmp,417_RR220411A_427C_1956.bmp,(√13 x √13),2,AJ,,2025-12-12T00:17:20.299524,,,,(√13 x √13),Trajectories/2022-02-06/163_RR220206A_1105C_2015.bmp || Trajectories/2022-04-11/417_RR220411A_427C_1956.bmp,/home/user/rl_quantum_2026summer/data/original data/Trajectories/2022-02-06/163_RR220206A_1105C_2015.bmp,/home/user/rl_quantum_2026summer/data/original data/Trajectories/2022-04-11/417_RR220411A_427C_1956.bmp,3,1.0
Trajectories/2022-04-11/111_RR220411A_536C_1546.bmp,111_RR220411A_536C_1546.bmp,Trajectories/2022-04-11/175_RR220411A_765C_1645.bmp,175_RR220411A_765C_1645.bmp,(√13 x √13),not_apply,Jiangang,,2026-01-05T15:49:28.098935,302.0,335.0,Confident,(√13 x √13),Trajectories/2022-04-11/111_RR220411A_536C_1546.bmp || Trajectories/2022-04-11/175_RR220411A_765C_1645.bmp,/home/user/rl_quantum_2026summer/data/original data/Trajectories/2022-04-11/111_RR220411A_536C_1546.bmp,/home/user/rl_quantum_2026summer/data/original data/Trajectories/2022-04-11/175_RR220411A_765C_1645.bmp,3,1.0
Trajectories/2022-04-11/111_RR220411A_536C_1546.bmp,111_RR220411A_536C_1546.bmp,Trajectories/2022-04-11/175_RR220411A_765C_1645.bmp,175_RR220411A_765C_1645.bmp,(1 x 1),tie,Jiangang,,2026-01-05T15:49:29.047838,302.0,335.0,Confident,(1 x 1),Trajectories/2022-04-11/111_RR220411A_536C_1546.bmp || Trajectories/2022-04-11/175_RR220411A_765C_1645.bmp,/home/user/rl_quantum_2026summer/data/original data/Trajectories/2022-04-11/111_RR220411A_536C_1546.bmp,/home/user/rl_quantum_2026summer/data/original data/Trajectories/2022-04-11/175_RR220411A_765C_1645.bmp,0,1.0
Trajectories/2022-04-11/111_RR220411A_536C_1546.bmp,111_RR220411A_536C_1546.bmp,Trajectories/2022-04-11/175_RR220411A_765C_1645.bmp,175_RR220411A_765C_1645.bmp,HTR,not_apply,Jiangang,,2026-01-05T15:49:30.891749,302.0,335.0,Confident,HTR,Trajectories/2022-04-11/111_RR220411A_536C_1546.bmp || Trajectories/2022-04-11/175_RR220411A_765C_1645.bmp,/home/user/rl_quantum_2026summer/data/original data/Trajectories/2022-04-11/111_RR220411A_536C_1546.bmp,/home/user/rl_quantum_2026summer/data/original data/Trajectories/2022-04-11/175_RR220411A_765C_1645.bmp,4,1.0
Trajectories/2022-04-11/057_RR220411A_389C_1506-01.bmp,057_RR220411A_389C_1506-01.bmp,Trajectories/2022-02-04/324_RR220204A_913C_2047.bmp,324_RR220204A_913C_2047.bmp,HTR,not_apply,Jiangang,,2026-01-05T15:53:10.648889,308.0,311.0,Confident,HTR,Trajectories/2022-02-04/324_RR220204A_913C_2047.bmp || Trajectories/2022-04-11/057_RR220411A_389C_1506-01.bmp,/home/user/rl_quantum_2026summer/data/original data/Trajectories/2022-04-11/057_RR220411A_389C_1506-01.bmp,/home/user/rl_quantum_2026summer/data/original data/Trajectories/2022-02-04/324_RR220204A_913C_2047.bmp,4,1.0
Trajectories/2022-04-11/057_RR220411A_389C_1506-01.bmp,057_RR220411A_389C_1506-01.bmp,Trajectories/2022-02-04/324_RR220204A_913C_2047.bmp,324_RR220204A_913C_2047.bmp,c(6 x 2),not_apply,Jiangang,,2026-01-05T15:53:11.575309,308.0,311.0,Confident,c(6 x 2),Trajectories/2022-02-04/324_RR220204A_913C_2047.bmp || Trajectories/2022-04-11/057_RR220411A_389C_1506-01.bmp,/home/user/rl_quantum_2026summer/data/original data/Trajectories/2022-04-11/057_RR220411A_389C_1506-01.bmp,/home/user/rl_quantum_2026summer/data/original data/Trajectories/2022-02-04/324_RR220204A_913C_2047.bmp,2,1.0
Trajectories/2022-04-11/057_RR220411A_389C_1506-01.bmp,057_RR220411A_389C_1506-01.bmp,Trajectories/2022-02-04/324_RR220204A_913C_2047.bmp,324_RR220204A_913C_2047.bmp,(√13 x √13),2,Jiangang,,2026-01-05T15:53:12.475751,308.0,311.0,Confident,(√13 x √13),Trajectories/2022-02-04/324_RR220204A_913C_2047.bmp || Trajectories/2022-04-11/057_RR220411A_389C_1506-01.bmp,/home/user/rl_quantum_2026summer/data/original data/Trajectories/2022-04-11/057_RR220411A_389C_1506-01.bmp,/home/user/rl_quantum_2026summer/data/original data/Trajectories/2022-02-04/324_RR220204A_913C_2047.bmp,3,1.0
Trajectories/2022-04-11/057_RR220411A_389C_1506-01.bmp,057_RR220411A_389C_1506-01.bmp,Trajectories/2022-02-04/324_RR220204A_913C_2047.bmp,324_RR220204A_913C_2047.bmp,(1 x 1),1,Jiangang,,2026-01-05T15:53:13.346375,308.0,311.0,Confident,(1 x 1),Trajectories/2022-02-04/324_RR220204A_913C_2047.bmp || Trajectories/2022-04-11/057_RR220411A_389C_1506-01.bmp,/home/user/rl_quantum_2026summer/data/original data/Trajectories/2022-04-11/057_RR220411A_389C_1506-01.bmp,/home/user/rl_quantum_2026summer/data/original data/Trajectories/2022-02-04/324_RR220204A_913C_2047.bmp,0,1.0
Trajectories/2022-04-11/303_RR220411A_863C_1849.bmp,303_RR220411A_863C_1849.bmp,Trajectories/2022-02-06/193_RR220206A_957C_2058.bmp,193_RR220206A_957C_2058.bmp,(√13 x √13),1,HL,,2026-01-06T22:03:33.275033,295.0,282.0,Somewhat sure,(√13 x √13),Trajectories/2022-02-06/193_RR220206A_957C_2058.bmp || Trajectories/2022-04-11/303_RR220411A_863C_1849.bmp,/home/user/rl_quantum_2026summer/data/original data/Trajectories/2022-04-11/303_RR220411A_863C_1849.bmp,/home/user/rl_quantum_2026summer/data/original data/Trajectories/2022-02-06/193_RR220206A_957C_2058.bmp,3,0.7
Trajectories/2022-04-11/303_RR220411A_863C_1849.bmp,303_RR220411A_863C_1849.bmp,Trajectories/2022-02-06/193_RR220206A_957C_2058.bmp,193_RR220206A_957C_2058.bmp,(1 x 1),1,HL,,2026-01-06T22:03:34.431512,295.0,282.0,Somewhat sure,(1 x 1),Trajectories/2022-02-06/193_RR220206A_957C_2058.bmp || Trajectories/2022-04-11/303_RR220411A_863C_1849.bmp,/home/user/rl_quantum_2026summer/data/original data/Trajectories/2022-04-11/303_RR220411A_863C_1849.bmp,/home/user/rl_quantum_2026summer/data/original data/Trajectories/2022-02-06/193_RR220206A_957C_2058.bmp,0,0.7
Trajectories/2022-04-11/303_RR220411A_863C_1849.bmp,303_RR220411A_863C_1849.bmp,Trajectories/2022-02-06/193_RR220206A_957C_2058.bmp,193_RR220206A_957C_2058.bmp,HTR,not_apply,HL,,2026-01-06T22:03:35.271393,295.0,282.0,Somewhat sure,HTR,Trajectories/2022-02-06/193_RR220206A_957C_2058.bmp || Trajectories/2022-04-11/303_RR220411A_863C_1849.bmp,/home/user/rl_quantum_2026summer/data/original data/Trajectories/2022-04-11/303_RR220411A_863C_1849.bmp,/home/user/rl_quantum_2026summer/data/original data/Trajectories/2022-02-06/193_RR220206A_957C_2058.bmp,4,0.7
Trajectories/2022-04-11/303_RR220411A_863C_1849.bmp,303_RR220411A_863C_1849.bmp,Trajectories/2022-02-06/193_RR220206A_957C_2058.bmp,193_RR220206A_957C_2058.bmp,c(6 x 2),1,HL,,2026-01-06T22:03:36.856035,295.0,282.0,Somewhat sure,c(6 x 2),Trajectories/2022-02-06/193_RR220206A_957C_2058.bmp || Trajectories/2022-04-11/303_RR220411A_863C_1849.bmp,/home/user/rl_quantum_2026summer/data/original data/Trajectories/2022-04-11/303_RR220411A_863C_1849.bmp,/home/user/rl_quantum_2026summer/data/original data/Trajectories/2022-02-06/193_RR220206A_957C_2058.bmp,2,0.7
